transcript_id	gene_id	source
cdt-1EGFP	cdt-1EGFP	transgene
gh1-1	gh1-1	transgene
NM_001180043.1	YAL068C	host
NM_001184582.1	YAL067W-A	host
NM_001178208.1	YAL067C	host
NM_001179897.1	YAL065C	host
NM_001180042.1	YAL064W-B	host
NM_001180041.1	YAL064C-A	host
NM_001178206.2	YAL064W	host
NM_001184642.1	YAL063C-A	host
NM_001178205.1	YAL063C	host
NM_001178204.1	YAL062W	host
NM_001178203.1	YAL061W	host
NM_001178202.2	YAL060W	host
NM_001178201.2	YAL059W	host
NM_001178200.1	YAL058W	host
NM_001178199.2	YAL056W	host
NM_001178198.1	YAL055W	host
NM_001178197.1	YAL054C	host
NM_001178196.2	YAL053W	host
NM_001178195.2	YAL051W	host
NM_001178194.1	YAL049C	host
NM_001178193.1	YAL048C	host
NM_001178192.2	YAL047C	host
NM_001178191.1	YAL046C	host
NM_001184453.1	YAL044W-A	host
NM_001178189.1	YAL044C	host
NM_001178188.1	YAL043C	host
NM_001178187.1	YAL042W	host
NM_001178186.1	YAL041W	host
NM_001178185.1	YAL040C	host
NM_001178184.1	YAL039C	host
NM_001178183.1	YAL038W	host
NM_001184629.1	YAL037C-A	host
NM_001178182.1	YAL037W	host
NM_001178181.1	YAL036C	host
NM_001178180.1	YAL035W	host
NM_001178179.1	YAL034W-A	host
NM_001180035.1	YAL034C	host
NM_001178178.1	YAL033W	host
NM_001178177.1	YAL032C	host
NM_001178176.1	YAL031C	host
NM_001178175.1	YAL030W	host
NM_001178174.1	YAL029C	host
NM_001178173.1	YAL028W	host
NM_001178172.1	YAL027W	host
NM_001178171.2	YAL026C	host
NR_132149.1	YNCA0001W	host
NM_001178170.2	YAL025C	host
NM_001178169.1	YAL024C	host
NM_001178168.1	YAL023C	host
NM_001178167.1	YAL022C	host
NM_001178166.1	YAL021C	host
NM_001178165.2	YAL020C	host
NM_001178164.1	YAL019W	host
NM_001178163.1	YAL018C	host
NM_001178162.2	YAL017W	host
NM_001178161.1	YAL016W	host
NM_001178160.1	YAL015C	host
NM_001178159.1	YAL014C	host
NM_001178158.2	YAL013W	host
NM_001178157.1	YAL012W	host
NM_001178156.1	YAL011W	host
NM_001178155.2	YAL010C	host
NM_001178154.1	YAL009W	host
NM_001178153.1	YAL008W	host
NM_001178152.1	YAL007C	host
YNCA0002W	YNCA0002W	host
NM_001178151.1	YAL005C	host
NM_001178150.1	YAL003W	host
NR_132150.1	YNCA0003W	host
NM_001178149.1	YAL002W	host
NM_001178148.1	YAL001C	host
NM_001178209.1	YAR002W	host
NM_001180033.1	YAR002C-A	host
NM_001178210.1	YAR003W	host
NM_001178211.1	YAR007C	host
NM_001178212.1	YAR008W	host
NM_001178213.1	YAR009C	host
NM_001178214.1	YAR010C	host
YNCA0004W	YNCA0004W	host
NM_001178215.2	YAR014C	host
NM_001178216.1	YAR015W	host
NM_001178217.1	YAR018C	host
NM_001178218.2	YAR019C	host
NM_001178219.1	YAR020C	host
NM_001178220.2	YAR023C	host
YNCA0005W	YNCA0005W	host
YNCA0006C	YNCA0006C	host
NM_001178221.1	YAR027W	host
NM_001178222.1	YAR028W	host
NM_001178223.1	YAR029W	host
NM_001178224.1	YAR031W	host
NM_001178225.1	YAR033W	host
NM_001178226.1	YAR035W	host
NM_001184583.1	YAR035C-A	host
NM_001178227.1	YAR042W	host
NM_001178230.1	YAR050W	host
YAR061W	YAR061W	host
NM_001178235.1	YAR064W	host
NM_001180045.1	YAR066W	host
NM_001178236.1	YAR068W	host
NM_001178239.1	YAR071W	host
NM_001180054.1	YBL113C	host
NM_001180053.1	YBL112C	host
NM_001180052.1	YBL111C	host
NM_001184458.1	YBL108C-A	host
YNCB0001W	YNCB0001W	host
NM_001178347.1	YBL107C	host
NM_001178346.2	YBL106C	host
NM_001178345.2	YBL105C	host
NM_001178344.1	YBL104C	host
NM_001178343.1	YBL103C	host
NM_001178342.1	YBL102W	host
NM_001178341.1	YBL101C	host
NM_001184585.1	YBL100W-C	host
NM_001180049.1	YBL100W-A	host
NM_001180050.2	YBL100W-B	host
YNCB0002W	YNCB0002W	host
NM_001178339.2	YBL099W	host
NM_001178338.1	YBL098W	host
NM_001178337.2	YBL097W	host
NM_001178335.1	YBL095W	host
NM_001178333.1	YBL093C	host
NM_001178332.1	YBL092W	host
NM_001184321.1	YBL091C-A	host
NM_001178331.2	YBL091C	host
NM_001178330.1	YBL090W	host
NM_001178329.1	YBL089W	host
NM_001178328.2	YBL088C	host
NM_001178327.1	YBL087C	host
NM_001178326.1	YBL086C	host
NM_001178325.1	YBL085W	host
NM_001178324.2	YBL084C	host
NM_001178322.1	YBL082C	host
NM_001178321.1	YBL081W	host
NM_001178320.2	YBL080C	host
NM_001178319.1	YBL079W	host
NM_001178318.1	YBL078C	host
NM_001178316.1	YBL076C	host
NM_001178315.1	YBL075C	host
NM_001178314.1	YBL074C	host
NR_132151.1	YNCB0003W	host
NM_001178312.1	YBL072C	host
NM_001184584.1	YBL071C-B	host
NM_001184454.1	YBL071W-A	host
NM_001346794.1	YBL071C	host
NM_001178309.1	YBL069W	host
NM_001178308.2	YBL068W	host
NM_001178307.2	YBL067C	host
NM_001178306.1	YBL066C	host
NM_001178304.1	YBL064C	host
NM_001178303.1	YBL063W	host
NM_001178301.1	YBL061C	host
NM_001178300.1	YBL060W	host
NM_001184440.1	YBL059C-A	host
NM_001178299.1	YBL059W	host
NM_001178298.1	YBL058W	host
NM_001178297.2	YBL057C	host
NM_001178296.2	YBL056W	host
NM_001178295.1	YBL055C	host
NM_001178294.1	YBL054W	host
NM_001178292.1	YBL052C	host
NM_001178291.1	YBL051C	host
NM_001178290.1	YBL050W	host
NM_001178289.1	YBL049W	host
NM_001348869.1	YBL048W	host
NM_001178287.1	YBL047C	host
NM_001178286.1	YBL046W	host
NM_001178285.1	YBL045C	host
NM_001178284.1	YBL044W	host
NM_001178283.1	YBL043W	host
NM_001178282.1	YBL042C	host
NM_001178281.1	YBL041W	host
NM_001178280.1	YBL040C	host
NM_001184527.1	YBL039W-B	host
NM_001178279.1	YBL039C	host
NM_001178278.1	YBL038W	host
NM_001178277.1	YBL037W	host
NM_001178276.1	YBL036C	host
NM_001178275.1	YBL035C	host
NM_001178274.1	YBL034C	host
NM_001178273.1	YBL033C	host
NM_001178272.1	YBL032W	host
NM_001178271.1	YBL031W	host
NM_001178270.1	YBL030C	host
NM_001184457.1	YBL029C-A	host
NM_001178269.1	YBL029W	host
NM_001178268.1	YBL028C	host
NM_001178267.1	YBL027W	host
NM_001178266.1	YBL026W	host
NM_001178265.1	YBL025W	host
NM_001178264.1	YBL024W	host
NM_001178263.1	YBL023C	host
NM_001178262.1	YBL022C	host
NM_001178261.1	YBL021C	host
NM_001178260.1	YBL020W	host
NM_001178259.1	YBL019W	host
NM_001178258.1	YBL018C	host
NM_001178257.1	YBL017C	host
NM_001178256.1	YBL016W	host
NM_001178255.1	YBL015W	host
YNCB0004W	YNCB0004W	host
YNCB0005C	YNCB0005C	host
NM_001178254.2	YBL014C	host
NM_001178253.1	YBL013W	host
NM_001178251.1	YBL011W	host
NM_001178250.1	YBL010C	host
NM_001178249.1	YBL009W	host
NM_001184539.1	YBL008W-A	host
NM_001178248.2	YBL008W	host
NM_001178247.1	YBL007C	host
NM_001178246.1	YBL006C	host
NM_001178245.1	YBL005W	host
NM_001180047.1	YBL005W-A	host
NM_001180048.2	YBL005W-B	host
YNCB0006W	YNCB0006W	host
NM_001178244.1	YBL004W	host
NM_001178243.1	YBL003C	host
NM_001178242.1	YBL002W	host
NM_001178241.1	YBL001C	host
NM_001178349.1	YBR001C	host
NM_001178350.1	YBR002C	host
NM_001178351.1	YBR003W	host
NM_001178352.2	YBR004C	host
NM_001178353.1	YBR005W	host
NM_001178354.1	YBR006W	host
NM_001178355.2	YBR007C	host
NM_001178356.1	YBR008C	host
NM_001178357.1	YBR009C	host
NM_001178358.1	YBR010W	host
NM_001178359.1	YBR011C	host
NM_001180055.1	YBR012W-A	host
NM_001180056.2	YBR012W-B	host
NM_001178361.1	YBR013C	host
YNCB0007W	YNCB0007W	host
NM_001178362.1	YBR014C	host
NM_001178363.1	YBR015C	host
NM_001178364.1	YBR016W	host
NM_001178365.1	YBR017C	host
NM_001178366.1	YBR018C	host
NM_001178367.1	YBR019C	host
NR_172474.1	NR_172474.1	host
NM_001178368.1	YBR020W	host
NM_001178369.1	YBR021W	host
NM_001178370.1	YBR022W	host
NM_001178371.1	YBR023C	host
NM_001178372.1	YBR024W	host
NM_001178373.1	YBR025C	host
NM_001178374.1	YBR026C	host
NM_001346795.1	YBR027C	host
NM_001178376.1	YBR028C	host
NM_001178377.1	YBR029C	host
NM_001178378.1	YBR030W	host
NM_001178379.1	YBR031W	host
NM_001346796.1	YBR032W	host
NM_001178381.1	YBR033W	host
NM_001178382.1	YBR034C	host
NM_001178383.1	YBR035C	host
NR_132152.1	YNCB0009C	host
NR_132153.1	NR_132153.1	host
NM_001178384.1	YBR036C	host
NM_001178385.1	YBR037C	host
NM_001178386.1	YBR038W	host
NM_001178387.1	YBR039W	host
NM_001178388.1	YBR040W	host
NM_001178389.1	YBR041W	host
NM_001178390.1	YBR042C	host
NM_001178391.2	YBR043C	host
NM_001178392.2	YBR044C	host
YNCB0011C	YNCB0011C	host
NM_001178393.2	YBR045C	host
NM_001178394.1	YBR046C	host
NM_001178395.1	YBR047W	host
NM_001178396.1	YBR048W	host
NM_001178397.1	YBR049C	host
NM_001178398.1	YBR050C	host
NM_001178400.1	YBR052C	host
NM_001178401.1	YBR053C	host
NM_001178402.1	YBR054W	host
NM_001178403.1	YBR055C	host
YNCB0012W	YNCB0012W	host
NM_001178404.1	YBR056W	host
YNCB0013W	YNCB0013W	host
NM_001270739.1	YBR056W-A	host
NM_001178405.1	YBR057C	host
NM_001178406.1	YBR058C	host
NM_001184442.3	YBR058C-A	host
NM_001178407.1	YBR059C	host
NM_001178408.1	YBR060C	host
NM_001178409.3	YBR061C	host
NM_001178410.1	YBR062C	host
NM_001178411.1	YBR063C	host
NM_001178413.3	YBR065C	host
NM_001178414.1	YBR066C	host
NM_001178415.1	YBR067C	host
NM_001178416.4	YBR068C	host
NM_001178417.1	YBR069C	host
NR_172475.1	NR_172475.1	host
NM_001178418.1	YBR070C	host
NM_001178419.3	YBR071W	host
NM_001178420.1	YBR072W	host
NM_001184540.1	YBR072C-A	host
NM_001178421.4	YBR073W	host
NM_001178422.2	YBR074W	host
NM_001178424.2	YBR076W	host
NM_001178425.3	YBR077C	host
NM_001178426.2	YBR078W	host
NM_001178427.1	YBR079C	host
NM_001178428.3	YBR080C	host
NM_001178429.1	YBR081C	host
YNCB0015W	YNCB0015W	host
YNCB0016W	YNCB0016W	host
NM_001178430.1	YBR082C	host
NM_001178431.3	YBR083W	host
NM_001178432.1	YBR084W	host
NM_001180057.1	YBR084C-A	host
NM_001178433.3	YBR085W	host
NM_001184443.1	YBR085C-A	host
NM_001178434.1	YBR086C	host
NM_001178435.3	YBR087W	host
NM_001178436.1	YBR088C	host
NM_001180058.2	YBR089C-A	host
NM_001178438.4	YBR090C	host
NM_001178439.1	YBR091C	host
NM_001178440.1	YBR092C	host
NM_001178441.3	YBR093C	host
NM_001178442.2	YBR094W	host
NM_001178443.1	YBR095C	host
NM_001178444.3	YBR096W	host
NM_001178445.2	YBR097W	host
NM_001178446.1	YBR098W	host
NM_001178449.3	YBR101C	host
NM_001178450.1	YBR102C	host
NM_001178451.1	YBR103W	host
NM_001178452.3	YBR104W	host
NM_001178453.1	YBR105C	host
NM_001178454.1	YBR106W	host
NM_001178455.3	YBR107C	host
NM_001178456.2	YBR108W	host
NM_001178457.1	YBR109C	host
NM_001178458.3	YBR110W	host
NM_001178459.1	YBR111C	host
NM_001184520.1	YBR111W-A	host
NM_001178460.3	YBR112C	host
NM_001178462.1	YBR114W	host
NM_001178463.1	YBR115C	host
NM_001178465.3	YBR117C	host
NM_001178466.1	YBR118W	host
NM_001178467.1	YBR119W	host
NM_001178468.3	YBR120C	host
NM_001178469.2	YBR121C	host
NM_001178470.1	YBR122C	host
NM_001178471.3	YBR123C	host
NM_001178473.1	YBR125C	host
NM_001178474.1	YBR126C	host
NM_001270740.1	YBR126W-A	host
NM_001178475.3	YBR127C	host
NM_001178476.1	YBR128C	host
NM_001178477.1	YBR129C	host
NM_001178478.3	YBR130C	host
NM_001178479.3	YBR131W	host
NM_001178480.1	YBR132C	host
NM_001178481.1	YBR133C	host
NM_001178483.3	YBR135W	host
NM_001178484.3	YBR136W	host
NM_001178485.2	YBR137W	host
NM_001178486.2	YBR138C	host
NM_001178487.3	YBR139W	host
NM_001178488.3	YBR140C	host
NM_001178489.2	YBR141C	host
NM_001178490.1	YBR142W	host
NM_001178491.3	YBR143C	host
NM_001348890.1	YBR144C	host
NM_001178493.3	YBR145W	host
NM_001178494.1	YBR146W	host
NM_001178495.1	YBR147W	host
NM_001178496.3	YBR148W	host
NM_001178497.3	YBR149W	host
NM_001178498.1	YBR150C	host
NM_001178499.1	YBR151W	host
NM_001178500.3	YBR152W	host
NM_001178501.3	YBR153W	host
NM_001178502.1	YBR154C	host
NM_001178503.1	YBR155W	host
NM_001178504.3	YBR156C	host
NM_001178505.3	YBR157C	host
NM_001178506.1	YBR158W	host
NM_001178507.1	YBR159W	host
NM_001178508.3	YBR160W	host
NM_001178509.3	YBR161W	host
NM_001178510.1	YBR162C	host
NM_001180059.1	YBR162W-A	host
NM_001178511.3	YBR163W	host
NM_001178512.3	YBR164C	host
NM_001178513.1	YBR165W	host
NM_001178514.1	YBR166C	host
NM_001178515.3	YBR167C	host
NM_001178516.3	YBR168W	host
NM_001178517.1	YBR169C	host
NM_001178518.1	YBR170C	host
NM_001178519.3	YBR171W	host
NM_001178520.3	YBR172C	host
NM_001178521.1	YBR173C	host
NM_001178523.1	YBR175W	host
NM_001178524.3	YBR176W	host
NM_001178525.3	YBR177C	host
NM_001178527.1	YBR179C	host
NM_001178528.1	YBR180W	host
NM_001178529.3	YBR181C	host
NM_001178530.3	YBR182C	host
NM_001184586.1	YBR182C-A	host
NM_001178531.1	YBR183W	host
NM_001178532.3	YBR184W	host
NM_001178533.3	YBR185C	host
NM_001178534.1	YBR186W	host
NM_001178535.1	YBR187W	host
NM_001178536.3	YBR188C	host
NM_001178537.3	YBR189W	host
NM_001178539.1	YBR191W	host
NM_001178540.1	YBR192W	host
NM_001178541.3	YBR193C	host
NM_001178542.3	YBR194W	host
NM_001178543.1	YBR195C	host
NM_001178544.1	YBR196C	host
NM_001184541.3	YBR196C-A	host
NM_001184643.3	YBR196C-B	host
NM_001178545.1	YBR197C	host
NM_001178546.1	YBR198C	host
NM_001178547.3	YBR199W	host
NM_001178548.3	YBR200W	host
NM_001184542.1	YBR200W-A	host
NM_001178549.1	YBR201W	host
NM_001184676.3	YBR201C-A	host
NM_001178550.4	YBR202W	host
NM_001178551.2	YBR203W	host
NM_001178552.2	YBR204C	host
NM_001178553.3	YBR205W	host
NM_001178555.4	YBR207W	host
NM_001178556.1	YBR208C	host
NM_001348891.1	YBR209W	host
YNCB0017C	YNCB0017C	host
YNCB0018W	YNCB0018W	host
NM_001178558.1	YBR210W	host
NM_001178559.3	YBR211C	host
NM_001178560.3	YBR212W	host
NM_001178561.1	YBR213W	host
NM_001178562.1	YBR214W	host
NM_001178563.3	YBR215W	host
NM_001178564.3	YBR216C	host
NM_001178565.1	YBR217W	host
NM_001178566.1	YBR218C	host
NM_001178567.3	YBR219C	host
NM_001178568.3	YBR220C	host
NM_001178569.1	YBR221C	host
NM_001184644.1	YBR221W-A	host
NM_001178570.3	YBR222C	host
NM_001178571.3	YBR223C	host
NM_001178573.1	YBR225W	host
NM_001178575.1	YBR227C	host
NM_001178576.3	YBR228W	host
NM_001178577.3	YBR229C	host
NM_001178578.1	YBR230C	host
NM_001184673.1	YBR230W-A	host
NR_132154.1	YNCB0019C	host
NM_001178579.3	YBR231C	host
NM_001178581.3	YBR233W	host
NM_001184461.1	YBR233W-A	host
NM_001178582.1	YBR234C	host
NM_001178583.3	YBR235W	host
NM_001178584.3	YBR236C	host
NM_001178585.1	YBR237W	host
NM_001178586.1	YBR238C	host
NM_001178587.3	YBR239C	host
NM_001178588.3	YBR240C	host
NM_001178589.1	YBR241C	host
NM_001178590.1	YBR242W	host
NM_001178591.3	YBR243C	host
NM_001178592.3	YBR244W	host
NM_001178593.1	YBR245C	host
NM_001178594.1	YBR246W	host
NM_001178595.3	YBR247C	host
NM_001178596.3	YBR248C	host
NM_001178597.1	YBR249C	host
NM_001178598.1	YBR250W	host
NM_001178599.3	YBR251W	host
NM_001178600.3	YBR252W	host
NM_001178601.1	YBR253W	host
NM_001178602.1	YBR254C	host
NM_001178603.3	YBR255W	host
NM_001184510.3	YBR255C-A	host
NM_001178604.1	YBR256C	host
NM_001178605.1	YBR257W	host
NM_001178606.3	YBR258C	host
NM_001178607.3	YBR259W	host
NM_001178608.1	YBR260C	host
NM_001178609.1	YBR261C	host
NM_001178610.3	YBR262C	host
NM_001178611.3	YBR263W	host
NM_001178612.1	YBR264C	host
NM_001178613.2	YBR265W	host
NM_001178615.4	YBR267W	host
NM_001395042.1	YBR266C	host
NM_001178616.3	YBR268W	host
NM_001178617.1	YBR269C	host
NM_001178618.2	YBR270C	host
NM_001178619.3	YBR271W	host
NM_001178620.3	YBR272C	host
NM_001178621.1	YBR273C	host
NM_001178622.1	YBR274W	host
NM_001178623.4	YBR275C	host
NM_001178624.3	YBR276C	host
NM_001178626.1	YBR278W	host
NM_001178627.1	YBR279W	host
NM_001178628.3	YBR280C	host
NM_001178629.3	YBR281C	host
NM_001178630.1	YBR282W	host
NM_001178631.1	YBR283C	host
NM_001178632.3	YBR284W	host
NM_001178633.4	YBR285W	host
NM_001178634.1	YBR286W	host
NM_001178635.1	YBR287W	host
NM_001178636.4	YBR288C	host
NM_001178637.4	YBR289W	host
NM_001178638.1	YBR290W	host
NM_001178639.1	YBR291C	host
NM_001348892.1	YBR292C	host
NM_001178641.3	YBR293W	host
NM_001178642.3	YBR294W	host
NM_001178643.2	YBR295W	host
NM_001178644.1	YBR296C	host
NM_001184587.3	YBR296C-A	host
NM_001178645.3	YBR297W	host
NM_001178646.1	YBR298C	host
NM_001184588.1	YBR298C-A	host
NM_001178647.3	YBR299W	host
NM_001178649.3	YBR301W	host
NM_001178650.1	YBR302C	host
YCL075W	YCL075W	host
YCL074W	YCL074W	host
NM_001178711.1	YCL073C	host
NM_001178710.1	YCL069W	host
NM_001178709.1	YCL068C	host
NM_001178708.1	YCL067C	host
NM_001178707.1	YCL066W	host
NM_001178706.1	YCL064C	host
NM_001178705.1	YCL063W	host
NM_001178704.1	YCL061C	host
NM_001178703.1	YCL059C	host
NM_001178702.1	YCL058C	host
NM_001184528.1	YCL058W-A	host
NM_001184448.1	YCL057C-A	host
NM_001178701.1	YCL057W	host
NM_001178700.1	YCL056C	host
NM_001178699.1	YCL055W	host
NM_001305014.1	YCL054W-A	host
NM_001178698.1	YCL054W	host
NM_001178697.1	YCL052C	host
NM_001178696.1	YCL051W	host
NM_001178695.1	YCL050C	host
NM_001178694.1	YCL049C	host
NM_001184678.1	YCL048W-A	host
NM_001178693.1	YCL048W	host
NM_001178692.1	YCL047C	host
NM_001178690.1	YCL045C	host
NM_001178689.1	YCL044C	host
NM_001178688.1	YCL043C	host
NM_001178687.1	YCL042W	host
NM_001178685.1	YCL040W	host
NM_001178684.1	YCL039W	host
NM_001178683.1	YCL038C	host
NM_001178682.1	YCL037C	host
NM_001178681.1	YCL036W	host
NM_001178680.1	YCL035C	host
NM_001178679.1	YCL034W	host
NM_001178678.1	YCL033C	host
NM_001178677.1	YCL032W	host
NM_001178676.1	YCL031C	host
NM_001178675.1	YCL030C	host
NM_001178674.1	YCL029C	host
NM_001178673.1	YCL028W	host
NM_001178672.1	YCL027W	host
NM_001184449.1	YCL026C-B	host
NM_001178713.1	YCL026C-A	host
NM_001178671.1	YCL025C	host
NM_001178670.1	YCL024W	host
YNCC0001C	YNCC0001C	host
NM_001184450.1	YCL021W-A	host
NM_001178667.1	YCL020W	host
NM_001178666.2	YCL019W	host
YNCC0002W	YNCC0002W	host
NM_001178665.1	YCL018W	host
NM_001178664.1	YCL017C	host
NM_001178663.1	YCL016C	host
NM_001178662.1	YCL014W	host
NM_001184672.1	YCL012C	host
NM_001178660.1	YCL011C	host
NM_001178659.1	YCL010C	host
NM_001178658.1	YCL009C	host
NM_001178657.1	YCL008C	host
NM_001184518.1	YCL005W-A	host
NR_132155.1	YNCC0003C	host
NM_001178654.1	YCL005W	host
NM_001178653.1	YCL004W	host
NM_001178652.2	YCL002C	host
NM_001178651.1	YCL001W	host
NM_001184314.1	YCL001W-A	host
NM_001184462.1	YCL001W-B	host
NM_001348893.1	YCR001W	host
NM_001178715.1	YCR002C	host
NM_001178716.1	YCR003W	host
NM_001178717.1	YCR004C	host
NM_001178718.1	YCR005C	host
NM_001348894.1	YCR006C	host
YNCC0004C	YNCC0004C	host
NM_001178720.1	YCR007C	host
YNCC0005W	YNCC0005W	host
NM_001178721.1	YCR008W	host
NM_001178722.1	YCR009C	host
NM_001178723.1	YCR010C	host
NM_001178724.1	YCR011C	host
NM_001178725.1	YCR012W	host
NM_001178727.1	YCR014C	host
NM_001178728.1	YCR015C	host
NR_132156.1	YNCC0006C	host
YNCC0007C	YNCC0007C	host
NM_001178729.1	YCR016W	host
NM_001178730.1	YCR017C	host
NM_001178731.1	YCR018C	host
YNCC0008W	YNCC0008W	host
YNCC0009C	YNCC0009C	host
NM_001178732.1	YCR019W	host
NM_001178733.1	YCR020C	host
NM_001178734.1	YCR020C-A	host
NM_001184313.1	YCR020W-B	host
NM_001178735.1	YCR021C	host
NM_001348895.1	YCR022C	host
NM_001178737.1	YCR023C	host
NM_001178738.1	YCR024C	host
NM_001184645.1	YCR024C-B	host
NM_001178739.1	YCR024C-A	host
NM_001348896.1	YCR025C	host
NM_001178741.1	YCR026C	host
NM_001178742.1	YCR027C	host
YNCC0010C	YNCC0010C	host
NM_001178743.1	YCR028C	host
NM_001184315.1	YCR028C-A	host
NM_001178744.1	YCR030C	host
NR_132157.1	YNCC0011W	host
NM_001178745.1	YCR031C	host
NR_132158.1	YNCC0012C	host
NM_001178746.1	YCR032W	host
NM_001178747.1	YCR033W	host
NM_001178748.1	YCR034W	host
NM_001178749.1	YCR035C	host
NM_001178750.1	YCR036W	host
NM_001178751.1	YCR037C	host
NM_001178752.1	YCR038C	host
NM_001178753.1	YCR039C	host
NM_001178754.1	YCR040W	host
NM_001310667.1	YCR041W	host
NM_001178756.1	YCR042C	host
NR_188202.1	YNCC0015W	host
NM_001178757.1	YCR043C	host
NM_001178758.1	YCR044C	host
NM_001178759.1	YCR045C	host
NM_001178760.1	YCR046C	host
NM_001178761.1	YCR047C	host
NM_001178762.1	YCR048W	host
NM_001178764.1	YCR050C	host
NM_001178765.1	YCR051W	host
NM_001178766.1	YCR052W	host
NM_001178767.1	YCR053W	host
NM_001178768.1	YCR054C	host
NM_001178769.1	YCR057C	host
NM_001178770.1	YCR059C	host
NM_001178771.1	YCR060W	host
NM_001178772.1	YCR061W	host
YNCC0013W	YNCC0013W	host
NM_001178774.1	YCR063W	host
NM_001178776.1	YCR065W	host
NM_001178777.1	YCR066W	host
NM_001178778.1	YCR067C	host
NM_001178779.1	YCR068W	host
NM_001178780.1	YCR069W	host
NM_001178781.1	YCR071C	host
NM_001178782.1	YCR072C	host
NM_001178783.1	YCR073C	host
NM_001178815.1	YCR073W-A	host
NM_001178784.1	YCR075C	host
NM_001184529.1	YCR075W-A	host
NM_001178785.1	YCR076C	host
NM_001178786.2	YCR077C	host
NM_001180034.1	YCR079W	host
NM_001178787.1	YCR081W	host
NM_001178788.1	YCR082W	host
NM_001178789.1	YCR083W	host
NM_001178790.1	YCR084C	host
NM_001348897.1	YCR085W	host
NM_001178792.1	YCR086W	host
NM_001184316.1	YCR087C-A	host
NM_001178794.1	YCR088W	host
NM_001178795.1	YCR089W	host
NM_001178796.1	YCR090C	host
NM_001178797.2	YCR091W	host
NM_001178798.1	YCR092C	host
NM_001178799.1	YCR093W	host
NM_001178800.1	YCR094W	host
NM_001178801.1	YCR095C	host
NM_001184674.1	YCR095W-A	host
NM_001178802.1	YCR096C	host
NM_001178804.1	YCR097W	host
YNCC0014W	YNCC0014W	host
NM_001178805.1	YCR098C	host
NM_001178806.1	YCR099C	host
NM_001178807.1	YCR100C	host
NM_001178808.1	YCR101C	host
NM_001178809.1	YCR102C	host
NM_001178811.1	YCR104W	host
NM_001178812.1	YCR105W	host
NM_001178813.1	YCR106W	host
NM_001178814.1	YCR107W	host
NM_001184543.1	YCR108C	host
NM_001180308.1	YDL248W	host
NM_001180307.1	YDL247W	host
NM_001180306.1	YDL246C	host
NM_001180305.1	YDL245C	host
NM_001180304.1	YDL244W	host
NM_001180303.1	YDL243C	host
NM_001348898.1	YDL242W	host
NM_001180301.1	YDL241W	host
NM_001180300.2	YDL240W	host
NM_001180299.2	YDL239C	host
NM_001180298.1	YDL238C	host
NM_001180297.2	YDL237W	host
NM_001180296.1	YDL236W	host
NM_001180295.1	YDL235C	host
NM_001180294.1	YDL234C	host
NM_001180293.1	YDL233W	host
NM_001180292.1	YDL232W	host
NM_001180291.1	YDL231C	host
NM_001180290.1	YDL230W	host
NM_001180289.1	YDL229W	host
NM_001180287.1	YDL227C	host
NM_001180286.1	YDL226C	host
NM_001180285.1	YDL225W	host
NM_001180284.1	YDL224C	host
NM_001180283.1	YDL223C	host
NM_001180282.1	YDL222C	host
NM_001180280.1	YDL220C	host
NM_001180279.1	YDL219W	host
NM_001180278.1	YDL218W	host
NM_001180277.1	YDL217C	host
NM_001180276.1	YDL216C	host
NM_001180275.1	YDL215C	host
NM_001180274.1	YDL214C	host
NM_001180273.1	YDL213C	host
NM_001180272.1	YDL212W	host
NM_001180271.1	YDL211C	host
YNCD0001W	YNCD0001W	host
NM_001180270.1	YDL210W	host
NM_001180269.1	YDL209C	host
NM_001180268.1	YDL208W	host
NM_001180267.1	YDL207W	host
NM_001180266.1	YDL206W	host
NM_001180265.1	YDL205C	host
NM_001431137.1	YDL204W-A	host
NM_001180264.1	YDL204W	host
NM_001180263.1	YDL203C	host
NM_001180262.1	YDL202W	host
NM_001180261.1	YDL201W	host
NM_001180260.1	YDL200C	host
NM_001180259.1	YDL199C	host
NM_001180258.1	YDL198C	host
NM_001180257.1	YDL197C	host
NM_001180255.2	YDL195W	host
NM_001180254.1	YDL194W	host
NM_001180253.1	YDL193W	host
NM_001180252.1	YDL192W	host
NM_001180196.2	YDL191W	host
NM_001180250.2	YDL190C	host
NM_001180249.1	YDL189W	host
NM_001180248.1	YDL188C	host
NM_001180246.1	YDL186W	host
NM_001180245.1	YDL185W	host
NM_001180244.1	YDL184C	host
NM_001180243.1	YDL183C	host
NM_001180242.1	YDL182W	host
NM_001180241.1	YDL181W	host
NM_001180240.1	YDL180W	host
NM_001180239.1	YDL179W	host
NM_001180238.1	YDL178W	host
NM_001180237.1	YDL177C	host
NM_001180236.1	YDL176W	host
NM_001180235.1	YDL175C	host
NM_001180234.1	YDL174C	host
NM_001180233.1	YDL173W	host
NM_001180231.1	YDL171C	host
NM_001180230.1	YDL170W	host
NM_001180229.1	YDL169C	host
NM_001180228.1	YDL168W	host
NM_001180227.1	YDL167C	host
NM_001180226.1	YDL166C	host
NM_001180225.1	YDL165W	host
NM_001180224.1	YDL164C	host
NM_001180221.1	YDL161W	host
NM_001184530.1	YDL160C-A	host
NM_001180220.1	YDL160C	host
NM_001184465.1	YDL159W-A	host
NM_001180219.1	YDL159W	host
NM_001180217.1	YDL157C	host
NM_001180216.1	YDL156W	host
NM_001180215.1	YDL155W	host
NM_001180214.1	YDL154W	host
NM_001180213.1	YDL153C	host
NM_001180210.1	YDL150W	host
NM_001180209.1	YDL149W	host
NM_001180208.1	YDL148C	host
NM_001180207.1	YDL147W	host
NM_001180206.1	YDL146W	host
NM_001180205.1	YDL145C	host
NM_001180204.1	YDL144C	host
NM_001180203.1	YDL143W	host
NM_001180202.1	YDL142C	host
NM_001180201.1	YDL141W	host
NM_001180200.1	YDL140C	host
NM_001180199.1	YDL139C	host
NM_001180198.1	YDL138W	host
NM_001180197.1	YDL137W	host
NM_001180251.2	YDL136W	host
NM_001180195.1	YDL135C	host
NM_001180193.1	YDL134C	host
NM_001180194.1	YDL133C-A	host
NM_001180192.1	YDL133W	host
NM_001180191.1	YDL132W	host
NM_001180190.1	YDL131W	host
NM_001184325.1	YDL130W-A	host
NM_001180189.1	YDL130W	host
NM_001180188.1	YDL129W	host
NM_001180187.1	YDL128W	host
NM_001180186.1	YDL127W	host
NM_001180185.1	YDL126C	host
NM_001180184.1	YDL125C	host
NM_001180183.1	YDL124W	host
NM_001180182.1	YDL123W	host
NM_001180181.1	YDL122W	host
NM_001180180.1	YDL121C	host
NM_001180179.1	YDL120W	host
NM_001180178.1	YDL119C	host
NM_001180176.1	YDL117W	host
NM_001180175.1	YDL116W	host
NM_001180174.1	YDL115C	host
NM_001180173.1	YDL114W	host
NM_001180172.1	YDL113C	host
NM_001180171.1	YDL112W	host
NM_001180170.1	YDL111C	host
NM_001180169.1	YDL110C	host
NM_001180168.1	YDL109C	host
NM_001180167.1	YDL108W	host
NM_001180166.1	YDL107W	host
NM_001180165.1	YDL106C	host
NM_001180164.1	YDL105W	host
NM_001180163.1	YDL104C	host
NM_001180162.1	YDL103C	host
NM_001180161.2	YDL102W	host
NM_001180160.1	YDL101C	host
NM_001180159.1	YDL100C	host
NM_001180158.1	YDL099W	host
NM_001180157.1	YDL098C	host
NM_001180156.1	YDL097C	host
NM_001180154.1	YDL095W	host
NM_001180152.1	YDL093W	host
NM_001180151.1	YDL092W	host
NM_001180150.1	YDL091C	host
NM_001180149.1	YDL090C	host
NM_001180148.1	YDL089W	host
NM_001180147.1	YDL088C	host
NM_001180146.1	YDL087C	host
NM_001180145.1	YDL086W	host
NM_001184455.1	YDL085C-A	host
NM_001180144.1	YDL085W	host
NM_001180143.1	YDL084W	host
NM_001180142.1	YDL083C	host
NM_001180141.1	YDL082W	host
NM_001180140.1	YDL081C	host
NM_001180139.1	YDL080C	host
NM_001180138.1	YDL079C	host
NM_001180137.1	YDL078C	host
NM_001180136.1	YDL077C	host
NM_001180135.1	YDL076C	host
NM_001180134.1	YDL075W	host
NR_132159.1	YNCD0002C	host
NM_001180133.1	YDL074C	host
NM_001180132.1	YDL073W	host
NM_001180131.1	YDL072C	host
NM_001180129.1	YDL070W	host
NM_001180128.1	YDL069C	host
NM_001180126.1	YDL067C	host
NM_001180125.1	YDL066W	host
NM_001180124.1	YDL065C	host
NM_001180123.1	YDL064W	host
NM_001180122.1	YDL063C	host
NM_001180120.1	YDL061C	host
NM_001180119.1	YDL060W	host
NM_001180118.1	YDL059C	host
NM_001180117.1	YDL058W	host
NM_001180116.1	YDL057W	host
NM_001180115.1	YDL056W	host
NM_001180114.1	YDL055C	host
YNCD0003W	YNCD0003W	host
NM_001180113.1	YDL054C	host
NM_001180112.1	YDL053C	host
NM_001180111.1	YDL052C	host
NM_001180110.1	YDL051W	host
NM_001180108.1	YDL049C	host
NM_001180107.1	YDL048C	host
NM_001180106.1	YDL047W	host
NM_001180105.1	YDL046W	host
NM_001184304.1	YDL045W-A	host
NM_001180104.1	YDL045C	host
NM_001180103.1	YDL044C	host
NM_001180102.1	YDL043C	host
NM_001180101.1	YDL042C	host
NM_001180099.1	YDL040C	host
NM_001180098.1	YDL039C	host
NM_001180096.1	YDL037C	host
NM_001180095.1	YDL036C	host
NM_001180094.1	YDL035C	host
NM_001180092.1	YDL033C	host
NM_001180090.2	YDL031W	host
NM_001180089.1	YDL030W	host
NM_001180088.1	YDL029W	host
NM_001180087.2	YDL028C	host
NM_001180086.1	YDL027C	host
NM_001180084.1	YDL025C	host
NM_001180083.1	YDL024C	host
NM_001270741.1	YDL022C-A	host
YNCD0004W	YNCD0004W	host
NM_001180081.1	YDL022W	host
NM_001180080.1	YDL021W	host
NM_001180079.3	YDL020C	host
NM_001180078.1	YDL019C	host
NM_001180077.1	YDL018C	host
NM_001180076.3	YDL017W	host
NM_001180074.1	YDL015C	host
NM_001180073.1	YDL014W	host
NM_001180072.3	YDL013W	host
NM_001180071.1	YDL012C	host
NM_001180069.1	YDL010W	host
NM_001270742.1	YDL009C	host
NM_001180067.3	YDL008W	host
YNCD0005C	YNCD0005C	host
NM_001184682.1	YDL007C-A	host
YNCD0006W	YNCD0006W	host
NM_001180066.1	YDL007W	host
NM_001180065.3	YDL006W	host
NM_001180064.3	YDL005C	host
NM_001180063.1	YDL004W	host
NM_001180062.1	YDL003W	host
NM_001180061.3	YDL002C	host
NM_001180060.3	YDL001W	host
NM_001180309.1	YDR001C	host
NM_001180310.1	YDR002W	host
NM_001180311.3	YDR003W	host
NM_001184646.3	YDR003W-A	host
NM_001180312.1	YDR004W	host
NM_001180313.1	YDR005C	host
NM_001180314.3	YDR006C	host
NM_001180315.3	YDR007W	host
NM_001180317.1	YDR009W	host
NM_001348808.1	YDR010C	host
NM_001180319.1	YDR011W	host
NM_001180320.3	YDR012W	host
NM_001180321.3	YDR013W	host
NM_001180322.1	YDR014W	host
NM_001184688.1	YDR014W-A	host
NM_001180324.3	YDR016C	host
NM_001180325.3	YDR017C	host
NM_001180326.1	YDR018C	host
NM_001180327.1	YDR019C	host
NM_001180328.3	YDR020C	host
NM_001180329.3	YDR021W	host
NM_001180330.1	YDR022C	host
YNCD0007C	YNCD0007C	host
NM_001180331.1	YDR023W	host
NM_001180333.3	YDR025W	host
NM_001180334.3	YDR026C	host
NM_001180335.1	YDR027C	host
NM_001180336.1	YDR028C	host
NM_001348809.1	YDR029W	host
NM_001180338.3	YDR030C	host
NM_001180339.3	YDR031W	host
NM_001180340.1	YDR032C	host
NR_188203.1	YNCD0033W	host
NR_188204.1	YNCD0034C	host
NM_001180341.1	YDR033W	host
NM_001180342.3	YDR034C	host
NM_001184379.4	YDR034C-D	host
NM_001184378.1	YDR034C-C	host
YNCD0008W	YNCD0008W	host
NM_001184326.1	YDR034C-A	host
YNCD0009W	YNCD0009W	host
NM_001184327.3	YDR034W-B	host
NM_001180343.3	YDR035W	host
NM_001180344.1	YDR036C	host
NM_001180345.1	YDR037W	host
NM_001180346.3	YDR038C	host
NM_001180347.3	YDR039C	host
NM_001180348.1	YDR040C	host
NM_001180349.1	YDR041W	host
NM_001180350.3	YDR042C	host
NR_132160.1	YNCD0010C	host
NM_001180351.3	YDR043C	host
NM_001180352.1	YDR044W	host
NM_001180353.1	YDR045C	host
NM_001180354.3	YDR046C	host
NM_001180355.3	YDR047W	host
NM_001180357.1	YDR049W	host
NM_001180358.1	YDR050C	host
NM_001180359.3	YDR051C	host
NM_001180360.3	YDR052C	host
NM_001180362.1	YDR054C	host
NM_001180363.1	YDR055W	host
NM_001180364.3	YDR056C	host
NM_001180365.3	YDR057W	host
NM_001180366.1	YDR058C	host
YNCD0011W	YNCD0011W	host
YNCD0012W	YNCD0012W	host
NM_001180367.1	YDR059C	host
NM_001180368.3	YDR060W	host
NM_001180369.3	YDR061W	host
NM_001180370.1	YDR062W	host
NM_001180371.1	YDR063W	host
NM_001180372.3	YDR064W	host
NM_001180373.3	YDR065W	host
NM_001180374.1	YDR066C	host
NM_001180375.1	YDR067C	host
NM_001180376.3	YDR068W	host
NM_001180377.3	YDR069C	host
NM_001180378.1	YDR070C	host
NM_001180379.1	YDR071C	host
NM_001180380.3	YDR072C	host
NM_001180381.3	YDR073W	host
NM_001180382.1	YDR074W	host
NM_001180383.1	YDR075W	host
NM_001180384.3	YDR076W	host
NM_001180385.3	YDR077W	host
NM_001180386.1	YDR078C	host
NM_001180387.1	YDR079W	host
NM_001184469.3	YDR079C-A	host
NM_001180388.3	YDR080W	host
NM_001180389.1	YDR081C	host
NM_001180390.1	YDR082W	host
NM_001180391.3	YDR083W	host
NM_001180392.3	YDR084C	host
NM_001180393.1	YDR085C	host
NM_001180394.1	YDR086C	host
NM_001180395.3	YDR087C	host
NM_001180396.3	YDR088C	host
YNCD0013C	YNCD0013C	host
NM_001180397.1	YDR089W	host
NM_001180398.1	YDR090C	host
NM_001180399.3	YDR091C	host
NM_001180400.3	YDR092W	host
NM_001180401.1	YDR093W	host
NM_001180404.1	YDR096W	host
NM_001180405.3	YDR097C	host
NM_001180406.4	YDR098C	host
YNCD0014C	YNCD0014C	host
NM_001184417.2	YDR098C-B	host
NM_001184416.1	YDR098C-A	host
NM_001180407.3	YDR099W	host
NM_001180408.3	YDR100W	host
NM_001180409.1	YDR101C	host
NM_001348810.1	YDR102C	host
NM_001180411.1	YDR103W	host
NM_001180412.3	YDR104C	host
NM_001180413.3	YDR105C	host
NM_001180414.1	YDR106W	host
YNCD0015C	YNCD0015C	host
NM_001180415.1	YDR107C	host
NM_001180416.3	YDR108W	host
NM_001180417.3	YDR109C	host
NM_001180418.1	YDR110W	host
NM_001180419.1	YDR111C	host
NM_001180421.3	YDR113C	host
NM_001180422.3	YDR114C	host
NM_001180423.1	YDR115W	host
NM_001180424.1	YDR116C	host
NM_001180425.3	YDR117C	host
NM_001180426.3	YDR118W	host
NM_001180427.1	YDR119W	host
NM_001184681.1	YDR119W-A	host
NM_001180428.3	YDR120C	host
NM_001180429.3	YDR121W	host
NM_001180430.1	YDR122W	host
NM_001180431.1	YDR123C	host
NM_001180432.3	YDR124W	host
NM_001180433.3	YDR125C	host
NM_001180434.1	YDR126W	host
NM_001180435.1	YDR127W	host
NM_001180436.3	YDR128W	host
NM_001180437.3	YDR129C	host
NM_001180438.1	YDR130C	host
NM_001180439.1	YDR131C	host
NM_001180440.3	YDR132C	host
YDR134C	YDR134C	host
NM_001180442.3	YDR135C	host
NM_001180444.1	YDR137W	host
NM_001180445.1	YDR138W	host
NM_001180446.3	YDR139C	host
NM_001180447.3	YDR140W	host
NM_001180448.1	YDR141C	host
NM_001180449.1	YDR142C	host
NM_001180450.3	YDR143C	host
NM_001180451.3	YDR144C	host
NM_001180452.1	YDR145W	host
NM_001180453.1	YDR146C	host
NM_001180454.3	YDR147W	host
NM_001180455.3	YDR148C	host
NM_001180457.1	YDR150W	host
NM_001180458.1	YDR151C	host
NM_001180459.3	YDR152W	host
NM_001180460.3	YDR153C	host
NM_001180462.1	YDR155C	host
NM_001180463.1	YDR156W	host
NM_001348811.1	YDR157W	host
NM_001180465.3	YDR158W	host
NM_001180466.3	YDR159W	host
NM_001180467.1	YDR160W	host
NM_001180468.1	YDR161W	host
NM_001180469.3	YDR162C	host
NM_001180470.3	YDR163W	host
NM_001180471.1	YDR164C	host
NM_001180472.1	YDR165W	host
NM_001180473.3	YDR166C	host
NM_001180474.3	YDR167W	host
NM_001180475.1	YDR168W	host
NM_001180476.1	YDR169C	host
NM_001184544.3	YDR169C-A	host
NM_001180477.3	YDR170C	host
YNCD0016C	YNCD0016C	host
NM_001184320.1	YDR170W-A	host
NM_001180478.1	YDR171W	host
NM_001180479.3	YDR172W	host
NM_001180480.3	YDR173C	host
NM_001180481.1	YDR174W	host
NM_001180482.1	YDR175C	host
NM_001180483.3	YDR176W	host
NM_001180484.3	YDR177W	host
NM_001180485.1	YDR178W	host
NM_001180486.1	YDR179C	host
NM_001180487.3	YDR179W-A	host
NM_001180488.3	YDR180W	host
NM_001180489.1	YDR181C	host
NM_001180490.1	YDR182W	host
NM_001184545.3	YDR182W-A	host
NM_001180491.3	YDR183W	host
NM_001180492.1	YDR184C	host
NM_001180493.1	YDR185C	host
NM_001180494.3	YDR186C	host
NM_001180496.3	YDR188W	host
NM_001180497.1	YDR189W	host
NM_001180498.1	YDR190C	host
NM_001180499.3	YDR191W	host
NM_001180500.3	YDR192C	host
NM_001180502.1	YDR194C	host
NM_001184546.1	YDR194W-A	host
NM_001180503.3	YDR195W	host
NM_001180504.3	YDR196C	host
NM_001180505.1	YDR197W	host
NM_001180506.1	YDR198C	host
NM_001180508.3	YDR200C	host
NM_001180509.3	YDR201W	host
NM_001180510.1	YDR202C	host
NM_001180512.1	YDR204W	host
NM_001180513.3	YDR205W	host
NM_001180514.3	YDR206W	host
NM_001180515.1	YDR207C	host
NM_001180516.1	YDR208W	host
NM_001348813.1	YDR209C	host
NM_001180518.3	YDR210W	host
NM_001184418.1	YDR210W-A	host
NM_001184419.4	YDR210W-B	host
NM_001184436.2	YDR210C-D	host
NM_001184435.3	YDR210C-C	host
YNCD0017W	YNCD0017W	host
NM_001180519.3	YDR211W	host
NM_001180520.1	YDR212W	host
NM_001180521.1	YDR213W	host
NM_001180522.3	YDR214W	host
NM_001348814.1	YDR215C	host
NM_001180524.3	YDR216W	host
NM_001180525.1	YDR217C	host
NM_001180526.1	YDR218C	host
NM_001180527.3	YDR219C	host
NM_001180529.3	YDR221W	host
NM_001180530.1	YDR222W	host
NM_001180531.1	YDR223W	host
NM_001180532.3	YDR224C	host
NM_001180533.3	YDR225W	host
NM_001180534.1	YDR226W	host
NM_001180535.1	YDR227W	host
NM_001180536.3	YDR228C	host
NM_001180537.3	YDR229W	host
NM_001180539.1	YDR231C	host
NM_001180540.1	YDR232W	host
NM_001180541.3	YDR233C	host
NM_001180542.3	YDR234W	host
NM_001180543.1	YDR235W	host
NM_001180544.1	YDR236C	host
NM_001180545.3	YDR237W	host
NM_001180546.3	YDR238C	host
NM_001180547.1	YDR239C	host
NM_001180548.1	YDR240C	host
YNCD0018W	YNCD0018W	host
NM_001180550.3	YDR242W	host
NM_001180551.3	YDR243C	host
NM_001180552.1	YDR244W	host
NM_001180553.1	YDR245W	host
NM_001180554.3	YDR246W	host
NM_001184547.3	YDR246W-A	host
NM_001180555.1	YDR247W	host
NM_001180556.1	YDR248C	host
NM_001180557.3	YDR249C	host
NM_001180559.3	YDR251W	host
NM_001180560.1	YDR252W	host
NM_001180561.1	YDR253C	host
NM_001180562.3	YDR254W	host
NM_001180563.3	YDR255C	host
NM_001180564.1	YDR256C	host
NM_001180565.1	YDR257C	host
NM_001180566.3	YDR258C	host
NM_001180567.3	YDR259C	host
NM_001180568.1	YDR260C	host
NM_001180569.1	YDR261C	host
YNCD0019C	YNCD0019C	host
NM_001184422.3	YDR261W-A	host
NM_001184423.4	YDR261W-B	host
NM_001184421.2	YDR261C-D	host
NM_001184420.1	YDR261C-C	host
YNCD0020W	YNCD0020W	host
NM_001180570.3	YDR262W	host
NM_001180571.3	YDR263C	host
NM_001180572.1	YDR264C	host
NM_001180573.1	YDR265W	host
NM_001180574.3	YDR266C	host
NM_001180575.3	YDR267C	host
NM_001180576.1	YDR268W	host
NM_001180578.1	YDR270W	host
NM_001180580.3	YDR272W	host
NM_001180581.3	YDR273W	host
NM_001348815.1	YDR274C	host
NM_001180583.1	YDR275W	host
NM_001180584.1	YDR276C	host
NM_001180585.3	YDR277C	host
YNCD0021C	YNCD0021C	host
NM_001180587.3	YDR279W	host
NM_001180588.1	YDR280W	host
NM_001180589.1	YDR281C	host
NM_001180590.3	YDR282C	host
NM_001180591.3	YDR283C	host
NM_001180592.1	YDR284C	host
NM_001180593.1	YDR285W	host
NM_001180594.3	YDR286C	host
NM_001180595.3	YDR287W	host
NM_001180596.1	YDR288W	host
NM_001180597.1	YDR289C	host
NM_001180599.3	YDR291W	host
NM_001180600.3	YDR292C	host
NM_001180601.1	YDR293C	host
NM_001180602.1	YDR294C	host
NM_001180603.3	YDR295C	host
NM_001180604.3	YDR296W	host
NM_001180605.1	YDR297W	host
NM_001180606.1	YDR298C	host
NM_001180607.3	YDR299W	host
NM_001180608.3	YDR300C	host
NM_001180609.1	YDR301W	host
NM_001180610.1	YDR302W	host
NM_001180611.3	YDR303C	host
NM_001180612.3	YDR304C	host
NM_001180613.1	YDR305C	host
NM_001180614.1	YDR306C	host
YNCD0022C	YNCD0022C	host
NM_001180615.3	YDR307W	host
NM_001180616.3	YDR308C	host
NM_001180617.1	YDR309C	host
NM_001180618.1	YDR310C	host
NM_001180619.3	YDR311W	host
NM_001180620.3	YDR312W	host
NM_001180621.1	YDR313C	host
NM_001180622.1	YDR314C	host
NM_001180623.3	YDR315C	host
NM_001180624.3	YDR316W	host
YNCD0023C	YNCD0023C	host
NM_001184424.1	YDR316W-A	host
NM_001184425.2	YDR316W-B	host
NM_001180625.3	YDR317W	host
NM_001180626.3	YDR318W	host
NM_001180627.1	YDR319C	host
NM_001180628.1	YDR320C	host
NM_001184470.3	YDR320C-A	host
NM_001180629.3	YDR321W	host
NM_001180630.1	YDR322W	host
NM_001184348.1	YDR322C-A	host
NM_001180631.3	YDR323C	host
NM_001180632.3	YDR324C	host
NM_001180633.1	YDR325W	host
NM_001180634.1	YDR326C	host
NM_001180636.3	YDR328C	host
NM_001180637.3	YDR329C	host
NM_001180638.1	YDR330W	host
NM_001180639.1	YDR331W	host
NM_001180640.3	YDR332W	host
NM_001180641.3	YDR333C	host
NM_001180642.1	YDR334W	host
NM_001180643.1	YDR335W	host
NM_001180644.3	YDR336W	host
NM_001180645.3	YDR337W	host
NM_001180646.1	YDR338C	host
NM_001180647.1	YDR339C	host
YNCD0024C	YNCD0024C	host
NM_001180649.3	YDR341C	host
NM_001180650.3	YDR342C	host
NM_001180651.1	YDR343C	host
NM_001348817.1	YDR344C	host
NM_001180653.1	YDR345C	host
NM_001180654.3	YDR346C	host
NM_001180655.3	YDR347W	host
NM_001180656.1	YDR348C	host
NM_001180657.1	YDR349C	host
YNCD0025W	YNCD0025W	host
NM_001180658.4	YDR350C	host
NM_001180659.3	YDR351W	host
NM_001180660.1	YDR352W	host
NM_001180661.1	YDR353W	host
NM_001180662.3	YDR354W	host
NM_001180664.3	YDR356W	host
NM_001180665.1	YDR357C	host
NM_001180666.1	YDR358W	host
NM_001180667.3	YDR359C	host
NM_001180669.3	YDR361C	host
NM_001180670.1	YDR362C	host
NM_001180671.1	YDR363W	host
YNCD0026W	YNCD0026W	host
NM_001184328.3	YDR363W-A	host
NM_001180672.3	YDR364C	host
NM_001180673.1	YDR365C	host
NM_001184426.3	YDR365W-A	host
NM_001184427.2	YDR365W-B	host
NM_001180674.3	YDR366C	host
NM_001180675.1	YDR367W	host
NM_001180676.1	YDR368W	host
NM_001180677.3	YDR369C	host
NM_001180678.3	YDR370C	host
NM_001180679.1	YDR371W	host
NM_001180680.1	YDR372C	host
NM_001180681.3	YDR373W	host
NM_001180682.3	YDR374C	host
NM_001184680.1	YDR374W-A	host
NM_001180683.1	YDR375C	host
NM_001180684.3	YDR376W	host
NM_001180685.3	YDR377W	host
NM_001180686.1	YDR378C	host
NM_001180687.1	YDR379W	host
NM_001184471.3	YDR379C-A	host
NM_001180688.3	YDR380W	host
NM_001180689.1	YDR381W	host
NM_001184511.1	YDR381C-A	host
NM_001180690.3	YDR382W	host
NM_001180691.3	YDR383C	host
NM_001180692.1	YDR384C	host
NM_001180693.1	YDR385W	host
NM_001180694.3	YDR386W	host
NM_001180695.3	YDR387C	host
NM_001180696.1	YDR388W	host
NM_001180697.1	YDR389W	host
NM_001180698.3	YDR390C	host
YNCD0027C	YNCD0027C	host
NM_001180699.3	YDR391C	host
NM_001180700.1	YDR392W	host
NM_001180701.1	YDR393W	host
NM_001180702.3	YDR394W	host
NM_001180703.3	YDR395W	host
NM_001180705.1	YDR397C	host
NM_001180706.1	YDR398W	host
NM_001180707.3	YDR399W	host
NM_001180708.3	YDR400W	host
NM_001180710.1	YDR402C	host
NM_001180711.1	YDR403W	host
NM_001180712.3	YDR404C	host
NM_001180713.3	YDR405W	host
NM_001180714.1	YDR406W	host
NM_001180715.1	YDR407C	host
NM_001180716.3	YDR408C	host
NM_001180717.3	YDR409W	host
NM_001180718.1	YDR410C	host
NM_001180719.1	YDR411C	host
NM_001180720.3	YDR412W	host
NM_001180722.4	YDR414C	host
NM_001180723.1	YDR415C	host
NM_001180724.1	YDR416W	host
NM_001180726.3	YDR418W	host
NM_001180727.3	YDR419W	host
YNCD0028W	YNCD0028W	host
NM_001180728.1	YDR420W	host
NM_001180729.1	YDR421W	host
NM_001180730.3	YDR422C	host
NM_001180731.3	YDR423C	host
NM_001180732.1	YDR424C	host
NM_001180733.1	YDR425W	host
NM_001180735.3	YDR427W	host
NM_001180736.3	YDR428C	host
NM_001180737.1	YDR429C	host
NM_001180738.1	YDR430C	host
NM_001180740.3	YDR432W	host
NM_001180742.3	YDR434W	host
NM_001180743.1	YDR435C	host
NM_001180744.1	YDR436W	host
NM_001180745.3	YDR437W	host
NM_001180746.3	YDR438W	host
NM_001180747.1	YDR439W	host
NM_001180748.1	YDR440W	host
NM_001180749.3	YDR441C	host
NM_001180751.3	YDR443C	host
NM_001180752.1	YDR444W	host
YNCD0029C	YNCD0029C	host
NM_001180754.1	YDR446W	host
NM_001180755.3	YDR447C	host
NM_001180756.3	YDR448W	host
NM_001180757.1	YDR449C	host
NM_001180758.1	YDR450W	host
NM_001180759.3	YDR451C	host
NM_001180760.3	YDR452W	host
NM_001180761.1	YDR453C	host
NM_001180762.1	YDR454C	host
NM_001180764.3	YDR456W	host
NM_001180765.3	YDR457W	host
NM_001180766.1	YDR458C	host
NM_001180767.1	YDR459C	host
NM_001180768.3	YDR460W	host
NM_001180769.3	YDR461W	host
NM_001184679.1	YDR461C-A	host
NM_001180770.1	YDR462W	host
NM_001180771.3	YDR463W	host
NM_001180772.3	YDR464W	host
NM_001180773.1	YDR465C	host
NM_001180774.1	YDR466W	host
NM_001180776.3	YDR468C	host
NM_001180777.3	YDR469W	host
NM_001180778.2	YDR470C	host
NM_001180779.1	YDR471W	host
NR_132161.1	YNCD0030W	host
NM_001180780.3	YDR472W	host
NM_001180781.3	YDR473C	host
NM_001180783.1	YDR475C	host
NM_001180784.1	YDR476C	host
NM_001180785.3	YDR477W	host
NM_001180786.3	YDR478W	host
NM_001180787.1	YDR479C	host
NM_001180788.1	YDR480W	host
NM_001180789.3	YDR481C	host
NM_001180790.3	YDR482C	host
NM_001180791.1	YDR483W	host
NM_001180792.1	YDR484W	host
NM_001180793.3	YDR485C	host
NM_001180794.3	YDR486C	host
NM_001180795.1	YDR487C	host
NM_001180796.1	YDR488C	host
NM_001180797.3	YDR489W	host
NM_001180798.3	YDR490C	host
NM_001180800.1	YDR492W	host
NM_001180801.1	YDR493W	host
NM_001180802.3	YDR494W	host
NM_001180803.3	YDR495C	host
NM_001180804.1	YDR496C	host
NM_001180805.1	YDR497C	host
NM_001180806.3	YDR498C	host
NM_001180807.3	YDR499W	host
NM_001180808.1	YDR500C	host
NM_001180809.1	YDR501W	host
NM_001180810.3	YDR502C	host
NM_001180811.3	YDR503C	host
NM_001180812.1	YDR504C	host
NM_001180813.2	YDR505C	host
NM_001180814.3	YDR506C	host
YNCD0031C	YNCD0031C	host
NM_001180815.3	YDR507C	host
NM_001180816.1	YDR508C	host
NM_001180818.1	YDR510W	host
NM_001180819.3	YDR511W	host
NM_001180820.3	YDR512C	host
NM_001180821.1	YDR513W	host
NM_001180822.1	YDR514C	host
NM_001180823.3	YDR515W	host
NM_001180824.3	YDR516C	host
NM_001180825.1	YDR517W	host
NM_001180826.1	YDR518W	host
NM_001180827.3	YDR519W	host
NM_001180828.3	YDR520C	host
NM_001180830.1	YDR522C	host
NM_001180831.1	YDR523C	host
NM_001180832.3	YDR524C	host
NM_001184632.3	YDR524W-C	host
NM_001184631.1	YDR524C-B	host
NM_001348819.1	YDR525W	host
NM_001184329.1	YDR525W-A	host
NM_001180835.4	YDR527W	host
NR_132162.1	YNCD0032C	host
NM_001180836.3	YDR528W	host
NM_001180837.1	YDR529C	host
NM_001180838.1	YDR530C	host
NM_001180839.3	YDR531W	host
NM_001180840.3	YDR532C	host
NM_001180841.1	YDR533C	host
NM_001180842.1	YDR534C	host
NM_001180844.3	YDR536W	host
NM_001180846.3	YDR538W	host
NM_001180847.1	YDR539W	host
NM_001180848.1	YDR540C	host
NM_001180849.4	YDR541C	host
NM_001180850.3	YDR542W	host
NM_001180853.1	YDR545W	host
NM_001184302.1	YEL077C	host
NM_001180855.1	YEL076C-A	host
NM_001178891.1	YEL076C	host
NM_001178890.1	YEL075C	host
NM_001178888.1	YEL073C	host
NM_001178887.1	YEL072W	host
NM_001178886.1	YEL071W	host
NM_001178885.1	YEL070W	host
NM_001178884.1	YEL069C	host
NM_001270743.1	YEL068C	host
NM_001178882.1	YEL067C	host
NM_001178881.2	YEL066W	host
NM_001178880.3	YEL065W	host
NM_001178879.1	YEL064C	host
NM_001178878.1	YEL063C	host
NM_001178877.3	YEL062W	host
NM_001178876.1	YEL061C	host
NM_001178875.1	YEL060C	host
NM_001180854.3	YEL059C-A	host
NM_001395033.1	YEL059W	host
NM_001178873.1	YEL058W	host
NM_001178872.1	YEL057C	host
NM_001178871.3	YEL056W	host
NM_001178870.1	YEL055C	host
NR_132163.1	YNCE0001C	host
NM_001178869.1	YEL054C	host
NM_001178868.3	YEL053C	host
NM_001178867.1	YEL052W	host
NM_001178866.1	YEL051W	host
NM_001178865.3	YEL050C	host
NR_132164.1	YNCE0002W	host
NR_132165.1	YNCE0003W	host
YNCE0004C	YNCE0004C	host
NM_001178864.1	YEL049W	host
NM_001178863.1	YEL048C	host
NM_001178862.3	YEL047C	host
NM_001178861.1	YEL046C	host
NM_001178859.1	YEL044W	host
NM_001178858.3	YEL043W	host
NM_001178857.1	YEL042W	host
NM_001178856.1	YEL041W	host
NM_001178855.3	YEL040W	host
NM_001178854.1	YEL039C	host
NM_001178853.1	YEL038W	host
NM_001178852.3	YEL037C	host
NM_001178851.1	YEL036C	host
NM_001178850.1	YEL035C	host
NM_001178849.3	YEL034W	host
NM_001178848.1	YEL033W	host
YNCE0005W	YNCE0005W	host
NM_001178847.1	YEL032W	host
NM_001178846.3	YEL031W	host
NM_001178845.1	YEL030W	host
NM_001178844.1	YEL029C	host
NM_001348820.1	YEL028W	host
YNCE0006W	YNCE0006W	host
NM_001178842.3	YEL027W	host
NM_001178841.1	YEL026W	host
NM_001178840.1	YEL025C	host
NM_001178839.3	YEL024W	host
NM_001178838.1	YEL023C	host
NM_001178837.1	YEL022W	host
NM_001178836.3	YEL021W	host
NM_001184349.1	YEL020W-A	host
NR_132166.1	NR_132166.1	host
NM_001178835.1	YEL020C	host
NM_001178834.3	YEL019C	host
NM_001178833.1	YEL018W	host
NM_001180029.1	YEL017C-A	host
NM_001178832.3	YEL017W	host
NM_001178831.1	YEL016C	host
NM_001178830.1	YEL015W	host
NM_001348821.1	YEL014C	host
NM_001178828.3	YEL013W	host
YNCE0008C	YNCE0008C	host
NM_001178827.1	YEL012W	host
NM_001178826.1	YEL011W	host
YNCE0009C	YNCE0009C	host
NM_001348822.1	YEL009C-A	host
YNCE0010W	YNCE0010W	host
NM_001178824.3	YEL009C	host
NM_001348823.1	YEL008W	host
NM_001178822.1	YEL007W	host
NM_001178821.1	YEL006W	host
NM_001178820.3	YEL005C	host
NM_001178819.1	YEL004W	host
NM_001178818.1	YEL003W	host
NM_001178817.3	YEL002C	host
NM_001178816.1	YEL001C	host
NM_001178892.1	YER001W	host
NM_001178893.3	YER002W	host
NM_001178894.1	YER003C	host
NM_001178895.1	YER004W	host
NM_001178896.3	YER005W	host
NM_001178897.1	YER006W	host
NM_001178898.1	YER007W	host
NM_001180857.3	YER007C-A	host
NR_132167.1	YNCE0011C	host
NM_001178899.1	YER008C	host
NM_001178900.1	YER009W	host
NM_001178901.3	YER010C	host
NM_001178902.1	YER011W	host
YNCE0012W	YNCE0012W	host
NM_001178903.1	YER012W	host
NM_001178904.3	YER013W	host
NM_001178905.1	YER014W	host
NM_001184456.1	YER014C-A	host
NM_001178906.3	YER015W	host
NM_001178907.1	YER016W	host
NM_001178908.1	YER017C	host
NM_001178909.3	YER018C	host
NM_001178910.1	YER019W	host
NM_001180031.1	YER019C-A	host
NM_001178911.3	YER020W	host
NM_001178912.1	YER021W	host
NM_001178913.1	YER022W	host
NM_001178914.3	YER023W	host
NM_001178915.1	YER024W	host
NM_001178916.1	YER025W	host
YNCE0013W	YNCE0013W	host
NM_001178917.3	YER026C	host
NM_001178918.1	YER027C	host
NM_001178919.1	YER028C	host
NM_001178920.3	YER029C	host
NM_001178921.1	YER030W	host
NM_001178922.1	YER031C	host
NM_001178923.3	YER032W	host
NM_001178924.1	YER033C	host
NM_001178925.1	YER034W	host
NM_001178926.3	YER035W	host
NM_001178927.1	YER036C	host
NM_001178928.1	YER037W	host
NM_001178929.3	YER038C	host
NM_001301348.1	YER038W-A	host
NM_001178930.1	YER039C	host
NM_001184319.1	YER039C-A	host
NM_001178931.3	YER040W	host
NM_001178932.2	YER041W	host
NM_001178933.1	YER042W	host
NM_001178934.3	YER043C	host
NM_001178935.1	YER044C	host
NM_001180023.1	YER044C-A	host
NM_001178936.3	YER045C	host
NM_001178937.1	YER046W	host
NM_001178938.1	YER047C	host
NM_001178939.3	YER048C	host
YNCE0014W	YNCE0014W	host
NM_001184330.1	YER048W-A	host
NM_001178940.1	YER049W	host
NM_001178941.3	YER050C	host
NM_001178942.1	YER051W	host
NM_001178943.1	YER052C	host
NM_001178944.3	YER053C	host
NM_001184444.1	YER053C-A	host
NM_001178945.1	YER054C	host
NM_001178946.3	YER055C	host
NM_001178947.1	YER056C	host
NM_001180036.1	YER056C-A	host
NM_001178948.3	YER057C	host
NM_001178949.1	YER058W	host
NM_001178950.1	YER059W	host
NM_001178951.3	YER060W	host
NM_001180858.1	YER060W-A	host
NM_001178952.2	YER061C	host
NM_001178953.3	YER062C	host
NM_001178954.1	YER063W	host
NM_001178955.1	YER064C	host
NM_001178956.3	YER065C	host
YNCE0015C	YNCE0015C	host
NM_001178957.1	YER066W	host
NM_001178958.1	YER067W	host
NM_001178959.3	YER068W	host
NM_001178960.1	YER069W	host
NM_001178961.1	YER070W	host
NM_001178962.3	YER071C	host
NM_001178963.1	YER072W	host
NM_001178964.2	YER073W	host
NM_001178965.3	YER074W	host
NM_001184512.1	YER074W-A	host
NM_001178966.2	YER075C	host
YNCE0016C	YNCE0016C	host
NM_001178967.3	YER076C	host
NM_001178968.1	YER077C	host
NM_001178969.1	YER078C	host
NM_001184548.3	YER078W-A	host
NM_001178970.1	YER079W	host
NM_001178971.1	YER080W	host
NR_132168.1	YNCE0017W	host
NM_001178972.3	YER081W	host
NM_001178973.1	YER082C	host
NM_001178974.1	YER083C	host
NM_001270744.1	YER084W	host
NM_001178976.3	YER085C	host
NM_001178977.1	YER086W	host
NM_001178978.1	YER087W	host
NM_001180032.3	YER087C-B	host
NM_001178979.3	YER088C	host
NM_001178980.1	YER089C	host
NM_001178981.1	YER090W	host
NM_001178982.3	YER091C	host
NM_001178983.3	YER092W	host
NM_001178984.1	YER093C	host
NM_001180860.1	YER093C-A	host
NM_001178985.3	YER094C	host
NM_001178986.3	YER095W	host
NM_001178987.1	YER096W	host
YNCE0018W	YNCE0018W	host
NM_001178989.1	YER098W	host
NM_001178990.3	YER099C	host
NM_001178991.3	YER100W	host
NM_001178992.1	YER101C	host
NM_001178993.1	YER102W	host
NM_001178994.3	YER103W	host
NM_001178995.3	YER104W	host
NM_001178996.1	YER105C	host
NM_001178997.1	YER106W	host
NM_001178998.3	YER107C	host
YER109C	YER109C	host
NM_001179000.1	YER110C	host
NM_001179001.1	YER111C	host
NM_001179002.3	YER112W	host
NM_001179003.3	YER113C	host
NM_001179004.1	YER114C	host
NM_001179005.1	YER115C	host
NM_001179006.3	YER116C	host
NM_001179007.3	YER117W	host
NM_001179008.1	YER118C	host
NM_001179009.1	YER119C	host
NM_001179010.3	YER120W	host
NM_001179011.3	YER121W	host
NM_001179012.1	YER122C	host
NM_001179013.1	YER123W	host
NM_001179014.3	YER124C	host
NM_001179015.3	YER125W	host
NM_001179016.1	YER126C	host
NM_001179017.1	YER127W	host
NM_001179018.3	YER128W	host
NM_001179019.3	YER129W	host
NM_001179020.1	YER130C	host
NM_001179021.1	YER131W	host
NR_132169.1	YNCE0019W	host
NM_001179022.3	YER132C	host
NR_132170.1	YNCE0020C	host
NM_001179023.3	YER133W	host
YNCE0021C	YNCE0021C	host
YNCE0022C	YNCE0022C	host
NM_001179024.1	YER134C	host
NM_001348826.1	YER135C	host
YNCE0023W	YNCE0023W	host
NM_001179026.1	YER136W	host
NM_001179027.3	YER137C	host
NR_132171.1	NR_132171.1	host
YNCE0025C	YNCE0025C	host
NM_001179028.4	YER138C	host
NM_001184428.1	YER137C-A	host
NM_001184332.1	YER138W-A	host
NM_001179029.3	YER139C	host
NM_001179030.3	YER140W	host
NM_001179031.1	YER141W	host
NM_001179032.1	YER142C	host
NM_001179033.3	YER143W	host
NM_001179034.3	YER144C	host
NM_001179035.1	YER145C	host
NM_001348827.1	YER145C-A	host
NM_001179036.1	YER146W	host
NM_001179037.3	YER147C	host
NM_001179038.3	YER148W	host
NM_001179039.1	YER149C	host
NM_001179040.1	YER150W	host
YNCE0026W	YNCE0026W	host
NM_001179041.3	YER151C	host
NM_001179042.3	YER152C	host
NM_001179043.1	YER153C	host
NM_001179044.1	YER154W	host
NM_001179045.3	YER155C	host
NM_001179046.3	YER156C	host
NM_001179047.1	YER157W	host
YNCE0027C	YNCE0027C	host
NM_001179048.1	YER158C	host
NM_001179049.3	YER159C	host
YNCE0028C	YNCE0028C	host
NM_001179050.4	YER160C	host
NM_001184429.1	YER159C-A	host
NM_001179051.1	YER161C	host
NM_001179052.4	YER162C	host
NM_001179053.3	YER163C	host
NM_001179054.1	YER164W	host
NM_001179055.1	YER165W	host
NM_001179056.3	YER166W	host
NM_001179057.3	YER167W	host
NM_001179058.1	YER168C	host
NM_001179059.1	YER169W	host
NM_001179060.3	YER170W	host
NM_001179061.3	YER171W	host
NM_001179062.1	YER172C	host
NM_001179063.1	YER173W	host
NM_001179064.3	YER174C	host
NM_001179065.3	YER175C	host
NM_001184589.1	YER175W-A	host
NM_001179066.1	YER176W	host
NM_001179067.3	YER177W	host
NM_001179068.3	YER178W	host
NM_001179069.1	YER179W	host
NM_001179070.1	YER180C	host
NM_001184517.3	YER180C-A	host
YNCE0029C	YNCE0029C	host
NM_001348828.1	YER181C	host
NM_001179072.3	YER182W	host
NM_001179073.1	YER183C	host
NM_001179074.1	YER184C	host
NM_001179075.3	YER185W	host
NM_001179076.3	YER186C	host
NM_001179077.1	YER187W	host
NM_001348829.1	YER188W	host
NM_001184633.1	YER188C-A	host
NM_001179079.3	YER189W	host
NM_001179080.3	YER190W	host
NM_001184590.1	YER190C-B	host
NM_001179899.1	YFL068W	host
NM_001179900.1	YFL067W	host
NM_001179901.1	YFL066C	host
NM_001179902.1	YFL065C	host
NM_001179903.1	YFL064C	host
NM_001179905.1	YFL062W	host
NM_001179906.1	YFL061W	host
NM_001179907.1	YFL060C	host
NM_001179908.1	YFL059W	host
NM_001179909.1	YFL058W	host
YFL056C	YFL056C	host
NM_001179912.1	YFL055W	host
NM_001179913.1	YFL054C	host
NM_001179914.1	YFL053W	host
NM_001179915.1	YFL052W	host
NM_001179916.1	YFL051C	host
NM_001179917.1	YFL050C	host
NM_001179918.1	YFL049W	host
NM_001179919.1	YFL048C	host
NM_001179920.1	YFL047W	host
NM_001179921.1	YFL046W	host
NM_001179922.1	YFL045C	host
NM_001179923.1	YFL044C	host
NM_001179924.1	YFL042C	host
NM_001184549.1	YFL041W-A	host
NM_001179925.1	YFL041W	host
NM_001179926.1	YFL040W	host
NM_001179927.1	YFL039C	host
NM_001179928.1	YFL038C	host
NM_001179929.1	YFL037W	host
NR_132172.1	YNCF0001C	host
NM_001179930.1	YFL036W	host
NM_001179931.1	YFL034C-B	host
NM_001184310.1	YFL034C-A	host
NM_001179932.2	YFL034W	host
NM_001179933.1	YFL033C	host
NM_001179935.1	YFL031W	host
NM_001179936.1	YFL030W	host
NM_001179937.1	YFL029C	host
NM_001179938.1	YFL028C	host
NM_001179939.1	YFL027C	host
NM_001179940.2	YFL026W	host
NM_001179941.1	YFL025C	host
NM_001179942.1	YFL024C	host
NM_001179943.1	YFL023W	host
NM_001179944.2	YFL022C	host
NM_001179945.1	YFL021W	host
NM_001179946.1	YFL020C	host
NM_001348831.1	YFL019C	host
YNCF0002W	YNCF0002W	host
NM_001179948.1	YFL018C	host
NM_001180864.1	YFL017W-A	host
NM_001179949.1	YFL017C	host
NM_001179950.1	YFL016C	host
NM_001348832.1	YFL015C	host
NM_001179952.1	YFL014W	host
NM_001179953.1	YFL013C	host
NM_001179954.1	YFL012W	host
NM_001179955.1	YFL011W	host
NM_001180024.1	YFL010W-A	host
NM_001179956.1	YFL010C	host
NM_001179957.1	YFL009W	host
NM_001179958.1	YFL008W	host
NM_001179959.1	YFL007W	host
NM_001179961.1	YFL005W	host
NR_132173.1	YNCF0003C	host
NM_001179962.1	YFL004W	host
NM_001179963.1	YFL003C	host
YNCF0004C	YNCF0004C	host
NM_001184430.1	YFL002W-B	host
NM_001180862.2	YFL002W-A	host
NM_001179964.1	YFL002C	host
NM_001179965.1	YFL001W	host
NM_001179966.1	YFR001W	host
NM_001179967.1	YFR002W	host
NM_001179968.1	YFR003C	host
NM_001179969.1	YFR004W	host
NM_001179970.1	YFR005C	host
NM_001179971.1	YFR006W	host
YNCF0005C	YNCF0005C	host
NM_001179972.1	YFR007W	host
NM_001179973.1	YFR008W	host
YNCF0006W	YNCF0006W	host
NM_001179974.1	YFR009W	host
NM_001179975.1	YFR010W	host
NM_001179976.1	YFR011C	host
YNCF0007W	YNCF0007W	host
NM_001179977.1	YFR012W	host
NM_001184472.1	YFR012W-A	host
NM_001179978.1	YFR013W	host
NM_001179979.2	YFR014C	host
NM_001179980.1	YFR015C	host
NM_001179981.1	YFR016C	host
YNCF0008C	YNCF0008C	host
NM_001179982.1	YFR017C	host
NM_001179983.1	YFR018C	host
NM_001179984.2	YFR019W	host
YNCF0009C	YNCF0009C	host
NM_001270745.1	YFR020W	host
NM_001179986.1	YFR021W	host
NM_001179987.3	YFR022W	host
NR_132174.1	YNCF0010C	host
NM_001179988.1	YFR023W	host
NM_001180865.3	YFR024C-A	host
NM_001179990.1	YFR025C	host
YNCF0011C	YNCF0011C	host
NM_001179991.3	YFR026C	host
NM_001179992.1	YFR027W	host
NM_001179993.3	YFR028C	host
YNCF0012C	YNCF0012C	host
NM_001179994.1	YFR029W	host
NM_001179995.3	YFR030W	host
NM_001179996.2	YFR031C	host
NM_001180030.3	YFR031C-A	host
NR_132175.1	YNCF0013W	host
NM_001179997.1	YFR032C	host
NM_001184311.3	YFR032C-A	host
NM_001184591.1	YFR032C-B	host
NM_001179998.3	YFR033C	host
NM_001179999.1	YFR034C	host
NM_001180000.3	YFR035C	host
NM_001431138.1	YFR035W-A	host
YNCF0014C	YNCF0014C	host
NM_001180001.1	YFR036W	host
NM_001180002.3	YFR037C	host
NM_001180003.1	YFR038W	host
NM_001180004.3	YFR039C	host
NM_001180005.2	YFR040W	host
NM_001180006.3	YFR041C	host
NM_001180007.1	YFR042W	host
NM_001180008.3	YFR043C	host
NM_001180009.1	YFR044C	host
NM_001180010.3	YFR045W	host
NM_001180011.1	YFR046C	host
NM_001180012.3	YFR047C	host
NM_001180013.1	YFR048W	host
NM_001180014.3	YFR049W	host
NM_001180015.1	YFR050C	host
NM_001180016.3	YFR051C	host
NM_001180017.1	YFR052W	host
NM_001180018.3	YFR053C	host
NM_001348833.1	YFR054C	host
NM_001180021.1	YFR055W	host
NM_001180022.3	YFR057W	host
NM_001181129.1	YGL263W	host
NM_001181128.1	YGL262W	host
NM_001181127.1	YGL261C	host
NM_001181126.1	YGL260W	host
NM_001181125.1	YGL259W	host
NM_001184473.1	YGL258W-A	host
NM_001181124.1	YGL258W	host
NM_001181123.1	YGL257C	host
NM_001181122.1	YGL256W	host
NR_188205.1	YNCG0047C	host
NM_001181121.1	YGL255W	host
NM_001181120.1	YGL254W	host
NM_001181119.1	YGL253W	host
NM_001181118.1	YGL252C	host
NM_001181117.1	YGL251C	host
NM_001181116.1	YGL250W	host
NM_001181115.1	YGL249W	host
NR_132176.1	NR_132176.1	host
NM_001181114.1	YGL248W	host
NM_001181113.1	YGL247W	host
NM_001181112.1	YGL246C	host
NM_001181111.1	YGL245W	host
NM_001181110.1	YGL244W	host
NM_001181109.1	YGL243W	host
NM_001181108.1	YGL242C	host
NM_001181107.1	YGL241W	host
NM_001181106.1	YGL240W	host
NM_001181104.1	YGL238W	host
NM_001181103.1	YGL237C	host
NM_001181102.1	YGL236C	host
NM_001181101.1	YGL235W	host
NM_001181100.1	YGL234W	host
NM_001181099.1	YGL233W	host
NM_001181098.1	YGL232W	host
NM_001181097.1	YGL231C	host
NM_001181096.1	YGL230C	host
NM_001181095.1	YGL229C	host
NM_001181094.1	YGL228W	host
NM_001181093.1	YGL227W	host
NM_001181091.1	YGL226C-A	host
NM_001181092.1	YGL226W	host
YNCG0002C	YNCG0002C	host
NM_001181090.1	YGL225W	host
NM_001181089.1	YGL224C	host
NM_001181088.1	YGL223C	host
NM_001181087.1	YGL222C	host
NM_001181086.1	YGL221C	host
NM_001181085.1	YGL220W	host
NM_001181084.1	YGL219C	host
NM_001181081.1	YGL216W	host
NM_001181080.1	YGL215W	host
NM_001181078.1	YGL213C	host
NM_001181077.1	YGL212W	host
NM_001181076.1	YGL211W	host
NM_001181075.1	YGL210W	host
NM_001181074.1	YGL209W	host
NM_001181073.2	YGL208W	host
NM_001181072.1	YGL207W	host
NM_001181071.1	YGL206C	host
NM_001181070.1	YGL205W	host
YNCG0003C	YNCG0003C	host
NM_001270746.1	YGL204C	host
NM_001181068.1	YGL203C	host
YNCG0004W	YNCG0004W	host
NM_001181067.1	YGL202W	host
NM_001181066.1	YGL201C	host
YNCG0005W	YNCG0005W	host
NM_001181065.3	YGL200C	host
NM_001181063.1	YGL198W	host
NM_001181062.2	YGL197W	host
NM_001181061.1	YGL196W	host
NM_001181060.3	YGL195W	host
NM_001184677.1	YGL194C-A	host
NM_001181059.1	YGL194C	host
NR_132177.1	NR_132177.1	host
NM_001181058.1	YGL193C	host
NM_001181057.3	YGL192W	host
NM_001181056.1	YGL191W	host
NM_001181055.1	YGL190C	host
NM_001181054.1	YGL189C	host
NM_001184593.3	YGL188C-A	host
NM_001181052.1	YGL187C	host
NM_001181051.1	YGL186C	host
NM_001181050.1	YGL185C	host
NM_001181049.3	YGL184C	host
NM_001181048.1	YGL183C	host
NM_001181046.1	YGL181W	host
NM_001181045.1	YGL180W	host
NM_001181044.3	YGL179C	host
NM_001181043.1	YGL178W	host
NM_001181041.1	YGL176C	host
NM_001181040.1	YGL175C	host
NM_001181039.3	YGL174W	host
NM_001181038.1	YGL173C	host
NM_001181037.1	YGL172W	host
NM_001181036.1	YGL171W	host
NM_001181035.3	YGL170C	host
YNCG0007C	YNCG0007C	host
NM_001181034.1	YGL169W	host
NM_001181033.1	YGL168W	host
NM_001181032.1	YGL167C	host
NM_001181031.3	YGL166W	host
NM_001181029.1	YGL164C	host
NM_001181028.1	YGL163C	host
NM_001181027.1	YGL162W	host
NM_001181026.3	YGL161C	host
NM_001181025.1	YGL160W	host
NM_001181024.1	YGL159W	host
YNCG0008W	YNCG0008W	host
NM_001181023.1	YGL158W	host
NM_001181022.3	YGL157W	host
NM_001181021.1	YGL156W	host
NM_001181020.1	YGL155W	host
NM_001181019.1	YGL154C	host
NM_001181018.3	YGL153W	host
NM_001181016.1	YGL151W	host
NM_001181015.1	YGL150C	host
NM_001348834.1	YGL149W	host
NM_001181013.1	YGL148W	host
NM_001181012.3	YGL147C	host
NM_001181011.1	YGL146C	host
NM_001181010.2	YGL145W	host
NM_001181009.1	YGL144C	host
NM_001181008.3	YGL143C	host
NM_001181007.1	YGL142C	host
NM_001181006.1	YGL141W	host
NM_001181005.1	YGL140C	host
NM_001181004.3	YGL139W	host
NM_001181003.1	YGL138C	host
NM_001181002.1	YGL137W	host
NM_001181001.1	YGL136C	host
NM_001181000.3	YGL135W	host
NM_001180999.1	YGL134W	host
NM_001180998.1	YGL133W	host
NM_001180996.1	YGL131C	host
NM_001180995.3	YGL130W	host
NM_001180994.2	YGL129C	host
NM_001180993.1	YGL128C	host
NM_001180992.1	YGL127C	host
NM_001180991.3	YGL126W	host
NM_001180990.1	YGL125W	host
NM_001180989.2	YGL124C	host
NM_001180988.1	YGL123W	host
NM_001180987.3	YGL122C	host
NM_001180986.1	YGL121C	host
NM_001180985.1	YGL120C	host
NM_001180984.1	YGL119W	host
YNCG0009C	YNCG0009C	host
NM_001348835.1	YGL118C	host
NM_001180982.3	YGL117W	host
NM_001180981.1	YGL116W	host
NM_001180980.1	YGL115W	host
NM_001180979.1	YGL114W	host
NM_001180978.3	YGL113W	host
NM_001180977.1	YGL112C	host
NM_001180976.1	YGL111W	host
NM_001180975.1	YGL110C	host
NM_001180973.3	YGL108C	host
NM_001180972.1	YGL107C	host
NM_001180971.1	YGL106W	host
NM_001180970.1	YGL105W	host
NM_001180969.3	YGL104C	host
NM_001180968.1	YGL103W	host
NM_001180966.1	YGL101W	host
NM_001180965.1	YGL100W	host
NM_001180964.3	YGL099W	host
NR_132178.1	YNCG0010W	host
NM_001180963.1	YGL098W	host
YNCG0011W	YNCG0011W	host
NM_001180962.1	YGL097W	host
NM_001180961.1	YGL096W	host
YNCG0012W	YNCG0012W	host
NM_001180960.3	YGL095C	host
NM_001180959.1	YGL094C	host
NM_001180958.1	YGL093W	host
NM_001180957.1	YGL092W	host
NM_001180956.3	YGL091C	host
NM_001180955.1	YGL090W	host
NM_001180954.1	YGL089C	host
NM_001348836.1	YGL088W	host
NR_132179.1	YNCG0013W	host
NM_001180952.1	YGL087C	host
NM_001180951.3	YGL086W	host
NM_001180950.1	YGL085W	host
NM_001180949.1	YGL084C	host
NM_001180948.1	YGL083W	host
NM_001180947.3	YGL082W	host
NM_001180946.1	YGL081W	host
NM_001180945.1	YGL080W	host
NM_001180944.1	YGL079W	host
NM_001180943.3	YGL078C	host
NM_001180942.1	YGL077C	host
NM_001180941.1	YGL076C	host
NR_132180.1	YNCG0014C	host
NR_132181.1	YNCG0015C	host
NM_001180940.1	YGL075C	host
NM_001180938.3	YGL073W	host
NM_001180936.1	YGL071W	host
NM_001180935.1	YGL070C	host
NM_001180933.1	YGL068W	host
NM_001180932.3	YGL067W	host
NM_001180931.1	YGL066W	host
NM_001180930.1	YGL065C	host
NM_001180929.1	YGL064C	host
NM_001180928.4	YGL063W	host
NM_001180927.1	YGL062W	host
NM_001180926.1	YGL061C	host
NM_001180925.1	YGL060W	host
NM_001180924.4	YGL059W	host
NM_001180923.1	YGL058W	host
NM_001180922.1	YGL057C	host
NM_001180921.2	YGL056C	host
NM_001180920.3	YGL055W	host
NM_001180919.1	YGL054C	host
YNCG0016C	YNCG0016C	host
NM_001180918.1	YGL053W	host
NM_001180916.1	YGL051W	host
YNCG0017W	YNCG0017W	host
NM_001180915.3	YGL050W	host
NM_001180914.1	YGL049C	host
NM_001180913.1	YGL048C	host
NM_001180912.1	YGL047W	host
YNCG0018C	YNCG0018C	host
NM_001180910.3	YGL045W	host
NM_001180909.1	YGL044C	host
NM_001180908.1	YGL043W	host
NM_001184550.1	YGL041C-B	host
NM_001184647.4	YGL041W-A	host
NM_001180905.1	YGL040C	host
YNCG0019W	YNCG0019W	host
NM_001180904.1	YGL039W	host
NM_001180903.1	YGL038C	host
NM_001180902.3	YGL037C	host
NM_001180901.1	YGL036W	host
NM_001180900.1	YGL035C	host
NM_001348837.1	YGL034C	host
NM_001180898.2	YGL033W	host
NM_001180897.3	YGL032C	host
NM_001180896.1	YGL031C	host
NM_001180895.1	YGL030W	host
NM_001180894.1	YGL029W	host
YNCG0020C	YNCG0020C	host
NM_001180893.3	YGL028C	host
NM_001180892.1	YGL027C	host
NM_001180891.1	YGL026C	host
NM_001180890.1	YGL025C	host
NM_001180888.3	YGL023C	host
NM_001180887.1	YGL022W	host
NM_001180886.1	YGL021W	host
NM_001180885.1	YGL020C	host
NM_001180884.3	YGL019W	host
NM_001180883.1	YGL018C	host
NM_001180882.1	YGL017W	host
NM_001180881.1	YGL016W	host
NM_001180880.3	YGL015C	host
NM_001180879.1	YGL014W	host
NM_001180878.1	YGL013C	host
NM_001180877.1	YGL012W	host
NM_001180876.3	YGL011C	host
NM_001180875.1	YGL010W	host
NM_001180874.1	YGL009C	host
NM_001180873.1	YGL008C	host
NM_001184592.3	YGL007C-A	host
NM_001348838.1	YGL007W	host
NM_001184634.1	YGL006W-A	host
NM_001180871.1	YGL006W	host
NM_001180870.1	YGL005C	host
NM_001180869.3	YGL004C	host
NM_001180868.1	YGL003C	host
NM_001180867.1	YGL002W	host
NM_001180866.1	YGL001C	host
NM_001181130.3	YGR001C	host
NM_001181131.1	YGR002C	host
NM_001181132.1	YGR003W	host
NM_001181133.1	YGR004W	host
NM_001181134.3	YGR005C	host
NM_001181135.1	YGR006W	host
NM_001181136.1	YGR007W	host
NM_001181137.1	YGR008C	host
NM_001181138.3	YGR009C	host
NM_001181139.1	YGR010W	host
NM_001181141.1	YGR012W	host
NM_001181142.1	YGR013W	host
NM_001181143.3	YGR014W	host
NM_001181144.1	YGR015C	host
NM_001181145.1	YGR016W	host
NM_001431139.1	YGR016C-A	host
NM_001181146.1	YGR017W	host
NM_001270747.1	YGR018C	host
NM_001181148.3	YGR019W	host
NM_001181149.1	YGR020C	host
NM_001181150.1	YGR021W	host
NM_001181152.1	YGR023W	host
YNCG0021W	YNCG0021W	host
NM_001181153.3	YGR024C	host
NM_001348839.1	YGR025W	host
NM_001181155.3	YGR026W	host
NM_001181156.1	YGR027C	host
NM_001184431.1	YGR027W-A	host
NM_001184432.2	YGR027W-B	host
YNCG0022W	YNCG0022W	host
NM_001181157.3	YGR028W	host
NM_001181158.3	YGR029W	host
YNCG0023C	YNCG0023C	host
NR_132182.1	YNCG0024W	host
NM_001181159.1	YGR030C	host
NM_001181160.1	YGR031W	host
NM_001184658.1	YGR031C-A	host
NM_001181161.3	YGR032W	host
NM_001181162.3	YGR033C	host
NM_001181163.1	YGR034W	host
NM_001181164.1	YGR035C	host
NM_001184648.1	YGR035W-A	host
NM_001181165.3	YGR036C	host
NM_001181166.3	YGR037C	host
NM_001181167.1	YGR038W	host
YNCG0025C	YNCG0025C	host
NM_001184434.2	YGR038C-B	host
NM_001184433.1	YGR038C-A	host
NM_001348840.1	YGR039W	host
NM_001181169.3	YGR040W	host
NM_001181170.3	YGR041W	host
NM_001181171.1	YGR042W	host
NM_001181172.1	YGR043C	host
NM_001181173.1	YGR044C	host
NM_001348841.1	YGR045C	host
NM_001181175.3	YGR046W	host
NM_001181176.3	YGR047C	host
NM_001181177.1	YGR048W	host
NM_001181178.1	YGR049W	host
NM_001270748.1	YGR050C	host
NM_001181181.1	YGR052W	host
NM_001181182.3	YGR053C	host
NM_001181183.4	YGR054W	host
NM_001181184.1	YGR055W	host
NM_001181185.1	YGR056W	host
NM_001181186.3	YGR057C	host
NM_001181187.2	YGR058W	host
NM_001181188.3	YGR059W	host
NR_132183.1	YNCG0026W	host
NM_001181189.3	YGR060W	host
NM_001181190.1	YGR061C	host
NM_001181191.1	YGR062C	host
NM_001181192.3	YGR063C	host
NM_001181194.1	YGR065C	host
NM_001181195.3	YGR066C	host
NM_001181196.4	YGR067C	host
NM_001181197.1	YGR068C	host
NM_001181199.2	YGR070W	host
NM_001181200.3	YGR071C	host
NM_001181201.1	YGR072W	host
NM_001181203.3	YGR074W	host
NM_001181204.3	YGR075C	host
NM_001181205.1	YGR076C	host
NM_001181206.1	YGR077C	host
NM_001181207.3	YGR078C	host
NM_001181208.1	YGR079W	host
NM_001181209.3	YGR080W	host
NM_001181210.3	YGR081C	host
NM_001181211.1	YGR082W	host
NM_001181212.1	YGR083C	host
NM_001181213.3	YGR084C	host
NM_001181214.1	YGR085C	host
NM_001181215.3	YGR086C	host
NR_188206.1	YNCG0048W	host
NM_001181216.3	YGR087C	host
NM_001181217.1	YGR088W	host
NM_001181218.1	YGR089W	host
NR_188207.1	YNCG0049W	host
YNCG0027W	YNCG0027W	host
NM_001181219.3	YGR090W	host
NM_001181220.1	YGR091W	host
NM_001181221.3	YGR092W	host
NM_001181222.3	YGR093W	host
NM_001181223.1	YGR094W	host
NM_001181224.1	YGR095C	host
NM_001181225.3	YGR096W	host
NM_001181226.1	YGR097W	host
NM_001181227.3	YGR098C	host
NM_001181228.3	YGR099W	host
NM_001181229.1	YGR100W	host
NM_001181230.1	YGR101W	host
NM_001181231.3	YGR102C	host
NM_001181232.1	YGR103W	host
NM_001181233.3	YGR104C	host
NM_001181234.3	YGR105W	host
NM_001181235.1	YGR106C	host
YNCG0028W	YNCG0028W	host
YNCG0029C	YNCG0029C	host
NM_001181237.1	YGR108W	host
NM_001181238.3	YGR109C	host
YNCG0030C	YNCG0030C	host
NM_001184380.3	YGR109W-A	host
NM_001184381.2	YGR109W-B	host
NM_001181239.3	YGR110W	host
NM_001181240.1	YGR111W	host
NM_001181241.1	YGR112W	host
NM_001181242.3	YGR113W	host
NM_001181245.1	YGR116W	host
NM_001181246.3	YGR117C	host
NM_001181247.3	YGR118W	host
NM_001181248.1	YGR119C	host
NM_001181249.1	YGR120C	host
YNCG0031W	YNCG0031W	host
NM_001181250.3	YGR121C	host
NM_001184551.1	YGR121W-A	host
NM_001181251.3	YGR122W	host
YNCG0032W	YNCG0032W	host
NM_001181252.3	YGR123C	host
YNCG0033W	YNCG0033W	host
NM_001181253.1	YGR124W	host
NM_001181254.1	YGR125W	host
NM_001181255.3	YGR126W	host
NM_001181256.1	YGR127W	host
NM_001181257.3	YGR128C	host
NM_001181258.3	YGR129W	host
NM_001181259.1	YGR130C	host
NM_001181260.1	YGR131W	host
NM_001181261.3	YGR132C	host
NM_001181262.1	YGR133W	host
NM_001181263.3	YGR134W	host
NM_001181264.3	YGR135W	host
NM_001181265.1	YGR136W	host
NM_001181267.1	YGR138C	host
NM_001181269.3	YGR140W	host
NM_001181270.1	YGR141W	host
NM_001181271.3	YGR142W	host
YNCG0034W	YNCG0034W	host
NM_001181272.3	YGR143W	host
YNCG0035W	YNCG0035W	host
NM_001181273.1	YGR144W	host
NM_001181274.2	YGR145W	host
NM_001181275.3	YGR146C	host
NM_001184594.1	YGR146C-A	host
NM_001181276.3	YGR147C	host
NM_001181277.3	YGR148C	host
NM_001181278.1	YGR149W	host
NM_001181279.1	YGR150C	host
YNCG0036W	YNCG0036W	host
NM_001181281.3	YGR152C	host
NM_001181282.2	YGR153W	host
NM_001181283.3	YGR154C	host
NM_001181284.3	YGR155W	host
NM_001181285.1	YGR156W	host
NM_001181286.1	YGR157W	host
NM_001181287.3	YGR158C	host
NM_001181288.1	YGR159C	host
NM_001181290.3	YGR161C	host
NM_001184675.3	YGR161W-C	host
NM_001184401.1	YGR161W-A	host
NM_001184402.2	YGR161W-B	host
NM_001184400.4	YGR161C-D	host
NM_001184399.1	YGR161C-C	host
YNCG0037W	YNCG0037W	host
NM_001181291.3	YGR162W	host
NM_001181292.3	YGR163W	host
NM_001348843.1	YGR164W	host
YNCG0038C	YNCG0038C	host
NM_001181294.1	YGR165W	host
NM_001181295.1	YGR166W	host
NM_001181296.3	YGR167W	host
NM_001181297.1	YGR168C	host
NM_001181298.3	YGR169C	host
NM_001184531.3	YGR169C-A	host
NM_001181299.1	YGR170W	host
NM_001181300.1	YGR171C	host
NM_001181301.3	YGR172C	host
NM_001181302.1	YGR173W	host
YNCG0039W	YNCG0039W	host
NM_001181303.3	YGR174C	host
NM_001184595.3	YGR174W-A	host
NM_001181304.1	YGR175C	host
NM_001181306.1	YGR177C	host
NM_001181307.3	YGR178C	host
NM_001181308.1	YGR179C	host
NM_001181309.3	YGR180C	host
YNCG0040C	YNCG0040C	host
NM_001181310.3	YGR181W	host
NM_001181312.1	YGR183C	host
NM_001181313.1	YGR184C	host
NM_001181314.3	YGR185C	host
NM_001181315.1	YGR186W	host
NM_001181316.3	YGR187C	host
NM_001181317.3	YGR188C	host
YNCG0041W	YNCG0041W	host
NM_001181318.1	YGR189C	host
YNCG0042C	YNCG0042C	host
NM_001181320.1	YGR191W	host
NM_001181321.3	YGR192C	host
NM_001181322.1	YGR193C	host
NM_001181323.3	YGR194C	host
NM_001181324.3	YGR195W	host
NM_001181325.1	YGR196C	host
NM_001181326.1	YGR197C	host
NM_001181327.3	YGR198W	host
NM_001181328.1	YGR199W	host
NM_001181329.3	YGR200C	host
NM_001181330.3	YGR201C	host
NM_001181331.1	YGR202C	host
NM_001181332.1	YGR203W	host
NM_001181333.3	YGR204W	host
NM_001184596.1	YGR204C-A	host
NM_001181334.3	YGR205W	host
NM_001181335.3	YGR206W	host
NM_001181336.1	YGR207C	host
NM_001181337.1	YGR208W	host
NM_001181338.3	YGR209C	host
NM_001181339.1	YGR210C	host
NM_001181340.3	YGR211W	host
NM_001181341.3	YGR212W	host
NM_001181342.1	YGR213C	host
NM_001181343.1	YGR214W	host
NM_001181344.3	YGR215W	host
NM_001181345.1	YGR216C	host
NM_001181346.3	YGR217W	host
YNCG0043C	YNCG0043C	host
NM_001181347.3	YGR218W	host
NM_001181349.1	YGR220C	host
NM_001181350.2	YGR221C	host
NR_132184.1	YNCG0044C	host
NR_132185.1	YNCG0045C	host
NM_001181351.3	YGR222W	host
NM_001181352.1	YGR223C	host
NM_001181353.3	YGR224W	host
NM_001181354.3	YGR225W	host
NM_001181356.2	YGR227W	host
NM_001395731.1	YGR227C-A	host
NM_001181358.1	YGR229C	host
NM_001181359.3	YGR230W	host
NM_001181360.1	YGR231C	host
NM_001181361.3	YGR232W	host
NM_001181362.3	YGR233C	host
NM_001181363.1	YGR234W	host
NM_001181364.1	YGR235C	host
NM_001181365.3	YGR236C	host
NM_001181366.1	YGR237C	host
NM_001181367.3	YGR238C	host
NM_001181368.3	YGR239C	host
NM_001181369.1	YGR240C	host
NM_001184552.1	YGR240C-A	host
NM_001181370.3	YGR241C	host
NM_001181372.1	YGR243W	host
NM_001181373.3	YGR244C	host
NM_001181374.3	YGR245C	host
NM_001181375.1	YGR246C	host
NM_001181376.1	YGR247W	host
NM_001181377.3	YGR248W	host
NM_001181378.1	YGR249W	host
NM_001181379.3	YGR250C	host
NM_001181380.3	YGR251W	host
NM_001181381.1	YGR252W	host
NM_001181382.1	YGR253C	host
NM_001181383.3	YGR254W	host
NM_001181384.1	YGR255C	host
YNCG0046W	YNCG0046W	host
NM_001181385.3	YGR256W	host
NM_001181386.3	YGR257C	host
NM_001181387.1	YGR258C	host
NM_001181389.1	YGR260W	host
NM_001181390.3	YGR261C	host
NM_001181391.1	YGR262C	host
NM_001181392.3	YGR263C	host
NM_001181393.3	YGR264C	host
NM_001181395.1	YGR266W	host
NM_001181396.1	YGR267C	host
NM_001181397.3	YGR268C	host
NM_001181399.1	YGR270W	host
NM_001181400.4	YGR271W	host
NM_001184474.3	YGR271C-A	host
NM_001181402.1	YGR273C	host
NM_001181403.2	YGR274C	host
NM_001181404.3	YGR275W	host
NM_001181405.1	YGR276C	host
NM_001181406.3	YGR277C	host
NM_001181407.3	YGR278W	host
NM_001181408.1	YGR279C	host
NM_001181409.1	YGR280C	host
NM_001181410.3	YGR281W	host
NM_001181411.1	YGR282C	host
NM_001181412.3	YGR283C	host
NM_001181413.3	YGR284C	host
NM_001181414.1	YGR285C	host
NM_001181415.1	YGR286C	host
NM_001181416.3	YGR287C	host
NM_001181417.1	YGR288W	host
NM_001181418.3	YGR289C	host
NM_001181421.3	YGR292W	host
NM_001181423.1	YGR294W	host
NM_001181424.1	YGR295C	host
NM_001181425.3	YGR296W	host
NM_001179130.1	YHL050C	host
NM_001179129.1	YHL049C	host
NM_001184650.1	YHL048C-A	host
NM_001179128.1	YHL048W	host
NM_001179127.2	YHL047C	host
NM_001179126.1	YHL046C	host
NM_001416099.1	YHL045W	host
NM_001179124.1	YHL044W	host
NM_001179123.1	YHL043W	host
NM_001179122.1	YHL042W	host
NM_001348807.1	YHL041W	host
NM_001179120.1	YHL040C	host
NM_001179119.1	YHL039W	host
NM_001179118.1	YHL038C	host
NM_001348812.1	YHL037C	host
NM_001179116.1	YHL036W	host
NM_001179115.1	YHL035C	host
NM_001179114.1	YHL034C	host
NM_001179113.1	YHL033C	host
NM_001179112.1	YHL032C	host
NM_001179111.1	YHL031C	host
NM_001179110.1	YHL030W	host
NM_001179109.1	YHL029C	host
NM_001179108.1	YHL028W	host
NM_001179107.1	YHL027W	host
NM_001179106.1	YHL026C	host
NM_001179105.1	YHL025W	host
NM_001179104.1	YHL024W	host
NM_001179103.1	YHL023C	host
YNCH0001W	YNCH0001W	host
NM_001179102.1	YHL022C	host
NM_001179101.1	YHL021C	host
NM_001179100.1	YHL020C	host
NM_001179099.1	YHL019C	host
NM_001179098.1	YHL018W	host
NM_001179097.1	YHL017W	host
NM_001179096.1	YHL016C	host
NM_001184649.1	YHL015W-A	host
NM_001179095.1	YHL015W	host
NM_001179094.1	YHL014C	host
NM_001179093.1	YHL013C	host
NM_001179092.1	YHL012W	host
NM_001179091.1	YHL011C	host
NM_001179090.1	YHL010C	host
NM_001179089.1	YHL009C	host
YNCH0002C	YNCH0002C	host
NM_001184403.1	YHL009W-A	host
NM_001184404.2	YHL009W-B	host
NM_001179088.1	YHL008C	host
NM_001179087.1	YHL007C	host
NM_001179086.1	YHL006C	host
NM_001348872.1	YHL005C	host
NM_001179084.1	YHL004W	host
NM_001179083.1	YHL003C	host
NM_001179082.1	YHL002W	host
NM_001179081.1	YHL001W	host
NM_001179131.1	YHR001W	host
NM_001181426.1	YHR001W-A	host
NM_001179132.1	YHR002W	host
NM_001179133.1	YHR003C	host
NM_001179134.1	YHR004C	host
NM_001179135.1	YHR005C	host
NM_001181427.1	YHR005C-A	host
YNCH0003C	YNCH0003C	host
NM_001179136.1	YHR006W	host
NM_001179137.1	YHR007C	host
NM_001184651.1	YHR007C-A	host
NM_001179138.1	YHR008C	host
NM_001179139.1	YHR009C	host
NM_001179140.1	YHR010W	host
NM_001179141.1	YHR011W	host
NM_001179142.1	YHR012W	host
NM_001179143.1	YHR013C	host
NM_001179144.1	YHR014W	host
YNCH0004C	YNCH0004C	host
YNCH0005W	YNCH0005W	host
NM_001179145.1	YHR015W	host
NM_001179146.1	YHR016C	host
NM_001179147.1	YHR017W	host
NM_001179148.1	YHR018C	host
NM_001179149.1	YHR019C	host
NM_001179150.1	YHR020W	host
YNCH0006C	YNCH0006C	host
NM_001179151.1	YHR021C	host
NM_001181428.1	YHR021W-A	host
NM_001179152.1	YHR022C	host
NM_001184597.1	YHR022C-A	host
NM_001179153.1	YHR023W	host
NM_001179154.1	YHR024C	host
NM_001179155.1	YHR025W	host
NM_001179156.1	YHR026W	host
NM_001179157.1	YHR027C	host
NM_001179158.1	YHR028C	host
NM_001179159.1	YHR029C	host
NM_001179160.1	YHR030C	host
NM_001179161.1	YHR031C	host
NM_001179162.1	YHR032W	host
NM_001179163.1	YHR033W	host
NM_001179164.1	YHR034C	host
NM_001179165.1	YHR035W	host
NM_001179166.1	YHR036W	host
NM_001179167.1	YHR037W	host
NM_001179168.1	YHR038W	host
NM_001179169.1	YHR039C	host
NM_001180027.1	YHR039C-A	host
NM_001179170.1	YHR040W	host
NM_001179171.1	YHR041C	host
NM_001179172.1	YHR042W	host
NM_001179173.1	YHR043C	host
NM_001179174.1	YHR044C	host
NM_001179175.1	YHR045W	host
NM_001179176.1	YHR046C	host
NM_001179177.1	YHR047C	host
NM_001179178.1	YHR048W	host
NM_001179179.1	YHR049W	host
NM_001179180.1	YHR050W	host
NM_001184652.1	YHR050W-A	host
NM_001179181.1	YHR051W	host
NM_001179182.1	YHR052W	host
NR_132186.1	YNCH0007W	host
NM_001395031.1	YHR052C-B	host
NM_001179185.1	YHR053C	host
NM_001179184.1	YHR054C	host
NR_132187.1	YNCH0008W	host
NM_001395032.1	YHR054C-B	host
NM_001179183.1	YHR055C	host
NM_001179186.2	YHR056C	host
NM_001179187.1	YHR057C	host
NM_001179188.1	YHR058C	host
NM_001179189.1	YHR059W	host
NM_001179190.1	YHR060W	host
NM_001179191.1	YHR061C	host
NM_001179192.1	YHR062C	host
NM_001179193.1	YHR063C	host
NM_001179194.1	YHR064C	host
NM_001179195.1	YHR065C	host
NM_001179196.1	YHR066W	host
NM_001179197.1	YHR067W	host
NM_001179198.1	YHR068W	host
NM_001179199.1	YHR069C	host
NM_001179200.1	YHR070W	host
NM_001179201.1	YHR071W	host
YNCH0009C	YNCH0009C	host
NM_001179202.2	YHR072W	host
NM_001184438.1	YHR072W-A	host
NM_001179203.1	YHR073W	host
NM_001179204.1	YHR074W	host
NM_001179205.1	YHR075C	host
NM_001179206.1	YHR076W	host
NM_001179207.1	YHR077C	host
NM_001179208.1	YHR078W	host
NM_001179209.1	YHR079C	host
NM_001180026.1	YHR079C-A	host
NM_001179210.1	YHR080C	host
NM_001179211.1	YHR081W	host
NM_001179212.1	YHR082C	host
NM_001179213.1	YHR083W	host
NM_001179214.1	YHR084W	host
NM_001179215.1	YHR085W	host
NM_001179216.1	YHR086W	host
NM_001184553.1	YHR086W-A	host
NM_001179217.1	YHR087W	host
NM_001179218.1	YHR088W	host
NM_001179219.1	YHR089C	host
NM_001179220.1	YHR090C	host
NM_001179221.1	YHR091C	host
NM_001179222.2	YHR092C	host
NM_001348818.1	YHR093W	host
NM_001179224.1	YHR094C	host
NM_001179226.1	YHR096C	host
NM_001179227.1	YHR097C	host
NM_001179228.1	YHR098C	host
NM_001179229.1	YHR099W	host
NM_001179230.1	YHR100C	host
NM_001179231.1	YHR101C	host
NM_001179232.1	YHR102W	host
NM_001179233.1	YHR103W	host
NM_001179234.1	YHR104W	host
NM_001179235.1	YHR105W	host
NM_001179236.1	YHR106W	host
NM_001179237.1	YHR107C	host
NM_001179238.1	YHR108W	host
NM_001179239.1	YHR109W	host
NM_001179240.1	YHR110W	host
NM_001179241.1	YHR111W	host
NM_001179242.1	YHR112C	host
NM_001179243.1	YHR113W	host
NM_001179244.1	YHR114W	host
NM_001179245.1	YHR115C	host
NM_001179246.1	YHR116W	host
NM_001179247.1	YHR117W	host
NM_001179248.1	YHR118C	host
NM_001179249.1	YHR119W	host
NM_001179250.1	YHR120W	host
NM_001179251.1	YHR121W	host
NM_001179252.1	YHR122W	host
NM_001179253.1	YHR123W	host
NM_001179254.1	YHR124W	host
YNCH0010C	YNCH0010C	host
NM_001348824.1	YHR125W	host
NM_001179256.1	YHR126C	host
NM_001179257.1	YHR127W	host
NM_001179258.1	YHR128W	host
NM_001179259.1	YHR129C	host
NM_001348825.1	YHR130C	host
NM_001179261.1	YHR131C	host
NM_001179262.1	YHR132C	host
NM_001184441.1	YHR132W-A	host
NM_001179263.1	YHR133C	host
NM_001179264.1	YHR134W	host
NM_001179265.1	YHR135C	host
NM_001179266.1	YHR136C	host
NM_001179267.1	YHR137W	host
NM_001179268.1	YHR138C	host
NM_001179269.1	YHR139C	host
NR_172476.1	NR_172476.1	host
NM_001348830.1	YHR139C-A	host
NM_001179270.1	YHR140W	host
NR_132188.1	YNCH0012W	host
NM_001179271.1	YHR141C	host
NM_001179272.1	YHR142W	host
NM_001179274.1	YHR143W	host
NM_001179273.1	YHR143W-A	host
NM_001179275.1	YHR144C	host
YNCH0013C	YNCH0013C	host
NM_001179277.1	YHR146W	host
NM_001179278.1	YHR147C	host
NM_001179279.1	YHR148W	host
NM_001179280.1	YHR149C	host
NM_001179281.1	YHR150W	host
NM_001179282.1	YHR151C	host
NM_001179283.1	YHR152W	host
NM_001179284.1	YHR153C	host
NM_001179285.1	YHR154W	host
NM_001179286.1	YHR155W	host
NR_132189.1	YNCH0014W	host
NM_001179287.1	YHR156C	host
NM_001179288.1	YHR157W	host
NM_001179289.1	YHR158C	host
NM_001179290.1	YHR159W	host
NM_001179291.1	YHR160C	host
NM_001179292.1	YHR161C	host
NM_001179293.1	YHR162W	host
NM_001179294.1	YHR163W	host
NM_001179295.1	YHR164C	host
NM_001179296.1	YHR165C	host
NM_001179297.1	YHR166C	host
NM_001179298.1	YHR167W	host
NM_001179299.2	YHR168W	host
NM_001179300.1	YHR169W	host
NM_001179301.1	YHR170W	host
NM_001179302.1	YHR171W	host
NM_001179303.1	YHR172W	host
NM_001270738.1	YHR173C	host
NM_001179305.1	YHR174W	host
NM_001179306.3	YHR175W	host
NM_001184554.1	YHR175W-A	host
NM_001179307.3	YHR176W	host
NM_001179308.1	YHR177W	host
NM_001179309.3	YHR178W	host
NM_001179310.1	YHR179W	host
NM_001348842.1	YHR180W	host
YNCH0015W	YNCH0015W	host
NM_001179312.3	YHR181W	host
NM_001179313.1	YHR182W	host
NM_001179314.3	YHR183W	host
NM_001179315.1	YHR184W	host
NM_001179316.3	YHR185C	host
YNCH0016C	YNCH0016C	host
NM_001179317.1	YHR186C	host
NM_001179318.3	YHR187W	host
NM_001179319.1	YHR188C	host
NM_001179320.3	YHR189W	host
NM_001179321.1	YHR190W	host
NM_001179322.3	YHR191C	host
NM_001179323.1	YHR192W	host
NM_001179324.3	YHR193C	host
NM_001179325.1	YHR194W	host
NM_001179326.3	YHR195W	host
NM_001179327.1	YHR196W	host
NM_001179328.4	YHR197W	host
NM_001179329.1	YHR198C	host
NM_001179330.3	YHR199C	host
NM_001184671.1	YHR199C-A	host
NM_001179331.3	YHR200W	host
NM_001179332.1	YHR201C	host
NM_001179333.3	YHR202W	host
NM_001179334.1	YHR203C	host
NM_001179335.3	YHR204W	host
NM_001179336.1	YHR205W	host
NM_001179337.3	YHR206W	host
NM_001179338.1	YHR207C	host
NM_001179339.3	YHR208W	host
NM_001179340.1	YHR209W	host
NM_001179341.3	YHR210C	host
NM_001179342.1	YHR211W	host
NM_001184598.3	YHR212W-A	host
NM_001179344.1	YHR213W	host
NM_001184599.3	YHR213W-A	host
NM_001184600.1	YHR213W-B	host
NM_001179345.3	YHR214W	host
NM_001181431.2	YHR214C-B	host
NM_001184437.3	YHR214C-C	host
NM_001184601.1	YHR214C-D	host
NM_001184602.3	YHR214C-E	host
NM_001179346.1	YHR215W	host
NM_001179347.3	YHR216W	host
NM_001179349.1	YHR218W	host
NM_001179350.3	YHR219W	host
NM_001179522.1	YIL177C	host
NM_001179521.1	YIL176C	host
YIL175W	YIL175W	host
YIL174W	YIL174W	host
NM_001179519.1	YIL173W	host
NM_001179518.1	YIL172C	host
YIL171W	YIL171W	host
YIL170W	YIL170W	host
NM_001179517.1	YIL169C	host
YIL167W	YIL167W	host
NM_001179514.1	YIL166C	host
NM_001179513.1	YIL165C	host
NM_001179512.1	YIL164C	host
NM_001270749.1	YIL163C	host
NM_001179510.1	YIL162W	host
NM_001179509.1	YIL161W	host
NM_001179508.1	YIL160C	host
NM_001179507.1	YIL159W	host
NM_001179506.3	YIL158W	host
NM_001179505.1	YIL157C	host
NM_001184521.1	YIL156W-B	host
NM_001179504.1	YIL156W	host
NM_001179503.1	YIL155C	host
NM_001179502.3	YIL154C	host
NM_001179501.1	YIL153W	host
NM_001179500.1	YIL152W	host
NM_001179499.1	YIL151C	host
NM_001179498.1	YIL150C	host
NM_001179497.3	YIL149C	host
NM_001179496.1	YIL148W	host
NM_001179495.1	YIL147C	host
NM_001179494.1	YIL146C	host
NM_001179493.1	YIL145C	host
NM_001179492.3	YIL144W	host
NM_001179491.1	YIL143C	host
NM_001179490.1	YIL142W	host
NM_001179488.1	YIL140W	host
NM_001179487.1	YIL139C	host
NM_001179486.3	YIL138C	host
NM_001179485.1	YIL137C	host
NM_001179484.1	YIL136W	host
NM_001179483.1	YIL135C	host
NM_001184555.1	YIL134C-A	host
NR_132190.1	YNCI0001W	host
NM_001179482.3	YIL134W	host
NM_001179481.1	YIL133C	host
NM_001179480.1	YIL132C	host
NM_001179479.1	YIL131C	host
NM_001179478.1	YIL130W	host
NM_001179477.3	YIL129C	host
NM_001179476.1	YIL128W	host
NM_001179475.1	YIL127C	host
NM_001179474.1	YIL126W	host
NM_001179473.1	YIL125W	host
NM_001179472.3	YIL124W	host
NM_001179471.2	YIL123W	host
NM_001179470.1	YIL122W	host
NM_001179469.1	YIL121W	host
NM_001179468.1	YIL120W	host
NM_001179467.3	YIL119C	host
NM_001179466.1	YIL118W	host
NM_001179465.1	YIL117C	host
NM_001179464.1	YIL116W	host
NM_001179463.1	YIL115C	host
NM_001179462.3	YIL114C	host
NM_001179461.1	YIL113W	host
NM_001179460.1	YIL112W	host
NM_001179459.1	YIL111W	host
NM_001179458.1	YIL110W	host
NM_001179457.3	YIL109C	host
NM_001179456.1	YIL108W	host
NM_001179455.1	YIL107C	host
NM_001179454.1	YIL106W	host
NM_001179453.1	YIL105C	host
NM_001270750.1	YIL105W-A	host
NM_001179452.3	YIL104C	host
NM_001179451.1	YIL103W	host
NM_001184686.1	YIL102C-A	host
NM_001179450.1	YIL102C	host
YNCI0002W	YNCI0002W	host
NM_001179449.1	YIL101C	host
NM_001179447.3	YIL099W	host
NM_001179446.3	YIL098C	host
NM_001179445.1	YIL097W	host
NM_001179444.1	YIL096C	host
YNCI0003C	YNCI0003C	host
NM_001179443.1	YIL095W	host
NM_001179442.1	YIL094C	host
NM_001179441.3	YIL093C	host
NM_001179440.3	YIL092W	host
NM_001179439.1	YIL091C	host
NM_001179438.1	YIL090W	host
NM_001179437.1	YIL089W	host
YNCI0004W	YNCI0004W	host
NM_001179436.1	YIL088C	host
NM_001179435.3	YIL087C	host
NM_001348844.1	YIL086C	host
NM_001179433.3	YIL085C	host
NM_001179432.1	YIL084C	host
NM_001179431.2	YIL083C	host
NM_001181434.4	YIL082W-A	host
YNCI0005W	YNCI0005W	host
NM_001179429.1	YIL079C	host
NM_001179428.3	YIL078W	host
NM_001179427.3	YIL077C	host
NM_001179426.1	YIL076W	host
NM_001179425.1	YIL075C	host
NM_001179424.1	YIL074C	host
NM_001179423.1	YIL073C	host
NM_001179422.3	YIL072W	host
NM_001179421.3	YIL071C	host
NM_001179420.1	YIL070C	host
NM_001179419.1	YIL069C	host
NM_001179418.1	YIL068C	host
NM_001179417.1	YIL067C	host
NM_001179416.3	YIL066C	host
NM_001179415.3	YIL065C	host
NM_001179414.2	YIL064W	host
NM_001179413.1	YIL063C	host
NM_001179412.1	YIL062C	host
NM_001179411.1	YIL061C	host
NM_001179410.3	YIL060W	host
NM_001431140.1	YIL059C	host
NM_001179407.3	YIL057C	host
YNCI0006W	YNCI0006W	host
NM_001179406.1	YIL056W	host
NM_001179405.1	YIL055C	host
NM_001270751.1	YIL054W	host
NM_001179403.1	YIL053W	host
NM_001179402.1	YIL052C	host
NM_001179401.3	YIL051C	host
NM_001179400.3	YIL050W	host
NM_001179399.1	YIL049W	host
NM_001179398.1	YIL048W	host
NM_001179397.3	YIL047C	host
NM_001184654.1	YIL046W-A	host
NM_001179396.1	YIL046W	host
NM_001179395.3	YIL045W	host
NM_001179394.3	YIL044C	host
NM_001179393.1	YIL043C	host
NM_001179392.1	YIL042C	host
NM_001179391.3	YIL041W	host
NM_001179390.1	YIL040W	host
NM_001179389.1	YIL039W	host
NM_001179388.3	YIL038C	host
NM_001179387.3	YIL037C	host
NM_001179386.1	YIL036W	host
NM_001179385.1	YIL035C	host
NM_001179384.3	YIL034C	host
NM_001179383.1	YIL033C	host
NM_001179381.1	YIL031W	host
NM_001179380.3	YIL030C	host
YNCI0007C	YNCI0007C	host
NM_001179379.3	YIL029C	host
NM_001179377.1	YIL027C	host
NM_001179376.1	YIL026C	host
NM_001179374.3	YIL024C	host
NM_001179373.1	YIL023C	host
NM_001179372.1	YIL022W	host
NM_001179371.3	YIL021W	host
NM_001179370.3	YIL020C	host
NM_001179369.1	YIL019W	host
NM_001179368.1	YIL018W	host
NM_001179367.3	YIL017C	host
NM_001179366.1	YIL016W	host
NM_001179365.1	YIL015W	host
YNCI0008C	YNCI0008C	host
NM_001181433.3	YIL014C-A	host
YNCI0009W	YNCI0009W	host
NM_001179364.3	YIL014W	host
NM_001179363.1	YIL013C	host
NM_001348845.1	YIL012W	host
NM_001179361.1	YIL011W	host
NM_001179360.3	YIL010W	host
NM_001184306.2	YIL009C-A	host
YNCI0010C	YNCI0010C	host
NM_001179359.1	YIL009W	host
NM_001179358.3	YIL008W	host
NM_001179357.3	YIL007C	host
NM_001179356.1	YIL006W	host
NM_001179355.1	YIL005W	host
NM_001179354.3	YIL004C	host
NM_001179353.1	YIL003W	host
NM_001184653.1	YIL002W-A	host
NM_001179352.3	YIL002C	host
NM_001179351.3	YIL001W	host
NM_001179523.1	YIR001C	host
NM_001179524.1	YIR002C	host
NM_001179525.3	YIR003W	host
NM_001179526.1	YIR004W	host
NM_001179527.1	YIR005W	host
NM_001179528.3	YIR006C	host
YNCI0011W	YNCI0011W	host
NM_001179529.3	YIR007W	host
NM_001179530.1	YIR008C	host
NM_001179531.1	YIR009W	host
NM_001179532.3	YIR010W	host
NM_001179533.1	YIR011C	host
NM_001179534.1	YIR012W	host
NM_001179535.3	YIR013C	host
NM_001179536.3	YIR014W	host
NM_001179537.1	YIR015W	host
NM_001179538.1	YIR016W	host
NM_001179539.3	YIR017C	host
NM_001179540.1	YIR018W	host
NM_001184655.1	YIR018C-A	host
NM_001179541.3	YIR019C	host
NR_132191.1	YNCI0012	host
NM_001270752.1	YIR020C	host
NR_132192.1	YNCI0013W	host
NM_001179543.3	YIR021W	host
NM_001184656.1	YIR021W-A	host
NM_001179544.1	YIR022W	host
NM_001179545.3	YIR023W	host
NM_001179546.1	YIR024C	host
NM_001179547.1	YIR025W	host
NM_001179548.3	YIR026C	host
NM_001179549.3	YIR027C	host
NM_001179550.3	YIR028W	host
NM_001179551.1	YIR029W	host
NM_001179552.1	YIR030C	host
NM_001179553.3	YIR031C	host
NM_001179554.1	YIR032C	host
NM_001179555.1	YIR033W	host
NM_001179556.3	YIR034C	host
NM_001179557.3	YIR035C	host
NM_001179558.3	YIR036C	host
NM_001179559.1	YIR037W	host
NM_001179560.1	YIR038C	host
NM_001179561.3	YIR039C	host
NM_001179563.1	YIR041W	host
NM_001179564.1	YIR042C	host
YIR043C	YIR043C	host
NM_001181657.1	YJL225C	host
NM_001181656.1	YJL223C	host
NM_001181655.1	YJL222W	host
NM_001181654.1	YJL221C	host
NM_001181652.1	YJL219W	host
NM_001181651.1	YJL218W	host
NM_001181650.1	YJL217W	host
NM_001181649.1	YJL216C	host
NM_001181647.1	YJL214W	host
NM_001181646.1	YJL213W	host
NM_001181645.1	YJL212C	host
NM_001181643.1	YJL210W	host
NM_001181642.1	YJL209W	host
NM_001181641.1	YJL208C	host
NM_001181640.1	YJL207C	host
NM_001181638.1	YJL206C	host
NM_001181639.1	YJL205C	host
NM_001181637.1	YJL204C	host
NM_001181636.1	YJL203W	host
NM_001181634.1	YJL201W	host
NM_001181633.1	YJL200C	host
YNCJ0001C	YNCJ0001C	host
NM_001348846.1	YJL199C	host
NM_001181631.1	YJL198W	host
NM_001181630.1	YJL197W	host
NM_001181629.1	YJL196C	host
NM_001181627.1	YJL194W	host
NM_001181626.1	YJL193W	host
NM_001181625.1	YJL192C	host
NM_001181624.1	YJL191W	host
NM_001181623.1	YJL190C	host
NM_001181622.1	YJL189W	host
NM_001181620.1	YJL187C	host
NM_001181619.2	YJL186W	host
NM_001181618.1	YJL185C	host
NM_001181617.1	YJL184W	host
NM_001181616.2	YJL183W	host
NM_001181614.1	YJL181W	host
NM_001181613.1	YJL180C	host
NM_001181612.2	YJL179W	host
NM_001181611.1	YJL178C	host
NM_001181610.1	YJL177W	host
NM_001181609.1	YJL176C	host
NM_001181607.1	YJL174W	host
NM_001181606.1	YJL173C	host
NM_001181605.1	YJL172W	host
NM_001181604.2	YJL171C	host
NM_001181603.1	YJL170C	host
NM_001181601.2	YJL168C	host
NM_001181600.1	YJL167W	host
NM_001181599.1	YJL166W	host
NM_001181598.1	YJL165C	host
NM_001181597.2	YJL164C	host
NM_001181596.1	YJL163C	host
NM_001181595.1	YJL162C	host
YNCJ0002C	YNCJ0002C	host
NM_001181594.1	YJL161W	host
NM_001181593.1	YJL160C	host
NM_001181592.1	YJL159W	host
NM_001181591.1	YJL158C	host
NM_001181590.1	YJL157C	host
NM_001181589.1	YJL156C	host
NM_001181588.1	YJL155C	host
NM_001181587.1	YJL154C	host
NM_001181586.1	YJL153C	host
NM_001181584.1	YJL151C	host
NM_001181582.1	YJL149W	host
NR_132193.1	YNCJ0003C	host
NR_132194.1	YNCJ0004C	host
NM_001181581.1	YJL148W	host
NM_001181580.1	YJL147C	host
NM_001181579.1	YJL146W	host
NM_001181578.1	YJL145W	host
NM_001181577.1	YJL144W	host
NM_001181576.1	YJL143W	host
NM_001395034.1	YJL142C	host
NM_001181574.1	YJL141C	host
NM_001181573.1	YJL140W	host
NM_001181572.1	YJL139C	host
NM_001181571.1	YJL138C	host
NM_001181570.1	YJL137C	host
NM_001184637.1	YJL136W-A	host
NM_001181569.1	YJL136C	host
NM_001181567.1	YJL134W	host
NM_001184636.1	YJL133C-A	host
NM_001181566.1	YJL133W	host
NM_001181565.1	YJL132W	host
NM_001181564.1	YJL131C	host
NM_001181563.2	YJL130C	host
NM_001181562.1	YJL129C	host
NM_001181561.2	YJL128C	host
NM_001184532.1	YJL127C-B	host
NM_001181560.1	YJL127C	host
NM_001181559.1	YJL126W	host
NM_001181558.1	YJL125C	host
NM_001181557.1	YJL124C	host
NM_001181556.1	YJL123C	host
NM_001181555.1	YJL122W	host
NM_001181554.1	YJL121C	host
NM_001181551.1	YJL118W	host
NM_001181550.1	YJL117W	host
NM_001181549.1	YJL116C	host
NM_001181548.1	YJL115W	host
YNCJ0005C	YNCJ0005C	host
NM_001181547.2	YJL114W	host
NM_001181546.3	YJL113W	host
YNCJ0006W	YNCJ0006W	host
NM_001181545.2	YJL112W	host
NM_001181544.1	YJL111W	host
NM_001181543.1	YJL110C	host
NM_001181542.1	YJL109C	host
NM_001181541.1	YJL108C	host
NM_001181540.1	YJL107C	host
NM_001181539.1	YJL106W	host
NM_001181538.1	YJL105W	host
NM_001181537.1	YJL104W	host
NR_132195.1	YNCJ0007C	host
NM_001181536.1	YJL103C	host
NM_001181535.1	YJL102W	host
YNCJ0008W	YNCJ0008W	host
NM_001181534.1	YJL101C	host
NM_001181533.1	YJL100W	host
NM_001181532.1	YJL099W	host
NM_001181531.1	YJL098W	host
NM_001181530.1	YJL097W	host
NM_001181529.1	YJL096W	host
NM_001181528.1	YJL095W	host
NM_001181527.1	YJL094C	host
NM_001181526.1	YJL093C	host
NM_001181525.1	YJL092W	host
NM_001181524.1	YJL091C	host
NM_001181523.1	YJL090C	host
NM_001181522.1	YJL089W	host
NM_001181521.1	YJL088W	host
NM_001181520.1	YJL087C	host
NM_001181518.1	YJL085W	host
NM_001181517.1	YJL084C	host
NM_001181516.1	YJL083W	host
NM_001181515.1	YJL082W	host
NM_001181514.1	YJL081C	host
NM_001181513.1	YJL080C	host
NM_001181512.1	YJL079C	host
NM_001181511.1	YJL078C	host
NM_001184603.1	YJL077W-B	host
NM_001181510.1	YJL077C	host
NM_001270753.1	YJL077W-A	host
NM_001181509.1	YJL076W	host
NM_001395035.1	YJL075C	host
NM_001181507.1	YJL074C	host
NM_001181506.3	YJL073W	host
NM_001181505.1	YJL072C	host
NM_001181504.1	YJL071W	host
NM_001181503.3	YJL070C	host
NM_001181502.1	YJL069C	host
NM_001181501.1	YJL068C	host
NM_001181499.3	YJL066C	host
NM_001181498.1	YJL065C	host
NM_001181496.1	YJL063C	host
NM_001184477.3	YJL062W-A	host
NM_001181495.1	YJL062W	host
NM_001181494.1	YJL061W	host
NM_001181493.3	YJL060W	host
NM_001181492.1	YJL059W	host
NM_001181491.1	YJL058C	host
NM_001181490.3	YJL057C	host
NM_001181489.1	YJL056C	host
NM_001181488.1	YJL055W	host
NM_001181487.3	YJL054W	host
NM_001181486.1	YJL053W	host
NM_001184476.1	YJL052C-A	host
NM_001181485.3	YJL052W	host
NM_001181484.1	YJL051W	host
NM_001181483.1	YJL050W	host
NM_001181482.3	YJL049W	host
NM_001181481.1	YJL048C	host
NM_001184635.1	YJL047C-A	host
NR_132196.1	YNCJ0009C	host
NM_001181480.3	YJL047C	host
NM_001181479.1	YJL046W	host
YNCJ0010W	YNCJ0010W	host
YNCJ0011W	YNCJ0011W	host
YNCJ0012W	YNCJ0012W	host
NM_001181478.1	YJL045W	host
NM_001181477.3	YJL044C	host
NM_001181476.1	YJL043W	host
NM_001181475.1	YJL042W	host
NM_001181474.3	YJL041W	host
NM_001181473.1	YJL039C	host
YNCJ0013C	YNCJ0013C	host
YNCJ0014C	YNCJ0014C	host
NM_001181472.1	YJL038C	host
NM_001181471.3	YJL037W	host
YNCJ0015W	YNCJ0015W	host
NM_001181470.1	YJL036W	host
NM_001181469.1	YJL035C	host
NM_001181468.3	YJL034W	host
NM_001181467.1	YJL033W	host
NM_001181465.1	YJL031C	host
NM_001181464.3	YJL030W	host
NM_001181463.1	YJL029C	host
YNCJ0016C	YNCJ0016C	host
NM_001181462.1	YJL028W	host
NM_001181461.3	YJL027C	host
NM_001181460.1	YJL026W	host
NM_001181459.1	YJL025W	host
NM_001181458.3	YJL024C	host
YNCJ0017C	YNCJ0017C	host
NM_001181457.1	YJL023C	host
NM_001181454.1	YJL020C	host
NM_001181453.3	YJL019W	host
NM_001181450.1	YJL016W	host
NM_001181448.1	YJL014W	host
NM_001181447.3	YJL013C	host
NM_001181446.1	YJL012C	host
NM_001181445.2	YJL011C	host
YNCJ0018W	YNCJ0018W	host
YNCJ0019C	YNCJ0019C	host
NM_001181444.3	YJL010C	host
NM_001181442.2	YJL008C	host
NM_001348847.1	YJL007C	host
YNCJ0020W	YNCJ0020W	host
NM_001181440.1	YJL006C	host
YNCJ0021C	YNCJ0021C	host
NM_001181439.3	YJL005W	host
NM_001181438.1	YJL004C	host
NM_001181437.1	YJL003W	host
NM_001181436.3	YJL002C	host
NM_001181435.1	YJL001W	host
NM_001181658.1	YJR001W	host
NM_001181659.3	YJR002W	host
NM_001181660.1	YJR003C	host
NM_001181661.1	YJR004C	host
NM_001181662.3	YJR005W	host
NM_001184533.1	YJR005C-A	host
NM_001181663.1	YJR006W	host
NM_001181664.3	YJR007W	host
NM_001181665.1	YJR008W	host
NM_001181666.1	YJR009C	host
NM_001181668.3	YJR010W	host
NM_001181667.1	YJR010C-A	host
NM_001181669.1	YJR011C	host
NM_001181670.4	YJR012C	host
NM_001181671.1	YJR013W	host
NM_001181672.1	YJR014W	host
NM_001181673.3	YJR015W	host
NM_001181674.1	YJR016C	host
NM_001181675.1	YJR017C	host
NM_001181677.3	YJR019C	host
NM_001181679.1	YJR021C	host
NM_001181680.1	YJR022W	host
NM_001181682.3	YJR024C	host
NM_001181683.1	YJR025C	host
NM_001181684.3	YJR026W	host
NM_001181685.2	YJR027W	host
NM_001181686.1	YJR028W	host
NM_001181687.2	YJR029W	host
NM_001181688.3	YJR030C	host
NM_001181689.1	YJR031C	host
NM_001181690.1	YJR032W	host
NM_001181691.3	YJR033C	host
NM_001181692.1	YJR034W	host
NM_001181693.1	YJR035W	host
NM_001181694.3	YJR036C	host
NM_001181697.1	YJR039W	host
NM_001181698.1	YJR040W	host
NM_001181699.3	YJR041C	host
NM_001181700.1	YJR042W	host
NM_001181701.1	YJR043C	host
YNCJ0022C	YNCJ0022C	host
NM_001181702.3	YJR044C	host
NM_001181703.1	YJR045C	host
NM_001181704.1	YJR046W	host
YNCJ0023C	YNCJ0023C	host
NM_001181705.3	YJR047C	host
NM_001181706.1	YJR048W	host
NM_001181707.1	YJR049C	host
NM_001181708.3	YJR050W	host
NM_001181709.1	YJR051W	host
YNCJ0024W	YNCJ0024W	host
NM_001181710.1	YJR052W	host
NM_001181711.3	YJR053W	host
NM_001181712.1	YJR054W	host
YNCJ0025W	YNCJ0025W	host
NM_001181713.1	YJR055W	host
YNCJ0026W	YNCJ0026W	host
NM_001181714.3	YJR056C	host
YNCJ0027C	YNCJ0027C	host
NM_001181715.1	YJR057W	host
NM_001181716.1	YJR058C	host
NM_001181717.3	YJR059W	host
NM_001181718.1	YJR060W	host
NM_001181719.1	YJR061W	host
NM_001181720.3	YJR062C	host
NM_001181721.1	YJR063W	host
NM_001181722.1	YJR064W	host
NM_001181723.3	YJR065C	host
NM_001181724.1	YJR066W	host
NM_001181725.1	YJR067C	host
NM_001181726.3	YJR068W	host
NM_001181727.1	YJR069C	host
NM_001181728.1	YJR070C	host
NM_001181730.3	YJR072C	host
NM_001181731.1	YJR073C	host
NM_001181732.1	YJR074W	host
NM_001181733.3	YJR075W	host
NM_001181734.1	YJR076C	host
NM_001181735.1	YJR077C	host
NM_001181736.3	YJR078W	host
NM_001181737.1	YJR079W	host
NM_001181738.1	YJR080C	host
NM_001181739.3	YJR082C	host
NM_001181740.1	YJR083C	host
NM_001181741.1	YJR084W	host
NM_001181742.3	YJR085C	host
NM_001181743.1	YJR086W	host
NM_001181745.1	YJR088C	host
NM_001181746.3	YJR089W	host
NM_001181747.1	YJR090C	host
NM_001181748.1	YJR091C	host
NM_001181749.3	YJR092W	host
NM_001181750.1	YJR093C	host
NM_001181751.1	YJR094C	host
NR_132197.1	YNCJ0028C	host
NM_001181752.3	YJR094W-A	host
NM_001181753.1	YJR095W	host
NM_001181754.1	YJR096W	host
NM_001181755.3	YJR097W	host
NM_001181756.2	YJR098C	host
NM_001181757.1	YJR099W	host
NM_001181758.3	YJR100C	host
YNCJ0029W	YNCJ0029W	host
NM_001181759.1	YJR101W	host
NM_001181760.1	YJR102C	host
NM_001181761.4	YJR103W	host
NM_001181762.1	YJR104C	host
NM_001181763.1	YJR105W	host
NM_001181764.4	YJR106W	host
NM_001181765.2	YJR107W	host
NM_001395036.1	YJR107C-A	host
NM_001181766.1	YJR108W	host
NM_001181767.3	YJR109C	host
NM_001181768.1	YJR110W	host
NM_001181769.1	YJR111C	host
NM_001181770.3	YJR112W	host
NM_001184523.1	YJR112W-A	host
NM_001181771.1	YJR113C	host
NM_001181773.3	YJR115W	host
NM_001181774.1	YJR116W	host
NM_001181775.1	YJR117W	host
NM_001181776.3	YJR118C	host
NM_001181777.1	YJR119C	host
NM_001181778.1	YJR120W	host
NM_001181779.3	YJR121W	host
NM_001181780.1	YJR122W	host
NM_001181781.1	YJR123W	host
NM_001181782.3	YJR124C	host
NM_001181783.1	YJR125C	host
NM_001181784.1	YJR126C	host
NM_001181785.3	YJR127C	host
NM_001348848.1	YJR128W	host
NR_132198.1	YNCJ0030W	host
NM_001181787.2	YJR129C	host
NM_001181788.1	YJR130C	host
NM_001181789.3	YJR131W	host
NM_001181790.2	YJR132W	host
NM_001181791.1	YJR133W	host
NM_001181792.3	YJR134C	host
NM_001181793.1	YJR135C	host
NM_001184382.1	YJR135W-A	host
NM_001181794.3	YJR136C	host
NM_001181795.1	YJR137C	host
NM_001181796.2	YJR138W	host
NM_001181797.3	YJR139C	host
NM_001181798.1	YJR140C	host
NM_001181799.1	YJR141W	host
NM_001181800.3	YJR142W	host
NM_001181801.1	YJR143C	host
NM_001181802.1	YJR144W	host
NM_001181803.3	YJR145C	host
NM_001270754.1	YJR146W	host
NM_001181805.1	YJR147W	host
NM_001181806.1	YJR148W	host
NM_001181807.4	YJR149W	host
NM_001181808.4	YJR150C	host
NM_001181809.2	YJR151C	host
NM_001184556.1	YJR151W-A	host
NM_001181810.3	YJR152W	host
NM_001181811.3	YJR153W	host
NM_001181812.1	YJR154W	host
NM_001181813.1	YJR155W	host
NM_001181814.3	YJR156C	host
NM_001181816.3	YJR158W	host
NM_001181817.1	YJR159W	host
NM_001181818.1	YJR160C	host
NM_001181819.3	YJR161C	host
NM_001179789.1	YKL224C	host
NM_001179787.1	YKL222C	host
NM_001179786.2	YKL221W	host
NM_001179785.1	YKL220C	host
NM_001179784.1	YKL219W	host
NM_001179783.1	YKL218C	host
NM_001179782.1	YKL217W	host
NM_001179781.1	YKL216W	host
NM_001179780.1	YKL215C	host
NM_001179779.1	YKL214C	host
NM_001179778.1	YKL213C	host
NM_001179777.1	YKL212W	host
NM_001179776.1	YKL211C	host
NR_132199.1	YNCK0001W	host
NM_001179775.1	YKL210W	host
NM_001179774.1	YKL209C	host
YNCK0002C	YNCK0002C	host
NM_001179773.1	YKL208W	host
NM_001179772.1	YKL207W	host
NM_001179771.1	YKL206C	host
NM_001179770.1	YKL205W	host
NM_001179769.1	YKL204W	host
NM_001179768.1	YKL203C	host
NM_001179766.1	YKL201C	host
NM_001179764.2	YKL198C	host
NM_001179763.1	YKL197C	host
YNCK0003W	YNCK0003W	host
NM_001179762.1	YKL196C	host
NM_001179761.1	YKL195W	host
NM_001179760.1	YKL194C	host
NM_001179759.1	YKL193C	host
NM_001179758.1	YKL192C	host
NM_001179757.1	YKL191W	host
NM_001179756.1	YKL190W	host
YNCK0004W	YNCK0004W	host
NM_001179755.1	YKL189W	host
NM_001179754.1	YKL188C	host
NM_001179753.1	YKL187C	host
NM_001179752.1	YKL186C	host
NM_001179751.1	YKL185W	host
NM_001179750.1	YKL184W	host
NM_001184557.1	YKL183C-A	host
NM_001179749.1	YKL183W	host
NM_001179748.1	YKL182W	host
NM_001179747.1	YKL181W	host
NM_001179746.1	YKL180W	host
NM_001179745.1	YKL179C	host
NM_001179744.1	YKL178C	host
NM_001179742.1	YKL176C	host
NM_001179741.1	YKL175W	host
NM_001179740.1	YKL174C	host
NM_001179739.1	YKL173W	host
NM_001179738.1	YKL172W	host
NM_001179737.1	YKL171W	host
NM_001179736.1	YKL170W	host
NM_001179734.1	YKL168C	host
NM_001179733.1	YKL167C	host
NM_001179732.1	YKL166C	host
NM_001179731.1	YKL165C	host
YNCK0005C	YNCK0005C	host
NM_001179730.1	YKL164C	host
NM_001179729.1	YKL163W	host
NM_001179728.1	YKL162C	host
NM_001179727.1	YKL161C	host
NM_001179726.1	YKL160W	host
NM_001179725.1	YKL159C	host
NM_001179723.2	YKL157W	host
NM_001179722.1	YKL156W	host
NM_001179721.1	YKL155C	host
NM_001179720.1	YKL154W	host
YNCK0006C	YNCK0006C	host
NM_001179718.1	YKL152C	host
NM_001179717.1	YKL151C	host
NM_001179716.1	YKL150W	host
NM_001179715.1	YKL149C	host
NM_001179714.1	YKL148C	host
NM_001179712.1	YKL146W	host
NM_001179711.1	YKL145W	host
NM_001179710.1	YKL144C	host
NM_001179709.1	YKL143W	host
NM_001179708.1	YKL142W	host
NM_001179707.1	YKL141W	host
NM_001179706.1	YKL140W	host
NM_001179705.1	YKL139W	host
NM_001184513.1	YKL138C-A	host
NM_001179704.1	YKL138C	host
NM_001179703.1	YKL137W	host
NM_001179701.1	YKL135C	host
NM_001179700.2	YKL134C	host
NM_001179699.2	YKL133C	host
NM_001179698.1	YKL132C	host
NM_001179696.1	YKL130C	host
NM_001179695.2	YKL129C	host
NM_001179694.1	YKL128C	host
YNCK0007W	YNCK0007W	host
NM_001179693.1	YKL127W	host
NM_001179692.1	YKL126W	host
NM_001179691.1	YKL125W	host
NM_001179690.1	YKL124W	host
NM_001179688.1	YKL122C	host
NM_001179687.1	YKL121W	host
NM_001179686.1	YKL120W	host
NM_001179685.1	YKL119C	host
YNCK0008W	YNCK0008W	host
NM_001179683.1	YKL117W	host
NM_001179682.1	YKL116C	host
NM_001179680.1	YKL114C	host
NM_001179679.1	YKL113C	host
NM_001179678.1	YKL112W	host
NM_001179676.1	YKL110C	host
NM_001179675.1	YKL109W	host
NM_001179674.1	YKL108W	host
NM_001179673.1	YKL107W	host
NM_001184482.1	YKL106C-A	host
NM_001179672.1	YKL106W	host
NM_001179671.1	YKL105C	host
NM_001179670.1	YKL104C	host
NM_001395037.1	YKL104W-A	host
NM_001179669.1	YKL103C	host
NM_001348849.1	YKL102C	host
NM_001179667.2	YKL101W	host
NM_001179666.1	YKL100C	host
NM_001179665.1	YKL099C	host
NM_001179664.1	YKL098W	host
NM_001348850.1	YKL097C	host
NM_001184604.1	YKL096C-B	host
NM_001180025.1	YKL096W-A	host
NM_001179662.1	YKL096W	host
NM_001179661.1	YKL095W	host
NM_001179660.1	YKL094W	host
NM_001179659.1	YKL093W	host
NM_001179658.1	YKL092C	host
NM_001179657.1	YKL091C	host
NM_001179656.1	YKL090W	host
NM_001179655.1	YKL089W	host
NM_001179654.1	YKL088W	host
NM_001179653.1	YKL087C	host
NM_001179652.1	YKL086W	host
NM_001179651.1	YKL085W	host
NM_001179650.1	YKL084W	host
NM_001179648.1	YKL082C	host
NM_001179647.1	YKL081W	host
NR_132200.1	YNCK0009W	host
NM_001179646.1	YKL080W	host
NM_001179645.1	YKL079W	host
NM_001179644.1	YKL078W	host
NM_001179643.1	YKL077W	host
NM_001179641.1	YKL075C	host
NM_001179640.1	YKL074C	host
NM_001179639.1	YKL073W	host
NM_001179638.1	YKL072W	host
YNCK0010W	YNCK0010W	host
NM_001179637.1	YKL071W	host
NM_001179636.1	YKL070W	host
NM_001179635.1	YKL069W	host
YNCK0011C	YNCK0011C	host
NM_001184534.1	YKL068W-A	host
NM_001179634.1	YKL068W	host
YNCK0012C	YNCK0012C	host
NM_001179633.1	YKL067W	host
NM_001184684.1	YKL065W-A	host
NM_001179631.2	YKL065C	host
NM_001179630.1	YKL064W	host
NM_001179629.1	YKL063C	host
NM_001179628.1	YKL062W	host
NM_001179627.1	YKL061W	host
NM_001179626.1	YKL060C	host
NM_001179625.1	YKL059C	host
NM_001179624.1	YKL058W	host
NM_001179623.1	YKL057C	host
NM_001179622.1	YKL056C	host
NM_001179621.2	YKL055C	host
NM_001179620.1	YKL054C	host
NM_001184336.1	YKL053C-A	host
NM_001179618.1	YKL052C	host
NM_001179617.1	YKL051W	host
NM_001179616.1	YKL050C	host
NM_001179615.1	YKL049C	host
NM_001179614.1	YKL048C	host
NM_001179613.1	YKL047W	host
NM_001179612.1	YKL046C	host
NM_001179611.1	YKL045W	host
NM_001270755.1	YKL044W	host
NM_001179609.1	YKL043W	host
NM_001179608.3	YKL042W	host
NM_001179607.1	YKL041W	host
NM_001179606.3	YKL040C	host
NM_001179605.1	YKL039W	host
NR_132201.1	YNCK0013W	host
NM_001179604.3	YKL038W	host
NM_001179603.1	YKL037W	host
NM_001179601.3	YKL035W	host
NM_001179600.1	YKL034W	host
NM_001184335.3	YKL033W-A	host
NM_001179599.1	YKL033W	host
YNCK0014W	YNCK0014W	host
NM_001179598.3	YKL032C	host
NM_001179595.1	YKL029C	host
NM_001179594.3	YKL028W	host
NM_001179593.1	YKL027W	host
NM_001179592.3	YKL026C	host
NM_001179591.1	YKL025C	host
NM_001179590.3	YKL024C	host
NM_001184683.1	YKL023C-A	host
NM_001179589.4	YKL023W	host
NM_001179588.1	YKL022C	host
NM_001179587.3	YKL021C	host
NM_001179586.1	YKL020C	host
NM_001179585.3	YKL019W	host
NM_001184481.1	YKL018C-A	host
NM_001179584.3	YKL018W	host
NM_001179583.1	YKL017C	host
NM_001179582.3	YKL016C	host
NM_001179581.1	YKL015W	host
NM_001179580.3	YKL014C	host
NM_001179579.1	YKL013C	host
NM_001179578.3	YKL012W	host
NM_001179577.1	YKL011C	host
NM_001179576.3	YKL010C	host
NM_001179575.1	YKL009W	host
NM_001179574.3	YKL008C	host
NM_001179573.1	YKL007W	host
NM_001180028.3	YKL006C-A	host
NR_132202.1	YNCK0015C	host
NM_001179572.1	YKL006W	host
NM_001179571.3	YKL005C	host
NM_001179570.1	YKL004W	host
NM_001179569.3	YKL003C	host
NM_001179568.1	YKL002W	host
NM_001179567.3	YKL001C	host
NM_001179791.1	YKR001C	host
NM_001179792.3	YKR002W	host
NM_001179793.1	YKR003W	host
NM_001179794.3	YKR004C	host
NM_001179795.1	YKR005C	host
NM_001179796.3	YKR006C	host
NM_001179797.1	YKR007W	host
NM_001179798.4	YKR008W	host
NM_001179799.1	YKR009C	host
YNCK0016W	YNCK0016W	host
NM_001179800.3	YKR010C	host
NM_001179801.1	YKR011C	host
NM_001179803.3	YKR013W	host
NM_001179804.1	YKR014C	host
NM_001179805.3	YKR015C	host
NM_001179806.1	YKR016W	host
NM_001179807.3	YKR017C	host
NM_001179808.1	YKR018C	host
NM_001179809.3	YKR019C	host
NM_001179810.1	YKR020W	host
NM_001179811.4	YKR021W	host
NM_001179812.1	YKR022C	host
NM_001179813.3	YKR023W	host
NM_001179814.1	YKR024C	host
NM_001179815.3	YKR025W	host
NM_001179816.1	YKR026C	host
YNCK0017W	YNCK0017W	host
NM_001179817.3	YKR027W	host
NM_001179818.2	YKR028W	host
NM_001179819.3	YKR029C	host
NM_001179820.1	YKR030W	host
NM_001179821.3	YKR031C	host
NM_001348851.1	YKR032W	host
NM_001179824.1	YKR034W	host
NM_001184309.3	YKR035W-A	host
NM_001179826.2	YKR036C	host
NM_001179827.3	YKR037C	host
NM_001179828.1	YKR038C	host
YNCK0018C	YNCK0018C	host
NM_001179829.3	YKR039W	host
YNCK0019W	YNCK0019W	host
NM_001179831.1	YKR041W	host
NM_001179832.3	YKR042W	host
NM_001179833.1	YKR043C	host
NM_001179834.3	YKR044W	host
NM_001179835.1	YKR045C	host
NM_001179836.3	YKR046C	host
NM_001179838.1	YKR048C	host
NM_001179839.3	YKR049C	host
NM_001179840.1	YKR050W	host
NM_001179841.3	YKR051W	host
NM_001179842.1	YKR052C	host
NM_001179843.3	YKR053C	host
NM_001179844.1	YKR054C	host
NM_001179845.3	YKR055W	host
NM_001179846.1	YKR056W	host
NM_001179847.3	YKR057W	host
NM_001179848.1	YKR058W	host
NM_001179849.3	YKR059W	host
NM_001179850.1	YKR060W	host
NM_001179851.3	YKR061W	host
NR_132203.1	YNCK0020C	host
NM_001179852.1	YKR062W	host
NM_001179853.3	YKR063C	host
NM_001179854.1	YKR064W	host
NM_001179855.3	YKR065C	host
NM_001179856.1	YKR066C	host
NM_001179857.3	YKR067W	host
NM_001179858.1	YKR068C	host
NM_001179859.3	YKR069W	host
NM_001179860.1	YKR070W	host
NM_001179861.3	YKR071C	host
NM_001179862.1	YKR072C	host
NM_001348852.1	YKR073C	host
YNCK0021W	YNCK0021W	host
NM_001179864.3	YKR074W	host
NM_001179865.1	YKR075C	host
NM_001179866.3	YKR076W	host
NM_001179867.1	YKR077W	host
NM_001179868.3	YKR078W	host
NM_001179869.1	YKR079C	host
NM_001179870.3	YKR080W	host
NM_001179871.1	YKR081C	host
NM_001179872.3	YKR082W	host
NM_001179873.1	YKR083C	host
NM_001179874.3	YKR084C	host
NM_001179875.1	YKR085C	host
NM_001179876.3	YKR086W	host
NM_001179877.1	YKR087C	host
NM_001179878.3	YKR088C	host
NM_001179879.1	YKR089C	host
NM_001179880.4	YKR090W	host
NM_001179881.1	YKR091W	host
NM_001179882.3	YKR092C	host
NM_001179883.1	YKR093W	host
NM_001179884.3	YKR094C	host
NM_001179885.1	YKR095W	host
NM_001184522.3	YKR095W-A	host
NM_001179886.1	YKR096W	host
NM_001179887.3	YKR097W	host
NM_001179888.1	YKR098C	host
NM_001179889.3	YKR099W	host
NM_001179890.1	YKR100C	host
NM_001179891.3	YKR101W	host
NM_001179892.1	YKR102W	host
NM_001179893.3	YKR103W	host
NM_001179894.1	YKR104W	host
NM_001179895.3	YKR105C	host
NM_001179896.1	YKR106W	host
NM_001181887.1	YLL067C	host
NM_001184605.1	YLL066W-B	host
NM_001181886.1	YLL066C	host
NM_001181884.1	YLL064C	host
NM_001181883.1	YLL063C	host
NM_001181882.1	YLL062C	host
NM_001181881.1	YLL061W	host
NM_001181880.1	YLL060C	host
NM_001181878.1	YLL058W	host
NM_001181877.1	YLL057C	host
NM_001181876.1	YLL056C	host
NM_001181875.1	YLL055W	host
NM_001181874.2	YLL054C	host
NM_001181873.1	YLL053C	host
NM_001181872.1	YLL052C	host
NM_001181871.1	YLL051C	host
NM_001181870.1	YLL050C	host
NM_001181869.1	YLL049W	host
NM_001181868.1	YLL048C	host
NM_001181866.1	YLL046C	host
NM_001181865.1	YLL045C	host
NM_001181863.1	YLL043W	host
NM_001181862.1	YLL042C	host
NM_001181861.1	YLL041C	host
NM_001181860.1	YLL040C	host
NM_001181859.1	YLL039C	host
NM_001181858.1	YLL038C	host
NM_001181856.1	YLL036C	host
NM_001181855.1	YLL035W	host
NM_001181854.1	YLL034C	host
NM_001181853.1	YLL033W	host
NM_001181852.1	YLL032C	host
NM_001181851.1	YLL031C	host
NM_001348853.1	YLL030C	host
NM_001181849.1	YLL029W	host
NM_001181848.1	YLL028W	host
NM_001181847.1	YLL027W	host
NM_001181846.1	YLL026W	host
YNCL0001W	YNCL0001W	host
NM_001181845.1	YLL025W	host
NM_001181844.1	YLL024C	host
NM_001181843.1	YLL023C	host
NM_001181842.1	YLL022C	host
NM_001181841.1	YLL021W	host
NM_001181839.1	YLL019C	host
NM_001184338.1	YLL018C-A	host
NM_001181838.1	YLL018C	host
YLL017W	YLL017W	host
YLL016W	YLL016W	host
NM_001181835.1	YLL015W	host
NM_001181834.1	YLL014W	host
NM_001181833.1	YLL013C	host
NM_001181832.1	YLL012W	host
NM_001181831.1	YLL011W	host
NM_001181830.1	YLL010C	host
NM_001181829.1	YLL009C	host
NM_001181828.1	YLL008W	host
NM_001181827.1	YLL007C	host
NM_001184559.1	YLL006W-A	host
NM_001181826.1	YLL006W	host
NM_001181825.1	YLL005C	host
NM_001181824.1	YLL004W	host
NM_001181823.1	YLL003W	host
NM_001181822.1	YLL002W	host
NM_001181821.1	YLL001W	host
NM_001181888.1	YLR001C	host
NM_001181889.1	YLR002C	host
NM_001181890.1	YLR003C	host
NM_001181891.1	YLR004C	host
NM_001181892.1	YLR005W	host
NM_001181893.1	YLR006C	host
NM_001181894.1	YLR007W	host
NM_001181895.1	YLR008C	host
NM_001181896.1	YLR009W	host
NM_001181897.1	YLR010C	host
YNCL0002C	YNCL0002C	host
NM_001181898.1	YLR011W	host
NM_001181899.1	YLR012C	host
NM_001181900.1	YLR013W	host
NM_001181901.1	YLR014C	host
NM_001181902.1	YLR015W	host
NM_001181903.1	YLR016C	host
NM_001181904.1	YLR017W	host
NM_001181905.1	YLR018C	host
NM_001181906.1	YLR019W	host
NM_001181907.1	YLR020C	host
NM_001181908.1	YLR021W	host
NM_001181909.1	YLR022C	host
NM_001181910.1	YLR023C	host
NM_001181911.2	YLR024C	host
NM_001181912.1	YLR025W	host
NM_001181913.1	YLR026C	host
NM_001181914.1	YLR027C	host
NR_132204.1	YNCL0003W	host
NM_001181915.1	YLR028C	host
NM_001181916.1	YLR029C	host
NM_001181917.1	YLR030W	host
NM_001181918.1	YLR031W	host
NM_001181919.1	YLR032W	host
NM_001181920.1	YLR033W	host
NM_001181921.2	YLR034C	host
NM_001181922.1	YLR035C	host
YNCL0004C	YNCL0004C	host
NM_001184318.1	YLR035C-A	host
NM_001181923.1	YLR036C	host
NM_001181924.1	YLR037C	host
NM_001181925.1	YLR038C	host
NM_001181926.1	YLR039C	host
NM_001181927.1	YLR040C	host
NM_001181929.1	YLR042C	host
NM_001181930.1	YLR043C	host
NM_001181931.1	YLR044C	host
NM_001181932.1	YLR045C	host
NM_001181933.1	YLR046C	host
NM_001181934.1	YLR047C	host
NM_001181935.1	YLR048W	host
NM_001181936.1	YLR049C	host
NM_001181937.1	YLR050C	host
NM_001181938.1	YLR051C	host
NM_001181939.1	YLR052W	host
NM_001181940.1	YLR053C	host
NM_001181941.1	YLR054C	host
NM_001181942.1	YLR055C	host
NM_001181943.1	YLR056W	host
NM_001181944.1	YLR057W	host
NM_001181945.1	YLR058C	host
NM_001181946.1	YLR059C	host
NM_001181947.1	YLR060W	host
NM_001181948.1	YLR061W	host
NM_001181950.1	YLR063W	host
NM_001181951.1	YLR064W	host
NM_001181952.1	YLR065C	host
NM_001181953.1	YLR066W	host
NM_001181954.1	YLR067C	host
NM_001181955.1	YLR068W	host
NM_001181956.1	YLR069C	host
NM_001181957.1	YLR070C	host
NM_001181958.1	YLR071C	host
NM_001181959.1	YLR072W	host
NM_001181960.1	YLR073C	host
NM_001181961.1	YLR074C	host
NM_001181962.1	YLR075W	host
NM_001181964.1	YLR077W	host
NM_001181965.1	YLR078C	host
NM_001181966.1	YLR079W	host
NM_001181967.1	YLR080W	host
NM_001181968.1	YLR081W	host
NM_001181969.1	YLR082C	host
NM_001181970.1	YLR083C	host
NM_001181971.1	YLR084C	host
NM_001181972.1	YLR085C	host
NM_001181973.1	YLR086W	host
NM_001181974.1	YLR087C	host
NM_001181975.1	YLR088W	host
NM_001181976.1	YLR089C	host
NM_001181977.1	YLR090W	host
NM_001181978.1	YLR091W	host
NM_001181979.1	YLR092W	host
NM_001181980.1	YLR093C	host
NM_001181981.1	YLR094C	host
NM_001181982.1	YLR095C	host
NM_001181983.1	YLR096W	host
NM_001181984.1	YLR097C	host
NM_001181985.1	YLR098C	host
NM_001181986.1	YLR099C	host
NM_001184484.1	YLR099W-A	host
NM_001181987.1	YLR100W	host
NM_001181989.1	YLR102C	host
NM_001181990.1	YLR103C	host
NM_001181991.1	YLR104W	host
NM_001181992.1	YLR105C	host
NR_132205.1	YNCL0005C	host
NM_001181993.1	YLR106C	host
NM_001181994.1	YLR107W	host
NR_132206.1	YNCL0006W	host
NM_001181995.1	YLR108C	host
NM_001181996.1	YLR109W	host
NM_001181997.1	YLR110C	host
NM_001348854.1	YLR111W	host
NM_001348855.1	YLR112W	host
NM_001182000.1	YLR113W	host
YNCL0007W	YNCL0007W	host
NM_001182001.1	YLR114C	host
NM_001182002.1	YLR115W	host
NM_001182003.1	YLR116W	host
NM_001182004.1	YLR117C	host
NM_001182005.1	YLR118C	host
NM_001182006.1	YLR119W	host
NM_001182007.1	YLR120C	host
NM_001182008.1	YLR121C	host
NM_001348856.1	YLR122C	host
NM_001182012.1	YLR125W	host
NM_001182013.1	YLR126C	host
NM_001182014.1	YLR127C	host
NM_001182015.1	YLR128W	host
NM_001182016.1	YLR129W	host
NM_001182017.1	YLR130C	host
NM_001182018.1	YLR131C	host
NM_001182019.1	YLR132C	host
NM_001182020.1	YLR133W	host
NM_001182021.1	YLR134W	host
NM_001182022.1	YLR135W	host
NM_001182023.1	YLR136C	host
NM_001182024.1	YLR137W	host
NM_001182025.1	YLR138W	host
NM_001182026.1	YLR139C	host
NM_001182028.1	YLR141W	host
NM_001182029.1	YLR142W	host
YNCL0008W	YNCL0008W	host
NM_001182030.1	YLR143W	host
NM_001182031.1	YLR144C	host
NM_001182032.1	YLR145W	host
NM_001182033.1	YLR146C	host
NM_001184685.1	YLR146W-A	host
NM_001182034.1	YLR147C	host
NM_001182035.1	YLR148W	host
NM_001182036.1	YLR149C	host
NM_001182037.1	YLR150W	host
NM_001182038.1	YLR151C	host
NM_001182039.1	YLR152C	host
NM_001182040.1	YLR153C	host
NM_001182041.1	YLR154C	host
YNCL0009C	YNCL0009C	host
NR_132208.1	YNCL0011C	host
NR_132207.1	YNCL0010C	host
NR_132209.1	YNCL0012C	host
NM_001184514.1	YLR154W-C	host
NR_132210.1	YNCL0013C	host
NR_132211.1	YNCL0014C	host
NR_132212.1	YNCL0015C	host
NR_132213.1	YNCL0016C	host
NR_132214.1	YNCL0017C	host
NR_132215.1	YNCL0018W	host
NR_132217.1	YNCL0019C	host
NR_132216.1	YNCL0020C	host
NR_132218.1	YNCL0021C	host
NM_001184560.1	YLR154C-G	host
NR_132219.1	YNCL0022C	host
NR_132220.1	YNCL0023C	host
NR_132221.1	YNCL0024C	host
NR_132222.1	YNCL0025C	host
NR_132223.1	YNCL0026C	host
NR_132224.1	YNCL0027W	host
NM_001184564.1	YLR154C-H	host
NM_001182042.1	YLR155C	host
NM_001182043.1	YLR156W	host
NR_132225.1	YNCL0028W	host
NM_001184563.1	YLR156C-A	host
NM_001182044.1	YLR157C	host
NM_001184608.1	YLR157W-D	host
NM_001184406.2	YLR157C-B	host
NM_001184405.1	YLR157C-A	host
NM_001184609.1	YLR157W-E	host
NR_132226.1	YNCL0029W	host
NM_001184561.1	YLR157C-C	host
NM_001182045.1	YLR158C	host
NM_001182046.1	YLR159W	host
NR_132227.1	YNCL0030W	host
NM_001184565.1	YLR159C-A	host
NM_001182047.1	YLR160C	host
NM_001182048.1	YLR161W	host
NR_132228.1	YNCL0031W	host
NM_001182049.1	YLR162W	host
NM_001184566.1	YLR162W-A	host
NM_001182050.1	YLR163C	host
NM_001182051.1	YLR164W	host
NM_001182052.1	YLR165C	host
NM_001182053.1	YLR166C	host
NM_001182054.1	YLR167W	host
NM_001182055.1	YLR168C	host
NM_001182057.1	YLR170C	host
NM_001182059.1	YLR172C	host
NM_001182060.1	YLR173W	host
NM_001182061.1	YLR174W	host
NM_001182062.1	YLR175W	host
NM_001182063.1	YLR176C	host
NM_001182064.1	YLR177W	host
NM_001182065.1	YLR178C	host
NM_001182066.1	YLR179C	host
NM_001182067.1	YLR180W	host
NM_001182068.1	YLR181C	host
NM_001182069.1	YLR182W	host
NM_001182070.1	YLR183C	host
NM_001182072.1	YLR185W	host
NM_001182073.1	YLR186W	host
NM_001182074.1	YLR187W	host
NM_001182075.1	YLR188W	host
NM_001182076.1	YLR189C	host
NM_001182077.1	YLR190W	host
NM_001182078.1	YLR191W	host
NM_001182079.1	YLR192C	host
NM_001182080.1	YLR193C	host
NM_001182081.1	YLR194C	host
NM_001182082.1	YLR195C	host
NM_001182083.1	YLR196W	host
NM_001182084.1	YLR197W	host
NM_001182086.1	YLR199C	host
NM_001182087.1	YLR200W	host
NM_001182088.1	YLR201C	host
NM_001182090.1	YLR203C	host
NM_001182091.1	YLR204W	host
NM_001182092.1	YLR205C	host
NM_001182093.1	YLR206W	host
NM_001182094.1	YLR207W	host
NM_001182095.1	YLR208W	host
NM_001182096.1	YLR209C	host
NM_001182097.1	YLR210W	host
NM_001182098.1	YLR211C	host
NM_001182099.1	YLR212C	host
NM_001182100.1	YLR213C	host
NM_001182101.1	YLR214W	host
NM_001182102.1	YLR215C	host
NM_001182103.1	YLR216C	host
NM_001182105.1	YLR218C	host
NM_001182106.1	YLR219W	host
NM_001182107.1	YLR220W	host
NM_001182108.1	YLR221C	host
NM_001182109.1	YLR222C	host
NM_001182110.1	YLR223C	host
NM_001182111.1	YLR224W	host
NM_001182112.1	YLR225C	host
NM_001182113.1	YLR226W	host
NM_001182114.1	YLR227C	host
YNCL0032C	YNCL0032C	host
NM_001184407.1	YLR227W-A	host
NM_001184408.2	YLR227W-B	host
NM_001182115.1	YLR228C	host
NM_001182116.1	YLR229C	host
YNCL0033C	YNCL0033C	host
NM_001182118.1	YLR231C	host
NM_001182120.1	YLR233C	host
NM_001182121.1	YLR234W	host
NM_001348857.1	YLR236C	host
NM_001182124.1	YLR237W	host
NM_001182125.1	YLR238W	host
NM_001182126.1	YLR239C	host
NM_001182127.1	YLR240W	host
NM_001182128.1	YLR241W	host
NM_001182129.1	YLR242C	host
NM_001182130.1	YLR243W	host
NM_001182131.1	YLR244C	host
NM_001182132.1	YLR245C	host
NM_001182133.1	YLR246W	host
YNCL0034W	YNCL0034W	host
NM_001182134.1	YLR247C	host
NM_001182135.1	YLR248W	host
NM_001182136.1	YLR249W	host
NM_001182137.1	YLR250W	host
NM_001182138.1	YLR251W	host
NM_001182140.1	YLR253W	host
NM_001182141.1	YLR254C	host
NM_001348858.1	YLR255C	host
NM_001182143.1	YLR256W	host
NM_001184409.1	YLR256W-A	host
YNCL0035C	YNCL0035C	host
NM_001182144.1	YLR257W	host
NM_001182145.1	YLR258W	host
NM_001182146.1	YLR259C	host
NM_001182147.1	YLR260W	host
NM_001182148.1	YLR261C	host
NM_001182149.1	YLR262C	host
NM_001184339.1	YLR262C-A	host
NM_001182150.1	YLR263W	host
NM_001182151.1	YLR264W	host
NM_001184638.1	YLR264C-A	host
NM_001182152.1	YLR265C	host
NM_001182153.1	YLR266C	host
NM_001182154.1	YLR267W	host
NM_001182155.1	YLR268W	host
NM_001182157.1	YLR270W	host
NM_001182158.1	YLR271W	host
NM_001182159.1	YLR272C	host
YNCL0036C	YNCL0036C	host
NM_001182160.1	YLR273C	host
NM_001182161.1	YLR274W	host
NM_001182162.1	YLR275W	host
NM_001182163.1	YLR276C	host
NM_001182164.1	YLR277C	host
NM_001182165.1	YLR278C	host
NM_001182168.1	YLR281C	host
NM_001182170.1	YLR283W	host
NM_001182171.1	YLR284C	host
NM_001182172.1	YLR285W	host
NM_001184567.1	YLR285C-A	host
NM_001182173.1	YLR286C	host
NM_001182174.1	YLR287C	host
NM_001182175.1	YLR287C-A	host
NM_001182176.1	YLR288C	host
NM_001182177.1	YLR289W	host
NM_001182178.1	YLR290C	host
NM_001182179.1	YLR291C	host
NM_001182180.1	YLR292C	host
NM_001182181.1	YLR293C	host
NM_001182183.1	YLR295C	host
NM_001348859.1	YLR296W	host
NM_001182185.1	YLR297W	host
NM_001182186.1	YLR298C	host
NM_001182187.1	YLR299W	host
NM_001182188.1	YLR300W	host
NM_001182189.1	YLR301W	host
YNCL0037W	YNCL0037W	host
NM_001348860.1	YLR302C	host
NM_001182191.1	YLR303W	host
YNCL0038W	YNCL0038W	host
NM_001182192.1	YLR304C	host
NM_001182193.1	YLR305C	host
NM_001182194.1	YLR306W	host
NM_001182195.1	YLR307W	host
NM_001184535.1	YLR307C-A	host
NM_001182196.1	YLR308W	host
NM_001182197.2	YLR309C	host
NM_001182198.1	YLR310C	host
NM_001182200.1	YLR312C	host
NM_001182201.1	YLR312W-A	host
NM_001182202.2	YLR313C	host
NM_001182203.2	YLR314C	host
NM_001182204.1	YLR315W	host
NM_001182205.1	YLR316C	host
NM_001182207.2	YLR318W	host
NM_001182208.1	YLR319C	host
NM_001182209.1	YLR320W	host
NM_001182210.1	YLR321C	host
NM_001182212.1	YLR323C	host
NM_001182213.1	YLR324W	host
NM_001182214.1	YLR325C	host
NM_001182215.1	YLR326W	host
NM_001182216.1	YLR327C	host
YNCL0039W	YNCL0039W	host
NM_001182217.1	YLR328W	host
NM_001182218.1	YLR329W	host
NM_001182219.1	YLR330W	host
NM_001348861.1	YLR331C	host
NM_001182221.1	YLR332W	host
YNCL0040W	YNCL0040W	host
NR_132229.1	YNCL0041C	host
NR_132230.1	YNCL0042C	host
NR_132231.1	YNCL0043C	host
NM_001182222.1	YLR333C	host
YNCL0044W	YNCL0044W	host
NM_001182224.1	YLR335W	host
NM_001182225.1	YLR336C	host
NM_001182226.1	YLR337C	host
NM_001182229.1	YLR340W	host
NM_001182230.1	YLR341W	host
NM_001182231.1	YLR342W	host
NM_001184569.1	YLR342W-A	host
NM_001182232.1	YLR343W	host
YNCL0045W	YNCL0045W	host
NM_001182233.1	YLR344W	host
NM_001182234.1	YLR345W	host
NM_001182235.1	YLR346C	host
NM_001182236.1	YLR347C	host
NM_001182237.1	YLR348C	host
NM_001182239.1	YLR350W	host
NM_001182240.1	YLR351C	host
NM_001182241.1	YLR352W	host
NM_001182242.1	YLR353W	host
NM_001182243.1	YLR354C	host
NM_001182244.1	YLR355C	host
NM_001182245.1	YLR356W	host
NM_001182246.1	YLR357W	host
NM_001270756.1	YLR358C	host
NM_001182248.1	YLR359W	host
NM_001182249.3	YLR360W	host
NM_001182250.1	YLR361C	host
NM_001184659.3	YLR361C-A	host
NM_001182251.1	YLR362W	host
NM_001182252.3	YLR363C	host
NM_001184486.1	YLR363W-A	host
NM_001182253.3	YLR364W	host
NM_001348862.1	YLR365W	host
NM_001182256.1	YLR367W	host
NR_132232.1	YNCL0046W	host
NM_001182257.3	YLR368W	host
NM_001182258.1	YLR369W	host
NM_001182259.3	YLR370C	host
NM_001182260.1	YLR371W	host
NM_001182261.3	YLR372W	host
NM_001182262.1	YLR373C	host
NM_001182264.3	YLR375W	host
NM_001182265.1	YLR376C	host
NM_001182266.3	YLR377C	host
YNCL0047W	YNCL0047W	host
NM_001182267.1	YLR378C	host
NM_001395038.1	YLR379W-A	host
NM_001182269.3	YLR380W	host
NM_001182270.1	YLR381W	host
NM_001182271.3	YLR382C	host
NM_001182272.1	YLR383W	host
NM_001182273.3	YLR384C	host
NM_001182274.1	YLR385C	host
NM_001182275.3	YLR386W	host
NM_001182276.1	YLR387C	host
NM_001182277.3	YLR388W	host
NR_132233.1	YNCL0048W	host
NM_001182278.1	YLR389C	host
NM_001182279.3	YLR390W	host
NM_001184303.1	YLR390W-A	host
NM_001182280.3	YLR392C	host
NM_001182281.1	YLR393W	host
NM_001182282.3	YLR394W	host
NM_001182283.1	YLR395C	host
NM_001182284.3	YLR396C	host
NM_001182285.1	YLR397C	host
NM_001182286.3	YLR398C	host
NM_001182287.1	YLR399C	host
NM_001182289.3	YLR401C	host
NM_001182291.1	YLR403W	host
NM_001182292.3	YLR404W	host
NM_001182293.1	YLR405W	host
NM_001182294.3	YLR406C	host
NM_001184610.1	YLR406C-A	host
NM_001182295.4	YLR407W	host
NM_001182296.1	YLR408C	host
NM_001182297.3	YLR409C	host
NM_001182298.1	YLR410W	host
NM_001184410.1	YLR410W-A	host
NM_001184411.4	YLR410W-B	host
NM_001182299.3	YLR411W	host
NM_001182300.1	YLR412W	host
NM_001184570.3	YLR412C-A	host
NM_001182301.1	YLR413W	host
NM_001182302.3	YLR414C	host
NM_001182303.1	YLR415C	host
NM_001182305.3	YLR417W	host
NM_001182306.1	YLR418C	host
NM_001182307.3	YLR419W	host
YNCL0049C	YNCL0049C	host
NM_001182308.1	YLR420W	host
NM_001182309.3	YLR421C	host
NM_001182310.1	YLR422W	host
NM_001182311.3	YLR423C	host
NM_001182312.1	YLR424W	host
YNCL0050C	YNCL0050C	host
NM_001182313.3	YLR425W	host
NM_001182314.1	YLR426W	host
NM_001182315.3	YLR427W	host
NM_001182317.1	YLR429W	host
NM_001182318.3	YLR430W	host
NM_001182319.1	YLR431C	host
NM_001182320.3	YLR432W	host
NM_001182321.1	YLR433C	host
NM_001182323.3	YLR435W	host
NM_001182324.1	YLR436C	host
NM_001182325.3	YLR437C	host
NM_001182326.1	YLR438W	host
NM_001184308.3	YLR438C-A	host
NM_001182327.1	YLR439W	host
NM_001182328.3	YLR440C	host
NM_001182329.1	YLR441C	host
NM_001182330.3	YLR442C	host
NM_001182331.1	YLR443W	host
NM_001182333.3	YLR445W	host
NM_001182334.1	YLR446W	host
NM_001182335.3	YLR447C	host
NM_001182336.1	YLR448W	host
NM_001182337.3	YLR449W	host
NM_001182338.1	YLR450W	host
NM_001182339.3	YLR451W	host
NM_001182340.1	YLR452C	host
NM_001182341.3	YLR453C	host
NM_001182342.1	YLR454W	host
YNCL0051C	YNCL0051C	host
NM_001182343.3	YLR455W	host
NM_001182344.1	YLR456W	host
NM_001182345.3	YLR457C	host
NM_001182347.1	YLR459W	host
NM_001182348.3	YLR460C	host
NM_001182349.1	YLR461W	host
NM_001182350.3	YLR462W	host
NM_001182352.1	YLR464W	host
NM_001182354.3	YLR466W	host
NM_001182355.3	YLR467W	host
NM_001182496.1	YML133C	host
NM_001182495.1	YML132W	host
NM_001182494.1	YML131W	host
NM_001182493.1	YML130C	host
NM_001182492.1	YML129C	host
NM_001182491.1	YML128C	host
NM_001182490.1	YML127W	host
NM_001182489.1	YML126C	host
NM_001182488.1	YML125C	host
NM_001182487.1	YML124C	host
NR_172477.1	NR_172477.1	host
NM_001182486.1	YML123C	host
NM_001348863.1	YML122C	host
NM_001182484.1	YML121W	host
NM_001182483.1	YML120C	host
NM_001182482.1	YML119W	host
NM_001182481.1	YML118W	host
NM_001182479.1	YML117W	host
NM_001182478.1	YML116W	host
NM_001182477.1	YML115C	host
NM_001182476.1	YML114C	host
NM_001182475.1	YML113W	host
NM_001182474.1	YML112W	host
NM_001182473.1	YML111W	host
NM_001182472.1	YML110C	host
NM_001182471.1	YML109W	host
NM_001182470.1	YML108W	host
NM_001182469.1	YML107C	host
NM_001182468.1	YML106W	host
NM_001182467.1	YML105C	host
NM_001182466.1	YML104C	host
NM_001182465.1	YML103C	host
NR_132234.1	YNCM0002C	host
NM_001182464.1	YML102W	host
NM_001182462.1	YML101C	host
NM_001184612.1	YML100W-A	host
NM_001182460.1	YML100W	host
NM_001182459.1	YML099C	host
NM_001182458.1	YML098W	host
NM_001182457.1	YML097C	host
NM_001182456.1	YML096W	host
NM_001182454.1	YML095C	host
NM_001182453.1	YML094W	host
NM_001182452.1	YML093W	host
NM_001182451.1	YML092C	host
NM_001182450.1	YML091C	host
NR_132235.1	YNCM0003W	host
NM_001182447.1	YML088W	host
NM_001182446.1	YML087C	host
NM_001182445.1	YML086C	host
NM_001182444.1	YML085C	host
NM_001182442.1	YML083C	host
NM_001182441.1	YML082W	host
NM_001184340.1	YML081C-A	host
NM_001182440.1	YML081W	host
NM_001182439.1	YML080W	host
NM_001182438.1	YML079W	host
NM_001182437.1	YML078W	host
NM_001182436.1	YML077W	host
NM_001182435.1	YML076C	host
NM_001182434.1	YML075C	host
NM_001182433.1	YML074C	host
NM_001182432.1	YML073C	host
NM_001182431.1	YML072C	host
NM_001182430.1	YML071C	host
YNCM0004C	YNCM0004C	host
NM_001182429.1	YML070W	host
NM_001182428.1	YML069W	host
NM_001182427.1	YML068W	host
NM_001182426.1	YML067C	host
NM_001182425.1	YML066C	host
NM_001182424.1	YML065W	host
NM_001182423.1	YML064C	host
NM_001182422.1	YML063W	host
NM_001182421.1	YML062C	host
NM_001182420.1	YML061C	host
NM_001182419.1	YML060W	host
NM_001182418.1	YML059C	host
NM_001184439.1	YML058W-A	host
NM_001182417.1	YML058W	host
NM_001182415.1	YML057W	host
NM_001182414.1	YML056C	host
NR_132236.1	YNCM0005C	host
NM_001182413.1	YML055W	host
NM_001182412.1	YML054C	host
NM_001184571.1	YML054C-A	host
YNCM0006W	YNCM0006W	host
NM_001182411.1	YML053C	host
NM_001182410.1	YML052W	host
NM_001182409.1	YML051W	host
NM_001182408.1	YML050W	host
NM_001182407.1	YML049C	host
NM_001182405.1	YML048W	host
NM_001182404.1	YML047C	host
NM_001182403.1	YML046W	host
YNCM0007C	YNCM0007C	host
NM_001184412.1	YML045W-A	host
NM_001182402.2	YML045W	host
NM_001182401.1	YML043C	host
NM_001182400.1	YML042W	host
NM_001182399.1	YML041C	host
YNCM0008C	YNCM0008C	host
NM_001182398.1	YML040W	host
NM_001182397.2	YML039W	host
NM_001182396.1	YML038C	host
NM_001182395.1	YML037C	host
NM_001182394.1	YML036W	host
NM_001182392.1	YML035C	host
NM_001182391.1	YML034W	host
NM_001182390.1	YML032C	host
NM_001182389.1	YML031W	host
NM_001182388.1	YML030W	host
NM_001182387.1	YML029W	host
NM_001182386.1	YML028W	host
NM_001182385.1	YML027W	host
NM_001182384.1	YML026C	host
NM_001182383.1	YML025C	host
NM_001182382.1	YML024W	host
NM_001182381.1	YML023C	host
NM_001182380.1	YML022W	host
NM_001182379.1	YML021C	host
NM_001182378.1	YML020W	host
NM_001182377.1	YML019W	host
NM_001182376.1	YML018C	host
NM_001182375.1	YML017W	host
NM_001182374.1	YML016C	host
NM_001182373.1	YML015C	host
NM_001182372.1	YML014W	host
NM_001182371.1	YML013W	host
NM_001182369.1	YML012W	host
NM_001182368.1	YML011C	host
NM_001182366.1	YML010W	host
NM_001182364.1	YML009C	host
NM_001182363.1	YML008C	host
NM_001184487.1	YML007C-A	host
NM_001182362.1	YML007W	host
NM_001182361.1	YML006C	host
YNCM0009C	YNCM0009C	host
NM_001182360.1	YML005W	host
NM_001182359.1	YML004C	host
NM_001182358.1	YML003W	host
NM_001182357.1	YML002W	host
NM_001182356.1	YML001W	host
NM_001182497.1	YMR001C	host
NM_001184613.1	YMR001C-A	host
NM_001182498.1	YMR002W	host
NM_001182499.1	YMR003W	host
NM_001182500.1	YMR004W	host
NM_001182501.1	YMR005W	host
NM_001182502.1	YMR006C	host
NM_001348864.1	YMR007W	host
NM_001182504.1	YMR008C	host
NM_001395039.1	YMR008C-A	host
NM_001182505.1	YMR009W	host
NM_001182506.1	YMR010W	host
NM_001182507.1	YMR011W	host
YNCM0010W	YNCM0010W	host
NM_001182508.1	YMR012W	host
NM_001182509.1	YMR013C	host
NR_132237.1	YNCM0011W	host
NR_132238.1	YNCM0012W	host
NR_132239.1	YNCM0013W	host
NR_132240.1	YNCM0014W	host
NR_132241.1	YNCM0015W	host
NR_132242.1	YNCM0016W	host
NR_132243.1	YNCM0017W	host
NM_001182510.1	YMR014W	host
NM_001182511.1	YMR015C	host
NM_001182512.1	YMR016C	host
NM_001182513.1	YMR017W	host
NM_001182514.1	YMR018W	host
NM_001182515.1	YMR019W	host
NM_001182516.1	YMR020W	host
NM_001182517.1	YMR021C	host
NM_001182518.1	YMR022W	host
NM_001182519.1	YMR023C	host
YNCM0018C	YNCM0018C	host
NM_001182520.1	YMR024W	host
NM_001182521.1	YMR025W	host
NM_001182522.1	YMR026C	host
NM_001182523.1	YMR027W	host
NM_001182524.1	YMR028W	host
NM_001182525.1	YMR029C	host
NM_001182526.1	YMR030W	host
NM_001182527.1	YMR031C	host
NM_001182529.1	YMR032W	host
NM_001184572.1	YMR030W-A	host
NM_001182530.1	YMR033W	host
NM_001182531.1	YMR034C	host
NM_001182532.1	YMR035W	host
NM_001182533.1	YMR036C	host
NM_001182534.1	YMR037C	host
NM_001182535.1	YMR038C	host
NM_001182536.1	YMR039C	host
NM_001182537.1	YMR040W	host
NM_001182538.1	YMR041C	host
YNCM0019W	YNCM0019W	host
NM_001182539.1	YMR042W	host
NM_001182540.1	YMR043W	host
NM_001182541.1	YMR044W	host
NM_001182542.2	YMR045C	host
NM_001182543.1	YMR046C	host
YNCM0020W	YNCM0020W	host
NM_001182544.1	YMR047C	host
NM_001182545.1	YMR048W	host
NM_001182546.1	YMR049C	host
YNCM0021C	YNCM0021C	host
NM_001182547.2	YMR050C	host
NM_001182548.1	YMR051C	host
YNCM0022C	YNCM0022C	host
NM_001182550.1	YMR052W	host
NM_001182551.1	YMR053C	host
NM_001182552.1	YMR054W	host
NM_001182553.1	YMR055C	host
NM_001182554.1	YMR056C	host
NM_001182556.1	YMR058W	host
NM_001182557.1	YMR059W	host
NM_001182558.1	YMR060C	host
NM_001182559.1	YMR061W	host
NM_001182560.1	YMR062C	host
NM_001182561.1	YMR063W	host
NM_001182562.1	YMR064W	host
NM_001182563.1	YMR065W	host
NM_001182564.1	YMR066W	host
NM_001182565.1	YMR067C	host
NM_001182566.1	YMR068W	host
NM_001182567.1	YMR069W	host
NM_001182568.1	YMR070W	host
NM_001182569.1	YMR071C	host
NM_001182570.1	YMR072W	host
NM_001182571.1	YMR073C	host
NM_001182572.1	YMR074C	host
NM_001182574.1	YMR075W	host
NM_001395040.1	YMR075C-A	host
NM_001182575.1	YMR076C	host
YNCM0023C	YNCM0023C	host
NM_001182576.1	YMR077C	host
NM_001182577.1	YMR078C	host
NM_001182578.1	YMR079W	host
NM_001182579.1	YMR080C	host
NM_001182580.1	YMR081C	host
NM_001348865.1	YMR082C	host
NM_001182582.1	YMR083W	host
NM_001182583.1	YMR084W	host
NM_001182584.1	YMR085W	host
NM_001182586.1	YMR086W	host
NM_001182587.1	YMR087W	host
NM_001182588.1	YMR088C	host
NM_001182589.1	YMR089C	host
NM_001182590.1	YMR090W	host
NM_001182591.1	YMR091C	host
NM_001182592.1	YMR092C	host
NM_001182593.1	YMR093W	host
NM_001182594.1	YMR094W	host
NM_001182595.1	YMR095C	host
NM_001182596.1	YMR096W	host
NM_001182597.1	YMR097C	host
NM_001182598.1	YMR098C	host
YNCM0024W	YNCM0024W	host
NM_001182599.1	YMR099C	host
NM_001182600.1	YMR100W	host
NM_001182601.1	YMR101C	host
NM_001182602.1	YMR102C	host
NM_001348866.1	YMR103C	host
NM_001182604.1	YMR104C	host
NM_001182605.1	YMR105C	host
NM_001184614.1	YMR105W-A	host
NM_001182606.1	YMR106C	host
YNCM0025C	YNCM0025C	host
NM_001431141.1	YMR106W-A	host
NM_001182607.1	YMR107W	host
NM_001182608.1	YMR108W	host
NM_001182609.1	YMR109W	host
NM_001182610.1	YMR110C	host
NM_001182611.1	YMR111C	host
NM_001182612.1	YMR112C	host
NM_001182613.1	YMR113W	host
NM_001182614.1	YMR114C	host
NM_001182615.1	YMR115W	host
NM_001182616.1	YMR116C	host
NR_132244.1	YNCM0026C	host
NM_001182617.1	YMR117C	host
NM_001182618.1	YMR118C	host
YNCM0027W	YNCM0027W	host
NM_001182619.1	YMR119W	host
NM_001182621.1	YMR120C	host
NM_001182622.1	YMR121C	host
NM_001348867.1	YMR122C	host
NM_001184445.1	YMR122W-A	host
NM_001182624.1	YMR123W	host
NM_001182625.1	YMR124W	host
NM_001182626.1	YMR125W	host
NM_001182627.1	YMR126C	host
NM_001182628.1	YMR127C	host
NM_001182629.1	YMR128W	host
NM_001182630.1	YMR129W	host
NM_001182631.1	YMR130W	host
NM_001182632.1	YMR131C	host
NM_001182633.1	YMR132C	host
NM_001182634.1	YMR133W	host
NM_001182635.1	YMR134W	host
NM_001182636.1	YMR135C	host
NM_001182638.1	YMR136W	host
NM_001182639.1	YMR137C	host
NM_001182640.1	YMR138W	host
NM_001182641.1	YMR139W	host
NM_001182642.1	YMR140W	host
NM_001348868.1	YMR141C	host
NM_001182644.1	YMR142C	host
NM_001182645.1	YMR143W	host
NM_001182646.1	YMR144W	host
NM_001182647.1	YMR145C	host
NM_001182648.1	YMR146C	host
NM_001182649.2	YMR147W	host
NM_001182650.1	YMR148W	host
NM_001182651.1	YMR149W	host
NM_001182652.1	YMR150C	host
NM_001182654.1	YMR152W	host
NM_001182656.1	YMR153W	host
NM_001182657.1	YMR154C	host
NM_001182658.1	YMR155W	host
NM_001182659.1	YMR156C	host
NM_001182660.1	YMR157C	host
NM_001182661.1	YMR158W	host
YNCM0028C	YNCM0028C	host
NM_001184342.1	YMR158C-A	host
NM_001182663.1	YMR159C	host
NM_001182664.1	YMR160W	host
NM_001182665.1	YMR161W	host
NM_001182666.1	YMR162C	host
NM_001182667.1	YMR163C	host
YNCM0029C	YNCM0029C	host
NM_001182668.1	YMR164C	host
NM_001182669.1	YMR165C	host
NM_001182670.1	YMR166C	host
NM_001182671.1	YMR167W	host
NM_001182672.1	YMR168C	host
NM_001182673.1	YMR169C	host
NM_001182674.1	YMR170C	host
NM_001182675.1	YMR171C	host
NM_001182677.1	YMR172W	host
NM_001182678.1	YMR173W	host
NM_001182680.1	YMR174C	host
NM_001182681.1	YMR175W	host
NM_001184660.1	YMR175W-A	host
NM_001182682.1	YMR176W	host
NM_001182683.1	YMR177W	host
NM_001182684.1	YMR178W	host
NM_001182685.1	YMR179W	host
NM_001182686.1	YMR180C	host
NM_001182687.1	YMR181C	host
NM_001182688.1	YMR182C	host
NM_001184615.1	YMR182W-A	host
NR_132245.1	YNCM0030W	host
NM_001182689.1	YMR183C	host
NM_001182690.1	YMR184W	host
NM_001182691.1	YMR185W	host
NM_001182692.1	YMR186W	host
NM_001182693.1	YMR187C	host
NM_001182694.1	YMR188C	host
NM_001182695.1	YMR189W	host
NM_001182696.1	YMR190C	host
NM_001182697.1	YMR191W	host
NM_001182698.1	YMR192W	host
NM_001182700.1	YMR193W	host
NM_001182701.1	YMR194W	host
NR_132246.1	YNCM0031W	host
NM_001184524.1	YMR194C-B	host
NM_001182702.1	YMR195W	host
NM_001182703.1	YMR196W	host
NM_001182704.1	YMR197C	host
NM_001182705.1	YMR198W	host
NM_001182706.1	YMR199W	host
NM_001182707.1	YMR200W	host
NM_001182708.1	YMR201C	host
NR_132247.1	YNCM0032C	host
NM_001182709.1	YMR202W	host
NM_001182710.1	YMR203W	host
NM_001182711.1	YMR204C	host
NM_001182712.1	YMR205C	host
NM_001182713.1	YMR206W	host
NM_001182714.1	YMR207C	host
NM_001182715.1	YMR208W	host
NM_001182716.1	YMR209C	host
NM_001182717.1	YMR210W	host
NM_001182718.1	YMR211W	host
NM_001182719.1	YMR212C	host
NM_001182720.1	YMR213W	host
NM_001182721.1	YMR214W	host
NM_001182722.1	YMR215W	host
NM_001182723.1	YMR216C	host
NM_001182724.1	YMR217W	host
NM_001182725.1	YMR218C	host
NM_001182726.1	YMR219W	host
NM_001182727.1	YMR220W	host
NM_001182728.1	YMR221C	host
NM_001182729.1	YMR222C	host
NM_001182730.1	YMR223W	host
NM_001182731.1	YMR224C	host
NM_001182732.1	YMR225C	host
NM_001182733.1	YMR226C	host
NM_001182734.1	YMR227C	host
NM_001182735.1	YMR228W	host
NM_001182736.1	YMR229C	host
NM_001182737.1	YMR230W	host
NM_001184573.1	YMR230W-A	host
NM_001182738.1	YMR231W	host
NM_001182739.1	YMR232W	host
NM_001182740.1	YMR233W	host
NM_001182741.1	YMR234W	host
NM_001182742.1	YMR235C	host
NM_001182743.1	YMR236W	host
NM_001182744.1	YMR237W	host
NM_001182745.1	YMR238W	host
YNCM0033C	YNCM0033C	host
NM_001182746.1	YMR239C	host
NM_001182747.1	YMR240C	host
NM_001182748.1	YMR241W	host
NM_001182749.1	YMR242C	host
NM_001184616.1	YMR242W-A	host
NM_001182750.1	YMR243C	host
NM_001182752.1	YMR244W	host
NM_001182751.1	YMR244C-A	host
NM_001182754.1	YMR246W	host
NR_132248.1	YNCM0034C	host
NM_001182755.1	YMR247C	host
YNCM0035C	YNCM0035C	host
NM_001184661.1	YMR247W-A	host
NM_001182756.1	YMR250W	host
NM_001182757.1	YMR251W	host
NM_001182758.1	YMR251W-A	host
NM_001182759.1	YMR252C	host
NM_001182760.1	YMR253C	host
NM_001348870.1	YMR254C	host
NM_001182762.1	YMR255W	host
NM_001182763.1	YMR256C	host
NM_001182764.1	YMR257C	host
NM_001182765.1	YMR258C	host
NM_001182766.1	YMR259C	host
NM_001182767.1	YMR260C	host
NM_001182768.1	YMR261C	host
NM_001182769.2	YMR262W	host
NM_001182770.1	YMR263W	host
NM_001182771.1	YMR264W	host
NM_001182772.1	YMR265C	host
NM_001182773.1	YMR266W	host
NM_001182774.1	YMR267W	host
NM_001182775.1	YMR268C	host
NM_001182776.1	YMR269W	host
NM_001182777.1	YMR270C	host
NM_001182778.1	YMR271C	host
YNCM0036C	YNCM0036C	host
NM_001182779.1	YMR272C	host
NM_001184617.1	YMR272W-B	host
NM_001182780.1	YMR273C	host
NM_001182781.1	YMR274C	host
NM_001182782.1	YMR275C	host
NM_001182783.1	YMR276W	host
NM_001182784.1	YMR277W	host
NM_001182785.1	YMR278W	host
NM_001182786.1	YMR279C	host
NM_001182787.1	YMR280C	host
NM_001182788.1	YMR281W	host
NM_001182789.1	YMR282C	host
NM_001182790.1	YMR283C	host
YNCM0037W	YNCM0037W	host
NM_001182791.1	YMR284W	host
NM_001182792.1	YMR285C	host
NM_001182793.1	YMR286W	host
NM_001182794.1	YMR287C	host
NM_001182795.1	YMR288W	host
NM_001182796.1	YMR289W	host
NM_001182797.1	YMR290C	host
NM_001182799.1	YMR291W	host
NM_001182800.1	YMR292W	host
NM_001182801.1	YMR293C	host
NM_001182802.1	YMR294W	host
NM_001182804.1	YMR295C	host
NM_001182805.1	YMR296C	host
NM_001182806.1	YMR297W	host
NM_001182807.1	YMR298W	host
NM_001182808.2	YMR299C	host
NM_001182809.1	YMR300C	host
NM_001182810.1	YMR301C	host
NM_001182811.1	YMR302C	host
NM_001182812.1	YMR303C	host
NM_001182814.1	YMR304W	host
NM_001182815.1	YMR305C	host
NM_001182817.1	YMR306W	host
NM_001182818.1	YMR307W	host
NM_001182819.1	YMR308C	host
NM_001182820.1	YMR309C	host
NM_001182821.1	YMR310C	host
NM_001182822.1	YMR311C	host
NM_001182823.1	YMR312W	host
NM_001182824.1	YMR313C	host
NM_001182825.1	YMR314W	host
NM_001182826.1	YMR315W	host
NM_001184618.1	YMR315W-A	host
NM_001182829.1	YMR316W	host
NM_001270757.1	YMR316C-A	host
NM_001182830.2	YMR317W	host
NM_001182831.3	YMR318C	host
NM_001182832.1	YMR319C	host
NM_001348871.1	YMR320W	host
NM_001182834.3	YMR321C	host
NM_001182835.1	YMR322C	host
NM_001182836.3	YMR323W	host
NM_001182838.1	YMR325W	host
NM_001183177.1	YNL339C	host
NM_001183174.1	YNL336W	host
NM_001183173.1	YNL335W	host
NM_001183172.1	YNL334C	host
NM_001183171.1	YNL333W	host
NM_001183170.1	YNL332W	host
NM_001183169.1	YNL331C	host
NM_001183168.1	YNL330C	host
NM_001183167.1	YNL329C	host
NM_001183166.1	YNL328C	host
NM_001183165.2	YNL327W	host
NM_001183164.1	YNL326C	host
NM_001183163.1	YNL325C	host
NM_001183161.1	YNL323W	host
NM_001183160.1	YNL322C	host
NM_001183159.1	YNL321W	host
NM_001183158.1	YNL320W	host
NM_001183156.1	YNL318C	host
NM_001183155.1	YNL317W	host
NM_001183154.1	YNL316C	host
NM_001183153.1	YNL315C	host
NM_001183152.1	YNL314W	host
NM_001183151.1	YNL313C	host
NM_001183150.1	YNL312W	host
NM_001183149.1	YNL311C	host
NM_001183148.1	YNL310C	host
NM_001183147.1	YNL309W	host
NM_001183146.1	YNL308C	host
NM_001183145.1	YNL307C	host
NM_001183144.1	YNL306W	host
NM_001183143.1	YNL305C	host
NM_001183142.1	YNL304W	host
NM_001183140.1	YNL302C	host
NM_001183139.1	YNL301C	host
NM_001183138.1	YNL300W	host
NM_001183137.1	YNL299W	host
NM_001183136.1	YNL298W	host
NM_001183135.1	YNL297C	host
NM_001183133.1	YNL295W	host
NM_001183132.1	YNL294C	host
NM_001183131.1	YNL293W	host
NM_001183130.1	YNL292W	host
NM_001183129.1	YNL291C	host
NM_001183128.1	YNL290W	host
NM_001183127.1	YNL289W	host
NR_132249.1	YNCN0001W	host
NM_001183126.1	YNL288W	host
NM_001183125.1	YNL287W	host
NM_001183124.1	YNL286W	host
YNCN0002C	YNCN0002C	host
NM_001184415.2	YNL284C-B	host
NM_001184414.1	YNL284C-A	host
YNCN0003W	YNCN0003W	host
NM_001183122.1	YNL284C	host
YNCN0004W	YNCN0004W	host
NM_001183121.1	YNL283C	host
NM_001183120.1	YNL282W	host
NM_001183119.1	YNL281W	host
NM_001183118.1	YNL280C	host
NM_001183117.1	YNL279W	host
NM_001183116.1	YNL278W	host
NM_001184664.1	YNL277W-A	host
NM_001183115.1	YNL277W	host
NM_001183113.1	YNL275W	host
NM_001183112.1	YNL274C	host
NM_001183111.1	YNL273W	host
NM_001183110.1	YNL272C	host
NM_001183109.2	YNL271C	host
NM_001183108.1	YNL270C	host
NM_001183107.1	YNL269W	host
NM_001183106.1	YNL268W	host
NM_001183105.1	YNL267W	host
NM_001183103.1	YNL265C	host
NM_001183102.1	YNL264C	host
NM_001183101.1	YNL263C	host
NM_001183100.1	YNL262W	host
NM_001183099.1	YNL261W	host
NM_001183098.2	YNL260C	host
NM_001183097.1	YNL259C	host
NM_001183096.1	YNL258C	host
NM_001183095.1	YNL257C	host
NM_001183094.1	YNL256W	host
NM_001183093.1	YNL255C	host
NM_001183092.1	YNL254C	host
NM_001183091.1	YNL253W	host
NM_001183090.1	YNL252C	host
NM_001183089.1	YNL251C	host
NM_001183088.1	YNL250W	host
NM_001183087.1	YNL249C	host
NM_001183086.1	YNL248C	host
NM_001183085.1	YNL247W	host
NM_001183084.1	YNL246W	host
NM_001183083.1	YNL245C	host
NM_001183082.1	YNL244C	host
NM_001183081.2	YNL243W	host
NM_001183080.1	YNL242W	host
NM_001183079.1	YNL241C	host
NM_001183078.1	YNL240C	host
NM_001183077.1	YNL239W	host
NM_001183076.1	YNL238W	host
NM_001183075.1	YNL237W	host
NM_001183074.1	YNL236W	host
NM_001183072.1	YNL234W	host
NM_001183071.1	YNL233W	host
NM_001183070.1	YNL232W	host
NM_001183069.1	YNL231C	host
NM_001183068.1	YNL230C	host
NM_001183067.1	YNL229C	host
NM_001183065.1	YNL227C	host
NM_001183063.1	YNL225C	host
NM_001183062.1	YNL224C	host
NM_001183061.1	YNL223W	host
NM_001183060.1	YNL222W	host
NR_132250.1	YNCN0005C	host
NM_001183059.1	YNL221C	host
NM_001183058.1	YNL220W	host
NM_001183057.1	YNL219C	host
NM_001183056.1	YNL218W	host
NM_001183055.1	YNL217W	host
NM_001183054.1	YNL216W	host
NM_001183053.1	YNL215W	host
NM_001183052.1	YNL214W	host
NM_001183051.1	YNL213C	host
NM_001183050.1	YNL212W	host
NM_001183049.1	YNL211C	host
NM_001183048.1	YNL210W	host
NM_001183047.1	YNL209W	host
NM_001183046.1	YNL208W	host
NM_001183045.1	YNL207W	host
NM_001183044.1	YNL206C	host
NM_001183042.1	YNL204C	host
NM_001183040.1	YNL202W	host
NM_001183039.1	YNL201C	host
NM_001183038.1	YNL200C	host
NM_001183037.1	YNL199C	host
NM_001183035.1	YNL197C	host
NM_001183034.1	YNL196C	host
NM_001183033.1	YNL195C	host
NM_001183032.1	YNL194C	host
NM_001183031.2	YNL193W	host
NM_001183030.2	YNL192W	host
NM_001183029.1	YNL191W	host
NM_001183028.1	YNL190W	host
NM_001183027.1	YNL189W	host
NM_001183026.1	YNL188W	host
NM_001183025.1	YNL187W	host
NM_001183024.2	YNL186W	host
NM_001183023.1	YNL185C	host
NM_001270758.1	YNL184C	host
NM_001183021.1	YNL183C	host
NM_001183020.1	YNL182C	host
NM_001183019.2	YNL181W	host
NM_001183018.1	YNL180C	host
NM_001183016.3	YNL178W	host
NM_001183015.2	YNL177C	host
NM_001183014.2	YNL176C	host
NM_001183013.2	YNL175C	host
NM_001183011.1	YNL173C	host
NM_001183010.4	YNL172W	host
NM_001183007.1	YNL169C	host
NM_001183006.1	YNL168C	host
NM_001183005.1	YNL167C	host
NM_001183004.1	YNL166C	host
NM_001183003.3	YNL165W	host
NM_001183002.1	YNL164C	host
NM_001183001.1	YNL163C	host
NM_001184490.1	YNL162W-A	host
NM_001183000.1	YNL162W	host
NM_001182999.3	YNL161W	host
NM_001182998.1	YNL160W	host
NM_001182997.1	YNL159C	host
NM_001182996.1	YNL158W	host
NM_001182995.1	YNL157W	host
NM_001182994.3	YNL156C	host
NM_001431142.1	YNL155C-A	host
NM_001182993.1	YNL155W	host
NM_001182992.1	YNL154C	host
NM_001182991.1	YNL153C	host
NM_001182990.1	YNL152W	host
NM_001182989.3	YNL151C	host
NM_001182987.1	YNL149C	host
NM_001182986.1	YNL148C	host
NM_001182985.1	YNL147W	host
NM_001184663.1	YNL146C-A	host
NM_001182984.3	YNL146W	host
NM_001182983.1	YNL145W	host
NM_001182982.1	YNL144C	host
NM_001270759.1	YNL143C	host
NM_001182980.1	YNL142W	host
NM_001182979.1	YNL141W	host
NM_001270760.1	YNL140C	host
NM_001182977.3	YNL139C	host
NM_001184519.1	YNL138W-A	host
NM_001182976.1	YNL138W	host
NM_001182975.3	YNL137C	host
NM_001182974.1	YNL136W	host
NM_001182973.1	YNL135C	host
NM_001182972.3	YNL134C	host
NM_001182971.3	YNL133C	host
YNCN0006W	YNCN0006W	host
NM_001182970.1	YNL132W	host
NM_001182969.1	YNL131W	host
NM_001182968.3	YNL130C	host
NM_001184574.1	YNL130C-A	host
NM_001182967.1	YNL129W	host
NM_001182966.4	YNL128W	host
NM_001182965.3	YNL127W	host
NM_001182964.1	YNL126W	host
NM_001182963.1	YNL125C	host
NM_001182962.3	YNL124W	host
NM_001182961.1	YNL123W	host
NM_001182960.1	YNL122C	host
NM_001182959.3	YNL121C	host
NM_001182957.3	YNL119W	host
NM_001182956.1	YNL118C	host
NM_001182955.1	YNL117W	host
NM_001182954.3	YNL116W	host
NM_001182953.1	YNL115C	host
NM_001182951.1	YNL113W	host
NM_001182950.3	YNL112W	host
NM_001182949.3	YNL111C	host
NM_001182948.1	YNL110C	host
NM_001182946.1	YNL108C	host
NM_001182945.3	YNL107W	host
NM_001182944.1	YNL106C	host
NM_001182942.1	YNL104C	host
NM_001182941.3	YNL103W	host
NM_001182940.3	YNL102W	host
NM_001182939.1	YNL101W	host
NM_001182938.1	YNL100W	host
NM_001182937.3	YNL099C	host
NM_001182936.1	YNL098C	host
NM_001184620.1	YNL097C-B	host
NM_001182935.3	YNL097C	host
YNCN0007W	YNCN0007W	host
NM_001182934.3	YNL096C	host
NM_001182933.1	YNL095C	host
NM_001182932.1	YNL094W	host
NM_001182931.3	YNL093W	host
NM_001182930.1	YNL092W	host
NM_001182929.1	YNL091W	host
NM_001182928.3	YNL090W	host
NM_001182926.3	YNL088W	host
NM_001182925.1	YNL087W	host
NM_001182924.1	YNL086W	host
NM_001182923.3	YNL085W	host
NM_001182922.1	YNL084C	host
NM_001182921.1	YNL083W	host
NM_001182920.3	YNL082W	host
NM_001182919.3	YNL081C	host
NM_001182918.1	YNL080C	host
NM_001182917.1	YNL079C	host
NM_001182916.3	YNL078W	host
NM_001182915.1	YNL077W	host
NM_001182914.1	YNL076W	host
NM_001182913.3	YNL075W	host
NM_001182912.3	YNL074C	host
NM_001182911.1	YNL073W	host
NM_001182910.1	YNL072W	host
NM_001182909.3	YNL071W	host
NM_001182908.1	YNL070W	host
NM_001182907.1	YNL069C	host
NM_001182906.3	YNL068C	host
NM_001184639.3	YNL067W-B	host
NM_001182905.1	YNL067W	host
NM_001182904.1	YNL066W	host
NM_001182903.3	YNL065W	host
NM_001182902.1	YNL064C	host
NM_001182901.1	YNL063W	host
NM_001182900.3	YNL062C	host
NM_001182899.3	YNL061W	host
NM_001182898.1	YNL059C	host
NM_001182897.1	YNL058C	host
NM_001182895.3	YNL056W	host
NM_001182894.1	YNL055C	host
YNCN0008C	YNCN0008C	host
NM_001184413.3	YNL054W-A	host
NM_001281536.2	YNL054W-B	host
NM_001182893.3	YNL054W	host
NM_001182892.3	YNL053W	host
NM_001182891.1	YNL052W	host
NM_001182890.1	YNL051W	host
NM_001182889.3	YNL050C	host
NM_001182888.1	YNL049C	host
NM_001182887.1	YNL048W	host
NM_001182886.3	YNL047C	host
NM_001182885.3	YNL046W	host
NM_001182884.1	YNL045W	host
NM_001182883.1	YNL044W	host
YNCN0009W	YNCN0009W	host
NM_001184662.3	YNL042W-B	host
NM_001182881.1	YNL042W	host
NM_001182880.1	YNL041C	host
NM_001431143.1	YNL040C-A	host
NM_001182879.3	YNL040W	host
NM_001182878.3	YNL039W	host
NM_001182877.1	YNL038W	host
NM_001182876.1	YNL037C	host
NM_001182875.3	YNL036W	host
YNCN0010C	YNCN0010C	host
YNCN0011W	YNCN0011W	host
NM_001182874.1	YNL035C	host
YNCN0012C	YNCN0012C	host
NM_001182873.1	YNL034W	host
NM_001182872.3	YNL033W	host
NM_001182871.3	YNL032W	host
NM_001182870.1	YNL031C	host
NM_001182869.1	YNL030W	host
NM_001182868.3	YNL029C	host
NM_001182866.1	YNL027W	host
NM_001182865.1	YNL026W	host
NM_001182864.3	YNL025C	host
NR_132251.1	NR_132251.1	host
NR_132252.1	YNCN0014W	host
NM_001184619.3	YNL024C-A	host
NM_001182863.1	YNL024C	host
NM_001182862.1	YNL023C	host
NM_001182861.3	YNL022C	host
NM_001182860.1	YNL021W	host
NM_001182859.1	YNL020C	host
NM_001182858.3	YNL019C	host
NM_001182857.3	YNL018C	host
YNCN0015W	YNCN0015W	host
NM_001182855.1	YNL016W	host
NM_001182854.1	YNL015W	host
NM_001182853.3	YNL014W	host
NM_001182851.1	YNL012W	host
NM_001182850.1	YNL011C	host
NM_001182849.3	YNL010W	host
NM_001182848.3	YNL009W	host
NM_001182847.2	YNL008C	host
NM_001182846.1	YNL007C	host
NM_001182845.3	YNL006W	host
NM_001182844.1	YNL005C	host
NM_001182843.1	YNL004W	host
NM_001182842.3	YNL003C	host
NM_001182841.3	YNL002C	host
NM_001182840.1	YNL001W	host
NM_001183178.1	YNR001C	host
YNCN0016C	YNCN0016C	host
YNCN0017W	YNCN0017W	host
NM_001183179.3	YNR002C	host
NM_001183180.1	YNR003C	host
NM_001183181.1	YNR004W	host
NM_001183183.3	YNR006W	host
NM_001183184.3	YNR007C	host
NM_001183185.1	YNR008W	host
NM_001183186.1	YNR009W	host
NM_001183187.3	YNR010W	host
NM_001183188.1	YNR011C	host
NM_001183189.1	YNR012W	host
NM_001183190.3	YNR013C	host
NM_001183191.3	YNR014W	host
NM_001183192.1	YNR015W	host
NM_001183193.1	YNR016C	host
NM_001183194.3	YNR017W	host
NM_001183195.1	YNR018W	host
NM_001183196.1	YNR019W	host
NM_001183197.3	YNR020C	host
NM_001183198.3	YNR021W	host
NM_001183199.1	YNR022C	host
NM_001183200.1	YNR023W	host
NM_001183201.3	YNR024W	host
NM_001183203.1	YNR026C	host
NM_001183204.1	YNR027W	host
NM_001183205.3	YNR028W	host
NM_001183206.3	YNR029C	host
NM_001183207.1	YNR030W	host
NM_001183208.1	YNR031C	host
NM_001183209.3	YNR032W	host
NM_001184344.1	YNR032C-A	host
NM_001183210.1	YNR033W	host
NM_001183211.3	YNR034W	host
NM_001184446.3	YNR034W-A	host
NM_001183212.1	YNR035C	host
NM_001183213.1	YNR036C	host
NM_001183214.3	YNR037C	host
NM_001183215.1	YNR038W	host
NM_001183216.1	YNR039C	host
NM_001183217.3	YNR040W	host
NM_001183218.3	YNR041C	host
NM_001183220.1	YNR043W	host
NM_001183221.1	YNR044W	host
NM_001183222.3	YNR045W	host
NM_001183223.1	YNR046W	host
NM_001183224.1	YNR047W	host
NM_001183225.3	YNR048W	host
NM_001183226.3	YNR049C	host
NM_001183227.1	YNR050C	host
NR_132253.1	YNCN0018W	host
NM_001183228.1	YNR051C	host
NM_001183229.3	YNR052C	host
NM_001183230.1	YNR053C	host
NR_132254.1	YNCN0019C	host
NM_001183231.1	YNR054C	host
YNCN0020C	YNCN0020C	host
NM_001183232.3	YNR055C	host
NM_001183233.3	YNR056C	host
NM_001183234.1	YNR057C	host
NM_001183235.1	YNR058W	host
NM_001183236.3	YNR059W	host
NM_001183237.1	YNR060W	host
NM_001183238.1	YNR061C	host
NM_001183239.3	YNR062C	host
NM_001183240.3	YNR063W	host
NM_001183241.1	YNR064C	host
NM_001183242.1	YNR065C	host
NM_001183243.3	YNR066C	host
NM_001183244.1	YNR067C	host
NM_001183245.1	YNR068C	host
NM_001183246.3	YNR069C	host
NM_001183247.4	YNR070W	host
NM_001183248.1	YNR071C	host
NM_001183249.1	YNR072W	host
NM_001183250.3	YNR073C	host
NM_001183251.1	YNR074C	host
NM_001183252.1	YNR075W	host
NM_001184621.3	YNR075C-A	host
NM_001183253.3	YNR076W	host
NM_001267862.1	YNR077C	host
NM_001184623.1	YOL166W-A	host
NM_001183418.1	YOL165C	host
NM_001184575.1	YOL164W-A	host
NM_001183417.1	YOL164W	host
NM_001183416.1	YOL163W	host
NM_001183415.1	YOL162W	host
NM_001183414.1	YOL161C	host
NM_001348873.1	YOL160W	host
NM_001184493.1	YOL159C-A	host
NM_001183412.1	YOL159C	host
NM_001183411.1	YOL158C	host
NM_001183410.1	YOL157C	host
NM_001183409.1	YOL156W	host
NM_001184666.1	YOL155W-A	host
NM_001183408.1	YOL155C	host
NM_001183407.1	YOL154W	host
YOL153C	YOL153C	host
NM_001183406.1	YOL152W	host
NM_001183405.1	YOL151W	host
NM_001183403.1	YOL149W	host
NM_001183402.1	YOL148C	host
NM_001183401.1	YOL147C	host
NM_001183400.1	YOL146W	host
NM_001183399.2	YOL145C	host
NM_001183398.1	YOL144W	host
NM_001183397.1	YOL143C	host
NM_001183396.2	YOL142W	host
NM_001183395.2	YOL141W	host
NM_001183394.1	YOL140W	host
NM_001183393.1	YOL139C	host
NM_001183392.2	YOL138C	host
NM_001183391.1	YOL137W	host
NM_001183390.1	YOL136C	host
NM_001183389.1	YOL135C	host
NM_001183387.1	YOL133W	host
NM_001183386.1	YOL132W	host
NM_001183385.1	YOL131W	host
NM_001183384.1	YOL130W	host
NM_001183383.1	YOL129W	host
NM_001183382.1	YOL128C	host
NM_001183381.1	YOL127W	host
NM_001183380.1	YOL126C	host
NM_001183379.2	YOL125W	host
NM_001183378.1	YOL124C	host
NM_001183377.1	YOL123W	host
NM_001183376.1	YOL122C	host
NM_001183375.1	YOL121C	host
NM_001183374.1	YOL120C	host
NM_001183373.1	YOL119C	host
NM_001348874.1	YOL118C	host
NM_001183371.1	YOL117W	host
NM_001183370.1	YOL116W	host
NM_001183369.1	YOL115W	host
NM_001183368.1	YOL114C	host
NM_001183367.1	YOL113W	host
NM_001183366.1	YOL112W	host
NM_001183365.1	YOL111C	host
NM_001183364.1	YOL110W	host
NM_001183363.1	YOL109W	host
YNCO0001C	YNCO0001C	host
NM_001183362.1	YOL108C	host
NM_001183361.1	YOL107W	host
YNCO0002W	YNCO0002W	host
NM_001183359.1	YOL105C	host
NM_001183358.1	YOL104C	host
NM_001184383.1	YOL103W-A	host
NM_001184384.2	YOL103W-B	host
NM_001183357.1	YOL103W	host
NM_001183356.1	YOL102C	host
NM_001183355.1	YOL101C	host
NM_001183354.1	YOL100W	host
NM_001183352.1	YOL098C	host
NR_132255.1	YNCO0003C	host
NM_001184665.1	YOL097W-A	host
NM_001183351.1	YOL097C	host
NM_001183350.1	YOL096C	host
NM_001183349.1	YOL095C	host
NM_001183348.1	YOL094C	host
NM_001183347.1	YOL093W	host
NM_001183346.1	YOL092W	host
NM_001183345.1	YOL091W	host
NM_001183344.1	YOL090W	host
NM_001183343.1	YOL089C	host
NM_001183342.1	YOL088C	host
NM_001183341.1	YOL087C	host
NM_001184492.1	YOL086W-A	host
NM_001183340.1	YOL086C	host
NM_001348875.1	YOL085C	host
NM_001183338.1	YOL084W	host
NM_001183337.1	YOL083W	host
NM_001183336.1	YOL082W	host
NM_001183335.1	YOL081W	host
NM_001183334.1	YOL080C	host
NM_001183332.1	YOL078W	host
NM_001184377.1	YOL077W-A	host
NM_001183331.2	YOL077C	host
NM_001183330.1	YOL076W	host
NM_001183329.2	YOL075C	host
NM_001183328.1	YOL073C	host
NM_001183327.1	YOL072W	host
NM_001183326.1	YOL071W	host
NM_001183325.1	YOL070C	host
NM_001183324.1	YOL069W	host
NM_001183323.1	YOL068C	host
NM_001183322.1	YOL067C	host
NM_001183321.1	YOL066C	host
NM_001183320.1	YOL065C	host
NM_001183319.1	YOL064C	host
NM_001183318.1	YOL063C	host
NM_001183317.1	YOL062C	host
NM_001183316.1	YOL061W	host
NM_001183315.1	YOL060C	host
NM_001183314.1	YOL059W	host
NM_001183313.2	YOL058W	host
NM_001183312.1	YOL057W	host
NM_001183311.1	YOL056W	host
NM_001183310.1	YOL055C	host
YNCO0004C	YNCO0004C	host
YNCO0005W	YNCO0005W	host
NM_001183309.1	YOL054W	host
NM_001183308.1	YOL053W	host
NM_001183307.1	YOL052C-A	host
NM_001183306.1	YOL052C	host
NR_132256.1	YNCO0006W	host
NM_001183305.1	YOL051W	host
NM_001183303.1	YOL049W	host
NM_001183302.1	YOL048C	host
NM_001183301.1	YOL047C	host
NM_001183299.1	YOL045W	host
NM_001183298.1	YOL044W	host
NM_001183297.1	YOL043C	host
NM_001183296.1	YOL042W	host
NM_001183295.1	YOL041C	host
NM_001183294.1	YOL040C	host
NM_001183293.1	YOL039W	host
NM_001184641.1	YOL038C-A	host
NM_001183292.1	YOL038W	host
NM_001183290.1	YOL036W	host
NR_132257.1	YNCO0007W	host
NM_001183288.1	YOL034W	host
NM_001183287.1	YOL033W	host
NM_001183286.1	YOL032W	host
NM_001183285.1	YOL031C	host
NM_001183284.1	YOL030W	host
NM_001183283.1	YOL029C	host
NM_001183282.1	YOL028C	host
NM_001183281.1	YOL027C	host
NM_001183280.1	YOL026C	host
YNCO0008W	YNCO0008W	host
NM_001183279.1	YOL025W	host
NM_001183278.1	YOL024W	host
NM_001183277.1	YOL023W	host
NM_001183276.2	YOL022C	host
YNCO0009W	YNCO0009W	host
NM_001183275.1	YOL021C	host
NM_001183274.1	YOL020W	host
YNCO0010W	YNCO0010W	host
NM_001184622.1	YOL019W-A	host
NM_001183273.1	YOL019W	host
NM_001183272.1	YOL018C	host
NM_001183271.1	YOL017W	host
NM_001183270.1	YOL016C	host
NM_001183269.1	YOL015W	host
NM_001183268.1	YOL014W	host
YNCO0011W	YNCO0011W	host
NM_001183267.1	YOL013C	host
NM_001183266.1	YOL012C	host
NM_001183265.1	YOL011W	host
NM_001183264.1	YOL010W	host
NM_001183263.1	YOL009C	host
NM_001183262.1	YOL008W	host
NM_001183261.1	YOL007C	host
NM_001183260.1	YOL006C	host
NM_001183259.1	YOL005C	host
NM_001183258.1	YOL004W	host
NM_001183257.1	YOL003C	host
NM_001183256.1	YOL002C	host
NM_001183255.1	YOL001W	host
NM_001183420.1	YOR001W	host
NM_001183421.1	YOR002W	host
NM_001183422.1	YOR003W	host
NM_001183423.1	YOR004W	host
NM_001183424.1	YOR005C	host
NM_001183425.1	YOR006C	host
NM_001183426.1	YOR007C	host
YNCO0012C	YNCO0012C	host
NM_001183427.1	YOR008C	host
NM_001184305.1	YOR008C-A	host
NM_001183428.1	YOR009W	host
NM_001183429.1	YOR010C	host
NM_001183430.1	YOR011W	host
YNCO0013C	YNCO0013C	host
NM_001184576.1	YOR011W-A	host
NM_001183431.1	YOR012W	host
NM_001183433.1	YOR014W	host
NM_001348876.1	YOR015W	host
NM_001183435.1	YOR016C	host
NM_001183436.1	YOR017W	host
NM_001183437.1	YOR018W	host
NM_001183438.1	YOR019W	host
NM_001183439.1	YOR020C	host
NM_001184536.1	YOR020W-A	host
NM_001183440.1	YOR021C	host
NM_001183441.1	YOR022C	host
NM_001183442.1	YOR023C	host
NM_001183444.1	YOR025W	host
NM_001183445.1	YOR026W	host
NM_001183446.1	YOR027W	host
NM_001183447.1	YOR028C	host
NM_001348877.1	YOR029W	host
NM_001183449.1	YOR030W	host
YOR031W	YOR031W	host
NM_001183451.1	YOR032C	host
NM_001184624.1	YOR032W-A	host
NM_001183452.1	YOR033C	host
NM_001183453.1	YOR034C	host
NM_001184667.1	YOR034C-A	host
NM_001183454.1	YOR035C	host
NM_001183455.1	YOR036W	host
NM_001183456.1	YOR037W	host
NM_001183457.1	YOR038C	host
NM_001183458.1	YOR039W	host
NM_001183459.1	YOR040W	host
NR_132258.1	YNCO0014C	host
NM_001183461.1	YOR042W	host
NR_132259.1	YNCO0015C	host
NM_001183462.1	YOR043W	host
NM_001183463.1	YOR044W	host
NM_001183464.1	YOR045W	host
NM_001183465.1	YOR046C	host
NM_001183466.1	YOR047C	host
NM_001183467.1	YOR048C	host
NM_001183468.1	YOR049C	host
NM_001183470.1	YOR051C	host
NM_001183471.1	YOR052C	host
NM_001183473.1	YOR054C	host
NM_001183475.1	YOR056C	host
NM_001183476.1	YOR057W	host
NM_001183477.1	YOR058C	host
YNCO0016W	YNCO0016W	host
NM_001183478.1	YOR059C	host
NM_001183479.1	YOR060C	host
NM_001183480.1	YOR061W	host
NM_001183481.1	YOR062C	host
NM_001183482.1	YOR063W	host
NM_001183483.1	YOR064C	host
NM_001183484.1	YOR065W	host
NM_001183485.1	YOR066W	host
NM_001183486.1	YOR067C	host
NM_001183488.1	YOR069W	host
NM_001183487.1	YOR068C	host
NM_001183489.1	YOR070C	host
NM_001183490.1	YOR071C	host
NM_001348878.1	YOR072W	host
YNCO0017W	YNCO0017W	host
NM_001184526.1	YOR072W-B	host
NM_001183492.1	YOR073W	host
NM_001183493.1	YOR074C	host
NM_001183494.1	YOR075W	host
NM_001183495.1	YOR076C	host
NM_001183496.1	YOR077W	host
NM_001183497.1	YOR078W	host
NM_001183498.1	YOR079C	host
NM_001183499.1	YOR080W	host
NM_001183500.1	YOR081C	host
NM_001183502.1	YOR083W	host
NM_001183503.1	YOR084W	host
NM_001183504.1	YOR085W	host
NM_001183505.1	YOR086C	host
YNCO0018W	YNCO0018W	host
NM_001183506.1	YOR087W	host
NM_001183508.1	YOR089C	host
NM_001183509.1	YOR090C	host
NM_001183510.1	YOR091W	host
NM_001183511.1	YOR092W	host
NM_001183512.1	YOR093C	host
NM_001183513.1	YOR094W	host
NM_001183514.1	YOR095C	host
NM_001183515.1	YOR096W	host
NM_001183516.1	YOR097C	host
NM_001183517.1	YOR098C	host
NM_001183518.1	YOR099W	host
NM_001183519.1	YOR100C	host
NM_001183520.1	YOR101W	host
NM_001183522.1	YOR103C	host
NM_001183523.1	YOR104W	host
NM_001270761.1	YOR105W	host
NM_001183525.1	YOR106W	host
NM_001183526.3	YOR107W	host
NM_001183527.1	YOR108W	host
NM_001183528.3	YOR109W	host
NM_001183529.1	YOR110W	host
NM_001183530.3	YOR111W	host
NM_001183531.1	YOR112W	host
NM_001183532.3	YOR113W	host
NM_001183533.1	YOR114W	host
NM_001183534.3	YOR115C	host
NM_001183535.1	YOR116C	host
NM_001183536.3	YOR117W	host
NM_001183537.1	YOR118W	host
NM_001183538.3	YOR119C	host
NM_001183539.1	YOR120W	host
NM_001183541.3	YOR122C	host
NM_001183542.1	YOR123C	host
NM_001183543.3	YOR124C	host
NM_001183544.1	YOR125C	host
NM_001183545.3	YOR126C	host
NM_001183546.1	YOR127W	host
NM_001183547.3	YOR128C	host
NM_001183548.1	YOR129C	host
NM_001183549.4	YOR130C	host
YNCO0019W	YNCO0019W	host
NM_001183550.1	YOR131C	host
NM_001183551.3	YOR132W	host
NM_001183552.1	YOR133W	host
NM_001183553.3	YOR134W	host
NM_001183555.1	YOR136W	host
NM_001183556.3	YOR137C	host
NM_001183557.1	YOR138C	host
NM_001183559.4	YOR140W	host
NM_001183560.1	YOR141C	host
NM_001183561.3	YOR142W	host
YNCO0020C	YNCO0020C	host
NM_001184385.3	YOR142W-A	host
NM_001184386.2	YOR142W-B	host
NM_001183562.1	YOR143C	host
NM_001183563.3	YOR144C	host
NM_001183564.1	YOR145C	host
NM_001183566.3	YOR147W	host
NM_001183567.1	YOR148C	host
NM_001183568.4	YOR149C	host
NM_001183569.1	YOR150W	host
NM_001183570.3	YOR151C	host
NM_001183571.1	YOR152C	host
NM_001183572.3	YOR153W	host
NM_001183573.1	YOR154W	host
NM_001183574.3	YOR155C	host
NM_001183575.1	YOR156C	host
NM_001183576.3	YOR157C	host
NM_001183577.1	YOR158W	host
NM_001183578.3	YOR159C	host
NM_001183579.1	YOR160W	host
NM_001183580.3	YOR161C	host
NM_001184625.1	YOR161C-C	host
NM_001183581.3	YOR162C	host
NM_001183582.1	YOR163W	host
NM_001183583.3	YOR164C	host
NM_001183584.1	YOR165W	host
NM_001183585.3	YOR166C	host
NM_001183586.1	YOR167C	host
NM_001183587.3	YOR168W	host
NM_001183590.1	YOR171C	host
NM_001183591.3	YOR172W	host
NM_001183592.1	YOR173W	host
NM_001183593.3	YOR174W	host
NM_001183594.1	YOR175C	host
NM_001183595.3	YOR176W	host
YNCO0021C	YNCO0021C	host
NM_001183596.1	YOR177C	host
NM_001183597.3	YOR178C	host
NM_001183598.1	YOR179C	host
NM_001183599.3	YOR180C	host
NM_001183600.1	YOR181W	host
NM_001183601.3	YOR182C	host
NM_001183602.1	YOR183W	host
NM_001183603.3	YOR184W	host
NR_132260.1	YNCO0022C	host
NM_001183604.1	YOR185C	host
NM_001183605.3	YOR186W	host
NM_001183606.1	YOR187W	host
NM_001183607.3	YOR188W	host
NM_001183608.1	YOR189W	host
NM_001183609.3	YOR190W	host
NM_001183610.1	YOR191W	host
NM_001183611.3	YOR192C	host
NM_001184668.1	YOR192C-C	host
NM_001184388.4	YOR192C-B	host
NM_001184387.1	YOR192C-A	host
YNCO0023W	YNCO0023W	host
NM_001183612.3	YOR193W	host
NM_001183613.1	YOR194C	host
NM_001183614.3	YOR195W	host
NM_001183615.1	YOR196C	host
NM_001183616.3	YOR197W	host
NM_001183617.1	YOR198C	host
NM_001183620.3	YOR201C	host
NM_001183621.1	YOR202W	host
NM_001183623.3	YOR204W	host
NM_001183624.1	YOR205C	host
NM_001183625.3	YOR206W	host
NM_001183626.1	YOR207C	host
NM_001183627.3	YOR208W	host
NM_001183628.1	YOR209C	host
NM_001183629.3	YOR210W	host
NM_001183630.1	YOR211C	host
NM_001183631.3	YOR212W	host
NM_001183632.1	YOR213C	host
NM_001183633.3	YOR214C	host
NM_001183634.1	YOR215C	host
NM_001183635.3	YOR216C	host
NM_001183636.1	YOR217W	host
NM_001183638.3	YOR219C	host
NM_001183639.1	YOR220W	host
NM_001183640.3	YOR221C	host
NM_001183641.1	YOR222W	host
NR_132261.1	YNCO0024C	host
NM_001183642.3	YOR223W	host
NM_001183643.1	YOR224C	host
NM_001183645.3	YOR226C	host
NM_001183646.1	YOR227W	host
NM_001183647.3	YOR228C	host
NM_001183648.1	YOR229W	host
NM_001183649.3	YOR230W	host
NM_001183650.1	YOR231W	host
NM_001183651.3	YOR232W	host
NM_001183652.1	YOR233W	host
NM_001183653.3	YOR234C	host
NM_001348879.1	YOR235W	host
NR_132262.1	YNCO0025W	host
NM_001183655.1	YOR236W	host
NM_001183656.3	YOR237W	host
NM_001183657.1	YOR238W	host
NM_001183658.6	YOR239W	host
NM_001183660.1	YOR241W	host
NM_001183661.3	YOR242C	host
NM_001183662.1	YOR243C	host
NM_001183663.3	YOR244W	host
NM_001183664.1	YOR245C	host
NM_001183665.3	YOR246C	host
NM_001183666.1	YOR247W	host
NM_001183668.3	YOR249C	host
NM_001183669.1	YOR250C	host
NM_001183670.3	YOR251C	host
NM_001183671.1	YOR252W	host
NM_001183672.3	YOR253W	host
NM_001183673.1	YOR254C	host
NM_001183674.3	YOR255W	host
NM_001183675.2	YOR256C	host
NM_001183676.3	YOR257W	host
NM_001183677.1	YOR258W	host
NM_001183678.3	YOR259C	host
NM_001183679.1	YOR260W	host
NM_001183680.3	YOR261C	host
NM_001183681.1	YOR262W	host
NM_001183683.3	YOR264W	host
NM_001183684.1	YOR265W	host
NM_001183685.3	YOR266W	host
NM_001183686.1	YOR267C	host
NM_001183687.3	YOR268C	host
NM_001183688.1	YOR269W	host
NM_001183689.3	YOR270C	host
NM_001183690.1	YOR271C	host
NR_132263.1	YNCO0026W	host
NM_001183691.3	YOR272W	host
NM_001183692.1	YOR273C	host
NM_001183693.3	YOR274W	host
NM_001183694.1	YOR275C	host
NM_001183695.3	YOR276W	host
NR_132264.1	YNCO0027C	host
NR_132265.1	YNCO0028W	host
NM_001183697.1	YOR278W	host
NM_001183698.3	YOR279C	host
NM_001183699.1	YOR280C	host
NM_001183700.3	YOR281C	host
NM_001183702.1	YOR283W	host
NM_001183703.3	YOR284W	host
NM_001183704.1	YOR285W	host
NM_001183705.3	YOR286W	host
NM_001183706.1	YOR287C	host
NM_001183707.3	YOR288C	host
NM_001183708.1	YOR289W	host
YNCO0029C	YNCO0029C	host
NM_001183709.3	YOR290C	host
NM_001183710.1	YOR291W	host
NM_001183711.3	YOR292C	host
NM_001183712.1	YOR293W	host
NM_001184669.3	YOR293C-A	host
NM_001183713.1	YOR294W	host
NM_001183714.3	YOR295W	host
NM_001183715.1	YOR296W	host
NM_001183716.4	YOR297C	host
NM_001183717.1	YOR298W	host
NM_001184346.3	YOR298C-A	host
NM_001183718.1	YOR299W	host
NM_001183720.3	YOR301W	host
NM_001183721.1	YOR302W	host
NM_001183722.3	YOR303W	host
NM_001183724.1	YOR304W	host
NM_001183723.3	YOR304C-A	host
NM_001183725.1	YOR305W	host
NM_001183726.4	YOR306C	host
NM_001183727.1	YOR307C	host
NM_001183728.3	YOR308C	host
NM_001183730.1	YOR310C	host
NM_001183731.3	YOR311C	host
NM_001183732.1	YOR312C	host
NM_001183733.3	YOR313C	host
NM_001348880.1	YOR314W	host
NM_001183735.1	YOR315W	host
NM_001183736.3	YOR316C	host
NM_001184577.1	YOR316C-A	host
NM_001183737.3	YOR317W	host
NM_001183739.1	YOR319W	host
NM_001183740.3	YOR320C	host
NM_001183741.1	YOR321W	host
NM_001183742.3	YOR322C	host
NM_001183743.1	YOR323C	host
NM_001183744.3	YOR324C	host
NM_001183746.1	YOR326W	host
NM_001183747.3	YOR327C	host
NM_001183748.1	YOR328W	host
NM_001183749.3	YOR329C	host
NM_001183750.1	YOR330C	host
NM_001183752.3	YOR332W	host
NM_001183754.1	YOR334W	host
NM_001183755.3	YOR335C	host
NM_001183756.1	YOR336W	host
NM_001183757.3	YOR337W	host
NM_001183758.1	YOR338W	host
NM_001183759.3	YOR339C	host
NM_001183760.1	YOR340C	host
NM_001183761.3	YOR341W	host
NM_001183762.1	YOR342C	host
NM_001348881.1	YOR343C	host
NM_001184389.1	YOR343W-A	host
NM_001184390.4	YOR343W-B	host
YNCO0030W	YNCO0030W	host
NM_001183764.3	YOR344C	host
YNCO0031W	YNCO0031W	host
NM_001183766.1	YOR346W	host
NM_001183767.3	YOR347C	host
NM_001183768.1	YOR348C	host
NM_001183769.3	YOR349W	host
NM_001183770.1	YOR350C	host
NM_001183771.3	YOR351C	host
NM_001183772.1	YOR352W	host
NM_001183773.3	YOR353C	host
NM_001183774.1	YOR354C	host
NM_001183775.3	YOR355W	host
NM_001183776.1	YOR356W	host
NM_001183777.3	YOR357C	host
NM_001183778.1	YOR358W	host
NM_001183779.3	YOR359W	host
NM_001183780.1	YOR360C	host
NM_001183781.3	YOR361C	host
NM_001183782.1	YOR362C	host
NM_001183783.3	YOR363C	host
NM_001183785.1	YOR365C	host
NM_001183787.3	YOR367W	host
NM_001183788.1	YOR368W	host
NM_001183789.3	YOR369C	host
NM_001183790.1	YOR370C	host
NM_001183791.3	YOR371C	host
NM_001183792.1	YOR372C	host
NM_001183793.3	YOR373W	host
NM_001183794.1	YOR374W	host
NM_001183795.3	YOR375C	host
NM_001348882.1	YOR376W	host
NM_001184578.1	YOR376W-A	host
NM_001183797.3	YOR377W	host
NM_001183798.1	YOR378W	host
NM_001183800.3	YOR380W	host
NM_001183801.1	YOR381W	host
NM_001184579.3	YOR381W-A	host
NM_001183802.1	YOR382W	host
NM_001183803.3	YOR383C	host
NM_001183804.1	YOR384W	host
NM_001183805.3	YOR385W	host
NM_001183806.1	YOR386W	host
NM_001183807.3	YOR387C	host
NM_001183808.1	YOR388C	host
NM_001183809.3	YOR389W	host
NM_001183810.1	YOR390W	host
NM_001183811.3	YOR391C	host
NM_001183813.1	YOR393W	host
NM_001183814.3	YOR394W	host
NM_001184626.1	YOR394C-A	host
NM_001184447.3	YOR396W	host
NM_001184097.1	YPL283C	host
NM_001184096.1	YPL282C	host
NM_001184095.1	YPL281C	host
NM_001184094.1	YPL280W	host
NM_001184093.1	YPL279C	host
NM_001184092.1	YPL278C	host
NM_001184091.1	YPL277C	host
YPL276W	YPL276W	host
YPL275W	YPL275W	host
NM_001184088.1	YPL274W	host
NM_001184087.1	YPL273W	host
NM_001184086.1	YPL272C	host
NM_001184085.1	YPL271W	host
NM_001184084.1	YPL270W	host
NM_001184083.1	YPL269W	host
NM_001184082.1	YPL268W	host
NM_001184081.1	YPL267W	host
NM_001184080.1	YPL266W	host
NM_001184079.1	YPL265W	host
NM_001184078.1	YPL264C	host
NM_001184077.1	YPL263C	host
NM_001184076.1	YPL262W	host
NM_001348883.1	YPL261C	host
NM_001184074.1	YPL260W	host
NM_001184073.1	YPL259C	host
NR_188208.1	YNCP0025W	host
NM_001184072.1	YPL258C	host
YNCP0001C	YNCP0001C	host
NM_001184391.1	YPL257W-A	host
NM_001184392.2	YPL257W-B	host
NM_001184071.1	YPL257W	host
NM_001184070.1	YPL256C	host
NM_001184069.1	YPL255W	host
NM_001184068.1	YPL254W	host
NM_001184067.1	YPL253C	host
NM_001184066.1	YPL252C	host
NM_001184064.1	YPL250C	host
NM_001184312.1	YPL249C-A	host
NM_001184063.1	YPL249C	host
NR_172478.1	NR_172478.1	host
NM_001184062.1	YPL248C	host
NM_001184061.1	YPL247C	host
NM_001184060.1	YPL246C	host
NM_001184059.1	YPL245W	host
NM_001184058.1	YPL244C	host
NM_001184057.1	YPL243W	host
NM_001184056.1	YPL242C	host
NM_001184055.1	YPL241C	host
NM_001184054.1	YPL240C	host
NM_001184053.1	YPL239W	host
NM_001184051.1	YPL237W	host
NM_001184050.1	YPL236C	host
NM_001184049.1	YPL235W	host
NM_001184048.1	YPL234C	host
NM_001184047.1	YPL233W	host
NM_001184046.1	YPL232W	host
NM_001184045.1	YPL231W	host
NM_001184044.1	YPL230W	host
NM_001184043.1	YPL229W	host
NM_001184042.1	YPL228W	host
NM_001184041.1	YPL227C	host
NM_001184040.1	YPL226W	host
NM_001184039.1	YPL225W	host
NM_001184038.2	YPL224C	host
NM_001184037.1	YPL223C	host
NM_001184036.1	YPL222W	host
NM_001184035.1	YPL221W	host
NM_001184034.1	YPL220W	host
NM_001184033.1	YPL219W	host
NM_001184032.1	YPL218W	host
NM_001184031.1	YPL217C	host
NM_001184030.1	YPL216W	host
NM_001184029.1	YPL215W	host
NM_001184028.1	YPL214C	host
NM_001184027.1	YPL213W	host
NM_001184026.1	YPL212C	host
NM_001184025.1	YPL211W	host
NM_001184024.1	YPL210C	host
NM_001184023.1	YPL209C	host
NM_001184022.1	YPL208W	host
NM_001184021.1	YPL207W	host
NM_001184020.1	YPL206C	host
NM_001184018.1	YPL204W	host
NM_001184017.1	YPL203W	host
NM_001184016.1	YPL202C	host
NM_001184015.1	YPL201C	host
NM_001184014.1	YPL200W	host
NM_001184013.1	YPL199C	host
NM_001184012.1	YPL198W	host
NR_132266.1	YNCP0003W	host
NM_001184010.1	YPL196W	host
NM_001184009.1	YPL195W	host
NM_001184008.1	YPL194W	host
NM_001184007.1	YPL193W	host
NM_001184006.1	YPL192C	host
NM_001184005.1	YPL191C	host
NM_001184004.1	YPL190C	host
NM_001184537.1	YPL189C-A	host
NM_001184003.1	YPL189W	host
NM_001184002.1	YPL188W	host
NM_001184001.1	YPL187W	host
NM_001184000.1	YPL186C	host
NM_001183998.1	YPL184C	host
NM_001184317.1	YPL183W-A	host
NM_001183997.1	YPL183C	host
NM_001183995.1	YPL181W	host
NM_001183994.1	YPL180W	host
NM_001183993.1	YPL179W	host
YNCP0004C	YNCP0004C	host
NM_001183992.1	YPL178W	host
NM_001183991.1	YPL177C	host
NM_001183990.1	YPL176C	host
NM_001183989.1	YPL175W	host
NM_001183988.1	YPL174C	host
NM_001183987.1	YPL173W	host
NM_001183986.1	YPL172C	host
NM_001183985.1	YPL171C	host
NM_001183984.1	YPL170W	host
NM_001183983.1	YPL169C	host
NM_001183982.1	YPL168W	host
NM_001183981.1	YPL167C	host
NM_001183980.1	YPL166W	host
NM_001183979.1	YPL165C	host
NM_001183978.1	YPL164C	host
NM_001183977.1	YPL163C	host
NM_001183976.1	YPL162C	host
NM_001183975.1	YPL161C	host
NM_001183974.1	YPL160W	host
NM_001183973.1	YPL159C	host
NM_001183972.1	YPL158C	host
NM_001183971.1	YPL157W	host
NM_001183970.1	YPL156C	host
NM_001183969.1	YPL155C	host
NM_001183968.1	YPL154C	host
NM_001183967.1	YPL153C	host
NM_001184627.1	YPL152W-A	host
NM_001183966.1	YPL152W	host
NM_001183965.1	YPL151C	host
NM_001183964.1	YPL150W	host
NM_001183963.1	YPL149W	host
NM_001183962.1	YPL148C	host
NM_001183961.1	YPL147W	host
NM_001183960.1	YPL146C	host
NM_001183959.1	YPL145C	host
NM_001183958.1	YPL144W	host
NR_132267.1	YNCP0005C	host
NM_001183957.1	YPL143W	host
NM_001183955.1	YPL141C	host
NM_001183954.1	YPL140C	host
NM_001183953.1	YPL139C	host
NM_001183952.1	YPL138C	host
NM_001183951.1	YPL137C	host
NM_001183949.1	YPL135W	host
NM_001183948.1	YPL134C	host
NM_001183947.1	YPL133C	host
NM_001183946.1	YPL132W	host
NM_001183945.1	YPL131W	host
NM_001183944.1	YPL130W	host
NM_001183943.1	YPL129W	host
NM_001183942.1	YPL128C	host
NM_001183941.1	YPL127C	host
NM_001183940.1	YPL126W	host
NM_001183939.1	YPL125W	host
NM_001183938.1	YPL124W	host
NM_001183937.1	YPL123C	host
NM_001183936.1	YPL122C	host
NM_001183935.1	YPL121C	host
NM_001183934.1	YPL120W	host
NM_001184670.1	YPL119C-A	host
NM_001183933.1	YPL119C	host
NM_001183932.1	YPL118W	host
NM_001183931.1	YPL117C	host
NM_001183930.1	YPL116W	host
NM_001183929.1	YPL115C	host
NM_001183927.1	YPL113C	host
NM_001183926.1	YPL112C	host
YNCP0006C	YNCP0006C	host
NM_001183925.1	YPL111W	host
NM_001183924.1	YPL110C	host
NM_001183923.1	YPL109C	host
NM_001183922.1	YPL108W	host
NM_001183921.1	YPL107W	host
NM_001183920.1	YPL106C	host
NM_001183919.1	YPL105C	host
NM_001183918.1	YPL104W	host
NM_001183917.1	YPL103C	host
NM_001183915.1	YPL101W	host
NM_001183914.1	YPL100W	host
NM_001183913.1	YPL099C	host
NM_001183912.1	YPL098C	host
NM_001183911.1	YPL097W	host
NM_001184515.1	YPL096C-A	host
NM_001183910.1	YPL096W	host
NM_001183909.1	YPL095C	host
NM_001183908.1	YPL094C	host
NM_001183907.1	YPL093W	host
NM_001183906.1	YPL092W	host
NM_001183905.1	YPL091W	host
NM_001183904.1	YPL090C	host
NM_001183903.1	YPL089C	host
NM_001183902.1	YPL088W	host
NM_001183901.1	YPL087W	host
NM_001183900.1	YPL086C	host
NM_001183899.1	YPL085W	host
NM_001183898.1	YPL084W	host
NM_001183897.1	YPL083C	host
NM_001183896.1	YPL082C	host
NM_001183895.1	YPL081W	host
NM_001348884.1	YPL080C	host
NM_001183893.1	YPL079W	host
NM_001183892.1	YPL078C	host
NM_001183891.1	YPL077C	host
NM_001183890.1	YPL076W	host
NM_001183889.1	YPL075W	host
NM_001183888.1	YPL074W	host
NM_001183886.1	YPL072W	host
NM_001183885.1	YPL071C	host
NM_001183884.1	YPL070W	host
NM_001183883.1	YPL069C	host
NM_001183882.1	YPL068C	host
NM_001183881.1	YPL067C	host
NM_001183880.1	YPL066W	host
NM_001183879.1	YPL065W	host
NM_001183878.1	YPL064C	host
NM_001183877.1	YPL063W	host
NM_001348885.1	YPL062W	host
NM_001183875.1	YPL061W	host
NM_001183874.1	YPL060W	host
YNCP0007C	YNCP0007C	host
NM_001305015.2	YPL060C-A	host
NM_001183873.1	YPL059W	host
NM_001183872.1	YPL058C	host
NM_001183871.1	YPL057C	host
NM_001183870.1	YPL056C	host
NM_001183869.1	YPL055C	host
NM_001183868.1	YPL054W	host
NM_001183867.1	YPL053C	host
NM_001183866.4	YPL052W	host
NM_001183865.1	YPL051W	host
NM_001183864.1	YPL050C	host
NM_001183863.1	YPL049C	host
NM_001183862.1	YPL048W	host
NM_001183861.1	YPL047W	host
NM_001183860.1	YPL046C	host
NM_001183859.1	YPL045W	host
NM_001183857.1	YPL043W	host
NM_001183856.1	YPL042C	host
NM_001183855.1	YPL041C	host
NM_001183854.1	YPL040C	host
NM_001183853.1	YPL039W	host
NM_001184580.1	YPL038W-A	host
NM_001183852.1	YPL038W	host
NM_001183851.1	YPL037C	host
NM_001183850.1	YPL036W	host
NM_001183848.1	YPL034W	host
NM_001183847.1	YPL033C	host
NM_001183846.1	YPL032C	host
NM_001183845.1	YPL031C	host
NM_001183844.1	YPL030W	host
NM_001183843.1	YPL029W	host
NM_001183842.1	YPL028W	host
NM_001183841.1	YPL027W	host
NM_001183840.1	YPL026C	host
NM_001183838.1	YPL024W	host
NM_001183837.1	YPL023C	host
NM_001183836.1	YPL022W	host
NM_001183835.1	YPL021W	host
NM_001183834.1	YPL020C	host
NM_001183833.1	YPL019C	host
NM_001183832.1	YPL018W	host
NM_001183831.1	YPL017C	host
NM_001183830.2	YPL016W	host
NM_001183829.1	YPL015C	host
NM_001183828.1	YPL014W	host
NM_001183827.1	YPL013C	host
NM_001183826.1	YPL012W	host
NM_001183825.1	YPL011C	host
NM_001183824.1	YPL010W	host
NM_001183823.1	YPL009C	host
NM_001183822.1	YPL008W	host
NM_001183821.1	YPL007C	host
NM_001183820.1	YPL006W	host
NM_001183819.1	YPL005W	host
NM_001183818.1	YPL004C	host
NM_001183817.1	YPL003W	host
NM_001183816.1	YPL002C	host
NM_001183815.1	YPL001W	host
NM_001184098.1	YPR001W	host
NM_001184099.1	YPR002W	host
YNCP0008C	YNCP0008C	host
NM_001184100.1	YPR003C	host
NM_001184101.1	YPR004C	host
NM_001184102.1	YPR005C	host
NM_001184103.1	YPR006C	host
NM_001184104.1	YPR007C	host
YNCP0009W	YNCP0009W	host
NM_001184105.1	YPR008W	host
NM_001184106.1	YPR009W	host
NM_001184107.1	YPR010C	host
YNCP0010W	YNCP0010W	host
NM_001184689.1	YPR010C-A	host
NM_001184108.1	YPR011C	host
NM_001184110.1	YPR013C	host
NM_001348886.1	YPR014C	host
NR_188209.1	YNCP0026W	host
NM_001184112.1	YPR015C	host
NM_001184113.1	YPR016C	host
NM_001184114.1	YPR017C	host
NM_001184115.1	YPR018W	host
NM_001184116.1	YPR019W	host
NM_001184117.1	YPR020W	host
NM_001184118.1	YPR021C	host
NM_001184119.1	YPR022C	host
NM_001184120.1	YPR023C	host
NM_001184121.1	YPR024W	host
NM_001184122.1	YPR025C	host
NM_001184123.1	YPR026W	host
NM_001184124.1	YPR027C	host
YNCP0011C	YNCP0011C	host
NM_001184125.1	YPR028W	host
NM_001184126.1	YPR029C	host
NM_001184127.1	YPR030W	host
NM_001184128.1	YPR031W	host
NM_001184129.1	YPR032W	host
NM_001184130.1	YPR033C	host
NM_001184131.1	YPR034W	host
NM_001184132.2	YPR035W	host
NM_001184133.1	YPR036W	host
NM_001184516.1	YPR036W-A	host
NM_001184134.1	YPR037C	host
NM_001395041.1	YPR038W	host
NM_001184137.1	YPR040W	host
NM_001184138.1	YPR041W	host
NM_001184139.1	YPR042C	host
NM_001184140.1	YPR043W	host
NM_001184142.1	YPR045C	host
NM_001184143.1	YPR046W	host
NM_001184144.1	YPR047W	host
NM_001184145.1	YPR048W	host
NM_001184146.1	YPR049C	host
NM_001184148.1	YPR051W	host
NM_001184149.1	YPR052C	host
NM_001348887.1	YPR053C	host
NM_001184151.1	YPR054W	host
NM_001184152.1	YPR055W	host
NM_001184153.1	YPR056W	host
NM_001184154.1	YPR057W	host
NM_001184155.1	YPR058W	host
NM_001184157.1	YPR060C	host
NM_001184158.1	YPR061C	host
NM_001184159.1	YPR062W	host
NM_001184160.1	YPR063C	host
NM_001348888.1	YPR064W	host
NM_001184162.1	YPR065W	host
NM_001184163.1	YPR066W	host
NM_001184164.1	YPR067W	host
NM_001184165.1	YPR068C	host
NM_001184166.1	YPR069C	host
NM_001184167.1	YPR070W	host
NM_001184168.1	YPR071W	host
YNCP0012W	YNCP0012W	host
NM_001184169.1	YPR072W	host
NM_001184170.1	YPR073C	host
NM_001184171.1	YPR074C	host
NM_001184172.1	YPR075C	host
NM_001184175.1	YPR078C	host
NM_001184176.1	YPR079W	host
NM_001184177.1	YPR080W	host
NM_001184178.1	YPR081C	host
NM_001184179.1	YPR082C	host
NM_001184180.1	YPR083W	host
NM_001184181.1	YPR084W	host
NM_001184182.1	YPR085C	host
NM_001184183.1	YPR086W	host
NM_001184185.1	YPR088C	host
NM_001184186.1	YPR089W	host
NM_001184188.1	YPR091C	host
NR_132268.1	YNCP0013C	host
NR_132269.1	YNCP0014C	host
NR_132270.1	YNCP0015C	host
NM_001184190.1	YPR093C	host
NM_001184191.1	YPR094W	host
NM_001184192.1	YPR095C	host
NM_001184193.1	YPR096C	host
NM_001184194.2	YPR097W	host
NM_001184195.1	YPR098C	host
NM_001387383.1	YPR099C	host
NM_001184197.1	YPR100W	host
NM_001184198.1	YPR101W	host
NM_001184199.1	YPR102C	host
NM_001184200.1	YPR103W	host
NM_001184201.1	YPR104C	host
NM_001184202.1	YPR105C	host
NM_001184203.1	YPR106W	host
NM_001184204.1	YPR107C	host
NM_001184205.1	YPR108W	host
YNCP0016W	YNCP0016W	host
NM_001184206.1	YPR109W	host
NM_001184207.1	YPR110C	host
NM_001184208.1	YPR111W	host
NM_001184209.1	YPR112C	host
NM_001184210.1	YPR113W	host
NM_001184211.1	YPR114W	host
NM_001184212.1	YPR115W	host
NM_001184213.1	YPR116W	host
NM_001184214.1	YPR117W	host
NM_001184215.1	YPR118W	host
YNCP0017C	YNCP0017C	host
NM_001184216.1	YPR119W	host
NM_001184217.1	YPR120C	host
YNCP0018C	YNCP0018C	host
NM_001184218.2	YPR121W	host
NM_001184219.1	YPR122W	host
NM_001184221.1	YPR124W	host
NM_001184222.1	YPR125W	host
NM_001184224.1	YPR127W	host
NM_001184225.1	YPR128C	host
NM_001184226.1	YPR129W	host
NM_001184228.1	YPR131C	host
NM_001184229.1	YPR132W	host
NM_001184230.1	YPR133C	host
NM_001184307.1	YPR133W-A	host
NM_001184231.1	YPR134W	host
NM_001184232.1	YPR135W	host
NM_001184234.1	YPR137W	host
NM_001184394.2	YPR137C-B	host
NM_001184393.1	YPR137C-A	host
YNCP0019W	YNCP0019W	host
NM_001184235.1	YPR138C	host
NM_001184236.1	YPR139C	host
NM_001184237.1	YPR140W	host
NM_001184238.1	YPR141C	host
NM_001184240.1	YPR143W	host
YNCP0020W	YNCP0020W	host
NM_001184241.1	YPR144C	host
NR_132271.1	YNCP0021W	host
NM_001184242.1	YPR145W	host
NM_001184687.1	YPR145C-A	host
NM_001184244.1	YPR147C	host
NM_001184245.1	YPR148C	host
NM_001184246.1	YPR149W	host
NM_001184248.1	YPR151C	host
NM_001184249.1	YPR152C	host
NM_001184250.1	YPR153W	host
NM_001184251.1	YPR154W	host
NM_001184252.1	YPR155C	host
NM_001184253.1	YPR156C	host
NM_001184254.1	YPR157W	host
NM_001184255.1	YPR158W	host
NM_001184397.1	YPR158W-A	host
NM_001184398.2	YPR158W-B	host
NM_001184396.2	YPR158C-D	host
NM_001184395.1	YPR158C-C	host
YNCP0022W	YNCP0022W	host
NM_001184256.1	YPR159W	host
NM_001184628.1	YPR159C-A	host
YNCP0023W	YNCP0023W	host
NM_001184257.1	YPR160W	host
NM_001184258.1	YPR161C	host
NM_001184259.1	YPR162C	host
NM_001184260.1	YPR163C	host
NM_001184261.1	YPR164W	host
NM_001184262.1	YPR165W	host
NM_001184263.1	YPR166C	host
NM_001184264.1	YPR167C	host
NM_001184265.1	YPR168W	host
NM_001184266.1	YPR169W	host
YNCP0024C	YNCP0024C	host
NM_001184525.1	YPR170W-B	host
NM_001184268.1	YPR171W	host
NM_001184269.1	YPR172W	host
NM_001184270.1	YPR173C	host
NM_001184271.1	YPR174C	host
NM_001184272.1	YPR175W	host
NM_001184273.1	YPR176C	host
NM_001184275.1	YPR178W	host
NM_001184276.1	YPR179C	host
NM_001184277.1	YPR180W	host
NM_001184278.1	YPR181C	host
NM_001184279.1	YPR182W	host
NM_001184280.1	YPR183W	host
NM_001184281.1	YPR184W	host
NM_001184282.1	YPR185W	host
NM_001184283.1	YPR186C	host
NM_001184284.1	YPR187W	host
NM_001184285.1	YPR188C	host
NM_001184286.1	YPR189W	host
NM_001184287.1	YPR190C	host
NM_001184288.1	YPR191W	host
NM_001184289.1	YPR192W	host
NM_001184290.1	YPR193C	host
NM_001184291.1	YPR194C	host
NM_001348889.1	YPR195C	host
NM_001184293.1	YPR196W	host
NM_001184295.1	YPR198W	host
NM_001184296.1	YPR199C	host
NM_001184297.1	YPR200C	host
NM_001184298.1	YPR201W	host
NM_001184299.1	YPR202W	host
NM_001184300.1	YPR203W	host
NM_001184301.1	YPR204W	host
tP(UGG)Q	tP(UGG)Q	host
Q0020	Q0020	host
tW(UCA)Q	tW(UCA)Q	host
Q0050	Q0050	host
Q0055	Q0055	host
Q0060	Q0060	host
Q0065	Q0065	host
Q0070	Q0070	host
Q0045	Q0045	host
Q0075	Q0075	host
Q0080	Q0080	host
Q0085	Q0085	host
tE(UUC)Q	tE(UUC)Q	host
Q0110	Q0110	host
Q0115	Q0115	host
Q0120	Q0120	host
Q0105	Q0105	host
Q0130	Q0130	host
tS(UGA)Q2	tS(UGA)Q2	host
Q0140	Q0140	host
gene-Q0158	gene-Q0158	host
Q0158	Q0158	host
Q0160	Q0160	host
tT(UGU)Q1	tT(UGU)Q1	host
tC(GCA)Q	tC(GCA)Q	host
tH(GUG)Q	tH(GUG)Q	host
tL(UAA)Q	tL(UAA)Q	host
tQ(UUG)Q	tQ(UUG)Q	host
tK(UUU)Q	tK(UUU)Q	host
tR(UCU)Q1	tR(UCU)Q1	host
tG(UCC)Q	tG(UCC)Q	host
tD(GUC)Q	tD(GUC)Q	host
tS(GCU)Q1	tS(GCU)Q1	host
tR(ACG)Q2	tR(ACG)Q2	host
tA(UGC)Q	tA(UGC)Q	host
tI(GAU)Q	tI(GAU)Q	host
tY(GUA)Q	tY(GUA)Q	host
tN(GUU)Q	tN(GUU)Q	host
tM(CAU)Q1	tM(CAU)Q1	host
Q0250	Q0250	host
Q0255	Q0255	host
tF(GAA)Q	tF(GAA)Q	host
tT(UAG)Q2	tT(UAG)Q2	host
tV(UAC)Q	tV(UAC)Q	host
Q0275	Q0275	host
tM(CAU)Q2	tM(CAU)Q2	host
Q0285	Q0285	host
