gene_id	baseMean	LFC_MLE	lfcSE	stat	pvalue	padj	LFC_apeglm	is_transgene	direction
YEL070W	41387.4077465174	6.65330183280577	0.109393024111567	60.8201655164066	0	0	6.65042259786222	FALSE	up_in_cellobiose
YMR175W	20714.1189717301	6.57283824334462	0.107837254800275	60.9514611209099	0	0	6.56952447132683	FALSE	up_in_cellobiose
YGR144W	108450.515097705	-5.89253018655432	0.101045327992182	-58.3157114103312	0	0	-5.88601817929716	FALSE	down_in_cellobiose
YDR345C	51010.0799246191	-5.31998430893421	0.0660350608663218	-80.5630257493626	0	0	-5.31654842386849	FALSE	down_in_cellobiose
YJR010W	31664.6654263074	-5.19396008908457	0.100293061281122	-51.7878308104073	0	0	-5.18898673338939	FALSE	down_in_cellobiose
YLR134W	18630.8219822093	-5.19390229391187	0.0806715674885162	-64.3833069767888	0	0	-5.19128608844427	FALSE	down_in_cellobiose
YPL223C	12069.9277618998	5.12813855378893	0.118854473843273	43.146365365692	0	0	5.12399215598967	FALSE	up_in_cellobiose
YNR073C	15588.792167852	4.86243187255895	0.069811568406447	69.6508040651599	0	0	4.86084974752861	FALSE	up_in_cellobiose
YHR094C	8426.20565566246	-4.83607872760442	0.082225029197294	-58.815165829866	0	0	-4.83359706929236	FALSE	down_in_cellobiose
YFR053C	192975.187793282	4.74842085688539	0.0712373057161397	66.6563791141469	0	0	4.73952472872089	FALSE	up_in_cellobiose
YKR097W	10791.8804288613	4.62616189448558	0.0605802244745064	76.3642250357191	0	0	4.62463360242366	FALSE	up_in_cellobiose
YKL001C	16063.930763014	-4.41348735670832	0.105824082989506	-41.7058880363365	0	0	-4.40801558750056	FALSE	down_in_cellobiose
YHR033W	15965.2048849768	4.38655381045433	0.0766846307663467	57.202515896828	0	0	4.38394021773421	FALSE	up_in_cellobiose
YBR050C	2262.7021444095	4.23366711173408	0.0784821715105046	53.9443166549923	0	0	4.23093540116143	FALSE	up_in_cellobiose
YGR292W	2452.85267821364	4.11229002671217	0.0761430757509139	54.0074062698053	0	0	4.10956564986229	FALSE	up_in_cellobiose
YDR343C	123696.375236629	4.07912313732319	0.0853067897523264	47.8170981368097	0	0	4.08096170841463	FALSE	up_in_cellobiose
YLR092W	19790.4630728428	-4.04309105168133	0.0912375837484214	-44.3138768649304	0	0	-4.03847753135621	FALSE	down_in_cellobiose
YDR119W-A	2310.49230758581	4.00093968498537	0.0818138329766077	48.9029732432818	0	0	3.99778592984968	FALSE	up_in_cellobiose
YJR137C	30407.433737385	-3.9883968250791	0.079468858430215	-50.1881731267284	0	0	-3.98506505808765	FALSE	down_in_cellobiose
YLR327C	14984.9415397619	3.97010595953003	0.0980873831869474	40.4751949795958	0	0	3.96584010937584	FALSE	up_in_cellobiose
YFR030W	29965.304582035	-3.85139348157921	0.0757401381359625	-50.850098459888	0	0	-3.8466993740692	FALSE	down_in_cellobiose
YLR004C	21640.0560871765	-3.80105120148273	0.095259338165484	-39.9021374143872	0	0	-3.79601248426611	FALSE	down_in_cellobiose
YPR167C	7788.33464229114	-3.78460831575027	0.0858401583751991	-44.0890183264587	0	0	-3.7806912399239	FALSE	down_in_cellobiose
YNR071C	4398.08863889845	3.72934916754615	0.0959016603957013	38.8872220997888	0	0	3.72457298494914	FALSE	up_in_cellobiose
YNL277W	14568.0732333412	-3.6258627293691	0.0901397325294234	-40.2249111199164	0	0	-3.62097890378767	FALSE	down_in_cellobiose
YDR261C-D	3291.98901502233	-3.59206499446025	0.0781554222846009	-45.9605346559301	0	0	-3.58877867891519	FALSE	down_in_cellobiose
YER091C	97820.3511772397	-3.57273434531337	0.0655605553831207	-54.4951812020984	0	0	-3.57040425208594	FALSE	down_in_cellobiose
YHL047C	10011.3001787699	-3.50829610259088	0.0783557678876379	-44.7739355655575	0	0	-3.50522521746878	FALSE	down_in_cellobiose
YKR069W	12187.3009156088	-3.41521938428628	0.0732187909525285	-46.6440286688228	0	0	-3.41217586322529	FALSE	down_in_cellobiose
YPL250C	20159.3676649556	-3.38695462966582	0.0714718938055533	-47.3886229862662	0	0	-3.38420529856674	FALSE	down_in_cellobiose
YPR121W	8054.47198881133	-3.3845868940018	0.0829842586580751	-40.7858905861594	0	0	-3.38100805802066	FALSE	down_in_cellobiose
YBR092C	19116.6399131613	-3.2582718876704	0.080311955867041	-40.5701972078052	0	0	-3.25450767064312	FALSE	down_in_cellobiose
YIL074C	21333.1536981999	-3.22510925351223	0.0840002697073955	-38.3940345042521	0	0	-3.22106446281698	FALSE	down_in_cellobiose
YDL049C	2712.24310607462	3.18289398678272	0.0743685913398062	42.7989011145766	0	0	3.17970454659187	FALSE	up_in_cellobiose
YPR030W	5105.21716921607	3.16535980894221	0.0730912481701822	43.3069606578908	0	0	3.16229599569844	FALSE	up_in_cellobiose
YJL116C	15554.5359720648	3.16507264586371	0.0737382627493435	42.9230704366152	0	0	3.16184776928788	FALSE	up_in_cellobiose
YJL213W	2333.83848435022	-3.0990993730309	0.0630900864487591	-49.1218121177873	0	0	-3.09659127230656	FALSE	down_in_cellobiose
YDL204W	3771.38714465248	3.08449028622637	0.0606347919167532	50.8699739657908	0	0	3.08228265626369	FALSE	up_in_cellobiose
YGL184C	3451.23181704854	-3.01975329380342	0.0745644501831417	-40.4985658230758	0	0	-3.01630723222315	FALSE	down_in_cellobiose
YBL075C	8232.73843385475	3.00734031988801	0.0547041487616246	54.9746296755775	0	0	3.00549699065015	FALSE	up_in_cellobiose
YKL148C	12031.0107566343	2.98090424003597	0.0628890850117798	47.3993895678021	0	0	2.97865291983267	FALSE	up_in_cellobiose
YMR174C	5019.61969750715	2.97374341280794	0.0645137111079518	46.0947504295937	0	0	2.97123090032711	FALSE	up_in_cellobiose
YHR018C	54383.9037843593	-2.88399738515702	0.0546052020229989	-52.8154329315059	0	0	-2.88271959471086	FALSE	down_in_cellobiose
YOR178C	5527.26336275499	2.83531822620253	0.0524532016049663	54.0542452976613	0	0	2.83349343202134	FALSE	up_in_cellobiose
YMR206W	2416.31733342517	2.76163841186607	0.0633137127763157	43.6183299125546	0	0	2.75894671002053	FALSE	up_in_cellobiose
YAL012W	15737.2148604191	-2.72197780702571	0.0690640645711618	-39.4123604500725	0	0	-2.71787034357709	FALSE	down_in_cellobiose
YLR180W	24627.838797119	-2.65921329824227	0.0674214464187825	-39.4416530568745	0	0	-2.65425109841303	FALSE	down_in_cellobiose
YHR008C	9500.6291509132	2.58361373097087	0.059676947746342	43.2933289744068	0	0	2.58112041171281	FALSE	up_in_cellobiose
YJL088W	8197.38495377185	-2.53656571115054	0.0536150442733229	-47.3107081329532	0	0	-2.53446860241408	FALSE	down_in_cellobiose
YDR019C	11774.5600118997	-2.49073621156196	0.0634358850265724	-39.2638363998331	0	0	-2.48769581908575	FALSE	down_in_cellobiose
YOL158C	4294.93303675299	-2.46584143727055	0.0583986201291026	-42.2243099549146	0	0	-2.46328667812401	FALSE	down_in_cellobiose
YOL058W	36022.5183161894	-2.45052813685877	0.0421621475900066	-58.121520769962	0	0	-2.44917543456267	FALSE	down_in_cellobiose
YNL144C	3937.34210148079	2.45006521280367	0.0606864118480132	40.3725502661085	0	0	2.4473767129367	FALSE	up_in_cellobiose
YIL136W	11553.6467559462	2.40173756732805	0.0555320035504412	43.2496112830954	0	0	2.39945016246516	FALSE	up_in_cellobiose
YNL284C-B	5753.33789466299	-2.39912255429442	0.0526052071796569	-45.6061801277763	0	0	-2.39699258910793	FALSE	down_in_cellobiose
YJR077C	12927.3021547437	2.34698523355568	0.0575623763629476	40.7729037932217	0	0	2.34448414036519	FALSE	up_in_cellobiose
YKL217W	2400.28550053335	2.31862751397803	0.0583332926734024	39.7479279450177	0	0	2.31587891145244	FALSE	up_in_cellobiose
YHR029C	3877.68089724399	-2.24494335829885	0.0551741726381605	-40.6883012640984	0	0	-2.24250041089279	FALSE	down_in_cellobiose
YHR096C	10701.3713360086	2.20486394537675	0.0536425113116064	41.1029217586181	0	0	2.20258488143604	FALSE	up_in_cellobiose
YHL028W	5669.21380420199	-2.19834837979005	0.0562978943782104	-39.0485009087818	0	0	-2.19571993733217	FALSE	down_in_cellobiose
YMR062C	14926.4817533496	-2.15152175796474	0.051324391186973	-41.920063895679	0	0	-2.14934301933812	FALSE	down_in_cellobiose
YER069W	19702.3870728856	-2.11162371590107	0.0484652901038873	-43.569814838098	0	0	-2.10963260110728	FALSE	down_in_cellobiose
YIR034C	8082.90329615413	-2.10311631555578	0.0479450998784188	-43.8650940531765	0	0	-2.10115265369546	FALSE	down_in_cellobiose
YER175C	6345.99206826664	-2.08813680186418	0.0484078835379572	-43.1362961825598	0	0	-2.08674169393632	FALSE	down_in_cellobiose
YMR189W	9495.8930464144	-2.06818576742924	0.0463337744251394	-44.6366779544535	0	0	-2.06633119938628	FALSE	down_in_cellobiose
YOR092W	8511.26418277781	1.91835121709327	0.0437315122540721	43.8665648228216	0	0	1.91668213338674	FALSE	up_in_cellobiose
YIL121W	11393.448753867	-1.58359402085272	0.0418482540344429	-37.8413402754954	0	0	-1.58182568557637	FALSE	down_in_cellobiose
YGR138C	6714.6916344674	-2.36618217772707	0.0630939981398631	-37.5024922732246	8.38829086993551e-308	7.46064458549559e-306	-2.36308352240839	FALSE	down_in_cellobiose
YGL187C	4169.69012004348	3.23260039699283	0.0862882046693188	37.4628306311515	3.71334181888392e-307	3.2548248290739e-305	3.22828591771357	FALSE	up_in_cellobiose
YER052C	21196.0815697471	-1.95410700449038	0.0523516582080607	-37.326554141307	6.08860228869729e-305	5.26055237743446e-303	-1.9519174673434	FALSE	down_in_cellobiose
YLL041C	11640.0508612482	2.41064311237366	0.0645851876093825	37.325015248906	6.44883879140885e-305	5.49332070569588e-303	2.40765169017898	FALSE	up_in_cellobiose
YBR213W	1768.22028487471	-3.22698917466583	0.0871682791216789	-37.0202234939301	5.41444344526573e-300	4.54813249402321e-298	-3.22241369292512	FALSE	down_in_cellobiose
YOR184W	21219.9457026247	-1.67384399674264	0.0453587108607541	-36.9023714514538	4.23358091113877e-298	3.50749278774895e-296	-1.67159620339109	FALSE	down_in_cellobiose
YKL211C	9029.86484365092	-1.65744057672522	0.045457178161089	-36.46158084982	4.5087581670124e-291	3.68499586406635e-289	-1.65536189586888	FALSE	down_in_cellobiose
YLR179C	31605.2898386753	-1.9334601647815	0.0530387123137453	-36.4537538797003	5.99897848600574e-291	4.83757625111502e-289	-1.93109757259469	FALSE	down_in_cellobiose
YEL071W	96987.9977789901	-1.65920095804204	0.0455714070238695	-36.4088156675298	3.08759530246509e-290	2.45707584069853e-288	-1.66043037690823	FALSE	down_in_cellobiose
YOL119C	4988.78047331262	-1.77375702026854	0.0489805226671191	-36.2135176123645	3.7303716158776e-287	2.93003734192568e-285	-1.77147811788071	FALSE	down_in_cellobiose
YOL064C	11536.6378205043	-2.75074789752518	0.0764706443791996	-35.9712922501984	2.35223127813992e-283	1.82388394489619e-281	-2.74695073443179	FALSE	down_in_cellobiose
YBR039W	13912.7890934106	2.00815952484203	0.0559267688535339	35.9069469952963	2.37994817591893e-282	1.82201602126046e-280	2.00657711095364	FALSE	up_in_cellobiose
YEL069C	2133.20865673978	4.31262200256087	0.12124065543176	35.5707579046222	3.96917305630607e-277	3.00069483056739e-275	4.30598161029303	FALSE	up_in_cellobiose
YIL155C	2204.39879338311	2.86656371007453	0.0806346681221549	35.5500156053463	8.30405822672048e-277	6.20036347595129e-275	2.86239229614392	FALSE	up_in_cellobiose
YGL162W	3397.17801697882	2.1440457445729	0.0606054063058136	35.3771367153961	3.83726493826327e-274	2.83021687153857e-272	2.14118364408693	FALSE	up_in_cellobiose
YJR121W	32119.6931575697	1.44060481824993	0.0407845654424808	35.3223039799613	2.66991144638469e-273	1.94549691900417e-271	1.43886680604303	FALSE	up_in_cellobiose
YGR201C	9457.86912015172	2.42030144635807	0.0686672327605181	35.2468178643378	3.83853425225727e-272	2.76374466162524e-270	2.41674605589506	FALSE	up_in_cellobiose
YAL062W	11006.1189640669	1.46120243475372	0.0415761462178584	35.1452110808212	1.37569143802738e-270	9.78844919669365e-269	1.45934643360567	FALSE	up_in_cellobiose
YHR001W-A	2962.1821789032	3.37223214291082	0.096248009141335	35.0369028200768	6.17250173410593e-269	4.34084773114798e-267	3.3671432960085	FALSE	up_in_cellobiose
YMR118C	2307.15159269741	2.24928291234001	0.0642316390628373	35.0183016525479	1.18483509969084e-268	8.23664676198877e-267	2.24605242212949	FALSE	up_in_cellobiose
YBL099W	20064.5473722258	1.78240451231347	0.0510062166890283	34.9448484521079	1.55057140393482e-267	1.06566543761338e-265	1.77992843116349	FALSE	up_in_cellobiose
YKL109W	4682.09999093176	2.62961632102315	0.0753679183515494	34.8903933999802	1.03980819392249e-266	7.06602242341933e-265	2.62577948686563	FALSE	up_in_cellobiose
YBL045C	10804.9028579667	2.00267097111379	0.0574895219037493	34.8354083456586	7.08195047603957e-266	4.75907071989859e-264	1.99998090623051	FALSE	up_in_cellobiose
YMR265C	1548.89896773329	-2.64103896751607	0.0758991668454383	-34.7966792954962	2.73045193230772e-265	1.81470036116451e-263	-2.63696817700587	FALSE	down_in_cellobiose
YNL195C	1147.42559811566	2.84840020505721	0.0826986639808025	34.4431223909304	5.7078493277909e-260	3.75229051461732e-258	2.84398078583927	FALSE	up_in_cellobiose
YDR178W	6195.34732212689	2.1067331856244	0.0611933320095109	34.4274958797302	9.78058284201734e-260	6.3605338740345e-258	2.10363991732292	FALSE	up_in_cellobiose
YDR529C	6798.1530877168	2.48485110402968	0.0723948528184716	34.3235880354696	3.49081413487641e-258	2.24600466890772e-256	2.48106839376214	FALSE	up_in_cellobiose
YOR047C	2471.92517451017	-1.92121748500414	0.0560386943893877	-34.2837659930915	1.36991853662569e-257	8.7213340100128e-256	-1.91836529019355	FALSE	down_in_cellobiose
YOL052C-A	9783.04128595053	3.43981753399727	0.100410876961371	34.2574194957046	3.38187007440758e-257	2.13057814687678e-255	3.43436546580435	FALSE	up_in_cellobiose
YEL024W	2557.20904983043	2.35023290295424	0.0686595259735512	34.2302523885701	8.58079690328031e-257	5.35017110010714e-255	2.34663917533543	FALSE	up_in_cellobiose
YDL059C	2022.1932343718	-3.27662726233921	0.0957606381480198	-34.216848652099	1.35805853784615e-256	8.38116126213623e-255	-3.27121883909828	FALSE	down_in_cellobiose
YDR277C	7415.09081011648	1.8543731598041	0.054259730097133	34.1758640613306	5.52219966954394e-256	3.37356197993957e-254	1.85170046665983	FALSE	up_in_cellobiose
YKL068W-A	6199.50620695673	-2.91788648261657	0.0855245662979254	-34.1175244601895	4.05520517305403e-255	2.45258808866308e-253	-2.9129689992338	FALSE	down_in_cellobiose
YER055C	15181.660955437	-1.67690576897103	0.0492243522007653	-34.0665888731585	2.30575140121702e-254	1.38071133411491e-252	-1.67456680923384	FALSE	down_in_cellobiose
YDL222C	2277.7080076221	2.47387537491511	0.0728896535363351	33.9400073246596	1.71282280137009e-252	1.01560316693003e-250	2.47002085199992	FALSE	up_in_cellobiose
YIL101C	2840.13656951366	2.21617470755638	0.0653271260179067	33.9242645841929	2.92352688793597e-252	1.71664957458609e-250	2.2128524568015	FALSE	up_in_cellobiose
YOR222W	4099.24349846206	-1.71129720615103	0.0506133680939735	-33.8111702618502	1.35148041111168e-250	7.85937839077255e-249	-1.70878863052442	FALSE	down_in_cellobiose
YLR452C	1672.29229702334	-2.24745128599126	0.0666411927925838	-33.7246557543815	2.5157913894689e-249	1.44909584033409e-247	-2.24374168477114	FALSE	down_in_cellobiose
YGR055W	13486.7068786655	-2.04702759200131	0.0610354568911278	-33.5383348674313	1.33190801381932e-246	7.59941478073516e-245	-2.04378120579742	FALSE	down_in_cellobiose
YGR155W	27895.9985911901	-1.76850678199286	0.0530294459430128	-33.3495240341255	7.40128824300402e-244	4.18345713025124e-242	-1.77166617858429	FALSE	down_in_cellobiose
YLR058C	40953.3026344755	-1.93090812560643	0.0579263335161176	-33.3338571319927	1.24844531588415e-243	6.99129376895123e-242	-1.9322397265961	FALSE	down_in_cellobiose
YKL163W	26352.1834917456	1.85616218398711	0.0561567665939087	33.0532239758342	1.39822829416148e-239	7.75824286521892e-238	1.85341513521628	FALSE	up_in_cellobiose
YPL274W	17730.6746899518	-1.73966375916578	0.0529514680965353	-32.8539287332735	1.00097881207047e-236	5.50356350491111e-235	-1.73694409374273	FALSE	down_in_cellobiose
YAL039C	6762.85732891453	2.2467084449237	0.0691484622233357	32.4910832820444	1.42505154508903e-231	7.76460517540399e-230	2.24317742520539	FALSE	up_in_cellobiose
YDR536W	1988.02911116006	1.95860516203272	0.0603244194633397	32.4678659066583	3.03135472167063e-231	1.63693154970214e-229	1.95542958081578	FALSE	up_in_cellobiose
YDL048C	5088.53690493428	2.06270869895813	0.0638038241876661	32.3289195470649	2.74493862738449e-229	1.46914945295765e-227	2.05929245713673	FALSE	up_in_cellobiose
YJL166W	3766.48347220721	2.18009869092664	0.067794269336111	32.157566004851	6.92325913507279e-227	3.67297116218598e-225	2.17646890346646	FALSE	up_in_cellobiose
YBL030C	6510.06056510488	2.40531663626628	0.0753891300172026	31.9053507543783	2.25066856016201e-223	1.18365595233564e-221	2.40136497660351	FALSE	up_in_cellobiose
YBR158W	8828.17429516395	-1.7233921131178	0.0545191340673392	-31.6107756038302	2.62552413002283e-219	1.36889396020501e-217	-1.72044995567924	FALSE	down_in_cellobiose
YMR045C	6042.70587940153	-1.77199258333542	0.0564814358363287	-31.3730087965589	4.72461894287252e-216	2.44226456123872e-214	-1.76892446980369	FALSE	down_in_cellobiose
YJL060W	9799.62872793554	-2.78655398286683	0.0888537809844106	-31.3611188178445	6.86282335184567e-216	3.51748776542056e-214	-2.78116009222089	FALSE	down_in_cellobiose
YKL085W	14293.3972779322	1.84213071503539	0.0589733310509109	31.2366739712414	3.38685933389595e-214	1.72132144969771e-212	1.83928808823094	FALSE	up_in_cellobiose
YPL264C	1558.30364999207	-2.02235907513886	0.0649459446491941	-31.1391124736525	7.1219196754754e-213	3.5894475164396e-211	-2.01867294188172	FALSE	down_in_cellobiose
YNL104C	40289.4927473456	-1.48476213928123	0.0477396382251437	-31.1012440496298	2.3170125555042e-212	1.1581233004702e-210	-1.48221434896704	FALSE	down_in_cellobiose
YDR070C	7825.8003843315	1.9920136824754	0.064318491591496	30.9710883011251	1.32158125625169e-210	6.55157658836903e-209	1.98831098638182	FALSE	up_in_cellobiose
YMR114C	3723.81802979023	1.56511531908158	0.0508052316987373	30.8061840631361	2.16550440772453e-208	1.06479436243235e-206	1.5623923707684	FALSE	up_in_cellobiose
YGL191W	5364.34598511946	2.12607388996761	0.0694674746846112	30.6053142081267	1.04006727782113e-205	5.0728442711792e-204	2.12241015441949	FALSE	up_in_cellobiose
YKL141W	9069.639797827	1.9767123627806	0.0646491212096964	30.57601287988	2.55126238810547e-205	1.23440279386095e-203	1.97382357487728	FALSE	up_in_cellobiose
YGR256W	4132.99238478474	1.91306575447175	0.0628356332289298	30.4455554303377	1.371690389185e-203	6.58411386808798e-202	1.90991250731722	FALSE	up_in_cellobiose
YGL009C	46936.8604056403	-1.50746778549014	0.0495422204253322	-30.4279415122729	2.34604679485608e-203	1.11723551301493e-201	-1.50484405652308	FALSE	down_in_cellobiose
YGL157W	1970.33144038837	-2.18570002001506	0.0719067855720748	-30.3962971314335	6.14809737200572e-203	2.9049760082727e-201	-2.18117406127574	FALSE	down_in_cellobiose
YLR303W	100836.163831265	-5.23759797870411	0.173120495055786	-30.2540607743546	4.61354108759165e-201	2.16299972850809e-199	-5.2258148497597	FALSE	down_in_cellobiose
YJR004C	4342.31604602901	-1.81853514202658	0.0601706851133754	-30.2229422616685	1.18342722616492e-200	5.50566758757341e-199	-1.81509272035096	FALSE	down_in_cellobiose
YPL134C	2963.19212996369	2.2821096629435	0.0755394096252411	30.2108485393954	1.70616601577844e-200	7.87701684231146e-199	2.27783865702267	FALSE	up_in_cellobiose
YMR256C	1774.77763469483	2.76596711104159	0.0916118361711263	30.1922461839418	2.99421853338914e-200	1.37189649166193e-198	2.76059092201864	FALSE	up_in_cellobiose
YFR033C	7450.14011685575	1.97385541780634	0.0656728241921001	30.0558936224914	1.82855060241547e-198	8.31509326572087e-197	1.97041193448623	FALSE	up_in_cellobiose
YDR253C	2278.57737744241	-3.05488142589181	0.101767108571624	-30.0183572941132	5.65338198177876e-198	2.55161598699984e-196	-3.04838143464264	FALSE	down_in_cellobiose
YGR236C	704.783891677696	4.19325613755904	0.140681937557212	29.8066419212753	3.20431004917306e-195	1.43553090202953e-193	4.18428481974571	FALSE	up_in_cellobiose
YNR044W	1778.04522446372	-2.02434377080605	0.0680622554839951	-29.7425313988027	2.16609146340088e-194	9.6327361548886e-193	-2.02030147812043	FALSE	down_in_cellobiose
YPL186C	3671.40101692775	2.26242553982185	0.0761608662798217	29.7058798085292	6.44686560186575e-194	2.84603234745139e-192	2.25791524117752	FALSE	up_in_cellobiose
YDR077W	175370.413680619	1.25115624462934	0.042392577253658	29.5135687821713	1.92821634234586e-191	8.45061770906359e-190	1.25266098650895	FALSE	up_in_cellobiose
YDL004W	5859.05281821959	1.95895742075709	0.0664581867116171	29.4765403283965	5.75462688905509e-191	2.50388369964066e-189	1.95511729179179	FALSE	up_in_cellobiose
YGL117W	15481.914058342	-1.70348347733047	0.0578053764765954	-29.4692912867748	7.12706845838268e-191	3.07889357402132e-189	-1.70048439492978	FALSE	down_in_cellobiose
YJR109C	20313.89783811	-1.99462707193707	0.0679814318187249	-29.3407628903112	3.13450638564419e-189	1.34450316456568e-187	-1.99101261729199	FALSE	down_in_cellobiose
YPL036W	5803.65379335798	1.75870724041255	0.0604024091540968	29.1165081830725	2.21894120302885e-186	9.45081436332287e-185	1.75538594642109	FALSE	up_in_cellobiose
YHR126C	1111.88247598672	2.83258705114521	0.097357272075094	29.0947660176876	4.18118616370794e-186	1.76837859567172e-184	2.82644415044984	FALSE	up_in_cellobiose
YNL052W	2451.4367828758	3.03371219214913	0.104882582618931	28.9248425848884	5.81658866490088e-184	2.44296723925837e-182	3.02704277802585	FALSE	up_in_cellobiose
YPL057C	5130.41066370714	1.51992918862194	0.0528038947849905	28.7844143847886	3.36155089299175e-182	1.40211446902166e-180	1.51704488052506	FALSE	up_in_cellobiose
YML081C-A	3486.76975618702	2.0199621822116	0.0701846607784778	28.7806788521377	3.74360877253783e-182	1.55077711344581e-180	2.01582642938207	FALSE	up_in_cellobiose
YHR162W	30347.7392085795	-1.22970337679368	0.0427556508732203	-28.7611894960977	6.56303277183588e-182	2.70021919755533e-180	-1.22785387594369	FALSE	down_in_cellobiose
YGL186C	6134.4047663411	-1.51161482797753	0.052591013331758	-28.7428351768364	1.11318821167184e-181	4.54902858391301e-180	-1.50870654761905	FALSE	down_in_cellobiose
YKL096W-A	24156.4608836515	2.4610871650213	0.0865638917454918	28.4308747607742	8.40079493001741e-178	3.40993340515069e-176	2.45333911319306	FALSE	up_in_cellobiose
YDR354W	10743.9388243851	-1.74303012726996	0.0613093116576129	-28.4301043372344	8.58706401169643e-178	3.462304209516e-176	-1.7392310942302	FALSE	down_in_cellobiose
YHL032C	7476.53169776982	1.48906364283349	0.0524603079384292	28.3845768610652	3.13486162364163e-177	1.25560550329699e-175	1.48620767503237	FALSE	up_in_cellobiose
YCR020C	5142.42522469762	-3.12705087686399	0.110271614943038	-28.3577136190424	6.72391441838474e-177	2.67541015805203e-175	-3.11932754424148	FALSE	down_in_cellobiose
YFL011W	957.2393502719	2.25660176871741	0.0798538920899375	28.2591331450176	1.09925407502677e-175	4.34528669657641e-174	2.25158551872348	FALSE	up_in_cellobiose
YLR130C	20477.87563711	-1.74622581812072	0.0618170467043418	-28.2482892861666	1.49390566177152e-175	5.86697496259361e-174	-1.74234423416835	FALSE	down_in_cellobiose
YER054C	2697.28756858914	2.18284935965797	0.0773219182985453	28.2306674186462	2.45873931852788e-175	9.59384219255266e-174	2.17807738548858	FALSE	up_in_cellobiose
YGR282C	63836.3681952626	1.0600902078309	0.0375581015179863	28.2253406052282	2.85822925927449e-175	1.1081134974418e-173	1.05838849367959	FALSE	up_in_cellobiose
YHR112C	9979.21414605158	-2.04376155456124	0.0727314057903896	-28.1001244558825	9.76184239867407e-174	3.76048553039368e-172	-2.03910857169713	FALSE	down_in_cellobiose
YJR111C	3491.48632596408	-1.50822256575211	0.0537451860977307	-28.0624680135919	2.81419251894185e-173	1.07723014902281e-171	-1.50514498884782	FALSE	down_in_cellobiose
YEL072W	2151.59309952013	-2.81449104363858	0.10038397034588	-28.0372556887424	5.71317076095921e-173	2.1731608026592e-171	-2.80298588503196	FALSE	down_in_cellobiose
YDL170W	6549.6055770048	-1.55241656419944	0.0553754300000775	-28.0343929464253	6.19123982721268e-173	2.34028865468639e-171	-1.55014424797912	FALSE	down_in_cellobiose
YIL164C	1612.67242414952	-1.90251628599255	0.0679461079597738	-28.0003718111256	1.60792517713959e-172	6.04020588282003e-171	-1.89828526146426	FALSE	down_in_cellobiose
YGL125W	5070.86645083088	-1.91711366602929	0.068793931130215	-27.8674824149898	6.6142566607311e-171	2.46932248667294e-169	-1.91292019371648	FALSE	down_in_cellobiose
YLR420W	3676.24352906877	-1.44882668136062	0.052291184767105	-27.7069010352972	5.76570209781935e-169	2.13932308512953e-167	-1.44589841979306	FALSE	down_in_cellobiose
YDR298C	7494.6700429192	1.65836327453181	0.0600359790713614	27.6228238496887	5.92012082562909e-168	2.18322504593931e-166	1.65499075588542	FALSE	up_in_cellobiose
YKL150W	9044.27397206508	1.79545019515798	0.0650436033409445	27.6037935005941	1.00195194892216e-167	3.67260932550377e-166	1.79131912308707	FALSE	up_in_cellobiose
YOR303W	31772.965547994	-1.33876673396202	0.0486814966907446	-27.5005253529222	1.73041923574698e-166	6.3045635769866e-165	-1.33615269029938	FALSE	down_in_cellobiose
YGL224C	2299.72845075108	-1.72750488403406	0.0632593138102919	-27.3083089268825	3.37963658954239e-164	1.22395461638038e-162	-1.72343565846333	FALSE	down_in_cellobiose
YBR298C	3691.43045259462	1.45722231667104	0.0534275673818642	27.274727038493	8.46124311253322e-164	3.04604752051196e-162	1.45427963571975	FALSE	up_in_cellobiose
YDR377W	5455.06692823882	1.7507370134058	0.0642412357318188	27.2525425991868	1.55045895590371e-163	5.54862471319861e-162	1.74689201976988	FALSE	up_in_cellobiose
YIR017C	5516.06908372965	-2.55677671741709	0.0941348602582442	-27.160785179932	1.88842419004411e-162	6.71834676552165e-161	-2.55013010156569	FALSE	down_in_cellobiose
YCL040W	50843.7155596759	1.88878055688829	0.0699128521824377	27.0162137279068	9.53247027628416e-161	3.37148422403313e-159	1.88653426318501	FALSE	up_in_cellobiose
YDR170W-A	1839.25400349012	-1.83695203923531	0.0681362246588436	-26.9599915233473	4.35588136223681e-160	1.53164944644234e-158	-1.83252793483161	FALSE	down_in_cellobiose
YDR516C	9295.80579772143	1.66863442448474	0.0619057901614364	26.9544160591976	5.06336941346772e-160	1.77013053252328e-158	1.66516962275918	FALSE	up_in_cellobiose
YBR104W	3586.91641868299	-1.45803666831515	0.0542922775626879	-26.8553233308668	7.30966159739828e-159	2.54073754833706e-157	-1.45484726425422	FALSE	down_in_cellobiose
YBL015W	6856.69366248243	1.45932218923536	0.0545012442873986	26.7759426104108	6.1608097206337e-158	2.12917583945101e-156	1.45630847377281	FALSE	up_in_cellobiose
YPR191W	6057.43631964553	1.80042060065624	0.0673426706311629	26.7352123665719	1.83473930696026e-157	6.30483143664526e-156	1.79620088111095	FALSE	up_in_cellobiose
YOR130C	2305.72342766965	-1.47117153693185	0.0551073694242513	-26.6964573395954	5.17439232492918e-157	1.76806354695885e-155	-1.46783465860502	FALSE	down_in_cellobiose
YGR088W	3495.73718771043	1.5166920147252	0.0568132405717629	26.6961011106101	5.22390497730726e-157	1.77495378105361e-155	1.51335977672712	FALSE	up_in_cellobiose
YPR184W	7173.92036544905	1.53371260554177	0.0574700746540496	26.6871517876774	6.63561622220336e-157	2.24202273250759e-155	1.53031183945132	FALSE	up_in_cellobiose
YDR158W	18727.966518341	-1.18992242410603	0.0446279239958442	-26.6631812005603	1.2588290327279e-156	4.22966554996573e-155	-1.18676687041081	FALSE	down_in_cellobiose
YBR256C	10383.6697986575	-1.69461368961026	0.0637075213913497	-26.5998998642624	6.80617950062006e-156	2.27424163645028e-154	-1.69057886465781	FALSE	down_in_cellobiose
YGR243W	3884.22813157533	2.53822249829695	0.0954340029930614	26.5966261362996	7.42631045936011e-156	2.46782009111044e-154	2.531190732973	FALSE	up_in_cellobiose
YKL128C	2574.33984355625	-1.52054592999506	0.0573724370472471	-26.5030737450262	8.93306664681989e-155	2.95230530491621e-153	-1.51705043340544	FALSE	down_in_cellobiose
YGR204W	36915.7376286611	-1.38394802274019	0.0524696337654101	-26.3761708139183	2.57189048008797e-153	8.45369218672394e-152	-1.37918193708874	FALSE	down_in_cellobiose
YDL223C	6805.64310737002	2.33540533697091	0.0886351092618319	26.3485356583927	5.33460179273834e-153	1.74398225094494e-151	2.32890825475185	FALSE	up_in_cellobiose
YLR256W-A	8617.92423048014	-1.77984171367135	0.0677302303769584	-26.2783945036875	3.38699781864241e-152	1.10132058102953e-150	-1.77561286628286	FALSE	down_in_cellobiose
YPL054W	3172.10138905772	1.56195701686115	0.0594608491660111	26.2686631416962	4.37536730053913e-152	1.41509205527597e-150	1.55835059229351	FALSE	up_in_cellobiose
YML120C	4503.59111459574	2.02567199184861	0.0772762126736378	26.2133963578633	1.86967149621549e-151	6.01477298356983e-150	2.02046456895561	FALSE	up_in_cellobiose
YBR240C	6153.35286001064	-2.41218441602532	0.0921233459485761	-26.1842901078715	4.01252446830849e-151	1.28400782985872e-149	-2.40566019669604	FALSE	down_in_cellobiose
YBR117C	3699.91132972406	1.54808604942632	0.059214907160418	26.1435189830227	1.16779936056949e-150	3.7172897540654e-149	1.5444961277619	FALSE	up_in_cellobiose
YLR227W-B	16832.2759031322	-1.63320664231528	0.0624993895904881	-26.1315614923036	1.59698366070631e-150	5.05683621987005e-149	-1.6293234303337	FALSE	down_in_cellobiose
YGR244C	8874.70083508937	1.32580018100491	0.0508470450273713	26.0742818051909	7.13827969018361e-150	2.24855810240784e-148	1.32307272166078	FALSE	up_in_cellobiose
YML018C	6561.08043332141	-1.58481208603078	0.0608679525012734	-26.0368883937343	1.89387476776129e-149	5.93479512716078e-148	-1.58038253471586	FALSE	down_in_cellobiose
YMR096W	21137.5282675499	-2.54346624719808	0.0986949954172286	-25.7709748751261	1.87631601929415e-146	5.8494635488098e-145	-2.53523184833523	FALSE	down_in_cellobiose
YGR174C	1616.95107706147	1.95604029093966	0.0759648703142061	25.749274406039	3.28431124758081e-146	1.01864176540353e-144	1.95099903194508	FALSE	up_in_cellobiose
YNL191W	2641.95986430753	-1.50579135270945	0.0585184418991291	-25.7319112375728	5.13853354890791e-146	1.58560463794873e-144	-1.502131077063	FALSE	down_in_cellobiose
YPL271W	4742.38569181051	2.19575189992799	0.0861134164160769	25.4983716976076	2.05494799068613e-143	6.30879464348715e-142	2.18981999068158	FALSE	up_in_cellobiose
YLR038C	2113.30451572312	2.6767110054237	0.105083492158197	25.4722311796992	4.00471370220698e-143	1.22325800358322e-141	2.66925292984067	FALSE	up_in_cellobiose
YOL140W	3312.59584255699	-1.25175366342029	0.0492723670374103	-25.4047803806521	2.23307137080684e-142	6.7867415329848e-141	-1.24892259516245	FALSE	down_in_cellobiose
YKL016C	9664.14648314454	1.559513867641	0.0614188162134312	25.3914673676169	3.13310977224033e-142	9.47452395125477e-141	1.55582589997124	FALSE	up_in_cellobiose
YKL120W	11232.3935472683	-1.38864619829848	0.0548994151750335	-25.2943714221931	3.68383793200681e-141	1.10845033894414e-139	-1.38541641402709	FALSE	down_in_cellobiose
YHR138C	4138.97138651435	1.78484011874396	0.0708738906526805	25.1833235385739	6.10114713750193e-140	1.82671969740652e-138	1.78014159860708	FALSE	up_in_cellobiose
YDR502C	17309.4982869531	-2.88050752692658	0.114448782557316	-25.1685292107325	8.85979401453325e-140	2.63960759605404e-138	-2.87180641560401	FALSE	down_in_cellobiose
YMR081C	2206.71970555854	1.81082927496125	0.0720289971420142	25.1402816478337	1.8050865073191e-139	5.35155058640487e-138	1.80607626732069	FALSE	up_in_cellobiose
YLR395C	1986.82002907687	2.39423309004283	0.0953251088176854	25.1164999414995	3.28428168015518e-139	9.68943200077e-138	2.3870202684501	FALSE	up_in_cellobiose
YJR029W	15179.5673859088	-1.81534482789944	0.0723004123870828	-25.1083606298181	4.03041340905418e-139	1.18329807271649e-137	-1.81036567341208	FALSE	down_in_cellobiose
YHR051W	3273.09048354357	1.81528769432211	0.0723227216713518	25.0998255094869	4.99518439553214e-139	1.45946257121635e-137	1.81058508333086	FALSE	up_in_cellobiose
YKL178C	2612.0684809877	-1.56947624626644	0.0629126284057398	-24.9469190214797	2.30626957122719e-137	6.70592229172213e-136	-1.56534648495842	FALSE	down_in_cellobiose
YGR267C	6537.56689261916	-1.29466410018475	0.0522750065858419	-24.7664072133354	2.06394903283907e-135	5.97261423474196e-134	-1.29152237713145	FALSE	down_in_cellobiose
YBR021W	2166.16216948551	1.5588168150549	0.0629779649026998	24.751781316898	2.96635497823187e-135	8.54310233730778e-134	1.55488833540059	FALSE	up_in_cellobiose
YHR143W	11763.6632164657	-1.2869642725365	0.052018153583868	-24.7406757808415	3.90634195810129e-135	1.1196946048624e-133	-1.2839009705568	FALSE	down_in_cellobiose
YHL036W	4079.18123165783	-2.61546999758678	0.105799156936766	-24.721085435019	6.34633480881781e-135	1.81050155300614e-133	-2.60741129701098	FALSE	down_in_cellobiose
YHR139C	1991.00739270017	2.39541870136069	0.0970989015817984	24.6698846468694	2.25192903476849e-134	6.39420976632857e-133	2.38836997979129	FALSE	up_in_cellobiose
YFR017C	2273.48453796298	2.10292530968646	0.0853113081307264	24.6500183359521	3.67845358924348e-134	1.03959286484788e-132	2.09689482542966	FALSE	up_in_cellobiose
YLR295C	5630.68553807856	1.82644651602168	0.074127851499578	24.6391400677798	4.81156670567608e-134	1.35350490399669e-132	1.82169057272188	FALSE	up_in_cellobiose
YPL078C	12304.6030332864	1.33592366349851	0.0542997514948265	24.6027583316986	1.18017575355778e-133	3.30449210996178e-132	1.33271755770927	FALSE	up_in_cellobiose
YJL101C	5315.26804365812	-1.88098237139188	0.0766597751870833	-24.5367582516575	5.98913378849681e-133	1.66922954621331e-131	-1.87554836795666	FALSE	down_in_cellobiose
YNR014W	2507.10722621255	1.99589189742316	0.0816305842713416	24.4502953793492	4.99611565945904e-132	1.38607832607377e-130	1.99013920944904	FALSE	up_in_cellobiose
YDR541C	4096.01539624375	-1.34900502968341	0.0551830631902178	-24.4459975886685	5.55061630344173e-132	1.53288252982719e-130	-1.34540759624095	FALSE	down_in_cellobiose
YKL201C	6718.27015213766	-1.53108259165636	0.0626397555180348	-24.4426655084173	6.02245691924831e-132	1.65562815670972e-130	-1.52719751353124	FALSE	down_in_cellobiose
YIL165C	1035.97932117945	-1.81831029366344	0.074569367077275	-24.3841454598798	2.51927951267982e-131	6.89439026818441e-130	-1.81305086534151	FALSE	down_in_cellobiose
YPL188W	2528.42724951673	-1.36110281786713	0.0559407653370273	-24.3311440175491	9.1809616134586e-131	2.50119170442332e-129	-1.35758044219516	FALSE	down_in_cellobiose
YNL221C	5204.49389738146	-1.38452878201319	0.0569892953625569	-24.2945411625997	2.23885987420185e-130	6.07202893236447e-129	-1.38077158570649	FALSE	down_in_cellobiose
YDL081C	21010.2690912698	1.45902465424541	0.06007408413957	24.2870894353655	2.68392700324092e-130	7.24660290875048e-129	1.45523271905424	FALSE	up_in_cellobiose
YOL077W-A	4122.4513491432	2.13725361826888	0.0881531037064295	24.2447914867119	7.50386149824032e-130	2.017037970727e-128	2.13089335251824	FALSE	up_in_cellobiose
YDL085W	2264.42873145974	1.6898008781932	0.0698860761110593	24.1793640768707	3.66804682823056e-129	9.81608283944179e-128	1.68505101875406	FALSE	up_in_cellobiose
YER124C	12669.1669535481	-1.09257148365732	0.04526428172483	-24.1376078891358	1.00759173115186e-128	2.68454396035527e-127	-1.09003864179513	FALSE	down_in_cellobiose
YIL117C	2751.11093742701	-1.48110391342396	0.061394904620083	-24.1242155613591	1.39275699834976e-128	3.69447119562252e-127	-1.47702473990841	FALSE	down_in_cellobiose
YOR065W	2605.04783128646	1.37890530270856	0.0574662772836461	23.9950344425908	3.13334224329808e-127	8.27530737443964e-126	1.37529295345404	FALSE	up_in_cellobiose
YMR110C	3190.52659121347	1.23351266747969	0.0515203213869456	23.9422549058912	1.11267111836955e-126	2.92584127126046e-125	1.23037825914927	FALSE	up_in_cellobiose
YDL174C	5565.46525035388	1.83135307064777	0.0765160793603822	23.9342251453097	1.3489360215842e-126	3.53175976560226e-125	1.82609300482635	FALSE	up_in_cellobiose
YGR087C	2930.14394538108	1.40736188830886	0.0589347101692659	23.8800171285612	4.94083008226623e-126	1.28802329041147e-124	1.40360154297633	FALSE	up_in_cellobiose
YPL061W	22766.4278649887	1.49810988336254	0.0631929162981619	23.7069274710164	3.05878066740338e-124	7.93970192122559e-123	1.49424635055498	FALSE	up_in_cellobiose
YHR208W	29853.0844523906	-1.17617068281744	0.0496337417906527	-23.6969980578603	3.87203571125172e-124	1.00077230690814e-122	-1.17320544949758	FALSE	down_in_cellobiose
YHL016C	1642.70284945955	-1.64968114226563	0.0696672912188685	-23.6794213382425	5.87602665132581e-124	1.5122642207327e-122	-1.64472208233979	FALSE	down_in_cellobiose
YJL026W	24360.842040042	1.50666896297915	0.0637121297695902	23.6480709156624	1.23551054473327e-123	3.16625753158763e-122	1.50269435099604	FALSE	up_in_cellobiose
YML091C	5301.28456011586	1.7610675124219	0.0746741585500593	23.5833593121955	5.71117925897748e-123	1.45743511216438e-121	1.75614824662851	FALSE	up_in_cellobiose
YBL064C	13916.1259720928	1.49461718976286	0.0634163635523472	23.5683206358738	8.1466806665627e-123	2.07021532232652e-121	1.49041873662607	FALSE	up_in_cellobiose
YPL171C	588.507120592261	2.19390328112928	0.093226046220553	23.5331580612029	1.86753209204962e-122	4.72587200532054e-121	2.18717699019128	FALSE	up_in_cellobiose
YJR027W	7605.17451057768	-1.94921830888565	0.0829005128179301	-23.5127412681585	3.02147722873283e-122	7.61412261640674e-121	-1.94294675960809	FALSE	down_in_cellobiose
YDL131W	17963.0837669015	-1.16386039335335	0.0495490657373431	-23.4890481996756	5.27806064323887e-122	1.32455231412069e-120	-1.16086048000503	FALSE	down_in_cellobiose
YPL265W	28354.2112100303	-0.939721672521866	0.0400836008880332	-23.4440432421932	1.52043345151466e-121	3.79982707221515e-120	-0.937697564341451	FALSE	down_in_cellobiose
YDL181W	3145.48860127723	2.25444251704019	0.0965684155619449	23.3455473398966	1.52943251438038e-120	3.80658759134672e-119	2.24753844546547	FALSE	up_in_cellobiose
YJR147W	1670.69178411082	-1.43616981879121	0.0615407639297119	-23.3368864324062	1.87277743385736e-120	4.64203193441365e-119	-1.43201830470836	FALSE	down_in_cellobiose
YIL057C	1183.63656337517	6.18527453924898	0.265676424791244	23.2812322136188	6.86920948103352e-120	1.69571342617513e-118	6.16392007642568	FALSE	up_in_cellobiose
YEL073C	1434.09130655004	-2.13912190607051	0.0920116614202258	-23.2483782278525	1.47729471953754e-119	3.63198311535083e-118	-2.13202809912364	FALSE	down_in_cellobiose
YMR107W	2748.3299867074	1.99440812609934	0.08580864180844	23.2425089602475	1.69367007624214e-119	4.14709174943825e-118	1.98837321436621	FALSE	up_in_cellobiose
YOR215C	2884.71737639823	1.37892596414785	0.0593745313066543	23.2241995650634	2.59366427441314e-119	6.32519416598816e-118	1.37512062241921	FALSE	up_in_cellobiose
YPR010C-A	3864.25096088855	2.50678775840145	0.10821094965032	23.1657495521667	1.00878212371716e-118	2.45024670049854e-117	2.49840157523701	FALSE	up_in_cellobiose
YGR043C	5176.78562593582	1.47302028626869	0.0636063019179221	23.1584016339998	1.19632324243241e-118	2.89414518809248e-117	1.46875200510528	FALSE	up_in_cellobiose
YDR210C-D	13253.457075739	-1.47612865475364	0.064117505891064	-23.0222407163122	2.79139675688381e-117	6.72604286280211e-116	-1.47192487826225	FALSE	down_in_cellobiose
YIL116W	12634.5454955475	-1.34922326275775	0.058606652956795	-23.0216740709011	2.82811923096585e-117	6.76065814580294e-116	-1.34535307202475	FALSE	down_in_cellobiose
YGL026C	17475.205671031	-1.15314746625544	0.0500894717521209	-23.0217533928497	2.82294974798025e-117	6.76065814580294e-116	-1.15009802071197	FALSE	down_in_cellobiose
YPR037C	2615.01239693878	1.34816713772559	0.0585760276172796	23.0156805192417	3.24733592113034e-117	7.7322392326757e-116	1.34435395713384	FALSE	up_in_cellobiose
YER060W-A	1219.84425253373	-2.11663784204257	0.0922073338183199	-22.9552005723653	1.30738562391516e-116	3.10081107977995e-115	-2.10930530255747	FALSE	down_in_cellobiose
YDL130W-A	5148.74024453981	1.85780253103547	0.0809764750394698	22.9424969428458	1.75087311965612e-116	4.13643774518758e-115	1.85183905660888	FALSE	up_in_cellobiose
YDL054C	3041.53198720568	-1.24726508495657	0.054378420515371	-22.936765598111	1.9973842068405e-116	4.70045902061141e-115	-1.24378865662753	FALSE	down_in_cellobiose
YPL214C	6281.98073783991	-1.33570121286342	0.0584522431631233	-22.8511540461477	1.42328291787856e-115	3.33643995632927e-114	-1.33182436084349	FALSE	down_in_cellobiose
YLR390W-A	24723.6320137394	0.925409733646891	0.0405841007700996	22.8022727148531	4.353149145047e-115	1.01651915170827e-113	0.92334867252334	FALSE	up_in_cellobiose
YDR148C	8676.72600766347	1.71096504514802	0.0751601867704767	22.764246852831	1.03699818772946e-114	2.41221732284145e-113	1.70542869616772	FALSE	up_in_cellobiose
YPR145W	23485.4315341475	-1.40613534602866	0.0620002695421843	-22.6795037571884	7.13896287427039e-114	1.65427001776197e-112	-1.40337140073711	FALSE	down_in_cellobiose
YIL024C	1123.16825184591	1.56163986732234	0.0690692424101521	22.6097726401702	3.47323281073096e-113	8.01760001500032e-112	1.55669799590573	FALSE	up_in_cellobiose
YGL223C	2250.18398057145	-1.24457204166001	0.0550964470749747	-22.5889709361188	5.56283647213126e-113	1.27924087389543e-111	-1.24100214765533	FALSE	down_in_cellobiose
YNL311C	2183.63192131118	-1.2061878324128	0.0534164155189549	-22.5808456201032	6.68573413301877e-113	1.53164091047339e-111	-1.20284752343216	FALSE	down_in_cellobiose
YJR115W	417.207215499315	2.49104055034195	0.110599967690724	22.5229771974958	2.47190840919278e-112	5.6415479467162e-111	2.48217915192187	FALSE	up_in_cellobiose
YKL026C	1478.95970936066	1.55058060444669	0.0690407710916583	22.4589120302284	1.0472093453863e-111	2.38102335372042e-110	1.5457343200729	FALSE	up_in_cellobiose
YLR367W	4843.75850214384	1.36637227280856	0.0609061134055571	22.4340742892305	1.83079669559168e-111	4.14706307675599e-110	1.3623016000195	FALSE	up_in_cellobiose
YDR322C-A	2349.06760885255	1.75118679451573	0.0781269401676433	22.4146343215038	2.83358713505181e-111	6.39460260925124e-110	1.74560006226136	FALSE	up_in_cellobiose
YMR280C	2168.30498624585	1.57626518331882	0.0705239455759324	22.3507798726557	1.18653269544784e-110	2.66771365876154e-109	1.57121224292824	FALSE	up_in_cellobiose
YBR201C-A	5819.39965967967	1.45545309179815	0.0652812311614419	22.2951232062211	4.12035680353091e-110	9.22959923990925e-109	1.45094226928682	FALSE	up_in_cellobiose
YDR126W	1721.30509852622	-1.28913980168743	0.0579268263070407	-22.2546250825887	1.01740587606266e-109	2.27057960827564e-108	-1.28525141789528	FALSE	down_in_cellobiose
YGL248W	4302.21994556528	-1.14491586687562	0.0514693501148265	-22.2446147915478	1.27179515328671e-109	2.82787392907281e-108	-1.14156667960616	FALSE	down_in_cellobiose
YDL066W	11581.6146571088	-1.45057926629728	0.0653281222789385	-22.2045149270262	3.10628823548644e-109	6.88162316784688e-108	-1.44702495868206	FALSE	down_in_cellobiose
YDL198C	5310.30622602334	-1.41898039719462	0.0639532631871666	-22.187771608179	4.50783469802803e-109	9.95014023856699e-108	-1.41451412424196	FALSE	down_in_cellobiose
YDR098C-B	44123.2081325373	-1.46977536009066	0.0664053005023602	-22.1334042459219	1.50755327866141e-108	3.31552081067063e-107	-1.46489450947203	FALSE	down_in_cellobiose
YGR183C	2871.4095906977	1.88283090688068	0.0851124041122893	22.1216980828864	1.95432253665058e-108	4.28251547161692e-107	1.87645651923916	FALSE	up_in_cellobiose
YFL036W	3847.44218376489	1.05298148963327	0.0476332010801825	22.1060408655037	2.76486117814597e-108	6.03677992975698e-107	1.05015682447405	FALSE	up_in_cellobiose
YIL073C	1845.81082891564	-1.71357734364615	0.0775246743265538	-22.1036380808016	2.91599720626581e-108	6.34386730341568e-107	-1.70769952469093	FALSE	down_in_cellobiose
YNCB0019C	1636.29199954661	2.73779102340549	0.124090021675367	22.0629425834726	7.17596808000479e-108	1.55556469347201e-106	2.7276724364992	FALSE	up_in_cellobiose
YML123C	3180.14951897699	-1.55176296860427	0.0703834713446656	-22.047263923732	1.014762947129e-107	2.19188796579864e-106	-1.54675830648902	FALSE	down_in_cellobiose
YFL028C	3956.81079031265	-1.26745596311381	0.0575485584358898	-22.0241131587298	1.69188687902076e-107	3.64147040723044e-106	-1.26360334792019	FALSE	down_in_cellobiose
YBR047W	1502.00069010702	-1.65578478859225	0.0753701950430365	-21.9686944905316	5.73945893033309e-107	1.23093076633527e-105	-1.64996607305348	FALSE	down_in_cellobiose
YCL030C	43335.3465879225	-1.27462968184579	0.0581706540756137	-21.9119021799025	2.00050157819372e-106	4.27527687099492e-105	-1.2691239193672	FALSE	down_in_cellobiose
YIL125W	8931.32037657028	1.22338163879665	0.0558781492458281	21.8937394188657	2.98034617497458e-106	6.34687805149516e-105	1.21976882933999	FALSE	up_in_cellobiose
YLL061W	2387.38404106559	-1.72071021406671	0.078598798049702	-21.8923222334598	3.07446348181209e-106	6.52433513614018e-105	-1.71464606562612	FALSE	down_in_cellobiose
YJL071W	2226.53488407105	-1.21800199017389	0.0556824666096746	-21.8740667275373	4.58802648396356e-106	9.70223222902504e-105	-1.21430138840504	FALSE	down_in_cellobiose
YFR014C	5544.23698196641	1.02643260447453	0.0470021539394381	21.8379907822327	1.0110461177073e-105	2.13059474560757e-104	1.02373640670154	FALSE	up_in_cellobiose
YCL027W	1230.67429328262	-1.41599102660961	0.0648911080216453	-21.8210332629439	1.465114674855e-105	3.07674081719551e-104	-1.41094031762265	FALSE	down_in_cellobiose
YGL202W	12543.0819828394	-1.03967181303332	0.0477627067720029	-21.7674391444404	4.72291051329952e-105	9.88379335101575e-104	-1.03647208407626	FALSE	down_in_cellobiose
YER095W	3393.4401549539	1.21402858274956	0.0558326322153965	21.7440685595113	7.86120317506315e-105	1.639467475958e-103	1.21039885273055	FALSE	up_in_cellobiose
YKL216W	13693.0988637111	-1.43090177681601	0.0660681976059837	-21.6579508548061	5.11484668027921e-104	1.06304442344772e-102	-1.42622026242397	FALSE	down_in_cellobiose
YMR175W-A	288.037693382156	4.83213248215419	0.223177448953167	21.6515266431251	5.88000412496299e-104	1.21788578588275e-102	4.81289587643631	FALSE	up_in_cellobiose
YCR079W	2763.37365388772	1.18315428347295	0.0547036316233123	21.6284412636462	9.70059272775127e-104	2.00236125656791e-102	1.17994135609258	FALSE	up_in_cellobiose
YEL065W	9440.13383354881	-1.87741922627654	0.0868340480105096	-21.6207728338234	1.14543192553133e-103	2.35631710395016e-102	-1.87038313991192	FALSE	down_in_cellobiose
YER150W	7276.0924037253	1.73604232185891	0.0803968664850394	21.5934077751894	2.07160196380882e-103	4.24713514478499e-102	1.72834226583515	FALSE	up_in_cellobiose
YEL017C-A	980.256027672238	-1.58164947114638	0.0736241222120349	-21.4827616768223	2.25682166245934e-102	4.61123561302502e-101	-1.57605055379462	FALSE	down_in_cellobiose
YDR247W	1924.9386451335	1.56215805250404	0.0728388628856546	21.4467660616336	4.89524644713964e-102	9.96850185599346e-101	1.55696810176053	FALSE	up_in_cellobiose
YOL055C	20401.8432705126	-2.40912780795195	0.112891297296639	-21.3402438065851	4.80434919410968e-101	9.75057178724004e-100	-2.40136318235863	FALSE	down_in_cellobiose
YAL054C	2571.59638445438	1.62734654649224	0.0765033628241743	21.2715688097572	2.08199961381158e-100	4.2113490516162e-99	1.62178317484135	FALSE	up_in_cellobiose
YOL143C	15081.6905730141	-1.28981175405183	0.0610799866075761	-21.1167655019073	5.57862758680184e-99	1.12465132149925e-97	-1.28566409010214	FALSE	down_in_cellobiose
YNL331C	2135.69214722148	-1.59475632205949	0.0755525692564114	-21.1079032487589	6.72924901426022e-99	1.35210956937694e-97	-1.58887200887237	FALSE	down_in_cellobiose
YEL029C	2570.72862546148	-1.19091072074612	0.0565019838089456	-21.0773257939585	1.28438519336286e-98	2.57217273160879e-97	-1.18747552769196	FALSE	down_in_cellobiose
YBR105C	13198.3347951381	1.4930786591683	0.0708476756084334	21.0744903957099	1.36366057296253e-98	2.72192050999253e-97	1.4876912247116	FALSE	up_in_cellobiose
YML128C	11066.9271740394	1.36250193511615	0.0646644503452238	21.0703396973478	1.4885969261255e-98	2.96152441092336e-97	1.35859577697078	FALSE	up_in_cellobiose
YAL005C	43520.8277828226	1.56505172614424	0.0743154101496669	21.0595853940968	1.86802414629634e-98	3.70420001206567e-97	1.56011480872927	FALSE	up_in_cellobiose
YJL212C	2101.65799216472	-1.35088778298993	0.0642390718009313	-21.0290675926352	3.55569852710459e-98	7.02773355945378e-97	-1.34619252520381	FALSE	down_in_cellobiose
YCL055W	1420.65450370433	-1.36277532943102	0.064828385647726	-21.0212751068069	4.19024352816428e-98	8.25491624050083e-97	-1.35793542089704	FALSE	down_in_cellobiose
YJL102W	813.716106954169	1.64600570586692	0.078379558656158	21.0004462143982	6.49724803391497e-98	1.27582325029603e-96	1.63990709462091	FALSE	up_in_cellobiose
YNL208W	21494.246227802	0.953051862033896	0.0454536603155415	20.9675492670505	1.29779122114492e-97	2.5401428173089e-96	0.950502474333962	FALSE	up_in_cellobiose
YER037W	3506.65676773802	-1.12901913584189	0.0541219178466377	-20.8606638634117	1.21966834992184e-96	2.37953360655719e-95	-1.12540896945292	FALSE	down_in_cellobiose
YDR261C	2605.60876706782	-1.19657535571118	0.0573632461267121	-20.8596172027645	1.24665306565072e-96	2.42435940226866e-95	-1.19264104867565	FALSE	down_in_cellobiose
YDR216W	2952.8747289203	1.3949620139157	0.0668911551462307	20.8542072694988	1.39592198804931e-96	2.70594108452636e-95	1.39010062994988	FALSE	up_in_cellobiose
YGL209W	2443.39470514363	-1.94264595375744	0.0933539775202449	-20.8094609930911	3.55317055118774e-96	6.86567907143241e-95	-1.93478817480656	FALSE	down_in_cellobiose
YMR095C	1696.35552560416	-1.99035636210982	0.0957902690170269	-20.7782730180665	6.80632228742924e-96	1.3075914732034e-94	-1.98212377339549	FALSE	down_in_cellobiose
YER028C	814.790137245844	-1.6284912553908	0.0783748241530348	-20.7782444552731	6.81037225626768e-96	1.3075914732034e-94	-1.62229159036278	FALSE	down_in_cellobiose
YER092W	2431.73407330304	-1.5769436987669	0.0761950669562447	-20.6961390252792	3.75256222652621e-95	7.18211909684509e-94	-1.57092748952151	FALSE	down_in_cellobiose
YDR309C	2946.00330520771	-1.17739949138331	0.056892945512185	-20.6949997189219	3.84230427195933e-95	7.33068020088645e-94	-1.17348904872902	FALSE	down_in_cellobiose
YMR191W	3588.90128342058	0.996042310606443	0.0481444382378493	20.6886267046189	4.3852562136982e-95	8.34026087435431e-94	0.993143895286733	FALSE	up_in_cellobiose
YDR155C	75633.0774035615	1.04040729043825	0.0504284691603677	20.6313478826741	1.43591504326113e-94	2.72238689079728e-93	1.03779458246468	FALSE	up_in_cellobiose
YIL009C-A	1339.72581386805	-1.40457635573278	0.0680855446452774	-20.629582432667	1.4893049566543e-94	2.81478636807663e-93	-1.39940380470158	FALSE	down_in_cellobiose
YER046W	3383.89811539274	0.982864463842812	0.0478525489215951	20.5394380444228	9.56629929495735e-94	1.80239807276953e-92	0.980043024354306	FALSE	up_in_cellobiose
YBR203W	2232.10635839708	1.17781506711022	0.0573581134035976	20.5344108656883	1.06093200213176e-93	1.99270706487356e-92	1.17369157599907	FALSE	up_in_cellobiose
YFR025C	2908.85729250115	-1.11333167552403	0.054352214890904	-20.4836486932264	3.01227063738354e-93	5.64031356498317e-92	-1.10964982833377	FALSE	down_in_cellobiose
YAR020C	647.168416644812	2.44269623984182	0.119262533248016	20.4816732742214	3.13695312298026e-93	5.85564582956314e-92	2.43222183845263	FALSE	up_in_cellobiose
YOR337W	3615.20109608133	-1.50400576287832	0.073453074818829	-20.4757359251186	3.54355253792083e-93	6.5942786921062e-92	-1.49826023869187	FALSE	down_in_cellobiose
YBR248C	8584.89734389964	-1.07849849368294	0.0527985526540824	-20.426667767749	9.68928367680648e-93	1.79757017415109e-91	-1.07499178192249	FALSE	down_in_cellobiose
YGR154C	1853.62710074293	-1.71375001255122	0.0839815066294303	-20.4062784931112	1.47065284828905e-92	2.72003315793645e-91	-1.71072171101425	FALSE	down_in_cellobiose
YJL103C	1617.93652405677	1.3093943835351	0.0643048735054764	20.3622884573995	3.61307622022515e-92	6.66216005485418e-91	1.30480200280943	FALSE	up_in_cellobiose
YNL220W	13282.6051053889	-0.897635340985156	0.0440953170062	-20.3567045647714	4.04919358978461e-92	7.44362396079555e-91	-0.895129750349783	FALSE	down_in_cellobiose
YJR130C	4969.94778248466	-1.16971597872491	0.0575249198403431	-20.3340740321132	6.42406921908668e-92	1.1773566859708e-90	-1.16573384555596	FALSE	down_in_cellobiose
YLL062C	1447.72822281394	-1.65539971048175	0.0814286660759901	-20.3294464990611	7.05942891082426e-92	1.28989202576027e-90	-1.64878121326864	FALSE	down_in_cellobiose
YLR089C	10376.6422452251	-0.844104939422432	0.0415217167236088	-20.3292398780439	7.08921590015548e-92	1.29143306518495e-90	-0.841696448029971	FALSE	down_in_cellobiose
YHL040C	4625.51055470192	-2.09677463331272	0.103462073527079	-20.2661184125981	2.56075919589805e-91	4.65089237741483e-90	-2.0875693964795	FALSE	down_in_cellobiose
YDR035W	15503.0155980674	-0.927209664185744	0.0459270617841789	-20.1887433718904	1.22951988347338e-90	2.22638810037335e-89	-0.924289446705736	FALSE	down_in_cellobiose
YAL044C	12622.1356394159	-1.28146926440391	0.0636591598606012	-20.1301629994809	4.01671239343111e-90	7.25166464342429e-89	-1.27684767272553	FALSE	down_in_cellobiose
YPR158C-D	2678.75630635696	-2.55994919276486	0.127283151795068	-20.1122391821857	5.76611724665324e-90	1.03790110439758e-88	-2.54803033615506	FALSE	down_in_cellobiose
YDL130W	17597.9640238711	1.24826823672513	0.0621299673141544	20.0912424500946	8.80314651185062e-90	1.57986439476773e-88	1.24399137410654	FALSE	up_in_cellobiose
YGR008C	5343.61897303631	1.56192254542244	0.0781003830257462	19.9989101834179	5.62890566113869e-89	1.00720773486884e-87	1.55566069030289	FALSE	up_in_cellobiose
YHR122W	2241.79107635794	-1.06757994308357	0.0536299354381958	-19.9064185768761	3.58012063313167e-88	6.38718866937472e-87	-1.06397438328374	FALSE	down_in_cellobiose
YCR083W	1787.47739430441	1.41285538716334	0.0710531637875739	19.8844824332851	5.5451464100344e-88	9.86383690820236e-87	1.40733065508341	FALSE	up_in_cellobiose
YCL042W	1664.72416557438	1.80318744127028	0.0907634216571155	19.8668958083394	7.87229569192479e-88	1.39623590453845e-86	1.79536078991943	FALSE	up_in_cellobiose
YLR304C	27971.7297107577	0.922065391296737	0.046483294086791	19.8364898489145	1.44180871128531e-87	2.54972487890455e-86	0.918362951810281	FALSE	up_in_cellobiose
YNR069C	1505.0176778674	-1.4651767387741	0.0739016652637266	-19.8260314371191	1.77504644132182e-87	3.12987780673888e-86	-1.45926681877335	FALSE	down_in_cellobiose
YNCL0012C	119408.502748275	1.71006647527691	0.0863806874477272	19.7968611480633	3.16830640718214e-87	5.57032475309232e-86	1.67584291761709	FALSE	up_in_cellobiose
YBR145W	7918.9709775578	-1.34141420166536	0.0679367981508502	-19.745031237516	8.85101230374533e-87	1.55162093950875e-85	-1.33613458814007	FALSE	down_in_cellobiose
YPL230W	2514.13453036397	1.45147269191397	0.0735558397669319	19.7329361817238	1.12445727533887e-86	1.96552531828021e-85	1.44568559899635	FALSE	up_in_cellobiose
YKL093W	1591.04395107306	1.19330550279226	0.0606266236344078	19.6828625982565	3.02428141094365e-86	5.27113947359861e-85	1.18862822145025	FALSE	up_in_cellobiose
YJL062W-A	2019.39718494268	1.16441112085298	0.059426380492446	19.5941787334835	1.73360148970386e-85	3.01287983038189e-84	1.16042488126556	FALSE	up_in_cellobiose
YNL018C	402.562877192862	-2.40407510060322	0.123024503610005	-19.5414330483647	4.87929135340236e-85	8.4555742422285e-84	-2.39251032367065	FALSE	down_in_cellobiose
YMR019W	2939.78757762382	-0.959795079683561	0.0491206359566999	-19.5395491322552	5.06274361719533e-85	8.74842097051354e-84	-0.956689326840145	FALSE	down_in_cellobiose
YLR301W	4689.66703945841	-0.958253810170225	0.0490532461712053	-19.5349724017394	5.53758439340704e-85	9.54168387787059e-84	-0.954923260083303	FALSE	down_in_cellobiose
YIL160C	658.133431128748	2.137329497862	0.10948381590811	19.5218761799084	7.15616414838534e-85	1.22955911276803e-83	2.12745216774915	FALSE	up_in_cellobiose
YOR192C	1961.7599484595	-1.41689450873682	0.0726973934300365	-19.4903068993861	1.32682957911714e-84	2.2732762873939e-83	-1.41104738354683	FALSE	down_in_cellobiose
YML048W	7410.33667014483	0.826540710571213	0.0424192942782672	19.4850179531317	1.47127814516663e-84	2.51364130564061e-83	0.824362462926574	FALSE	up_in_cellobiose
YDR399W	11233.5242064596	1.19941964353258	0.0615614639545047	19.4832865641235	1.52189239297206e-84	2.59279019512535e-83	1.1950570204802	FALSE	up_in_cellobiose
YJR159W	834.000642023546	1.65328319992555	0.0848682458522427	19.4805864469492	1.60431350487764e-84	2.7255303588483e-83	1.64617748155958	FALSE	up_in_cellobiose
YIL046W	7759.55312768422	-1.04051339319348	0.0534769455475897	-19.4572330663036	2.53084712083224e-84	4.28755276940991e-83	-1.03687903033584	FALSE	down_in_cellobiose
YKR075C	4888.66956320744	1.99484792032593	0.102535330271035	19.4552249946715	2.63195324729768e-84	4.44638358649619e-83	1.98610462532424	FALSE	up_in_cellobiose
YKL127W	2295.34098133155	-1.05596017523918	0.0543401523911966	-19.4324110031434	4.10614466925969e-84	6.91753842888095e-83	-1.05226862400497	FALSE	down_in_cellobiose
YLL052C	347.552496134745	-2.19369534142768	0.113059646020552	-19.402991417724	7.28088506923656e-84	1.22318869163174e-82	-2.18324915318655	FALSE	down_in_cellobiose
YBR230C	3065.53397542575	1.93984304440224	0.10006508222758	19.3858137246158	1.01683970423769e-83	1.70355859590846e-82	1.93100291768468	FALSE	up_in_cellobiose
YBR072W	79766.490761743	1.84882293537644	0.0955897988449781	19.3412158798948	2.41708333666168e-83	4.0382651989309e-82	1.84453646095033	FALSE	up_in_cellobiose
YNCN0005C	770.388710881574	2.09153990505939	0.108199795748817	19.3303498457137	2.98387817763512e-83	4.97148628604331e-82	2.08177819675027	FALSE	up_in_cellobiose
YBR299W	561.559550511699	1.79469403230173	0.0929036859777696	19.3177914677268	3.8058877956424e-83	6.32362895275968e-82	1.78662306823126	FALSE	up_in_cellobiose
YEL011W	12395.6765622514	1.33384658402039	0.0690887791942931	19.3062694054749	4.75719007327524e-83	7.88259878442976e-82	1.32868650961804	FALSE	up_in_cellobiose
YGR027W-B	23688.756663136	-1.83721941619212	0.0952375473826719	-19.2909148406566	6.40302203509542e-83	1.05807314940593e-81	-1.82859892492068	FALSE	down_in_cellobiose
YIL047C	8182.53148982083	-0.807130471161812	0.0418638651498127	-19.2798841739395	7.92537645664899e-83	1.30606748800581e-81	-0.804823947750266	FALSE	down_in_cellobiose
YMR105C	15664.7154946	1.85860095252716	0.0964438137340374	19.2713340603952	9.34947024219077e-83	1.53656510936874e-81	1.84906870268865	FALSE	up_in_cellobiose
YNL135C	12459.7980185742	1.03691228766727	0.0538109326400113	19.2695468521999	9.67797052522955e-83	1.58624297389128e-81	1.03348065861477	FALSE	up_in_cellobiose
YGL028C	10940.880860128	-1.19662010429176	0.0621775499137952	-19.2452115908522	1.54829983177085e-82	2.53084253582436e-81	-1.19195054509853	FALSE	down_in_cellobiose
YPR020W	2068.99929476108	1.69368036054136	0.0881009201127109	19.2243209080514	2.31651787722052e-82	3.77636121871421e-81	1.6861069416755	FALSE	up_in_cellobiose
YNR016C	21850.1651086433	0.883910436497456	0.0460372163533359	19.199910561782	3.7072980329857e-82	6.02734906007998e-81	0.880279428225706	FALSE	up_in_cellobiose
YOL083W	3006.38795410345	1.19866760917611	0.0625650133638988	19.1587525475981	8.1810537591032e-82	1.32651509745459e-80	1.19411898377852	FALSE	up_in_cellobiose
YMR145C	1014.9019579239	1.68424313090116	0.088024816342223	19.1337307010463	1.3226139404573e-81	2.13881527055768e-80	1.6767127085982	FALSE	up_in_cellobiose
YGL255W	269748.730160314	-0.891825548085003	0.0467715133112713	-19.0677077765214	4.68391012492404e-81	7.55421024947748e-80	-0.8883978015891	FALSE	down_in_cellobiose
YGL037C	15488.5645823724	1.38678950299429	0.0730055533650044	18.9956714122936	1.85203743613854e-80	2.97902191855476e-79	1.38111674928775	FALSE	up_in_cellobiose
YKL065W-A	528.416009856314	3.08766808432199	0.162646066561872	18.9839702219138	2.31428936316954e-80	3.71268489879294e-79	3.07174385227377	FALSE	up_in_cellobiose
YER004W	5261.78327412529	0.923763120232669	0.0488674078539176	18.9034606254159	1.06811460502232e-79	1.70898336803571e-78	0.920749608879528	FALSE	up_in_cellobiose
YDR461C-A	1613.69974346825	1.47911302339047	0.0785107522822285	18.8396236234419	3.57498755445254e-79	5.70488779137968e-78	1.4726119682282	FALSE	up_in_cellobiose
YDL079C	3896.21657439701	1.27363498899343	0.0676079325644741	18.8385436543091	3.64867588700358e-79	5.80715572752569e-78	1.26842944750222	FALSE	up_in_cellobiose
YOR290C	5695.7326354063	0.972628346430218	0.0516323522410038	18.8375757488307	3.71600396152852e-79	5.89879054050511e-78	0.969297844998519	FALSE	up_in_cellobiose
YOR384W	2934.41965333595	-1.05592054054298	0.0560669964535117	-18.8331925613048	4.0367476248795e-79	6.39116482598722e-78	-1.05189908527036	FALSE	down_in_cellobiose
YER182W	1963.06525362078	1.14686021690345	0.0608981888981425	18.8324191187635	4.09614487966024e-79	6.46827264547915e-78	1.14260882333216	FALSE	up_in_cellobiose
YKL175W	18210.0154854787	-1.44895358429788	0.0769821521813423	-18.8219417519618	4.99211136237681e-79	7.86257539574347e-78	-1.44246146513498	FALSE	down_in_cellobiose
YGL258W	43551.8246277205	-5.02967588275043	0.2676903855382	-18.7891540170116	9.26444587384493e-79	1.45536022454582e-77	-4.99913216835885	FALSE	down_in_cellobiose
YOL104C	404.767020317629	-2.58380021423609	0.137611004526335	-18.7761162207171	1.18432546823613e-78	1.85564778028293e-77	-2.57010608596169	FALSE	down_in_cellobiose
YLR237W	33383.5543835325	-1.51148245451884	0.0808612473706722	-18.6922970355642	5.7196539988899e-78	8.93862206338142e-77	-1.50513741697443	FALSE	down_in_cellobiose
YGL256W	63337.3110742508	0.99994173458087	0.0535416484332064	18.6759609358741	7.76792828689235e-78	1.21083583193621e-76	0.996446856168912	FALSE	up_in_cellobiose
YEL047C	10022.4188825992	-0.994458343474914	0.0533059627824493	-18.6556679884663	1.13573931326923e-77	1.76579726649159e-76	-0.990848489325102	FALSE	down_in_cellobiose
YKL171W	2591.18880039382	1.13468654777442	0.0609368764265866	18.6206877397372	2.18391266252375e-77	3.38674455972913e-76	1.1301791693544	FALSE	up_in_cellobiose
YHR161C	7334.53557321279	-0.967926626177706	0.0520402440312069	-18.5995789258266	3.23841403936185e-77	5.00918877495153e-76	-0.964451708535549	FALSE	down_in_cellobiose
YCL057C-A	4395.63833978355	1.53727738609714	0.0828654886135235	18.5514791720695	7.93383646173549e-77	1.2240776255249e-75	1.53020246694338	FALSE	up_in_cellobiose
YDR046C	10287.3044381131	-1.00831506076948	0.0544338124589266	-18.5236898762201	1.3300127327805e-76	2.04679822082862e-75	-1.00448560463642	FALSE	down_in_cellobiose
YDL246C	1032.00237426298	1.69912877968856	0.0921843379504175	18.4318596571411	7.29323861863357e-76	1.11953063871817e-74	1.69091097683083	FALSE	up_in_cellobiose
YEL039C	1955.84020563171	1.75776480471433	0.0956291605517282	18.3810544249577	1.86311731625354e-75	2.85269203258264e-74	1.74934876190654	FALSE	up_in_cellobiose
YLR094C	3432.68483357829	0.966601324795736	0.0525895834409046	18.3800909144282	1.89650563016025e-75	2.89648132606292e-74	0.962791263550364	FALSE	up_in_cellobiose
gh1-1	80113.1905327346	1.75920347981526	0.0958251547787494	18.3584726148065	2.82439924687874e-75	4.30276237912408e-74	1.75140913151074	TRUE	up_in_cellobiose
YMR058W	15133.1402750399	-2.04171688470494	0.111266227877279	-18.3498346592361	3.31118430982118e-75	5.03166902155741e-74	-2.03095382703316	FALSE	down_in_cellobiose
YDL022W	26645.1506234611	0.933224687728092	0.0508987465992193	18.3349247296083	4.35618911671687e-75	6.60306560849715e-74	0.930120547213949	FALSE	up_in_cellobiose
YKL106W	2692.71056397352	-0.946250526998722	0.0516702196597431	-18.3132669694446	6.48590579258264e-75	9.80668955838494e-74	-0.94321228738882	FALSE	down_in_cellobiose
YOL123W	4309.59563899365	0.96897544656267	0.0529325087531813	18.3058666476758	7.4300305518138e-75	1.12061907175486e-73	0.965533547307122	FALSE	up_in_cellobiose
YHR176W	2492.31077418907	-1.54009373160812	0.0842331421139405	-18.2837027440442	1.11586855735734e-74	1.67879926241224e-73	-1.53258970514449	FALSE	down_in_cellobiose
YLR069C	2076.39499629582	1.04636313884242	0.0572827978074102	18.2666206766015	1.52613717603323e-74	2.29034184631488e-73	1.04272789444151	FALSE	up_in_cellobiose
YMR301C	2572.21085914463	-1.29598201515204	0.0710075085889328	-18.2513376529596	2.01904433557019e-74	3.0225693419625e-73	-1.29026294528086	FALSE	down_in_cellobiose
YLR364W	1037.44185393678	-1.89277104211249	0.104295743385312	-18.1481140138174	1.32885693479034e-73	1.98442635595357e-72	-1.88269133867489	FALSE	down_in_cellobiose
YOL051W	7260.58292108869	0.809944270554479	0.0448592585103964	18.0552309032654	7.17612194336177e-73	1.0689947170801e-71	0.807321410614563	FALSE	up_in_cellobiose
YLL053C	386.988950684185	-2.01102175615068	0.111575150457827	-18.0239215264227	1.26453820796993e-72	1.87909756309634e-71	-2.0001087466744	FALSE	down_in_cellobiose
YER086W	9999.29122903854	-0.953317766207523	0.0528956278044235	-18.0226193690776	1.29465978594206e-72	1.91914274151411e-71	-0.949903303409902	FALSE	down_in_cellobiose
YPL058C	2098.47322504547	-1.0659512325708	0.0593438205291469	-17.9622953673375	3.8457064476207e-72	5.68675613574817e-71	-1.06151643208661	FALSE	down_in_cellobiose
YER073W	12990.6902531962	-1.08047015662875	0.0602296027420633	-17.9391878318694	5.83009982026015e-72	8.60010822266668e-71	-1.07592955675794	FALSE	down_in_cellobiose
YCR100C	617.438510094004	-1.55316155116693	0.0866040838826508	-17.9340451574025	6.39528666320961e-72	9.41087438907341e-71	-1.54531909353371	FALSE	down_in_cellobiose
YHR163W	4480.03866916569	-0.989491455157311	0.0554712079258205	-17.8379287590153	3.58749283180439e-71	5.26630015697887e-70	-0.985531766229893	FALSE	down_in_cellobiose
YOR049C	1849.36846614103	-0.986808186410293	0.0554954864701482	-17.7817737833709	9.7835147814249e-71	1.43270453748324e-69	-0.983167976599557	FALSE	down_in_cellobiose
YKR016W	2892.55354455362	1.01713259366981	0.0573093427128513	17.7481113117307	1.78248533483686e-70	2.60397857610951e-69	1.01309800494231	FALSE	up_in_cellobiose
YDR059C	1710.37582824653	1.05106948248024	0.0593512609130278	17.7093033292159	3.55444626613881e-70	5.1800701247247e-69	1.04674880355396	FALSE	up_in_cellobiose
YNL077W	3494.58344884029	0.876949635956778	0.049520442709481	17.708840793317	3.583773606588e-70	5.21025547419332e-69	0.873822011832343	FALSE	up_in_cellobiose
YKL050C	1247.91294137914	1.30839346326388	0.0738992514151162	17.7050976594365	3.83015758620838e-70	5.55510625452956e-69	1.30226502413697	FALSE	up_in_cellobiose
YHR123W	2084.4176266858	-0.95777367227653	0.0543123933853961	-17.6345326099008	1.33797943978939e-69	1.93590900761872e-68	-0.954005810676782	FALSE	down_in_cellobiose
YNR034W-A	15434.6101180547	3.86191435381712	0.219004094395688	17.6339824352305	1.3510654707001e-69	1.95017755770745e-68	3.84902383459231	FALSE	up_in_cellobiose
YDL218W	717.583261697308	2.11436769706352	0.120377342186042	17.5644989220295	4.60744558946576e-69	6.63472164883069e-68	2.10244956614013	FALSE	up_in_cellobiose
YNL015W	8398.00154472563	1.05594412469019	0.0603527123767493	17.4962165428209	1.53107973285683e-68	2.19951786800905e-67	1.05200027574408	FALSE	up_in_cellobiose
YJL217W	3602.75674845719	-1.10687903267549	0.0633204422766081	-17.4805954108819	2.01385213203606e-68	2.886203245155e-67	-1.10204426046102	FALSE	down_in_cellobiose
YHR063C	2457.85171776722	-1.01828212013149	0.0583425939566791	-17.4534941125105	3.23804749412953e-68	4.62971897032988e-67	-1.01374862852464	FALSE	down_in_cellobiose
YDR150W	5867.08562180039	1.22354011575113	0.0701148154060114	17.4505218143415	3.41102320508741e-68	4.86553498687939e-67	1.2178359031845	FALSE	up_in_cellobiose
YOL109W	12106.2639787529	1.06430517618107	0.0610677557885483	17.428267380028	5.0348514003505e-68	7.16488971042819e-67	1.06027578207734	FALSE	up_in_cellobiose
YGR030C	1231.439625514	1.21549789432414	0.0698591732998719	17.3992596377657	8.35761384087806e-68	1.18654573966269e-66	1.20982110852079	FALSE	up_in_cellobiose
YER024W	10516.3440123871	-1.17396348649917	0.0675100304693979	-17.3894675848402	9.9150992560638e-68	1.40436815692445e-66	-1.16846771093342	FALSE	down_in_cellobiose
YOR031W	2897.13751050274	1.27850840350396	0.0735460693591354	17.3837761099214	1.09500006097815e-67	1.54732718897099e-66	1.27235495585889	FALSE	up_in_cellobiose
YFR049W	2023.10617324839	1.38772255809451	0.0801134708753864	17.3219627477264	3.2121242897247e-67	4.52842137628322e-66	1.38092894776591	FALSE	up_in_cellobiose
YOR302W	737.635167153626	-1.50907556705151	0.0871461564827887	-17.3166049767157	3.52553631787506e-67	4.95870782569962e-66	-1.50083577803674	FALSE	down_in_cellobiose
YGR180C	40251.175063274	0.928707438763244	0.0536382819598782	17.3142652006998	3.67179649782559e-67	5.15244204613669e-66	0.926074025446714	FALSE	up_in_cellobiose
YML010W	6272.04424017182	0.897361947692314	0.0518324351650654	17.3127491470269	3.76977850388936e-67	5.2776899054451e-66	0.893948811325661	FALSE	up_in_cellobiose
YLR286C	27634.4821676379	-0.886194414995385	0.0512023675491537	-17.3076843398823	4.11640342245059e-67	5.74965540392175e-66	-0.882773413249683	FALSE	down_in_cellobiose
YDR382W	22910.4959195759	1.32185388894637	0.0763807251984888	17.3061185987865	4.2298554851564e-67	5.89450828899215e-66	1.31549962669577	FALSE	up_in_cellobiose
YLR302C	174.273109308411	-4.46459871613418	0.258038055667989	-17.3020940828924	4.53597260460032e-67	6.30656604887879e-66	-4.43541815929133	FALSE	down_in_cellobiose
YJR070C	12216.5999092048	1.15811538049884	0.0670800286060265	17.2646822693035	8.67801468295015e-67	1.20377598170831e-65	1.15246727551198	FALSE	up_in_cellobiose
YOR143C	1689.78665641462	-1.08606024582018	0.0631862013851062	-17.1882503143508	3.25199179498963e-66	4.50069711123507e-65	-1.08104874811385	FALSE	down_in_cellobiose
YOR387C	42564.0631718244	-5.39817031835415	0.314877631402155	-17.1437084759435	7.00377580705046e-66	9.67096714179023e-65	-5.36022625769883	FALSE	down_in_cellobiose
YKR039W	2417.61147718974	-0.957553451685324	0.055888334782099	-17.1333330187542	8.37181517241459e-66	1.15336533400372e-64	-0.953580694325809	FALSE	down_in_cellobiose
YHR092C	1978.87576356366	-1.90115974013655	0.111025715123736	-17.1235982404414	9.89645955492439e-66	1.36031334973142e-64	-1.88988468082338	FALSE	down_in_cellobiose
YFL014W	29645.7667581708	1.53424746106104	0.0898679533802754	17.0722421436358	2.38848163718367e-65	3.27563195956617e-64	1.51290121797161	FALSE	up_in_cellobiose
YJR139C	18479.0098822358	-1.13503108039422	0.0665461154816631	-17.0563085790782	3.13766857232262e-65	4.29335283380254e-64	-1.12937728318391	FALSE	down_in_cellobiose
YBR255C-A	1630.7651382688	1.20005344857798	0.0703845741595335	17.0499496929249	3.49834256429704e-65	4.77606677852563e-64	1.19421884506043	FALSE	up_in_cellobiose
YER040W	2163.54398915008	-0.932028195673013	0.0546948758741143	-17.0405029863889	4.1118005291659e-65	5.60093909918815e-64	-0.92826717347226	FALSE	down_in_cellobiose
YOR186W	670.434731605563	1.45973666793473	0.0857746999299131	17.0182660985988	6.01248699245376e-65	8.17157782704726e-64	1.45190748981618	FALSE	up_in_cellobiose
YKL096W	2370.14553184869	1.80109488381488	0.106095866233503	16.9761080026521	1.23403074559743e-64	1.67341209627203e-63	1.79097048499964	FALSE	up_in_cellobiose
YJR150C	39504.5681179922	-1.41274351050334	0.0832219877838867	-16.9756040215236	1.24467050117346e-64	1.68406424856758e-63	-1.40520125467474	FALSE	down_in_cellobiose
YFL052W	691.481318918148	1.4850761014129	0.0876142925658846	16.9501579927287	1.91937314650876e-64	2.59115374778683e-63	1.47699373497793	FALSE	up_in_cellobiose
YJL133C-A	11825.9625109694	1.40207223939998	0.0827306136415155	16.9474415538047	2.01012759922913e-64	2.70762844546498e-63	1.3946766447161	FALSE	up_in_cellobiose
YFL018C	15043.53859197	0.787342475755886	0.046661610842666	16.873452534904	7.05495960526978e-64	9.48186570948259e-63	0.784559475591819	FALSE	up_in_cellobiose
YDL182W	17736.6687845091	-1.19232205384475	0.0707036721702842	-16.8636510275327	8.32818156028211e-64	1.11682576666488e-62	-1.18617037117433	FALSE	down_in_cellobiose
YDR033W	19648.4206008611	-1.01554704306029	0.0605750575687625	-16.7651024005628	4.39256799974369e-63	5.87748921735615e-62	-1.01641393812874	FALSE	down_in_cellobiose
YMR120C	21865.177729632	-1.11617999600272	0.0668044923181329	-16.7081577491421	1.14312875351949e-62	1.52619044178497e-61	-1.10086965556066	FALSE	down_in_cellobiose
YJL089W	1105.4590403653	-1.69356381018824	0.101585842020309	-16.6712582827207	2.12082605109803e-62	2.82527664252002e-61	-1.68327007423664	FALSE	down_in_cellobiose
YLL051C	3200.90235921219	-0.910902027943549	0.0546559296629733	-16.6661153430282	2.31136455724081e-62	3.07233688839393e-61	-0.907037097933395	FALSE	down_in_cellobiose
YML116W	3569.75115818001	-0.913800019622739	0.0549492281599009	-16.6298972746915	4.23319401926117e-62	5.61455206765166e-61	-0.909746583936433	FALSE	down_in_cellobiose
YIR018W	1773.18781096024	-0.958587680968738	0.0579411925167372	-16.5441482877977	1.76442496958471e-61	2.33506394224252e-60	-0.95463814785712	FALSE	down_in_cellobiose
YPR026W	2573.99496679688	0.888663770016863	0.0538131441992172	16.5138793363758	2.91525954259484e-61	3.84967024314707e-60	0.884884684098224	FALSE	up_in_cellobiose
YMR094W	919.73585058609	-1.20066825360437	0.0727401632654759	-16.5062628361494	3.30741134705235e-61	4.3580008337631e-60	-1.1943592501027	FALSE	down_in_cellobiose
YPL201C	209.333787596096	2.47675588376087	0.150092563945455	16.5015229179572	3.57754941117515e-61	4.70369974756246e-60	2.46027347732055	FALSE	up_in_cellobiose
YLR438W	5000.60772029903	0.902552589954394	0.0547817884768637	16.4754129985292	5.51109151008801e-61	7.23016951258401e-60	0.89875315736196	FALSE	up_in_cellobiose
YBR083W	1709.25775178874	-0.93654909407458	0.0568609965845022	-16.4708526112932	5.94268706230231e-61	7.77951760883212e-60	-0.932453648306708	FALSE	down_in_cellobiose
YDR098C	5161.18234272554	-0.72559466816768	0.0441025161538234	-16.4524551306077	8.05363750763324e-61	1.0520172709755e-59	-0.72305473955907	FALSE	down_in_cellobiose
YNL054W-B	10509.2155174194	-1.24398813341682	0.075994532331815	-16.3694425802267	3.16095743768803e-60	4.12014452222784e-59	-1.24953159267279	FALSE	down_in_cellobiose
YER035W	5987.42641091577	0.93936441445223	0.0574296983396746	16.3567708278085	3.89227156016383e-60	5.06246417115502e-59	0.935209748414744	FALSE	up_in_cellobiose
YNL279W	1905.24395584815	-1.06292739789765	0.0650589403379608	-16.3379143954094	5.30362477910546e-60	6.88333104378323e-59	-1.05764838694996	FALSE	down_in_cellobiose
YHR089C	5372.56682944762	0.91891835295513	0.0562594338048765	16.3335869348099	5.6936173422601e-60	7.37366117473e-59	0.915064793795128	FALSE	up_in_cellobiose
YPL231W	23729.5162581578	0.832205850785827	0.0510372062716727	16.3058660843614	8.96590068438837e-60	1.15867024229019e-58	0.828840541594763	FALSE	up_in_cellobiose
YAL003W	24011.503724061	0.759600579672587	0.0466590415164816	16.2798153366324	1.37282579715283e-59	1.77033058020902e-58	0.756433339439561	FALSE	up_in_cellobiose
YNR072W	703.522557550165	1.59664464725218	0.0981010670804004	16.2755074411538	1.47293409565573e-59	1.89538412989912e-58	1.58714109000906	FALSE	up_in_cellobiose
YLL055W	3352.3529173187	-1.68152637541821	0.103355675407432	-16.2693182429467	1.62962041325426e-59	2.09255716759274e-58	-1.67099538083095	FALSE	down_in_cellobiose
YFR040W	4071.18854657558	0.769619220699015	0.0473367626349098	16.2583830802877	1.94811518744916e-59	2.4962289520535e-58	0.766880750490465	FALSE	up_in_cellobiose
YNL185C	1251.08616362803	1.14934334651597	0.0707576898167051	16.2433701480828	2.48868037245942e-59	3.18214352909821e-58	1.14342002620249	FALSE	up_in_cellobiose
YER090W	6803.0421321099	-0.845660210788806	0.0520766318445092	-16.2387654661266	2.68268715448298e-59	3.42297297685929e-58	-0.84211398147355	FALSE	down_in_cellobiose
YPR168W	1039.82149802834	-1.24441935006905	0.0766977108905904	-16.2249868427523	3.35789539568456e-59	4.27548449538952e-58	-1.23747746635564	FALSE	down_in_cellobiose
YER160C	9095.87069948551	-1.2236921105871	0.0754272105410299	-16.2234835652772	3.44111621555564e-59	4.37224177976482e-58	-1.21657234600735	FALSE	down_in_cellobiose
YBL042C	5028.36392564121	1.17310694479798	0.0723173656861196	16.2216493046724	3.54544804407593e-59	4.49536053890382e-58	1.16712167869184	FALSE	up_in_cellobiose
YIR038C	8453.04197479973	1.11013213555573	0.0685277439046843	16.1997473183974	5.06347001284774e-59	6.40666666060735e-58	1.10448527635428	FALSE	up_in_cellobiose
YLL026W	24732.1427181822	1.25854620415753	0.0777395154436969	16.1892725594493	6.00340961903699e-59	7.58008796992395e-58	1.25121340700412	FALSE	up_in_cellobiose
YGR041W	2136.4527569809	-0.860233345558787	0.0531945952285283	-16.1714426411773	8.01981791702748e-59	1.01049705754546e-57	-0.856651146070729	FALSE	down_in_cellobiose
YJR019C	2805.22600746647	0.837818913352756	0.0519426135167843	16.1297026974207	1.57778126834242e-58	1.98387133283471e-57	0.834345784429625	FALSE	up_in_cellobiose
YDR513W	3559.65260134025	0.931049375327442	0.0578269558791283	16.1006119235042	2.5259406728684e-58	3.16947908496018e-57	0.926446463278699	FALSE	up_in_cellobiose
YNR068C	1231.69171244814	-1.04507518039791	0.0649272526978711	-16.0960942743258	2.71724568560189e-58	3.40246416284063e-57	-1.03976868325349	FALSE	down_in_cellobiose
YBR296C	848.811087906214	1.22319245066355	0.0761157244824613	16.0701676162249	4.12968197251331e-58	5.16039598548771e-57	1.21645352427462	FALSE	up_in_cellobiose
YKR043C	4606.42093401186	-0.846308178830804	0.052756714742578	-16.0417149354408	6.53252522461963e-58	8.14612630072155e-57	-0.84267284403374	FALSE	down_in_cellobiose
YOR316C	5134.30615529583	-0.866994586949773	0.0540496906555014	-16.0406947095363	6.64073299260974e-58	8.26402327969212e-57	-0.863188550119795	FALSE	down_in_cellobiose
YMR220W	2620.23688307703	-0.907644958461363	0.0566604545502558	-16.0190200672731	9.41218935568994e-58	1.16888955283804e-56	-0.90339151809817	FALSE	down_in_cellobiose
YKR049C	2576.99061089408	1.29491647051651	0.0809505241811594	15.9963938913924	1.35393656378663e-57	1.67799351184048e-56	1.28745583139622	FALSE	up_in_cellobiose
YEL037C	5244.20570710694	0.781729021624603	0.0490018640220207	15.953046628457	2.71331016705843e-57	3.3558486483373e-56	0.778657016792347	FALSE	up_in_cellobiose
YJR104C	17237.1527837205	0.983882888336507	0.0618195361017499	15.9154039382812	4.95462055690107e-57	6.11541737308932e-56	0.979174444010389	FALSE	up_in_cellobiose
YGR108W	5032.156332709	-0.961981073978583	0.0605818391302162	-15.8790338456196	8.85315579186179e-57	1.09050684784481e-55	-0.957348937023623	FALSE	down_in_cellobiose
YDR487C	6282.96937530391	-0.75209883526628	0.047374220930422	-15.875698227753	9.3366102645235e-57	1.14771989593167e-55	-0.749154963158141	FALSE	down_in_cellobiose
YBR135W	1975.18411064608	1.03634019110317	0.0652851785222832	15.8740500456691	9.58511100970165e-57	1.17587731007456e-55	1.03108858059878	FALSE	up_in_cellobiose
YCR021C	9396.73484560222	2.8886705362325	0.182072116558308	15.8655294991719	1.09787651022232e-56	1.34412087729242e-55	2.8676777070126	FALSE	up_in_cellobiose
YER061C	1990.16509603415	-0.897394668808863	0.0566120846011822	-15.851645017681	1.36948508704781e-56	1.67326177908388e-55	-0.893328694253381	FALSE	down_in_cellobiose
YHR087W	2577.9080648479	1.98222311595501	0.125516433837289	15.792538517503	3.5019842021552e-56	4.27016138198279e-55	1.96859767058244	FALSE	up_in_cellobiose
YKL067W	6109.32361186992	1.04456849903531	0.0661674637049008	15.7867392906877	3.83919155422299e-56	4.671917609646e-55	1.03920215640067	FALSE	up_in_cellobiose
YDR264C	8213.98792177679	-0.972474631574664	0.0616502031161571	-15.7740701963689	4.69257636279772e-56	5.69893611289169e-55	-0.967594105853523	FALSE	down_in_cellobiose
YLR354C	39703.5409294119	-0.859070442010119	0.0544917054824561	-15.7651597505367	5.40355270783386e-56	6.54923582704994e-55	-0.85519035526146	FALSE	down_in_cellobiose
YOL107W	600.067276449529	-1.37775807582963	0.0878391969668106	-15.685003089796	1.91553802926553e-55	2.31703480019959e-54	-1.36916812230187	FALSE	down_in_cellobiose
YCR044C	1983.61369597512	-0.9030301964015	0.0575903515294102	-15.6802341437409	2.06491645454328e-55	2.49273746847859e-54	-0.898745972224811	FALSE	down_in_cellobiose
YPR198W	2495.39828828363	-0.91270085731839	0.0582752186205652	-15.6619036174032	2.75525246156908e-55	3.31947547561151e-54	-0.908285539770946	FALSE	down_in_cellobiose
YOR356W	1766.62234497079	1.38176843552558	0.0882286968568116	15.6612132418558	2.78532666673249e-55	3.34903691459206e-54	1.3732334392815	FALSE	up_in_cellobiose
YFL020C	2092.09312098539	1.39396012729843	0.0891655699773222	15.6333899693903	4.31237248091135e-55	5.17484697709362e-54	1.38529039870675	FALSE	up_in_cellobiose
YPL092W	3840.54127170817	-0.74850009069518	0.0478881935691629	-15.6301592294174	4.53667983682598e-55	5.43323557487594e-54	-0.745496216167544	FALSE	down_in_cellobiose
YGR124W	10622.1568955797	-0.805964847575974	0.0515963185985723	-15.6205882409269	5.27170222904386e-55	6.30103855360815e-54	-0.802586851115779	FALSE	down_in_cellobiose
YKR042W	100370.319400879	0.701523662153417	0.0449379820527172	15.6109293321283	6.13369945486981e-55	7.31688645030623e-54	0.698951394475626	FALSE	up_in_cellobiose
YGR211W	3570.59641365695	0.748232973431473	0.0480351988559657	15.5767643572177	1.04723109477287e-54	1.24678221676896e-53	0.745304593938026	FALSE	up_in_cellobiose
YGR289C	1785.29779513164	0.947762897124061	0.061017678158413	15.5325952368016	2.08757427201944e-54	2.48048117822663e-53	0.943107137289398	FALSE	up_in_cellobiose
YML009C	1246.4967411901	1.02899574657866	0.066301345545397	15.5199828617973	2.54118842775585e-54	3.013550511974e-53	1.02357020442159	FALSE	up_in_cellobiose
YLR034C	4626.15074632913	-1.69128146173879	0.109181374906842	-15.4905675366505	4.01728468218155e-54	4.75470406219844e-53	-1.6794837360228	FALSE	down_in_cellobiose
YDR365W-B	33942.8602865157	-1.12313118615311	0.0726514992940843	-15.4591604724744	6.54459302507635e-54	7.73080051087144e-53	-1.11642106982272	FALSE	down_in_cellobiose
YDL067C	2452.08015396981	1.09624517098023	0.0709620364712008	15.4483330171215	7.74199074902625e-54	9.12739961990463e-53	1.09012551463206	FALSE	up_in_cellobiose
YNL244C	9071.70398001627	0.636326991131642	0.0412147400063376	15.4393062053477	8.90530353385512e-54	1.04784583215478e-52	0.632775202474095	FALSE	up_in_cellobiose
YDR476C	3030.1639762665	-0.772771152467458	0.0500850662118624	-15.4291730233239	1.04196776546259e-53	1.22365457194519e-52	-0.769482511295602	FALSE	down_in_cellobiose
YFL002W-A	31295.0661941683	-1.04505569494269	0.067747684856073	-15.4257034341891	1.09950593138254e-53	1.28872323120186e-52	-1.04792698020447	FALSE	down_in_cellobiose
YHR043C	4002.70647986676	1.22259458823589	0.0792818933618237	15.4208550829666	1.18524578216689e-53	1.38653123608228e-52	1.21528732598824	FALSE	up_in_cellobiose
YDL078C	5991.22952648533	0.694942640151914	0.0450815421195937	15.4152366462609	1.29296351518136e-53	1.50962226637391e-52	0.692349188717025	FALSE	up_in_cellobiose
YKL218C	2383.22722500231	-0.93438115935744	0.0606957924428635	-15.3944964181336	1.78206455822283e-53	2.0766717626458e-52	-0.929624622441708	FALSE	down_in_cellobiose
YBR106W	14377.3046521793	0.790825823413761	0.0513959734891444	15.3869217708425	2.00338817775817e-53	2.33009455751565e-52	0.787450052369909	FALSE	up_in_cellobiose
YBR297W	3130.96424867327	0.864322841526261	0.0563682106283154	15.3335156800611	4.56590671297573e-53	5.30030783110887e-52	0.860257974159425	FALSE	up_in_cellobiose
YKR034W	1314.81872017772	1.21668884226675	0.0793633350553193	15.3306163534921	4.7743474738627e-53	5.53165776282023e-52	1.20938549018836	FALSE	up_in_cellobiose
YGL089C	464.832410406462	-1.82512840307327	0.119089012297261	-15.3257497720908	5.14573391862084e-53	5.95055425235542e-52	-1.81175131464245	FALSE	down_in_cellobiose
YER042W	1901.99072482034	-1.09269619119411	0.0714702723683787	-15.2888208619387	9.07788931008959e-53	1.04776859823324e-51	-1.08633822968941	FALSE	down_in_cellobiose
YCR005C	112519.325249458	-0.817562711535735	0.0535569006711074	-15.2653103762741	1.30206813873163e-52	1.49998249581883e-51	-0.813448858632776	FALSE	down_in_cellobiose
YIR037W	6915.05118080823	0.849270389712888	0.0557044301879021	15.2460116160982	1.75001366719475e-52	2.01218301505586e-51	0.845329030559952	FALSE	up_in_cellobiose
YLR040C	2801.46272329764	-0.817073425822716	0.053638147416368	-15.2330657410696	2.1334813684021e-52	2.44844313398405e-51	-0.813311132281316	FALSE	down_in_cellobiose
YNL055C	41861.8631196475	0.946190081493667	0.0622306956411119	15.2045557541314	3.29860841644811e-52	3.77840600429511e-51	0.9418878437758	FALSE	up_in_cellobiose
YPL187W	30868.3316561516	-0.584926992709355	0.0385552934766966	-15.171120226666	5.49312243460622e-52	6.28022769083146e-51	-0.582886500905434	FALSE	down_in_cellobiose
YMR295C	10978.9326870337	0.643887261556088	0.0424505530075838	15.1679357732055	5.76619050195265e-52	6.57998493505842e-51	0.641615684073985	FALSE	up_in_cellobiose
YDL227C	1873.60766619429	-0.892098288701919	0.0588647436666656	-15.1550526364919	7.01591914278982e-52	7.99101298975383e-51	-0.887841012986469	FALSE	down_in_cellobiose
YNR002C	1284.92684873449	1.0998135488325	0.0727989564960424	15.1075455167038	1.44419762580123e-51	1.64182466933193e-50	1.09335814929654	FALSE	up_in_cellobiose
YLR110C	165667.7643625	0.791942070634188	0.0528050266313243	14.9974750730341	7.62658120865161e-51	8.65395181049249e-50	0.788674265876284	FALSE	up_in_cellobiose
YOR323C	7312.56804758457	-0.734652419444878	0.0490275514963015	-14.9844811136509	9.27470749064225e-51	1.05043878096263e-49	-0.731956206180627	FALSE	down_in_cellobiose
YNL254C	9753.99051863801	-1.077628121055	0.0721607295035931	-14.9337198843221	1.98856241673584e-50	2.24800476568568e-49	-1.07114440831371	FALSE	down_in_cellobiose
YCR028C-A	3716.43759092648	0.810300334095341	0.0542680850390039	14.9314340742438	2.05792201106439e-50	2.32207319457415e-49	0.806688239107493	FALSE	up_in_cellobiose
YIR016W	4683.90963234157	1.14831800991072	0.0770038282533623	14.9124794955968	2.73408063384045e-50	3.07927740660466e-49	1.14111520807946	FALSE	up_in_cellobiose
YDR231C	3508.14105139269	0.845658199749365	0.056755482857893	14.9000265202001	3.29448710277568e-50	3.7035423787337e-49	0.841510740494765	FALSE	up_in_cellobiose
YPL130W	523.501292655542	1.72952914408221	0.116261908913081	14.876146110548	4.70852141808078e-50	5.28332792885947e-49	1.7165624036494	FALSE	up_in_cellobiose
YDR342C	25039.3084980625	4.36972683640991	0.294031582236127	14.8614199984161	5.86683286655818e-50	6.57085281054516e-49	4.34263602913243	FALSE	up_in_cellobiose
YOR226C	4063.10240945916	-0.939599554812485	0.0632854025247134	-14.8470187014385	7.27319651448741e-50	8.13092283172271e-49	-0.930209766862628	FALSE	down_in_cellobiose
YIL119C	3282.1449549356	-1.02410316444417	0.0689826394322297	-14.8458100889322	7.40547897219751e-50	8.26353077930822e-49	-1.01806668224014	FALSE	down_in_cellobiose
YKL221W	467.217073643876	1.39584450260506	0.0940797199874497	14.8368267124016	8.46673705612528e-50	9.43035464372849e-49	1.38619235152933	FALSE	up_in_cellobiose
NR_132171.1	529.010424400033	1.32620161557555	0.0897113536679805	14.7829852226263	1.88617429763148e-49	2.09698201324911e-48	1.31718926619393	FALSE	up_in_cellobiose
YFL016C	6309.16171142067	0.816050422027082	0.055349923926206	14.7434786561778	3.38870282766931e-49	3.76052746820991e-48	0.8121328520509	FALSE	up_in_cellobiose
YFR011C	1806.8667916936	0.90671722202256	0.0615227159464368	14.7379257900768	3.67912024584233e-49	4.07533319539459e-48	0.901964536086087	FALSE	up_in_cellobiose
YMR020W	4011.7738112989	-0.923433179756039	0.0627173639023916	-14.7237243770832	4.5395485296631e-49	5.01923025729478e-48	-0.91557084083666	FALSE	down_in_cellobiose
YNR050C	5719.40069812124	-0.734034716897193	0.0498652154228745	-14.7203759308432	4.77001261772613e-49	5.26442268467293e-48	-0.730777078791864	FALSE	down_in_cellobiose
YNR001C	19596.7033174052	0.960335163385982	0.0653418824925899	14.6970844235302	6.72953906231345e-49	7.41352499979448e-48	0.955355872101644	FALSE	up_in_cellobiose
YGR260W	68766.282143857	-0.777962469499941	0.0530702249456632	-14.6591138495545	1.17800322144371e-48	1.29537517878028e-47	-0.777971163966615	FALSE	down_in_cellobiose
YMR236W	2914.65012427614	-0.878053021352739	0.0599270490000956	-14.652031695259	1.30746832207678e-48	1.43513038328863e-47	-0.873314584518423	FALSE	down_in_cellobiose
YNL066W	7511.62771397262	-1.0107638242738	0.0690214926009924	-14.6441896021714	1.46740425038784e-48	1.60776465694668e-47	-1.0047258393955	FALSE	down_in_cellobiose
YGR027C	29927.3104960105	0.811962657588092	0.0554622639610851	14.6399118896012	1.56270609846932e-48	1.70908616338923e-47	0.808097553832303	FALSE	up_in_cellobiose
YOR230W	38514.3863485029	0.754810491924753	0.0515650690013321	14.6380196234248	1.60680526442739e-48	1.75414408650846e-47	0.749267465501037	FALSE	up_in_cellobiose
YEL040W	4090.06058581006	-1.08652834107435	0.074231944563603	-14.6369376076818	1.63257598881168e-48	1.779066591051e-47	-1.07958544709158	FALSE	down_in_cellobiose
YEL049W	2647.72166266055	1.79105014626059	0.122575164083448	14.6118519167656	2.36014210133338e-48	2.56729126418422e-47	1.77690308029327	FALSE	up_in_cellobiose
YER001W	2830.77674860765	0.838683532739597	0.0574669919171824	14.5941784102473	3.05875351277651e-48	3.32124618407043e-47	0.834435663376818	FALSE	up_in_cellobiose
YNL024C	663.97685334873	-1.27695309056991	0.0876012770189493	-14.5768775755824	3.94135494562942e-48	4.27192019913383e-47	-1.26805433107747	FALSE	down_in_cellobiose
YHL044W	1360.97344851852	-1.02393853485961	0.0702991713130863	-14.5654424616099	4.65957847298842e-48	5.04134715646404e-47	-1.01762142097557	FALSE	down_in_cellobiose
YBR230W-A	1319.85380152911	1.2165407575675	0.0836677414719862	14.5401409929874	6.74535787639317e-48	7.28498650650462e-47	1.20829009994068	FALSE	up_in_cellobiose
YIL045W	4800.12579809693	0.989944320072484	0.0681116671904521	14.5341372617473	7.36354000513672e-48	7.93844740660728e-47	0.984160362284027	FALSE	up_in_cellobiose
YEL034W	6479.99900727214	1.49200469233746	0.102829584112271	14.5094887353474	1.05503992610219e-47	1.13538816246727e-46	1.47946349402409	FALSE	up_in_cellobiose
YGR117C	1874.07497829956	-0.916928510337319	0.0632783522752604	-14.49039801714	1.39333104283875e-47	1.49677906697846e-46	-0.911676319371466	FALSE	down_in_cellobiose
YBR133C	2324.55471090057	-0.754410994553611	0.0521823188391889	-14.4572148447157	2.25749407701741e-47	2.42080215918462e-46	-0.750918613501535	FALSE	down_in_cellobiose
YOR292C	1510.77869162538	-0.969874982939259	0.0670959629890272	-14.4550422966263	2.32986633201336e-47	2.4939878895605e-46	-0.964128927105727	FALSE	down_in_cellobiose
YLR259C	12950.2573719455	0.673002628147587	0.0466352473843803	14.4312009883966	3.2929672449177e-47	3.51870422213113e-46	0.670135026975836	FALSE	up_in_cellobiose
YPR169W	5093.27968362744	-0.93278328504035	0.0646597409455547	-14.4260287993696	3.54937553974393e-47	3.78600057572686e-46	-0.927393260991221	FALSE	down_in_cellobiose
YDR232W	7808.12982390205	0.967530056718636	0.0670875330679542	14.4219054192767	3.76794729209117e-47	4.01206782087454e-46	0.962625637127119	FALSE	up_in_cellobiose
YOR002W	3184.37399456047	-0.714529109127565	0.0495859524934133	-14.4099099280684	4.48294654544284e-47	4.76500188169391e-46	-0.711301291090544	FALSE	down_in_cellobiose
YDR032C	13742.7302264774	0.778080042781369	0.0540443806153193	14.3970572689072	5.39939837049937e-47	5.72904584996144e-46	0.774576242229903	FALSE	up_in_cellobiose
YLR023C	10678.5204415004	1.51379609282792	0.105174357345115	14.3932050648106	5.70878147965132e-47	6.04670935007552e-46	1.50062382383245	FALSE	up_in_cellobiose
YBR294W	4832.82572930808	-1.39425863562012	0.096871570116541	-14.392856789074	5.73760750570649e-47	6.06661716687287e-46	-1.38372945348841	FALSE	down_in_cellobiose
YOL157C	696.23379986675	1.20035747761241	0.0834945356723351	14.3764794659506	7.26997206624805e-47	7.67343648458433e-46	1.1921857150821	FALSE	up_in_cellobiose
YLR150W	27256.1091618994	0.764565800606563	0.0532104471683361	14.3687159438407	8.13250897633307e-47	8.56888750677045e-46	0.761021616546508	FALSE	up_in_cellobiose
YPR074C	24089.5089927693	-0.638364568270601	0.0444461574079556	-14.3626492254725	8.87679299844336e-47	9.33684244427573e-46	-0.635829500660776	FALSE	down_in_cellobiose
YOL128C	1576.93546108858	-0.998419313096717	0.0695309760295121	-14.3593455767533	9.31021233407178e-47	9.77572295077537e-46	-0.992263844905635	FALSE	down_in_cellobiose
YJR008W	3611.37694103408	0.873471986949146	0.0609261336750573	14.3365733924248	1.2928295467812e-46	1.35511838802993e-45	0.868889552626105	FALSE	up_in_cellobiose
YNR017W	4397.5519172977	0.687252651987646	0.047994215365864	14.3194892707103	1.65333772489966e-46	1.7299976747739e-45	0.684315402541093	FALSE	up_in_cellobiose
YHR049W	13032.7581723761	0.845920399238535	0.0590825438978647	14.3176028557753	1.69882582070646e-46	1.77452479510064e-45	0.841502084331207	FALSE	up_in_cellobiose
YOL164W	2926.17210291067	-0.74557622251068	0.0520936405793965	-14.3122310942031	1.83529516166469e-46	1.91376985133587e-45	-0.742029017059407	FALSE	down_in_cellobiose
YEL033W	802.174827031346	1.64522137513226	0.115051049126929	14.2999250125671	2.19045454240535e-46	2.28018400558822e-45	1.63208694575128	FALSE	up_in_cellobiose
YHR071W	12538.4103764387	-1.21820705452201	0.0855419642416328	-14.2410460798036	5.09584959703876e-46	5.29548081836605e-45	-1.2172787623372	FALSE	down_in_cellobiose
YOL039W	12685.0225984363	0.812371910354286	0.0571375764335835	14.2178223344594	7.10290258695632e-46	7.36849997356978e-45	0.808279032254458	FALSE	up_in_cellobiose
YKL068W	4383.44899626829	-0.694461081893757	0.0489530343603247	-14.1862724337391	1.11426122969522e-45	1.15394724609533e-44	-0.691349415467571	FALSE	down_in_cellobiose
YPL119C	1731.85223370433	0.855043543433034	0.0602917225674321	14.1817733350831	1.18805919429172e-45	1.22827042856006e-44	0.850401887054318	FALSE	up_in_cellobiose
YAL067C	1931.55458470711	-1.5671822728625	0.110705183959611	-14.1563585083266	1.70608564037648e-45	1.76082012849777e-44	-1.55455216380476	FALSE	down_in_cellobiose
YGR174W-A	151.098830875525	2.53336632331948	0.17929983976424	14.1292168841343	2.50919068300788e-45	2.58527857765446e-44	2.51027244875021	FALSE	up_in_cellobiose
YER015W	1910.78861193066	0.836673404111589	0.0592309107253855	14.1256211303367	2.64061281944647e-45	2.71605890000208e-44	0.83225197506342	FALSE	up_in_cellobiose
YIL055C	1492.39263836452	0.921453190508852	0.0653480473768336	14.1006996765372	3.76022961531983e-45	3.86109825355761e-44	0.916046755079651	FALSE	up_in_cellobiose
YOR289W	3733.22623890674	0.878516244975713	0.0623299328039218	14.094612419034	4.0989204673375e-45	4.20174084516224e-44	0.874081156759666	FALSE	up_in_cellobiose
YKL107W	536.316005808293	1.31800232861849	0.093602140027436	14.080899520376	4.97721963445197e-45	5.09343897617014e-44	1.30815363581852	FALSE	up_in_cellobiose
YJL045W	1177.29635125764	0.966576074973119	0.0686795666076677	14.0737066745731	5.51037798957804e-45	5.62952129746081e-44	0.96063951296446	FALSE	up_in_cellobiose
gene-Q0158	160.541048625833	2.39968164036853	0.170531154642677	14.0718078488163	5.66036589087705e-45	5.77300049039197e-44	2.37784830622701	FALSE	up_in_cellobiose
YOR381W	1367.10859210916	-0.902949256965097	0.0642038511983516	-14.0637865192155	6.34010634569653e-45	6.45538100652738e-44	-0.897623054935829	FALSE	down_in_cellobiose
YLR042C	810.343554104433	-1.08778425022552	0.0773676035564781	-14.0599449927571	6.69382234629595e-45	6.804073537882e-44	-1.08036722716872	FALSE	down_in_cellobiose
YBR269C	2358.26910756776	1.17280603485229	0.083475365306815	14.0497262939985	7.73323343874608e-45	7.84741540898259e-44	1.16454184623592	FALSE	up_in_cellobiose
YFR055W	1775.20153358356	-0.895473315165869	0.0638017922321163	-14.035237629502	9.48778751955295e-45	9.61174856252198e-44	-0.890223116101492	FALSE	down_in_cellobiose
YJR045C	19365.8538805064	0.540848669891708	0.0385730773876152	14.021403178616	1.15311948692219e-44	1.16623188242565e-43	0.538938098427443	FALSE	up_in_cellobiose
YIL070C	2550.22707834681	0.81478740158852	0.0581488013684536	14.0121100076631	1.31440935269078e-44	1.32713652171517e-43	0.810444897634348	FALSE	up_in_cellobiose
YHR097C	3724.49559991403	0.978752059606293	0.0699058250004379	14.0010086369793	1.53674126476743e-44	1.54903519488557e-43	0.972690804463982	FALSE	up_in_cellobiose
YJR148W	8848.11152983894	-0.748450039494176	0.0534650915299527	-13.9988545437142	1.58403217235965e-44	1.59404768359919e-43	-0.744716697736256	FALSE	down_in_cellobiose
YJR001W	3139.02862284653	-0.733288914945649	0.0525603177628536	-13.9513790280753	3.08580541857609e-44	3.10015800191831e-43	-0.729631483955284	FALSE	down_in_cellobiose
YDR218C	1145.06270044927	1.16080109875188	0.0832113370506692	13.9500354145859	3.14449216604653e-44	3.15387870982577e-43	1.15253232535664	FALSE	up_in_cellobiose
YGL227W	2771.25533520946	0.751188174545505	0.0538872243093208	13.9400049672919	3.61915026429767e-44	3.62394384080668e-43	0.747458905342638	FALSE	up_in_cellobiose
YOL161C	293.55978506994	2.05908672497023	0.147865382710785	13.9254143682681	4.43959227516798e-44	4.43812464135801e-43	2.04052794727285	FALSE	up_in_cellobiose
YNR074C	1133.87476927851	-0.918485252765352	0.0659691963753213	-13.9229413609918	4.59593838736286e-44	4.58683751926907e-43	-0.91297837873814	FALSE	down_in_cellobiose
YFL010C	5665.53884488324	-0.702131679177489	0.0504477767053513	-13.917990544527	4.92558326482562e-44	4.90773106847864e-43	-0.698863469561491	FALSE	down_in_cellobiose
YJL121C	3839.19528136839	0.777716738483051	0.0560333047955381	13.8795443410109	8.42780008242531e-44	8.38022941034546e-43	0.773702464905762	FALSE	up_in_cellobiose
YOR182C	11681.8325593202	0.732052115329964	0.0527435815500465	13.8794540267491	8.4384254479173e-44	8.38022941034546e-43	0.728644969154226	FALSE	up_in_cellobiose
YJL200C	4389.34105997899	-0.774809589957544	0.0559652032308179	-13.8444880966837	1.37355763983509e-43	1.36184862388896e-42	-0.77052669990382	FALSE	down_in_cellobiose
YAR028W	1518.91651094661	-0.811329921576929	0.0586566145580464	-13.8318572882183	1.63737599629565e-43	1.62076105165238e-42	-0.806831026436269	FALSE	down_in_cellobiose
YLR027C	12402.6081147124	-0.581009669005498	0.0420082213018589	-13.8308562228934	1.66032387498882e-43	1.64079065293013e-42	-0.579017898813377	FALSE	down_in_cellobiose
YDL014W	10856.179732371	0.964560804020592	0.0698892088804892	13.8012837671406	2.50354164234874e-43	2.47005217829122e-42	0.958579589314378	FALSE	up_in_cellobiose
YKL043W	5800.02851124816	0.897121281721235	0.0650703747914876	13.7869389041631	3.05448284237235e-43	3.00871534701433e-42	0.891740729062469	FALSE	up_in_cellobiose
YIL088C	4533.93105953541	-0.696611854771273	0.0505940954602257	-13.7686393725314	3.93555508802218e-43	3.87028246705011e-42	-0.693297511575664	FALSE	down_in_cellobiose
YLL058W	4052.19650977442	-0.681279974630695	0.0495388684779488	-13.7524331007672	4.92450882327061e-43	4.83497229921114e-42	-0.67809679159564	FALSE	down_in_cellobiose
YGR185C	6965.84342920131	-0.74156814233602	0.0539510574272745	-13.745201256447	5.44215116701893e-43	5.33454299159327e-42	-0.737811301819614	FALSE	down_in_cellobiose
YGL062W	42784.5961194754	0.933128984673623	0.0679232629032457	13.7379882059381	6.01233218036332e-43	5.88391343476333e-42	0.931512916044171	FALSE	up_in_cellobiose
YLR287C-A	20987.1943371394	0.64909069303499	0.0472609176470728	13.7341957234551	6.33557044094914e-43	6.19023102210992e-42	0.646298699838652	FALSE	up_in_cellobiose
YHR021W-A	597.998011402876	1.34405456007914	0.0979339483505641	13.7240924389974	7.28354427873765e-43	7.10497996738796e-42	1.33342015978689	FALSE	up_in_cellobiose
YLR289W	1381.28513999565	0.810748966560608	0.0591202585922395	13.7135558244502	8.4226764407879e-43	8.20295444668039e-42	0.806358469747219	FALSE	up_in_cellobiose
YMR056C	4159.04129455257	0.80859894602317	0.0589773170863024	13.710337905672	8.80468374457983e-43	8.56121017479402e-42	0.80413559793056	FALSE	up_in_cellobiose
YGR038C-B	9577.03964431176	-0.915551448673295	0.0667889540674921	-13.7081267622204	9.07711598290192e-43	8.81194180812052e-42	-0.909774185971654	FALSE	down_in_cellobiose
YKL084W	1091.52689972882	-0.906633892959302	0.0661952952636375	-13.6963494059273	1.06758401487165e-42	1.03473527595252e-41	-0.900938499678988	FALSE	down_in_cellobiose
YJR144W	3307.4726451639	0.759871579093036	0.055555080681976	13.6778053377855	1.37788956486944e-42	1.33335617413286e-41	0.756100125918999	FALSE	up_in_cellobiose
YJL063C	2396.69058838957	0.892091267189721	0.0654869214210892	13.622434034629	2.94583409464938e-42	2.84607102307339e-41	0.886766332996992	FALSE	up_in_cellobiose
YPL147W	938.847262084443	1.09090421275489	0.0800955830224108	13.6200296144876	3.04444260452542e-42	2.93664894292978e-41	1.08310458348234	FALSE	up_in_cellobiose
YMR040W	760.438830626898	1.08183784378981	0.0794433550964567	13.6177260197066	3.1419938362535e-42	3.02592017860847e-41	1.07413469225259	FALSE	up_in_cellobiose
YNL194C	675.5920520992	1.16339302830112	0.0854821222892242	13.6097817548895	3.50288269737908e-42	3.36811360154987e-41	1.1547388929697	FALSE	up_in_cellobiose
YDR540C	717.37589244304	-1.07416060367546	0.0789494615788456	-13.6056735814811	3.70538766509273e-42	3.55717215848902e-41	-1.06642444177799	FALSE	down_in_cellobiose
YER165W	19387.25495526	0.949114474352919	0.0701116265218857	13.5371909259108	9.43275628130069e-42	9.04109508546856e-41	0.94305109484931	FALSE	up_in_cellobiose
YOL105C	1527.07377083446	-0.818211080507974	0.0604487620072665	-13.5356135235593	9.63744456692379e-42	9.22266847163847e-41	-0.813446831585112	FALSE	down_in_cellobiose
YDR429C	5579.04637345779	0.685578425123151	0.0506508538166189	13.5353774608674	9.66845445118509e-42	9.23772709648775e-41	0.682304372175881	FALSE	up_in_cellobiose
YBR033W	2032.9512001253	0.768320503757633	0.0568406552589613	13.5170944152074	1.23976450879727e-41	1.1826649446697e-40	0.764806725043309	FALSE	up_in_cellobiose
YCR099C	373.247714140699	-1.3891174682555	0.102771380844772	-13.5165788066393	1.24848221452988e-41	1.18910558007507e-40	-1.37736627631868	FALSE	down_in_cellobiose
YGL059W	3579.70803220973	-0.755781733488129	0.0559714572525353	-13.5029847459241	1.50166858721908e-41	1.42800182633663e-40	-0.751683760104505	FALSE	down_in_cellobiose
YNL318C	590.444993259673	1.43356485939147	0.106198528619223	13.4989145144519	1.58697093692444e-41	1.50675042802496e-40	1.42144445027316	FALSE	up_in_cellobiose
YNL242W	1713.21941899615	0.918279872203777	0.0680688608272486	13.490454534479	1.77999774534526e-41	1.68737090342448e-40	0.912403516257666	FALSE	up_in_cellobiose
YBL036C	4059.58944028943	-0.87530267686029	0.0649130794303514	-13.4842266695951	1.93685639965385e-41	1.83319366277097e-40	-0.86971137882156	FALSE	down_in_cellobiose
YOL118C	433.159220296646	-1.2793133412965	0.0948764185541931	-13.4839969804062	1.94289718342136e-41	1.83603783833318e-40	-1.26887542521871	FALSE	down_in_cellobiose
YMR135C	5587.55015028556	-0.611622502567366	0.0453611705271065	-13.4833932956355	1.95886347619068e-41	1.84823811294871e-40	-0.609033776534201	FALSE	down_in_cellobiose
YKL220C	499.937184157774	-1.29612383472701	0.0962223389896475	-13.470092790682	2.34571034782111e-41	2.20979068280718e-40	-1.28528641181599	FALSE	down_in_cellobiose
YKL146W	4559.8128694402	0.691371280239106	0.0513997049253641	13.4508803356561	3.04228614478517e-41	2.86154690570151e-40	0.688232253936669	FALSE	up_in_cellobiose
YPR043W	17664.6336972876	0.825315993108986	0.0614036295280301	13.440834026468	3.48486607490466e-41	3.27274379208438e-40	0.820524525606677	FALSE	up_in_cellobiose
YPL183W-A	1403.08019475723	0.873270225091035	0.0651855082545752	13.3966927385236	6.32180692369802e-41	5.9277966317094e-40	0.867970680195278	FALSE	up_in_cellobiose
YER121W	320.258869567925	1.53803441006108	0.114969535399891	13.3777561569805	8.15729406629986e-41	7.63704559024483e-40	1.52436491198209	FALSE	up_in_cellobiose
YPL048W	16871.0213639439	0.680925813424723	0.0509567185943941	13.3628269678188	9.97043839002303e-41	9.32012540693343e-40	0.677628515958701	FALSE	up_in_cellobiose
YMR300C	8223.8231643904	-0.856231539531147	0.0640801404779037	-13.3618861186235	1.00972807940126e-40	9.4241287410784e-40	-0.850864961550646	FALSE	down_in_cellobiose
YAR010C	5032.65854841187	15.766026719716	1.18023974191267	13.358325567114	1.0592001117638e-40	9.87063524799303e-40	17.4042703417078	FALSE	up_in_cellobiose
YHR005C	3526.82634854497	-0.754919324101424	0.0567213736939765	-13.3092567217143	2.04506077842099e-40	1.90285039813695e-39	-0.750730499084182	FALSE	down_in_cellobiose
YER138C	24196.2530291471	-3.1391121877558	0.23590954940297	-13.3064227187926	2.12410934732676e-40	1.97336610332292e-39	-3.11196364888206	FALSE	down_in_cellobiose
YLR204W	2131.84573153792	0.764694856065931	0.0575024712565382	13.2984694284593	2.3625513304862e-40	2.19152000717493e-39	0.760974659694549	FALSE	up_in_cellobiose
YGR021W	2201.19344627815	0.828038120504696	0.0622786173886535	13.2957049341233	2.45151804768851e-40	2.27056372931395e-39	0.82308326631204	FALSE	up_in_cellobiose
YDR144C	1211.15054020039	-0.900066673081741	0.0677197890129386	-13.2910436698167	2.60913346410894e-40	2.41285002919432e-39	-0.894134440940242	FALSE	down_in_cellobiose
YNR061C	1582.60761877395	-0.770210502797674	0.0579760232060734	-13.2849833466499	2.82921380384033e-40	2.6123794023857e-39	-0.76582520740437	FALSE	down_in_cellobiose
YER060W	1062.28427369274	-0.976691760126343	0.0735409550892125	-13.2809229760685	2.98689650309962e-40	2.7537728735894e-39	-0.969787964919252	FALSE	down_in_cellobiose
YDL080C	3077.92591811364	-0.810850793014745	0.0610921150684121	-13.2725932324775	3.33825210640921e-40	3.07302111713286e-39	-0.805988870699474	FALSE	down_in_cellobiose
YDR254W	1119.83859734381	-0.966556824728118	0.0728261829264745	-13.2721060734977	3.36002828575167e-40	3.08836642435047e-39	-0.959730228409458	FALSE	down_in_cellobiose
YPR027C	943.837051490353	0.968498401856577	0.0729805926205807	13.2706294520203	3.42690051838139e-40	3.14505225116398e-39	0.961806330579817	FALSE	up_in_cellobiose
YEL009C	34927.4464284633	0.64451491846996	0.0486265191016609	13.2543914385997	4.25554930187018e-40	3.89963063298649e-39	0.64184283833957	FALSE	up_in_cellobiose
YPR185W	2384.51611137723	-0.77233022916174	0.0583260757617758	-13.2415942453631	5.04660752044553e-40	4.61753135910054e-39	-0.767835304231667	FALSE	down_in_cellobiose
YLR037C	579.639810703736	1.28012431907776	0.0968400751300355	13.2189521472265	6.82075214776523e-40	6.23140619179518e-39	1.26947982782507	FALSE	up_in_cellobiose
YMR241W	6004.93459816222	-0.758680728877171	0.0574442522006099	-13.2072522456671	7.96803058515369e-40	7.26857450663794e-39	-0.753015843397824	FALSE	down_in_cellobiose
YBL038W	2699.46570176687	0.747349008434187	0.0567462707923399	13.1700109628185	1.3057870943341e-39	1.18936752206817e-38	0.743162265449489	FALSE	up_in_cellobiose
YDR037W	27452.0078632796	-0.71435364223751	0.0542895071462929	-13.1582266958614	1.5262604945893e-39	1.38809375507911e-38	-0.713453379751696	FALSE	down_in_cellobiose
NR_132166.1	149.428903885277	2.49111816117764	0.189330715721982	13.1574961393779	1.54108710890185e-39	1.39947369889465e-38	2.46508893039939	FALSE	up_in_cellobiose
YDR341C	9248.55978580799	-0.76481738891907	0.058237063488183	-13.1328288740771	2.13528196318319e-39	1.93615971714122e-38	-0.758061053650101	FALSE	down_in_cellobiose
YGL033W	148.344081460822	2.20811703495119	0.168159887472856	13.1310568063244	2.18584573835396e-39	1.97904117149173e-38	2.1853643891505	FALSE	up_in_cellobiose
YDR156W	1163.06078446758	0.901363269898413	0.0686764808897925	13.1247736957411	2.37491149097894e-39	2.14700518646347e-38	0.895357573000344	FALSE	up_in_cellobiose
YDR090C	2668.91244210348	-0.716871666550587	0.0546408881222925	-13.1196928012251	2.53962308478443e-39	2.29248364429496e-38	-0.712986674593807	FALSE	down_in_cellobiose
YNL180C	7973.73747896405	0.714818146285894	0.0544900495529509	13.1183243940945	2.58589312706276e-39	2.33077222540619e-38	0.711104316058279	FALSE	up_in_cellobiose
YGR029W	2506.99695604416	-0.733731676121751	0.0559638166804468	-13.1108226644254	2.85484766937125e-39	2.56936290243413e-38	-0.729612852695269	FALSE	down_in_cellobiose
YBR071W	3999.60846901481	0.627908439627785	0.0480764752071905	13.0606172129248	5.52777879942005e-39	4.96760864470913e-38	0.62509991615978	FALSE	up_in_cellobiose
YPR021C	2232.11968716928	0.773834193266557	0.0593282239520869	13.0432725222232	6.94124915952529e-39	6.22858678290934e-38	0.769266193065907	FALSE	up_in_cellobiose
YCR106W	1251.37606978493	-0.830158190155958	0.0636859499303774	-13.0351857994346	7.71787817574107e-39	6.915218845464e-38	-0.824825787467301	FALSE	down_in_cellobiose
YPL273W	6303.65818633239	-0.912690715486427	0.070063667848475	-13.0265905784476	8.63820577360916e-39	7.7283829169805e-38	-0.905364245298536	FALSE	down_in_cellobiose
YNL079C	13093.9400680733	-0.560957646109233	0.0430738376801887	-13.0231638581681	9.03483429465038e-39	8.07129657519136e-38	-0.558574459166437	FALSE	down_in_cellobiose
YPL049C	4749.49711953081	-0.639258941929131	0.0491088019402446	-13.017196850108	9.76917616870805e-39	8.71445095403337e-38	-0.636184045827077	FALSE	down_in_cellobiose
YNL130C	2000.82113553173	-0.841205238953388	0.064643009035838	-13.0130891414263	1.03088891249039e-38	9.18235072568761e-38	-0.835747770052298	FALSE	down_in_cellobiose
YER085C	383.307088349541	1.61551050407183	0.124146763244715	13.0129087690137	1.03332560087604e-38	9.19051946190921e-38	1.59996131358109	FALSE	up_in_cellobiose
YER064C	3843.28327890699	0.874447286714398	0.0672244575459391	13.0078741969294	1.10369828320121e-38	9.80200766050058e-38	0.868683842318436	FALSE	up_in_cellobiose
YOR374W	10604.3758580715	1.08890511151958	0.0839197438810085	12.9755533222737	1.68375990982876e-38	1.49316421329096e-37	1.07963673429844	FALSE	up_in_cellobiose
YIL162W	11692.5666982222	3.09145586616306	0.238280153503559	12.9740384195148	1.71738072884435e-38	1.52074943602498e-37	3.05770008739116	FALSE	up_in_cellobiose
YHL035C	3496.03480010593	-0.819623591429783	0.0631845585606499	-12.9718970916452	1.76604543688561e-38	1.56155596524623e-37	-0.81425894613272	FALSE	down_in_cellobiose
YJL091C	1339.55804091658	-0.862233773301012	0.0664842683517853	-12.9689894267725	1.83432784948709e-38	1.61956420929897e-37	-0.8564266260965	FALSE	down_in_cellobiose
YMR266W	2402.47767559322	-0.839731599066895	0.06476501670356	-12.9658207749792	1.91173048101001e-38	1.68544401591086e-37	-0.834274881263326	FALSE	down_in_cellobiose
YMR072W	5796.67089272867	0.654830063798334	0.0505264341766651	12.9601479793474	2.05850040505199e-38	1.81219948322481e-37	0.651585366413333	FALSE	up_in_cellobiose
YDR438W	1108.68784820177	-0.879468137792218	0.0678943405800774	-12.9534822825908	2.24532990303931e-38	1.97380163569502e-37	-0.873373392428196	FALSE	down_in_cellobiose
YOR264W	3766.15587327082	-0.679010455767478	0.052437385064472	-12.9489762872926	2.38108086393535e-38	2.09009826779114e-37	-0.675455769316108	FALSE	down_in_cellobiose
YNL095C	2429.47573229156	-0.800244206971269	0.0618088268995036	-12.9470861544162	2.44042527051442e-38	2.13908580232916e-37	-0.795228165107691	FALSE	down_in_cellobiose
YGL148W	11539.224645144	-0.641912240503626	0.0496856124143806	-12.9194792880894	3.49498642583639e-38	3.05899824941512e-37	-0.638731285289372	FALSE	down_in_cellobiose
YLR297W	1932.69534271577	0.78212932736982	0.0605643488984542	12.9140218890355	3.75181206460296e-38	3.2790403709131e-37	0.77741709195645	FALSE	up_in_cellobiose
YAL021C	4334.64673380471	0.612045288674513	0.0474160303411566	12.9079824749324	4.05794282059932e-38	3.54147737070486e-37	0.609271016758313	FALSE	up_in_cellobiose
YNL031C	36926.0688626528	-0.612707998848036	0.0475036245911862	-12.8981315451393	4.61142910082829e-38	4.01872092245093e-37	-0.609742685619224	FALSE	down_in_cellobiose
YBL041W	7862.32179953486	0.671383702686674	0.0521341905524391	12.8779922651981	5.98728739436566e-38	5.21023225339907e-37	0.667928217114198	FALSE	up_in_cellobiose
YOR285W	9983.00399943685	0.857685108767155	0.0666259157955647	12.8731455099076	6.37519835922656e-38	5.5398275397417e-37	0.85194668147857	FALSE	up_in_cellobiose
YHR174W	176455.87923022	-0.728896498874686	0.0566740401883714	-12.8612058793057	7.44067491729281e-38	6.45641347199238e-37	-0.726306149264188	FALSE	down_in_cellobiose
YGR027W-A	3256.08392254848	15.1373932773777	1.17939325376642	12.8348989864374	1.04539233708889e-37	9.0580699924264e-37	16.7238019858623	FALSE	up_in_cellobiose
YPL258C	2953.45987924029	-1.33818223677623	0.104308567193337	-12.8290731316048	1.12704391584998e-37	9.75159027619554e-37	-1.32576142683729	FALSE	down_in_cellobiose
YOR202W	320071.740931735	-1.3181786027514	0.102793535850851	-12.8235554097878	1.21021175140142e-37	1.04562295321083e-36	-1.3118726526097	FALSE	down_in_cellobiose
YER176W	5943.37582387559	-0.567832079678593	0.0442859169003999	-12.8219560397871	1.23543969162864e-37	1.06589718330528e-36	-0.565376180096858	FALSE	down_in_cellobiose
YJL191W	2831.63073664551	0.661046620583907	0.05171641574284	12.7821429828193	2.06305669634129e-37	1.77740269223249e-36	0.657651853219895	FALSE	up_in_cellobiose
YJL066C	3026.10399037424	0.841538859372182	0.0658523253884542	12.7791821231529	2.14311285695498e-37	1.84374773241305e-36	0.835958067220493	FALSE	up_in_cellobiose
YDR408C	4086.37611492445	-0.75777917761681	0.0593306057466345	-12.7721463160655	2.34595051369994e-37	2.01538475949677e-36	-0.753084303265407	FALSE	down_in_cellobiose
YFR029W	1509.9960575383	-0.782864454301115	0.0612961835717034	-12.771830294872	2.35549600688806e-37	2.02071487229206e-36	-0.777883616789892	FALSE	down_in_cellobiose
YOL154W	305601.709689439	-1.10034518908057	0.0861841622330596	-12.7673711801596	2.49437320903858e-37	2.1368228283662e-36	-1.08623067153083	FALSE	down_in_cellobiose
YBR082C	11062.7855465765	-0.544051498882551	0.0426198339890714	-12.7652186308857	2.56429647224295e-37	2.19361599209694e-36	-0.54178989817073	FALSE	down_in_cellobiose
YJL133W	4059.46075227054	-0.772665183456028	0.0605346344560143	-12.764018324377	2.6041296954334e-37	2.2245446889804e-36	-0.765167538335979	FALSE	down_in_cellobiose
YDR135C	4628.32900158176	-0.562246840497915	0.0441028884705687	-12.748526457017	3.17693524491961e-37	2.71002882387501e-36	-0.559824561969454	FALSE	down_in_cellobiose
YGL006W	4949.6887901374	0.63627138606196	0.0499265157624704	12.7441576153456	3.36000472565095e-37	2.86215613813197e-36	0.633308398095512	FALSE	up_in_cellobiose
YDR334W	2964.59203387934	0.700647741456436	0.0550689313005904	12.7231040245178	4.40026438418312e-37	3.743009704014e-36	0.696794613385515	FALSE	up_in_cellobiose
YLR174W	808.11893249581	0.96639743409509	0.0759732535005349	12.720232312919	4.56500959194488e-37	3.87769354102284e-36	0.959128704208295	FALSE	up_in_cellobiose
YOR177C	760.485629251885	-1.16017274428349	0.0912659963458378	-12.7119934119516	5.07246830086199e-37	4.30270522911828e-36	-1.15010397068829	FALSE	down_in_cellobiose
YDR316W-A	3493.98689793669	15.2394575076718	1.19987263883177	12.7008959238452	5.8456631154762e-37	4.95162052134455e-36	16.828145205836	FALSE	up_in_cellobiose
YCL048W-A	1419.83003090707	1.40205147482928	0.110533137306073	12.6844447647127	7.21231282865704e-37	6.10070880947102e-36	1.3887304891445	FALSE	up_in_cellobiose
YKR076W	2734.02685850162	0.768060803586011	0.0605861589763798	12.6771661475594	7.91417510696917e-37	6.68504623560747e-36	0.763343217009931	FALSE	up_in_cellobiose
YLR382C	2184.36079620348	0.749478538793308	0.0591412487032549	12.6726870877189	8.37940018517632e-37	7.0681467670776e-36	0.745587719633461	FALSE	up_in_cellobiose
YFL030W	1865.83547507986	0.788446964800538	0.0622789080597482	12.6599355923859	9.85801957928645e-37	8.30380256483627e-36	0.783549769379885	FALSE	up_in_cellobiose
YLR438C-A	2217.96901108519	0.833978688627887	0.065928300190916	12.649782964415	1.12184295750602e-36	9.43658721418138e-36	0.828405568203165	FALSE	up_in_cellobiose
YCL009C	14434.4374229946	-0.710907259568911	0.056217884376697	-12.6455711994668	1.1836120729245e-36	9.94234141256581e-36	-0.707082742479704	FALSE	down_in_cellobiose
YGL068W	2789.26076575433	0.643541806332613	0.0509474744892794	12.6314760993311	1.41596857344087e-36	1.18776392956594e-35	0.640262160542502	FALSE	up_in_cellobiose
YDL040C	4929.5262721331	-0.566965238437943	0.044947985793136	-12.6138074584095	1.77219951854133e-36	1.48452391802465e-35	-0.564411760248571	FALSE	down_in_cellobiose
YDR418W	22364.4271270439	0.653695893820058	0.0519553121018155	12.5818875371016	2.65606720487733e-36	2.22183879047e-35	0.650300382242393	FALSE	up_in_cellobiose
YHR142W	2647.44278937655	-0.674021054720539	0.0535804979001102	-12.579596702836	2.73422160039974e-36	2.28405693911846e-35	-0.670308218682492	FALSE	down_in_cellobiose
YFL007W	4786.22389231292	0.841334445331671	0.0669013739213154	12.5757424103306	2.87090550881059e-36	2.39492917479813e-35	0.83586169349277	FALSE	up_in_cellobiose
YOR045W	1659.53713528928	0.931939653218344	0.0741373560920623	12.570446295132	3.06986044345273e-36	2.55737134462839e-35	0.925041467448573	FALSE	up_in_cellobiose
YBR085W	2361.46459655506	-1.19232126903269	0.0948772194448103	-12.5669921189697	3.20694291942286e-36	2.66789419211409e-35	-1.18150097391717	FALSE	down_in_cellobiose
YLR070C	571.376267140714	1.08785908095672	0.0867044785036164	12.5467461396627	4.1418259691951e-36	3.44090157440823e-35	1.07867785909132	FALSE	up_in_cellobiose
YGR078C	1330.42378874338	-0.802889452392966	0.0640029941832786	-12.5445608074806	4.25768340355157e-36	3.53230030516871e-35	-0.797550412381149	FALSE	down_in_cellobiose
YBR012W-B	3628.27453891599	-1.35568866162289	0.108182479427502	-12.531499266768	5.02045267141353e-36	4.15941065160398e-35	-1.34241838018662	FALSE	down_in_cellobiose
YBR009C	26115.4412446401	-0.78869101279115	0.0629377729962501	-12.531282491329	5.0341952688981e-36	4.16509069579969e-35	-0.783516309061022	FALSE	down_in_cellobiose
YIL083C	4775.38783707337	-0.561194137325772	0.0448215906203078	-12.5206207445817	5.75830328649903e-36	4.75768009245165e-35	-0.558607181978973	FALSE	down_in_cellobiose
YCL033C	2151.75845020276	0.985010221523075	0.0787196645167377	12.5128864251402	6.347504244775e-36	5.23734047372431e-35	0.977309081583391	FALSE	up_in_cellobiose
YEL063C	4327.15736643898	-0.793174188092604	0.0634076642615351	-12.5091216863159	6.65560630345465e-36	5.48407451271032e-35	-0.787905984877172	FALSE	down_in_cellobiose
YGR046W	4000.40622583477	0.60920548704471	0.0487268422996737	12.5024618525052	7.23747208054578e-36	5.95540559770624e-35	0.606300455973707	FALSE	up_in_cellobiose
YBL091C	6593.46259405399	-0.522176052525663	0.0417809854219209	-12.4979352988572	7.66153557221517e-36	6.29578357890725e-35	-0.52029915635188	FALSE	down_in_cellobiose
YHR005C-A	3566.91565643348	0.763006349126475	0.0610800509231596	12.4919075474635	8.26479671657605e-36	6.78229179672347e-35	0.758648263974343	FALSE	up_in_cellobiose
YDL090C	1429.38489707174	-0.851473272994847	0.0681745071965154	-12.4896139042186	8.50654468000605e-36	6.97121710361472e-35	-0.845301895748137	FALSE	down_in_cellobiose
YHL027W	9573.94653700057	-0.600274818702959	0.0480830460898893	-12.4841262673078	9.11383188554042e-36	7.45878961349776e-35	-0.597337075951227	FALSE	down_in_cellobiose
YNL217W	3073.74701521537	-0.653269735426952	0.052344225831078	-12.4802635831341	9.56694213879976e-36	7.81903595344067e-35	-0.649730399873239	FALSE	down_in_cellobiose
YGR288W	1127.54261369319	-1.02567350976049	0.0822307092368282	-12.4731200701006	1.04646871197603e-35	8.54121831313228e-35	-1.01716193521511	FALSE	down_in_cellobiose
YLR154W-C	5839.17412213887	15.9802816393025	1.2827944827662	12.457398167821	1.27461538321706e-35	1.03893178405617e-34	17.5828387762575	FALSE	up_in_cellobiose
YPR122W	2111.21345399209	-0.682617825153757	0.0547993166319707	-12.4566849936867	1.28606227274821e-35	1.04685122820743e-34	-0.678723677357007	FALSE	down_in_cellobiose
YIL107C	4179.83149516677	0.796325959808663	0.0639394350849807	12.454379034633	1.32377806278602e-35	1.07610345749057e-34	0.791147877786605	FALSE	up_in_cellobiose
YBR195C	2674.9767219715	-0.78996006031587	0.0634496297552189	-12.4501918035368	1.39509494280482e-35	1.13255492806491e-34	-0.78464227909327	FALSE	down_in_cellobiose
YMR251W-A	13981.7449943174	0.699012693151578	0.056172833837461	12.4439634855206	1.50829662898535e-35	1.2228120659656e-34	0.694989308591081	FALSE	up_in_cellobiose
YGR157W	2566.67757362648	-1.07018632598918	0.086002396882024	-12.4436802320433	1.51365640983043e-35	1.22551458723621e-34	-1.06105486335516	FALSE	down_in_cellobiose
YJL122W	2573.46645003365	0.77681311538494	0.0624344368581275	12.4420616966583	1.54464770709502e-35	1.24893440274207e-34	0.771831007437739	FALSE	up_in_cellobiose
YDR098C-A	2386.80256608595	14.6898040930946	1.18129389505879	12.4353508932369	1.68001433622143e-35	1.3565723238274e-34	16.2365803114226	FALSE	up_in_cellobiose
YDR313C	1707.7159315794	0.910535916859882	0.0732907211328018	12.4236179257945	1.94559760687299e-35	1.56892991018238e-34	0.90371548110459	FALSE	up_in_cellobiose
YKL195W	5358.44377396352	0.678189652714051	0.054600184201397	12.4210140063355	2.00997619074524e-35	1.61868655148165e-34	0.674406970415317	FALSE	up_in_cellobiose
YLR387C	2709.71474185943	-0.726954840491527	0.0585559156214029	-12.414712207588	2.17467418023099e-35	1.74899327686663e-34	-0.722307866583103	FALSE	down_in_cellobiose
YAL044W-A	1984.16561542317	0.845643397893196	0.0681986354094044	12.3997114138237	2.62266425982221e-35	2.1064904971321e-34	0.83968786873794	FALSE	up_in_cellobiose
YHR038W	1101.9864217918	0.783185246253161	0.0631648740944484	12.3990628886886	2.64397549056134e-35	2.12079095051923e-34	0.778044031325565	FALSE	up_in_cellobiose
YPL234C	6382.41845675234	-0.541972098807526	0.0437582489020631	-12.3855984278652	3.12743289960231e-35	2.50526015586686e-34	-0.539612878683748	FALSE	down_in_cellobiose
YNCM0034C	2257.72805082655	0.887911466484984	0.0717351771583981	12.377629799734	3.45392904787293e-35	2.76314323829834e-34	0.881389778454673	FALSE	up_in_cellobiose
YDL021W	3746.40044966071	0.907281086103026	0.073392470299065	12.3620458938904	4.19346224253821e-35	3.35033812983766e-34	0.90074376721729	FALSE	up_in_cellobiose
YHR021C	14381.9903767261	0.688432794123686	0.0557276520361042	12.3535223353331	4.66244496626709e-35	3.72011440052551e-34	0.684622849077304	FALSE	up_in_cellobiose
YOR214C	543.513516155984	1.44494029957036	0.117083586312523	12.3411004486443	5.44071311508597e-35	4.33536665613175e-34	1.43022845483431	FALSE	up_in_cellobiose
YEL026W	4807.14076477917	1.02551809016522	0.0831521080510367	12.3330377810239	6.01360883914876e-35	4.7855666130489e-34	1.01697206325969	FALSE	up_in_cellobiose
YNL209W	51797.9124125799	0.687767791800932	0.0558317160839781	12.318585922855	7.19447566345067e-35	5.71776462714187e-34	0.683691588116837	FALSE	up_in_cellobiose
YPR036W	18820.4478883785	-0.501100148962664	0.0407034157361139	-12.3110097740045	7.90281917159382e-35	6.27247379918628e-34	-0.499740166466764	FALSE	down_in_cellobiose
YNL007C	9057.18217517554	0.895884199394213	0.07278087538631	12.3093353114949	8.068493286724e-35	6.3955763300271e-34	0.889160253740981	FALSE	up_in_cellobiose
YLR262C-A	4760.17018939745	0.775490218945172	0.0630441491489761	12.3007484344448	8.97387472698637e-35	7.10392596188659e-34	0.770453532310079	FALSE	up_in_cellobiose
YNL064C	9669.95720357052	0.557175970459646	0.0452981939983128	12.3001806756446	9.0371766803834e-35	7.14468556378547e-34	0.554686236257839	FALSE	up_in_cellobiose
YJL197W	2548.55877816668	0.642215222283273	0.0522180162321351	12.2987288415612	9.20107300533871e-35	7.26476364703506e-34	0.638866916840669	FALSE	up_in_cellobiose
YJL132W	2399.08874322665	-0.813462254568954	0.0661926066949066	-12.2893219528027	1.03369410786117e-34	8.15095432117907e-34	-0.807751379588019	FALSE	down_in_cellobiose
YMR311C	5332.26170726544	0.630978352028849	0.0513452504383261	12.2889331854902	1.03867694913882e-34	8.1795809744682e-34	0.627782373440592	FALSE	up_in_cellobiose
YGR295C	7225.0049119431	-1.10675292164709	0.0900700085175427	-12.2876964248486	1.0546877983681e-34	8.29486580563108e-34	-1.09673568459999	FALSE	down_in_cellobiose
YFR022W	1250.32973475593	-0.782402561265172	0.0636888653760521	-12.284762126715	1.09366235283658e-34	8.59022066228007e-34	-0.777049786692505	FALSE	down_in_cellobiose
YKL219W	1417.212404141	-0.805578000572759	0.0655995774362269	-12.280231551124	1.1566673893838e-34	9.07331306224805e-34	-0.799935051463179	FALSE	down_in_cellobiose
YLR325C	16372.3420597165	0.63573013704866	0.0517722724183558	12.2793554803142	1.1692602979945e-34	9.1602153915424e-34	0.632369723193762	FALSE	up_in_cellobiose
YMR291W	2987.67341042207	0.865876085912542	0.0705708692515326	12.2695964368292	1.31909159943012e-34	1.03206545838982e-33	0.859514589604563	FALSE	up_in_cellobiose
YGR059W	1411.54550857044	1.05209280938091	0.0857791878497688	12.2651290569866	1.39390027069711e-34	1.08918718826565e-33	1.04305231550533	FALSE	up_in_cellobiose
YKL033W-A	3027.69928159436	-0.706175343554752	0.0576993708739976	-12.2388742348141	1.92686658008113e-34	1.50370181630074e-33	-0.701750218831455	FALSE	down_in_cellobiose
YPL260W	3277.1848709483	0.599344461916413	0.0489862899440326	12.2349429320157	2.02246942939106e-34	1.57627514290685e-33	0.596372437542965	FALSE	up_in_cellobiose
YHR025W	4517.1119570208	-0.553279497457889	0.0452217898876539	-12.2347987293829	2.02606439354402e-34	1.57704471713697e-33	-0.550746129515603	FALSE	down_in_cellobiose
YCL012C	857.661126628021	1.06732114021877	0.0874778308610991	12.2010471648926	3.06852146767808e-34	2.38540075019499e-33	1.05843118718394	FALSE	up_in_cellobiose
YBL066C	1486.77224759178	0.904079077944387	0.0742085299445824	12.1829536121998	3.83150303806938e-34	2.97470223032652e-33	0.897085028429159	FALSE	up_in_cellobiose
YML045W-A	1791.89534760779	14.275921456128	1.17964802588773	12.1018482995255	1.03259716961315e-33	8.00659959207733e-33	15.7864913180248	FALSE	up_in_cellobiose
YBR156C	876.687735060426	-0.854978021757891	0.0707000479269784	-12.0930331283643	1.14962661782866e-33	8.90261432090622e-33	-0.848469032755757	FALSE	down_in_cellobiose
YAL022C	2186.28728554183	-0.698789356606155	0.0577923314273583	-12.0913854718682	1.17291895050837e-33	9.07137316198801e-33	-0.694443865457054	FALSE	down_in_cellobiose
YDR441C	2050.43488356503	0.74330442526393	0.0617386701976555	12.0395276231939	2.2021298866805e-33	1.70095549867735e-32	0.738409339659789	FALSE	up_in_cellobiose
YNL115C	5019.62560691039	0.7547274099242	0.0627198368443604	12.0333127108902	2.37438811027117e-33	1.83167082792348e-32	0.749704152422628	FALSE	up_in_cellobiose
YOR348C	585.079839763813	1.11522581405287	0.0927832393629474	12.0196904280347	2.8001856383796e-33	2.15739143196431e-32	1.10475821407591	FALSE	up_in_cellobiose
YBL055C	1222.37650063689	-0.799674980993925	0.0665782075944778	-12.0110620259512	3.10827436219472e-33	2.3917103489254e-32	-0.79380890927147	FALSE	down_in_cellobiose
YOR306C	5424.9394453017	-0.882769215705859	0.0735080599528429	-12.0091486059104	3.1810306953414e-33	2.44458369065118e-32	-0.875950617989315	FALSE	down_in_cellobiose
YHL048W	4291.30798803212	-0.688300749038977	0.0573238278217837	-12.0072363481877	3.25543247404275e-33	2.49858573642266e-32	-0.684022515482337	FALSE	down_in_cellobiose
YHR027C	9376.62589575527	0.493647837818163	0.0412610787670252	11.9640070635447	5.48497863397204e-33	4.20445510497629e-32	0.491668435135708	FALSE	up_in_cellobiose
YDR447C	14804.0873855078	0.594024102725139	0.049662239107534	11.9612831277884	5.66792620415636e-33	4.33919211173895e-32	0.591168076550472	FALSE	up_in_cellobiose
YER145C	32594.0506942306	-1.33523521930476	0.111638862338197	-11.9603083669898	5.73485583034961e-33	4.38488091807262e-32	-1.32081951234376	FALSE	down_in_cellobiose
YDR171W	8573.76919575561	1.04255714370959	0.0872077809332173	11.9548638040449	6.1233884264739e-33	4.67604207112552e-32	1.03225123680108	FALSE	up_in_cellobiose
YCR093W	4115.04142017601	0.803482347946774	0.0672774117675378	11.9428248922986	7.07778202093194e-33	5.39803602302603e-32	0.79764258319846	FALSE	up_in_cellobiose
YJL189W	15214.3242861407	0.568491330443123	0.0476351235558457	11.9342889869204	7.84261453594169e-33	5.97382024097926e-32	0.566062962479652	FALSE	up_in_cellobiose
YPL170W	3009.19960086963	0.757195482191179	0.0634698031679543	11.930011507795	8.25620802391748e-33	6.28094919857269e-32	0.752032679860505	FALSE	up_in_cellobiose
YOR054C	4147.20884031281	0.567935169029077	0.0476231908533773	11.9256009278681	8.70535798472956e-33	6.61432224769402e-32	0.565160738204718	FALSE	up_in_cellobiose
YGL253W	24013.8358745011	0.852082047578333	0.0714521969601267	11.9252043160245	8.74691667259151e-33	6.63755985393143e-32	0.845681183129301	FALSE	up_in_cellobiose
YJL115W	4300.26522632623	0.646624918889736	0.0542367735842951	11.9222600489822	9.06165230732263e-33	6.86777859081294e-32	0.642905456586015	FALSE	up_in_cellobiose
YCR023C	3186.33810679464	-0.594465312123984	0.0499823417927459	-11.893506602571	1.27920758401443e-32	9.68291297636956e-32	-0.591303265924853	FALSE	down_in_cellobiose
YOR116C	3489.47490832976	0.645786984980262	0.0543379551243877	11.8846390796628	1.4224818014735e-32	1.07539624191396e-31	0.642074660532195	FALSE	up_in_cellobiose
YOR084W	1541.22121651546	0.891642236210687	0.0750277857694521	11.8841603422838	1.43065492878964e-32	1.08022484510858e-31	0.88450776571304	FALSE	up_in_cellobiose
YEL001C	3336.04609585417	-0.602087977476818	0.0506704943761551	-11.8824176651442	1.460802160727e-32	1.10161240250335e-31	-0.598827710466235	FALSE	down_in_cellobiose
YBR011C	40494.5410440536	-0.558372467714481	0.047061686682188	-11.8646930673187	1.80563443996684e-32	1.35995978741213e-31	-0.555438986005093	FALSE	down_in_cellobiose
YNL200C	6036.79079851822	0.712225731132131	0.0600375440337221	11.8630057673926	1.84240201253646e-32	1.38592629002743e-31	0.707773727681543	FALSE	up_in_cellobiose
YNCD0032C	465.457017174419	1.04937306857299	0.0884895957687315	11.8587169424476	1.93923961978814e-32	1.45695915782344e-31	1.03974336909458	FALSE	up_in_cellobiose
YDR074W	9356.72711749518	0.758903802564155	0.0641918834356998	11.8224261689461	2.98924892700568e-32	2.24304931892436e-31	0.753703854091083	FALSE	up_in_cellobiose
YIL120W	915.881246964916	0.861153098813439	0.0728450642835168	11.8217082692354	3.01490736638502e-32	2.2594993496774e-31	0.854363256361476	FALSE	up_in_cellobiose
YDR115W	1583.37320867078	0.682022948635018	0.0577325033705607	11.8135003475841	3.32427637209309e-32	2.48827023495285e-31	0.677774198633396	FALSE	up_in_cellobiose
YLR345W	3553.06019589746	0.707176296477167	0.0598988498677833	11.806174877116	3.62689288928677e-32	2.71142746531599e-31	0.702596599417962	FALSE	up_in_cellobiose
YKL192C	4856.55519457337	0.569696206759312	0.0483318482254653	11.7871802481401	4.54504513777203e-32	3.39363370286978e-31	0.566936027990585	FALSE	up_in_cellobiose
YDR481C	4516.73459030221	-0.544636787649676	0.0462440275407818	-11.777451416172	5.1012216779125e-32	3.8042156236763e-31	-0.542008008974618	FALSE	down_in_cellobiose
YPL191C	1382.04536993441	-0.702798602971836	0.0596929629340133	-11.7735586981791	5.34223844170832e-32	3.9790465634793e-31	-0.698160164503608	FALSE	down_in_cellobiose
YNR059W	2172.35489135159	-0.702030855176547	0.0598351494615563	-11.7327500891027	8.65985720569244e-32	6.44216683641179e-31	-0.697355966515368	FALSE	down_in_cellobiose
YHR193C	19971.289956444	0.652954665781777	0.0556679484862845	11.7294544443766	9.00371049095723e-32	6.68973477264243e-31	0.649150307251233	FALSE	up_in_cellobiose
YBR169C	4088.89063843358	0.789408073118741	0.0673895981820744	11.7140937832261	1.07939197789603e-31	8.01001556112294e-31	0.784226004634215	FALSE	up_in_cellobiose
YBL029W	5797.51097775332	0.777865324753555	0.0665881164812355	11.6817439185678	1.58019840815651e-31	1.17120587898659e-30	0.772242297476745	FALSE	up_in_cellobiose
YIL172C	847.89805658758	0.918605022437742	0.0787187879274031	11.6694507959765	1.8259820362212e-31	1.35171840331283e-30	0.910739464745934	FALSE	up_in_cellobiose
YNL261W	1030.47876865471	-0.901893186972689	0.0773116629798192	-11.6656808586321	1.90870016311245e-31	1.41122476607629e-30	-0.8941243863054	FALSE	down_in_cellobiose
YCR101C	279.575662664749	-1.41523594179051	0.121329236906793	-11.664426298813	1.93704380294108e-31	1.43043234678726e-30	-1.39897987728047	FALSE	down_in_cellobiose
YIR007W	2560.16772932974	-0.747791864050062	0.0641176550951379	-11.6628074270727	1.97423646790272e-31	1.45611977535069e-30	-0.742377364342061	FALSE	down_in_cellobiose
YGL005C	2901.21004116674	0.641415822381097	0.055013364124116	11.6592728438493	2.05792346928264e-31	1.51599526701845e-30	0.637173270060577	FALSE	up_in_cellobiose
YCR082W	3063.0548023051	0.615024875147372	0.0527633897395946	11.656280579825	2.13151634517412e-31	1.56829815761716e-30	0.611569343456747	FALSE	up_in_cellobiose
YHR214C-B	30054.8539587167	-0.629531071664078	0.0540414895434736	-11.6490325670548	2.32078477355388e-31	1.70548071815965e-30	-0.62494437414223	FALSE	down_in_cellobiose
YIR035C	2488.01028001603	-0.783558305569076	0.0673112677497822	-11.6408193124785	2.55548851085974e-31	1.87567894583491e-30	-0.777604236721395	FALSE	down_in_cellobiose
YOR192C-B	4270.42960722396	-1.03641272400221	0.0890372430395019	-11.6402158088206	2.57363579388916e-31	1.88670900381111e-30	-1.02609670366781	FALSE	down_in_cellobiose
YGR130C	7852.10738300542	0.576214359890062	0.0495245390703377	11.6349262548751	2.73826692618258e-31	2.00496832561165e-30	0.573228414530625	FALSE	up_in_cellobiose
YNL129W	865.285593255488	-0.979286669414339	0.0842260589259659	-11.6268846233815	3.0087906049798e-31	2.2003827785874e-30	-0.970252659085195	FALSE	down_in_cellobiose
YBR214W	5980.94315247372	0.917489964965128	0.0789481944758287	11.6214179571394	3.20767741891917e-31	2.34299915816705e-30	0.909659305201452	FALSE	up_in_cellobiose
YOL139C	10869.012555459	0.564108390174221	0.0485837309650474	11.6110553670746	3.62118293173394e-31	2.64184733065463e-30	0.561146570131452	FALSE	up_in_cellobiose
YKR059W	18616.8709792939	0.593912227616578	0.0511881783154547	11.6025271295358	4.00086449147487e-31	2.91532872824579e-30	0.590985220079091	FALSE	up_in_cellobiose
YCL066W	1202.06023455602	-0.740176285351874	0.0638073266459652	-11.6001770370155	4.11226667075609e-31	2.99289877553945e-30	-0.735191142338693	FALSE	down_in_cellobiose
YPR158C-C	1186.62341278269	13.6807881432014	1.17994187005323	11.5944594309415	4.39632609405078e-31	3.1957908914446e-30	15.1358555845047	FALSE	up_in_cellobiose
YER020W	5506.94654929486	0.587026224267281	0.050657071116748	11.588238548462	4.72754769244327e-31	3.43243798846301e-30	0.584095218580693	FALSE	up_in_cellobiose
YDR261W-B	1837.69390296102	-1.03125223105693	0.0889959963280579	-11.5876249899548	4.76152821939132e-31	3.45296434902623e-30	-1.02123384381477	FALSE	down_in_cellobiose
YGL021W	5492.09454114986	-0.580092279135295	0.0501203009848367	-11.5739983147906	5.58193987080589e-31	4.04306255552503e-30	-0.57692819412221	FALSE	down_in_cellobiose
YOR011W	24149.9677947564	-0.987932830328333	0.0853733632188886	-11.5719094701163	5.71953987073685e-31	4.13777238495412e-30	-0.97788958173344	FALSE	down_in_cellobiose
YDR405W	3167.44755429161	0.77610992861142	0.0670736171074554	11.5710164753461	5.77938731488138e-31	4.17607341462397e-30	0.770344165813862	FALSE	up_in_cellobiose
YCR004C	4893.91603420799	0.799224621552978	0.0691015018481183	11.5659515376328	6.13078523035457e-31	4.42470036672845e-30	0.793113786275531	FALSE	up_in_cellobiose
YHR020W	9139.23358520553	-0.550456448409175	0.0476695211462888	-11.5473458757836	7.61354300817572e-31	5.4882846380747e-30	-0.546455351394323	FALSE	down_in_cellobiose
YCL026C-B	647.194873921181	-0.998389043640263	0.0864828134112963	-11.5443636054265	7.88227097432134e-31	5.67523510151136e-30	-0.988906987511666	FALSE	down_in_cellobiose
YJR016C	37984.3869262684	-0.507807246141485	0.0439982209644876	-11.5415404307222	8.14533089295451e-31	5.85766483241247e-30	-0.505526272575133	FALSE	down_in_cellobiose
YGR239C	2933.98826050746	-0.643820277321673	0.0558182960746729	-11.5342158861385	8.86916094929346e-31	6.37062772224784e-30	-0.639788893830052	FALSE	down_in_cellobiose
YBL043W	1784.34061069626	1.14422984520421	0.0992255675548519	11.5316029265509	9.14254235666122e-31	6.55920476549075e-30	1.13235497573442	FALSE	up_in_cellobiose
YMR262W	1257.02577391418	-0.875436605226413	0.0759305847795559	-11.5294332022861	9.37589460065408e-31	6.71865053847819e-30	-0.867986484330193	FALSE	down_in_cellobiose
YGL156W	7624.85856053717	0.592229929903797	0.0514086827059245	11.520037058556	1.04566017230971e-30	7.48420440488652e-30	0.588738471092791	FALSE	up_in_cellobiose
YLR106C	5572.46961558478	1.0296073496771	0.0894935501572091	11.5048218320587	1.24746695038769e-30	8.91806160277157e-30	1.01971229574782	FALSE	up_in_cellobiose
YIL113W	785.933839065404	-0.936599122861452	0.0815833463796986	-11.4802734188226	1.65755513928716e-30	1.18357656226786e-29	-0.928041735725253	FALSE	down_in_cellobiose
YFL051C	203.437709411991	1.58501075773988	0.138223770103599	11.4669912168646	1.93262558449352e-30	1.37836315271425e-29	1.56557253146603	FALSE	up_in_cellobiose
YGR202C	5410.31994379942	-0.647751394177736	0.0565068718107692	-11.4632322303548	2.01838914348842e-30	1.4378348103437e-29	-0.64363402271772	FALSE	down_in_cellobiose
YCL036W	883.118175053029	1.01346010427521	0.0884210918850531	11.4617460909972	2.05332893295585e-30	1.46100392782553e-29	1.00234405218994	FALSE	up_in_cellobiose
YNL117W	1278.58861463181	1.45125617519913	0.126706835518554	11.4536533823119	2.25439605363716e-30	1.60218417536987e-29	1.43405316654245	FALSE	up_in_cellobiose
YFL053W	593.848698904047	1.50969488836184	0.131906141669129	11.4452205883538	2.48471645031507e-30	1.76379871966028e-29	1.49160462631771	FALSE	up_in_cellobiose
YER143W	2457.57210009945	0.626854758611458	0.0548970023095927	11.4187429593386	3.37073986058381e-30	2.38994544862964e-29	0.623149601688025	FALSE	up_in_cellobiose
YOR059C	2776.21417556234	-0.666630640636423	0.058388608490703	-11.4171352575146	3.43366302367568e-30	2.43170889545556e-29	-0.662215808983732	FALSE	down_in_cellobiose
YMR103C	704.620159941872	0.883620909283627	0.0773970914191049	11.4167198415613	3.45011046739292e-30	2.44049919377689e-29	0.87598018596578	FALSE	up_in_cellobiose
YLR149C	2781.96382158604	0.641416140488187	0.05621715770955	11.4096152602042	3.74381560716948e-30	2.64516317665432e-29	0.637431183944468	FALSE	up_in_cellobiose
YPL202C	1988.99838476152	-0.681887540835899	0.0598004898734182	-11.402708276793	4.0531082488e-30	2.8603499053375e-29	-0.677242766407267	FALSE	down_in_cellobiose
YMR252C	2322.87854646811	1.00722857024119	0.088356669591686	11.399576001402	4.20160347787471e-30	2.96168972426413e-29	0.997519329715953	FALSE	up_in_cellobiose
YPR160W	13844.0626945753	0.702475396224159	0.0616434941830786	11.3957751022004	4.38906483153566e-30	3.09022864972383e-29	0.697643295934672	FALSE	up_in_cellobiose
YLR439W	1554.66878203877	0.742381765166068	0.0651945661499679	11.3871724133934	4.8445649989793e-30	3.40696850160777e-29	0.736923039450616	FALSE	up_in_cellobiose
YLR024C	1466.46525072511	0.736140735526123	0.064707929119275	11.3763606028746	5.48408770697327e-30	3.85223721855683e-29	0.73076371652983	FALSE	up_in_cellobiose
YDR173C	1260.11244951279	0.776253017873037	0.0682658526151055	11.3710294112883	5.82959686863092e-30	4.09018583079812e-29	0.770268392703851	FALSE	up_in_cellobiose
YJL059W	923.955088006888	-0.790275132243395	0.0695121092211524	-11.3688843727808	5.97463311275824e-30	4.18708934715664e-29	-0.7839413074028	FALSE	down_in_cellobiose
YBR285W	1146.48041810465	0.875752078616738	0.0770357895407844	11.3681197250934	6.02719572391567e-30	4.21903700674097e-29	0.868189876911608	FALSE	up_in_cellobiose
YDR425W	2421.45545777118	-0.82819139499393	0.0728687037443847	-11.3655294033929	6.20869088980199e-30	4.34105924873092e-29	-0.821193848739027	FALSE	down_in_cellobiose
YLR219W	3826.27954983434	0.54795104460551	0.0482280004774684	11.3616786758868	6.48856903382744e-30	4.53150872016032e-29	0.545161547332341	FALSE	up_in_cellobiose
YDR378C	2676.84021476788	0.589851920526402	0.051957884302213	11.3525007503294	7.20714283497457e-30	5.02754323713105e-29	0.586553541818452	FALSE	up_in_cellobiose
YHR201C	2546.33575117124	-0.609768105685599	0.0537281994535973	-11.3491260062089	7.4907696756473e-30	5.21937499980586e-29	-0.606024535260337	FALSE	down_in_cellobiose
YLR225C	5241.42705706236	-0.553064642061514	0.0487426607959459	-11.346623943589	7.70817793884041e-30	5.36467896134716e-29	-0.550121218512487	FALSE	down_in_cellobiose
YAL060W	6299.64829784195	0.739498221576625	0.0653078636178722	11.323264620989	1.00652448071796e-29	6.99708052802557e-29	0.734220783924504	FALSE	up_in_cellobiose
YLR146W-A	456.279004433203	1.16637121934115	0.103047505411898	11.3187720040283	1.05945556885815e-29	7.35658700396566e-29	1.1537324028004	FALSE	up_in_cellobiose
YCR077C	7042.05932934571	0.546444234804192	0.0482960531768558	11.3144697932803	1.11272960430574e-29	7.71764753078113e-29	0.54364560025594	FALSE	up_in_cellobiose
YOR383C	41864.9479366917	-2.38542140909883	0.210849474854695	-11.3133855834487	1.12656948253815e-29	7.8046875491303e-29	-2.35010064083531	FALSE	down_in_cellobiose
YOR377W	3134.49442797267	-0.819202592755178	0.0724359667664041	-11.309334703808	1.17980698299728e-29	8.16415633085531e-29	-0.812349346326644	FALSE	down_in_cellobiose
YGL203C	3075.81881084578	-0.568042674709092	0.0502815494340843	-11.2972388699707	1.35408712058101e-29	9.35945017745593e-29	-0.564880663016722	FALSE	down_in_cellobiose
YER141W	2636.41566033761	0.629540939960445	0.0557977206164876	11.2825565812526	1.60026603182869e-29	1.10484120553652e-28	0.625686037610672	FALSE	up_in_cellobiose
YLL025W	1245.15474109404	1.41710116552916	0.125701890704233	11.2735071651665	1.77361481768971e-29	1.22312684348773e-28	1.40010246312767	FALSE	up_in_cellobiose
YNL315C	2732.15164253573	0.588229367890301	0.0521918992509257	11.2705108710883	1.83502072644113e-29	1.26403250040045e-28	0.584901301991828	FALSE	up_in_cellobiose
YNL305C	4336.92682105013	0.676016585553502	0.0600925621874644	11.2495883175126	2.32675518641226e-29	1.60093462655533e-28	0.671470220657792	FALSE	up_in_cellobiose
YIL163C	133.712487257132	-1.95930193080766	0.174239605013832	-11.2448712831512	2.45454462402689e-29	1.68694157796757e-28	-1.93206513747304	FALSE	down_in_cellobiose
YGR034W	21065.655440202	0.65351734885876	0.0581240910824402	11.243485045329	2.49340629985155e-29	1.71170502854735e-28	0.64931100542977	FALSE	up_in_cellobiose
YNL234W	1126.24098787609	-1.25696284577782	0.11183235603539	-11.2397063813986	2.60246478829953e-29	1.78454728340539e-28	-1.24227349468006	FALSE	down_in_cellobiose
YJR094W-A	9744.64181747436	0.676121381795664	0.0601740246667706	11.2361003861693	2.71094912450301e-29	1.85683129161882e-28	0.671720252123803	FALSE	up_in_cellobiose
YNCM0031W	1382.43608083505	0.740047274985316	0.0659401613513654	11.2230128015905	3.14374336143754e-29	2.15083256221428e-28	0.734488794198484	FALSE	up_in_cellobiose
YPL074W	2917.53570794191	-0.585368658268032	0.0521585460120997	-11.2228714759848	3.14877261981065e-29	2.15183918696212e-28	-0.581945435188137	FALSE	down_in_cellobiose
YHR054C	1048.85781213685	13.5032864119951	1.20394511854232	11.2158654111611	3.4083601022534e-29	2.32660969508223e-28	14.9268524038058	FALSE	up_in_cellobiose
YER006W	3483.00407590628	0.683232837883259	0.060930560116681	11.213303087562	3.5085107004624e-29	2.39227426340435e-28	0.678965244880965	FALSE	up_in_cellobiose
YGL027C	3430.32843586099	-0.623902032951452	0.0556467529984861	-11.2118317661486	3.56733260788554e-29	2.42964274915448e-28	-0.620013782947195	FALSE	down_in_cellobiose
YHR184W	1268.1960534143	0.717125375090805	0.0640505101499923	11.1962476709624	4.25371440230404e-29	2.8938655461344e-28	0.711868158884038	FALSE	up_in_cellobiose
YBL002W	13090.8871120502	-0.606197585323858	0.0541462057877517	-11.1955690431957	4.2864124133036e-29	2.91283396355733e-28	-0.602462586897023	FALSE	down_in_cellobiose
YOR269W	1140.46150872677	-0.775254268965467	0.0693825258905822	-11.1736241800718	5.4894410339802e-29	3.72616603518656e-28	-0.769084512754844	FALSE	down_in_cellobiose
YOR223W	1551.40590714191	0.749958739291926	0.0671892653397465	11.1618833082891	6.26501322005755e-29	4.24784752857714e-28	0.744160997089711	FALSE	up_in_cellobiose
YPL189C-A	356.005700431149	1.30406413978434	0.116858895913927	11.1593056701893	6.44932879838829e-29	4.3679216766688e-28	1.28857684430152	FALSE	up_in_cellobiose
YIR031C	2360.92323279615	-0.658440758045517	0.0590580458119924	-11.1490441140166	7.23797160874741e-29	4.89656065880361e-28	-0.653911644071735	FALSE	down_in_cellobiose
YIL041W	4772.35673172794	0.599507891128265	0.053814410974682	11.1402852929174	7.98631038022172e-29	5.39678270162916e-28	0.595998215172028	FALSE	up_in_cellobiose
YKL187C	1212.91149619879	0.721853472258511	0.0647991212341082	11.1398651480254	8.02407541409359e-29	5.41625090451317e-28	0.716464208384169	FALSE	up_in_cellobiose
YER084W	474.244563277379	1.09794433180744	0.0986876937807152	11.1254432011258	9.43358648422208e-29	6.36057202414438e-28	1.0859873668066	FALSE	up_in_cellobiose
YNR039C	4026.69168338651	-0.678744855593996	0.061034319618542	-11.1207081497112	9.94792278495116e-29	6.69989276206956e-28	-0.673902618220013	FALSE	down_in_cellobiose
YGL236C	1262.5066488609	0.781782690796745	0.0703341858574058	11.1152589777852	1.0574337371293e-28	7.11385900128813e-28	0.775413246840812	FALSE	up_in_cellobiose
YIL094C	14101.3378200831	-0.529921261165575	0.0476934908199246	-11.1109766145319	1.1093948857492e-28	7.45513363223463e-28	-0.526527725704847	FALSE	down_in_cellobiose
YCL038C	3403.08085648364	-0.720910000389136	0.0648970099275505	-11.1085241245158	1.14028539947607e-28	7.65421320314233e-28	-0.714575226566516	FALSE	down_in_cellobiose
YDR034C	3793.0745952421	-0.641918365551866	0.0578510442688914	-11.0960549401361	1.31103994004494e-28	8.78091866820794e-28	-0.63761040654872	FALSE	down_in_cellobiose
YOR187W	7619.46967970187	0.472968293869369	0.042624699211346	11.0961086557878	1.3102525056517e-28	8.78091866820794e-28	0.470893537272363	FALSE	up_in_cellobiose
YPR036W-A	60828.882562716	-0.719785280740049	0.0648963280430573	-11.091309823608	1.38248490024327e-28	9.24919101401694e-28	-0.714263777859287	FALSE	down_in_cellobiose
YAR007C	3287.66053862437	0.626138905713688	0.056520087610096	11.0781658732221	1.60118981504206e-28	1.0700548067817e-27	0.622746930038212	FALSE	up_in_cellobiose
YGR067C	532.494223067384	1.03064994175668	0.0930769302477948	11.0730976947007	1.69440337897277e-28	1.13109841457255e-27	1.01992695567587	FALSE	up_in_cellobiose
YBL103C	2602.15221227728	-0.632325831169793	0.0571543562488448	-11.0634756940784	1.88642864672182e-28	1.25789641183832e-27	-0.628077773792108	FALSE	down_in_cellobiose
YBL100W-B	3326.91547624431	-1.11158902712466	0.100485116212222	-11.062225621325	1.91291073445783e-28	1.27415023370055e-27	-1.09912056078334	FALSE	down_in_cellobiose
YLR206W	3535.61224141598	-0.58633228322275	0.0530602358428364	-11.0503143061681	2.18448724968869e-28	1.45344102157505e-27	-0.582798302800324	FALSE	down_in_cellobiose
YHR022C	1232.50540726745	1.12797651625796	0.102137608218853	11.0436942466972	2.35161606610899e-28	1.56292021624475e-27	1.11546670098785	FALSE	up_in_cellobiose
YLR093C	6147.83120281241	0.577935099286557	0.0523835430982431	11.0327607699743	2.65584763602194e-28	1.76317963805277e-27	0.574692637217261	FALSE	up_in_cellobiose
YIL065C	1787.83974867587	0.736910245042872	0.0668164832016284	11.0288690714107	2.77330485914323e-28	1.83913901185288e-27	0.731178112430084	FALSE	up_in_cellobiose
YJL157C	5780.40725246959	-0.506614807155277	0.0459358390988172	-11.0287482953222	2.77703133837095e-28	1.83959315821111e-27	-0.504073017934806	FALSE	down_in_cellobiose
YDL110C	2375.42808336734	0.847423744920792	0.0768649771734645	11.0248357064931	2.90047643703722e-28	1.91926493339181e-27	0.839860970746518	FALSE	up_in_cellobiose
YNL256W	3197.35016818625	-0.677384090251807	0.0614470206913513	-11.023871989731	2.93170862375992e-28	1.9378113395082e-27	-0.672477428313093	FALSE	down_in_cellobiose
YOR394W	2779.74154126606	2.41753374379117	0.21937260371755	11.020217214105	3.05321410891948e-28	2.01592128064902e-27	2.38016471210795	FALSE	up_in_cellobiose
YPR058W	2833.65525380967	-0.75024833096411	0.0681499617620723	-11.0087857948241	3.46643827956682e-28	2.28626158285934e-27	-0.744152539048385	FALSE	down_in_cellobiose
YMR325W	135.348170394325	1.88340089188335	0.171264688135543	10.9970181967271	3.9497721059607e-28	2.60220279922117e-27	1.85675526788477	FALSE	up_in_cellobiose
YGL031C	19498.0325742241	0.54172834459259	0.0492839512168293	10.9919828101689	4.17648570278839e-28	2.74857296305377e-27	0.538820495095327	FALSE	up_in_cellobiose
YIL145C	3341.05905651144	-0.523644086230348	0.0476636165212554	-10.9862432699967	4.45067864367685e-28	2.92583743879974e-27	-0.520879452019234	FALSE	down_in_cellobiose
YKL058W	2141.72256699581	0.654684093364216	0.0595946703083802	10.9856148205279	4.48176518818984e-28	2.94307446885691e-27	0.651242449874132	FALSE	up_in_cellobiose
YDR531W	3408.71931689434	-0.584953760745856	0.0532819619689321	-10.9784576079787	4.85136004123761e-28	3.1823238101307e-27	-0.581383799317364	FALSE	down_in_cellobiose
YML117W	6377.08673205005	-0.52437609088481	0.0478052428683929	-10.9690079878563	5.3860057606235e-28	3.52920507478342e-27	-0.521553384215779	FALSE	down_in_cellobiose
YGR038C-A	726.462996626567	12.9730786305447	1.18336178225462	10.962901477034	5.76217926406291e-28	3.77160824556845e-27	14.3570520892898	FALSE	up_in_cellobiose
YKL198C	3720.76761360327	0.524866771288879	0.0478979660600738	10.9580179381853	6.08167414770427e-28	3.97642867516923e-27	0.522131399508241	FALSE	up_in_cellobiose
YBR262C	1768.97366466916	0.773635816163917	0.0706580643087324	10.9490094829601	6.71781870550006e-28	4.38762068367866e-27	0.76721571579808	FALSE	up_in_cellobiose
YKR080W	6490.80105223105	-0.865131152837378	0.0790419563741296	-10.9452143206381	7.0051857378474e-28	4.57037360760529e-27	-0.856869228747721	FALSE	down_in_cellobiose
YNL003C	1789.73382043684	-0.636811464580511	0.0581845522714945	-10.9446827331263	7.04639883416906e-28	4.59230820571708e-27	-0.632409596799786	FALSE	down_in_cellobiose
YHR185C	252.232695850805	2.44080899232086	0.223189108134059	10.9360578243575	7.74968409097915e-28	5.04521952446092e-27	2.40359647636044	FALSE	up_in_cellobiose
YJL072C	1054.09992957906	-0.738520815865788	0.0675555851770364	-10.9320467572062	8.10005008423744e-28	5.26764547413635e-27	-0.732561599394336	FALSE	down_in_cellobiose
YOR023C	2910.08921326387	0.542586841133492	0.0496849657833587	10.9205437214012	9.19437288732147e-28	5.97288584559831e-27	0.539632165268005	FALSE	up_in_cellobiose
YBR054W	14357.000347642	0.687772367028513	0.0630120725923952	10.9149300877229	9.78045218977749e-28	6.34679987594145e-27	0.682736731656251	FALSE	up_in_cellobiose
YGR089W	4355.38882697825	-0.680838447124701	0.0624056249093142	-10.9098891023697	1.03382386815288e-27	6.70157208423219e-27	-0.676149950291012	FALSE	down_in_cellobiose
YER184C	848.190818907592	-0.855380681104502	0.0784404769414656	-10.904837839561	1.09287955850111e-27	7.07680467860245e-27	-0.847375985776928	FALSE	down_in_cellobiose
YHR210C	1006.82662180387	-0.978341524190528	0.0897232414548035	-10.9039921911799	1.1030880985193e-27	7.13526932603717e-27	-0.96808291082883	FALSE	down_in_cellobiose
YBL057C	1942.79758842107	-0.70548010846938	0.064700646331228	-10.903756739272	1.10594723215648e-27	7.14612057701109e-27	-0.699983656673996	FALSE	down_in_cellobiose
YHL038C	1344.2538136598	-0.711770594385209	0.0653579589845911	-10.8903430499263	1.28156613192508e-27	8.27205119091022e-27	-0.706221765403489	FALSE	down_in_cellobiose
YER130C	2926.40865815434	-0.609507477541641	0.0560066456972981	-10.8827706061148	1.39264527832928e-27	8.97944418266041e-27	-0.60543961990322	FALSE	down_in_cellobiose
YMR018W	503.782412762808	-1.14614889846711	0.105334109916619	-10.881080206349	1.41871657365516e-27	9.13780387376617e-27	-1.1326676729388	FALSE	down_in_cellobiose
YDL085C-A	906.493596545399	-1.06069527974663	0.0975204151034416	-10.8766485317104	1.48938753381666e-27	9.58278277076933e-27	-1.04878306378631	FALSE	down_in_cellobiose
YBR007C	3436.2452079747	-0.561962800531649	0.0517068401830978	-10.8682487373372	1.63305312064861e-27	1.04959673471655e-26	-0.558593164851656	FALSE	down_in_cellobiose
YNL156C	2515.84206162215	0.718108294846129	0.0661651550056809	10.8532700450029	1.92415714088419e-27	1.23538241911546e-26	0.712518149973227	FALSE	up_in_cellobiose
YPR152C	1048.96190269744	0.756320217097725	0.0697282489209496	10.8466830703745	2.06794164371289e-27	1.32628961412254e-26	0.75007029652805	FALSE	up_in_cellobiose
YDR527W	3588.08672265668	-0.65516123805207	0.0604750020939681	-10.8335876869265	2.38618958093053e-27	1.52877908744363e-26	-0.65031952299479	FALSE	down_in_cellobiose
YNCL0015C	2072.89822495958	-3.89107709176839	0.35957082723614	-10.8214482294834	2.72437972418822e-27	1.74360302348046e-26	-3.82615870343965	FALSE	down_in_cellobiose
YJR085C	5169.36380081739	0.726572521648873	0.067157309046382	10.8189641896918	2.7992300883228e-27	1.78961348564231e-26	0.720865275616892	FALSE	up_in_cellobiose
YDL137W	14915.7351122847	0.560486529203153	0.0518298642226647	10.8139686956397	2.95598600589258e-27	1.88783562446022e-26	0.557475265006168	FALSE	up_in_cellobiose
YDR207C	1559.12628433566	0.627669822665535	0.0581229130677514	10.7990083348694	3.47941045226401e-27	2.21977578220387e-26	0.623424101744899	FALSE	up_in_cellobiose
YOR137C	2224.87120330758	-0.606517772762155	0.056209980958487	-10.7902148767865	3.82893245560745e-27	2.44018793377385e-26	-0.602513327963745	FALSE	down_in_cellobiose
YJR127C	4312.69015621767	-0.593807466565763	0.055032850967233	-10.7900545970137	3.83561613104143e-27	2.4418743537409e-26	-0.589979057858664	FALSE	down_in_cellobiose
YOR107W	1849.73918234931	-1.1480740059909	0.106414158286938	-10.7887336090673	3.89114382547608e-27	2.4746201741829e-26	-1.13431699093031	FALSE	down_in_cellobiose
YDR257C	1787.2350756973	-0.667119492188261	0.0618718280190816	-10.7822819132242	4.17400616659612e-27	2.65172156466106e-26	-0.662161906379123	FALSE	down_in_cellobiose
YBL003C	14000.8419682602	-0.646983362349935	0.0600612876175727	-10.7720528149423	4.66482562374246e-27	2.96042658681998e-26	-0.642077130359057	FALSE	down_in_cellobiose
YBR046C	2428.41453274063	-0.716657141797522	0.0665320564323723	-10.771606654395	4.68748951072512e-27	2.97169146340309e-26	-0.710973038043078	FALSE	down_in_cellobiose
YMR244W	978.887329570896	0.835849178663988	0.0777095855328167	10.7560627551026	5.54906411857398e-27	3.51421359048538e-26	0.828089256532157	FALSE	up_in_cellobiose
YLR454W	1789.26635517582	0.921263469322415	0.0857780450317319	10.7400847032782	6.59838203703864e-27	4.1743739079508e-26	0.911889124478896	FALSE	up_in_cellobiose
YBL029C-A	1352.99879106699	0.807737546462156	0.0752178967818528	10.7386350991009	6.70279785355466e-27	4.23600014820257e-26	0.800565926327496	FALSE	up_in_cellobiose
YIL033C	5713.70181246544	0.587475369658637	0.0547279373345733	10.7344694185562	7.01206060253004e-27	4.42682072276635e-26	0.583842465816692	FALSE	up_in_cellobiose
YER159C-A	591.182798856945	12.6751968066615	1.18283364920372	10.715958930653	8.56648641306261e-27	5.40251405904095e-26	14.0022296405096	FALSE	up_in_cellobiose
YKL053C-A	1405.97784037467	0.769708537718132	0.0719313778617436	10.7005949364345	1.01126826632974e-26	6.37099007787733e-26	0.763143275086126	FALSE	up_in_cellobiose
YGL135W	35400.8407201534	0.526960961732088	0.0492544314747345	10.6987522940427	1.0315786041254e-26	6.49218251586934e-26	0.524281789857204	FALSE	up_in_cellobiose
YPL252C	3010.57992523603	-0.560592671048171	0.0525057853668257	-10.6767790850409	1.3072898409446e-26	8.21880349067872e-26	-0.557166603060666	FALSE	down_in_cellobiose
YNL316C	1065.14726144968	-0.691166017512419	0.0648062962823958	-10.6651059721209	1.48229977388699e-26	9.30939671076689e-26	-0.685710381451532	FALSE	down_in_cellobiose
YLR377C	666.313796284194	0.906776156868629	0.0850665110061704	10.6596138262078	1.57249012354185e-26	9.86558119002193e-26	0.897583313312591	FALSE	up_in_cellobiose
YDR127W	16054.6957904209	-0.684308316259134	0.0642044555818693	-10.6582683406847	1.59540237993519e-26	9.99895709207052e-26	-0.678940871554573	FALSE	down_in_cellobiose
YJR098C	711.58932659011	-0.870608397142431	0.0817488604338271	-10.6497924560937	1.74754235393579e-26	1.09411347376849e-25	-0.861922164827872	FALSE	down_in_cellobiose
YFL013C	4907.94716093082	0.520696445260653	0.0489168908876997	10.644512269924	1.84950292968424e-26	1.15675219428441e-25	0.517957577627862	FALSE	up_in_cellobiose
YPR132W	26343.9911096643	0.554300984543307	0.0521002125223694	10.6391309690976	1.95948341498568e-26	1.22427228242081e-25	0.550906125441051	FALSE	up_in_cellobiose
YHR116W	513.860780087888	1.03207399151933	0.0971894490395939	10.6191978832896	2.42637027003779e-26	1.51441562365207e-25	1.02033677262939	FALSE	up_in_cellobiose
YNCJ0028C	608.508503000064	0.854716715272605	0.0804902149900407	10.6188897045232	2.43439317607314e-26	1.51785669370003e-25	0.846416798042609	FALSE	up_in_cellobiose
YBR166C	2559.29420352666	-0.598106124513813	0.0563559402675426	-10.6130094125727	2.59261466590127e-26	1.61484382073851e-25	-0.594068362399327	FALSE	down_in_cellobiose
YLR164W	1694.17022186644	0.880796354102573	0.0830017151007627	10.6117849858078	2.62682109694908e-26	1.63446646032387e-25	0.872002426002039	FALSE	up_in_cellobiose
YOR299W	2781.15462750149	-0.568772081985717	0.0536364085201093	-10.6042163835872	2.84841720499102e-26	1.77052695331816e-25	-0.565104749618776	FALSE	down_in_cellobiose
YPL145C	5791.39229637284	-0.460627394418131	0.0434583719378545	-10.5992786631958	3.0028737382993e-26	1.86461810772425e-25	-0.458431149894491	FALSE	down_in_cellobiose
YFR032C-A	10540.0318380001	0.597918305304929	0.0564278856052197	10.5961493841552	3.10502941147658e-26	1.92607362878055e-25	0.593940776999246	FALSE	up_in_cellobiose
YPR204W	24234.2668358236	0.689066834237341	0.0650499566407002	10.5928869106457	3.21520205975999e-26	1.99237111244143e-25	0.683678401986484	FALSE	up_in_cellobiose
YBR301W	1459.67421354199	2.50653919994521	0.236980204605669	10.5769982101081	3.80968527916989e-26	2.35833946452605e-25	2.46558881072674	FALSE	up_in_cellobiose
YGR209C	10184.1759023856	0.663723609401458	0.0628061075565809	10.5678195198376	4.2014963703417e-26	2.59822597626039e-25	0.658579757286215	FALSE	up_in_cellobiose
YIL114C	2161.75705375517	-0.64287854857249	0.0609098990462022	-10.5545824018662	4.83785987202091e-26	2.98870035811874e-25	-0.638098615894965	FALSE	down_in_cellobiose
YDL200C	1040.65374133305	0.724907957357299	0.0686855432538008	10.5540106842962	4.86739926242889e-26	3.0038806876704e-25	0.718851592310555	FALSE	up_in_cellobiose
YKR057W	10932.3968976042	0.717708072357537	0.0680298956451037	10.5498923017853	5.08553540632353e-26	3.13530256243065e-25	0.712261885194297	FALSE	up_in_cellobiose
YJL199C	781.852526400449	-0.878730087472064	0.0833451015165877	-10.5432721477599	5.45666179429054e-26	3.36068131689095e-25	-0.869718442949782	FALSE	down_in_cellobiose
YNL078W	1937.68486777501	-0.641936647651501	0.0608876726013954	-10.5429657634309	5.47447300104792e-26	3.3682210285186e-25	-0.637156372478346	FALSE	down_in_cellobiose
YIL003W	1463.72611885195	-0.672287079247738	0.0638045817865855	-10.5366583468318	5.85422205290286e-26	3.59820477397932e-25	-0.667012520328303	FALSE	down_in_cellobiose
YNL271C	3643.78450192092	0.64617246701607	0.0613281300096932	10.5363145250628	5.8756568692131e-26	3.60771296903562e-25	0.641425635797248	FALSE	up_in_cellobiose
YDR134C	28762.3617865998	-0.759017602331313	0.0720566257312373	-10.5336267779504	6.04592155382383e-26	3.70849224721364e-25	-0.760844420797611	FALSE	down_in_cellobiose
YCL054W	3497.35415932756	0.644674051006872	0.0612100493058198	10.5321602958679	6.14087380806422e-26	3.7629184185585e-25	0.639949032419607	FALSE	up_in_cellobiose
YMR054W	4017.96188758482	-0.543295041835361	0.0515853043515121	-10.5319731785092	6.15309519048212e-26	3.76659106397124e-25	-0.539680227983963	FALSE	down_in_cellobiose
YNL251C	1967.90714009811	0.688654682911889	0.0653952121432016	10.5306590550373	6.23960772231149e-26	3.8156873108736e-25	0.683195969207321	FALSE	up_in_cellobiose
YGL134W	2211.61549027435	0.669892246307956	0.0636713786201733	10.5210890799797	6.90705350379376e-26	4.2195817768631e-25	0.664783776694095	FALSE	up_in_cellobiose
YOL049W	3557.45630524837	-0.63234111502355	0.0601178731935571	-10.5183547160367	7.11043421961415e-26	4.3394456266626e-25	-0.627538157847759	FALSE	down_in_cellobiose
YCL019W	7702.55899705338	-0.708455459201296	0.0673606443133152	-10.51734980304	7.18666143593484e-26	4.38154519803769e-25	-0.702477398503233	FALSE	down_in_cellobiose
YOR382W	16888.7693497563	-1.91821622362594	0.183062711592381	-10.4784650404238	1.08490233375104e-25	6.60774351916042e-25	-1.87622198578151	FALSE	down_in_cellobiose
YNL284C-A	483.381189747183	12.3860310007719	1.18224863690679	10.4766718388261	1.10566451177873e-25	6.72742350828748e-25	13.6965234224448	FALSE	up_in_cellobiose
YOR044W	1471.37039967371	-0.655295093720292	0.0626345877412816	-10.4621921745067	1.28839759175438e-25	7.83138556274422e-25	-0.650237126629928	FALSE	down_in_cellobiose
YPL217C	4321.43959831016	0.529513608037035	0.050658658646764	10.4525785360655	1.42594680063316e-25	8.65876129541098e-25	0.526511692163995	FALSE	up_in_cellobiose
YCL028W	4367.91950893502	0.556793576380594	0.05330819721906	10.4448022147993	1.54777679920527e-25	9.38912144593124e-25	0.553360797509106	FALSE	up_in_cellobiose
YDR222W	1280.34180621502	-0.656107578172173	0.0628412986210532	-10.4407068690392	1.6160284360692e-25	9.79332663461574e-25	-0.650964981111342	FALSE	down_in_cellobiose
YER123W	1981.34007465046	-0.55738363146425	0.0534186047236659	-10.4342603920037	1.72955358472223e-25	1.04708108912913e-24	-0.553837214763784	FALSE	down_in_cellobiose
YPL013C	2671.13309746317	0.563446760193498	0.0540081738922776	10.4326200940866	1.75967957589388e-25	1.06425420750062e-24	0.559489385104013	FALSE	up_in_cellobiose
YKL117W	8743.68561456275	0.519441937382474	0.0498260281303514	10.4251122731185	1.90434293564988e-25	1.15059601146958e-24	0.516938759522418	FALSE	up_in_cellobiose
YIL082W-A	3713.77152533618	-0.539473919579817	0.0517729103918309	-10.4200037335537	2.00945309127628e-25	1.21289144671047e-24	-0.535936959645315	FALSE	down_in_cellobiose
YBR175W	1470.05592150729	-0.732748303235985	0.070356453795871	-10.4147986958232	2.12246127774217e-25	1.27982510546208e-24	-0.726219921895186	FALSE	down_in_cellobiose
YOL077C	3401.02754589802	0.63234262468381	0.0607188060081166	10.4142796319032	2.13407045510626e-25	1.28554363670146e-24	0.628038425860118	FALSE	up_in_cellobiose
YIL166C	847.236629485629	-0.860380501906389	0.082658682803495	-10.4088339267609	2.25972527770782e-25	1.35988243577879e-24	-0.851486414292726	FALSE	down_in_cellobiose
YOR221C	4392.72423746701	-0.58072948908039	0.0557930231650416	-10.4086399362611	2.26433417115426e-25	1.36130149772773e-24	-0.576958427816866	FALSE	down_in_cellobiose
YLR091W	1005.36330664383	-0.731837015107173	0.0704415878675289	-10.3892748199182	2.77454574808316e-25	1.66638060421122e-24	-0.725359660216586	FALSE	down_in_cellobiose
YDL169C	1244.11603928149	0.761768464364337	0.0733787991021768	10.3813154982764	3.01590440121445e-25	1.80954264072867e-24	0.754813429154922	FALSE	up_in_cellobiose
YEL017W	1246.3316829751	-0.639086616269185	0.0616703154525051	-10.3629535795284	3.65498094053197e-25	2.19081513660429e-24	-0.634503864636028	FALSE	down_in_cellobiose
YDR525W-A	756.85218725071	0.841648854979998	0.081226015528028	10.3618138783328	3.69880178370547e-25	2.21488645424264e-24	0.833184916603741	FALSE	up_in_cellobiose
YDR494W	2064.44911994463	0.549318315736937	0.0530841617881918	10.3480642291903	4.2703246431878e-25	2.5545918340257e-24	0.545883050134333	FALSE	up_in_cellobiose
YJR161C	2479.95241346654	-0.734030170975342	0.0709536987677681	-10.3451995276219	4.39998790575608e-25	2.62955798952696e-24	-0.727442076849566	FALSE	down_in_cellobiose
YOR108W	3242.60212117389	-0.631771827678175	0.0610738776410356	-10.3443870289593	4.43746852173956e-25	2.64933954782635e-24	-0.626979800178205	FALSE	down_in_cellobiose
YNL046W	1709.49738435913	-0.620334661581457	0.0599830285120285	-10.3418362988634	4.55720159631535e-25	2.7181415438378e-24	-0.615659756333587	FALSE	down_in_cellobiose
YKL133C	1724.49672680377	0.738968061720005	0.0714797969080569	10.3381387984429	4.73646963020428e-25	2.82228259344586e-24	0.732550883043039	FALSE	up_in_cellobiose
YGL146C	981.315893844839	0.696123986886559	0.0673370012439152	10.3379119061894	4.74769495174952e-25	2.82618691615956e-24	0.690357077515763	FALSE	up_in_cellobiose
YKR019C	1936.20182133576	-0.681415931158855	0.0659167651750209	-10.3375208014164	4.76710648036102e-25	2.83495181840939e-24	-0.675673132292064	FALSE	down_in_cellobiose
YPL158C	2040.33681426799	-0.56257806060792	0.0544355444131234	-10.3347558414846	4.90659999758287e-25	2.91504094158951e-24	-0.558938109644267	FALSE	down_in_cellobiose
YMR063W	543.489924129386	-0.864796491494117	0.0837191304219891	-10.3297357143473	5.17028385399537e-25	3.06868270352934e-24	-0.8556872755551	FALSE	down_in_cellobiose
YML087C	1253.89214254364	0.684732156649211	0.0663180673494445	10.3249715200717	5.43349273827262e-25	3.22174157657577e-24	0.679131407558124	FALSE	up_in_cellobiose
YFL019C	334.932540357518	-1.15040384479422	0.111484569290652	-10.3189513321346	5.78515456171798e-25	3.42689664929191e-24	-1.13533413241174	FALSE	down_in_cellobiose
YNL061W	4758.85672608026	0.629098153966679	0.0610015082640439	10.3128294999468	6.16587466596319e-25	3.64884637766589e-24	0.624428025804629	FALSE	up_in_cellobiose
YJL218W	347.08746287198	-1.20961645678961	0.117312068528489	-10.3110998890609	6.27786780754977e-25	3.71149017595905e-24	-1.19322721741236	FALSE	down_in_cellobiose
YNL058C	2018.2416440063	-0.656440186700835	0.0636747683555404	-10.3092669773917	6.39874985761972e-25	3.77926163465664e-24	-0.651160720523251	FALSE	down_in_cellobiose
YJL185C	1370.53315212722	0.629258317604644	0.0610756622403343	10.3029307341523	6.83467093213254e-25	4.03278924854025e-24	0.624687262025222	FALSE	up_in_cellobiose
YGL158W	669.193556442805	1.33379337437362	0.129514891995648	10.2983784630608	7.1659000693116e-25	4.22410951454158e-24	1.3150417041794	FALSE	up_in_cellobiose
YCR050C	1173.20413773693	-0.661627916485437	0.0643276189219587	-10.2852853497984	8.20985300971566e-25	4.83478003921717e-24	-0.656220934194952	FALSE	down_in_cellobiose
YDR147W	2365.20681872284	-0.525512332297187	0.0510946684155864	-10.2850717813227	8.2280742751105e-25	4.84079700543466e-24	-0.522330015753032	FALSE	down_in_cellobiose
YML058W	3123.00038805391	-0.650153406087937	0.0633101295213094	-10.2693425365542	9.68625147870692e-25	5.69314372626039e-24	-0.645016254014818	FALSE	down_in_cellobiose
YGR086C	20778.449986355	0.593230703010316	0.0577842158433389	10.2663105201366	9.99544675740993e-25	5.86917106687527e-24	0.589004011177066	FALSE	up_in_cellobiose
YCL049C	5513.59409444611	-0.65250624134511	0.0635598798033015	-10.2660081070704	1.00268170521227e-24	5.88188065288437e-24	-0.647277434021966	FALSE	down_in_cellobiose
YJL044C	4070.794804225	-0.554043083708882	0.0539853036632957	-10.2628501853843	1.03602829492987e-24	6.07160768191459e-24	-0.550314175966611	FALSE	down_in_cellobiose
YOR293W	16907.2707120947	0.617464425917255	0.0601669729795877	10.262514388529	1.0396381896503e-24	6.08686521878511e-24	0.614812339698632	FALSE	up_in_cellobiose
YLR412W	2006.9305315216	-0.572154155950209	0.0558339926379338	-10.2474161154917	1.21549397524732e-24	7.10958178171738e-24	-0.568422743063893	FALSE	down_in_cellobiose
YIL006W	1143.17443824309	0.668134452880851	0.0652111247188264	10.2457127639138	1.23709670899605e-24	7.22894772561172e-24	0.662724634585076	FALSE	up_in_cellobiose
YIL020C	1076.21582468014	-0.70186549305931	0.0685840779769761	-10.2336506338239	1.4013501363469e-24	8.18085485002516e-24	-0.69574651200555	FALSE	down_in_cellobiose
YMR240C	2184.44062210408	-0.546918500442938	0.0534455673691594	-10.2331872850233	1.40807320602839e-24	8.21217622956577e-24	-0.543371982485571	FALSE	down_in_cellobiose
YNL173C	2255.70589271465	0.799244794045747	0.0781519371189225	10.2268072105436	1.50396156622304e-24	8.76296681360014e-24	0.791395827325847	FALSE	up_in_cellobiose
YGR215W	1543.02764097636	0.59515623156641	0.0582194718774544	10.2226319197664	1.57018702751998e-24	9.14002997347531e-24	0.590949497387232	FALSE	up_in_cellobiose
YPL095C	7755.01923500154	-0.884257958876333	0.0866615482426562	-10.2035790590813	1.91097766655127e-24	1.11130701224058e-23	-0.874486617472186	FALSE	down_in_cellobiose
YOR167C	13393.3826698785	0.652261507949155	0.063993167063134	10.1926742788906	2.13800459490364e-24	1.24213753986333e-23	0.647374066444585	FALSE	up_in_cellobiose
YMR243C	8868.77496465294	-0.596276336221785	0.0585649004407467	-10.18146247555	2.39928003070708e-24	1.39259554949294e-23	-0.591793854212626	FALSE	down_in_cellobiose
YPL212C	5590.16764404022	-0.565221134296749	0.0555154489593907	-10.1813305105432	2.40253640757743e-24	1.39314862828651e-23	-0.561378872039109	FALSE	down_in_cellobiose
YKR036C	2507.98844507573	-0.557248142903813	0.0547463337825271	-10.178729869244	2.46761076238049e-24	1.42951244165491e-23	-0.553393843529722	FALSE	down_in_cellobiose
YBR040W	606.060648567594	0.811478563309058	0.0797577715849015	10.1742883130235	2.58281094746045e-24	1.49481728327663e-23	0.803300202045101	FALSE	up_in_cellobiose
YPL135W	5523.42155704242	-0.560667463465203	0.0551554906459271	-10.1652157727039	2.83493623229975e-24	1.63916771825515e-23	-0.5568773512232	FALSE	down_in_cellobiose
YBR035C	6366.77152814668	-0.570602966625949	0.056220171389296	-10.1494348474112	3.33287845504614e-24	1.92523867202665e-23	-0.566764807727643	FALSE	down_in_cellobiose
YNCL0010C	6587.69293677833	2.0503128870008	0.202046863281212	10.1477095645239	3.39231419027889e-24	1.95770192965713e-23	2.01547419075539	FALSE	up_in_cellobiose
YEL016C	2425.59072914663	-0.53659861879189	0.0529934273239245	-10.1257579645096	4.24675508192027e-24	2.44796834279408e-23	-0.53316206942381	FALSE	down_in_cellobiose
YAR014C	3662.40047757992	-0.519392182836335	0.0512945255381534	-10.125684512863	4.24994503957305e-24	2.44796834279408e-23	-0.516268829825851	FALSE	down_in_cellobiose
YOR276W	4904.21454998089	0.450726496734247	0.0445257599461027	10.1228254673214	4.37597299353318e-24	2.518162194566e-23	0.448568629812395	FALSE	up_in_cellobiose
YML133C	7785.32042596856	0.856791108295584	0.0846659127920001	10.1196701251007	4.51936202604288e-24	2.59820356782389e-23	0.847635927566664	FALSE	up_in_cellobiose
YJL160C	609.232164282146	-0.890166324824862	0.0883276943702184	-10.0779979730231	6.91200812636276e-24	3.96997389821861e-23	-0.880068021729852	FALSE	down_in_cellobiose
YNL193W	1106.80365115697	-0.695466313056647	0.0690162850298712	-10.0768436428538	6.99366872588225e-24	4.0130653182292e-23	-0.689260145678828	FALSE	down_in_cellobiose
YER018C	2484.27132185816	0.597511940280127	0.0593392734176654	10.069417872283	7.5423164306862e-24	4.32378481258674e-23	0.593111410258208	FALSE	up_in_cellobiose
YNL306W	3322.24054685035	0.595688069749214	0.0591716822859323	10.0671139764237	7.72104803394171e-24	4.42205478307571e-23	0.591450203237254	FALSE	up_in_cellobiose
YML129C	1198.73834117827	0.727712575499748	0.0722889391275199	10.0667209158519	7.7519570072272e-24	4.43555685711543e-23	0.721019542955214	FALSE	up_in_cellobiose
YBR138C	992.804076132182	-0.782052687149059	0.0777105442225859	-10.0636624665635	7.99668713963573e-24	4.57126312103184e-23	-0.774158474164636	FALSE	down_in_cellobiose
YBL007C	7913.15095480583	0.56251229291994	0.0558991252530239	10.0629891858551	8.05158072473414e-24	4.59829652721361e-23	0.5587041562161	FALSE	up_in_cellobiose
YLR447C	10066.0741392233	-0.411614959142334	0.0409134641884199	-10.0606234966248	8.24743487251373e-24	4.70570623669462e-23	-0.409692056770538	FALSE	down_in_cellobiose
YNL314W	1091.42597783691	-0.65965071144366	0.0656621513973094	-10.0461330828507	9.55432547641848e-24	5.44623567213751e-23	-0.654084546972044	FALSE	down_in_cellobiose
YML099C	2594.97068048069	-0.532296650091154	0.0530599805697491	-10.0319797402005	1.10282849551255e-23	6.28051482190197e-23	-0.528849426354449	FALSE	down_in_cellobiose
YOL020W	4150.06247177234	0.714032356919512	0.0711964770708202	10.0290405690896	1.13615197592432e-23	6.4642023992383e-23	0.707554501448815	FALSE	up_in_cellobiose
YPL249C-A	24724.5145172281	0.519587807987788	0.0518306484135996	10.0247213548549	1.18693924633022e-23	6.74681255808756e-23	0.514178111606765	FALSE	up_in_cellobiose
YER067W	4733.0432378429	2.00027280815656	0.199681207883756	10.0173312719593	1.27910114313864e-23	7.26385325230282e-23	1.96548808863325	FALSE	up_in_cellobiose
YNL034W	201.874066979121	-1.61010550454361	0.160855658954317	-10.0096292229351	1.38269771190068e-23	7.844799025868e-23	-1.58352051693799	FALSE	down_in_cellobiose
YPR133W-A	1389.80838728296	0.611060468821508	0.0610555999478978	10.0082624582014	1.40193059595012e-23	7.94646320928428e-23	0.606611915726482	FALSE	up_in_cellobiose
YPR161C	2112.63211444137	-0.534393052881531	0.0534206260553972	-10.0034966330676	1.47109024137575e-23	8.33066833318401e-23	-0.530994857837536	FALSE	down_in_cellobiose
YDR097C	3023.51041086102	0.691227211391185	0.0691061385590291	10.0023995813447	1.48748254060828e-23	8.41561684340398e-23	0.685135468845622	FALSE	up_in_cellobiose
YER049W	3879.82868590707	-0.61957615218243	0.0619477091800653	-10.0015990967719	1.49955751432158e-23	8.47600359496909e-23	-0.614649350649619	FALSE	down_in_cellobiose
YMR134W	674.524648171323	-0.822930085352585	0.0823175391914688	-9.99701999641251	1.57052054967875e-23	8.86882192759767e-23	-0.81408567308722	FALSE	down_in_cellobiose
YDL142C	1167.50294708095	-0.620951665976213	0.0622376243140852	-9.97711067573129	1.91975623443656e-23	1.08308635315973e-22	-0.616006401767014	FALSE	down_in_cellobiose
YPR098C	3053.74027115729	0.569972281530121	0.0571936724213718	9.96565279688418	2.15453763650928e-23	1.21441226706506e-22	0.565912886802498	FALSE	up_in_cellobiose
YGL138C	494.132348444895	1.53416207984351	0.154003158413486	9.96188711743436	2.23774170794815e-23	1.26013611263225e-22	1.50902649545221	FALSE	up_in_cellobiose
YNL312W	3009.02919195412	0.510495468015522	0.0513250051997451	9.94633056594523	2.61653667410117e-23	1.47207570278734e-22	0.507403525583572	FALSE	up_in_cellobiose
YML093W	3631.39299075479	0.574308424563942	0.0577921684579667	9.93747837964665	2.85974476465851e-23	1.60741044020954e-22	0.570266802184367	FALSE	up_in_cellobiose
YLR337C	2314.70004983561	0.734695384013371	0.0739494247053198	9.93510614776315	2.92863868682847e-23	1.64460601466468e-22	0.727674373552627	FALSE	up_in_cellobiose
YHR147C	1518.33794876758	0.598165398495348	0.0602642458465726	9.92570951635608	3.21805792510723e-23	1.80545587486536e-22	0.593651605670006	FALSE	up_in_cellobiose
YPR192W	1303.65885746035	2.21201467288275	0.222900967514511	9.92375536790231	3.28171298394092e-23	1.83946247700414e-22	2.17228828683158	FALSE	up_in_cellobiose
YLR222C	2746.15673324429	0.694644160480241	0.0700161482172054	9.92119929712933	3.36686050842309e-23	1.88544188471693e-22	0.688381007126788	FALSE	up_in_cellobiose
YPR137C-B	24593.9453190486	-2.48950684733074	0.250932646471505	-9.92101618636316	3.37304356339295e-23	1.88715702788164e-22	-2.44158514695285	FALSE	down_in_cellobiose
YML076C	1380.42987579774	-0.636378162600606	0.0641458178848005	-9.92080518395568	3.38018237142256e-23	1.88940323312048e-22	-0.631112475829432	FALSE	down_in_cellobiose
YLR356W	2674.5651675389	0.524531223361252	0.0528894530227591	9.91750138038937	3.49393015370658e-23	1.95118093902285e-22	0.521233429638574	FALSE	up_in_cellobiose
YOL026C	2323.33072337627	0.636088658057144	0.0641558662326479	9.91473882918985	3.5919463143544e-23	2.00406746394976e-22	0.630900210578734	FALSE	up_in_cellobiose
YBR183W	379.170483068928	1.05092685852733	0.106009196260554	9.91354425463541	3.6351687807285e-23	2.0263134364835e-22	1.03703837840274	FALSE	up_in_cellobiose
YPR118W	1997.17034135627	-0.56100478387306	0.0566409833320018	-9.90457352381621	3.9766302208653e-23	2.21460953736587e-22	-0.55698909869696	FALSE	down_in_cellobiose
YJR034W	789.790727226343	0.763155437829692	0.0770611957534522	9.90323898257839	4.03007137071004e-23	2.24230649954501e-22	0.755503664933249	FALSE	up_in_cellobiose
YHR072W-A	3337.92466270734	0.565157815262022	0.0570974691691092	9.89812374324611	4.24157666409805e-23	2.35781761621921e-22	0.561270287135756	FALSE	up_in_cellobiose
YDR096W	1753.05376914693	0.581546101880058	0.0587580772610231	9.89729632058304	4.27680662842181e-23	2.37521822669377e-22	0.577307283292167	FALSE	up_in_cellobiose
YDL194W	1995.73404512988	0.597010659742308	0.0603801287779965	9.88753538332744	4.71492669793181e-23	2.61613547422859e-22	0.592484344905577	FALSE	up_in_cellobiose
YNR067C	10976.262114816	-0.781513102807387	0.0791461474329295	-9.87430378047979	5.3805293191836e-23	2.98271689481415e-22	-0.773283569212987	FALSE	down_in_cellobiose
YJL042W	5266.21332470474	0.483738702588646	0.0490405338374828	9.86405866199836	5.95907627320764e-23	3.30041147439193e-22	0.48220404640231	FALSE	up_in_cellobiose
YGR136W	3763.20738654957	-0.526232435252029	0.0533521864076311	-9.86337150705339	6.00001328438848e-23	3.32004394729931e-22	-0.522763781198256	FALSE	down_in_cellobiose
YLR194C	4319.03104324939	0.561292212608802	0.056921070487764	9.86088644853332	6.15039739775716e-23	3.40014656870524e-22	0.557351549657899	FALSE	up_in_cellobiose
YKL080W	10053.5478182681	-0.422917553181953	0.0429161978871933	-9.85449722954504	6.55439025804598e-23	3.62017829047142e-22	-0.420867370924689	FALSE	down_in_cellobiose
YPR038W	569.033874010304	0.920559670944647	0.0934203806549365	9.85394904720935	6.59025170584731e-23	3.63666444497852e-22	0.909458378091832	FALSE	up_in_cellobiose
YCR102C	642.984865784357	-1.01181077475901	0.102792745969486	-9.84321184550669	7.33316026445126e-23	4.04293101908853e-22	-0.998420633302425	FALSE	down_in_cellobiose
YDR365W-A	1241.21120161818	13.7462522869899	1.39678125994848	9.84137794596193	7.468088009326e-23	4.1135697887435e-22	15.1068257517646	FALSE	up_in_cellobiose
YNL071W	18570.0560502978	0.529261363330818	0.0537875173983929	9.83985483863642	7.58201548879733e-23	4.1725231734528e-22	0.526189479169304	FALSE	up_in_cellobiose
YDL146W	1082.58323464806	-0.661398202483778	0.0672751460209218	-9.83124142574273	8.25942692179747e-23	4.54118309300283e-22	-0.655555841791618	FALSE	down_in_cellobiose
YBL039W-B	489.271290440702	0.949837920816441	0.0966395330452242	9.82866836051399	8.47317186496943e-23	4.65447261029383e-22	0.937981056603956	FALSE	up_in_cellobiose
YER003C	5776.55167842224	0.549955063891701	0.0559589864397615	9.82782389176605	8.54450850769821e-23	4.68939995050443e-22	0.546161460759432	FALSE	up_in_cellobiose
YOR128C	9924.5333348285	-0.563239159280286	0.0573544838264046	-9.82031607127783	9.20544635543329e-23	5.04755571692299e-22	-0.558958431904982	FALSE	down_in_cellobiose
YCR041W	546.151036627512	-0.874251838818971	0.0890861705122637	-9.81355280838591	9.84402963789204e-23	5.39281623641042e-22	-0.863887467686897	FALSE	down_in_cellobiose
YNL168C	1780.60812213533	-0.538981024846498	0.05494890406285	-9.80876750935773	1.03221551893381e-22	5.64962846924133e-22	-0.535273503647565	FALSE	down_in_cellobiose
YLR267W	1782.74687127	-0.649781310098572	0.0662462025024992	-9.80858201002628	1.03411451727449e-22	5.65490470205795e-22	-0.644119972898563	FALSE	down_in_cellobiose
YBR121C	13415.8988563748	0.388953374827635	0.0397010593464235	9.79705280490644	1.159184837781e-22	6.33310740641328e-22	0.387428919532122	FALSE	up_in_cellobiose
YDR472W	1595.08878603565	-0.600693650353191	0.06143645383307	-9.77747921430078	1.40670367020293e-22	7.67846913121597e-22	-0.595854957006062	FALSE	down_in_cellobiose
YOR241W	2972.57827010045	-0.501157421896526	0.0512795333251814	-9.77304958527044	1.46960559694282e-22	8.01458489658266e-22	-0.498032754559607	FALSE	down_in_cellobiose
YOR212W	4122.99241484956	-0.547710346937661	0.0560867536329806	-9.76541360410618	1.58464084468638e-22	8.63415119699388e-22	-0.543823302942325	FALSE	down_in_cellobiose
YCL064C	27470.3136905912	-0.957788605041235	0.0981525194865391	-9.75816627073529	1.70204816298538e-22	9.26551511227326e-22	-0.944187274342726	FALSE	down_in_cellobiose
YLR131C	2350.91697056577	-0.555449034485816	0.0569380585538422	-9.75532093284439	1.75046131144225e-22	9.52049461475068e-22	-0.551416190404297	FALSE	down_in_cellobiose
YJL180C	1451.94213669517	0.706706681966124	0.0724846007123633	9.74974925736997	1.84924454045751e-22	1.00487250500333e-21	0.700018890721448	FALSE	up_in_cellobiose
YEL059W	690.392614099171	-0.815948790968894	0.0837825054603935	-9.73889222439901	2.05785356588736e-22	1.11722606521425e-21	-0.80678191781476	FALSE	down_in_cellobiose
YOR051C	3944.98898205096	-0.505548994507197	0.0519474360117245	-9.73193353360299	2.20363803423208e-22	1.19530070233503e-21	-0.502388612747706	FALSE	down_in_cellobiose
YKL138C	1373.75216033442	0.617768457498152	0.0635130258616022	9.72664188357673	2.32129818829805e-22	1.2579938568841e-21	0.612828566397282	FALSE	up_in_cellobiose
YJR080C	2330.26317393974	0.525217677200701	0.0540025086465624	9.72580145559838	2.34054885022605e-22	1.26729090834084e-21	0.521789803135248	FALSE	up_in_cellobiose
YPR106W	1707.96242664071	-0.54208969353602	0.0557423816232223	-9.72491088020152	2.36112062496061e-22	1.27728600534542e-21	-0.538230985944873	FALSE	down_in_cellobiose
YDL031W	4312.30556038464	0.463714260209514	0.0477638064767696	9.70848628731142	2.77426394599205e-22	1.49944131772654e-21	0.461214412334246	FALSE	up_in_cellobiose
YMR225C	1158.32623244234	0.680895513531314	0.070164899676917	9.70421844350354	2.89284800302079e-22	1.56213792163123e-21	0.67460635861152	FALSE	up_in_cellobiose
YLR266C	2506.13171230797	-0.588910430018026	0.0607020295643252	-9.70165963551458	2.96633692131023e-22	1.60039301517255e-21	-0.584252152920656	FALSE	down_in_cellobiose
YOL088C	1705.37280907152	-0.596101222010094	0.061476663036425	-9.69638221347348	3.12378928791752e-22	1.68383935947639e-21	-0.59131888797341	FALSE	down_in_cellobiose
YBR159W	3620.19913002483	-0.482988190718267	0.0498387917550841	-9.69100922614155	3.2925882138209e-22	1.77324786439793e-21	-0.479993611377269	FALSE	down_in_cellobiose
YHR084W	1582.10920368656	-0.609093712396565	0.0628685918197511	-9.68836257924913	3.37902340282806e-22	1.81817914059645e-21	-0.604065558793702	FALSE	down_in_cellobiose
YLR121C	3915.13960415385	0.458399117115143	0.0473675882156821	9.67748484528878	3.75848375044899e-22	2.02056086424138e-21	0.45580289241432	FALSE	up_in_cellobiose
YBL105C	4114.29516767022	0.47075382626511	0.0486799537492495	9.67038359752689	4.02865177274835e-22	2.16387974436785e-21	0.4680776134505	FALSE	up_in_cellobiose
YOL133W	1747.85340023664	-0.620572237377213	0.0642108348225322	-9.66460316381758	4.26268755022728e-22	2.28755406422135e-21	-0.615291294063647	FALSE	down_in_cellobiose
YOR057W	2676.3263071303	-0.585264658871745	0.0605602922820274	-9.66416502988767	4.28096541600107e-22	2.295326137941e-21	-0.58063395251718	FALSE	down_in_cellobiose
YHR183W	21830.2460560398	-0.624276404420293	0.0646756791787365	-9.65241358648983	4.80121648688111e-22	2.57198913309628e-21	-0.618951092187983	FALSE	down_in_cellobiose
YGR052W	630.770213243168	0.754492459701302	0.0781829941703797	9.65033979201513	4.89931195956346e-22	2.62221581694158e-21	0.746637255684286	FALSE	up_in_cellobiose
YGR294W	307.745157773256	1.27737590543876	0.132394770724827	9.64823533773622	5.00088504762641e-22	2.67421333050792e-21	1.25730189423169	FALSE	up_in_cellobiose
YEL027W	17996.6663908663	-0.424658452011546	0.044031611806217	-9.64439943467131	5.19141748547889e-22	2.77364778729473e-21	-0.423004279235925	FALSE	down_in_cellobiose
YPL004C	9866.0427990452	0.737366098153404	0.0764792352685205	9.64138952964805	5.34593646647681e-22	2.85368259040174e-21	0.730094774727802	FALSE	up_in_cellobiose
YGL071W	2893.26418990278	-0.556549446115236	0.0577266927927123	-9.64111088285829	5.36046940848376e-22	2.85891701785801e-21	-0.552400867367288	FALSE	down_in_cellobiose
YBR096W	1848.77246207134	-0.596091708275597	0.06183796369722	-9.6395753132213	5.44126186595919e-22	2.89944949474196e-21	-0.59123500712416	FALSE	down_in_cellobiose
YOR080W	1430.47344783596	-0.66404200040461	0.0689150868678071	-9.63565498623509	5.65303206296643e-22	3.00964242225537e-21	-0.657812226282723	FALSE	down_in_cellobiose
YDL136W	15411.0298072502	0.486907550482019	0.0505356709188352	9.63492799500052	5.69319002799715e-22	3.02835648982645e-21	0.483477538925322	FALSE	up_in_cellobiose
YPL033C	975.891496732763	-0.91464261821598	0.094995035491381	-9.62832019046897	6.07138420670775e-22	3.22668995449635e-21	-0.902944367280332	FALSE	down_in_cellobiose
YOR027W	6907.97792188809	0.572479814665652	0.0594730974400322	9.62586176452123	6.21834777523127e-22	3.30189353332737e-21	0.56860382758874	FALSE	up_in_cellobiose
YKL121W	1900.03884813998	-0.644546854669319	0.0669881568023935	-9.62180309827973	6.46871347542251e-22	3.43182272801362e-21	-0.638776799902497	FALSE	down_in_cellobiose
YLR355C	73320.6163844106	-0.449891429510243	0.0467838293191605	-9.61638745817646	6.81838235134822e-22	3.61416095188028e-21	-0.447305107231558	FALSE	down_in_cellobiose
YOR052C	2310.44469032787	0.691527071016688	0.0719240996930144	9.61467816723818	6.93258046960203e-22	3.67147519090657e-21	0.684928134649936	FALSE	up_in_cellobiose
YCR107W	817.403701234387	-0.73426499717712	0.0764275203454211	-9.60733769535558	7.44490190156014e-22	3.93934966759718e-21	-0.726655528246627	FALSE	down_in_cellobiose
YJL127C-B	1699.34552636217	0.550872488780237	0.0574189524197732	9.59391395288736	8.48054927216656e-22	4.48342325157897e-21	0.546887552289316	FALSE	up_in_cellobiose
YCL048W	534.114191513716	0.802133556314348	0.083619544098182	9.59265641741029	8.58457936428358e-22	4.53445729215608e-21	0.79313668876307	FALSE	up_in_cellobiose
YOL040C	22421.2919827173	0.561281777947334	0.0585452191948576	9.58714965400001	9.05520010984631e-22	4.77887000561522e-21	0.557148383580798	FALSE	up_in_cellobiose
YMR143W	18385.9315357911	0.53588895548824	0.0559181094394538	9.58345982831343	9.38473359516822e-22	4.94846284076525e-21	0.532181081799524	FALSE	up_in_cellobiose
YBR093C	3049.97263681061	-0.547463586598059	0.057129992024771	-9.58277022620069	9.44762409928513e-22	4.9772848913307e-21	-0.543425904662107	FALSE	down_in_cellobiose
YGL060W	1072.62482943526	-0.715814135759097	0.074739169920084	-9.57749646570189	9.94257180043207e-22	5.2334790469115e-21	-0.708530765251968	FALSE	down_in_cellobiose
YNCD0034C	732.413173883245	-1.16393663235965	0.121747755232192	-9.56023074215896	1.17494451793484e-21	6.1791864734521e-21	-1.1460571723432	FALSE	down_in_cellobiose
YBL061C	3009.14111177558	-0.502660015694788	0.0525790865760441	-9.56007508741713	1.1767129952397e-21	6.1831105084359e-21	-0.499331496463234	FALSE	down_in_cellobiose
YNL253W	2419.84939964977	-0.514171607607869	0.0538257242565934	-9.55252557600068	1.2657235470252e-21	6.64504862188232e-21	-0.510675909347988	FALSE	down_in_cellobiose
YDR397C	2804.23407242499	0.486515623897107	0.0509702676493108	9.54508670122092	1.35993801713549e-21	7.13348233099345e-21	0.483522842492706	FALSE	up_in_cellobiose
YHR133C	2035.3953449463	-0.536081593848418	0.0561867197681989	-9.5410729805913	1.41362058258259e-21	7.40864582622139e-21	-0.532157002427969	FALSE	down_in_cellobiose
YGR163W	1914.64797575688	-0.568321044534633	0.059658408522299	-9.5262521849239	1.63064033011739e-21	8.53524855016701e-21	-0.563873067529508	FALSE	down_in_cellobiose
YDR430C	2119.70878159554	0.529046330785518	0.0555359054423006	9.52620339169897	1.63140663425811e-21	8.53524855016701e-21	0.525308641239222	FALSE	up_in_cellobiose
YGL105W	8751.80222798254	0.502745625401078	0.0527919925636932	9.52314169226553	1.68021038937882e-21	8.78298395416001e-21	0.499485550137509	FALSE	up_in_cellobiose
YKR061W	1188.07763532046	-0.604689749986165	0.0635105955806234	-9.52108454436619	1.7138099436504e-21	8.95088302175962e-21	-0.599544654408817	FALSE	down_in_cellobiose
YOR079C	1328.49986886224	-0.642360799024838	0.0674911948952758	-9.51769782742136	1.77057921340421e-21	9.23939869082713e-21	-0.636533711596945	FALSE	down_in_cellobiose
YPL107W	1147.5404829273	0.609204639210449	0.0640354294601838	9.51355592280743	1.8425411937525e-21	9.60662856880614e-21	0.604084878184958	FALSE	up_in_cellobiose
YMR229C	4443.17208701144	0.686583442241855	0.0722259970982853	9.50604311225432	1.98052993948257e-21	1.03171792196301e-20	0.680218248654595	FALSE	up_in_cellobiose
YPR163C	13242.0946451151	0.408705376997713	0.0430020245108718	9.50432872978769	2.01342359453104e-21	1.04795059378001e-20	0.40676849775723	FALSE	up_in_cellobiose
YOR083W	947.093222026615	0.708307016831449	0.0745404890190693	9.50231244995249	2.05280184950799e-21	1.06752756541911e-20	0.701193146193999	FALSE	up_in_cellobiose
YML030W	1922.18009753163	0.673172618719559	0.0708437365803358	9.50221785600186	2.0546678779844e-21	1.06758001082901e-20	0.66678692063058	FALSE	up_in_cellobiose
YOL127W	36284.2569136494	0.47965527131163	0.0504920527088654	9.49961915942095	2.10659309129291e-21	1.09362017305919e-20	0.476779403722173	FALSE	up_in_cellobiose
YAL035W	11867.2169521536	0.471555374373974	0.0496802176474041	9.49181377828793	2.27048706222099e-21	1.17769346074722e-20	0.468818209864442	FALSE	up_in_cellobiose
YBR140C	3397.95576154067	0.850695463728753	0.0896253825462964	9.49168014194329	2.27340020495261e-21	1.17819403937904e-20	0.840410894739636	FALSE	up_in_cellobiose
YPL024W	1239.0672443551	-0.609935618288894	0.064296856833963	-9.48624315903905	2.39510920624611e-21	1.23944332498377e-20	-0.605099403106504	FALSE	down_in_cellobiose
YOL053W	2273.38868709274	0.585785322563123	0.0617511965498914	9.4862181672843	2.39568327861446e-21	1.23944332498377e-20	0.581113357068376	FALSE	up_in_cellobiose
YJL002C	5565.96901984633	-0.452049358673764	0.0476983357245504	-9.47725642429687	2.61056478634584e-21	1.34946118186493e-20	-0.449437951028033	FALSE	down_in_cellobiose
YOL091W	845.294494106725	-0.721397091522065	0.0761758744031136	-9.47015176622086	2.79437398309767e-21	1.44324285651364e-20	-0.713827290584216	FALSE	down_in_cellobiose
YFL021W	3075.58933909978	-0.549976947498447	0.058157016701124	-9.45675996973582	3.17632832740402e-21	1.63911550547265e-20	-0.545818598351106	FALSE	down_in_cellobiose
YOR134W	822.062310674906	-0.764771170617643	0.080985366849116	-9.44332538546736	3.61132508182348e-21	1.8620029066384e-20	-0.756190537114987	FALSE	down_in_cellobiose
YIL042C	2329.05873090664	0.727460930656588	0.0770605323114946	9.44012335284734	3.72340806599986e-21	1.91815774984388e-20	0.719843222750514	FALSE	up_in_cellobiose
YOR020C	7563.68083426247	0.56067512987541	0.0594083324294268	9.43765136887919	3.81228403386801e-21	1.96227181590074e-20	0.556692279723399	FALSE	up_in_cellobiose
YCR043C	940.778983573448	-0.669583739664572	0.0709642560868162	-9.43550706492882	3.89107621846041e-21	2.00112491235107e-20	-0.662944408390005	FALSE	down_in_cellobiose
YCR045C	1680.10813043022	-0.62396812950278	0.066149724472606	-9.43266407347138	3.99803000089752e-21	2.05438279060563e-20	-0.618321364003384	FALSE	down_in_cellobiose
YML002W	2658.98246803431	-0.713444865057631	0.0756787925714142	-9.42727600185203	4.20876934834475e-21	2.16083506101775e-20	-0.706484248789873	FALSE	down_in_cellobiose
YDR076W	1236.98132695117	-0.604450200099754	0.0641559412980845	-9.42157792200924	4.44359230898168e-21	2.27946109285167e-20	-0.599756292435334	FALSE	down_in_cellobiose
YJR135W-A	1228.76634777672	0.624811311639185	0.0663340067947008	9.41917037475111	4.54666152240315e-21	2.33035668538087e-20	0.619289885602824	FALSE	up_in_cellobiose
YNL112W	5308.16116578322	1.01205643784947	0.107499992477109	9.41447915045186	4.75433671497542e-21	2.4347356860433e-20	0.997689263183443	FALSE	up_in_cellobiose
YNL004W	6113.99911097261	-0.408850928742133	0.0434385511550445	-9.41216771440715	4.86008431020295e-21	2.48678425618506e-20	-0.40682780412301	FALSE	down_in_cellobiose
YKL023W	2241.17785298908	-0.623147942153196	0.0662164391880998	-9.41077396782137	4.92496866306207e-21	2.51785380170747e-20	-0.617412406205214	FALSE	down_in_cellobiose
YJL201W	1998.8652382701	-0.537866863186609	0.0571626915406785	-9.40940408314833	4.98957685856311e-21	2.54872980072548e-20	-0.533853906433478	FALSE	down_in_cellobiose
YDR511W	853.882814579477	0.891084903476535	0.094739770428166	9.40560547539196	5.17314936892755e-21	2.64027066525517e-20	0.879672240367234	FALSE	up_in_cellobiose
YDL140C	6317.84106656705	0.642617336737634	0.0683418560364218	9.40298338393327	5.30374634411291e-21	2.70464231780732e-20	0.636766641864504	FALSE	up_in_cellobiose
YGR199W	2050.72615463337	-0.533432604216507	0.0567791984455107	-9.39485971659898	5.72941204161445e-21	2.91924886501131e-20	-0.529788483656789	FALSE	down_in_cellobiose
YMR101C	178.747018994128	1.30347855545072	0.138819563414374	9.38973242236663	6.01528756516142e-21	3.06232821499127e-20	1.28159915031479	FALSE	up_in_cellobiose
YMR152W	3572.99422271617	0.460242371262247	0.0490348599556924	9.38602397718928	6.23080238585868e-21	3.16937702520381e-20	0.457533327796585	FALSE	up_in_cellobiose
YNR013C	2213.82725285024	-0.635694560748537	0.0677995623759245	-9.3760864889339	6.84669291013786e-21	3.47973098491712e-20	-0.629786541656318	FALSE	down_in_cellobiose
YMR104C	3161.2927873747	0.513275922178636	0.0547868034015574	9.36860503462126	7.34974452564503e-21	3.73226321503788e-20	0.50976749768245	FALSE	up_in_cellobiose
YDL175C	1806.15472461156	-0.651112811212027	0.0695571617739862	-9.36083064067081	7.91122631743632e-21	4.01401818522272e-20	-0.644824214903484	FALSE	down_in_cellobiose
YPR041W	7322.42152441991	0.459723280444743	0.0491825091429925	9.34729212590904	8.99203248758994e-21	4.55857606747225e-20	0.457073794898847	FALSE	up_in_cellobiose
YDR320C-A	1361.94460354565	0.696864803345096	0.0745574227030401	9.34668579036976	9.04371264371545e-21	4.58093585169104e-20	0.68980987056899	FALSE	up_in_cellobiose
YMR257C	1388.81725920516	0.613622664628749	0.0656561716797532	9.34600128106426	9.10240887387132e-21	4.60680911039111e-20	0.608364165266713	FALSE	up_in_cellobiose
YFL029C	2194.65198244259	-0.488961415238918	0.0524107364558759	-9.32941317568721	1.06458680024075e-20	5.38346234770575e-20	-0.485725031819723	FALSE	down_in_cellobiose
YFR047C	8174.28002942921	-0.409428065853369	0.0439038668070754	-9.32555821683083	1.10400901114233e-20	5.57815079314017e-20	-0.407257963635709	FALSE	down_in_cellobiose
YMR049C	3048.68969421394	0.492921447977396	0.0528583192529908	9.3253333617774	1.10635250241042e-20	5.58532548796177e-20	0.489781088612852	FALSE	up_in_cellobiose
YLR340W	35203.1212027186	0.481048350794286	0.0516218358285343	9.31869901706176	1.17775515505007e-20	5.94083667868461e-20	0.477917945655707	FALSE	up_in_cellobiose
YHR219W	11787.9715869121	0.619416380641248	0.0664943815021924	9.31531907881308	1.21586527989609e-20	6.12796101067631e-20	0.613807392256938	FALSE	up_in_cellobiose
YBR056W-A	418.193862636934	0.98754949982724	0.106026258515149	9.31419738522736	1.22878034175506e-20	6.18789634216037e-20	0.973456520174043	FALSE	up_in_cellobiose
YNCD0033W	634.74272104717	-0.949276266895705	0.101975299357001	-9.30888433651389	1.29182104015996e-20	6.49994480107106e-20	-0.935925494748362	FALSE	down_in_cellobiose
YDR018C	827.658727097363	0.697828501035346	0.0750581590429096	9.297170486641	1.44232839132987e-20	7.25120707461601e-20	0.690625408792676	FALSE	up_in_cellobiose
YBR212W	3819.86910267188	0.497744672558403	0.0535468019578655	9.29550700245487	1.46506275594924e-20	7.35938500662876e-20	0.494662481999332	FALSE	up_in_cellobiose
YMR250W	10751.0935991369	0.695616628129443	0.0748576811979578	9.2925217158399	1.50675380761332e-20	7.56252865431149e-20	0.688277703515086	FALSE	up_in_cellobiose
YNL160W	18176.0880601816	-0.743050708810702	0.0799672581457705	-9.29193680063673	1.51505883496055e-20	7.59790699323502e-20	-0.734581093000229	FALSE	down_in_cellobiose
YMR128W	2753.60661784758	0.503849206777453	0.0542425004444484	9.28882707561505	1.5599787351704e-20	7.81669543522004e-20	0.500397932152563	FALSE	up_in_cellobiose
YOR201C	6551.38882710386	-0.615238623681666	0.0662366813084631	-9.28848806323055	1.5649546664988e-20	7.83513727068271e-20	-0.609111334126249	FALSE	down_in_cellobiose
YJL080C	6149.27880091583	0.46189232951959	0.0497321783802638	9.28759496493105	1.57813857629299e-20	7.89460885808108e-20	0.459198304636954	FALSE	up_in_cellobiose
YBL101C	2697.6697222247	0.483867448967615	0.0521285429799305	9.28219783840696	1.66018047002782e-20	8.29815825018865e-20	0.480729706709867	FALSE	up_in_cellobiose
YDR379C-A	808.484791578611	0.673000913162857	0.0725135173101762	9.28104080628303	1.67831004982029e-20	8.38184903494065e-20	0.666296386462868	FALSE	up_in_cellobiose
YDR034W-B	161.972883356642	1.53961033430637	0.165895058252137	9.28062807010429	1.68482448488901e-20	8.40744099390158e-20	1.51096744362595	FALSE	up_in_cellobiose
YER053C-A	68.0390222836379	2.77235610009679	0.29914719273803	9.26753172818375	1.90503233994793e-20	9.49846297774532e-20	2.71161041586982	FALSE	up_in_cellobiose
YPR162C	1396.50445023416	-0.605133612152077	0.0653116266578524	-9.265327524641	1.94479526374967e-20	9.68873291199178e-20	-0.599721524140005	FALSE	down_in_cellobiose
YJL163C	2393.37035072267	0.599488711984308	0.0647086731489881	9.26442596966899	1.96129440857201e-20	9.76288772266954e-20	0.594284053862102	FALSE	up_in_cellobiose
YMR123W	1556.54798736046	-0.581997837322347	0.062875193884786	-9.25639829260508	2.11444425971372e-20	1.05165780285761e-19	-0.576978187129518	FALSE	down_in_cellobiose
YOR113W	2495.89112463547	0.521014721871379	0.05632488854814	9.25016871406813	2.24138599719065e-20	1.11387859581011e-19	0.517245101672194	FALSE	up_in_cellobiose
YLL063C	1309.33406013232	-0.629390740258466	0.0681095638687283	-9.24085700315934	2.44530737845636e-20	1.21422159481971e-19	-0.623465534747203	FALSE	down_in_cellobiose
YGL163C	3302.62017241112	0.538920006502478	0.0583252223873357	9.23991344471059	2.46696715937524e-20	1.22397189334712e-19	0.534980336746976	FALSE	up_in_cellobiose
YOR085W	3344.19957439403	-0.515442797809151	0.0558019166859183	-9.23700884165551	2.53484127510549e-20	1.2566163960523e-19	-0.511681147786276	FALSE	down_in_cellobiose
YIL137C	3709.70782746451	0.538217143265552	0.0583309033496969	9.22696396520573	2.78411231444658e-20	1.37905907270867e-19	0.534102340555812	FALSE	up_in_cellobiose
YKL103C	9256.07379304512	-0.617757573253308	0.066981346800052	-9.22282997828326	2.89360421942978e-20	1.43212097537736e-19	-0.612013010852801	FALSE	down_in_cellobiose
YGL154C	1728.03478824121	-0.653055387380525	0.0708531913641711	-9.21702148917968	3.05467337610207e-20	1.51060217323511e-19	-0.646739896516848	FALSE	down_in_cellobiose
YOR028C	676.145074412552	0.798811478274207	0.0867246334042735	9.21089483942222	3.23417374435939e-20	1.59806232074229e-19	0.789079633517202	FALSE	up_in_cellobiose
YIL014W	2398.99221391559	-0.482671232757602	0.0524052374433418	-9.21036248102958	3.25025465658894e-20	1.60469715616734e-19	-0.479413542226331	FALSE	down_in_cellobiose
YBR025C	14944.5220972214	0.501891501238762	0.0545099960478567	9.20732962075671	3.3433874154138e-20	1.64933173641294e-19	0.49848526216674	FALSE	up_in_cellobiose
YOL071W	1770.13941124762	0.609257303799071	0.0661837738135054	9.20553889108611	3.3996105892709e-20	1.67570047627632e-19	0.603878005528686	FALSE	up_in_cellobiose
YPL103C	1282.8115052798	-0.692066044960582	0.0752395692087082	-9.19816596824006	3.64111075690498e-20	1.79327669851477e-19	-0.684715133426117	FALSE	down_in_cellobiose
YER025W	6243.51679701332	0.480432964103693	0.052258143970332	9.19345632283543	3.80417251972478e-20	1.87206146454804e-19	0.477429684881886	FALSE	up_in_cellobiose
YMR263W	1145.57116765119	-0.648334369916415	0.070624213769017	-9.18005787698895	4.30859790786224e-20	2.11856911762202e-19	-0.641842654497814	FALSE	down_in_cellobiose
YFL044C	1870.03215308662	0.604690440654139	0.065889732689239	9.17730905824263	4.41998293249685e-20	2.17157244319585e-19	0.59927677121158	FALSE	up_in_cellobiose
YKL206C	1559.51028464287	-0.540634390199465	0.058939815472771	-9.17265155757447	4.61524309380168e-20	2.26566479150264e-19	-0.536381508902612	FALSE	down_in_cellobiose
YOL121C	17741.1449426495	0.491210391799819	0.0535767900659139	9.16834306787505	4.80345184454015e-20	2.35614572228539e-19	0.488058500134325	FALSE	up_in_cellobiose
YJL158C	12058.6746814249	0.942005642069481	0.102846327777922	9.15935126146233	5.22102358397153e-20	2.55889389269528e-19	0.921334473609383	FALSE	up_in_cellobiose
YBL102W	3285.9068057853	-0.490041728316486	0.0535522766416632	-9.15071700117485	5.65569083937581e-20	2.76968568393076e-19	-0.486659793847954	FALSE	down_in_cellobiose
YMR237W	2747.4535272718	-0.461437078968654	0.050458294294918	-9.14492028350487	5.967385840277e-20	2.91996355679574e-19	-0.458531819213148	FALSE	down_in_cellobiose
YJL123C	6550.55724564017	0.416851349031763	0.0456295549909715	9.13555587193965	6.50716091908361e-20	3.18151246876456e-19	0.414606643326678	FALSE	up_in_cellobiose
YBR221C	16230.7274936083	-0.356164230439015	0.0389949626379825	-9.13359588892383	6.62610116752472e-20	3.23704845405408e-19	-0.354421848304154	FALSE	down_in_cellobiose
YLR451W	2321.17963187	-0.55867769960101	0.0611795044507889	-9.13177876506658	6.73829049760488e-20	3.28919942933933e-19	-0.553979434569774	FALSE	down_in_cellobiose
YPR157W	695.125579520307	-0.871270478757192	0.0954417211706702	-9.12882194568949	6.92487092204203e-20	3.37754994649276e-19	-0.859409129712946	FALSE	down_in_cellobiose
YPR170W-B	4501.4339002902	-0.417185761799363	0.0457502865791874	-9.11875734542716	7.59906175044239e-20	3.70339447757257e-19	-0.414892636769186	FALSE	down_in_cellobiose
YNR037C	1466.27661955805	0.643568868904514	0.07077039830711	9.09375790301094	9.56737538715382e-20	4.65889584070099e-19	0.637234681072755	FALSE	up_in_cellobiose
YIL154C	4692.16654897168	0.421090528236702	0.0463399184108928	9.08699330246812	1.01815658406111e-19	4.95399116685568e-19	0.41888034735431	FALSE	up_in_cellobiose
YLR075W	68222.396817549	0.398298111400799	0.0438347551566878	9.08635419490945	1.02415697353568e-19	4.9791811703728e-19	0.403856356106631	FALSE	up_in_cellobiose
YBR078W	24455.0762489945	0.56192837427396	0.0618782567517638	9.08119271246183	1.07391489381201e-19	5.21689741186751e-19	0.557963945706963	FALSE	up_in_cellobiose
YDR436W	2467.34823365428	0.545861452942532	0.060144982679835	9.07576041460138	1.12886465795291e-19	5.47943294646808e-19	0.541470662149773	FALSE	up_in_cellobiose
YNL184C	190.319769665233	1.22767588107243	0.135341327356309	9.07096084435735	1.17972041319763e-19	5.72169130635066e-19	1.20624061580592	FALSE	up_in_cellobiose
YLR254C	2151.75678891303	0.521755868272431	0.0575324743499861	9.06889324972265	1.20232013257283e-19	5.82662833477601e-19	0.517806169688046	FALSE	up_in_cellobiose
YMR309C	6720.30856842455	0.537540158742823	0.0593078470200209	9.06355879958621	1.26262304084154e-19	6.11396649400289e-19	0.533317326163173	FALSE	up_in_cellobiose
YIL149C	3829.30875052644	0.522492821929533	0.0578245998302385	9.0358225299175	1.62773623361222e-19	7.87563899270937e-19	0.518513403786717	FALSE	up_in_cellobiose
YDR297W	10705.0242896539	0.506779963056265	0.0561198468659977	9.03031621355541	1.71176439152459e-19	8.27558036765846e-19	0.50308443458228	FALSE	up_in_cellobiose
YBL033C	7829.06098096076	0.799326333648919	0.0886027569822781	9.02146119232832	1.85596991449153e-19	8.96557990642555e-19	0.789281443463489	FALSE	up_in_cellobiose
YDR006C	3339.86046902911	0.695937204955605	0.0771722667234659	9.01797024375844	1.91606354746225e-19	9.24111031503325e-19	0.688332667672671	FALSE	up_in_cellobiose
YGL096W	1770.69008351221	0.634438418014789	0.07035214126329	9.0180399149534	1.91484562159089e-19	9.24111031503325e-19	0.628217547197889	FALSE	up_in_cellobiose
YOL081W	3110.72384353002	0.638834560344845	0.070855920779081	9.01596582643593	1.95143255668419e-19	9.40419450424382e-19	0.632510898857248	FALSE	up_in_cellobiose
YOR086C	6664.08755726941	0.47340989948525	0.0525202964083817	9.01384668136981	1.9895276613346e-19	9.58014593610801e-19	0.470287592568591	FALSE	up_in_cellobiose
YOR369C	36343.3068722523	0.585062966939489	0.0649787629312557	9.00391051701701	2.17817689769923e-19	1.04718711266176e-18	0.581255990031067	FALSE	up_in_cellobiose
YLR133W	2124.94547348487	-0.487843060696335	0.0541807268848932	-9.00399623158908	2.17647625740566e-19	1.04718711266176e-18	-0.484450109031658	FALSE	down_in_cellobiose
YOR025W	2585.00739832344	-0.558604598415635	0.0620501456575411	-9.00247038094981	2.20694740477037e-19	1.0601761639437e-18	-0.553842380038156	FALSE	down_in_cellobiose
YLR360W	1471.32022293633	-0.638938576163701	0.0709838992033321	-9.00117608830522	2.23312449350183e-19	1.07189975688088e-18	-0.632221184951678	FALSE	down_in_cellobiose
YGR169C-A	1749.59303573888	0.49859859020676	0.0554052450679776	8.99912254868688	2.2752882305985e-19	1.09127226159078e-18	0.495031447400312	FALSE	up_in_cellobiose
YPL256C	1447.14844910129	-0.744539577141272	0.0827491712507462	-8.99754723688013	2.30816517016686e-19	1.10616346665366e-18	-0.735694610386079	FALSE	down_in_cellobiose
YDR453C	2468.2168703066	-0.607769648405867	0.0676117505817167	-8.98911273819639	2.49234273735224e-19	1.19348288800525e-18	-0.601959174809636	FALSE	down_in_cellobiose
YML034W	2379.02112408739	0.502583013624633	0.0559474302379867	8.98312954655412	2.63172383898212e-19	1.25922988751297e-18	0.498964361273107	FALSE	up_in_cellobiose
YIL056W	3255.17581649682	-0.481687010726242	0.0536260944189862	-8.98232504054411	2.65104316428732e-19	1.2674710717478e-18	-0.478309063660794	FALSE	down_in_cellobiose
YDL138W	2177.42719817355	-0.563751901474498	0.0627964764752636	-8.97744480451173	2.7712761512083e-19	1.32390822768624e-18	-0.558832651881613	FALSE	down_in_cellobiose
YOR091W	2864.56066140095	0.515052211305274	0.0573960077873308	8.97365916482719	2.86823833887012e-19	1.36914802474242e-18	0.511004973073429	FALSE	up_in_cellobiose
YOL103W-B	16918.3516321649	-0.624875017915079	0.0696382752645008	-8.97315471329053	2.88140946085385e-19	1.37435050624954e-18	-0.618343035883903	FALSE	down_in_cellobiose
YPL156C	2214.49312548095	-0.509644145159293	0.056817862446751	-8.96978737341491	2.97087376467045e-19	1.41590579422592e-18	-0.505775214530449	FALSE	down_in_cellobiose
YNL110C	3866.66027359304	0.688453238890754	0.0768265315567557	8.96113913957132	3.21341268467998e-19	1.53029290684603e-18	0.680948833143641	FALSE	up_in_cellobiose
YMR230W	10948.5333721211	0.494607381046542	0.0552205714680879	8.95694064543277	3.33811278484214e-19	1.5884269176023e-18	0.489564382515	FALSE	up_in_cellobiose
YLR022C	1665.18730153657	-0.563678005143379	0.0629533831845025	-8.95389535287346	3.43154135817407e-19	1.63160079671673e-18	-0.558741313506774	FALSE	down_in_cellobiose
YPR082C	1810.55871261894	0.590202877515458	0.0659165362882802	8.95379082017079	3.43479383604922e-19	1.63186434567366e-18	0.584893863192528	FALSE	up_in_cellobiose
YEL067C	866.575610435128	-0.631436300164147	0.0705635468081343	-8.94847734739089	3.60419394519492e-19	1.71100196079583e-18	-0.625073853695003	FALSE	down_in_cellobiose
YCL045C	4616.82898527376	-0.433806233574125	0.0484947451909349	-8.94542763068722	3.70512375566059e-19	1.75753635092041e-18	-0.431105479698164	FALSE	down_in_cellobiose
YGL035C	10441.4576336859	0.754965953452452	0.0844135798149782	8.9436552164619	3.7650591788702e-19	1.78456723462437e-18	0.74582836440821	FALSE	up_in_cellobiose
YMR313C	2617.24529495815	-0.517902731681164	0.0579864105723067	-8.9314500857983	4.20460750773571e-19	1.99134426051571e-18	-0.513844562041686	FALSE	down_in_cellobiose
YBL095W	962.572373305312	0.651772991851628	0.073107194432062	8.91530576320114	4.8647203505307e-19	2.30217751799762e-18	0.644999341735341	FALSE	up_in_cellobiose
YDL235C	2143.90079841411	-0.493758354265713	0.0554122792283702	-8.91063066059401	5.0743089975633e-19	2.39948559947325e-18	-0.490068728284402	FALSE	down_in_cellobiose
NR_172477.1	460.022692310293	-0.834808662958045	0.0937176156836596	-8.90770275009889	5.21008639263108e-19	2.46176582051819e-18	-0.823339944258945	FALSE	down_in_cellobiose
YDR276C	4907.36328669585	0.603690005320519	0.0678014486629219	8.90379213461637	5.39704763497599e-19	2.54811429323456e-18	0.598017429098222	FALSE	up_in_cellobiose
YGR214W	23666.5379819551	0.459222060658911	0.0515884625497635	8.90164269221891	5.50261615976851e-19	2.59592999487363e-18	0.448239888783644	FALSE	up_in_cellobiose
YDR410C	1532.9072826893	-0.524249424067179	0.0589413354766331	-8.89442731196707	5.87213304351668e-19	2.76809514007708e-18	-0.520044968208887	FALSE	down_in_cellobiose
YOR164C	2522.19732715507	-0.459661574833866	0.0516846670231199	-8.89357717305689	5.91725343583858e-19	2.78719227258191e-18	-0.456594586444716	FALSE	down_in_cellobiose
YDR105C	2344.154262963	-0.467145730282036	0.0525538728933199	-8.88889256992161	6.17209683050362e-19	2.90496822030241e-18	-0.463940997466538	FALSE	down_in_cellobiose
YJL216C	279.08169342515	-1.00813559606002	0.113427357841619	-8.88794039853864	6.22520572007372e-19	2.92768617379517e-18	-0.991854557637196	FALSE	down_in_cellobiose
YOL122C	4146.61498024912	0.506955448217799	0.0570503800639092	8.88610115567847	6.3290737610731e-19	2.97422207513365e-18	0.503120480874889	FALSE	up_in_cellobiose
YDR072C	3788.6631840698	0.605078379001034	0.0681019998369853	8.88488415097062	6.39874120089167e-19	3.00462630302739e-18	0.599000506745914	FALSE	up_in_cellobiose
YLR099C	2733.77196558299	0.699629095002005	0.0787566120378484	8.88343310991821	6.48279661149649e-19	3.04173420530107e-18	0.691755555301962	FALSE	up_in_cellobiose
YGL080W	1724.16067133356	0.539181229836577	0.0607204404719492	8.87973186040475	6.70217249419838e-19	3.14222784844277e-18	0.534766074087534	FALSE	up_in_cellobiose
YLR390W	1043.0069007795	0.677325273961068	0.0762993990035565	8.87720326512003	6.85624401902885e-19	3.21197241108339e-18	0.669888937389747	FALSE	up_in_cellobiose
YPL215W	2744.11613558266	0.437642448851101	0.0493190272253425	8.87370399362255	7.07524612236699e-19	3.31200375759099e-18	0.434913694072308	FALSE	up_in_cellobiose
YPL016W	2035.91639047777	0.493077553992218	0.0555866624004812	8.87042921267295	7.28645090898747e-19	3.40823318619924e-18	0.489465116735503	FALSE	up_in_cellobiose
YNR022C	1786.16319156007	0.544934194844856	0.0614369003621315	8.86981914179939	7.32647954173298e-19	3.42430821239576e-18	0.540373897820145	FALSE	up_in_cellobiose
YDL051W	4201.28634915577	0.503728431092095	0.0567950209120765	8.86923577107067	7.36495942025771e-19	3.43963510221765e-18	0.499941896434038	FALSE	up_in_cellobiose
YBL004W	2372.06951728492	0.626921632814835	0.0707071262967514	8.86645612188653	7.5510678148311e-19	3.52383164692118e-18	0.620604877274641	FALSE	up_in_cellobiose
YHR009C	4750.36701569681	0.419378634810177	0.0473693533442658	8.85337470753005	8.49119936681928e-19	3.95950453126623e-18	0.416949961912615	FALSE	up_in_cellobiose
YBR150C	1631.42359323017	0.56140020330474	0.0634374409644091	8.84966661280848	8.7781123348094e-19	4.09014047772937e-18	0.556501989616601	FALSE	up_in_cellobiose
YLR152C	2929.30431025212	-0.481831464063056	0.0544564026224878	-8.84802228680605	8.90838642927427e-19	4.14764596799467e-18	-0.47817456733873	FALSE	down_in_cellobiose
YLR461W	234.621999954616	-1.24291154674017	0.140516140028223	-8.84532941547166	9.12586927703122e-19	4.24563518365268e-18	-1.21965667689615	FALSE	down_in_cellobiose
YEL051W	8569.5811974407	-0.383627470979343	0.0433920446470092	-8.84096322494416	9.48968926672655e-19	4.41150197426304e-18	-0.381578619840034	FALSE	down_in_cellobiose
YHL031C	2353.30585159467	0.505649038756685	0.0572226219275528	8.83652341895248	9.87432920878367e-19	4.58678518085435e-18	0.501918628694229	FALSE	up_in_cellobiose
YHR040W	2120.33777861016	0.483855441988323	0.054772505507161	8.83391105643438	1.01078031567981e-18	4.69163418974021e-18	0.480401053048621	FALSE	up_in_cellobiose
YDR452W	6993.62790182482	-0.462685661091146	0.0523919721083892	-8.83123200886457	1.03528991279538e-18	4.80171272437611e-18	-0.459348937414129	FALSE	down_in_cellobiose
YJL144W	1286.91288344302	0.743994835255508	0.0843097331617122	8.82454264003507	1.09908052098112e-18	5.09366972482285e-18	0.734633744090904	FALSE	up_in_cellobiose
YGL012W	9153.00716963227	-0.827450915717193	0.093772327549416	-8.82404156259366	1.10401220721378e-18	5.1126078324877e-18	-0.814898823637464	FALSE	down_in_cellobiose
YOR147W	2664.72048685261	0.478431255557298	0.0542262226756419	8.82287631242673	1.11556545577136e-18	5.1582109147593e-18	0.475055580966955	FALSE	up_in_cellobiose
YDL173W	7962.7659018194	0.392840946205104	0.0445252248044327	8.8228851831871	1.1154770543106e-18	5.1582109147593e-18	0.390803267516655	FALSE	up_in_cellobiose
YDR437W	259.566264079864	-1.0962561412293	0.124258386190504	-8.82239158931776	1.12040649152986e-18	5.17663747958182e-18	-1.07718575700654	FALSE	down_in_cellobiose
YBR110W	2381.67925265357	-0.453568419252774	0.0514374722678538	-8.81785980638546	1.16668199862478e-18	5.38633032647531e-18	-0.450547860440757	FALSE	down_in_cellobiose
YOR142W-B	13210.6636074524	-0.996813743967243	0.113054627659528	-8.81709811091697	1.17464309027629e-18	5.41894844392907e-18	-0.980433084322019	FALSE	down_in_cellobiose
YNR018W	4863.89264803962	0.860326545949171	0.0975938692438261	8.8153749063863	1.19285220691096e-18	5.49875773429685e-18	0.848162618605069	FALSE	up_in_cellobiose
YNL327W	11191.9253985926	-0.737986571394396	0.083770393891509	-8.80963473026237	1.25554301733901e-18	5.78333904711828e-18	-0.728763232934055	FALSE	down_in_cellobiose
YOL084W	888.993038706489	0.708266307712615	0.0804309034795548	8.80589769693006	1.29809404955268e-18	5.97478904999589e-18	0.699945394309658	FALSE	up_in_cellobiose
YNL264C	1903.36509177764	-0.564875652644508	0.0641566708006907	-8.80462850697711	1.31286696069313e-18	6.03818964127153e-18	-0.559710918582702	FALSE	down_in_cellobiose
YKL182W	19141.5769120937	0.505949172826908	0.0574659591232848	8.80432834578587	1.31638493303263e-18	6.0497690539372e-18	0.502461609783766	FALSE	up_in_cellobiose
YGR159C	26828.8262971434	1.72119324562313	0.195498428048535	8.804128313481	1.31873453469289e-18	6.05596542583339e-18	1.68400346002549	FALSE	up_in_cellobiose
YCR024C-B	7180.30788831498	0.477395643770693	0.0542832741314443	8.79452559576093	1.43653623206433e-18	6.59193560813736e-18	0.474074296646194	FALSE	up_in_cellobiose
YDR517W	6849.40761012817	0.42671258114112	0.0485341452367754	8.79200775164348	1.46910631319652e-18	6.73628126020664e-18	0.424420121203427	FALSE	up_in_cellobiose
YPL088W	2224.39364390096	0.530045436476035	0.0602920932003967	8.79129266111709	1.47848874644141e-18	6.77416662005882e-18	0.525696757713894	FALSE	up_in_cellobiose
YPR100W	1488.42739829345	0.780183505902035	0.0888225368822831	8.78362106382995	1.58294339695904e-18	7.24726848206531e-18	0.770040295499447	FALSE	up_in_cellobiose
YGR220C	2347.38578720826	0.47334032708968	0.0538948190432148	8.78266845483122	1.59641220537531e-18	7.30340470356267e-18	0.469969682972802	FALSE	up_in_cellobiose
YOL048C	1495.67731148013	-0.713909988927215	0.0813178417023101	-8.77925402325249	1.64562473115813e-18	7.52285591386573e-18	-0.705057905728629	FALSE	down_in_cellobiose
YNCG0010W	248.175839708134	1.12573581346062	0.128259434164453	8.77702151731938	1.67860895725091e-18	7.66205809317247e-18	1.10583861622004	FALSE	up_in_cellobiose
YMR012W	5534.32589019208	0.511421959381107	0.0582682710387823	8.77702307385633	1.6785857342413e-18	7.66205809317247e-18	0.507670657922954	FALSE	up_in_cellobiose
YNCL0014C	1865.74183584684	1.06677693861	0.121578511610674	8.77438722087751	1.71836989053657e-18	7.83763280389531e-18	1.04866199986805	FALSE	up_in_cellobiose
YDR172W	10650.6887001287	0.397241644042265	0.0453002778165729	8.76907743592108	1.8013612790339e-18	8.20997212931199e-18	0.395111172049447	FALSE	up_in_cellobiose
YPL200W	52.1427420696775	2.46553273534752	0.281248797443368	8.76637609746215	1.84508953306207e-18	8.40293787346341e-18	2.40662404740726	FALSE	up_in_cellobiose
YOR330C	3216.81535206334	0.536049839647851	0.0611952124708284	8.75966955590496	1.95823578255388e-18	8.91151994950028e-18	0.53163230641205	FALSE	up_in_cellobiose
YDR179W-A	1171.04725886709	-0.583247475432704	0.0666074377085831	-8.75649169968815	2.01421557957761e-18	9.15938031976347e-18	-0.577638458169096	FALSE	down_in_cellobiose
YDR034C-D	2791.96419716821	-0.848806366431569	0.0969491090149293	-8.75517449367029	2.03787951135524e-18	9.26002650989969e-18	-0.836532646273459	FALSE	down_in_cellobiose
YJL079C	68405.0181413432	0.569467553283238	0.0650546423695019	8.75368048368841	2.06505215711521e-18	9.37645303771229e-18	0.56602280119989	FALSE	up_in_cellobiose
YOL014W	577.844509338391	-0.758150164653899	0.0867164989808041	-8.74285947385545	2.27283314803311e-18	1.03121491967774e-17	-0.748253872370029	FALSE	down_in_cellobiose
YJL043W	450.504654383657	0.830654595188933	0.0950184846058942	8.74203160189534	2.28955420313522e-18	1.03802277515456e-17	0.819066124919668	FALSE	up_in_cellobiose
YKR046C	4755.58821654012	0.482889339161554	0.0552741224595317	8.73626423495183	2.40946010110086e-18	1.09156664355491e-17	0.479368021020376	FALSE	up_in_cellobiose
YKR093W	1134.68741977336	0.57056827425825	0.0653160369520826	8.7355005123295	2.42579609867747e-18	1.09814482071866e-17	0.565333225847561	FALSE	up_in_cellobiose
YPR028W	7229.06081379727	-0.388066757480335	0.0444307802720305	-8.73418731573853	2.45414139044141e-18	1.11014563421014e-17	-0.385899407882472	FALSE	down_in_cellobiose
YJL105W	4113.58256912716	-0.526144948721509	0.0602581866587633	-8.73150982290624	2.51295195931979e-18	1.13589936098401e-17	-0.521699541168135	FALSE	down_in_cellobiose
YEL060C	27357.6191152244	0.582644264058058	0.0667522391229297	8.72846022415924	2.58163211028873e-18	1.16607251702959e-17	0.57770482720436	FALSE	up_in_cellobiose
YDR349C	4497.32403180641	-0.424025855137651	0.0485992111306736	-8.72495345649809	2.66290133543546e-18	1.20188263259057e-17	-0.421414772702021	FALSE	down_in_cellobiose
YJR005C-A	69.4384375893848	-2.09928744678416	0.241324135680283	-8.69903642611772	3.34714079821081e-18	1.50958296402528e-17	-2.04942332623058	FALSE	down_in_cellobiose
YBR293W	2130.83546823495	-0.492903639864102	0.0566775001057379	-8.6966369184339	3.41865102175939e-18	1.54068564676608e-17	-0.489046013977587	FALSE	down_in_cellobiose
YMR002W	2746.99798282378	0.633894917097926	0.072951183426699	8.68930272714301	3.64670729782577e-18	1.64224018892407e-17	0.627196875487336	FALSE	up_in_cellobiose
YOL047C	978.924147772451	0.667732984381251	0.0768924928912552	8.6839814821141	3.82151035335904e-18	1.71967965901157e-17	0.660189616527538	FALSE	up_in_cellobiose
YLL009C	1326.56920964364	0.701090760788009	0.0807625425908851	8.680890153985	3.92683262318009e-18	1.76576087025971e-17	0.692752948358272	FALSE	up_in_cellobiose
YGL189C	32210.1167578758	0.485502404714209	0.0560416817390709	8.66323760544339	4.58551259047154e-18	2.06041457259821e-17	0.481916529313981	FALSE	up_in_cellobiose
YAR002W	2587.97920564284	-0.430398930890938	0.0496922855801036	-8.66128264913751	4.66485277156883e-18	2.0945085050073e-17	-0.427663080933943	FALSE	down_in_cellobiose
YDR040C	13430.3492610194	0.718344251614279	0.0829566133299628	8.65927649139966	4.74767967527088e-18	2.13011622225803e-17	0.70957754853662	FALSE	up_in_cellobiose
YKL185W	6344.80817622703	-0.44051493171711	0.0508820824077425	-8.65756492014327	4.81949059880528e-18	2.16073233073197e-17	-0.437596489070571	FALSE	down_in_cellobiose
YMR276W	7703.78838408861	0.527907605336188	0.0609815651523036	8.65683922703066	4.85026059325573e-18	2.17291674577857e-17	0.523891783050971	FALSE	up_in_cellobiose
YDR357C	1702.75914505151	0.506861660537969	0.0585660097169281	8.65453635970464	4.94919391219202e-18	2.21559768918855e-17	0.502846595296358	FALSE	up_in_cellobiose
YKR099W	2882.97507691438	-0.584799378651745	0.0676038771898563	-8.65038224079095	5.1327220163439e-18	2.29605789606863e-17	-0.579047975874505	FALSE	down_in_cellobiose
YJR084W	2282.53359694511	-0.452975558084272	0.0523740267058283	-8.64885872970052	5.2017007183048e-18	2.32519482219567e-17	-0.449827978341833	FALSE	down_in_cellobiose
YMR274C	739.713628549306	-0.640995640636574	0.0742173904929393	-8.63673104617651	5.78443477629282e-18	2.58377116152282e-17	-0.634900025493769	FALSE	down_in_cellobiose
YNL145W	83.4378259955883	-1.76003511243656	0.203856132762088	-8.6337118662534	5.9392494440371e-18	2.65096536070379e-17	-1.71970783330233	FALSE	down_in_cellobiose
YGL207W	7576.20371648929	0.398820398743004	0.046257003941372	8.62183809501551	6.58878202780334e-18	2.9387134000114e-17	0.396674980544008	FALSE	up_in_cellobiose
YPL037C	14693.2834615519	0.45388095445886	0.0526533975599743	8.62016461410437	6.68579284933535e-18	2.97978446225352e-17	0.450227026206217	FALSE	up_in_cellobiose
YJR082C	1578.02117194745	0.507624252087652	0.0589349264833744	8.61330084514236	7.09864904427469e-18	3.16146019291409e-17	0.503542478247098	FALSE	up_in_cellobiose
YBR102C	2190.64506246066	-0.513729999659624	0.0596473507927509	-8.61278820990083	7.13047500682855e-18	3.17329748648264e-17	-0.50945430584857	FALSE	down_in_cellobiose
YHR215W	1992.82203493377	-0.473603689939992	0.0550086147268498	-8.60962764271948	7.32982684460878e-18	3.25961711442602e-17	-0.470093756187925	FALSE	down_in_cellobiose
YDR500C	18261.6700785603	0.532247196219315	0.0619365693539828	8.59342391370421	8.4415396807119e-18	3.75124408441922e-17	0.526802894482765	FALSE	up_in_cellobiose
YNL014W	3880.50323750097	0.398131141500634	0.0463668339642748	8.58655007170405	8.961976524259e-18	3.97959133764452e-17	0.395892480231598	FALSE	up_in_cellobiose
YGL029W	1463.6113874571	0.587590200168017	0.0684578473748697	8.58324096798458	9.22368607945043e-18	4.09279922292855e-17	0.581796692686794	FALSE	up_in_cellobiose
YOR012W	1122.55886454195	-0.670171024073998	0.0780818331048075	-8.58293148899877	9.24854436009098e-18	4.10082084236292e-17	-0.662277899585472	FALSE	down_in_cellobiose
YGR231C	5371.58095986763	0.488813928378435	0.0569957849708243	8.57631715448179	9.79591990295726e-18	4.34034604931029e-17	0.485056224652542	FALSE	up_in_cellobiose
YOR145C	5722.31764878273	0.545663267960229	0.0636667296331375	8.57061876908814	1.02930465620495e-17	4.55727273845353e-17	0.540795583725268	FALSE	up_in_cellobiose
YNL237W	1090.55870474575	-0.594427901055593	0.0693922883844331	-8.56619539281459	1.06960329056633e-17	4.73223167618518e-17	-0.588350096343167	FALSE	down_in_cellobiose
YPR057W	2896.62152758226	-0.467733149665676	0.0546190145483908	-8.56355892783965	1.09435896651309e-17	4.83821858879472e-17	-0.464014533840905	FALSE	down_in_cellobiose
YER056C-A	11194.6980857385	0.493381440115946	0.0576532446751499	8.55773934140097	1.15102243045241e-17	5.08501362993144e-17	0.491180217287827	FALSE	up_in_cellobiose
YGR132C	5352.1930862781	0.433576288767201	0.0506937118292487	8.5528613534478	1.20074095623442e-17	5.30078927248597e-17	0.430771483397086	FALSE	up_in_cellobiose
YPL277C	1011.98492170419	-0.70507375072615	0.082466848010213	-8.54978415858493	1.23318904907684e-17	5.44006372634334e-17	-0.69622417015299	FALSE	down_in_cellobiose
YLR155C	38294.2480663791	0.586397340194959	0.0686250165916142	8.54495006805748	1.28591860400105e-17	5.66853915233116e-17	0.580823702811015	FALSE	up_in_cellobiose
YNL260C	482.267603206607	-0.794304997715575	0.0929606995221988	-8.54452474861053	1.29066303889457e-17	5.68530958429305e-17	-0.782989380927741	FALSE	down_in_cellobiose
YHR050W-A	178.386756636756	1.30142367914485	0.152391258410405	8.54001530481487	1.3420405948207e-17	5.90732279292255e-17	1.27496603459984	FALSE	up_in_cellobiose
YDR009W	723.06142885022	0.656487966067162	0.0768735057925021	8.53984684709401	1.34399849673277e-17	5.91163847871985e-17	0.649005382275975	FALSE	up_in_cellobiose
YNL100W	1735.86514288639	0.573747022139332	0.06721927543727	8.53545383235737	1.39606345278301e-17	6.13618587386019e-17	0.568190219034516	FALSE	up_in_cellobiose
YLR274W	3092.4044157661	0.444491472258139	0.0521632105222809	8.52116784622143	1.57952430732963e-17	6.93751852631053e-17	0.441490736598691	FALSE	up_in_cellobiose
YMR215W	2743.2979222407	-0.462183087142336	0.0542415880602252	-8.52082513935924	1.58420565080998e-17	6.95303031647226e-17	-0.458746171642821	FALSE	down_in_cellobiose
YLR278C	2719.58150409846	-0.472812679203931	0.0555044981311576	-8.51845697418379	1.61693085512902e-17	7.09151400422067e-17	-0.469039728064367	FALSE	down_in_cellobiose
YMR211W	1093.7983262097	-0.581615450066167	0.068351053930591	-8.50923894541239	1.75078704096004e-17	7.67301450994659e-17	-0.575753681619293	FALSE	down_in_cellobiose
YGL030W	27234.9039437717	0.534966980048714	0.0629708203396129	8.49547420795126	1.97126425369517e-17	8.63302404514728e-17	0.530411397669135	FALSE	up_in_cellobiose
YFL033C	2570.99709468407	0.535982415910186	0.063098475315465	8.49437982820514	1.98992559397446e-17	8.70844427811686e-17	0.531188269929968	FALSE	up_in_cellobiose
YDR304C	7078.55156730135	-0.383615511509412	0.0451896726595928	-8.48900841568674	2.08407633200856e-17	9.1138782762023e-17	-0.381481823403867	FALSE	down_in_cellobiose
YMR319C	38277.8703480046	-0.706366488548074	0.0832190537424607	-8.4880379766643	2.10154900786357e-17	9.18364768754253e-17	-0.69731075627354	FALSE	down_in_cellobiose
YDL061C	8158.60300092232	0.492408528360576	0.0580147782336236	8.48763958689393	2.10876375882581e-17	9.20852217572456e-17	0.488530087837547	FALSE	up_in_cellobiose
YCR065W	1424.76584661075	-0.555110850266028	0.0654500918128438	-8.48143730421924	2.22428912055014e-17	9.70598888967335e-17	-0.549799921435021	FALSE	down_in_cellobiose
YGR266W	726.63144610672	-0.749637840218098	0.0884215585957673	-8.47799848954464	2.29100941694543e-17	9.98992426365248e-17	-0.739402707107272	FALSE	down_in_cellobiose
YBL001C	7143.49220327475	0.584745076140914	0.0689800789255832	8.47701372988782	2.31047689927585e-17	1.00675535207639e-16	0.578942121764975	FALSE	up_in_cellobiose
YPL018W	1127.65274012647	-0.648186153155262	0.0765218808521011	-8.47059881353484	2.44134712955246e-17	1.06301421450923e-16	-0.640649167433404	FALSE	down_in_cellobiose
YJL097W	2680.54885606025	-0.729561701872287	0.0862442841588923	-8.45924699807558	2.69109511441279e-17	1.17091678071716e-16	-0.719159002221575	FALSE	down_in_cellobiose
YNCL0016C	40823.8029314155	1.87008737740063	0.221072793075558	8.45914755671212	2.6933906331514e-17	1.17107308046727e-16	1.82383187058443	FALSE	up_in_cellobiose
YKR044W	1635.74300559193	-0.507597439292054	0.0601910768056895	-8.43310115435705	3.36623493016837e-17	1.46257103862488e-16	-0.50322656145614	FALSE	down_in_cellobiose
YLL066C	10348.9481750838	0.59143031420737	0.0701941382288165	8.42563680003373	3.58793515078196e-17	1.55777686948523e-16	0.585359993615809	FALSE	up_in_cellobiose
YOR087W	1669.72799547634	-0.477758050937621	0.056703863988623	-8.42549373766623	3.59232197534254e-17	1.55856264755177e-16	-0.47401336570478	FALSE	down_in_cellobiose
YMR083W	11833.5472633231	-0.431433226786483	0.0512128668528706	-8.42431313259512	3.62872629450477e-17	1.5732284321982e-16	-0.428191699086285	FALSE	down_in_cellobiose
YNCC0006C	463.267640361324	0.756738871091481	0.0898546045286538	8.42181516530034	3.70695572334308e-17	1.60599342512743e-16	0.746343654346755	FALSE	up_in_cellobiose
YFL026W	792.05085416178	-0.609370381894558	0.0723918208391617	-8.41766894147394	3.84049226587062e-17	1.66265549205337e-16	-0.602721539354485	FALSE	down_in_cellobiose
YIL064W	1245.51190172697	0.633987689126271	0.0753253571272948	8.41665693074477	3.87379972717881e-17	1.67587559012714e-16	0.626846062352904	FALSE	up_in_cellobiose
YGL116W	2201.72354985184	-0.572485207959838	0.0680541133658719	-8.41220581160243	4.02371057328322e-17	1.73948545727069e-16	-0.566640388303551	FALSE	down_in_cellobiose
YOL097C	5856.95228237093	-0.382622010888468	0.0454996016879152	-8.40934858095896	4.1229410584849e-17	1.78111053726548e-16	-0.380345449702163	FALSE	down_in_cellobiose
YPL220W	16216.4084794879	0.52666725109406	0.0626372237957163	8.40821510244006	4.16297165877384e-17	1.79712009937646e-16	0.522006434424453	FALSE	up_in_cellobiose
YNL040W	864.548064291909	-0.626096115167704	0.074527484329363	-8.40087547301029	4.43162158331765e-17	1.91172948187626e-16	-0.619002345331441	FALSE	down_in_cellobiose
YMR260C	5824.9326874687	0.444975230703057	0.0529702020486393	8.40048203505931	4.44649569162982e-17	1.91677875573608e-16	0.441877021955549	FALSE	up_in_cellobiose
YBR229C	3072.8994765726	-0.421015064993708	0.0501654347825727	-8.39253296255628	4.75778551074912e-17	2.04950760463039e-16	-0.418256189140411	FALSE	down_in_cellobiose
YMR089C	2980.90254768824	0.441773284527989	0.0526508941393058	8.39061314626735	4.83613239678362e-17	2.0817742872418e-16	0.438836739833986	FALSE	up_in_cellobiose
YMR221C	1226.00154633505	-0.615527496518465	0.073424962300523	-8.38308222752851	5.15594303405674e-17	2.21628596090797e-16	-0.608660398276109	FALSE	down_in_cellobiose
YNL281W	3178.86731104468	-0.408671680202594	0.0487491360413244	-8.3831573929057	5.15265022240689e-17	2.21628596090797e-16	-0.406041015558178	FALSE	down_in_cellobiose
YOR311C	2736.27556383287	-0.449349003495203	0.0536028498164469	-8.38293122537171	5.16256434413501e-17	2.21755604782163e-16	-0.446006934389888	FALSE	down_in_cellobiose
YGL095C	2966.96822114598	-0.452505390163528	0.0539927193570754	-8.38085941126486	5.25426299390282e-17	2.25534297992365e-16	-0.449034153450974	FALSE	down_in_cellobiose
YFR015C	6901.37638046746	0.792099055131317	0.0945382968360568	8.37860509064313	5.35586489410423e-17	2.29732417585407e-16	0.779449422378857	FALSE	up_in_cellobiose
YDL226C	4286.07083536736	-0.45228716056639	0.0539952686590055	-8.37642207917704	5.45609888511295e-17	2.33865953629788e-16	-0.448953198421215	FALSE	down_in_cellobiose
YLL019C	8379.10484929981	0.398462275529213	0.0475773017204364	8.37504988976827	5.52004824929884e-17	2.36439460423225e-16	0.396807424075936	FALSE	up_in_cellobiose
YHR078W	1901.60184169579	-0.48682720155968	0.0581856240539397	-8.36679522605751	5.92064584837071e-17	2.53418726758288e-16	-0.482939759387848	FALSE	down_in_cellobiose
YNL283C	1353.34123472243	-0.632658202096144	0.0756208594359856	-8.366186351422	5.95130494318183e-17	2.5455086489649e-16	-0.625344532476125	FALSE	down_in_cellobiose
YJR009C	82011.0079874216	-0.520900748525762	0.0623178929998024	-8.35876701619892	6.33771326555369e-17	2.70886853922747e-16	-0.520890080973315	FALSE	down_in_cellobiose
YJL068C	3641.42231194485	0.429811561058459	0.0516110419053262	8.32789932524309	8.22894453121388e-17	3.51473563028118e-16	0.426954210607462	FALSE	up_in_cellobiose
YCR051W	3277.40815675789	0.648704981319616	0.0779401748289568	8.32311426992854	8.56817721934892e-17	3.65704557675528e-16	0.640926470542865	FALSE	up_in_cellobiose
YJL210W	3158.19644897239	-0.498627655901344	0.0599100998544925	-8.32293147753706	8.58140601843542e-17	3.6601088575104e-16	-0.494318156189608	FALSE	down_in_cellobiose
YPL123C	1934.60979424684	0.789778968203656	0.0949125544442175	8.32112224592827	8.71343232877585e-17	3.71380117860721e-16	0.777643689448094	FALSE	up_in_cellobiose
YBR274W	1308.63347991696	-0.556619379388058	0.0668974393401637	-8.32048856993957	8.76014603129899e-17	3.73108191530255e-16	-0.551077803022823	FALSE	down_in_cellobiose
YGR109W-A	747.280824914352	-0.617094494511051	0.0742100898314143	-8.31550663680541	9.13611314480554e-17	3.88847377197635e-16	-0.610089108550782	FALSE	down_in_cellobiose
YKL082C	4736.05219257275	0.437956101278063	0.0526733475384924	8.31456745668226	9.20875121697817e-17	3.91663342899325e-16	0.434906598834192	FALSE	up_in_cellobiose
YNL056W	1727.41665473788	-0.486625581041451	0.0585325499832178	-8.31376014168141	9.27164553884478e-17	3.94061224307331e-16	-0.482492619391378	FALSE	down_in_cellobiose
YML100W	6678.87678824672	0.616311524891052	0.0741454347556339	8.31219787060755	9.39456050142537e-17	3.99004929161662e-16	0.609415589102576	FALSE	up_in_cellobiose
YDL248W	2733.16496684152	-0.724031229025598	0.0871212082389128	-8.31061969480594	9.52035806048858e-17	4.0406403894621e-16	-0.714103047828703	FALSE	down_in_cellobiose
YPR111W	1816.11592869281	-0.459536007353567	0.055377879150053	-8.29818718966104	1.05712021858559e-16	4.4834944474093e-16	-0.456010165655424	FALSE	down_in_cellobiose
YPR151C	124.200780655984	1.44156044467889	0.173901315093608	8.28953158809024	1.13695319412065e-16	4.81870561880986e-16	1.40892414640138	FALSE	up_in_cellobiose
YDL127W	997.596636315194	-0.578988691489685	0.0698606947509872	-8.28776028571492	1.15400861909554e-16	4.88756591616935e-16	-0.573156609295756	FALSE	down_in_cellobiose
YMR317W	2833.53462764048	-0.593899641500749	0.0718309439066771	-8.26801945234556	1.36202673998002e-16	5.76454704226672e-16	-0.58738060130655	FALSE	down_in_cellobiose
YGR296W	3087.16427928496	1.01215673321905	0.122423497351518	8.26766719719512	1.36605588562728e-16	5.77755664075091e-16	0.993220907289856	FALSE	up_in_cellobiose
YEL032W	4835.71996406201	0.475448170295977	0.0575169591074071	8.26622578234925	1.38266578716584e-16	5.84371955330469e-16	0.470765826045453	FALSE	up_in_cellobiose
YNCL0017C	10347.9295428759	1.52974363060151	0.185099784127443	8.2644268755509	1.40367474049663e-16	5.92836929505838e-16	1.49330682837894	FALSE	up_in_cellobiose
YPL143W	19960.2873334541	0.580523865326017	0.0703482875101971	8.25213926127013	1.55583967345599e-16	6.56644685628876e-16	0.574478162000725	FALSE	up_in_cellobiose
YBR280C	1750.85846580688	0.719736505392276	0.0872497336898	8.24915418024269	1.59519519461445e-16	6.72785253628189e-16	0.709801473007967	FALSE	up_in_cellobiose
YCR087C-A	1667.56291698561	0.520973995133173	0.0632343770939832	8.23877800454754	1.73978407791292e-16	7.33255338203299e-16	0.516238071194634	FALSE	up_in_cellobiose
YLL013C	620.231325044339	0.751250107794417	0.0911943431946079	8.2379025000625	1.75255910440899e-16	7.38125171550529e-16	0.740560988524854	FALSE	up_in_cellobiose
Q0105	63.2158837952797	2.53016671579998	0.307264477130765	8.23449146945549	1.80321961011954e-16	7.58933347390605e-16	2.46104578487508	FALSE	up_in_cellobiose
YML114C	2538.50113817669	-0.459926247038007	0.0558811111441951	-8.23044205136183	1.86523821798104e-16	7.84489620469355e-16	-0.456225682555818	FALSE	down_in_cellobiose
YPR183W	4918.93065098199	0.548487061198881	0.0666510368114223	8.22923524431783	1.88412439283307e-16	7.91882163158751e-16	0.543153032528792	FALSE	up_in_cellobiose
YBR172C	4028.71135802798	0.510055513058341	0.0620369902364552	8.22179656224865	2.00477050561069e-16	8.4200361235649e-16	0.505578639885328	FALSE	up_in_cellobiose
YJR149W	1400.81793727746	0.542748015942459	0.0660239443029432	8.22047246150765	2.02703030227781e-16	8.50761920067746e-16	0.537490603635653	FALSE	up_in_cellobiose
YHR190W	8886.05270845295	-0.465259909669509	0.0566121037581337	-8.21838226781429	2.06266592899584e-16	8.65118137209908e-16	-0.461477822032733	FALSE	down_in_cellobiose
YPR128C	1183.63149397863	-0.580073026334134	0.0706549649060558	-8.20994005312168	2.21298954623564e-16	9.27523269274647e-16	-0.573614122726313	FALSE	down_in_cellobiose
YCR010C	437.836271093506	0.829745242306566	0.101133358929438	8.20446637083904	2.31617338716043e-16	9.70098105647248e-16	0.816587095679831	FALSE	up_in_cellobiose
YIL014C-A	3332.21465988161	0.457808626973613	0.0558065895474244	8.20348691232184	2.33513091356363e-16	9.77361367836183e-16	0.454421468566628	FALSE	up_in_cellobiose
YLR122C	431.641845494695	0.783904252719743	0.0955944189692027	8.20031400548907	2.39759929394265e-16	1.00281331464489e-15	0.772131942828232	FALSE	up_in_cellobiose
YDR020C	692.363353694595	-0.658923508165144	0.0804703538690572	-8.1884007772273	2.64720041815806e-16	1.1064456205266e-15	-0.650578751742112	FALSE	down_in_cellobiose
YKR060W	834.374883514503	-0.612018783551066	0.0747951488664244	-8.18259997909841	2.7778410086053e-16	1.16024740469923e-15	-0.604917275243505	FALSE	down_in_cellobiose
YGR161W-C	1213.4218763521	0.739176654273972	0.0904457399610997	8.1725977872688	3.018188850501e-16	1.25976578107868e-15	0.728670045877252	FALSE	up_in_cellobiose
YGL038C	3786.11148174451	0.563912097360075	0.0690779573925144	8.16341592377748	3.25680666110488e-16	1.35842528871464e-15	0.558094368479728	FALSE	up_in_cellobiose
YLR427W	3750.50864591096	-0.411276164884146	0.0504585015996804	-8.15078038081795	3.61583260682519e-16	1.5071368439751e-15	-0.40868101361224	FALSE	down_in_cellobiose
YLR006C	3347.1792657371	0.395344030164721	0.048579114666479	8.13814810909923	4.01369665212031e-16	1.6718207542716e-15	0.392892677067926	FALSE	up_in_cellobiose
YER009W	6758.17028640744	0.387257929462222	0.0476382771098733	8.12913381751919	4.32368798438596e-16	1.79970164690752e-15	0.384962327028767	FALSE	up_in_cellobiose
YJR131W	986.660766050906	-0.563232448722237	0.0693216800592234	-8.12491053651689	4.4769250328357e-16	1.86220375506123e-15	-0.557135422930406	FALSE	down_in_cellobiose
YOR273C	2545.74782638487	-0.556688021501023	0.0686137656159006	-8.1133576696163	4.92398622141746e-16	2.04675386028404e-15	-0.550900353661281	FALSE	down_in_cellobiose
YPL167C	2111.18205097206	0.592503541468043	0.0730552771241483	8.11034554644365	5.04760118230242e-16	2.09669587572562e-15	0.5858884048334	FALSE	up_in_cellobiose
YJL192C	2922.39289560317	-0.417549565638255	0.0514842483092023	-8.11023913820302	5.05202355769698e-16	2.09709255160956e-15	-0.414578022695822	FALSE	down_in_cellobiose
YPR064W	180.096453770497	-1.38509898144764	0.170786956584197	-8.11009815474283	5.05788877629286e-16	2.09808719609185e-15	-1.35240609347228	FALSE	down_in_cellobiose
YJL145W	2187.47032379927	-0.436558406593656	0.0538363052317241	-8.10899642378143	5.10395487698668e-16	2.11574496888385e-15	-0.433288837629879	FALSE	down_in_cellobiose
YOR032C	2811.9064215609	0.433989701928044	0.0535317617964877	8.10714400878395	5.18234267419742e-16	2.1467677050374e-15	0.430872074809923	FALSE	up_in_cellobiose
YLR168C	993.668377376849	0.611292632765233	0.0755106095989767	8.09545355297353	5.7051379479409e-16	2.36171624292584e-15	0.604162906922278	FALSE	up_in_cellobiose
YNL329C	2434.67075601436	-0.469754064947169	0.0580635351342477	-8.09034558197427	5.94956839671476e-16	2.4612168032374e-15	-0.465739253114084	FALSE	down_in_cellobiose
YGR012W	2219.72888273551	-0.465520355621187	0.0575470884386528	-8.08938155259492	5.99684392805495e-16	2.47907806403803e-15	-0.461704092889928	FALSE	down_in_cellobiose
YML059C	2450.58266006399	-0.427315248732296	0.0528489767735371	-8.08559171473429	6.18631036446199e-16	2.55565608499086e-15	-0.424223619798343	FALSE	down_in_cellobiose
YGL226C-A	2079.55221557154	0.474883371446114	0.0587637133941935	8.0812348984916	6.41141768111508e-16	2.64684328569174e-15	0.470936870021504	FALSE	up_in_cellobiose
YML052W	5000.17673406564	-0.412677549581166	0.0511104415526016	-8.07423174296878	6.79028060544942e-16	2.80133813790983e-15	-0.40983571764715	FALSE	down_in_cellobiose
YCR073W-A	3000.29281940392	0.404008064216412	0.0500534177172463	8.07153802161261	6.94180975560751e-16	2.86189948206641e-15	0.401430858012102	FALSE	up_in_cellobiose
YOR294W	3078.53354924217	0.537175107892375	0.0665769299491037	8.06848721175684	7.1174521834816e-16	2.9323127251837e-15	0.53225013879682	FALSE	up_in_cellobiose
YJL172W	1650.2010827749	-0.491783338411707	0.0609830405828911	-8.06426399390912	7.36783910894991e-16	3.03340305860647e-15	-0.487383719909424	FALSE	down_in_cellobiose
YMR108W	22298.180364734	-0.470395051075783	0.0584226880817353	-8.05158178305121	8.17307734796446e-16	3.36263753744824e-15	-0.465824793002208	FALSE	down_in_cellobiose
YPR093C	1237.74631929571	0.516049503279766	0.0640936404439576	8.05149309206412	8.17900332513078e-16	3.36278804285459e-15	0.511190174263103	FALSE	up_in_cellobiose
YDR456W	3358.13112949363	-0.399224144595058	0.0495879844444027	-8.05082418791718	8.22383339401314e-16	3.37892285101844e-15	-0.397054847866802	FALSE	down_in_cellobiose
YOR158W	2320.01901256759	0.417487364980586	0.0519162579548251	8.04155348299298	8.87066139513723e-16	3.64221046285064e-15	0.414680613462523	FALSE	up_in_cellobiose
YPL247C	2089.12530763367	0.512026391835305	0.0637203970290612	8.03551791433099	9.31844436966276e-16	3.82347025425511e-15	0.507242079173019	FALSE	up_in_cellobiose
YOL082W	6597.26849136368	-0.43884090260503	0.0546481675045484	-8.03029493291802	9.72386208358286e-16	3.98711307671248e-15	-0.435479746501924	FALSE	down_in_cellobiose
YOR327C	4939.56485874106	0.489728864649576	0.0610929421767942	8.01612833168799	1.09130485631875e-15	4.47168819174511e-15	0.485544154055164	FALSE	up_in_cellobiose
YDR534C	880.536503293857	-0.622329402037445	0.0776813521611187	-8.01131011142382	1.13492865894098e-15	4.64729081196684e-15	-0.614616685338854	FALSE	down_in_cellobiose
YHR067W	705.503041470422	-0.647005655664668	0.0807678441554746	-8.01068373719633	1.14072451352655e-15	4.66786323261744e-15	-0.638631513522001	FALSE	down_in_cellobiose
YBL047C	7969.04642486264	0.499982005465595	0.0624265548065535	8.00912379379148	1.15528573339596e-15	4.72425159944474e-15	0.495441360978561	FALSE	up_in_cellobiose
YDR522C	332.041036899436	-0.843520780932841	0.105380813040727	-8.00450059734162	1.19952473617846e-15	4.90184162459954e-15	-0.829062502582024	FALSE	down_in_cellobiose
YER048W-A	1051.50069276972	-0.526492786330814	0.06581455343843	-7.99964079105014	1.2478269769555e-15	5.0957849808419e-15	-0.521276340940973	FALSE	down_in_cellobiose
YCR076C	1816.75917527065	0.525566862048797	0.0656998369144131	7.99951547419289	1.249097527165e-15	5.09753160883531e-15	0.520422042128541	FALSE	up_in_cellobiose
YBL098W	5070.66236780768	-0.603934296513299	0.0755205005021651	-7.99695834240379	1.27530361159754e-15	5.2009684713027e-15	-0.596689644939581	FALSE	down_in_cellobiose
YHR081W	2266.3093814704	0.461886135112356	0.0578018214613515	7.99085778674276	1.34003067273813e-15	5.46125708134786e-15	0.458228862202998	FALSE	up_in_cellobiose
YEL002C	5237.23502536579	-0.39928134612266	0.0499752119010176	-7.98958785634545	1.35390612132779e-15	5.51409038504408e-15	-0.3966168621142	FALSE	down_in_cellobiose
YBR231C	1529.33612383752	0.472384928577983	0.0591361646258052	7.98808870286202	1.37046832149929e-15	5.57778762343723e-15	0.468400750981149	FALSE	up_in_cellobiose
YHR061C	848.489943600612	-0.645979295555502	0.0809725897222436	-7.97775269102019	1.49021600755071e-15	6.06108030508856e-15	-0.637544754464685	FALSE	down_in_cellobiose
YLR378C	5089.85336246942	0.38243783649006	0.0479400864152105	7.97741233041915	1.49432971367191e-15	6.07372722331163e-15	0.380124546715825	FALSE	up_in_cellobiose
YOR317W	6484.48728301793	-0.653092166002483	0.08189264404159	-7.97497960464928	1.52405986633656e-15	6.19040568945838e-15	-0.644353046726218	FALSE	down_in_cellobiose
YDR545W	5148.9426276355	0.463268238742343	0.0580920037373069	7.97473333571434	1.52710177823507e-15	6.19859835890314e-15	0.459456625489403	FALSE	up_in_cellobiose
YKL065C	7052.88933492285	0.39301648910632	0.0493128851260017	7.96985388508713	1.5886208374695e-15	6.44398311536926e-15	0.390227851549333	FALSE	up_in_cellobiose
YLR392C	1569.86492779939	0.494859544599014	0.0621588065938651	7.96121373166542	1.70359819272264e-15	6.90573851848965e-15	0.490369745805184	FALSE	up_in_cellobiose
YIL169C	4217.74872141084	-0.680207551513136	0.0855311431326428	-7.95274711175392	1.82420476764774e-15	7.38967879084632e-15	-0.670654864252832	FALSE	down_in_cellobiose
YNCK0020C	248.908885293432	1.26978394270389	0.159687864869103	7.95166209871201	1.84025624770165e-15	7.44971203888861e-15	1.24035528830815	FALSE	up_in_cellobiose
YBR008C	2021.25442355543	-0.495662896231436	0.0623782750412008	-7.94608212400954	1.92502831018313e-15	7.78767305684785e-15	-0.491041147473287	FALSE	down_in_cellobiose
YPL241C	992.85810590592	-0.528041003136953	0.0664915573776479	-7.94147443618852	1.99791889449388e-15	8.07714804405012e-15	-0.522611071064335	FALSE	down_in_cellobiose
YMR132C	555.765650410686	-0.669430104055101	0.0843418468852382	-7.93710511184296	2.06954658320856e-15	8.36113409168029e-15	-0.660239808404216	FALSE	down_in_cellobiose
cdt-1EGFP	116428.663919099	1.58288553415519	0.199518845440016	7.93351390273094	2.13030701594176e-15	8.59512797359289e-15	1.53730555515359	TRUE	up_in_cellobiose
YDL184C	3242.84018059226	0.622590454340282	0.0784753123979912	7.93358363688678	2.12911061004934e-15	8.59512797359289e-15	0.614877142315751	FALSE	up_in_cellobiose
YNL011C	1531.01476335528	-0.526196991956025	0.0663346342271245	-7.93246240198398	2.14842773185194e-15	8.66246061482704e-15	-0.520655772028776	FALSE	down_in_cellobiose
YBL076C	16751.9790886189	-0.413295264036958	0.0521446002836385	-7.92594557804365	2.26416743127057e-15	9.12304105551259e-15	-0.408388181593429	FALSE	down_in_cellobiose
YER119C	2339.61497353394	-0.440116960239721	0.0555510092052771	-7.92275363735267	2.32307573270336e-15	9.35416912875494e-15	-0.436651584835357	FALSE	down_in_cellobiose
YBR137W	1830.25841880596	-0.52315508647737	0.0660671527801346	-7.91853537594364	2.4032457157099e-15	9.67054563447336e-15	-0.517847898129229	FALSE	down_in_cellobiose
YLR163C	3173.41826243286	-0.398613171016356	0.0503568457720162	-7.9157692445834	2.45729001557491e-15	9.88144282858847e-15	-0.395928496791435	FALSE	down_in_cellobiose
YJL052W	253100.021960109	-0.837694531353793	0.105828985003618	-7.91554914114649	2.46164141396561e-15	9.89236363565714e-15	-0.834211104785594	FALSE	down_in_cellobiose
YDL072C	5464.97989917587	0.450726885826697	0.0569501091591041	7.9144165390005	2.4841529845983e-15	9.97620003376529e-15	0.447250732779988	FALSE	up_in_cellobiose
YJL171C	2882.53221970682	-0.464217261580018	0.0586936871027818	-7.9091514691708	2.59149149961044e-15	1.04003587190736e-14	-0.460177486808683	FALSE	down_in_cellobiose
YMR322C	491.961840170995	0.849239003061054	0.107529356985728	7.89774092273023	2.84003692618999e-15	1.13902807225445e-14	0.834396537230266	FALSE	up_in_cellobiose
YDR462W	1286.57245508134	0.516417453765407	0.065405934397588	7.8955748973208	2.88980072769305e-15	1.15821834334576e-14	0.51131368523424	FALSE	up_in_cellobiose
YDR177W	4270.16215050957	0.391705242359894	0.0496203701753049	7.89404111609869	2.92555716780075e-15	1.17177283118271e-14	0.389165902759819	FALSE	up_in_cellobiose
YOL155C	20628.2007785607	-0.869732106777221	0.110200697007698	-7.89225595112586	2.96772286922114e-15	1.18787477915615e-14	-0.853735895311614	FALSE	down_in_cellobiose
YIL148W	24444.8134971621	0.41889830670148	0.0530963614476564	7.8893976024033	3.03648659581415e-15	1.21459463832566e-14	0.416009063316131	FALSE	up_in_cellobiose
YDL006W	1278.90380937146	-0.501651631915074	0.063614343652419	-7.88582579199492	3.12462259120247e-15	1.2490229630927e-14	-0.497349690256858	FALSE	down_in_cellobiose
YGL213C	2432.0602985987	-0.415786733624206	0.0527282896751895	-7.88545837889842	3.13383030303967e-15	1.25187620031598e-14	-0.412759249145593	FALSE	down_in_cellobiose
YGR070W	2245.78522742237	0.420158168455254	0.0533128380949477	7.88099421206898	3.24786354457571e-15	1.29657285264646e-14	0.417088646057366	FALSE	up_in_cellobiose
YDL128W	3640.79185340766	-0.413163360257543	0.0524606522179073	-7.87568096830698	3.38891966216068e-15	1.35199116865091e-14	-0.410363987795705	FALSE	down_in_cellobiose
YJL056C	10989.3392525899	-0.521310417757978	0.0662001011617965	-7.87476769082072	3.41376555661593e-15	1.36100554294088e-14	-0.515984751040233	FALSE	down_in_cellobiose
YOL147C	1761.53208234375	0.463122873913843	0.0588923805553455	7.863884420135	3.72401177492866e-15	1.4837169443194e-14	0.459206245652924	FALSE	up_in_cellobiose
YOL007C	1272.58468564877	-0.56102467971136	0.0713594090468754	-7.86195804035916	3.78174724910568e-15	1.50473732648626e-14	-0.554701200662837	FALSE	down_in_cellobiose
YJL100W	1217.51466913564	-0.543398518110265	0.0691170756552357	-7.86200100277394	3.78045006683514e-15	1.50473732648626e-14	-0.537072850075734	FALSE	down_in_cellobiose
YOR262W	2412.94997424104	-0.40836284097263	0.0519705023113948	-7.85758887851069	3.9159813315925e-15	1.55712393776933e-14	-0.405434323694591	FALSE	down_in_cellobiose
YBL092W	30845.7537754088	0.430482776375537	0.0547907598299134	7.85684990885109	3.93914395012654e-15	1.56530503353254e-14	0.427255973531633	FALSE	up_in_cellobiose
YNL155W	2229.65238949417	0.440020967593667	0.0560214489379993	7.85450886999821	4.01341671707512e-15	1.59377178626857e-14	0.436639962707487	FALSE	up_in_cellobiose
YIL034C	4073.41159271793	-0.359404635396655	0.0457906405466581	-7.8488667357785	4.19813413941786e-15	1.66603118603669e-14	-0.356912648177415	FALSE	down_in_cellobiose
YNL138W	5747.24984240637	0.404053000947833	0.0514903715324779	7.84715644735588	4.25576230770012e-15	1.68779347127674e-14	0.40148955376273	FALSE	up_in_cellobiose
YPL041C	762.295598627714	-0.642118129082481	0.081835737150285	-7.84642689664151	4.28058082946058e-15	1.69652377828162e-14	-0.633507795770213	FALSE	down_in_cellobiose
YML053C	1594.87258196992	0.527545226315374	0.0672644548035747	7.84285292813134	4.40423716002255e-15	1.74438941347848e-14	0.522151520048363	FALSE	up_in_cellobiose
YGL192W	3160.31259470992	-0.386646267868168	0.0493365102882179	-7.83691966880973	4.61733232246765e-15	1.82759331716521e-14	-0.384105184973453	FALSE	down_in_cellobiose
YJR078W	4582.20083364858	0.492674869855403	0.0628683983191562	7.83660603781095	4.62887465230625e-15	1.8309636296369e-14	0.488091253104658	FALSE	up_in_cellobiose
YNL162W	18174.2900483885	0.448583231092308	0.0572646934546446	7.83350445152736	4.74456041682671e-15	1.87549682359267e-14	0.444954173299116	FALSE	up_in_cellobiose
YDL186W	746.832349008127	-0.575218636432637	0.0734491196746938	-7.83152526511251	4.81986464225427e-15	1.9040196836286e-14	-0.568775192761321	FALSE	down_in_cellobiose
YGR082W	2518.14889049524	0.401620200301582	0.0512945484208543	7.82968585679759	4.89090483216635e-15	1.93082195985262e-14	0.398905460716463	FALSE	up_in_cellobiose
YLR401C	2445.95988628032	0.527643082290778	0.0674345516589148	7.82452124779604	5.09592460065203e-15	2.01044696573669e-14	0.522224043120958	FALSE	up_in_cellobiose
YJL062W	2023.27453211388	-0.458998640047879	0.0586977873632333	-7.81969237115372	5.29525822170526e-15	2.08772631844025e-14	-0.455041189250426	FALSE	down_in_cellobiose
YIL123W	4087.70314653815	-0.622685602019732	0.0796947654327633	-7.81338145157197	5.56737778183117e-15	2.19358311560358e-14	-0.614570186971052	FALSE	down_in_cellobiose
YHR014W	219.645884386221	-0.965975249379547	0.123682203564435	-7.81013938578722	5.71247755912171e-15	2.24928803890417e-14	-0.946446882125499	FALSE	down_in_cellobiose
YER156C	3057.61130849639	0.633592860438654	0.0811347682197192	7.80914118991301	5.757897038075e-15	2.26569689565892e-14	0.625362278860855	FALSE	up_in_cellobiose
YGR033C	2403.87856485504	-0.40612379482503	0.0520500461713122	-7.80256358444631	6.06620467361938e-15	2.38546201989922e-14	-0.403198921484439	FALSE	down_in_cellobiose
YGL151W	2053.65940100991	-0.495265772634515	0.0635106101024099	-7.7981580059758	6.28173265478027e-15	2.4686107274926e-14	-0.490494749175959	FALSE	down_in_cellobiose
YBR005W	1721.39517656413	0.457609134050355	0.0586834905047337	7.79791948492638	6.29361416384179e-15	2.47167392616332e-14	0.453765900972956	FALSE	up_in_cellobiose
YGR031W	2782.47203631236	0.681164502987561	0.0874026527938634	7.79340765084176	6.52257575148096e-15	2.55993109311855e-14	0.670190216492289	FALSE	up_in_cellobiose
YDR518W	3159.43509938541	-0.486130296201168	0.0623892359426997	-7.79189372743154	6.60122459541524e-15	2.58911844053641e-14	-0.481465748576679	FALSE	down_in_cellobiose
YJR156C	2424.43791674368	-0.727529913590964	0.0933842950803675	-7.79070948669522	6.66339630120017e-15	2.61180951585604e-14	-0.71615947524489	FALSE	down_in_cellobiose
YBR176W	1183.86241804289	-0.510624029146661	0.0655516848133055	-7.78964004664325	6.72003608512815e-15	2.63230429034035e-14	-0.505460681885492	FALSE	down_in_cellobiose
YCR075C	1103.62929459431	-0.533441793627858	0.0684916040720748	-7.78842605389281	6.78490610011734e-15	2.65599431025952e-14	-0.52771867826443	FALSE	down_in_cellobiose
YCL067C	6334.35942754593	-0.522433645539884	0.0671009481636618	-7.78578633890013	6.92809458732e-15	2.71029211281445e-14	-0.517183507426741	FALSE	down_in_cellobiose
YPL118W	3047.45805428961	0.397380231789262	0.051040486889663	7.78558857889229	6.93894083810564e-15	2.71278049055352e-14	0.394672209071047	FALSE	up_in_cellobiose
YGR273C	145.979282608141	1.50427372995332	0.193237496381064	7.78458507342123	6.99423672010369e-15	2.73263202087772e-14	1.46462705617996	FALSE	up_in_cellobiose
YOR007C	11938.4358466327	0.364432816344179	0.0468292152621095	7.78216791172772	7.129215655507e-15	2.78356980532642e-14	0.364007627189154	FALSE	up_in_cellobiose
YPR135W	2165.69408432804	0.436501369591358	0.0561287807609662	7.77678338409437	7.43918265977578e-15	2.90272107911767e-14	0.433121184391623	FALSE	up_in_cellobiose
YIL108W	3807.82857342483	-0.442283811008879	0.0569287695725697	-7.76907377991157	7.90621087308941e-15	3.08296346617955e-14	-0.43861393230146	FALSE	down_in_cellobiose
YKL208W	815.605147115936	-0.57203936742302	0.073639114211648	-7.76814568652886	7.96434283639243e-15	3.10363050737767e-14	-0.565272929172216	FALSE	down_in_cellobiose
YDL179W	2236.83349919864	-0.511786393038982	0.0659000839494358	-7.76609622275546	8.09420708305239e-15	3.15220633858988e-14	-0.506524080334118	FALSE	down_in_cellobiose
YHL025W	3687.53034230973	0.456271807284859	0.0587622512559769	7.76470944411698	8.18326017607285e-15	3.18483639284998e-14	0.452378913467384	FALSE	up_in_cellobiose
YDR242W	2017.01507144925	-0.530037928851981	0.0682779987021658	-7.76293885185548	8.29836280852919e-15	3.22755615858422e-14	-0.524376151010014	FALSE	down_in_cellobiose
YNR004W	487.106017063375	-0.719016991696738	0.0926590694044503	-7.75981235639525	8.50551344715719e-15	3.30599905709554e-14	-0.707792200152143	FALSE	down_in_cellobiose
YPL275W	184.447845791792	-1.12275474460233	0.144691943421679	-7.75962170423172	8.51830872637877e-15	3.30884593302112e-14	-1.09705160981062	FALSE	down_in_cellobiose
YNCJ0004C	74.5234873067427	1.98799032141877	0.256201668569779	7.75947452847025	8.52819911916752e-15	3.3105615065934e-14	1.92985611113812	FALSE	up_in_cellobiose
YLR270W	5388.38767226847	0.508658955553024	0.0655938002122353	7.75468037996284	8.85662543454143e-15	3.43584801976309e-14	0.503625873568359	FALSE	up_in_cellobiose
YML073C	12767.3757448466	0.4799258378765	0.0619627425502442	7.74539373378025	9.52861146517599e-15	3.69416936803746e-14	0.475509668171003	FALSE	up_in_cellobiose
YGL215W	5149.25128169963	-0.443372287475362	0.0572516672134141	-7.7442685786359	9.61336133978082e-15	3.72463865361912e-14	-0.439684601304617	FALSE	down_in_cellobiose
YPL199C	2770.67098633358	-0.399803345202574	0.0516317273765144	-7.7433656690795	9.68190715327207e-15	3.74879477996092e-14	-0.396952430737643	FALSE	down_in_cellobiose
YEL013W	2622.6923022883	-0.429198225788727	0.0554365935377708	-7.74214644874058	9.77522996602028e-15	3.78250741103587e-14	-0.425750968570843	FALSE	down_in_cellobiose
YER101C	1430.5271872704	0.496094909948468	0.064089678903162	7.74063653366177	9.89203111881538e-15	3.8252560234396e-14	0.491311612232905	FALSE	up_in_cellobiose
YLL022C	2118.557210737	0.478916138922854	0.0618838320145118	7.73895415543349	1.0023791424484e-14	3.8737310246185e-14	0.474522287528406	FALSE	up_in_cellobiose
YOL030W	9330.07443083538	-0.354959837977953	0.0459054055665977	-7.73241916930658	1.05521820849332e-14	4.07532549487074e-14	-0.352412823052901	FALSE	down_in_cellobiose
YDL123W	1453.21068444831	-0.504483631635001	0.0652961617024789	-7.72608402211564	1.10905440888983e-14	4.28051120929527e-14	-0.49937749064533	FALSE	down_in_cellobiose
YIR042C	991.789826235788	-0.741646709886618	0.0959952407261884	-7.72586957724343	1.1109232877807e-14	4.28498982429698e-14	-0.729597852452765	FALSE	down_in_cellobiose
YOR257W	1712.71746155747	0.475008138599149	0.0615060227852873	7.72295325056808	1.13664871091226e-14	4.38142218202507e-14	0.470710659881809	FALSE	up_in_cellobiose
YKL086W	770.314993184738	0.910510778317833	0.117943032868207	7.71992000015178	1.16402741344535e-14	4.48410050733596e-14	0.892820307928039	FALSE	up_in_cellobiose
YAR018C	1098.50561565411	-0.516653675152386	0.066938844413447	-7.71829390960623	1.17897095209355e-14	4.53877550494068e-14	-0.511250687184334	FALSE	down_in_cellobiose
YBR264C	1629.82266332019	-0.473515699252224	0.0613532684565121	-7.71785613325323	1.18302620189967e-14	4.55149012028576e-14	-0.468988305833716	FALSE	down_in_cellobiose
YDR464W	4179.61879015829	0.382712735038417	0.0496006024240411	7.71588884680397	1.20141982499417e-14	4.61931792852175e-14	0.380413957564758	FALSE	up_in_cellobiose
YBL081W	817.281329871429	-0.625791387688544	0.0811495060386157	-7.71158591391494	1.24263760644591e-14	4.77476000240462e-14	-0.617381177015147	FALSE	down_in_cellobiose
YAL020C	1619.85786449618	0.569935611758174	0.073909908250211	7.71122066379438	1.24619973058172e-14	4.78540696543381e-14	0.563247337635353	FALSE	up_in_cellobiose
YCR002C	3072.78012696402	-0.396888820932163	0.051475774173697	-7.71020596199143	1.25614848480229e-14	4.82054951528189e-14	-0.394066841293262	FALSE	down_in_cellobiose
YOR149C	1071.2676814862	-0.549310977127818	0.0712935445812757	-7.70491887244566	1.30926440411224e-14	5.02119918584073e-14	-0.543049036025805	FALSE	down_in_cellobiose
YPR156C	4943.2202114394	-0.424650069750935	0.0551154297398944	-7.70474024705932	1.31109700512207e-14	5.02504099301537e-14	-0.421291366327886	FALSE	down_in_cellobiose
YER075C	2934.19165934827	0.507492324341991	0.0659080271856601	7.70000781410748	1.36057910372277e-14	5.21138848595017e-14	0.502544138557695	FALSE	up_in_cellobiose
YDR205W	1676.72969414622	-0.496369320930886	0.0644687659027623	-7.69937680642988	1.36731420488869e-14	5.23387108301695e-14	-0.491424088230583	FALSE	down_in_cellobiose
YPR166C	1113.90182105745	0.595669684930804	0.0773871409686349	7.69726956539498	1.39004453855588e-14	5.3175138325022e-14	0.588239667617281	FALSE	up_in_cellobiose
YPL019C	2501.97790028111	-0.477886938845713	0.0621046823356302	-7.69486165733985	1.41647347303379e-14	5.41519062257166e-14	-0.473352964037222	FALSE	down_in_cellobiose
YML019W	1671.22421233076	-0.509060329559718	0.0661819075581169	-7.6918352513894	1.45039306208835e-14	5.54136275395473e-14	-0.503791430172093	FALSE	down_in_cellobiose
YNL082W	1260.12089887598	0.467211205983825	0.0607474503424655	7.69104223057772	1.45941248818689e-14	5.57230222762266e-14	0.46303032714369	FALSE	up_in_cellobiose
YDR107C	1142.10975839887	-0.641712591855481	0.0834568514541896	-7.68915410387515	1.48110981032715e-14	5.65157863271837e-14	-0.632764837466116	FALSE	down_in_cellobiose
YCR057C	3181.74298789608	0.450533249286424	0.0586004852951179	7.68821703467973	1.49199563040843e-14	5.68952684281853e-14	0.446752205056534	FALSE	up_in_cellobiose
YOR064C	1278.68487458421	0.525456466593272	0.068549026527507	7.66541106725156	1.78259347723976e-14	6.79339971666421e-14	0.51981769639071	FALSE	up_in_cellobiose
YKL161C	2718.25402212697	0.554185357678279	0.0722997843152438	7.66510388553723	1.78686511918345e-14	6.8053905798624e-14	0.547848041819264	FALSE	up_in_cellobiose
YOR148C	2408.75969952357	0.47755248639362	0.0623442670846203	7.65992622457867	1.86039922570211e-14	7.08099088549172e-14	0.473210768338513	FALSE	up_in_cellobiose
YNL012W	508.655680105534	0.647077935652533	0.0844883531056708	7.65878268266424	1.877037041365e-14	7.13982391583367e-14	0.638041935598507	FALSE	up_in_cellobiose
YGL078C	4098.71161730162	0.466797733828076	0.0610001982556163	7.65239699503924	1.97267110901899e-14	7.49887798073343e-14	0.462611823928278	FALSE	up_in_cellobiose
YGL221C	3152.15656518365	-0.461405607192464	0.0603022414980206	-7.65154985503498	1.98571296293372e-14	7.5437135677281e-14	-0.457175405893593	FALSE	down_in_cellobiose
YKL034W	2578.39972203827	-0.416178328555439	0.0544029948996137	-7.649915768854	2.01111003280468e-14	7.63540080251269e-14	-0.412797645389204	FALSE	down_in_cellobiose
YDR064W	25489.3032322623	0.45404191979116	0.0593598693471092	7.64897100996183	2.02593902919776e-14	7.68687531279051e-14	0.449943344549203	FALSE	up_in_cellobiose
YPL091W	3928.93836456464	-0.425187534261308	0.0556076890747961	-7.64620039666462	2.07004977816827e-14	7.84931727796971e-14	-0.421796581823477	FALSE	down_in_cellobiose
YMR275C	1813.28154821555	-0.437923134626839	0.0572942004320544	-7.64341122355265	2.11541001171853e-14	8.01629057072285e-14	-0.434141913878377	FALSE	down_in_cellobiose
YIL039W	1674.04991331179	-0.435435146710458	0.0569708679822786	-7.64311940702579	2.1202119411699e-14	8.02945636831283e-14	-0.431787666540951	FALSE	down_in_cellobiose
YGL112C	3152.829855411	-0.424136444930402	0.0555285014970762	-7.63817559443297	2.20321256147204e-14	8.3385666907277e-14	-0.420729989903166	FALSE	down_in_cellobiose
YLL023C	2799.52766680092	0.428105644841411	0.0560899174507737	7.63248840965277	2.30265163555991e-14	8.70946659904085e-14	0.424690229786253	FALSE	up_in_cellobiose
YPR002W	2363.97184603261	0.594351662295427	0.0779215807346802	7.62756166766136	2.39235378100722e-14	9.04309729220729e-14	0.586828586862957	FALSE	up_in_cellobiose
YJL136C	11799.2465840871	0.403872864052479	0.0530265355944751	7.61642938812996	2.60789147064074e-14	9.85167246373216e-14	0.401099406586354	FALSE	up_in_cellobiose
YGR142W	2570.389477231	0.857309526858384	0.112586122113711	7.61469984722017	2.64304942300473e-14	9.97825400145604e-14	0.841046058494948	FALSE	up_in_cellobiose
YGR003W	1722.60245462982	-0.456595172922475	0.059974012617952	-7.61321700835809	2.6735633163494e-14	1.00871559184536e-13	-0.452626339877463	FALSE	down_in_cellobiose
YDR190C	5982.62471381108	0.333365715238692	0.0438255337648058	7.60665499313103	2.81280857686404e-14	1.06059016663801e-13	0.331392522137829	FALSE	up_in_cellobiose
YOR096W	21855.4508257977	0.386636141571769	0.0508410311365289	7.60480527103184	2.85333191439915e-14	1.07519946531377e-13	0.383185519815786	FALSE	up_in_cellobiose
YKL051W	1366.86421595197	-0.47346763081158	0.0623213036373042	-7.59720357531438	3.02598319961073e-14	1.13954834316598e-13	-0.468950333389323	FALSE	down_in_cellobiose
YMR042W	2709.43830790677	-0.516882225917074	0.0680381311529145	-7.59694919831632	3.03193490275065e-14	1.14107917186285e-13	-0.511317739638518	FALSE	down_in_cellobiose
YJL214W	312.26895684234	-0.810523139036463	0.106752341899295	-7.59255604716451	3.13655739924779e-14	1.1797200964335e-13	-0.795638159900372	FALSE	down_in_cellobiose
YPL012W	5009.10292770499	0.503322772311025	0.066412219778304	7.57876749175389	3.48853041524701e-14	1.31128849915562e-13	0.498155001003551	FALSE	up_in_cellobiose
YAL032C	2008.21133668474	0.448149843422851	0.0591591892614008	7.57532090987008	3.58240985857875e-14	1.34574005122262e-13	0.444260362571866	FALSE	up_in_cellobiose
YMR194C-B	1553.70947424344	0.567187098494441	0.0749030880025307	7.57227924268326	3.66732085953524e-14	1.37678190927803e-13	0.56032647229554	FALSE	up_in_cellobiose
YPR061C	567.201132729101	1.00325268525286	0.132512346900735	7.57101288081781	3.70325327362521e-14	1.38940916866534e-13	0.981238024041532	FALSE	up_in_cellobiose
YDL083C	15465.7011135525	0.436262517223025	0.0577262135992383	7.55744210510252	4.11072891351154e-14	1.5413322051406e-13	0.432619925187669	FALSE	up_in_cellobiose
YNR021W	4333.65800734188	-0.51781818773433	0.0685425112459518	-7.55470113833789	4.19822718375215e-14	1.57316468446921e-13	-0.512135873125098	FALSE	down_in_cellobiose
YDL208W	5669.68884560035	0.416306718176373	0.0551158753192118	7.55329958501558	4.24367318990317e-14	1.58920962554393e-13	0.41313378997182	FALSE	up_in_cellobiose
YJL094C	2401.25530190263	-0.546751512923626	0.0724308740785633	-7.54859747143991	4.39970373975998e-14	1.64662179567255e-13	-0.54027997602906	FALSE	down_in_cellobiose
YML124C	4297.05749268634	-0.48396090942819	0.0641696298575697	-7.54189965724261	4.63174095691485e-14	1.73239142284607e-13	-0.479118771577641	FALSE	down_in_cellobiose
YKR101W	1881.61186964894	-0.464493183820647	0.0615966460469586	-7.54088434403617	4.66794978062957e-14	1.74485539389664e-13	-0.460181569301826	FALSE	down_in_cellobiose
YOL001W	910.333457642565	-0.655692589022508	0.0871484055113902	-7.52386214268499	5.31814189539985e-14	1.98666597797272e-13	-0.645901592799499	FALSE	down_in_cellobiose
YLR408C	429.72577182133	0.78948137765295	0.104951132803505	7.52237118898999	5.37916050505104e-14	2.00821992188572e-13	0.775419113382025	FALSE	up_in_cellobiose
YCR105W	669.51594366173	-0.566865757721715	0.0753883855402084	-7.51927175067805	5.50821894235851e-14	2.05513313777818e-13	-0.559792731989721	FALSE	down_in_cellobiose
YDR330W	3500.9499205189	0.412559701365887	0.0548723477958666	7.51853561835319	5.53931557404588e-14	2.06546119555052e-13	0.409362999803515	FALSE	up_in_cellobiose
YJR112W-A	1358.63991958473	0.517311998482667	0.0688056965162483	7.51844723148038	5.54306091065844e-14	2.06558425062614e-13	0.511702872754201	FALSE	up_in_cellobiose
YHR165C	2845.44672937457	0.425094944787254	0.0565620838828915	7.51554602668792	5.6673892980979e-14	2.11061394549853e-13	0.421631162391388	FALSE	up_in_cellobiose
YER126C	2893.48367521423	0.691380119584352	0.0920031995954144	7.5147399506181	5.70241692953892e-14	2.12235185168316e-13	0.680576307226983	FALSE	up_in_cellobiose
YKR027W	2154.32308470026	-0.504658515708488	0.0671913949484357	-7.51076110409339	5.87845816082412e-14	2.1865261350962e-13	-0.499246041844041	FALSE	down_in_cellobiose
YDL075W	22258.2506101408	0.424177906398433	0.0565156849705362	7.50548996476949	6.11992594419669e-14	2.27494235467127e-13	0.420751212417267	FALSE	up_in_cellobiose
YOR342C	2128.63870942309	0.620542969512013	0.0827122456940247	7.5024316448567	6.2644684094322e-14	2.32724231819693e-13	0.612036666399092	FALSE	up_in_cellobiose
YMR277W	3713.05111718059	0.385177391428786	0.0513576140350706	7.49990821547432	6.3862535433546e-14	2.3710289398532e-13	0.382532502889671	FALSE	up_in_cellobiose
YPR078C	769.255022825485	-0.578237983417798	0.0771295193838843	-7.49697376616373	6.53080433208172e-14	2.42320887119204e-13	-0.570797261059331	FALSE	down_in_cellobiose
YJR017C	3306.24454240995	0.478325624826498	0.0638180078414758	7.49515130611192	6.62219268855875e-14	2.45561136605784e-13	0.473790423596168	FALSE	up_in_cellobiose
YOR040W	2434.07393867076	0.458131498095846	0.0611310220975407	7.49425549215995	6.66757351737207e-14	2.47092430349671e-13	0.454287884405166	FALSE	up_in_cellobiose
YGR150C	1980.17550356904	0.402528926865329	0.0537205383461812	7.49301736835524	6.73079898386204e-14	2.49282744974878e-13	0.399454422170668	FALSE	up_in_cellobiose
YJR133W	1174.11911998588	0.578451251500125	0.0772101998685721	7.49190200886372	6.78825981289288e-14	2.51257009475986e-13	0.57108625202321	FALSE	up_in_cellobiose
YOR287C	1707.33797021848	0.510846698680667	0.0683100747460978	7.47835074957006	7.52611086272385e-14	2.78397055032133e-13	0.505340059493349	FALSE	up_in_cellobiose
YJR039W	1971.63224947614	-0.396912348404724	0.0531907606090685	-7.46205438425438	8.51837089296992e-14	3.1490896797483e-13	-0.393904485653597	FALSE	down_in_cellobiose
YLR459W	1301.98813055963	-0.583716251410192	0.0782729234964489	-7.45744793136127	8.82144056518293e-14	3.25913699072855e-13	-0.57602385745448	FALSE	down_in_cellobiose
YMR079W	3449.79961481226	0.413940684065744	0.0555646570517472	7.44971184975086	9.35443165233378e-14	3.45394399470786e-13	0.410657888859795	FALSE	up_in_cellobiose
YNL294C	3968.58582886852	-0.355602789586326	0.0477590095732231	-7.4457739547786	9.63777071538758e-14	3.55639031645296e-13	-0.353311224024352	FALSE	down_in_cellobiose
YOL023W	1949.97269196625	0.4297321495098	0.0577159964039021	7.44563338216484	9.64803958894313e-14	3.55800874597122e-13	0.426111282195067	FALSE	up_in_cellobiose
YLR220W	3790.94303905228	0.466498252841094	0.0626762331487756	7.44298483499734	9.84353913423506e-14	3.62789303375098e-13	0.462058730421971	FALSE	up_in_cellobiose
YJL130C	16129.9754779468	0.629981347373188	0.0846534282248193	7.4418881855571	9.92562219231132e-14	3.655917358045e-13	0.621005582447	FALSE	up_in_cellobiose
YNL093W	405.876192226475	0.805190398943666	0.108249658929705	7.4382719253327	1.02010909872992e-13	3.7550942356169e-13	0.790099791742791	FALSE	up_in_cellobiose
YBR043C	4015.93756357844	-0.360056675148752	0.0484205700525877	-7.43602718344102	1.03758495097226e-13	3.81710084153298e-13	-0.357857535462077	FALSE	down_in_cellobiose
YLL042C	327.510599125038	0.840927081590225	0.113098390970081	7.4353584907559	1.04284752988912e-13	3.83188658910385e-13	0.824494819097767	FALSE	up_in_cellobiose
YOR234C	8573.86521118162	0.4140363153203	0.0556848043383231	7.43535548414155	1.04287125093666e-13	3.83188658910385e-13	0.410750158452665	FALSE	up_in_cellobiose
YMR279C	1084.14900244428	-0.511420275820525	0.0688210837837092	-7.43115696096586	1.07651874247396e-13	3.95311800515028e-13	-0.505729724861012	FALSE	down_in_cellobiose
YDL191W	25821.1021033848	0.3775339774025	0.050842014844233	7.42562973869481	1.12244584129942e-13	4.11926726224447e-13	0.381439953906815	FALSE	up_in_cellobiose
YPR114W	3374.62123524922	-0.501721967862875	0.0675936384189085	-7.42262111640561	1.14824903698074e-13	4.21140701980566e-13	-0.49627031772853	FALSE	down_in_cellobiose
YER074W	25755.7187840295	0.430230850595741	0.0580103030507743	7.41645583577068	1.20295969384749e-13	4.4093940778119e-13	0.426582948090948	FALSE	up_in_cellobiose
YPL240C	16013.4748284173	0.649512471651122	0.0876503636024164	7.41026557057222	1.26046748731649e-13	4.61738786389471e-13	0.63992858859251	FALSE	up_in_cellobiose
YAL053W	6266.64611673675	0.529047560432796	0.071459105772194	7.40350099145318	1.32640171042737e-13	4.85597914325952e-13	0.523034820837233	FALSE	up_in_cellobiose
YOR101W	2318.45596711107	0.678544844736947	0.0917366714071121	7.39665865709993	1.39653923684409e-13	5.1096608012299e-13	0.667835760426554	FALSE	up_in_cellobiose
YFL025C	1735.5856494051	-0.467692620108943	0.0632669982266124	-7.39236305211986	1.44242033095968e-13	5.27433988007506e-13	-0.463033150301816	FALSE	down_in_cellobiose
YGR254W	281787.692505162	-0.469806706442398	0.0636004258045989	-7.38684844478553	1.50349802171053e-13	5.49435409988233e-13	-0.463404072823425	FALSE	down_in_cellobiose
YBR107C	1005.21770362896	-0.529848497991265	0.0717639424361945	-7.38321335205845	1.54514122913289e-13	5.64312448900708e-13	-0.524108728775456	FALSE	down_in_cellobiose
YDR007W	3144.39482946282	0.479384280575764	0.0649725435356535	7.37825940757119	1.60372272688842e-13	5.85353956078524e-13	0.474698917107027	FALSE	up_in_cellobiose
YHR209W	1562.1601141801	0.420668240846993	0.0570510064584548	7.37354635721157	1.6614787679391e-13	6.06068973974406e-13	0.417173023292833	FALSE	up_in_cellobiose
YOR388C	223.884871462056	-1.28166403695148	0.173827401933614	-7.37319906237196	1.66581463406125e-13	6.07284322290682e-13	-1.24628480851126	FALSE	down_in_cellobiose
YDR138W	2262.8791281162	-0.411154218709917	0.0557716278018258	-7.37210361101306	1.67956396461783e-13	6.11927883012568e-13	-0.407759588011692	FALSE	down_in_cellobiose
YJL222W	1423.72838789599	-0.646661604011214	0.087748616795489	-7.36947917388092	1.71295921656163e-13	6.23719286078552e-13	-0.636761621234576	FALSE	down_in_cellobiose
YML038C	4105.76568793185	-0.396009780856736	0.0537419606293411	-7.36872596792701	1.72266345932952e-13	6.26875367149514e-13	-0.392787409924636	FALSE	down_in_cellobiose
YLR398C	3246.18044513361	0.413692263889909	0.0561666190715523	7.36544714152892	1.76554074098339e-13	6.42092026546454e-13	0.410369035212171	FALSE	up_in_cellobiose
YGR181W	1264.13038689876	0.520655269147069	0.0707073227627684	7.36352684281272	1.79113759521026e-13	6.51009625951422e-13	0.514693231550762	FALSE	up_in_cellobiose
YGR251W	962.525219149268	-0.586837172546772	0.0796995840288189	-7.36311462221152	1.79667968969445e-13	6.52631757553876e-13	-0.578854108849201	FALSE	down_in_cellobiose
YHR136C	152.383170234961	-1.19439359394139	0.162285918027204	-7.35981044110789	1.84171570086199e-13	6.68589229220487e-13	-1.16280658333339	FALSE	down_in_cellobiose
YMR258C	2050.44527127889	-0.617446672536302	0.0839698364401825	-7.35319608459821	1.93522716788177e-13	7.02099815438411e-13	-0.608435255789579	FALSE	down_in_cellobiose
YML020W	2248.03835689764	0.417129424882871	0.0567282313105374	7.35311881309066	1.93634671321308e-13	7.02099815438411e-13	0.413750412854077	FALSE	up_in_cellobiose
YJL174W	7029.1445579261	0.343098421512082	0.0467179117814972	7.34404446664432	2.07234224066081e-13	7.50960207999795e-13	0.341033396227116	FALSE	up_in_cellobiose
YBL059C-A	1194.66513398122	0.53538446994386	0.0729974177866868	7.33429326922716	2.22894533455092e-13	8.07225232536765e-13	0.529001844865066	FALSE	up_in_cellobiose
YOR076C	1550.41664224457	-0.458296511281857	0.0625755765071001	-7.32388795858487	2.40887829848397e-13	8.71866903006047e-13	-0.453800999689892	FALSE	down_in_cellobiose
YMR090W	6572.27028744497	0.492341693309163	0.067262063248577	7.31975306034906	2.4842767897806e-13	8.98618781375184e-13	0.48715586764905	FALSE	up_in_cellobiose
YJR025C	9273.62894590732	-0.383657056286189	0.0524151147179905	-7.31958822088596	2.48733014953326e-13	8.99185459914951e-13	-0.379223260374184	FALSE	down_in_cellobiose
YJL128C	2528.65000927569	-0.372287627194065	0.0508960539581779	-7.31466583833747	2.58022670679144e-13	9.32210939227876e-13	-0.369642943669615	FALSE	down_in_cellobiose
YKL114C	2416.79575687719	-0.373463767293875	0.05109491761265	-7.30921556866183	2.68706393617239e-13	9.70230608117649e-13	-0.370797753932647	FALSE	down_in_cellobiose
YML035C	3399.38377332719	0.348881878964376	0.0477654224707147	7.30406768993361	2.79195805862723e-13	1.00750371948553e-12	0.346652825727058	FALSE	up_in_cellobiose
YDR186C	17268.4025848369	-0.498614558877747	0.0682902189392084	-7.30140518837127	2.84777719079251e-13	1.02703377757383e-12	-0.493041319811405	FALSE	down_in_cellobiose
YGR162W	7750.99205266182	0.454907545777534	0.0623051077519191	7.30128816386683	2.85025558614941e-13	1.02731500506744e-12	0.450570813281318	FALSE	up_in_cellobiose
YDR512C	979.099603046658	0.614000066165864	0.0840971327050546	7.30108205138556	2.85462587771772e-13	1.02827738585091e-12	0.605171226270116	FALSE	up_in_cellobiose
YNL302C	19212.6729507494	0.422278533444922	0.0578384693102827	7.30099773525382	2.85641556524465e-13	1.02830960348808e-12	0.418709670428092	FALSE	up_in_cellobiose
YLR363C	742.434072456301	-0.546586196265002	0.0748731783914151	-7.30016019097799	2.87425316609304e-13	1.03411559479659e-12	-0.539695425512961	FALSE	down_in_cellobiose
YKL137W	1075.66023296937	0.508629537334537	0.0696838741732794	7.2990995889487	2.89699840263461e-13	1.04167933050738e-12	0.502916217519237	FALSE	up_in_cellobiose
YJR123W	58320.0875971359	0.362010544000946	0.0496317939740903	7.2939242170035	3.01054818935635e-13	1.08186544558688e-12	0.366444522021668	FALSE	up_in_cellobiose
YDL053C	2771.86210094657	0.357723463311301	0.0490485377492794	7.2932543909845	3.02556028257627e-13	1.08661452428867e-12	0.355344860451015	FALSE	up_in_cellobiose
YJL134W	2439.9486543945	-0.387725568046598	0.0531799626806495	-7.29082061179556	3.08072742571721e-13	1.10577088847108e-12	-0.38476308993185	FALSE	down_in_cellobiose
YEL056W	1835.86907959175	-0.391733021273476	0.0538049390242327	-7.28061453795249	3.32302911880923e-13	1.1920332212668e-12	-0.388655088567542	FALSE	down_in_cellobiose
YOR312C	24801.4433422675	0.38914161024432	0.0534636407834787	7.27862159294942	3.37248185144337e-13	1.20905573429339e-12	0.386859747136393	FALSE	up_in_cellobiose
YJR146W	318.06168072916	-0.904478553036634	0.124328199975066	-7.27492679229675	3.46608365798876e-13	1.24187641963957e-12	-0.884486588135498	FALSE	down_in_cellobiose
YDR025W	19417.0149987098	0.408543303552174	0.0561632340311224	7.27421258052524	3.48446908125169e-13	1.24772463016046e-12	0.404636775720367	FALSE	up_in_cellobiose
YKR072C	3453.95873424326	0.459883882055267	0.063303681197645	7.26472573718785	3.73795905444848e-13	1.33770274327245e-12	0.455853752886372	FALSE	up_in_cellobiose
YNL236W	1688.06240138468	-0.426866132871636	0.0587650997991887	-7.26393955477515	3.75976069796362e-13	1.34470920764541e-12	-0.423031736366911	FALSE	down_in_cellobiose
YPR112C	3390.61093285538	0.424515946226252	0.0585320353009075	7.25271116994065	4.08510621326034e-13	1.46020817835689e-12	0.420773472688015	FALSE	up_in_cellobiose
YML126C	5732.44190534278	-0.525103277764401	0.0724136654630563	-7.25143899851742	4.12366743079292e-13	1.47312112353429e-12	-0.518748702581469	FALSE	down_in_cellobiose
YMR303C	1480.54765306815	-0.571764481932627	0.0788704835122552	-7.24941012747543	4.1859060086654e-13	1.49447222788715e-12	-0.563990858544176	FALSE	down_in_cellobiose
YPR099C	1234.80193367839	0.490003890288901	0.0676156549375165	7.24690000772326	4.26418528562778e-13	1.52152168775674e-12	0.484699064925702	FALSE	up_in_cellobiose
YPL204W	9434.83817218481	0.366667787853657	0.0506007145816621	7.24629663602693	4.28321497119262e-13	1.52741062180265e-12	0.364137014548186	FALSE	up_in_cellobiose
YHR166C	1234.08649883036	-0.538436289842603	0.0743358966605143	-7.24328775237078	4.37936371830442e-13	1.56077735817944e-12	-0.531675977435557	FALSE	down_in_cellobiose
YDR310C	4320.33315023767	0.35283281013435	0.0487163638096034	7.24259330013452	4.40185415680799e-13	1.56786890108214e-12	0.350542081943563	FALSE	up_in_cellobiose
YLR074C	3347.14377590445	0.661359002171889	0.0914753964684718	7.22991129532666	4.83309615857651e-13	1.72045706692588e-12	0.650750220986245	FALSE	up_in_cellobiose
YHR160C	383.034981563122	0.757862996898328	0.104852409806334	7.22790251838869	4.90510594184685e-13	1.74506357272293e-12	0.743720467121427	FALSE	up_in_cellobiose
YNL199C	3448.33012383008	0.408581740276743	0.056603692369597	7.21828776838242	5.26462191570934e-13	1.87186557002999e-12	0.40520135650786	FALSE	up_in_cellobiose
YER062C	13810.4446277724	0.770898429035243	0.10680172115743	7.21803376088771	5.27446236210982e-13	1.87426253619508e-12	0.75620915640649	FALSE	up_in_cellobiose
YAR003W	1847.6416385872	-0.412555858876386	0.0571748899456013	-7.21568260592911	5.3664093582101e-13	1.90581584253991e-12	-0.409027941453579	FALSE	down_in_cellobiose
YNL148C	856.744400092177	0.567349919863197	0.0786342128172654	7.21505181442633	5.3913443926317e-13	1.91354758724393e-12	0.559785125338829	FALSE	up_in_cellobiose
YDL107W	1105.35313382495	0.569168964775024	0.0789121041573048	7.2126953254273	5.4855060932077e-13	1.94582644291614e-12	0.561545846702952	FALSE	up_in_cellobiose
YOL120C	36421.1832458876	0.388737114633098	0.0539041648124716	7.21163412855916	5.52843539496515e-13	1.95990488093489e-12	0.386212438247028	FALSE	up_in_cellobiose
YIL052C	14591.9257585095	0.458173529299498	0.0635417603849571	7.2105891703933	5.57103003471923e-13	1.97384825131704e-12	0.453671259842312	FALSE	up_in_cellobiose
YOR329C	2096.06296303423	-0.435102875593954	0.0603673043019551	-7.20759160318945	5.69501283697467e-13	2.01659470948611e-12	-0.430978778822491	FALSE	down_in_cellobiose
YDL224C	3024.80457164382	-0.387997944970049	0.0538353250503466	-7.20712551855487	5.71453242670515e-13	2.02232253462333e-12	-0.384955260866346	FALSE	down_in_cellobiose
YDR457W	3434.93849168288	0.536847774395341	0.0744978446080937	7.20621888082137	5.75269068424119e-13	2.03463586305794e-12	0.530189046758463	FALSE	up_in_cellobiose
YGL114W	3951.60256684064	-0.34597566278874	0.0480224967351541	-7.20444971232564	5.82787254538573e-13	2.06002180914628e-12	-0.343737282802442	FALSE	down_in_cellobiose
YPL163C	2029.09842398259	-0.710863576166979	0.0987692074587946	-7.19721859126533	6.14532037401129e-13	2.17096364614605e-12	-0.698140592122184	FALSE	down_in_cellobiose
YJR040W	2782.48484378404	-0.363436734741794	0.0506091128068846	-7.18125085750079	6.90764717715842e-13	2.43884705939604e-12	-0.3608505770471	FALSE	down_in_cellobiose
YOR389W	1461.94250902231	-0.673155737498849	0.0938278876885556	-7.17436738779909	7.26422964401301e-13	2.56324742631218e-12	-0.661760743677424	FALSE	down_in_cellobiose
YLR421C	2591.3862233679	-0.382098608120181	0.0532893434376353	-7.17026301079037	7.48538193646664e-13	2.63974285432946e-12	-0.379139294512146	FALSE	down_in_cellobiose
YHL017W	1780.15353923052	-0.399569702542222	0.0558350005495797	-7.15625859423816	8.2908681177162e-13	2.92209617575452e-12	-0.396206674254388	FALSE	down_in_cellobiose
YHL042W	364.954364795929	-0.743842245281356	0.10394431496107	-7.15616092674186	8.29677406196785e-13	2.9224746375528e-12	-0.729747013882757	FALSE	down_in_cellobiose
YNL155C-A	539.240995079622	0.640002497416018	0.0894404578859776	7.15562635235969	8.32917295212422e-13	2.932179162657e-12	0.629905398290136	FALSE	up_in_cellobiose
YDR289C	1574.98480319094	0.473250685217167	0.0661571684378687	7.15343017834294	8.46358423243259e-13	2.97776366711764e-12	0.468263517179002	FALSE	up_in_cellobiose
YCR053W	13387.2637295927	-0.350959937530236	0.0490683413837066	-7.15247199382154	8.52289241289107e-13	2.99688682053286e-12	-0.348508857246435	FALSE	down_in_cellobiose
YBR187W	3416.42607863617	0.444832525301433	0.0622035710352716	7.15123774886168	8.59988917755548e-13	3.02220393642391e-12	0.440990596029457	FALSE	up_in_cellobiose
YDL036C	1026.33488659714	-0.536302867857287	0.0750474662917135	-7.14618220117717	8.92246146289018e-13	3.13374256257606e-12	-0.52942599070174	FALSE	down_in_cellobiose
YOR324C	1944.35953411437	-0.408882373326039	0.0572453351041634	-7.14263219146221	9.1560390686258e-13	3.21391319135513e-12	-0.405334465364352	FALSE	down_in_cellobiose
YPL067C	926.336398997205	0.529807757420016	0.0741872610827655	7.14149234905635	9.2323015307452e-13	3.23880276438208e-12	0.523231917033445	FALSE	up_in_cellobiose
YOR115C	2115.39055648342	-0.40557612348708	0.0567934608612221	-7.1412468501986	9.24880832580733e-13	3.24271262344827e-12	-0.402220847487943	FALSE	down_in_cellobiose
YCR018C	1352.83822681382	-0.91043664165663	0.127491515791285	-7.14115473493227	9.25500942089139e-13	3.24277007376847e-12	-0.889437929528878	FALSE	down_in_cellobiose
YGR004W	1096.18580711477	-0.625503405668922	0.0875922064215122	-7.14108516297519	9.25969563061864e-13	3.24277007376847e-12	-0.615709817311082	FALSE	down_in_cellobiose
YPL254W	1894.14194971039	-0.436912795592497	0.0612076517830984	-7.13820548353636	9.45572087221945e-13	3.30950230527681e-12	-0.432794280485218	FALSE	down_in_cellobiose
YJL155C	2183.54409279821	0.395469797853255	0.0554231312879915	7.1354647177602	9.64607006080157e-13	3.37417187551925e-12	0.392333804470187	FALSE	up_in_cellobiose
YMR196W	7386.37250360656	0.374081714004269	0.0524566988539903	7.13124771815131	9.94631248667645e-13	3.47718485083348e-12	0.371280899355643	FALSE	up_in_cellobiose
YLR030W	970.859981323677	0.523268687460879	0.0734415444961675	7.12496845008734	1.04104531595652e-12	3.63734377290873e-12	0.516849490484511	FALSE	up_in_cellobiose
YPR048W	1493.99143563118	-0.435409322397372	0.0611388662477921	-7.12164534802926	1.06646187170809e-12	3.72399618942871e-12	-0.43123211715005	FALSE	down_in_cellobiose
YGR172C	1731.41989958255	-0.476592720830642	0.0669233483111297	-7.12147154704424	1.06780780553386e-12	3.72654449386543e-12	-0.47130765458134	FALSE	down_in_cellobiose
YHR199C	5755.71476037698	-0.355124495571134	0.0498939651520555	-7.11758415048527	1.09835162399028e-12	3.83092884768927e-12	-0.352639853448429	FALSE	down_in_cellobiose
YGR017W	2603.52510055151	-0.440395008289077	0.061924159382832	-7.11184475781796	1.14502016891083e-12	3.99140171848572e-12	-0.436084416086536	FALSE	down_in_cellobiose
YKL044W	432.859199371983	0.750645129266084	0.105608121873067	7.10783523040306	1.17877163869735e-12	4.10668828965528e-12	0.73644218082057	FALSE	up_in_cellobiose
YMR186W	22815.4418117096	0.364268086348491	0.0513454596146692	7.09445565551859	1.29861605585224e-12	4.52160616338189e-12	0.361714277315625	FALSE	up_in_cellobiose
YMR032W	1540.69767120343	-0.561352628263457	0.0791983164137312	-7.08793638151292	1.36126517200391e-12	4.73701482179497e-12	-0.553561724145266	FALSE	down_in_cellobiose
YKR095W	4646.44227262801	0.380000390697436	0.0536187657042077	7.08707829631401	1.36972898049993e-12	4.76372678209521e-12	0.377097739250605	FALSE	up_in_cellobiose
YMR009W	718.863418404642	-0.532414837911624	0.0751667747425152	-7.08311404520705	1.40950582972646e-12	4.89924784953199e-12	-0.525309912073312	FALSE	down_in_cellobiose
YNL086W	539.947690476314	-0.610904539165376	0.0862640920962786	-7.08179410830118	1.42299975216374e-12	4.94330988000363e-12	-0.60147024786352	FALSE	down_in_cellobiose
YIL050W	2620.41067046407	0.466028801042404	0.0658125901972621	7.08114966521698	1.42963396353453e-12	4.96350528786272e-12	0.46098578964019	FALSE	up_in_cellobiose
YOR176W	4151.27958502636	0.507305847026926	0.0716440230104656	7.08092351197	1.43196928103875e-12	4.96876087878507e-12	0.501386067898881	FALSE	up_in_cellobiose
YBR052C	5324.71916321645	0.432473910219423	0.0610897181944753	7.07932403359055	1.44859309501963e-12	5.02356137538917e-12	0.428453662471015	FALSE	up_in_cellobiose
YDR530C	4363.47217604099	-0.364615101626745	0.0515084994526897	-7.07873662601338	1.45474559748166e-12	5.04200651780464e-12	-0.361927506538989	FALSE	down_in_cellobiose
YML045W	10843.1726964239	-1.82636199296325	0.258018880167713	-7.07840446317769	1.4582360086769e-12	5.05120926716948e-12	-1.76306713536965	FALSE	down_in_cellobiose
YNL213C	1535.70196373555	0.416186077345575	0.058798962894193	7.07811935551465	1.46123850994089e-12	5.05871236870208e-12	0.412496757862085	FALSE	up_in_cellobiose
YNL008C	2789.47468037177	-0.431988329160944	0.061046841549945	-7.07634200546668	1.4800932188052e-12	5.1210547982459e-12	-0.427793370950644	FALSE	down_in_cellobiose
YER131W	12241.5094395733	0.421484968161117	0.0595688756788314	7.07559045488074	1.4881375296486e-12	5.14594384180375e-12	0.417840796983688	FALSE	up_in_cellobiose
YJL196C	3537.90055008104	-0.695742511568168	0.098345756935371	-7.07445377664217	1.50038566388411e-12	5.18533285438349e-12	-0.682997362040434	FALSE	down_in_cellobiose
YBL074C	680.703783289165	-0.532590667026461	0.0752946082086003	-7.07342371117653	1.51157039566228e-12	5.22100385663361e-12	-0.525677486821152	FALSE	down_in_cellobiose
YAR068W	180.91838990252	-0.959201418934325	0.135732749900793	-7.06683847218453	1.5850326756015e-12	5.47161964728188e-12	-0.935656467622068	FALSE	down_in_cellobiose
YOR361C	7962.04958582366	0.317846806357237	0.0449946037404296	7.06410946945708	1.61649277222381e-12	5.57703838357648e-12	0.316035891300055	FALSE	up_in_cellobiose
YPL253C	999.324674302834	-0.533275142106481	0.0755242054618729	-7.06098314898124	1.6532864573429e-12	5.7007277616932e-12	-0.526321020854178	FALSE	down_in_cellobiose
YNR065C	3805.56734822109	-0.373342920215013	0.0529327443925077	-7.0531563118397	1.74904178076729e-12	6.02746705987498e-12	-0.370929825690476	FALSE	down_in_cellobiose
YGR001C	2401.05655421449	-0.37654742806261	0.0533968015110072	-7.05187234829016	1.76526114319086e-12	6.07989714921316e-12	-0.373620491678717	FALSE	down_in_cellobiose
YHR108W	3475.49387985282	-0.324609289312505	0.0460591562539947	-7.04766035058125	1.81951098200277e-12	6.26317724482228e-12	-0.322592619441247	FALSE	down_in_cellobiose
YHR062C	996.141841811792	-0.481788997827136	0.0684117055064693	-7.04249359463163	1.88829518412638e-12	6.49625100887165e-12	-0.476175598965595	FALSE	down_in_cellobiose
YOR150W	2429.38143272584	0.445444411692666	0.0632578611427602	7.0417242006869	1.8987538399052e-12	6.52851803510326e-12	0.441076804140169	FALSE	up_in_cellobiose
YIR005W	662.717751851714	-0.606168457931733	0.0860883189359266	-7.041239339136	1.90537390756434e-12	6.54755760963019e-12	-0.596791943932761	FALSE	down_in_cellobiose
YJL198W	3397.49619972274	0.494320812828389	0.0702652706887819	7.03506594342785	1.99166786499813e-12	6.84020854486579e-12	0.488645634066996	FALSE	up_in_cellobiose
YHL015W	30050.9638047352	0.370658644939059	0.052735413553299	7.02864773335738	2.08544742216391e-12	7.15822134463527e-12	0.368932249582623	FALSE	up_in_cellobiose
YDR505C	2015.32057729696	0.471659746631073	0.0671496355128994	7.02401052557416	2.15588557060021e-12	7.39580030118551e-12	0.466528800466841	FALSE	up_in_cellobiose
YLR417W	1551.33994649579	-0.564493003304134	0.0804208105408804	-7.01924041187305	2.23077656048885e-12	7.64837677881892e-12	-0.556420804083373	FALSE	down_in_cellobiose
YHR059W	1358.140109158	0.447089106674525	0.0637386081709443	7.01441590119838	2.30911568629896e-12	7.91248253299497e-12	0.442584302386426	FALSE	up_in_cellobiose
YER079W	3219.47015220862	0.500514709352322	0.071423951429105	7.00765918627633	2.42338230242771e-12	8.29932965180227e-12	0.494514745783139	FALSE	up_in_cellobiose
YNL239W	10018.2112730297	-0.448575649347485	0.0640549601169089	-7.00298069858719	2.50573364615342e-12	8.57650090092581e-12	-0.443867004024126	FALSE	down_in_cellobiose
YNL124W	3399.31136226271	-0.64260393454797	0.0917748040111966	-7.00196466199559	2.52397752054994e-12	8.63405884857806e-12	-0.631769659171678	FALSE	down_in_cellobiose
YDR080W	2041.06889832519	-0.469295586042121	0.0671002765331233	-6.99394414284505	2.67264001264188e-12	9.1359761261082e-12	-0.464108383399364	FALSE	down_in_cellobiose
YNL301C	3154.14516469314	-0.409416151039984	0.058539140247339	-6.99388732581523	2.6737231718273e-12	9.1359761261082e-12	-0.405646900067293	FALSE	down_in_cellobiose
YNL257C	1971.04244623254	-0.482106665817244	0.068967814066062	-6.9903138492319	2.74271988619212e-12	9.36644261529642e-12	-0.476531196850393	FALSE	down_in_cellobiose
YNL025C	1053.10691721632	-0.479689134165136	0.068647673124362	-6.98769692158585	2.79435212460488e-12	9.5373824207733e-12	-0.474605927549485	FALSE	down_in_cellobiose
YNL042W	1084.82288612342	-0.556111599347529	0.0796376786198711	-6.98302121539701	2.88898764171014e-12	9.85482078796555e-12	-0.548272270321418	FALSE	down_in_cellobiose
YOR151C	7954.97223681726	0.361761580514843	0.0518244312021748	6.98052196855876	2.94085368633432e-12	1.00260896814825e-11	0.359141054620252	FALSE	up_in_cellobiose
YDL233W	1063.1610078234	0.446759676590445	0.0640680966494358	6.97320039074985	3.09810828535501e-12	1.05562585407477e-11	0.442220354441988	FALSE	up_in_cellobiose
YML024W	18494.9979081286	0.366443085027861	0.052557734816626	6.97220088168528	3.12020576609369e-12	1.06255655818326e-11	0.363829253614739	FALSE	up_in_cellobiose
YPR147C	2111.05936646771	-0.429379482785676	0.0615981824302545	-6.97065182518733	3.15475854078437e-12	1.07371860746561e-11	-0.425182361147263	FALSE	down_in_cellobiose
YML131W	3189.51445489191	0.439898249969688	0.0631465906729841	6.96630246037794	3.25379224300896e-12	1.10680177085029e-11	0.435664387547988	FALSE	up_in_cellobiose
YLR031W	556.574543105901	0.622876149364989	0.0894429033704698	6.96395271053595	3.30855708536919e-12	1.12479782194001e-11	0.61283568719881	FALSE	up_in_cellobiose
YDR299W	3365.49132505881	0.399583391812437	0.0573942025977792	6.96208630360687	3.35269995812809e-12	1.13916457004262e-11	0.396345166039492	FALSE	up_in_cellobiose
YLR271W	922.048115125242	0.525041712209775	0.0754181992132001	6.9617375870449	3.36101133435813e-12	1.14134736385165e-11	0.518263832678491	FALSE	up_in_cellobiose
YOL019W	2888.35708996693	0.389357987734182	0.0559368718802251	6.96066788589636	3.3866330322368e-12	1.14940272609249e-11	0.386159119265654	FALSE	up_in_cellobiose
YKL032C	6324.60364065113	0.364672222826003	0.0524394293231892	6.95416078192792	3.54666935221141e-12	1.2030429748836e-11	0.361970700540753	FALSE	up_in_cellobiose
YJL061W	1840.08188305815	-0.394908243580627	0.0568724354485027	-6.94375474632543	3.81813133205378e-12	1.29439788656173e-11	-0.391425443269498	FALSE	down_in_cellobiose
YJR113C	3235.87958624332	0.439448591598179	0.0633728693643323	6.93433319346451	4.08141669109608e-12	1.38288000827726e-11	0.435172095258115	FALSE	up_in_cellobiose
YBR079C	10656.3204369281	0.326960824850888	0.0471733131144207	6.931054939004	4.17713776031342e-12	1.41452011054734e-11	0.324915972594188	FALSE	up_in_cellobiose
YNR031C	2661.21243296734	0.377649276234325	0.0544998518582202	6.92936335344119	4.22738734374763e-12	1.43073523530977e-11	0.374634485553815	FALSE	up_in_cellobiose
YCL031C	3785.08385221413	0.371761919623886	0.0536609237391246	6.92798210912704	4.2688571400026e-12	1.44396241514182e-11	0.369030530307679	FALSE	up_in_cellobiose
YKL048C	2675.02272663041	0.368113578847773	0.0531361485784395	6.92774295269753	4.27607784669039e-12	1.44559635644402e-11	0.365246657016793	FALSE	up_in_cellobiose
YJL096W	1604.05073462116	0.451771818758848	0.0652133022431478	6.92760224094183	4.28033186589314e-12	1.44622609636434e-11	0.447042776209267	FALSE	up_in_cellobiose
YKR006C	2244.3750540628	0.4493896332433	0.0648797520417263	6.92650047358817	4.31378439733858e-12	1.45671513317162e-11	0.444737205453192	FALSE	up_in_cellobiose
YNR051C	3857.16180340781	-0.411467274497999	0.0594067992597045	-6.92626567371886	4.32094659508758e-12	1.45831947584206e-11	-0.407794419429199	FALSE	down_in_cellobiose
YOR391C	539.786487911444	0.903454810304672	0.13047771188228	6.92420795300113	4.3842149011723e-12	1.47884727954769e-11	0.881698129763007	FALSE	up_in_cellobiose
YLR436C	2690.81559259414	0.38828849988172	0.0560948069168165	6.92200439262616	4.45297434710517e-12	1.50120339193378e-11	0.385060083143388	FALSE	up_in_cellobiose
YDR451C	2344.04290076465	-0.584635647038311	0.0845182913000814	-6.91726770673307	4.60437501795504e-12	1.55137939323633e-11	-0.575632836798931	FALSE	down_in_cellobiose
YDR083W	1981.53468654115	0.464193363025402	0.0671632272221713	6.91142135695598	4.79821515214196e-12	1.6157909376478e-11	0.459098196977206	FALSE	up_in_cellobiose
YNL074C	3545.03896559368	-0.349483569422647	0.0505841158749506	-6.9089587388778	4.88223922763829e-12	1.64317099881783e-11	-0.346991652994378	FALSE	down_in_cellobiose
YHR019C	15223.6133471149	-0.298025204834872	0.043147510108705	-6.90712405151614	4.94577432382342e-12	1.66362864908143e-11	-0.296384182764503	FALSE	down_in_cellobiose
YPL173W	2249.54436329379	0.372749276539542	0.0540009777947169	6.90263939213355	5.10450924196744e-12	1.71606847667699e-11	0.369864377834135	FALSE	up_in_cellobiose
YMR053C	1235.32813053345	0.43070343578391	0.0624336609797735	6.89857729027686	5.25259101082768e-12	1.7648705796381e-11	0.426465663716004	FALSE	up_in_cellobiose
YKL022C	2190.53348846596	-0.364361710017885	0.0528358871921541	-6.89610280778991	5.34485215202004e-12	1.79487317131689e-11	-0.361544349190001	FALSE	down_in_cellobiose
YIL092W	1172.2130579635	-0.44644306601833	0.0647483325697806	-6.89505116656385	5.38454190057528e-12	1.80719808072582e-11	-0.441704798144813	FALSE	down_in_cellobiose
YOR032W-A	49.278091616994	-1.87165170128759	0.271537826699706	-6.89278441989391	5.47107561261292e-12	1.83522270133572e-11	-1.80257275853912	FALSE	down_in_cellobiose
YJL153C	1083.12749135299	0.806830877495919	0.117152388428226	6.88702030168365	5.69730942014747e-12	1.91005140648846e-11	0.789269209088425	FALSE	up_in_cellobiose
YJR024C	2148.36405997204	0.465135017880805	0.0675438750825481	6.88641297693306	5.72167340033923e-12	1.91715682688375e-11	0.45996077563136	FALSE	up_in_cellobiose
YAR033W	739.37449135375	-0.512824028541818	0.0744719082046529	-6.8861405717247	5.73263459651685e-12	1.91976600441494e-11	-0.506137451211331	FALSE	down_in_cellobiose
YGL124C	1692.02226977317	-0.434340550371619	0.0631031908921565	-6.88302040246916	5.85966311183409e-12	1.96121983953362e-11	-0.429892091400752	FALSE	down_in_cellobiose
YDR268W	960.532237975738	-0.470200868541386	0.0683454915510276	-6.8797642371235	5.99516971083802e-12	2.00546385017414e-11	-0.464788092043234	FALSE	down_in_cellobiose
YOR354C	2837.52613864306	0.359524820107657	0.0522683973829116	6.87843588304083	6.05132747767786e-12	2.02313038059678e-11	0.356874506570633	FALSE	up_in_cellobiose
YNL009W	549.705247867832	0.664580267930143	0.0966456935628675	6.87646022735444	6.13580552904618e-12	2.05024043313101e-11	0.652727125202174	FALSE	up_in_cellobiose
YJR002W	3420.05229996756	0.376757939464107	0.0547943692157373	6.87585138503429	6.1620715252277e-12	2.05788009854098e-11	0.373735773902548	FALSE	up_in_cellobiose
YLL008W	3979.13105813402	0.431930470888286	0.0628785733310513	6.86927912015754	6.45271428893632e-12	2.15375364345954e-11	0.427643943390971	FALSE	up_in_cellobiose
YBR210W	816.639796356864	-0.478816007016435	0.0697067877046957	-6.86900118027071	6.46529715795545e-12	2.15676322180445e-11	-0.473145636533038	FALSE	down_in_cellobiose
YCR012W	215351.063618951	-0.331055826525747	0.0481970960698087	-6.86879197133049	6.47478430510128e-12	2.15873734714733e-11	-0.325193560671073	FALSE	down_in_cellobiose
YAR009C	976.03620191436	-1.86269675976155	0.271217873851668	-6.86789824471626	6.51546662865323e-12	2.17110425179585e-11	-1.79250753982395	FALSE	down_in_cellobiose
YIL017C	2839.48159478514	0.379537034308465	0.0552979092201799	6.86349700487338	6.71949342664529e-12	2.23785772270654e-11	0.376461363896962	FALSE	up_in_cellobiose
YGL180W	1848.75664218937	-0.368792515746543	0.0537602600852984	-6.85994664388529	6.88862721589383e-12	2.29292335727715e-11	-0.365862329689558	FALSE	down_in_cellobiose
YHR205W	3393.72476104508	0.334118411292693	0.048713652634101	6.85882485147091	6.94292989345651e-12	2.30972717247662e-11	0.332127899097132	FALSE	up_in_cellobiose
YLR361C-A	738.26045509135	0.54252540574388	0.0791331576144552	6.85585438643961	7.08875556469042e-12	2.35694302667662e-11	0.534977339602006	FALSE	up_in_cellobiose
YCL061C	2042.60202733333	0.378262479751472	0.055183696381587	6.85460569976762	7.15094813946756e-12	2.37631507403845e-11	0.375241249105002	FALSE	up_in_cellobiose
YGR203W	1242.3100358155	-0.456087123832237	0.0665662135594883	-6.85163087163797	7.3012758817325e-12	2.42493775577804e-11	-0.450830198588176	FALSE	down_in_cellobiose
YLR423C	1199.56591297308	0.456384816899317	0.0666275174650202	6.84979471340684	7.39560395093999e-12	2.45491836966438e-11	0.451411408247214	FALSE	up_in_cellobiose
YGL259W	433.642760005725	-0.721850130482416	0.105502285952989	-6.84203307977672	7.80770524666891e-12	2.59029080262499e-11	-0.707434424577633	FALSE	down_in_cellobiose
YJL020C	5318.34875250225	0.43138457143692	0.06308351965182	6.83830854425818	8.0133664171504e-12	2.65706360147619e-11	0.427078831031052	FALSE	up_in_cellobiose
YNL320W	1706.05760796808	-0.418067836522731	0.061141985332636	-6.83765556921778	8.04996519686282e-12	2.66773641154117e-11	-0.413975079675761	FALSE	down_in_cellobiose
YLR185W	10082.292535181	0.454090022973698	0.0666220086641424	6.8159161225966	9.36649360851358e-12	3.10233041315937e-11	0.449305199079857	FALSE	up_in_cellobiose
YAL049C	1060.92463293097	0.471537511580604	0.0692039501562505	6.81373694010175	9.50955276589287e-12	3.14798988112316e-11	0.466083471613367	FALSE	up_in_cellobiose
YGL141W	2333.2055183732	-0.356129008124805	0.052267294876199	-6.81361086255442	9.51789470478268e-12	3.14902774477711e-11	-0.35339672645584	FALSE	down_in_cellobiose
YDL092W	2455.94135329709	-0.394439192042797	0.057915397590418	-6.8106101046271	9.71856978374868e-12	3.21366375353264e-11	-0.390682085006963	FALSE	down_in_cellobiose
YMR198W	995.826100575139	-0.480305761747332	0.0706623507880739	-6.7971947775674	1.0667583289723e-11	3.52554883804616e-11	-0.474465110751055	FALSE	down_in_cellobiose
YER093C	1488.6777912273	-0.435479856237403	0.0640773555264453	-6.79615837232354	1.07445662254362e-11	3.5490516947809e-11	-0.430879115601743	FALSE	down_in_cellobiose
YBL106C	2587.73977459624	-0.472367531038059	0.0695818956062568	-6.78865568295302	1.13183201206703e-11	3.73652838918198e-11	-0.466740897693673	FALSE	down_in_cellobiose
YFL023W	2440.3632000544	0.382991511097337	0.0564330147110646	6.78665694289491	1.14761653774694e-11	3.78657109672313e-11	0.379919571662529	FALSE	up_in_cellobiose
YGL204C	378.776564496596	-0.665885706713357	0.0981564847343703	-6.78391966170517	1.1695838429359e-11	3.85694824540692e-11	-0.653477796355182	FALSE	down_in_cellobiose
YMR122C	248.533440705257	-0.832559081859302	0.12280187593263	-6.77969351474771	1.20431087987181e-11	3.96930365202436e-11	-0.812932650484346	FALSE	down_in_cellobiose
YCL063W	1354.4641123746	-0.480872208510057	0.0709545999425213	-6.77718159075804	1.22542828626952e-11	4.03670494300549e-11	-0.474982520724139	FALSE	down_in_cellobiose
YML074C	9013.5969722489	0.301835757178531	0.0445439271464244	6.77613709690076	1.23431558547701e-11	4.06376737123841e-11	0.300275585578558	FALSE	up_in_cellobiose
YLR426W	1277.50021324973	-0.418210887950677	0.061728705464684	-6.7749823166135	1.2442147720955e-11	4.09413000088879e-11	-0.413914932721127	FALSE	down_in_cellobiose
YIL053W	37638.3887711714	0.698264171235654	0.103085587994285	6.77363523671578	1.25586071155101e-11	4.13020423244182e-11	0.681376419144642	FALSE	up_in_cellobiose
YNL101W	2181.13407030052	-0.39877028053591	0.0589403469272088	-6.76565886231363	1.32703893269874e-11	4.36191927443585e-11	-0.395039474624212	FALSE	down_in_cellobiose
YJL205C	545.597892791411	0.546539608145474	0.080789534263163	6.76498030506255	1.33327334657995e-11	4.38003107013337e-11	0.538652894723495	FALSE	up_in_cellobiose
YNL121C	6221.00484459064	0.296200453388369	0.0438051776887017	6.76176810634797	1.36317770522212e-11	4.47584080411694e-11	0.294834700623359	FALSE	up_in_cellobiose
YNL216W	5294.1396152261	0.370431302623368	0.0548005772978121	6.7596240931965	1.38350219869363e-11	4.5401092228427e-11	0.367442542064622	FALSE	up_in_cellobiose
YIL068C	2032.05580084612	-0.376566327618133	0.0557355206900723	-6.75630770029224	1.41552638143351e-11	4.64268088661055e-11	-0.373300062284804	FALSE	down_in_cellobiose
YKL087C	1709.43667204495	0.452048663587666	0.0669417312527573	6.75286783188844	1.44950977369438e-11	4.751563745964e-11	0.447084954013143	FALSE	up_in_cellobiose
YLR009W	3803.61357664239	0.508708312604363	0.0753572989750978	6.75061765115107	1.47217086905828e-11	4.82323370317686e-11	0.502038024990209	FALSE	up_in_cellobiose
YDR108W	1975.88513618658	-0.426110432360962	0.0631500704734518	-6.74758443128102	1.50326764153928e-11	4.92244867137498e-11	-0.421705902652979	FALSE	down_in_cellobiose
YHR077C	4548.92961902452	0.340629251637887	0.0504853672584045	6.74708871373381	1.5084105601382e-11	4.93661637863411e-11	0.338228530546921	FALSE	up_in_cellobiose
YOR175C	7273.31829295436	-0.738516958740136	0.109462120514978	-6.74678103498903	1.51161129577429e-11	4.94441596367923e-11	-0.722800377126652	FALSE	down_in_cellobiose
YML064C	1239.44436594059	-0.480475554140466	0.0712252250483911	-6.74586221123242	1.5212093228317e-11	4.97312107269521e-11	-0.474540899290587	FALSE	down_in_cellobiose
YLR197W	8979.3239700993	0.401305519970719	0.0595290922781605	6.74133444023548	1.56938495018587e-11	5.12784450498334e-11	0.397689092485383	FALSE	up_in_cellobiose
YHL002W	3679.2593161826	-0.318550225182469	0.0472632662091168	-6.73991136738286	1.5848327775294e-11	5.175523022947e-11	-0.316152786921085	FALSE	down_in_cellobiose
YHL003C	3095.3487385256	-0.404604399754708	0.0600547907987539	-6.73725433680312	1.61407511235174e-11	5.26817392309948e-11	-0.40065290582887	FALSE	down_in_cellobiose
YER110C	7118.29598896393	0.397379890177127	0.0589938143898127	6.73595857951081	1.6285267796959e-11	5.31247570852254e-11	0.39402305898113	FALSE	up_in_cellobiose
YAL034C	2271.10156563779	0.472207410264943	0.0701314979136457	6.73317160352658	1.66004080423784e-11	5.41235945230753e-11	0.46668587232196	FALSE	up_in_cellobiose
YDR140W	1043.93248585417	-0.471733770492487	0.0700937096203456	-6.7300442942395	1.69611446289564e-11	5.5269936808151e-11	-0.466039504224031	FALSE	down_in_cellobiose
YCL021W-A	255.161394402516	-0.818086969807351	0.121641300837873	-6.72540464605619	1.75105132905046e-11	5.70291234744463e-11	-0.798763978185843	FALSE	down_in_cellobiose
YFL010W-A	1219.3070928734	-0.546390029546178	0.0812436381923584	-6.72532695117007	1.75198596917198e-11	5.70291234744463e-11	-0.538265036230122	FALSE	down_in_cellobiose
YJL164C	1880.71587567546	0.563829516399001	0.0838450202433495	6.7246631316035	1.75999141009144e-11	5.72588921368104e-11	0.555260988289502	FALSE	up_in_cellobiose
YNR020C	1573.68597462763	0.409868076892521	0.0609510406899081	6.72454600041612	1.76140768581776e-11	5.72741595904613e-11	0.405944624141934	FALSE	up_in_cellobiose
YKR092C	5566.52030934522	0.462880334298634	0.0688872676398864	6.71938879501474	1.82488392382505e-11	5.93062760413427e-11	0.457544190374781	FALSE	up_in_cellobiose
YKR041W	164.505296657585	-0.96596769556241	0.143800615525968	-6.71741001962523	1.84982920657539e-11	6.00846779880127e-11	-0.93951578791238	FALSE	down_in_cellobiose
YBR055C	2721.98158047075	-0.362814665602217	0.0540379901384646	-6.71406661632967	1.89273830432211e-11	6.14454174156743e-11	-0.359840258610204	FALSE	down_in_cellobiose
YGR040W	806.152639185614	-0.523626096073841	0.0780102927162596	-6.71226934089816	1.91620565954029e-11	6.21738832022515e-11	-0.51623950151594	FALSE	down_in_cellobiose
YPL176C	2667.19953740328	-0.372207872125318	0.0554797166734698	-6.70890001684718	1.96096966100499e-11	6.35921957627785e-11	-0.368855218570228	FALSE	down_in_cellobiose
YBR207W	3321.59575197052	-0.39824863890511	0.0594082311547763	-6.70359361260147	2.03355315431382e-11	6.59106617218113e-11	-0.394455361077474	FALSE	down_in_cellobiose
YNCG0044C	131.516265025642	1.13189078464989	0.168986939935799	6.69809622613387	2.11152216320748e-11	6.84011036051357e-11	1.09725499265548	FALSE	up_in_cellobiose
YKL139W	1727.4441377313	0.37453584551913	0.0559301043218096	6.69649824652806	2.13473009911765e-11	6.91158867208968e-11	0.371944406754647	FALSE	up_in_cellobiose
YNL068C	1941.23063515837	-0.361776009597674	0.0540743821039623	-6.69034014854079	2.22652452400488e-11	7.20493329116186e-11	-0.358839783760597	FALSE	down_in_cellobiose
YNL227C	2357.06069520659	-0.411896219303326	0.0616129282026271	-6.68522388594676	2.30571867272552e-11	7.45721204954223e-11	-0.407761750562235	FALSE	down_in_cellobiose
YKL020C	3753.91721115199	0.34383286879806	0.0514974104784769	6.67670210217197	2.44378982092822e-11	7.89954080009293e-11	0.34130438707431	FALSE	up_in_cellobiose
YPR014C	218.476419746028	-0.862951072519563	0.129267990629719	-6.67567483888134	2.4609707261547e-11	7.95082849988442e-11	-0.84126328649016	FALSE	down_in_cellobiose
YOR081C	2415.76837427885	-0.372196194256911	0.0557773371547241	-6.67289284937454	2.50809520650059e-11	8.09875056535801e-11	-0.369002885464077	FALSE	down_in_cellobiose
YMR146C	8578.36889872966	0.328465941949514	0.0492376021489466	6.67103854805694	2.53999487886723e-11	8.1973794169632e-11	0.326251201727232	FALSE	up_in_cellobiose
YEL028W	394.966889281202	-0.645015592181413	0.0967937837473815	-6.66381215001178	2.66814463418965e-11	8.60636733204213e-11	-0.633023086085818	FALSE	down_in_cellobiose
YPL262W	10121.6542237971	0.323081521421877	0.0485104478246981	6.66003996890308	2.73753127525885e-11	8.82547396202852e-11	0.320940198096574	FALSE	up_in_cellobiose
YHR206W	2544.58412477822	-0.339712367146278	0.0510253496693692	-6.65771757268739	2.7811253252259e-11	8.9612391939085e-11	-0.337204599838649	FALSE	down_in_cellobiose
YDR356W	1969.48423795407	0.395375521407811	0.0593970811299546	6.65648065336359	2.80462031044404e-11	9.03213186238848e-11	0.391720711072389	FALSE	up_in_cellobiose
YPR079W	2390.17288988764	-0.44213887251441	0.0665059102605158	-6.64811399141026	2.96872359027573e-11	9.55552968280341e-11	-0.43708223148043	FALSE	down_in_cellobiose
YHR216W	7912.72790347256	-1.77938049811953	0.267683464093085	-6.64733066029346	2.98456044693756e-11	9.60139445908422e-11	-1.70640629478859	FALSE	down_in_cellobiose
YPL030W	2637.64416568002	-0.429349980641122	0.0646541806490412	-6.64071489779971	3.12165338310484e-11	1.00370864758203e-10	-0.424662866317133	FALSE	down_in_cellobiose
YLR111W	38.5044973913924	-2.10210117161662	0.316558216665265	-6.64048841872087	3.12645401169256e-11	1.00471805859281e-10	-2.01547555143646	FALSE	down_in_cellobiose
YDR209C	2336.08590444727	-0.427996613443294	0.0644583173778784	-6.63989739189468	3.13901593798116e-11	1.0082192455077e-10	-0.423377758865315	FALSE	down_in_cellobiose
YGL045W	2030.92538650482	-0.477009577472561	0.0718692901527371	-6.63718225766272	3.19736211219122e-11	1.0264143341047e-10	-0.47102548098636	FALSE	down_in_cellobiose
YKR038C	3602.67370725293	-0.344660261260632	0.0519321169442677	-6.63674584324212	3.20683881193448e-11	1.02891040501749e-10	-0.342034403870176	FALSE	down_in_cellobiose
YEL050C	2371.80911753521	0.376970897471301	0.0568259790004367	6.63377743951238	3.27203078090143e-11	1.0487144760409e-10	0.373793143742706	FALSE	up_in_cellobiose
YNR045W	1873.84591253314	0.370593981562503	0.0558645103236934	6.63379987428844	3.271533238413e-11	1.0487144760409e-10	0.36748381851546	FALSE	up_in_cellobiose
YGL008C	83137.4589893194	-0.644754253380493	0.0972426680642188	-6.63036366870044	3.34860826676738e-11	1.07268976681192e-10	-0.632552030886872	FALSE	down_in_cellobiose
YDR411C	2798.58383632122	-0.366702831166319	0.0553411930144596	-6.62621839522879	3.44395529553128e-11	1.10264910679583e-10	-0.363633649339286	FALSE	down_in_cellobiose
YNCG0049W	477.632069963612	-0.595519833367893	0.0898809492676213	-6.62565135571418	3.45720284343001e-11	1.1063049098976e-10	-0.585340306123594	FALSE	down_in_cellobiose
YLR192C	7635.48736180817	-0.360269815938281	0.0543912448875216	-6.62367292168623	3.50381601139183e-11	1.12062819867254e-10	-0.357232736435727	FALSE	down_in_cellobiose
YLR019W	4370.06929827164	-0.314116348821526	0.0474338822354145	-6.62219354643092	3.53907237854606e-11	1.13130601191578e-10	-0.312055600786074	FALSE	down_in_cellobiose
YJL082W	3219.8293189786	0.388213224772326	0.0586468799302899	6.61950346265262	3.60407401615819e-11	1.15147594557447e-10	0.384796250117284	FALSE	up_in_cellobiose
YBR177C	1909.958320657	-0.886988950364115	0.133999391406165	-6.61935058850801	3.60780285677276e-11	1.15205869470758e-10	-0.863621989798177	FALSE	down_in_cellobiose
YLR112W	228.59154538123	-0.834522814191964	0.126174517955664	-6.61403608044856	3.73980525946078e-11	1.19358006381102e-10	-0.813823032914542	FALSE	down_in_cellobiose
YOL004W	4071.52091790276	0.372533088438767	0.0563378949553615	6.61247795527218	3.77939413228856e-11	1.20557888776799e-10	0.369363559399555	FALSE	up_in_cellobiose
YJR126C	3945.96018732912	0.332950480015651	0.0503592777918244	6.6115022815062	3.80439255414743e-11	1.21291334567652e-10	0.330621845490793	FALSE	up_in_cellobiose
YIL009W	2032.3530852496	-0.477159727496835	0.0722118924528151	-6.60777208973746	3.90146690619067e-11	1.24320715746265e-10	-0.471096769700343	FALSE	down_in_cellobiose
YPL153C	1355.97213342992	0.539504749373357	0.0816678919093735	6.60608149371657	3.94625713800517e-11	1.25681743921302e-10	0.531502487137143	FALSE	up_in_cellobiose
YKL056C	25127.424437381	0.352164015608822	0.0533679197164767	6.59879600853348	4.14510184863814e-11	1.31945136739808e-10	0.351775652245528	FALSE	up_in_cellobiose
YOR020W-A	2848.49008972532	0.407101053426842	0.0617021604151489	6.59784115641585	4.17187885177438e-11	1.3272763437944e-10	0.403056492787069	FALSE	up_in_cellobiose
YMR149W	4386.03034799912	-0.376362159855234	0.0570744637819235	-6.59423032502382	4.27467645774806e-11	1.35926620486121e-10	-0.373035859369931	FALSE	down_in_cellobiose
YIL008W	1168.38117122735	0.579519215638566	0.0879131769483533	6.59194941821996	4.34088502925939e-11	1.37959393888391e-10	0.570258878503097	FALSE	up_in_cellobiose
YPL213W	1520.9432272105	-0.409053713416607	0.0620616743371085	-6.59108407541016	4.36626524453328e-11	1.3869313129694e-10	-0.404895928335034	FALSE	down_in_cellobiose
YER017C	4693.62903870207	0.336859064386572	0.0511691197154649	6.58324916003514	4.60276830356378e-11	1.46128833070623e-10	0.334207509514304	FALSE	up_in_cellobiose
YOR252W	1870.81269485196	0.361925112827334	0.0550165121962972	6.57848159359859	4.75276693618275e-11	1.5081182806943e-10	0.358948074927051	FALSE	up_in_cellobiose
YDR322W	2436.80325860332	0.367380318258141	0.0558512595766739	6.5778340729056	4.77350478843407e-11	1.51390440275036e-10	0.364211820238464	FALSE	up_in_cellobiose
YGR092W	2757.54128827303	-0.347130849214871	0.0527836049117148	-6.57648998766715	4.81683418575081e-11	1.52684555321912e-10	-0.344284105527739	FALSE	down_in_cellobiose
YIL044C	2246.55371475538	-0.366269268625633	0.0557400890087491	-6.57102051932752	4.99715717681825e-11	1.5831747828914e-10	-0.363093653808813	FALSE	down_in_cellobiose
YNR062C	380.810978623328	-0.629345941785023	0.0957841818355719	-6.57045797880689	5.01607389282453e-11	1.58833585883784e-10	-0.617597054741468	FALSE	down_in_cellobiose
YJR048W	157.508597367733	1.36461912108756	0.207703809350088	6.57002452365942	5.03069758545793e-11	1.59213286221086e-10	1.31602083689565	FALSE	up_in_cellobiose
YNL265C	1943.18668522901	0.361843587931315	0.0550862154404508	6.56867757274912	5.07640701959529e-11	1.60575887314395e-10	0.358824567215426	FALSE	up_in_cellobiose
YPR131C	1211.72427294028	-0.437959867760625	0.0667092798826572	-6.56520155113358	5.19625291332339e-11	1.64280907578567e-10	-0.432971474043984	FALSE	down_in_cellobiose
YLR371W	3114.5078247565	0.386555169183733	0.0589055610222598	6.56228652228025	5.29888713258971e-11	1.67438189017255e-10	0.383031007496938	FALSE	up_in_cellobiose
YNL073W	2757.55035398741	0.412850346489958	0.0629207559313013	6.56143335182941	5.32929943170644e-11	1.68311242626426e-10	0.408653216500567	FALSE	up_in_cellobiose
YFR037C	7909.12546163371	0.30921592459953	0.0471306857456759	6.56081955327585	5.35128456957906e-11	1.68917375139949e-10	0.306858722093172	FALSE	up_in_cellobiose
YMR286W	1341.24379289304	0.437897655043369	0.0668134027772039	6.5540391125353	5.60012889492483e-11	1.76680122882136e-10	0.433000433113032	FALSE	up_in_cellobiose
YGL040C	3684.30354058454	0.35875668015382	0.0547934124032031	6.54744182592372	5.85310088578013e-11	1.84564933040658e-10	0.356047468250065	FALSE	up_in_cellobiose
YPR138C	5122.37557613873	-0.674962154562899	0.103213299580897	-6.53948819874586	6.17297124295587e-11	1.94549922237609e-10	-0.661141676960711	FALSE	down_in_cellobiose
YPR190C	2644.0572708887	0.466199876905897	0.0713052244200504	6.53808862811469	6.23099987925531e-11	1.96276496196542e-10	0.460521909897821	FALSE	up_in_cellobiose
YNR007C	1525.36607170123	0.445117357596138	0.0681292515701541	6.53342503165166	6.42823780159964e-11	2.02384082374152e-10	0.439991303154376	FALSE	up_in_cellobiose
YPL117C	5305.5665331345	0.384439049856067	0.0588584079385873	6.53159103890798	6.50746465603489e-11	2.04771832672732e-10	0.380927260572115	FALSE	up_in_cellobiose
YPL042C	2609.28568017887	0.430074138084104	0.0659523585165861	6.52098192934141	6.98486006967885e-11	2.1967984244107e-10	0.425333998631022	FALSE	up_in_cellobiose
YLR328W	1752.6016187504	-0.394381268682703	0.0604826708892137	-6.52056635205632	7.00424140672507e-11	2.20174906589778e-10	-0.390506167273031	FALSE	down_in_cellobiose
YJL073W	1839.99559201772	-0.420137537228535	0.0644602981354706	-6.51777216955417	7.13592655367895e-11	2.24197837904677e-10	-0.415747184775612	FALSE	down_in_cellobiose
YIL161W	1340.89591703606	-0.471861559044123	0.0724117919709291	-6.51636351208598	7.20322913415923e-11	2.2619485879229e-10	-0.465782276856219	FALSE	down_in_cellobiose
YFL058W	584.627439590319	0.858014565017984	0.131877143274961	6.50616584277265	7.70931147285785e-11	2.41961161327682e-10	0.835690340642471	FALSE	up_in_cellobiose
YKR021W	2462.59715295149	-0.343129283278759	0.0527673706196848	-6.50267919832177	7.89019425862473e-11	2.47509828195863e-10	-0.340430288794676	FALSE	down_in_cellobiose
YDR294C	2333.82359486354	-0.371440475828911	0.0571523355573684	-6.49913030161412	8.07856683821346e-11	2.53287569919725e-10	-0.368110660758149	FALSE	down_in_cellobiose
YPR172W	1222.58586133605	0.482334665718197	0.0742558204232345	6.49558058841776	8.27137953413236e-11	2.59076783315419e-10	0.475996992668621	FALSE	up_in_cellobiose
YGR125W	1802.2414900429	-0.373872998113617	0.0575581216736225	-6.49557329604372	8.27178023449195e-11	2.59076783315419e-10	-0.37057252967188	FALSE	down_in_cellobiose
YDL153C	3358.18885221208	0.368949682437759	0.0568172022701935	6.49362636131262	8.37944193518583e-11	2.62312964927556e-10	0.365885690056849	FALSE	up_in_cellobiose
YLR068W	919.469002892088	0.471818750961043	0.0726780337594686	6.49190307655473	8.47587847057876e-11	2.65194583497467e-10	0.465897944202892	FALSE	up_in_cellobiose
YLL035W	1528.9913195555	-0.443316458846309	0.0682906429073489	-6.49161349158426	8.49219005387793e-11	2.65567556596968e-10	-0.438062139055316	FALSE	down_in_cellobiose
YDR358W	2947.53849602685	0.414091589248318	0.0637993473265627	6.49053017938809	8.5534828974154e-11	2.6734607009596e-10	0.409804268679898	FALSE	up_in_cellobiose
YHR148W	756.065410118865	0.504966495386827	0.0778306122318446	6.48801905711104	8.69722815834067e-11	2.71698532549816e-10	0.497886240168571	FALSE	up_in_cellobiose
YDR132C	975.341295253056	-0.481698341413777	0.0743122633108425	-6.48208411307391	9.04641791616613e-11	2.82461205766509e-10	-0.475232706561551	FALSE	down_in_cellobiose
YHL011C	4016.94466060173	0.396316187415193	0.0612682562497868	6.46854034492898	9.89540992226191e-11	3.08810315840248e-10	0.392428903107657	FALSE	up_in_cellobiose
YJL012C	4458.27994662989	-0.319852356849143	0.0494950911334964	-6.46230463514955	1.03120235325326e-10	3.21645788162748e-10	-0.317784786591644	FALSE	down_in_cellobiose
YHR015W	989.443427874387	0.470105442275096	0.0727802680442957	6.45924307380922	1.05227974778998e-10	3.28050923434733e-10	0.464089838873702	FALSE	up_in_cellobiose
YPR176C	1888.42869368249	-0.380595132524759	0.0589348812149817	-6.45789258718331	1.06171052443063e-10	3.30820466345e-10	-0.376957611492996	FALSE	down_in_cellobiose
YOR140W	1599.29241242983	0.398477231944853	0.0617297706616526	6.4551873054729	1.08085135914843e-10	3.3661117508392e-10	0.39452429726298	FALSE	up_in_cellobiose
YHR024C	2777.73492116193	-0.317018205516355	0.0491195725185821	-6.45400986330706	1.08928716217324e-10	3.39063754854541e-10	-0.314794226104024	FALSE	down_in_cellobiose
YPR086W	3263.75892130777	-0.304850747254832	0.0472867011428668	-6.44686010837993	1.14191095728748e-10	3.55261186711661e-10	-0.302927070222159	FALSE	down_in_cellobiose
YPL155C	1922.20525424205	-0.421860642860124	0.065458531900522	-6.44470064652886	1.15828805972393e-10	3.60171012093075e-10	-0.417111552273361	FALSE	down_in_cellobiose
YMR178W	3755.73315145224	-0.378633084262217	0.0587676200955943	-6.44288612753611	1.17222647816092e-10	3.64317869471594e-10	-0.375117399534988	FALSE	down_in_cellobiose
YML012W	10034.3488340018	0.346997518232729	0.0538706601958558	6.44130806957184	1.18448168899277e-10	3.67937609400529e-10	0.346609413499964	FALSE	up_in_cellobiose
YOR009W	46411.9656811547	-0.671839177434083	0.104332901076076	-6.43937981695919	1.19962660661609e-10	3.72450806817972e-10	-0.657765392321922	FALSE	down_in_cellobiose
YGR076C	1186.11902541195	0.427887022391937	0.0664837022571885	6.43596863388684	1.22688369585269e-10	3.8071793701986e-10	0.423099364380091	FALSE	up_in_cellobiose
YKL132C	610.369081289921	-0.520496183012935	0.0809756751946756	-6.42780911380605	1.29456159490145e-10	4.01513257741742e-10	-0.512584747601313	FALSE	down_in_cellobiose
YKL143W	2121.53988909339	0.448558168465079	0.0697875761241461	6.42747883473031	1.29737652923147e-10	4.0218007425894e-10	0.443228595539128	FALSE	up_in_cellobiose
YMR307W	21894.0781194681	0.437545332015632	0.0681758692488885	6.4178915037855	1.38174669639586e-10	4.28114960030849e-10	0.432477960318042	FALSE	up_in_cellobiose
YBR153W	1200.48379983542	-0.469742564319767	0.073267630388729	-6.41132464401399	1.44260626742332e-10	4.46742586040769e-10	-0.463521051270348	FALSE	down_in_cellobiose
YDR381C-A	1795.98195934669	0.399434358514337	0.0623082063763251	6.41062199900056	1.44927125082604e-10	4.48576894830905e-10	0.395389659432572	FALSE	up_in_cellobiose
YGR274C	2766.79242916693	0.354300024927427	0.0552697834413923	6.41037476296834	1.45162357330842e-10	4.49075159660834e-10	0.35135367864969	FALSE	up_in_cellobiose
YMR182C	1156.11452866741	-0.474609872569138	0.0740752861070166	-6.40712844339837	1.4828589253676e-10	4.58503618641271e-10	-0.468225806170436	FALSE	down_in_cellobiose
YKL060C	300089.075037637	0.270347972815495	0.0422277067863532	6.40214668021859	1.53207369093802e-10	4.73478880060968e-10	0.268942736752844	FALSE	up_in_cellobiose
YBL072C	31095.7963992816	0.358391747118126	0.0559906992538666	6.40091572161205	1.54447813082656e-10	4.77068627948878e-10	0.355419598664576	FALSE	up_in_cellobiose
YDR515W	940.297318321653	0.456078350300627	0.0712981864235736	6.39677351105571	1.58694446048477e-10	4.89935686422251e-10	0.450353442021948	FALSE	up_in_cellobiose
YHL013C	1698.61322917825	0.368171590916834	0.0575965053754277	6.39225571963097	1.63456233326736e-10	5.04379234265356e-10	0.364882041689764	FALSE	up_in_cellobiose
YOL075C	1725.09795570254	-0.39144955325758	0.0612685433190533	-6.38907883314809	1.66888012181212e-10	5.14706118139708e-10	-0.387491676206225	FALSE	down_in_cellobiose
YNL178W	39079.2892861191	0.362853619070913	0.05687339491514	6.38002390418791	1.77060344102541e-10	5.45800693747281e-10	0.359994033554796	FALSE	up_in_cellobiose
YPL119C-A	260.489324694965	0.733850421931409	0.115078457522436	6.37695740567549	1.80640673750796e-10	5.5655363975793e-10	0.716833178958001	FALSE	up_in_cellobiose
YKL054C	5491.39923638722	0.345751323862096	0.0542334447463223	6.37524179921362	1.82674508230343e-10	5.62533312513805e-10	0.342988427398193	FALSE	up_in_cellobiose
YER053C	2402.47686119111	-0.523825887989733	0.082214570539777	-6.37144832783984	1.87251381717697e-10	5.76334023729582e-10	-0.515608061947788	FALSE	down_in_cellobiose
YKR077W	2143.90376244181	0.430472020909589	0.0675661031218996	6.37112399590297	1.87647850960954e-10	5.76967057758946e-10	0.425527518644196	FALSE	up_in_cellobiose
YDR060W	4374.332976924	0.379876862761606	0.0596244184686833	6.37116256255196	1.87600663460733e-10	5.76967057758946e-10	0.375624769889073	FALSE	up_in_cellobiose
YOR255W	350.587202767747	1.05940625886077	0.166397992883408	6.36670094694635	1.93137218061378e-10	5.935436457496e-10	1.02519068906591	FALSE	up_in_cellobiose
YHR175W	3174.00767805659	-0.362808311908324	0.0570122587313334	-6.36368949383386	1.96964125589214e-10	6.04996968798155e-10	-0.359476767434567	FALSE	down_in_cellobiose
YOR090C	2454.23581305405	-0.318391910824537	0.0500550175489647	-6.36083906100085	2.00654601177359e-10	6.16019811127243e-10	-0.316092037793377	FALSE	down_in_cellobiose
YOR016C	1799.53143287542	0.393365842720703	0.0618688133551626	6.35806347961705	2.04313042352715e-10	6.26933171054906e-10	0.389414273474014	FALSE	up_in_cellobiose
YHR026W	5883.09125341035	-0.275715158263634	0.043373617806577	-6.35674800043602	2.06069632388771e-10	6.32002604810998e-10	-0.273992596311994	FALSE	down_in_cellobiose
YHR035W	445.460809467001	-0.585166845081452	0.0921168240559739	-6.35244268436655	2.11922398976008e-10	6.49623248356257e-10	-0.574488735148258	FALSE	down_in_cellobiose
YNL186W	4193.39327757565	0.309056620880421	0.0486972462808756	6.34649070499483	2.20281849475669e-10	6.74906092010559e-10	0.307106282172472	FALSE	up_in_cellobiose
YGL077C	3887.19399556871	-0.347470999772471	0.0547602520068354	-6.34531411084628	2.21972075081059e-10	6.79740308906454e-10	-0.344539363474452	FALSE	down_in_cellobiose
YFR042W	605.897836111893	-0.507019478306142	0.0799187949508603	-6.3441832252087	2.23608575092178e-10	6.84405193399541e-10	-0.499386126110599	FALSE	down_in_cellobiose
YHL029C	2704.96609362183	-0.398127771045189	0.0627574803266452	-6.34390942678038	2.24006556339263e-10	6.85276506191131e-10	-0.39408757824436	FALSE	down_in_cellobiose
YDR036C	2328.15201856233	0.339821384188253	0.0535696768951341	6.34353992564626	2.24544743904386e-10	6.86575637580247e-10	0.337113305038133	FALSE	up_in_cellobiose
YOR131C	1797.62456939005	-0.44833672822606	0.0706837776390825	-6.34285182825551	2.2555034291753e-10	6.89301907006176e-10	-0.442647056760541	FALSE	down_in_cellobiose
YBL059W	689.841326619628	0.488259054048903	0.0769910627638265	6.34176275169314	2.27150938324323e-10	6.93842866154295e-10	0.481406422397049	FALSE	up_in_cellobiose
YKR035W-A	3045.11881394424	0.344134253786726	0.0542742590850639	6.3406531860226	2.28793054719127e-10	6.98506004513519e-10	0.341356315184436	FALSE	up_in_cellobiose
YHR052W	3225.90996187555	0.452212198442165	0.0713245482281085	6.34020417480824	2.29460865420114e-10	7.00191379445434e-10	0.446673257268922	FALSE	up_in_cellobiose
YAL015C	1692.67301186428	-0.360985601960355	0.0569766420094914	-6.33567702884667	2.36301319445934e-10	7.20701149777615e-10	-0.357661598462729	FALSE	down_in_cellobiose
YDR295C	1752.38609817739	-0.393326649705444	0.0620844671747377	-6.33534711022679	2.3680753576594e-10	7.21881036447786e-10	-0.389242634889043	FALSE	down_in_cellobiose
YAL037W	631.555580746663	-0.494147644212669	0.0780221148546692	-6.33343052970445	2.39769291457201e-10	7.30541397850455e-10	-0.48694339810762	FALSE	down_in_cellobiose
YFR023W	1114.95469315536	0.475867816390112	0.075151069951972	6.33214958475285	2.41768917635604e-10	7.36263048267943e-10	0.469423603676109	FALSE	up_in_cellobiose
YER036C	8979.42663302077	0.565942138971279	0.0894099239493174	6.32974634104473	2.45564554465912e-10	7.47445609164486e-10	0.556259194450726	FALSE	up_in_cellobiose
YLR020C	3028.46072297722	-0.366870399888512	0.0579742267267952	-6.32816374795987	2.48095789342368e-10	7.54770288703542e-10	-0.363486523747574	FALSE	down_in_cellobiose
YOR095C	1164.38690501701	0.54052310429067	0.0854195004658855	6.32786543286497	2.48575767498187e-10	7.55850297551049e-10	0.53175326292154	FALSE	up_in_cellobiose
YBR185C	1184.16406525758	0.43496825870941	0.0687668204779951	6.32526348733248	2.52800838246907e-10	7.68311291315222e-10	0.429800118248739	FALSE	up_in_cellobiose
YOR075W	1541.70819892668	0.372035190238356	0.0588253903435172	6.3243981564052	2.54221453377327e-10	7.72240758425954e-10	0.368583941788805	FALSE	up_in_cellobiose
YEL020W-A	312.502320198146	0.753559448833598	0.119194593544019	6.32209420266454	2.58041981433813e-10	7.8345276290748e-10	0.735269925540706	FALSE	up_in_cellobiose
YNR036C	5265.74711064215	0.383587464299378	0.0606782631339653	6.32166190143734	2.58765066133523e-10	7.85253948808605e-10	0.379873476812833	FALSE	up_in_cellobiose
YKL008C	5161.30050991035	-0.523347748710769	0.0828141440521304	-6.31954546775644	2.62333756666806e-10	7.95684333159901e-10	-0.515033995025969	FALSE	down_in_cellobiose
YNL151C	1902.94004743777	0.352317020359592	0.0557855262116844	6.31556327034876	2.69179228388857e-10	8.16038081852536e-10	0.349301107815493	FALSE	up_in_cellobiose
YLR347C	2715.39616552018	0.350030988164892	0.0554324896706673	6.31454567969936	2.70956283167586e-10	8.21013827954688e-10	0.347005421719402	FALSE	up_in_cellobiose
YMR008C-A	203.581716710471	-0.790040733809325	0.125172587123495	-6.31161144755979	2.76144830418291e-10	8.36316441847684e-10	-0.769603116853533	FALSE	down_in_cellobiose
YPR025C	1744.50153691393	-0.404965482459233	0.0641634124984652	-6.31147045785509	2.76396567895911e-10	8.36659881198435e-10	-0.400523795706681	FALSE	down_in_cellobiose
YLR214W	2021.38005243943	-0.541564704435326	0.0858142117844844	-6.31089761443504	2.77421688412817e-10	8.39342857188954e-10	-0.532545060503991	FALSE	down_in_cellobiose
YOR195W	1937.46478595328	0.371265840746195	0.0588371452310911	6.31005871015658	2.78929636185099e-10	8.43483219823738e-10	0.367815506176087	FALSE	up_in_cellobiose
YMR302C	2513.65602411632	0.36649694648208	0.0580969093916848	6.30837251618992	2.8198485786601e-10	8.52296062155737e-10	0.363356733040693	FALSE	up_in_cellobiose
YBR101C	4008.93340367454	0.330233445003847	0.0523703582213493	6.30573202512914	2.86834944100865e-10	8.66522348612404e-10	0.32772919725042	FALSE	up_in_cellobiose
YML109W	1855.88092741786	0.398463401475175	0.063249385914344	6.2998777887709	2.97880415313631e-10	8.9944121408729e-10	0.394304214210457	FALSE	up_in_cellobiose
YHL043W	577.523385601964	-0.525317655943217	0.0834186267205982	-6.29736638679888	3.02745118465974e-10	9.13673890460185e-10	-0.5168963860099	FALSE	down_in_cellobiose
YKR007W	2155.83202429883	0.425614609631023	0.0676031796329496	6.29577797881536	3.05861897684442e-10	9.2261982902519e-10	0.420674914872885	FALSE	up_in_cellobiose
YER167W	3560.65272762092	0.291254629525036	0.0462667305899904	6.2951201827096	3.07161782102381e-10	9.26078992101297e-10	0.28943541683049	FALSE	up_in_cellobiose
YNR030W	1711.61541961969	-0.377400289871385	0.0600025165688847	-6.28974102174728	3.17996027419412e-10	9.58266055721277e-10	-0.373833098485795	FALSE	down_in_cellobiose
YIL105C	3333.04027027918	0.311041426125927	0.0495071430256885	6.28275854990324	3.32617446732829e-10	1.00182784752995e-09	0.308872767244458	FALSE	up_in_cellobiose
YFL008W	2245.63849198296	0.394124379276025	0.0627433623777108	6.28153105508472	3.35254812487883e-10	1.0092688431691e-09	0.390080400607824	FALSE	up_in_cellobiose
YJL093C	2023.91923978441	0.407532151865205	0.0648833197575308	6.28100031546095	3.3640145933999e-10	1.01221692840212e-09	0.40315939925991	FALSE	up_in_cellobiose
YNL336W	4846.67955041097	-0.595390583123314	0.0948204636347736	-6.2791359617964	3.40459769096678e-10	1.02391878841209e-09	-0.583931549364763	FALSE	down_in_cellobiose
YPL137C	4000.1190221294	0.380899684670684	0.0606676852614009	6.27846081533339	3.41941180053051e-10	1.02786295077577e-09	0.377132903717785	FALSE	up_in_cellobiose
YJR075W	3254.48267925007	-0.329183858836104	0.0524530367121631	-6.27578267093488	3.47879827695958e-10	1.04519483254106e-09	-0.326499347484943	FALSE	down_in_cellobiose
YBL087C	10646.0992143045	0.373200450382155	0.0594808737000685	6.2742933512378	3.51225763602959e-10	1.05472364362994e-09	0.369677302233456	FALSE	up_in_cellobiose
YPL207W	4530.98199338818	-0.323549784681168	0.0515690719795458	-6.27410523907624	3.51650608660574e-10	1.05547537527501e-09	-0.321062338354887	FALSE	down_in_cellobiose
YHR158C	3305.47248844872	0.366461339634287	0.0584262091139191	6.27220805854035	3.55963471525378e-10	1.06789041457613e-09	0.363232859659201	FALSE	up_in_cellobiose
YNL248C	3331.80406556833	0.414974219471108	0.0661863156406122	6.26978878420115	3.61538184689618e-10	1.08407681755221e-09	0.410040770616986	FALSE	up_in_cellobiose
YJL047C	1244.70276249876	-0.383236724212662	0.061128806044476	-6.26933108972923	3.62602392314144e-10	1.08672907270364e-09	-0.379353551666756	FALSE	down_in_cellobiose
YJL085W	1705.36127725553	-0.378448341162362	0.0603870392895594	-6.26704580344931	3.67961947149799e-10	1.10224559502822e-09	-0.374838250694614	FALSE	down_in_cellobiose
YBR069C	4110.27647889029	0.603865333375909	0.0963849486962624	6.26514140998163	3.72487226411885e-10	1.11524888383123e-09	0.592045366831958	FALSE	up_in_cellobiose
YMR222C	852.474567748309	-0.466418558868254	0.0745199655114219	-6.25897443278827	3.87517390644881e-10	1.15967599140042e-09	-0.460017865278192	FALSE	down_in_cellobiose
YHR177W	697.96912365155	-0.549678206804846	0.0878508593044021	-6.25694741243473	3.92585716068392e-10	1.17426231987222e-09	-0.540177059135808	FALSE	down_in_cellobiose
YER005W	2807.18183568508	-0.39092326987263	0.0626130152267829	-6.24348258036632	4.27933988560126e-10	1.27935974434584e-09	-0.386778748059131	FALSE	down_in_cellobiose
YBR103W	3022.66978887398	-0.311079472017406	0.0498318610142214	-6.24258186802672	4.30406367329087e-10	1.28611546917308e-09	-0.308825708081643	FALSE	down_in_cellobiose
YGR184C	3997.97761284032	0.362221094824373	0.0580283890214382	6.24213597745327	4.3163545311631e-10	1.28915121997405e-09	0.358957835628977	FALSE	up_in_cellobiose
YKL003C	1622.61615637641	0.389984417961838	0.0624802747381925	6.24172060055702	4.32783510620617e-10	1.29194208896026e-09	0.385992090002192	FALSE	up_in_cellobiose
YOL017W	1431.05390615466	0.393592830594572	0.06306389842177	6.24117506916923	4.34295829994273e-10	1.29581705959811e-09	0.389481591204672	FALSE	up_in_cellobiose
YNL070W	1390.37279547249	0.372507996872387	0.0596897487415005	6.24073655403735	4.35515218011536e-10	1.29881461466162e-09	0.368947107613895	FALSE	up_in_cellobiose
Q0120	33.225559207444	2.16386334287168	0.347005204847178	6.23582388000393	4.49406493530424e-10	1.33958130747758e-09	2.06257296518012	FALSE	up_in_cellobiose
YNL035C	1250.38814194604	-0.397124329763829	0.0637217839476587	-6.23215963460829	4.60048312984046e-10	1.37062669799385e-09	-0.392795949929919	FALSE	down_in_cellobiose
YOR183W	41.4412643468132	-1.84706369785234	0.296422805160566	-6.23117946964919	4.62936384256215e-10	1.3785520689225e-09	-1.76327395838477	FALSE	down_in_cellobiose
YOR078W	2868.57058717071	0.455892611145599	0.0731900804313628	6.22888523224308	4.69765749506378e-10	1.39820041979064e-09	0.449950601594452	FALSE	up_in_cellobiose
YDR118W	865.257039602035	-0.440167160961177	0.0707238511173101	-6.22374423914033	4.85428177956994e-10	1.44410704391732e-09	-0.434554936317222	FALSE	down_in_cellobiose
YLR460C	866.649153196578	-0.585816227476866	0.09413474939674	-6.22316659077602	4.87219558178552e-10	1.44801173850805e-09	-0.574763697190291	FALSE	down_in_cellobiose
YPR034W	3813.85875072713	-0.297432880031542	0.0477940141473389	-6.22322450494782	4.87039666444199e-10	1.44801173850805e-09	-0.294913386021866	FALSE	down_in_cellobiose
YHR034C	1116.4918254364	0.432590147045671	0.0695173346416934	6.22276658441135	4.8846382112076e-10	1.45099665527424e-09	0.427327568344036	FALSE	up_in_cellobiose
YLR213C	1947.4031322291	0.379684713034707	0.0610473762206473	6.21950911800679	4.98712643287822e-10	1.47998727507593e-09	0.375918900548926	FALSE	up_in_cellobiose
YOR206W	3933.5845461559	0.307084572620542	0.0493742078565235	6.21953416473837	4.98633044958451e-10	1.47998727507593e-09	0.30497568483621	FALSE	up_in_cellobiose
YBL090W	1858.14187233292	0.401328887149187	0.0645767278909107	6.21476033637305	5.14030447752622e-10	1.52469649240209e-09	0.39697197316174	FALSE	up_in_cellobiose
YOR343W-B	6004.28125620759	-0.421871903424173	0.0679658785695862	-6.20711322067651	5.3966719469173e-10	1.59995450661548e-09	-0.416806626137685	FALSE	down_in_cellobiose
YLR285W	2426.12550240876	-0.326098477227828	0.0526176373181218	-6.19751273239929	5.7362399724889e-10	1.6997932069384e-09	-0.32351378933341	FALSE	down_in_cellobiose
YGR197C	1310.31737898682	0.462325778513186	0.07469050473362	6.18988692286989	6.02073899338089e-10	1.78322377237843e-09	0.456049875282866	FALSE	up_in_cellobiose
YDR533C	3983.329043113	0.492941253025293	0.0797045076594349	6.1846094719204	6.22563978531501e-10	1.84300878226066e-09	0.485615574620395	FALSE	up_in_cellobiose
YML113W	1766.76241864622	0.409197344734835	0.0661891174801786	6.18224506252671	6.31963182823999e-10	1.8699184587669e-09	0.40456769904439	FALSE	up_in_cellobiose
YBL005W	2381.24792389579	-0.510313256286293	0.0825897010167697	-6.17889700536239	6.45509882245413e-10	1.90906785712482e-09	-0.502118314085905	FALSE	down_in_cellobiose
YCL008C	1541.18398541003	-0.398093132233058	0.0644408501727648	-6.17765177159794	6.5062020698029e-10	1.92324096374232e-09	-0.393680839184297	FALSE	down_in_cellobiose
YBR077C	1948.4345402225	-0.368366103930487	0.0596575553110713	-6.17467648497701	6.62990858976083e-10	1.95885135079988e-09	-0.364842822200925	FALSE	down_in_cellobiose
YGR261C	2719.2069078945	-0.303535654905057	0.0492003695016198	-6.16937754695244	6.85593473051966e-10	2.02464322510659e-09	-0.301376357770858	FALSE	down_in_cellobiose
YBR127C	24203.4969620124	-0.276881354992228	0.0448869759003022	-6.16841187090004	6.89792774160428e-10	2.03605012109432e-09	-0.27726383016338	FALSE	down_in_cellobiose
YBL113C	2820.10854803055	0.3639876839744	0.0590226779483237	6.16691239074383	6.96363132415407e-10	2.05444108529189e-09	0.360214076626712	FALSE	up_in_cellobiose
NR_172476.1	140.503194689933	1.35054704243396	0.219060706815092	6.16517248606321	7.04063513416106e-10	2.07614633307685e-09	1.29637837028897	FALSE	up_in_cellobiose
YMR076C	1952.60621163682	0.405096836732089	0.0657148424561715	6.16446485437849	7.07219020156311e-10	2.0844350067765e-09	0.400526218233509	FALSE	up_in_cellobiose
YBR154C	3214.95988609403	0.324995589628421	0.052770569571897	6.1586522992827	7.33666072841355e-10	2.1613309345078e-09	0.322467634612725	FALSE	up_in_cellobiose
YMR235C	5190.23995097005	-0.27345781601167	0.0444099547856264	-6.1575792484296	7.38652836677317e-10	2.17496219874606e-09	-0.271807136181248	FALSE	down_in_cellobiose
YOR181W	1360.01942645342	0.499471577780136	0.0812709484909232	6.1457579498524	7.95825655422575e-10	2.34216718442615e-09	0.491782023532351	FALSE	up_in_cellobiose
YGL113W	1200.74020925597	0.383668053589639	0.0624540699180977	6.14320338278645	8.08736219697820e-10	2.37900615599826e-09	0.379700537819559	FALSE	up_in_cellobiose
YIL023C	2920.66142533841	0.303481312133993	0.0494153344623725	6.14144000917529	8.17767102566035e-10	2.40440225392289e-09	0.301371458235061	FALSE	up_in_cellobiose
YML101C	737.310943487895	0.48500909815734	0.0790106639763077	6.13852705126963	8.32901310552678e-10	2.4477099738691e-09	0.47783610597374	FALSE	up_in_cellobiose
YPL007C	1682.89576968534	-0.382786729512227	0.0623699082170487	-6.13736239886902	8.3902837962401e-10	2.46451852353862e-09	-0.378735632869826	FALSE	down_in_cellobiose
YOR219C	2150.87017987694	-0.323034974322837	0.0526430068909147	-6.13633212464897	8.44485132756626e-10	2.47934275869518e-09	-0.320369236972393	FALSE	down_in_cellobiose
YKR102W	866.75826323463	0.462315704515284	0.0753526907054594	6.13535761214414	8.4967839405955e-10	2.49337939217475e-09	0.456029274234912	FALSE	up_in_cellobiose
YJR095W	240.587834175552	0.779527428761573	0.127170354111331	6.12978892925891	8.79957348103564e-10	2.58098062140172e-09	0.758689246419733	FALSE	up_in_cellobiose
YBR225W	1532.04548529741	0.372105422904779	0.0607117508245989	6.12905109555844	8.8404734271137e-10	2.59171998483682e-09	0.368431474122861	FALSE	up_in_cellobiose
YOR347C	2022.68885963041	0.337805131738971	0.0551828083627568	6.12156470033804	9.26608785520844e-10	2.71517923199131e-09	0.335000161810436	FALSE	up_in_cellobiose
YGR074W	1261.82276407462	-0.390281677337588	0.0637772880898413	-6.11944610733226	9.39011809296138e-10	2.75019051943004e-09	-0.385965045618468	FALSE	down_in_cellobiose
YPR117W	2784.65457993829	0.473214255996728	0.0773320453976571	6.11925177413017	9.40157580276611e-10	2.75221347798303e-09	0.466417678412201	FALSE	up_in_cellobiose
YAL055W	1164.65816602681	0.460348635078221	0.0752592818340723	6.11683534388719	9.54519011092857e-10	2.79290323129637e-09	0.453996980899373	FALSE	up_in_cellobiose
YMR296C	5645.79912002706	0.3607487186902	0.059024027467213	6.11189602218503	9.84543268427029e-10	2.8793605838717e-09	0.357398785071791	FALSE	up_in_cellobiose
YLR353W	1276.95204260963	-0.467596867792086	0.076510670077853	-6.1115249326177	9.86835808463187e-10	2.8846703574603e-09	-0.460787557904841	FALSE	down_in_cellobiose
YDR089W	2082.57923562064	-0.492313382751213	0.0805753805842248	-6.10997278798581	9.96481293398566e-10	2.91145838766886e-09	-0.484644827579306	FALSE	down_in_cellobiose
YKR015C	544.623777938427	-0.68433774298559	0.112079777985823	-6.10580923056566	1.02281116970136e-09	2.98694444922929e-09	-0.668083150512248	FALSE	down_in_cellobiose
YDR434W	2911.55452382553	-0.332200778591869	0.0544119892038864	-6.10528641669548	1.02616494953102e-09	2.99529228511756e-09	-0.329393042914415	FALSE	down_in_cellobiose
YKL013C	4626.68035870725	-0.281085794214186	0.0460405072219147	-6.10518456843569	1.02681953904743e-09	2.99575715010074e-09	-0.279340080784284	FALSE	down_in_cellobiose
YMR031C	7071.64404262902	0.347785723127898	0.0569706951595501	6.10464243334053	1.03031075625774e-09	3.00449346858573e-09	0.344834730707737	FALSE	up_in_cellobiose
YKL010C	4631.85941539893	0.270047664035621	0.0442423477482613	6.10382761720041	1.03557975356105e-09	3.01840306001794e-09	0.268516794747682	FALSE	up_in_cellobiose
YDR316W	1709.76271641766	0.387272729417613	0.0634664335850906	6.10200869249081	1.04743677224321e-09	3.05149209948311e-09	0.383152037890334	FALSE	up_in_cellobiose
YNR043W	2341.50587209595	-0.601983391609556	0.0987080590059084	-6.09862454668999	1.069850236507e-09	3.11528850765254e-09	-0.589548608749418	FALSE	down_in_cellobiose
YIR039C	1806.70074319609	-0.355091079368537	0.0582343866595537	-6.0976186019516	1.07660237845799e-09	3.13344137868813e-09	-0.351723083377458	FALSE	down_in_cellobiose
YLR129W	3193.88852415463	0.356733629681029	0.0585257117325556	6.09533176309229	1.09210715270939e-09	3.17703898970005e-09	0.353488916817823	FALSE	up_in_cellobiose
YFR051C	5577.70923173599	0.281570716081664	0.0462186361706144	6.09214679209174	1.11406454253418e-09	3.23935690059938e-09	0.279815556531219	FALSE	up_in_cellobiose
YDR001C	9977.90152294104	0.275113260864653	0.045162053972332	6.09169062667517	1.11724440592475e-09	3.24704188708934e-09	0.273474148579386	FALSE	up_in_cellobiose
YCR024C-A	3247.03943744201	0.423321896874206	0.0694929753029431	6.09157824987065	1.11802912594277e-09	3.24776184135536e-09	0.418174936176906	FALSE	up_in_cellobiose
YPR178W	1434.47722203043	-0.372905290030274	0.0612188352971807	-6.09134898140486	1.11963175982258e-09	3.25085592098269e-09	-0.369080062490311	FALSE	down_in_cellobiose
YLR035C	1213.83326025428	-0.420500616244253	0.0690334031113014	-6.09126303054025	1.12023315115458e-09	3.25104131390733e-09	-0.415276265729265	FALSE	down_in_cellobiose
YDR302W	1576.0474753122	-0.351192685715081	0.0576594670483933	-6.09080700347659	1.12342920823215e-09	3.25875292632521e-09	-0.347918955454547	FALSE	down_in_cellobiose
YNL087W	4032.01704093923	-0.287740990861783	0.0472471442654602	-6.09012450033165	1.12822913424266e-09	3.27110728854247e-09	-0.285847901318475	FALSE	down_in_cellobiose
YDR339C	2460.33597520448	0.359261854518861	0.0591003347262251	6.07884635819909	1.21050274753073e-09	3.50796387976324e-09	0.355862725933006	FALSE	up_in_cellobiose
YKL011C	879.247957929646	-0.47366543974473	0.0779641756684355	-6.07542420199663	1.23660381550991e-09	3.58188691389078e-09	-0.466610974569167	FALSE	down_in_cellobiose
YIL038C	3524.68551982562	0.315776000482129	0.05200782298718	6.07170195453035	1.26561665905955e-09	3.66416924556829e-09	0.313329841845196	FALSE	up_in_cellobiose
YLR005W	4470.87901618807	-0.28572997490822	0.0471110632324259	-6.06502921614292	1.31929667752932e-09	3.81775421325231e-09	-0.283719024346837	FALSE	down_in_cellobiose
YDL097C	7794.95376500783	0.304189213685886	0.0501748782911218	6.06258000111005	1.33955139721681e-09	3.87451308004173e-09	0.302120015534942	FALSE	up_in_cellobiose
YGL016W	1467.66240757827	-0.390587156864084	0.0644796215421509	-6.05752868150371	1.38228701326654e-09	3.99621025632699e-09	-0.386238393035043	FALSE	down_in_cellobiose
YDR421W	1686.31103377929	-0.366827676320227	0.0605602925855867	-6.05723091251266	1.38484728224495e-09	4.0016991700991e-09	-0.362988640984533	FALSE	down_in_cellobiose
YKR079C	2107.89544596229	0.400065079314519	0.0660539399713936	6.05664218497454	1.38992287357166e-09	4.01444772653362e-09	0.395523812397738	FALSE	up_in_cellobiose
YBL022C	5865.31289571127	0.296289313073466	0.0489378059271654	6.05440533060342	1.40937329059014e-09	4.06737052209474e-09	0.294207366118643	FALSE	up_in_cellobiose
YGL252C	3980.03603317648	-0.281333749962221	0.0464678018838668	-6.05438042163767	1.40959137141379e-09	4.06737052209474e-09	-0.279506732363659	FALSE	down_in_cellobiose
YGR200C	3225.66977362786	0.315807062885318	0.0521699861612648	6.0534243177507	1.41798707576106e-09	4.08964512837526e-09	0.313385224224721	FALSE	up_in_cellobiose
YML058W-A	5542.07176190012	-0.487509276985673	0.0805432037138729	-6.05276739074763	1.42378388735769e-09	4.10440655421322e-09	-0.479807447039414	FALSE	down_in_cellobiose
YGR129W	695.346734754791	-0.448236206126597	0.074144607279913	-6.04543233244734	1.49009881759189e-09	4.29352913234673e-09	-0.442006466145003	FALSE	down_in_cellobiose
YDR245W	3419.00860774074	-0.30387034995971	0.0502823320052554	-6.04328275641532	1.51009663006971e-09	4.34907829460077e-09	-0.301622739090714	FALSE	down_in_cellobiose
YOL130W	4306.1266242657	0.297772863306887	0.0492895469963382	6.04129843857175	1.52878904227743e-09	4.40081681470439e-09	0.295699809556586	FALSE	up_in_cellobiose
YBR275C	2450.43878947293	0.457840998476055	0.0758052247150767	6.03970241097373	1.54398718682108e-09	4.44245219119595e-09	0.451446402250119	FALSE	up_in_cellobiose
YLR384C	4498.25232000559	0.394205010162636	0.0652771814776761	6.03894042663973	1.55129500281961e-09	4.46135624206038e-09	0.389940803413797	FALSE	up_in_cellobiose
YLR440C	1692.80443616439	-0.362645358780133	0.0600681576541753	-6.03723125433539	1.56780965028889e-09	4.50670758790268e-09	-0.358931142560777	FALSE	down_in_cellobiose
YAL031C	2769.97960438186	-0.296931743568428	0.0491916359730667	-6.03622420142732	1.57762024901873e-09	4.5327540456367e-09	-0.294805794168253	FALSE	down_in_cellobiose
YGL142C	1287.27724199001	-0.418945442056076	0.06945996302868	-6.0314665281796	1.62478381419446e-09	4.66604582537895e-09	-0.413144184286728	FALSE	down_in_cellobiose
YBL060W	1821.40778783233	-0.353598139574974	0.0586463655909842	-6.02932741034737	1.64643436595841e-09	4.72597771491051e-09	-0.350189240013021	FALSE	down_in_cellobiose
YOR160W	2250.81879471265	0.341714492195455	0.056680465035813	6.02878773100302	1.65194085485091e-09	4.7395342932345e-09	0.338640644618795	FALSE	up_in_cellobiose
YGR109C	450.059615456832	-0.561707346893706	0.0931789656060646	-6.0282633879888	1.65730805012589e-09	4.75267856195419e-09	-0.550878370780411	FALSE	down_in_cellobiose
YKL018C-A	1135.10917600824	0.38153786662111	0.0632947524810783	6.02795416152658	1.66048126599007e-09	4.75952165720757e-09	0.377474692645444	FALSE	up_in_cellobiose
YHR068W	7498.92431111682	-0.337539217795598	0.055999877472847	-6.02749922014137	1.66516054278631e-09	4.77067312305618e-09	-0.334515634121813	FALSE	down_in_cellobiose
YOL076W	1681.3834378862	-0.368172711356697	0.0610895930089896	-6.02676647890777	1.67272414392991e-09	4.7900736848902e-09	-0.364355451709563	FALSE	down_in_cellobiose
YAL041W	3525.00399671854	-0.285639583893217	0.0473961183550739	-6.02664508838704	1.67398040602194e-09	4.79140250620952e-09	-0.283609302002107	FALSE	down_in_cellobiose
YGL067W	1705.9246584332	-0.362289792689142	0.0601419735731752	-6.02390927940436	1.70253820602644e-09	4.87083778147961e-09	-0.358759298744818	FALSE	down_in_cellobiose
YNL313C	3202.64551812496	0.392164459974166	0.0651041503539313	6.02364761451012	1.70529434443431e-09	4.87641616791427e-09	0.387841147032128	FALSE	up_in_cellobiose
YML007W	6542.99087844822	0.283822062924502	0.0471386674372815	6.02100310328311	1.73339434661614e-09	4.95442769770057e-09	0.282004178796518	FALSE	up_in_cellobiose
YNCL0013C	2139.79852853259	0.703616309281503	0.116869005215309	6.02055530450713	1.73819701827921e-09	4.96580801443204e-09	0.686179881293715	FALSE	up_in_cellobiose
YLR273C	1475.64900713858	0.49373009736632	0.0820164234797116	6.01989304603674	1.7453235608758e-09	4.98381345428557e-09	0.485890853503204	FALSE	up_in_cellobiose
YKR022C	1657.0164745902	0.342966575004832	0.0569944842200321	6.01753976193169	1.77087825136649e-09	5.05439908648633e-09	0.33991380275195	FALSE	up_in_cellobiose
YBR189W	26597.2608192871	0.344846051609466	0.0573103398045745	6.01716989962674	1.77492765902743e-09	5.06356720839524e-09	0.341733842438768	FALSE	up_in_cellobiose
YAL018C	531.265148514226	0.95237765863597	0.158441963698791	6.01089279887055	1.84504386125185e-09	5.25895749553866e-09	0.920557852330403	FALSE	up_in_cellobiose
YOR380W	1336.15195604297	-0.369469292810645	0.0614671813325007	-6.01083838238877	1.8456633465668e-09	5.25895749553866e-09	-0.366406596457872	FALSE	down_in_cellobiose
YOL138C	1978.18146749977	-0.344822768847957	0.0573671383569302	-6.01080651265048	1.84602625050076e-09	5.25895749553866e-09	-0.341586349775261	FALSE	down_in_cellobiose
YDR353W	8972.4313663658	-0.261128393430091	0.0434463337644983	-6.01036660182979	1.85104266850304e-09	5.27076556455104e-09	-0.259581383934205	FALSE	down_in_cellobiose
YIL142W	6159.36857916218	0.26644101843516	0.0443351511232486	6.00970136978834	1.85865372134364e-09	5.28994715608769e-09	0.265170601407811	FALSE	up_in_cellobiose
YDL102W	1677.19587004627	0.407008448039774	0.0677301218068906	6.00926791775483	1.86362933036315e-09	5.30161344780636e-09	0.40220447749537	FALSE	up_in_cellobiose
YKR065C	2391.50364418884	0.320346757110333	0.0533163993468155	6.00840943940201	1.87352216395755e-09	5.3272506100683e-09	0.317734939037658	FALSE	up_in_cellobiose
YDR041W	3329.71951934736	0.313740929319929	0.0522318144104996	6.00670171735144	1.8933537730364e-09	5.38111072336661e-09	0.311315571723541	FALSE	up_in_cellobiose
YJL050W	3461.49757862198	0.348395533101558	0.0580244124658135	6.0042923020862	1.92168231620651e-09	5.45905807816675e-09	0.344900024682782	FALSE	up_in_cellobiose
YDL133C-A	4106.90850154857	0.467356519378967	0.0779004169772532	5.99940972736301	1.98036086126947e-09	5.62310914974543e-09	0.460466889654886	FALSE	up_in_cellobiose
YIR018C-A	114.221063661454	-1.04445240529128	0.174141344538149	-5.99772792648027	2.00097402308267e-09	5.67897273186483e-09	-1.0063389096566	FALSE	down_in_cellobiose
YGR161C-D	6239.07728215906	-1.16416358810323	0.194323147635973	-5.99086419845396	2.08728882911312e-09	5.92116455838469e-09	-1.11731176372892	FALSE	down_in_cellobiose
YDR450W	21301.9628103302	0.318903384101655	0.0533058802207047	5.98251792825267	2.19714318150406e-09	6.22987433742923e-09	0.319276880456631	FALSE	up_in_cellobiose
YDR116C	2322.00122408098	0.373000866779339	0.0623672905940782	5.98071301841602	2.22162982996759e-09	6.29635295765886e-09	0.369143100007613	FALSE	up_in_cellobiose
YML017W	1337.32401449247	-0.499970021625432	0.0836796517310664	-5.97481001991093	2.30358471933162e-09	6.52556458197546e-09	-0.491619666368788	FALSE	down_in_cellobiose
YBR147W	2257.95333838675	-0.506610209628635	0.0848161349101884	-5.97304050892066	2.32872045861365e-09	6.59368039967012e-09	-0.497743125416039	FALSE	down_in_cellobiose
YML056C	6315.47971490263	-0.436693489675565	0.0731489560921254	-5.96992100783481	2.37368482842155e-09	6.71785018357208e-09	-0.425517862318747	FALSE	down_in_cellobiose
YDR270W	2212.62837973077	-0.562057308310521	0.0941539383370322	-5.96955707044976	2.37898537070251e-09	6.72970230215564e-09	-0.550948738576447	FALSE	down_in_cellobiose
YDR103W	3115.73666963308	-0.302418374375574	0.0506692810364464	-5.96847573499306	2.39480251722751e-09	6.77127892669097e-09	-0.300123374691504	FALSE	down_in_cellobiose
YHR070W	1839.0680947705	-0.343114103419061	0.0575214376213234	-5.96497788664217	2.44667174647658e-09	6.91470594518242e-09	-0.339901434782799	FALSE	down_in_cellobiose
YBR026C	4700.01163220054	0.329183804336608	0.0551948826117155	5.96402761923324	2.46095113862543e-09	6.95181339860188e-09	0.326444293814695	FALSE	up_in_cellobiose
YGR106C	6616.32758265598	-0.3912781031775	0.0656134366671167	-5.96338376791039	2.47067220028652e-09	6.97601562433842e-09	-0.38690519161273	FALSE	down_in_cellobiose
YGR104C	1176.21476173032	-0.398693734416185	0.0668752440510706	-5.96175371130929	2.49545079245008e-09	7.04269080389085e-09	-0.393941074574348	FALSE	down_in_cellobiose
YMR142C	30539.5114069242	0.286017603321131	0.0480255057973175	5.95553547167652	2.59221665195786e-09	7.3123723465677e-09	0.284143639847461	FALSE	up_in_cellobiose
YPL233W	1066.39006277263	-0.384475450972346	0.064570605586559	-5.95434172375764	2.61120693726283e-09	7.36250795177883e-09	-0.380062790892528	FALSE	down_in_cellobiose
YPL160W	10860.3717562605	-0.280379063955939	0.0471020656108288	-5.95258531276556	2.63939468759163e-09	7.4385177402396e-09	-0.277000446495474	FALSE	down_in_cellobiose
YMR116C	25996.5932156668	0.326715008297024	0.0549116910700619	5.94982601938388	2.68427663216003e-09	7.56148349851134e-09	0.323871846275029	FALSE	up_in_cellobiose
YPL055C	2711.88116484361	0.303934534856061	0.0511048154463454	5.9472778093712	2.726384727279e-09	7.67652459524367e-09	0.301673052668069	FALSE	up_in_cellobiose
YGL196W	1742.81555200829	-0.376817403279407	0.0633790568095089	-5.94545615299961	2.7568804147464e-09	7.75877745387912e-09	-0.372675435155171	FALSE	down_in_cellobiose
YNR028W	1672.39808786454	-0.387761413165416	0.0652250812766329	-5.94497401269368	2.76500718441741e-09	7.77802951225883e-09	-0.383293339276936	FALSE	down_in_cellobiose
YER096W	1313.34872819303	0.4615271853682	0.0776468645823681	5.94392558992012	2.7827595938823e-09	7.82432823049752e-09	0.454782835182068	FALSE	up_in_cellobiose
YBR283C	4930.67458795606	-0.262689649433973	0.0442027269574759	-5.94283808975602	2.80129094519863e-09	7.87277306531659e-09	-0.261701639884031	FALSE	down_in_cellobiose
YNL291C	1370.69113116066	-0.370781455554605	0.0624037122065212	-5.94165703359965	2.82155264758447e-09	7.92603363334458e-09	-0.366847717204891	FALSE	down_in_cellobiose
YNL072W	1274.32989129073	-0.414675756013454	0.0698098964509702	-5.94007120902542	2.8489829774882e-09	7.99937281701422e-09	-0.409384460270796	FALSE	down_in_cellobiose
YAL058W	1367.51455681954	-0.381789643758005	0.0642790605660105	-5.939564772667	2.85779748861936e-09	8.02039870587929e-09	-0.377526098875697	FALSE	down_in_cellobiose
YBR273C	3463.38229585547	0.335448210426506	0.0564784285337435	5.93940410764245	2.86059940369637e-09	8.02453858699242e-09	0.332655838464603	FALSE	up_in_cellobiose
YDR030C	1201.57315271907	-0.42795599024682	0.072060383340395	-5.93885253462036	2.87023892325047e-09	8.04784654975376e-09	-0.422214120824528	FALSE	down_in_cellobiose
YLL033W	530.596125945218	-0.522697325919193	0.0881162903879093	-5.93190343826497	2.9944272358306e-09	8.39216678512671e-09	-0.513299190614269	FALSE	down_in_cellobiose
NR_132153.1	2621.07817622086	-0.39039434460457	0.0658695768798144	-5.92677777962477	3.08936588441566e-09	8.65423106481980e-09	-0.385806992399328	FALSE	down_in_cellobiose
YHR064C	14979.5365509382	0.249681381163771	0.0421357166661732	5.92564695509775	3.11070254670476e-09	8.70996713077333e-09	0.248349024087221	FALSE	up_in_cellobiose
YLR167W	62788.583550625	0.340301444423328	0.0574382982970407	5.92464356557828	3.12975482185757e-09	8.75925828903035e-09	0.338103803778947	FALSE	up_in_cellobiose
YBR120C	616.935890565009	0.673105718997918	0.113623993640392	5.92397518721467	3.14250893057627e-09	8.79088529700522e-09	0.656698082822072	FALSE	up_in_cellobiose
YER093C-A	543.447820563326	0.492044285121865	0.0830702117374349	5.92323379019544	3.15671559509769e-09	8.82654457658382e-09	0.484054560388238	FALSE	up_in_cellobiose
YFR054C	108.688256646319	-1.06644749543635	0.180229099962451	-5.9171770577478	3.2751407137708e-09	9.15344317785849e-09	-1.02567336643357	FALSE	down_in_cellobiose
YGR016W	340.663202025216	-0.600409115983069	0.101486941426984	-5.91612189253967	3.2962097167256e-09	9.20807222482976e-09	-0.587422504825901	FALSE	down_in_cellobiose
YNCA0001W	143.049923073048	-0.901499213060048	0.152467133381026	-5.91274455726231	3.36453756835628e-09	9.39460905513333e-09	-0.871129263383644	FALSE	down_in_cellobiose
YNL132W	2376.31858035979	0.344771530059459	0.0583217166454806	5.91154633110711	3.38910906008388e-09	9.45885168222765e-09	0.341606251690369	FALSE	up_in_cellobiose
YIL019W	1737.98966167267	-0.366195170424918	0.0619809125171331	-5.9081926282336	3.45881439255921e-09	9.64894347149358e-09	-0.36230384631806	FALSE	down_in_cellobiose
YDL229W	41500.0658735818	0.404796644855892	0.0685685600029934	5.90353136828629	3.55801934833263e-09	9.92111619120135e-09	0.400019641161113	FALSE	up_in_cellobiose
YHR106W	2370.45794159107	0.405131657571773	0.0686408849878037	5.90219164050345	3.58704141590866e-09	9.99743155917768e-09	0.400197347817535	FALSE	up_in_cellobiose
YCR014C	1324.28447664887	0.432168737092033	0.0732680867847075	5.89845806076426	3.66914198444775e-09	1.02215434002487e-08	0.426329132523478	FALSE	up_in_cellobiose
YLR372W	5220.98661706223	-0.419774335296171	0.0712173512791132	-5.89427053599624	3.76340161462397e-09	1.04793061534281e-08	-0.414217915738334	FALSE	down_in_cellobiose
YLR011W	534.751769748187	-0.553376555309729	0.0939020498992376	-5.89312539932339	3.78958597906086e-09	1.05473612523516e-08	-0.542524665812139	FALSE	down_in_cellobiose
YKR001C	5696.47090813619	0.255896910384723	0.0434669896357995	5.8871551153836	3.92899927683224e-09	1.09303530939657e-08	0.254445137689093	FALSE	up_in_cellobiose
YHR128W	864.28641717705	-0.407124656588701	0.0691618500794354	-5.88654953736924	3.94341598698175e-09	1.09654160410417e-08	-0.401986993364635	FALSE	down_in_cellobiose
YJR047C	16844.9322016531	0.292047217583551	0.0496309907415424	5.88437210742802	3.99567967555974e-09	1.11056390982469e-08	0.290877958739716	FALSE	up_in_cellobiose
YDR372C	5156.01389302164	-0.298811042247115	0.0508535238190912	-5.87591615696329	4.20511131817926e-09	1.16823671347488e-08	-0.296532670552477	FALSE	down_in_cellobiose
YDR280W	2288.40625641381	-0.302331675351511	0.0514623171744174	-5.87481660273557	4.233117239801e-09	1.17547718394474e-08	-0.299973883035632	FALSE	down_in_cellobiose
YBR282W	1253.32214891628	0.38153094145387	0.0649655718889944	5.87281740713044	4.28450303940145e-09	1.18920029290041e-08	0.377219064446925	FALSE	up_in_cellobiose
YBL027W	33719.4213266532	0.297216499524504	0.0506292158497502	5.87045433226812	4.34602486864074e-09	1.20572286263941e-08	0.29509002644617	FALSE	up_in_cellobiose
YLR250W	3046.35337754184	-0.32225409072079	0.0548995557205008	-5.86988522022689	4.36096947385731e-09	1.20931423098987e-08	-0.31942793892197	FALSE	down_in_cellobiose
YMR253C	2197.66522980182	-0.337478150370982	0.0574941481266228	-5.86978260166119	4.36366950421792e-09	1.20950839420302e-08	-0.33430094183825	FALSE	down_in_cellobiose
YMR030W	947.353313605279	0.440601576531959	0.0750816112508758	5.86830209410056	4.40280514080670e-09	1.21979686173151e-08	0.434408814281974	FALSE	up_in_cellobiose
YJR072C	4133.38948388742	0.283203148453645	0.0482624712781047	5.86797859607587	4.41140182701321e-09	1.22161896748058e-08	0.281322880607882	FALSE	up_in_cellobiose
YJL051W	1276.33915792962	-0.367036968645434	0.0625961351218592	-5.86357237441104	4.53013254373229e-09	1.25392410180746e-08	-0.363032482294828	FALSE	down_in_cellobiose
YBL089W	1116.11224008205	-0.374534631673901	0.0638855052767346	-5.86259167946656	4.5569785364517e-09	1.26077795921592e-08	-0.370520573102999	FALSE	down_in_cellobiose
YCL047C	1858.92119615125	-0.367198097759982	0.0626602106416651	-5.86014783544023	4.6245528063825e-09	1.27888867732059e-08	-0.363325209400252	FALSE	down_in_cellobiose
YOR017W	1570.12226591253	0.368826379437486	0.0629716770837326	5.85702011631456	4.71246064619947e-09	1.30260338154545e-08	0.364903936450805	FALSE	up_in_cellobiose
YBL031W	963.837959272209	-0.389219057456496	0.0664635135539918	-5.85613123116509	4.73773901462153e-09	1.3089924879137e-08	-0.384596983375002	FALSE	down_in_cellobiose
YJR032W	1622.55561948536	-0.349322343007118	0.0596645051075591	-5.85477651037889	4.77651892677582e-09	1.31910440498357e-08	-0.345792618400015	FALSE	down_in_cellobiose
YBR236C	2483.8268122983	-0.339170996858761	0.0579567163273433	-5.85214308800901	4.85278838455844e-09	1.33955564353306e-08	-0.335915231813771	FALSE	down_in_cellobiose
YKR064W	3111.80315127795	-0.296045352752196	0.0506123335847273	-5.8492729298206	4.93726383238238e-09	1.36225235667193e-08	-0.29378747244704	FALSE	down_in_cellobiose
YPL086C	2649.78196315293	0.405307664311096	0.0693097534463257	5.84777241524846	4.98199528853653e-09	1.37396751049106e-08	0.400265595036987	FALSE	up_in_cellobiose
YNL202W	1257.61009973815	0.37114920736339	0.0634726035567377	5.84739220649147	4.99339206360281e-09	1.37648291707702e-08	0.367110771505844	FALSE	up_in_cellobiose
YOR173W	6886.97273404852	0.460143222606975	0.0787031092160108	5.84656981395808	5.01813016171965e-09	1.38267203727018e-08	0.45320542583379	FALSE	up_in_cellobiose
YJL070C	1821.09574292857	0.345464679390163	0.0591510052282806	5.84038560387801	5.20801366011126e-09	1.43433818835851e-08	0.342140501608046	FALSE	up_in_cellobiose
YNL252C	2214.22447164616	0.368844484772537	0.0631853984741231	5.83749558726916	5.29912976860868e-09	1.45876817662928e-08	0.364871528791233	FALSE	up_in_cellobiose
YDR419W	1785.80453552569	-0.332758723596215	0.0570272512590503	-5.83508263592497	5.37639142764581e-09	1.47936375588725e-08	-0.329542373108901	FALSE	down_in_cellobiose
YGR227W	864.16291375444	-0.460538909951839	0.0789676394077229	-5.8319954022432	5.47684285483494e-09	1.5063185805385e-08	-0.453399182274291	FALSE	down_in_cellobiose
YNL231C	2160.56916186707	0.321971812148493	0.0552768276297114	5.8247158159169	5.72098650080496e-09	1.57275119803947e-08	0.319205047264313	FALSE	up_in_cellobiose
YLR257W	6378.80918508403	0.424689154377131	0.0729177258259508	5.82422380246516	5.73786433737028e-09	1.57667439856499e-08	0.419135054899182	FALSE	up_in_cellobiose
YIR032C	540.576456218955	-0.521910939841529	0.0896745900609377	-5.82005381331398	5.88286837740982e-09	1.61578510202428e-08	-0.511917315518906	FALSE	down_in_cellobiose
YDL089W	1510.94359705772	-0.402404921802569	0.0691579194632977	-5.81863834142851	5.93289452433603e-09	1.6287855689144e-08	-0.397291933170473	FALSE	down_in_cellobiose
YKL040C	1533.98527290424	-0.361886531886336	0.0623224660566486	-5.80667863106373	6.37242808308081e-09	1.74865903114668e-08	-0.357992356228569	FALSE	down_in_cellobiose
YBR200W-A	242.138056446755	0.81247906245899	0.139927316863347	5.80643637476774	6.38165071549452e-09	1.75039562482136e-08	0.786964496051662	FALSE	up_in_cellobiose
YLR240W	1798.93797255896	-0.346093747130759	0.059619861292422	-5.80500758687189	6.4363089492436e-09	1.76458733114349e-08	-0.342620089640939	FALSE	down_in_cellobiose
YER134C	1215.95372089827	-0.377059098751695	0.0649660067259021	-5.80394452044043	6.47727167341799e-09	1.77501309836122e-08	-0.372719779349633	FALSE	down_in_cellobiose
YCL032W	1720.37626817172	0.333578150691876	0.0574809690793028	5.80327986871027	6.50301114682492e-09	1.78125957499987e-08	0.331180419713882	FALSE	up_in_cellobiose
YPR102C	15591.4541141282	0.343034785715878	0.0591190847076812	5.80243735863029	6.53578141850096e-09	1.78942535170185e-08	0.340013892247462	FALSE	up_in_cellobiose
YPR003C	1627.74106393042	-0.329745260586077	0.0568792902920694	-5.79728155701079	6.73984841977572e-09	1.84446168519473e-08	-0.326691617532452	FALSE	down_in_cellobiose
YMR168C	983.30235298979	-0.421019130315879	0.0727453105876954	-5.78757760348462	7.1408700490733e-09	1.95332347611014e-08	-0.415032862063268	FALSE	down_in_cellobiose
YGR044C	5029.81339806808	0.342143503804546	0.0591468382370158	5.78464570554885	7.26653158263227e-09	1.98679850866908e-08	0.338833579028335	FALSE	up_in_cellobiose
YNL002C	4281.83729388778	0.316589133671015	0.0547845979949823	5.77879815235682	7.52361221234281e-09	2.05615936105962e-08	0.313818732720324	FALSE	up_in_cellobiose
YFR020W	868.236450862642	-0.414938202782871	0.0718161032324032	-5.77778776773914	7.56891969341253e-09	2.06760733088342e-08	-0.409334647112165	FALSE	down_in_cellobiose
YLR055C	2455.75860669701	0.33392321719203	0.057824930563148	5.77472750836022	7.70777197419207e-09	2.10458712866427e-08	0.330984541141691	FALSE	up_in_cellobiose
YOR110W	1771.79879575214	-0.335526900986533	0.0581336948569761	-5.77164244956416	7.85025539109455e-09	2.14252457605324e-08	-0.332421073887465	FALSE	down_in_cellobiose
YKL140W	2755.73848024493	-0.374454724280043	0.0649185257947615	-5.76807189774877	8.01835990443339e-09	2.18741726215666e-08	-0.370135602904595	FALSE	down_in_cellobiose
YBR146W	2655.863240555	0.321104582379999	0.0557275351109008	5.76204531101159	8.31006802482979e-09	2.26597346321779e-08	0.318241971133407	FALSE	up_in_cellobiose
YDL039C	364.626678845583	0.630650695474824	0.109457943456346	5.76157997821638	8.33301600352221e-09	2.27120688550258e-08	0.6156025270388	FALSE	up_in_cellobiose
YPR054W	1662.57841822613	-0.379576469461299	0.0659038836160497	-5.7595463064465	8.43403202016737e-09	2.29770385846722e-08	-0.375015654704541	FALSE	down_in_cellobiose
YDL025C	3611.9314428261	-0.33432465108455	0.0580840411887908	-5.75587793552265	8.61926525338212e-09	2.34711014193854e-08	-0.331108544275777	FALSE	down_in_cellobiose
YOR328W	1649.24598811456	0.340090465266896	0.0591195676498824	5.75258715153295	8.7887933580068e-09	2.39219722003713e-08	0.336826439236191	FALSE	up_in_cellobiose
YNL125C	5665.3639413956	0.26985851858774	0.0469259550188425	5.75073045352794	8.88586887934132e-09	2.41753193802323e-08	0.268131728479289	FALSE	up_in_cellobiose
YNL020C	1631.19462435553	-0.330888902382357	0.0575478400068297	-5.74980576756813	8.93460316758636e-09	2.42969783981845e-08	-0.327754994231422	FALSE	down_in_cellobiose
YGR050C	562.162524997297	-0.604342385498412	0.105126290791694	-5.74872737302134	8.99176671394191e-09	2.44414404880542e-08	-0.590383767993756	FALSE	down_in_cellobiose
YDR057W	2185.10952370209	-0.410145610705625	0.0714081431035285	-5.74368122289625	9.26401164411693e-09	2.51701448443932e-08	-0.404632851283032	FALSE	down_in_cellobiose
YDL148C	3086.76676047676	0.349537667963664	0.0608843977447641	5.74100559274603	9.4115982317159e-09	2.55596524945747e-08	0.346055459777303	FALSE	up_in_cellobiose
YDR111C	1813.20649004113	-0.373258859301697	0.0650647224708355	-5.73673175151105	9.6520945979506e-09	2.62010180109539e-08	-0.368831465887603	FALSE	down_in_cellobiose
YHL050C	1983.32543397596	0.517684605173048	0.0902491315784746	5.73617270458613	9.68399156576748e-09	2.62758102242089e-08	0.508055676801115	FALSE	up_in_cellobiose
YMR278W	2664.82713739887	-0.378461063855044	0.0659808485755409	-5.73592295379086	9.69827443039051e-09	2.63027640156959e-08	-0.373968025430204	FALSE	down_in_cellobiose
YOR274W	1747.74140845313	-0.338713178040872	0.0590807946016493	-5.73305048323464	9.86402581191498e-09	2.67403084314038e-08	-0.335519586223417	FALSE	down_in_cellobiose
YGL036W	2444.12865341348	0.304416531536854	0.0531133844389523	5.73144669187378	9.95776453688455e-09	2.69823297128485e-08	0.302005645719901	FALSE	up_in_cellobiose
YDL119C	885.053301617799	-0.434370346299334	0.0757917070552707	-5.73110651779583	9.9777581140228e-09	2.70243981520868e-08	-0.427983094849162	FALSE	down_in_cellobiose
YNL212W	3974.69730332053	0.27417260724759	0.0479112332665784	5.72251199884779	1.04960428998362e-08	2.84154285846952e-08	0.272345182875161	FALSE	up_in_cellobiose
YNCL0046W	303.430792260447	0.722081719871668	0.126249342825278	5.7194889392097	1.06844929200516e-08	2.89126680896967e-08	0.701613600754158	FALSE	up_in_cellobiose
YHR110W	3682.48713597716	0.357036024891391	0.0624443032151371	5.71767169314561	1.0799353682528e-08	2.9210416400684e-08	0.353372514584565	FALSE	up_in_cellobiose
YOR133W	38445.6699651551	0.246123038652622	0.0430469093324211	5.71755423256954	1.08068190375006e-08	2.92175420379095e-08	0.242777965216932	FALSE	up_in_cellobiose
YNL122C	842.814692055394	0.437061614596724	0.0764701751396694	5.71545198894145	1.09412810304407e-08	2.956785865599e-08	0.430761405373482	FALSE	up_in_cellobiose
YMR264W	3561.73454338579	-0.271370220788661	0.0474842784581942	-5.71494881253337	1.09737051491206e-08	2.96422370441632e-08	-0.270101230458619	FALSE	down_in_cellobiose
YNR006W	2887.20192082384	-0.293816601296657	0.0514126986050469	-5.71486440643314	1.09791533209799e-08	2.96437139666458e-08	-0.291419607891105	FALSE	down_in_cellobiose
YCL016C	1288.85414921961	-0.35918113701026	0.062867887357311	-5.71326876261717	1.10826434955983e-08	2.99097848555906e-08	-0.355148370392574	FALSE	down_in_cellobiose
YGR143W	6408.00136097059	0.238066815434056	0.0416748750856181	5.71247820047365	1.11342683167862e-08	3.00357068599121e-08	0.236834944365616	FALSE	up_in_cellobiose
YOR275C	2769.48798311183	-0.307572867840429	0.0539012280965259	-5.70623116953162	1.1550510267638e-08	3.11446661162168e-08	-0.304812714966076	FALSE	down_in_cellobiose
YDR324C	2939.38475255942	0.382367930947275	0.0670435517807412	5.70327676251056	1.17525925617732e-08	3.16754366370786e-08	0.377833490943534	FALSE	up_in_cellobiose
YLR136C	5902.18813788494	-1.14828700032194	0.201359969270413	-5.70265780473905	1.1795362643768e-08	3.17765493405385e-08	-1.09815568533573	FALSE	down_in_cellobiose
YMR015C	7376.11247605362	1.50952075593888	0.264712115614717	5.70249968511437	1.18063129665305e-08	3.17918881663296e-08	1.43339905456621	FALSE	up_in_cellobiose
YDR100W	2007.95361989394	-0.412304559489257	0.0723765069794359	-5.69666286335708	1.22175181237724e-08	3.2884534763051e-08	-0.406619254418616	FALSE	down_in_cellobiose
YDR384C	1414.95484318364	0.401419858354763	0.0704817579193274	5.69537239428994	1.23102928283323e-08	3.31144064449917e-08	0.396236018772512	FALSE	up_in_cellobiose
YPR004C	5932.03698972201	0.250386784312824	0.0439635808879289	5.69532279345273	1.23138723701697e-08	3.31144064449917e-08	0.249415349513114	FALSE	up_in_cellobiose
YGR287C	889.553439421634	0.44344187292358	0.0780347781932296	5.68261848358856	1.3264795502299e-08	3.56557703101797e-08	0.436724351780392	FALSE	up_in_cellobiose
YLR310C	5758.76105091206	0.308566001704159	0.0543039877746089	5.68219783388425	1.32974714291823e-08	3.57277242131028e-08	0.306037242416023	FALSE	up_in_cellobiose
YML022W	2958.90081095275	0.362012294179698	0.0637230031830994	5.68103002207076	1.33885971045143e-08	3.59565876057295e-08	0.358336975373048	FALSE	up_in_cellobiose
YDR061W	2437.84630367067	-0.300748291488155	0.0529548465388106	-5.67933458683025	1.35219744386347e-08	3.62986690656293e-08	-0.298276724181265	FALSE	down_in_cellobiose
YJL065C	1722.6715623186	-0.371132762092485	0.0653659774047738	-5.67776658175359	1.36464754047266e-08	3.66166296574032e-08	-0.366773620363347	FALSE	down_in_cellobiose
YIL061C	1153.24324839158	-0.374990828331154	0.0661162462442293	-5.67168963201513	1.41395970233682e-08	3.79229635464882e-08	-0.370513881786514	FALSE	down_in_cellobiose
YGL056C	4808.45888921617	0.300329386372913	0.0530004288271724	5.66654634724275	1.45704432966791e-08	3.90611884123737e-08	0.297956780386724	FALSE	up_in_cellobiose
YNL233W	2052.88764349985	0.341049438294791	0.0601995048135098	5.66531966253407	1.46750694129501e-08	3.93242444880472e-08	0.337593398074948	FALSE	up_in_cellobiose
YDR414C	1507.78016111197	-0.336448538220283	0.0593905065849905	-5.66502219910872	1.4700550328437e-08	3.93750790019429e-08	-0.333099978161535	FALSE	down_in_cellobiose
YHR091C	2234.00178526309	0.413353214910844	0.0729975022463044	5.66256655626556	1.49125505869761e-08	3.99252350376412e-08	0.407789850054265	FALSE	up_in_cellobiose
YDL015C	5191.83048931819	-0.326985778654836	0.0577628896469991	-5.66082792348363	1.50644425691384e-08	4.03140480788269e-08	-0.32384646450238	FALSE	down_in_cellobiose
YMR038C	4887.99649499717	-0.354379979410838	0.0626473432182103	-5.65674394485458	1.5427165253002e-08	4.12664729987422e-08	-0.350491973783052	FALSE	down_in_cellobiose
YMR199W	3735.85024814075	0.351631453095982	0.0622603229464	5.64776147079582	1.62550496604822e-08	4.34617773415545e-08	0.347912826333068	FALSE	up_in_cellobiose
YHR044C	1401.21977232743	0.409430180941392	0.0725269197078235	5.64521673594841	1.64973285936297e-08	4.40900765949062e-08	0.403874789979906	FALSE	up_in_cellobiose
YDR239C	1882.01563483622	-0.362500455069375	0.0642500800312834	-5.64202340126072	1.68063249794328e-08	4.48960483549513e-08	-0.358532704372309	FALSE	down_in_cellobiose
YGL073W	4955.77665811262	-0.353132546615713	0.0626807394677602	-5.6338286627481	1.76252134990617e-08	4.7062821740541e-08	-0.35029913318119	FALSE	down_in_cellobiose
YBR302C	7688.01415614934	-0.476189060246554	0.0845737132506159	-5.63046178232083	1.79727764204076e-08	4.79697051150154e-08	-0.467835656823271	FALSE	down_in_cellobiose
YBL025W	666.07199758124	-0.47110188347932	0.0837077605520899	-5.62793557457747	1.82379177561408e-08	4.86559005686544e-08	-0.462999737523426	FALSE	down_in_cellobiose
YJR120W	100.189662632125	1.08825753849798	0.19339567095946	5.62710392171135	1.83260330361088e-08	4.88694214296235e-08	1.04228450136968	FALSE	up_in_cellobiose
YER117W	18576.3686076568	0.279229872352328	0.0496298942361239	5.62624355038594	1.84176261007042e-08	4.90920240886114e-08	0.278993045763759	FALSE	up_in_cellobiose
YLR114C	5418.33494490178	-0.30112176134827	0.0535365488029817	-5.62460166150081	1.85936527706089e-08	4.95393885271552e-08	-0.29861130885122	FALSE	down_in_cellobiose
YOL063C	2105.61949604722	-0.297044870632848	0.0528780973043211	-5.61754083024797	1.93694412086865e-08	5.15836109335693e-08	-0.294593708074344	FALSE	down_in_cellobiose
YBR041W	2386.01761436871	-0.296646059488155	0.0528177379228828	-5.61640977357411	1.94965982218549e-08	5.18993952666279e-08	-0.294216947560574	FALSE	down_in_cellobiose
YJL109C	3475.26658044027	0.421167626759463	0.0750401867252712	5.61256101749047	1.99353878957134e-08	5.30440941457434e-08	0.415302884040332	FALSE	up_in_cellobiose
YBL069W	1020.10867499933	-0.455988138952159	0.0813540735308793	-5.60498226040372	2.08276294898872e-08	5.53938008596473e-08	-0.448434318637571	FALSE	down_in_cellobiose
YKL004W	2593.41140329231	-0.433160451059769	0.0773342390608254	-5.60114712862277	2.12937899559648e-08	5.66087216060111e-08	-0.426548512149608	FALSE	down_in_cellobiose
YDR273W	1368.25398619354	-0.479042529775192	0.0855894289946445	-5.59698242413985	2.18114809632818e-08	5.7959506531603e-08	-0.470509114961284	FALSE	down_in_cellobiose
YGL183C	278.307479518955	-0.668962940564846	0.119526935675138	-5.59675471295456	2.18401359784936e-08	5.80101635476194e-08	-0.650458775821816	FALSE	down_in_cellobiose
YKL203C	2452.49265238508	0.415307378753935	0.0742476596962894	5.59354167461645	2.22483790976842e-08	5.90685675078113e-08	0.40945957813928	FALSE	up_in_cellobiose
YML096W	1803.77883874917	-0.321931667155163	0.0575873989199846	-5.59031442976743	2.26658800123213e-08	6.01506109322155e-08	-0.319008219091662	FALSE	down_in_cellobiose
YGL155W	1688.2492487833	-0.355774279274776	0.0636814916126234	-5.58677678969837	2.31322732287554e-08	6.13613984594353e-08	-0.351734136730651	FALSE	down_in_cellobiose
YOR123C	4972.42664373508	0.242351651374518	0.0433836134572269	5.58624863310336	2.32026983644318e-08	6.15212274038068e-08	0.240985682565196	FALSE	up_in_cellobiose
YMR272C	8515.51619587666	-0.362644607033366	0.0649481128839737	-5.58360498758772	2.35583452625447e-08	6.24368414320203e-08	-0.358240655263017	FALSE	down_in_cellobiose
YPR137W	3998.80326396278	0.397845043923529	0.0713263724496825	5.57781126755312	2.43563700192617e-08	6.45235768184383e-08	0.392583586527236	FALSE	up_in_cellobiose
YDR267C	1984.83871898967	-0.320334406206633	0.0574629794764245	-5.57462228943519	2.4806749709029e-08	6.56879256743465e-08	-0.317232973487271	FALSE	down_in_cellobiose
YLR080W	1418.3598323138	0.411090075179318	0.0737462585224841	5.57438551345603	2.48405100530707e-08	6.57485360179306e-08	0.405326168739022	FALSE	up_in_cellobiose
YBR020W	775.847425926414	0.442726719141074	0.0794430680383908	5.57288042963203	2.50561550806462e-08	6.62903000558829e-08	0.435813531144656	FALSE	up_in_cellobiose
YDL028C	2422.13996855805	0.309104947452131	0.0554789505025287	5.57157164388036	2.5245150906029e-08	6.67611161695073e-08	0.306362102100693	FALSE	up_in_cellobiose
YKR088C	1956.80132492972	-0.375268333713999	0.0673623460616062	-5.57089168733519	2.5343885713152e-08	6.69929286683318e-08	-0.370582519466293	FALSE	down_in_cellobiose
YAR061W	159.652391704054	-0.871988079644232	0.156673806171851	-5.56562772648652	2.61210368164618e-08	6.90170514049634e-08	-0.840033811129587	FALSE	down_in_cellobiose
YEL048C	595.515190727152	-0.46011376694007	0.082675147240416	-5.5653214091301	2.6166965388921e-08	6.91082125206088e-08	-0.452308209784393	FALSE	down_in_cellobiose
YNL259C	1451.18839503525	-0.419187439376357	0.0753302665567301	-5.56466157013626	2.62661666241068e-08	6.93399283031856e-08	-0.412993738324561	FALSE	down_in_cellobiose
YER145C-A	784.2479382827	-0.498552708005427	0.0896116002726095	-5.56348404100326	2.64441057336061e-08	6.97792109410338e-08	-0.489002001871735	FALSE	down_in_cellobiose
YFL054C	1860.29650079732	0.461903933632078	0.0830522891160271	5.5616038829078	2.6730648299385e-08	7.05045621084521e-08	0.454210947624173	FALSE	up_in_cellobiose
YJL194W	1259.24868589275	0.358350775435325	0.064443809242763	5.5606702900724	2.68740482883986e-08	7.08518936565975e-08	0.354295230824212	FALSE	up_in_cellobiose
YHR170W	3920.03529308206	0.414127661015854	0.0744830888272716	5.56002265126555	2.69739639489203e-08	7.10843285242136e-08	0.408248428889825	FALSE	up_in_cellobiose
YBR108W	1458.23599596725	0.33734336423785	0.0607002890090857	5.55752484452514	2.73627046370777e-08	7.20773683123023e-08	0.333898447857601	FALSE	up_in_cellobiose
YHL023C	2352.21549696546	-0.290028459533898	0.0521971336197092	-5.5564058679342	2.75386121861194e-08	7.25091538971049e-08	-0.287663156877825	FALSE	down_in_cellobiose
YGR248W	931.769067090022	0.622934003981396	0.112127557897537	5.55558344141089	2.76686000239622e-08	7.28197097236395e-08	0.607228782860654	FALSE	up_in_cellobiose
YEL025C	3493.05314899372	-0.315950916055355	0.0568754813494388	-5.55513392694079	2.77398990342785e-08	7.29756021571623e-08	-0.312956193575114	FALSE	down_in_cellobiose
YNL243W	8819.89127527785	0.321930247071041	0.0579576713604348	5.55457525318744	2.78287606706503e-08	7.31775411026492e-08	0.318899225428158	FALSE	up_in_cellobiose
YOR336W	2118.09338426059	-0.30001297856413	0.0540549484600109	-5.55014826785148	2.85427422219842e-08	7.50223837281879e-08	-0.297391810078499	FALSE	down_in_cellobiose
YDR012W	22739.7417018978	0.317780876759159	0.0573056319447639	5.54536903223515	2.93334831781499e-08	7.70672920336449e-08	0.321047915008832	FALSE	up_in_cellobiose
YER179W	721.443879745226	-0.492298751928717	0.0887865719664382	-5.54474332126269	2.94385697230802e-08	7.73098001238338e-08	-0.483012144184682	FALSE	down_in_cellobiose
YPL014W	1555.80491288353	0.361785181633994	0.0652729848744889	5.54264803930229	2.97931331172425e-08	7.82069744327616e-08	0.357622415819704	FALSE	up_in_cellobiose
YMR013C	1418.08208759004	-0.412610293261805	0.0745427664859615	-5.53521572531804	3.10845520555452e-08	8.15615491678687e-08	-0.406594623171078	FALSE	down_in_cellobiose
YMR195W	7890.0424455729	-0.391506629177344	0.0707458934170594	-5.53398381541872	3.13037871791604e-08	8.21011729659853e-08	-0.386197678070532	FALSE	down_in_cellobiose
YKR048C	10236.610192383	0.217915282919813	0.0393852715940112	5.5329130433862	3.14955635681988e-08	8.25683435025862e-08	0.216890064558809	FALSE	up_in_cellobiose
YHR006W	6642.69506413684	-0.258849837223517	0.0467982922140498	-5.53118126703361	3.18081412421577e-08	8.33516630123786e-08	-0.257113256579559	FALSE	down_in_cellobiose
YNL268W	13236.0344953993	-0.334460251977973	0.0604693610012334	-5.53106972589227	3.18283767342179e-08	8.33685675567562e-08	-0.330957412898598	FALSE	down_in_cellobiose
YPL031C	3789.80344483169	-0.302115977060281	0.0546360709697516	-5.52960657122549	3.20949774093028e-08	8.40304863079927e-08	-0.299461628988773	FALSE	down_in_cellobiose
YDR194C	5206.63737023164	0.280759180273464	0.0507866968159717	5.5282032082301	3.23527180386211e-08	8.46686450443878e-08	0.278665985677381	FALSE	up_in_cellobiose
YGR198W	2891.4030508353	-0.343800425606133	0.0622355212546587	-5.5241832746825	3.31021787336617e-08	8.65925505973988e-08	-0.340042048545045	FALSE	down_in_cellobiose
YOL126C	7702.76745144453	0.313595732874205	0.0568033586788876	5.52072518540635	3.37603433156083e-08	8.82760727941198e-08	0.310749163024766	FALSE	up_in_cellobiose
YER178W	16662.1685000176	-0.231818545171153	0.0419955520562998	-5.52007376544007	3.38857383571203e-08	8.85656636058184e-08	-0.230551525440845	FALSE	down_in_cellobiose
YLR103C	1477.46373520931	0.361923286690605	0.0655673310273751	5.51987218359548	3.39246332872418e-08	8.86290203547466e-08	0.35771667783174	FALSE	up_in_cellobiose
YHR047C	2666.80825642133	-0.347690592825734	0.0630243467736593	-5.51676630738281	3.45294095307217e-08	9.0170064266755e-08	-0.34380092335093	FALSE	down_in_cellobiose
YBR197C	1483.27068052639	-0.3219313437766	0.0584127128455722	-5.51132327354323	3.5614590889852e-08	9.29637659481333e-08	-0.318768821085919	FALSE	down_in_cellobiose
YKL077W	3565.97159090001	-0.268374730289489	0.0486997937900973	-5.51079808358574	3.57210312321955e-08	9.32013791597577e-08	-0.266411936676866	FALSE	down_in_cellobiose
YCL010C	3129.13308403474	-0.348269608484029	0.0632060767586222	-5.51006527131934	3.58700661727383e-08	9.35498750378271e-08	-0.344360828663979	FALSE	down_in_cellobiose
YIL062C	4019.25553778814	-0.306146506619868	0.0555654063657997	-5.50966017605335	3.59527106542968e-08	9.3724997429822e-08	-0.30335900532575	FALSE	down_in_cellobiose
YOR244W	2217.83168635339	0.297509636108246	0.0540340372947477	5.50596718296979	3.67146924411056e-08	9.56701679809594e-08	0.295077992874623	FALSE	up_in_cellobiose
YDR235W	1773.56033308147	-0.340921348092987	0.0619282533891616	-5.50510194354446	3.68954706594498e-08	9.6099830554846e-08	-0.337207343492815	FALSE	down_in_cellobiose
YML004C	6400.72034579795	0.308527073679286	0.0560758010149472	5.50196462814765	3.75582317948964e-08	9.77839801530492e-08	0.305797093914213	FALSE	up_in_cellobiose
YDR484W	1332.86594866629	-0.379105761717971	0.0689489202576026	-5.49835675891051	3.83346752976338e-08	9.97625284854084e-08	-0.374206341741031	FALSE	down_in_cellobiose
YFR009W	4504.13450784411	-0.265464558723272	0.0483026049544118	-5.49586422872677	3.88801565788529e-08	1.0113857504899e-07	-0.263620180672713	FALSE	down_in_cellobiose
YPR007C	879.623758382825	0.411898509315611	0.0749770150684742	5.4936637440079	3.93679745878648e-08	1.02363504001464e-07	0.406013929674025	FALSE	up_in_cellobiose
YNL094W	4259.53223813142	-0.302566820420655	0.055095984791225	-5.49163104293662	3.98238672068949e-08	1.035044043263e-07	-0.299879901628456	FALSE	down_in_cellobiose
YJR030C	1393.37748344037	-0.375192648804661	0.068357469985534	-5.48868541922427	4.04936054139592e-08	1.05199882106368e-07	-0.370404688964499	FALSE	down_in_cellobiose
YBR254C	703.266896359366	-0.412405591607833	0.0751492409479189	-5.48782111975881	4.06921825161761e-08	1.05670382077215e-07	-0.406308674733113	FALSE	down_in_cellobiose
YER058W	741.683852708113	0.461274960595462	0.0840849225417165	5.48582250719935	4.11549967457525e-08	1.06826360651636e-07	0.453323478242615	FALSE	up_in_cellobiose
YMR180C	1334.57132045527	-0.410824924072881	0.0749029490364439	-5.4847630081026	4.14024084511457e-08	1.0742246517054e-07	-0.40477271252009	FALSE	down_in_cellobiose
YHR131C	2660.1250552454	0.27899117809556	0.0508972592651638	5.48145778620566	4.21835383901576e-08	1.09402247077047e-07	0.276850494051186	FALSE	up_in_cellobiose
YOR270C	14706.9657630854	-0.318273531625299	0.0580774382627046	-5.48015789170377	4.24946439744268e-08	1.10161854589513e-07	-0.315081214481123	FALSE	down_in_cellobiose
YLR001C	2641.64695933524	-0.401398235335775	0.0733077602069125	-5.47552174834999	4.36224379411975e-08	1.13037062839915e-07	-0.395663572209181	FALSE	down_in_cellobiose
YCL035C	7343.58894843686	0.321220319298769	0.0586826355390454	5.47385638610317	4.40345973983264e-08	1.1405620773665e-07	0.318114786365182	FALSE	up_in_cellobiose
YBR284W	924.452385499435	0.496183713859506	0.0906549244126468	5.47332334204987	4.41673159350402e-08	1.14350996050994e-07	0.486643227378887	FALSE	up_in_cellobiose
YJL139C	1074.36347439151	-0.423236141507819	0.0773893263010489	-5.46892138408605	4.52782509796915e-08	1.17177091110472e-07	-0.41666630457301	FALSE	down_in_cellobiose
YKL113C	4662.62874741521	-0.447254974676159	0.0818081378093278	-5.4671208348317	4.57404255700911e-08	1.18322538001673e-07	-0.438941152980749	FALSE	down_in_cellobiose
YNL157W	4034.2042635482	0.26897679526621	0.0492081426134144	5.4661033922643	4.6003607073737e-08	1.18952464977324e-07	0.267209219328335	FALSE	up_in_cellobiose
YPL083C	987.531091662303	-0.429586236535342	0.0786506696500012	-5.46195268834988	4.70925600303356e-08	1.21716155155329e-07	-0.422743570007604	FALSE	down_in_cellobiose
YBR170C	2430.46233255367	-0.297475934429394	0.0544894576730476	-5.45933006370397	4.77934537157411e-08	1.23474928694063e-07	-0.294874808549562	FALSE	down_in_cellobiose
YKR003W	2343.73947616209	-0.361644561752957	0.0662473091921058	-5.45900756065805	4.78803373643369e-08	1.23646575738475e-07	-0.35715732270161	FALSE	down_in_cellobiose
YHR017W	1566.95434444456	-0.343842567777806	0.0629930492465805	-5.45842076054877	4.80388166202767e-08	1.23949984180646e-07	-0.339996866428858	FALSE	down_in_cellobiose
YJR112W	2261.063868879	-0.321205049329976	0.0588454619490188	-5.45845063818607	4.80307351861414e-08	1.23949984180646e-07	-0.318009425921411	FALSE	down_in_cellobiose
YDL070W	16672.5259135368	0.378244062851378	0.0693248260457399	5.45611268612222	4.86671145242717e-08	1.25517572982002e-07	0.373606895310281	FALSE	up_in_cellobiose
YER138W-A	844.277286877479	-0.517660039609026	0.0948994638371292	-5.45482575641794	4.90208903897666e-08	1.26376106171061e-07	-0.506844426393122	FALSE	down_in_cellobiose
YOL010W	2612.62649732666	0.478084905058772	0.0876849185102197	5.45230483396128	4.97211280339708e-08	1.28126707434791e-07	0.469313133469429	FALSE	up_in_cellobiose
YDL117W	1516.30145477415	-0.336109604323176	0.0617124021827569	-5.4463866651603	5.14033299669516e-08	1.32405170204482e-07	-0.332477231308157	FALSE	down_in_cellobiose
YIR011C	3769.75336168305	0.338101140421654	0.0621073986860629	5.44381422462514	5.21516105577438e-08	1.34275411091202e-07	0.334501596050674	FALSE	up_in_cellobiose
YFL009W	3516.54758290809	-0.324462274299395	0.0596195939768288	-5.44220872127203	5.26239641940705e-08	1.3543392997691e-07	-0.321143072524886	FALSE	down_in_cellobiose
YDR255C	1058.85141709885	-0.393619559105491	0.0723848501764329	-5.43787212581185	5.39206495605173e-08	1.38712075092305e-07	-0.388100266446408	FALSE	down_in_cellobiose
YDL185W	27402.3965480014	0.227099455171918	0.0417831437797966	5.43519310966084	5.47371187617866e-08	1.40752591101737e-07	0.225457448093003	FALSE	up_in_cellobiose
YPL079W	20467.7695944107	0.288040475608487	0.0530138653407272	5.43330454697488	5.5319872455568e-08	1.42190645393657e-07	0.289408707776888	FALSE	up_in_cellobiose
YBR223C	902.426321089817	0.435371599252707	0.0801585343282193	5.43138173497563	5.59193698170147e-08	1.4367049645425e-07	0.428348266125088	FALSE	up_in_cellobiose
YLR015W	1110.13903277283	-0.392806457195975	0.0724113917678146	-5.42465001163766	5.80682051006011e-08	1.49128027366639e-07	-0.387294379069129	FALSE	down_in_cellobiose
YLR107W	2813.50300599044	0.34401020157763	0.0635051311209285	5.417045764736	6.05918356927157e-08	1.55543048501505e-07	0.340071541570525	FALSE	up_in_cellobiose
YCR048W	9775.76369091929	-0.253174853344764	0.046750811005708	-5.41541093937071	6.11481029444706e-08	1.56904423677623e-07	-0.25296110433932	FALSE	down_in_cellobiose
YMR169C	1576.49620618801	0.496321828588271	0.0916648031186476	5.41453002354513	6.14498923799677e-08	1.57611937707398e-07	0.486107619457201	FALSE	up_in_cellobiose
YDR228C	2119.43747141062	-0.341632259958573	0.0631054551455779	-5.41367238649118	6.17450929842924e-08	1.58301959461213e-07	-0.337809944916552	FALSE	down_in_cellobiose
YNL119W	1765.43757525189	0.351114573100723	0.0648586577069196	5.4135343763561	6.17927245443111e-08	1.58331562915942e-07	0.347075352465596	FALSE	up_in_cellobiose
YOR061W	3569.79041841893	0.290973030507013	0.0537496473451635	5.4134872483623	6.18089980232373e-08	1.58331562915942e-07	0.288584511334506	FALSE	up_in_cellobiose
YMR173W	16721.7536318871	-0.420860738146221	0.0777595215264559	-5.41233703454609	6.22074611528367e-08	1.59284811622505e-07	-0.414047349463614	FALSE	down_in_cellobiose
YLR383W	1573.91781793049	0.371627375873539	0.0687110313853851	5.40855476013979	6.35353617241254e-08	1.62616109905844e-07	0.366943344770252	FALSE	up_in_cellobiose
YLR196W	4013.8289802441	0.319122703404938	0.0590335292299936	5.40578731387788	6.4524326931507e-08	1.65077465855226e-07	0.31602726267002	FALSE	up_in_cellobiose
YOR056C	3532.27233495984	0.263576431049662	0.0487752039843339	5.4039021781297	6.52065148299575e-08	1.66752220588407e-07	0.261710102398269	FALSE	up_in_cellobiose
YHR132W-A	1430.12208225378	0.396950780464569	0.0734584780718801	5.40374359615983	6.52642196067483e-08	1.66829247752161e-07	0.391350008594876	FALSE	up_in_cellobiose
YHR003C	2284.89326303344	-0.277070644221701	0.0512833952718106	-5.4027359684978	6.56320324839257e-08	1.67698577297331e-07	-0.27494986859492	FALSE	down_in_cellobiose
YOR320C	2719.7277056079	-0.309291712417231	0.0572488039899585	-5.40258819156259	6.56861438575851e-08	1.67765962014643e-07	-0.3063626886991	FALSE	down_in_cellobiose
YOL135C	1336.17218297939	-0.353622059338763	0.0654558177572687	-5.40245422721793	6.57352348319957e-08	1.67820472884724e-07	-0.349393619997516	FALSE	down_in_cellobiose
YGL258W-A	178.543480985421	-0.735922752102284	0.13623542192626	-5.40184587603522	6.59586114837832e-08	1.68319697153553e-07	-0.71178549236011	FALSE	down_in_cellobiose
YPL280W	637.987986257367	0.612403230555672	0.113500072224314	5.39561974326639	6.82874323846398e-08	1.74189114745804e-07	0.596358042337522	FALSE	up_in_cellobiose
YJL033W	3197.20305029178	0.333133101551511	0.0617462575615797	5.39519502407537	6.84491638311781e-08	1.74528053478485e-07	0.329654645779102	FALSE	up_in_cellobiose
YGL130W	2676.40520616066	-0.268733917150806	0.0498167261937143	-5.39445157648102	6.8733159478093e-08	1.75178317961865e-07	-0.266711928644291	FALSE	down_in_cellobiose
YPR125W	3184.10106996658	0.47827690371193	0.088676084801521	5.39352751965124	6.90877388277775e-08	1.7600785359326e-07	0.46930605885417	FALSE	up_in_cellobiose
YER078C	2199.71468983191	-0.285358075934949	0.0529123537479955	-5.39303311461096	6.92781790407473e-08	1.76418706037238e-07	-0.28295408180317	FALSE	down_in_cellobiose
YGR123C	1080.16709828892	0.421797261477882	0.0782224766457824	5.39227699715929	6.95704123015779e-08	1.77088322222198e-07	0.415237308318125	FALSE	up_in_cellobiose
YPL222W	2838.52891189464	0.300347299124392	0.0557368345225328	5.3886680450604	7.09817738618856e-08	1.80604866771849e-07	0.297692160549676	FALSE	up_in_cellobiose
YIL173W	1673.88192754185	-0.506393974133297	0.0940213953651265	-5.38594404142532	7.20653831365344e-08	1.83284876875425e-07	-0.495854028106426	FALSE	down_in_cellobiose
YMR177W	1747.25088838297	-0.365306422595768	0.0680029935537745	-5.37191678638229	7.7904060120171e-08	1.98051179321898e-07	-0.360631060499606	FALSE	down_in_cellobiose
YPR187W	4730.47003656285	0.290375860108687	0.0540766607388037	5.36970767317226	7.88643731607638e-08	2.00408289443823e-07	0.287937577045038	FALSE	up_in_cellobiose
YJL161W	1056.13113392047	0.397670778900762	0.0740805910168073	5.36808323803112	7.95778275339304e-08	2.02136371661155e-07	0.391978764072275	FALSE	up_in_cellobiose
YHR181W	1598.62154187849	-0.370042050679412	0.0690683728777633	-5.35761934531612	8.43256657533442e-08	2.14106476270456e-07	-0.365197524929944	FALSE	down_in_cellobiose
YGL205W	383.216492840434	0.600648098883383	0.112114417369655	5.35745636444751	8.4401742764061e-08	2.14209710548485e-07	0.585069319495121	FALSE	up_in_cellobiose
YER171W	2181.05526503986	-0.293600816481728	0.0548213038579892	-5.3555971095157	8.52743320341574e-08	2.16333540328265e-07	-0.291011722225787	FALSE	down_in_cellobiose
YPR119W	1513.30726282914	-0.39357158026165	0.0735224478848599	-5.35308047520404	8.64693688265171e-08	2.19273267363847e-07	-0.387883685547475	FALSE	down_in_cellobiose
YHR099W	5629.30859298233	0.519758080782525	0.0971040726771623	5.35258786220576	8.67051788601205e-08	2.19779095450968e-07	0.507872925955224	FALSE	up_in_cellobiose
YPR035W	38786.4858600247	0.346624422907778	0.064795473507501	5.34951601005973	8.81897595122893e-08	2.23448540230551e-07	0.342786117536364	FALSE	up_in_cellobiose
YLR312W-A	1839.40035582759	0.304871290377741	0.0569973556209396	5.34886727737485	8.85064151329168e-08	2.24156950889397e-07	0.302045120978127	FALSE	up_in_cellobiose
YLR430W	3215.14576765634	0.332030597487022	0.0620831507557993	5.34815958025465	8.8853107569899e-08	2.24940809787672e-07	0.328516341785083	FALSE	up_in_cellobiose
YLR143W	1275.91052552506	-0.342387064422943	0.0640590147853133	-5.34486934540619	9.04822962395452e-08	2.28969425797812e-07	-0.338391858953514	FALSE	down_in_cellobiose
YML079W	1851.20210048562	0.329946299053519	0.0617336701401926	5.34467330881569	9.05802729995723e-08	2.29121493559771e-07	0.32647257208516	FALSE	up_in_cellobiose
YGR120C	1170.48749523772	-0.339181426017511	0.0634680939269014	-5.34412497731788	9.08548683270582e-08	2.29720001522595e-07	-0.335314788756204	FALSE	down_in_cellobiose
YEL012W	3898.65502444153	0.347348039341974	0.0650060427479529	5.34331924631595	9.12598277568861e-08	2.30647487786731e-07	0.343348356288092	FALSE	up_in_cellobiose
YBR296C-A	27.1342688879575	1.98947283557698	0.372367773585755	5.34276319462111	9.15403171989853e-08	2.31259748713226e-07	1.86466625332653	FALSE	up_in_cellobiose
YER038C	994.354825572295	-0.380743259236982	0.071269709783786	-5.3422872127873	9.17810797972224e-08	2.31771177709228e-07	-0.375360625992235	FALSE	down_in_cellobiose
YMR171C	4193.62065460615	-0.250595441071335	0.0469124514362627	-5.34176819584465	9.20443092366157e-08	2.32338890760873e-07	-0.248933886411631	FALSE	down_in_cellobiose
YJR036C	1094.6470486624	-0.355630816703829	0.0665888114990773	-5.34069926610354	9.25887421986591e-08	2.33615649903e-07	-0.351678594438227	FALSE	down_in_cellobiose
YPR158W-B	1852.38227134935	-1.28406318442724	0.240574056936613	-5.33749648976307	9.42387267524169e-08	2.37679657797589e-07	-1.21544813516927	FALSE	down_in_cellobiose
YJL058C	719.655601403761	-0.431588954130478	0.080866520155	-5.33705362000535	9.44691096393025e-08	2.38161390203627e-07	-0.424359890423068	FALSE	down_in_cellobiose
YGR233C	2109.24444005151	0.340749628529201	0.0638585648286916	5.33600511447921	9.5016722588956e-08	2.39442140924169e-07	0.336912843525176	FALSE	up_in_cellobiose
YKL170W	1545.18241575323	0.354743909827882	0.0664938493286165	5.3349883246301	9.55507053218412e-08	2.40687490956475e-07	0.350481056389056	FALSE	up_in_cellobiose
YLR052W	1828.99347355689	0.344554343997544	0.0646071252768199	5.3330703466722	9.65658797218662e-08	2.43143397401268e-07	0.340600924064896	FALSE	up_in_cellobiose
YOL096C	1498.09887428389	0.312720681074042	0.0586446091407663	5.33247106010051	9.68852138023486e-08	2.43845931367709e-07	0.309674804079308	FALSE	up_in_cellobiose
YJL159W	88571.2086947858	-0.227642565983754	0.0427023491116227	-5.33091435763177	9.77194974625716e-08	2.45843394614656e-07	-0.226806264332996	FALSE	down_in_cellobiose
YMR165C	2098.55217920172	0.28688252547657	0.0538221266987782	5.3301967624234	9.81064159862292e-08	2.46714180409445e-07	0.28447974006801	FALSE	up_in_cellobiose
YDR084C	1352.08416332996	-0.331348874308641	0.0621940631878646	-5.32766083006607	9.94856756120256e-08	2.5007870577786e-07	-0.327692827067811	FALSE	down_in_cellobiose
YOR207C	3287.58552679639	0.314574185420344	0.0590868627823427	5.32392769910861	1.01550283040284e-07	2.55162489334291e-07	0.311553638576595	FALSE	up_in_cellobiose
YMR190C	1348.17628048354	0.336058066521128	0.06314570765649	5.3219463205523	1.02662869350406e-07	2.57850927670787e-07	0.332339314148581	FALSE	up_in_cellobiose
YDR282C	741.977885666956	0.412345429226669	0.077485830279089	5.32155915141491	1.02881646784318e-07	2.58293150581799e-07	0.406025977365587	FALSE	up_in_cellobiose
YKL222C	1109.32936550512	-0.393140592079523	0.0738886137258644	-5.32071955684703	1.03357627391692e-07	2.59380469072594e-07	-0.387399166343892	FALSE	down_in_cellobiose
YPL006W	3064.71373723557	-0.258577785390521	0.0486022311034968	-5.32028632265643	1.03604068262724e-07	2.59891084551205e-07	-0.25671242609578	FALSE	down_in_cellobiose
YER032W	1635.92725613424	-0.308651640766324	0.0580444545086454	-5.31750437451957	1.05200156193503e-07	2.63785466276248e-07	-0.305615841815144	FALSE	down_in_cellobiose
YHR057C	2779.86671047084	0.273781267606698	0.0515023148604446	5.31590217543737	1.06130159048185e-07	2.66007128853471e-07	0.271668478478473	FALSE	up_in_cellobiose
YHR118C	1001.6052431673	-0.387196942587554	0.072875732817132	-5.31311216532329	1.07768657149801e-07	2.700020043256e-07	-0.381654089529502	FALSE	down_in_cellobiose
YLR190W	2847.60716147503	-0.359467637566324	0.067661701412789	-5.31271945665823	1.08001240858957e-07	2.70472672759823e-07	-0.354878124864401	FALSE	down_in_cellobiose
YNL192W	6557.46991663789	-0.243186127877424	0.0457770492963187	-5.31240286597022	1.08189096914434e-07	2.70830984328848e-07	-0.24150847345154	FALSE	down_in_cellobiose
YKL210W	12413.4495969805	0.223484331508736	0.0420810772063565	5.31080348568116	1.09142968895747e-07	2.73105782325808e-07	0.222286606925767	FALSE	up_in_cellobiose
YKL164C	21149.1226492082	-0.310953872349327	0.0585974700891536	-5.30660917401765	1.11683280934436e-07	2.79346767200773e-07	-0.307160957060025	FALSE	down_in_cellobiose
YOR185C	4435.43331069173	0.372699353594728	0.0702631006421842	5.30433969164988	1.13081567109975e-07	2.82727291393604e-07	0.367815622115143	FALSE	up_in_cellobiose
YJR088C	3068.28970572025	-0.33116106977891	0.0624855806607245	-5.29979983025207	1.15929709803706e-07	2.8972846483174e-07	-0.327463272823502	FALSE	down_in_cellobiose
YDR137W	1740.97832108582	-0.312206177145269	0.0589102602498096	-5.2996910185315	1.15998818978078e-07	2.89781436257504e-07	-0.309078746674238	FALSE	down_in_cellobiose
YIL043C	10592.7551904133	-0.245612786423306	0.0463471021457399	-5.2994205689704	1.16170761302556e-07	2.90091149611008e-07	-0.243114434976846	FALSE	down_in_cellobiose
YDL236W	3124.09266898563	-0.263444555120226	0.0497130801229497	-5.29930059591315	1.16247114898209e-07	2.9016201027832e-07	-0.261492083688871	FALSE	down_in_cellobiose
YGL121C	8767.02333510179	0.262562667401534	0.0495935363754322	5.29429209108796	1.19478332926454e-07	2.9810435542046e-07	0.260044426158057	FALSE	up_in_cellobiose
YOL011W	2413.20948994537	0.327826562142626	0.0619234568680354	5.29406106705662	1.19629455035186e-07	2.98358327444456e-07	0.324321111968914	FALSE	up_in_cellobiose
YLR061W	15187.7929402421	0.351520771850103	0.0664113757224838	5.29308071133805	1.20272805351877e-07	2.99839211363625e-07	0.347318183830125	FALSE	up_in_cellobiose
YIL126W	4403.50861900117	0.347361834444919	0.0656277291354106	5.29291259991951	1.20383462803032e-07	2.99991422757618e-07	0.343001571461052	FALSE	up_in_cellobiose
YMR099C	4406.80102056784	-0.272305015468675	0.0514542706052949	-5.29217521238466	1.20870004642776e-07	3.01079813871297e-07	-0.270517156839985	FALSE	down_in_cellobiose
YLR404W	700.262117197279	-0.408658551360295	0.0772404363998914	-5.29073333097933	1.2182688796226e-07	3.03338418442054e-07	-0.402251565295243	FALSE	down_in_cellobiose
YGL118C	44.4097113057858	-1.412569828144	0.267227610939925	-5.28601750086953	1.25007939713131e-07	3.11130872174904e-07	-1.33226736191769	FALSE	down_in_cellobiose
YOR144C	1201.48705970313	0.401877524675726	0.0760850608506343	5.28195049307602	1.2781574140644e-07	3.17988319220959e-07	0.395827665891794	FALSE	up_in_cellobiose
YJL076W	5328.01355954246	-0.275572051010688	0.0521887940632012	-5.28029160200496	1.28978449536316e-07	3.20749038978471e-07	-0.273390208940062	FALSE	down_in_cellobiose
YLL032C	850.1487916943	-0.381727594504657	0.0723223682988568	-5.27814013124195	1.30501653502004e-07	3.24403617090061e-07	-0.37632323515621	FALSE	down_in_cellobiose
YIL026C	3034.11841993582	0.277388876767827	0.052556590601439	5.27790850954155	1.30666671466065e-07	3.24680373470321e-07	0.275164003433165	FALSE	up_in_cellobiose
YJL013C	1528.61011353293	0.346799348825551	0.0657149881345029	5.27732498582721	1.3108329599711e-07	3.25581837449906e-07	0.342697309057448	FALSE	up_in_cellobiose
YAL011W	1757.89436804694	0.32738851787022	0.0620453136833201	5.27660347631112	1.31600216763929e-07	3.26731572655271e-07	0.323868335613922	FALSE	up_in_cellobiose
YDL244W	1375.78228277086	-0.555917758895075	0.105468500200464	-5.27093642024342	1.35729484639597e-07	3.36845270045253e-07	-0.542341260847628	FALSE	down_in_cellobiose
YPR149W	14923.6543721685	-0.429950667911475	0.0816204124245623	-5.26768555977167	1.3815448472189e-07	3.42722856274812e-07	-0.422302087249544	FALSE	down_in_cellobiose
YML051W	2481.52818869521	-0.288961558463896	0.054873104088895	-5.26599621548246	1.39431156318739e-07	3.45748107181523e-07	-0.286365988372915	FALSE	down_in_cellobiose
YCL044C	1359.89748554984	0.374110988899557	0.0710957708541116	5.26207092778038	1.42441792100937e-07	3.5306883550265e-07	0.369056982227709	FALSE	up_in_cellobiose
YPR194C	1659.01819493482	0.357160221899459	0.0679713439514996	5.25457054599814	1.48370267670461e-07	3.67613018791868e-07	0.352703001761033	FALSE	up_in_cellobiose
YDL154W	529.703022539858	-0.449338499705935	0.0855219041138989	-5.25407501577025	1.48770239409192e-07	3.68453074507285e-07	-0.441083180367509	FALSE	down_in_cellobiose
YDR229W	3318.16413636983	0.266727359227684	0.0507744254888325	5.2531832051226	1.49492701177957e-07	3.70090813231388e-07	0.264706007060456	FALSE	up_in_cellobiose
YGL194C	831.483270654644	-0.379870295988284	0.0723179613451433	-5.25277937766141	1.49820959502307e-07	3.70751703383778e-07	-0.374473307569266	FALSE	down_in_cellobiose
YER056C	25445.9419924135	0.518943920528761	0.0988038430145453	5.25226453441052	1.50240469994501e-07	3.71637776084556e-07	0.496691395435244	FALSE	up_in_cellobiose
YGL237C	1625.32636860308	0.366140525852522	0.0697306107412376	5.25078616063221	1.51451419870479e-07	3.7448004389888e-07	0.361350208079314	FALSE	up_in_cellobiose
YDL241W	311.503103776196	-0.643380090487098	0.12257404648903	-5.2489096094635	1.53002121203988e-07	3.78159717630454e-07	-0.62422777761761	FALSE	down_in_cellobiose
YHR039C-A	12312.8952042172	-0.287295863567592	0.0547535186363048	-5.24707581764615	1.54532315958661e-07	3.8178572178022e-07	-0.284697647738493	FALSE	down_in_cellobiose
YKR031C	2789.58152072592	0.303697350238011	0.0579987406482899	5.23627490603049	1.63849851177465e-07	4.0464022046603e-07	0.300684898727066	FALSE	up_in_cellobiose
YPR052C	4377.08537927499	0.362168867561847	0.0692160692181868	5.23243910919295	1.67287768783455e-07	4.129618063683e-07	0.357638887268197	FALSE	up_in_cellobiose
YDR347W	2414.36713672886	0.390419258096401	0.0746421268407918	5.23054841308511	1.6900790712497e-07	4.17037871192092e-07	0.384728490626069	FALSE	up_in_cellobiose
YBR123C	2007.09344202349	-0.276373393585704	0.0528479468029349	-5.22959566653129	1.69881175000795e-07	4.19021756282548e-07	-0.274052834311852	FALSE	down_in_cellobiose
YLR241W	3849.07652146825	-0.359162541141019	0.0687757844216186	-5.22222384174104	1.76787085731547e-07	4.35877820833427e-07	-0.35444394648571	FALSE	down_in_cellobiose
YER162C	2585.80312427137	-0.270624598215255	0.0518234763332806	-5.22204640373503	1.76956609459632e-07	4.36118000819826e-07	-0.268421834096614	FALSE	down_in_cellobiose
YAL025C	3131.41273523082	0.362218656470642	0.0693824607705315	5.22060838500103	1.78336298134195e-07	4.39339279476827e-07	0.357561706921528	FALSE	up_in_cellobiose
YNL330C	3531.75103065262	-0.242404436295445	0.0464469748083353	-5.21894993798269	1.79940388104632e-07	4.4311053227069e-07	-0.241108220058949	FALSE	down_in_cellobiose
YKL006C-A	1391.67639419548	0.309604324809706	0.0593651212716448	5.21525633533213	1.83563212167031e-07	4.51847906872692e-07	0.306091267086784	FALSE	up_in_cellobiose
YGL171W	1674.60442205942	0.386410958576271	0.0740994135971225	5.2147640557209	1.84051351396121e-07	4.52865164053595e-07	0.380862142215364	FALSE	up_in_cellobiose
YOL018C	2549.1806159799	-0.33270543751161	0.0638340815706666	-5.21203453273301	1.86780768567004e-07	4.59394098533242e-07	-0.328826119348359	FALSE	down_in_cellobiose
YDL183C	1068.15480372671	-0.463779131411755	0.0889934713022234	-5.21138376361062	1.87437265796095e-07	4.60821375420643e-07	-0.454622223191459	FALSE	down_in_cellobiose
YLR100W	4457.00771417261	-0.42679094435034	0.0819322128936789	-5.20907380964034	1.89785610296479e-07	4.66405270651403e-07	-0.419116200233472	FALSE	down_in_cellobiose
NR_172474.1	325.170012163015	0.537658055940417	0.103263016871437	5.20668553205067	1.92243473885467e-07	4.72253667773884e-07	0.524654706379656	FALSE	up_in_cellobiose
YGL086W	1921.79692932781	0.315935022483756	0.0608022981840485	5.19610330398074	2.0350919766932e-07	4.99725386725152e-07	0.312638246680348	FALSE	up_in_cellobiose
YIL087C	2168.20616122594	0.365613676823098	0.0703703273573772	5.19556595163073	2.04097961303518e-07	5.00967723199544e-07	0.360796678165101	FALSE	up_in_cellobiose
YPL043W	4092.52198555463	0.317469306360818	0.0611089217406687	5.19513840725386	2.04567586704444e-07	5.0191674011703e-07	0.314143990529559	FALSE	up_in_cellobiose
YDL122W	4776.55529178233	0.31612439732246	0.0608885810862864	5.19185028921062	2.08214402896389e-07	5.10657221702092e-07	0.312832905605258	FALSE	up_in_cellobiose
Q0055	18.4706678421505	2.40811649449279	0.463859878740093	5.19147398786367	2.08635739376707e-07	5.11483158390888e-07	2.24017768209493	FALSE	up_in_cellobiose
YHR088W	2603.52930110168	0.418670825251623	0.0806685940122825	5.19001019390367	2.1028256811614e-07	5.15311576971806e-07	0.411685110679778	FALSE	up_in_cellobiose
YCL058C	1286.96656371671	0.373042730814182	0.0718933868520106	5.18883234117311	2.11616815291425e-07	5.18371202463562e-07	0.367849197425351	FALSE	up_in_cellobiose
YDL149W	1637.89507765413	0.32955808203189	0.063546416115839	5.18610021108252	2.14743288624827e-07	5.25816765021439e-07	0.325875751832426	FALSE	up_in_cellobiose
YPR046W	617.034606131188	-0.498609610914632	0.0961947066079809	-5.18333730094525	2.17950358374549e-07	5.33453568372833e-07	-0.487667865365893	FALSE	down_in_cellobiose
YJL186W	1922.60980724987	-0.299698000557179	0.0578749652966772	-5.17837028533624	2.23832623627623e-07	5.47629331593797e-07	-0.296702711478196	FALSE	down_in_cellobiose
YLR216C	5702.43557658514	0.316501551103898	0.061150208534467	5.175804934917	2.26930458081257e-07	5.54983991296176e-07	0.313335733818886	FALSE	up_in_cellobiose
YHR132C	4271.87193307202	-0.238064330279242	0.0460093334749618	-5.17426166168646	2.28813978482517e-07	5.59364164051036e-07	-0.236531043411539	FALSE	down_in_cellobiose
YDR335W	4735.92734490515	0.236183681377984	0.0456674609905443	5.1718154733167	2.31830464740467e-07	5.66509353838523e-07	0.234680213327674	FALSE	up_in_cellobiose
YGL140C	2930.86283773429	-0.289851111687031	0.0560513665218215	-5.1711694053737	2.32633547122202e-07	5.68242202340501e-07	-0.287141835512123	FALSE	down_in_cellobiose
YKL122C	2895.64103992798	0.290877976275984	0.0562637833654334	5.16989720344135	2.34222798095019e-07	5.71893210689816e-07	0.288299425160039	FALSE	up_in_cellobiose
YBR084C-A	27206.0271888096	0.257380674588575	0.0498163052644089	5.16659501788584	2.38397034713091e-07	5.81850389808223e-07	0.255542650635566	FALSE	up_in_cellobiose
YKR062W	2078.882411428	-0.278720565833355	0.0540183959454075	-5.15973421563716	2.47300668450405e-07	6.03337814759196e-07	-0.276212209267259	FALSE	down_in_cellobiose
YPR127W	4026.43627046941	0.266373761987849	0.0516348063343096	5.15880238347775	2.48534461089553e-07	6.06103395431298e-07	0.264545438453794	FALSE	up_in_cellobiose
YNR003C	1192.14154350239	-0.318860308032698	0.0618119012633743	-5.1585584897974	2.48858369158985e-07	6.0664869676483e-07	-0.315345174547517	FALSE	down_in_cellobiose
YBR015C	3703.93099311665	0.239575672502289	0.0464458395045558	5.15817293987742	2.49371238757365e-07	6.07654009671452e-07	0.238021758121277	FALSE	up_in_cellobiose
YPL263C	2160.33309588183	-0.306554241800753	0.0594340875053539	-5.15788589793926	2.49753733107069e-07	6.08340949589832e-07	-0.303390648049613	FALSE	down_in_cellobiose
YHR012W	2074.50231619861	-0.281503928581858	0.0545902313037397	-5.15667220780897	2.513772952273e-07	6.12049066640383e-07	-0.27899517058759	FALSE	down_in_cellobiose
YOL132W	1050.29623502718	-0.480420941558224	0.0931780100485685	-5.15594764588563	2.52351402041117e-07	6.14173553136691e-07	-0.470150419734289	FALSE	down_in_cellobiose
YHL006C	400.981065640281	0.496614550746681	0.0963460618244231	5.15448728617148	2.54325814178208e-07	6.1872989708359e-07	0.485839452928939	FALSE	up_in_cellobiose
YOL069W	770.348825079062	-0.456654940534279	0.0886250614294095	-5.1526614838852	2.56815303963069e-07	6.24284147254277e-07	-0.447716287117391	FALSE	down_in_cellobiose
YGL122C	5639.80361344427	-0.314903433766308	0.0611146880535787	-5.15266368520502	2.56812288327992e-07	6.24284147254277e-07	-0.311451883320474	FALSE	down_in_cellobiose
YLR132C	303.148068397756	-0.592562004314923	0.115018405495089	-5.15188853265943	2.57876303720617e-07	6.26611444315907e-07	-0.575996610502505	FALSE	down_in_cellobiose
YHR056C	6589.016112212	0.217312668794758	0.0422124561208503	5.14806975866583	2.63180623492677e-07	6.39243538507513e-07	0.215890935610769	FALSE	up_in_cellobiose
YPL216W	1589.73495838949	-0.326704669538498	0.0635198132573555	-5.14335059857353	2.69881290424416e-07	6.55255738453178e-07	-0.322926597324213	FALSE	down_in_cellobiose
YIL049W	733.834669111194	-0.406787407007141	0.0791279980568642	-5.14087828577199	2.73457163223493e-07	6.6367131748623e-07	-0.400075450678249	FALSE	down_in_cellobiose
YGR170W	2605.72110512001	-0.254407649297947	0.0494913636936495	-5.1404453284562	2.74088069072139e-07	6.64935676593781e-07	-0.252504321723299	FALSE	down_in_cellobiose
YJL140W	5191.01233888075	-0.28227066363554	0.0549155575677076	-5.1400855447478	2.74613415550632e-07	6.6594303819175e-07	-0.279718873280469	FALSE	down_in_cellobiose
YOL034W	1783.28586788798	0.311094398029126	0.0605273517900654	5.13973251478331	2.75129845605882e-07	6.66927978446644e-07	0.307860544069318	FALSE	up_in_cellobiose
YNCG0047C	450.793765181496	-0.487921225796489	0.0949537147718258	-5.1385164547692	2.76915949535529e-07	6.70988646951475e-07	-0.477507920510615	FALSE	down_in_cellobiose
YKL039W	2967.92390832015	-0.259826347355117	0.0505835769710393	-5.13657520708502	2.79790411496696e-07	6.77682182111341e-07	-0.257725613541698	FALSE	down_in_cellobiose
YKR020W	1317.63123784734	-0.358907511225133	0.0699328402448548	-5.13217409686916	2.86414382049297e-07	6.93448431799099e-07	-0.354044658726498	FALSE	down_in_cellobiose
YNL075W	2520.00292369959	0.290823983377916	0.0566677952367368	5.13208573163933	2.86548916331076e-07	6.9349653700294e-07	0.288128343163992	FALSE	up_in_cellobiose
YER128W	1004.73353796461	-0.335045834920033	0.0653072224695933	-5.13030293205363	2.89276264727503e-07	6.99817139628776e-07	-0.330987903873949	FALSE	down_in_cellobiose
YLR085C	1578.09302862293	-0.329731497148664	0.0642829929567446	-5.12937375785438	2.90707646637429e-07	7.02998739249569e-07	-0.32583799776022	FALSE	down_in_cellobiose
YOR193W	1154.71974952401	-0.341600346479091	0.06660569334857	-5.12869590128552	2.91756189011553e-07	7.052523705603e-07	-0.33732415730117	FALSE	down_in_cellobiose
YPL168W	1442.78618424789	-0.369900988774337	0.0721359090294163	-5.12783430265633	2.93094224875733e-07	7.08203704374125e-07	-0.364621045000719	FALSE	down_in_cellobiose
YOR099W	8660.42849684417	-0.247407058923927	0.0482517913249062	-5.12741707883956	2.93744288073316e-07	7.09490996113185e-07	-0.246189335679833	FALSE	down_in_cellobiose
YPR164W	2458.61212960953	0.307498253797574	0.0599753977394691	5.12707318979917	2.94281137170701e-07	7.10503919204951e-07	0.304487732411666	FALSE	up_in_cellobiose
YDR081C	2709.16768675678	-0.27481787649261	0.0536059304765783	-5.12663196122833	2.94971331909074e-07	7.1188611946771e-07	-0.272276667752361	FALSE	down_in_cellobiose
YMR290C	3126.58994830963	0.438982229651347	0.0856314344661385	5.12641452742375	2.95312028877071e-07	7.12424072855416e-07	0.430984460462335	FALSE	up_in_cellobiose
YPL093W	7615.18731380309	0.431964326388267	0.0842876596845051	5.12488219515338	2.97723837785848e-07	7.17956049014677e-07	0.42411193668855	FALSE	up_in_cellobiose
YNCA0003W	160.299405290342	0.741383250422666	0.144678406289661	5.12435317360588	2.98560897539244e-07	7.19687647794878e-07	0.714475978297242	FALSE	up_in_cellobiose
YPL011C	1854.55024375382	-0.284809499724091	0.0556072036038234	-5.12180942874294	3.02617648321931e-07	7.29118729750192e-07	-0.282053932554616	FALSE	down_in_cellobiose
YOL059W	6260.90454796855	-0.276426187991863	0.0539710519898804	-5.12174911920734	3.02714472619499e-07	7.29118729750192e-07	-0.274003998449653	FALSE	down_in_cellobiose
YMR289W	1957.26796636651	0.326337842706147	0.0637373829319078	5.12003831495218	3.05473586678741e-07	7.35471437990855e-07	0.322629395666203	FALSE	up_in_cellobiose
YNL021W	1872.31829606625	-0.297078046855729	0.0580280158076958	-5.11956238242304	3.06245457909621e-07	7.37036422378587e-07	-0.294113762553409	FALSE	down_in_cellobiose
YIL156W-B	1294.87769857237	0.351619872486727	0.0687246447388689	5.1163578047259	3.11491912558562e-07	7.49364792026325e-07	0.347084821445776	FALSE	up_in_cellobiose
YPL164C	1336.30654082332	0.36639701989031	0.0716305153338831	5.11509680172572	3.13580097811417e-07	7.54088441973538e-07	0.361338741658547	FALSE	up_in_cellobiose
YLR173W	1647.57195684101	0.343038864561037	0.06707468829472	5.11428190398375	3.1493672779294e-07	7.57049813073014e-07	0.338819177372615	FALSE	up_in_cellobiose
YBR239C	1297.88367986739	-0.377755699204901	0.0738755630556727	-5.11340534785804	3.16402331365544e-07	7.60270679419471e-07	-0.372114965685543	FALSE	down_in_cellobiose
YGR193C	4071.46788672059	-0.285730313707123	0.0558847517161472	-5.11284930026028	3.17335455192604e-07	7.62210021050385e-07	-0.283141682100806	FALSE	down_in_cellobiose
YHR191C	667.022652869491	-0.398653249962661	0.0780703433206723	-5.10633401886298	3.2846886579302e-07	7.88638229581653e-07	-0.392199558035888	FALSE	down_in_cellobiose
YPL226W	10395.548657392	0.295049145785622	0.0577965824534297	5.10495834288058	3.30867393164317e-07	7.94081743594362e-07	0.29241523221813	FALSE	up_in_cellobiose
YGR169C	796.195338642824	0.377519568530444	0.0739803376955022	5.10297168531843	3.34361044795548e-07	8.02148194733627e-07	0.37202152901118	FALSE	up_in_cellobiose
YJL162C	1213.27138399733	-0.340597965761392	0.0667656165512655	-5.10139774564751	3.37154164582876e-07	8.08528305867261e-07	-0.336307204088968	FALSE	down_in_cellobiose
YBR249C	15560.4456217373	-0.27962165986158	0.0548544706582998	-5.09751815131721	3.44135427236876e-07	8.24942950427516e-07	-0.276964668500258	FALSE	down_in_cellobiose
YDR022C	1226.29976357852	-0.323038534471162	0.0634610937976298	-5.09033984666724	3.57422341738905e-07	8.56454169111291e-07	-0.319297998883232	FALSE	down_in_cellobiose
YDR055W	9312.09031995508	-0.335421423315618	0.0660038221463091	-5.08184848101823	3.73779519953006e-07	8.95294469970605e-07	-0.332894791276922	FALSE	down_in_cellobiose
YDL012C	1890.59210263453	-0.281117717128758	0.0553433832250352	-5.07951810581741	3.78393462653248e-07	9.05987197991625e-07	-0.278455030369685	FALSE	down_in_cellobiose
YPL138C	1787.43418003661	-0.300939668474858	0.0592625763597699	-5.07807265495716	3.81282898842238e-07	9.12544112464524e-07	-0.297828013002696	FALSE	down_in_cellobiose
YMR115W	1853.92451116653	0.318905135913358	0.0628113363877643	5.07719074697925	3.83056266909404e-07	9.16425752479459e-07	0.315283895933885	FALSE	up_in_cellobiose
YLR141W	899.825366394882	0.374648939197507	0.0738390776339642	5.07385724744181	3.89831551765181e-07	9.32266202086128e-07	0.369107233054966	FALSE	up_in_cellobiose
YDR332W	1376.73022858497	0.301347663349708	0.0594012294032929	5.07308798785573	3.91411403195295e-07	9.3567437412061e-07	0.298337922606278	FALSE	up_in_cellobiose
YAR023C	474.823564789046	-0.436611724007461	0.0860677572368288	-5.07288371423524	3.91831963086547e-07	9.36309645494839e-07	-0.428376363917286	FALSE	down_in_cellobiose
YLR370C	3955.92667739737	0.278869995876831	0.0549743805937043	5.07272647486214	3.92155985529188e-07	9.36713823254554e-07	0.276412071014835	FALSE	up_in_cellobiose
YBL067C	2770.48239963569	0.303232219893831	0.0597786838376293	5.0725810678179	3.92455855243993e-07	9.37060012836823e-07	0.30016109800693	FALSE	up_in_cellobiose
YMR001C	2713.86681895763	-0.347702192293963	0.0685993224416298	-5.06859513940269	4.00762651184545e-07	9.56516382937698e-07	-0.343119496914137	FALSE	down_in_cellobiose
YMR193W	1642.00767588851	0.342675406866286	0.0676473258322295	5.0656164549083	4.07080820532349e-07	9.71212939873629e-07	0.338383043623615	FALSE	up_in_cellobiose
YBL026W	1386.89030769666	0.307532764302973	0.0607978681686773	5.05828203465548	4.23050432862348e-07	1.00891522789885e-06	0.303594185117751	FALSE	up_in_cellobiose
YDR532C	1366.99580023998	0.328344240969284	0.0649350973865044	5.05649878393075	4.27023592014103e-07	1.0179892331499e-06	0.324478543248737	FALSE	up_in_cellobiose
YIL095W	1647.90739293215	-0.296548651878527	0.0586528579244075	-5.05599662783222	4.28148897765136e-07	1.01991437135952e-06	-0.293538131677463	FALSE	down_in_cellobiose
YML067C	2726.85383448148	-0.273390837104338	0.0540726839076673	-5.05598792860312	4.28168417473847e-07	1.01991437135952e-06	-0.270879396004488	FALSE	down_in_cellobiose
YML016C	3082.40903249894	-0.260017789944622	0.0514319255815758	-5.05557174856715	4.29103264062842e-07	1.02173879568979e-06	-0.257757569919124	FALSE	down_in_cellobiose
YGR061C	12342.7753646754	-0.264567037388685	0.0523596169704801	-5.05288336119505	4.35189683896328e-07	1.03582337985242e-06	-0.262390623971674	FALSE	down_in_cellobiose
YGR119C	4904.85268585223	-0.2253949865917	0.0446204437461761	-5.05138379783631	4.38620741737163e-07	1.04357916838173e-06	-0.223984040307223	FALSE	down_in_cellobiose
YML121W	3433.09859005041	-0.282007747203662	0.0558509149428355	-5.04929502931694	4.43443443155088e-07	1.05463859386629e-06	-0.279327452435763	FALSE	down_in_cellobiose
YLR108C	668.609084861421	-0.394720433016838	0.0782920032761365	-5.04164431231444	4.61548587604315e-07	1.09726088187169e-06	-0.388271168414653	FALSE	down_in_cellobiose
YDR386W	1450.56100587746	-0.326710650167246	0.0648033537455175	-5.0415700929652	4.61727669372262e-07	1.09726088187169e-06	-0.322792430278869	FALSE	down_in_cellobiose
YDR125C	623.15185882541	-0.438087387437149	0.0869117850872405	-5.04059819962741	4.64078917406978e-07	1.10241527591414e-06	-0.429684037076938	FALSE	down_in_cellobiose
YLR316C	1840.40962367937	-0.318392702557324	0.0632217950489199	-5.03612246869861	4.7505668176308e-07	1.12804978849749e-06	-0.314603772838455	FALSE	down_in_cellobiose
YOR168W	5939.75614514955	0.246414554964991	0.0489513294572313	5.03386849136106	4.80679488616562e-07	1.14095351144151e-06	0.244616042502554	FALSE	up_in_cellobiose
YOL116W	898.599697755779	-0.389843682437203	0.0774847778777496	-5.03122926998995	4.87344929402355e-07	1.15632096234815e-06	-0.38356572665877	FALSE	down_in_cellobiose
YLR203C	2396.7178715159	0.282742214944978	0.0562124454685076	5.02988639950527	4.90770521879738e-07	1.16399220248182e-06	0.279958859653751	FALSE	up_in_cellobiose
YKR085C	1733.63933108467	0.290845469842023	0.0578437607049548	5.02812172475344	4.95307439419695e-07	1.17429219663282e-06	0.288037715748779	FALSE	up_in_cellobiose
YBR114W	1990.98082516297	-0.482405433278011	0.095960488903546	-5.02712563045502	4.97886194971792e-07	1.17994345893001e-06	-0.47165223123537	FALSE	down_in_cellobiose
YNL169C	2622.31726282832	-0.374882696105879	0.0746214956307819	-5.02378963242379	5.06617284319465e-07	1.20016503547361e-06	-0.369187932195803	FALSE	down_in_cellobiose
YDR319C	1653.42838570167	-0.33251882481837	0.0661981936954069	-5.02308003067825	5.08493430130997e-07	1.20413792695077e-06	-0.328037726700343	FALSE	down_in_cellobiose
YLR380W	3997.43289652929	0.270211305564352	0.0538253762407145	5.02014708370881	5.16319294833232e-07	1.22219142667373e-06	0.267871493830772	FALSE	up_in_cellobiose
YOR208W	1933.35362975161	0.274290032780913	0.0546389560021001	5.0200452726507	5.16593028364801e-07	1.22236096852516e-06	0.271903854211975	FALSE	up_in_cellobiose
YKL142W	5881.15082162271	0.31483681918159	0.0627237416757271	5.01942025093548	5.18276557412445e-07	1.22586492734864e-06	0.311085163422368	FALSE	up_in_cellobiose
YGR072W	2668.80084609564	0.33438954089822	0.0667073550240197	5.012783684465	5.36481967392445e-07	1.26842960859637e-06	0.330271359802897	FALSE	up_in_cellobiose
YFL047W	2889.18004832238	-0.247286819096158	0.049339849420124	-5.01190867022181	5.38927829740458e-07	1.273714542505e-06	-0.245435613740388	FALSE	down_in_cellobiose
YGR221C	1552.06711759183	0.37108705825082	0.0740496764011156	5.01132585969314	5.40562878460776e-07	1.27707980036358e-06	0.365599923538861	FALSE	up_in_cellobiose
YMR172W	2568.17612272679	-0.263655647657208	0.0526271575405892	-5.00987816896365	5.44645032189992e-07	1.28622145829171e-06	-0.261426982099468	FALSE	down_in_cellobiose
YMR022W	3299.13674384066	-0.256662774049773	0.0512743112488095	-5.00567960443803	5.56652813577276e-07	1.31406565828078e-06	-0.254524136478689	FALSE	down_in_cellobiose
YLR308W	211.008286536688	1.06425731179007	0.212721085629545	5.00306449941442	5.64260510579142e-07	1.33150509870568e-06	1.00799064126841	FALSE	up_in_cellobiose
YJR069C	1156.99507450954	-0.404544539605077	0.080872166359688	-5.00227158260878	5.6658695033378e-07	1.33647343042851e-06	-0.39755151504061	FALSE	down_in_cellobiose
YMR209C	1686.92641467277	-0.299454453524244	0.0598898775183991	-5.00008458745382	5.73051681302274e-07	1.35119554328115e-06	-0.296266962332966	FALSE	down_in_cellobiose
YCR009C	4163.42826381928	-0.250671608494268	0.0501394645565526	-4.99948714473276	5.74830044420519e-07	1.35486052558663e-06	-0.248587580558966	FALSE	down_in_cellobiose
YCR095C	1600.32645945268	-0.33014197984731	0.0660622266142107	-4.99743948649005	5.80965611186899e-07	1.36878847544151e-06	-0.326030057488972	FALSE	down_in_cellobiose
YML003W	549.918385273628	-0.425636611064841	0.0852401685540065	-4.99338068290146	5.93314461146763e-07	1.39733873092509e-06	-0.417662365551509	FALSE	down_in_cellobiose
YNL088W	4101.92625329204	-0.249273613370867	0.0499687938259173	-4.98858576093099	6.08229093743732e-07	1.43190718527135e-06	-0.247356191732073	FALSE	down_in_cellobiose
YML097C	2220.76156569072	-0.255743069298674	0.0512971905742935	-4.98551804563805	6.17960109672308e-07	1.45425009466853e-06	-0.253725085664216	FALSE	down_in_cellobiose
YDL060W	3325.13946741573	0.302404371127154	0.0606919854786066	4.98260797933112	6.27329625555593e-07	1.47572523351234e-06	0.299098926261639	FALSE	up_in_cellobiose
YGL254W	987.625095142356	0.33238285093638	0.066714267591379	4.98218541455338	6.2870148686243e-07	1.47837736879626e-06	0.328271374985207	FALSE	up_in_cellobiose
YMR017W	459.889496799634	-0.509486367157533	0.102318137129084	-4.97943357309926	6.37706355743764e-07	1.49896931190761e-06	-0.497011234440946	FALSE	down_in_cellobiose
YKR018C	5952.87997940643	0.247930579737774	0.0498771824180815	4.970821680735	6.66697465735592e-07	1.56650593347664e-06	0.246122076699728	FALSE	up_in_cellobiose
YKL165C	2982.03783322142	-0.524736316205787	0.105621743013404	-4.96807097890055	6.76222126973528e-07	1.58826851414986e-06	-0.511214703949553	FALSE	down_in_cellobiose
YPL077C	772.374275537512	-0.387306503283801	0.0779608162248987	-4.9679636776315	6.76596316193947e-07	1.58853048149883e-06	-0.380969077279309	FALSE	down_in_cellobiose
YEL021W	14356.2385483152	0.534453488197489	0.107588566965169	4.96756768189424	6.77978990605682e-07	1.59115907457632e-06	0.513569914204054	FALSE	up_in_cellobiose
YER103W	7037.61723315353	0.439832682390074	0.0885652930747866	4.96619688277516	6.82786384482191e-07	1.60182003620958e-06	0.431272979895272	FALSE	up_in_cellobiose
YJL005W	3567.81419572899	0.243167154861126	0.0490066926746644	4.96191727271648	6.98007258997682e-07	1.63689333168592e-06	0.241435999041572	FALSE	up_in_cellobiose
YKL090W	1139.46006213835	-0.364944108337673	0.0735558732306273	-4.96145436535606	6.99673096501695e-07	1.64016390993886e-06	-0.359507034402943	FALSE	down_in_cellobiose
YCR011C	3854.73553002327	-0.244472908766463	0.0492830924668719	-4.96058377283848	7.02816429195612e-07	1.6468941355192e-06	-0.242754665678188	FALSE	down_in_cellobiose
YNL037C	9345.47324466277	-0.261886360283229	0.0527994625042773	-4.96001943697842	7.04861265632981e-07	1.6510460629544e-06	-0.25965016326462	FALSE	down_in_cellobiose
YLR210W	1146.51358359599	-0.329504613492978	0.0664626316701482	-4.95774249699137	7.131699934749e-07	1.66986144813635e-06	-0.325351228618001	FALSE	down_in_cellobiose
YJL074C	1942.99129045472	0.326950166920555	0.0660776347719627	4.94797018762666	7.49913909862998e-07	1.75453745719591e-06	0.323002763873392	FALSE	up_in_cellobiose
YHR028C	4702.71810967638	-0.236800257912686	0.0478577073864489	-4.94800672335877	7.49773197887762e-07	1.75453745719591e-06	-0.235116469000941	FALSE	down_in_cellobiose
YKL089W	1156.12820694861	-0.311962073368349	0.0630510916868421	-4.94776640692887	7.50699207897219e-07	1.75569559526774e-06	-0.308666549648292	FALSE	down_in_cellobiose
YHL034C	14108.9192591892	0.244441864872456	0.0494194002939936	4.94627339502873	7.56476955532498e-07	1.76852440164691e-06	0.242675541936351	FALSE	up_in_cellobiose
YLR211C	1491.28879093911	-0.315088346704084	0.0637258243214493	-4.9444373620763	7.63640893533355e-07	1.78458273728351e-06	-0.311413311654894	FALSE	down_in_cellobiose
YNL108C	1426.4810945985	-0.315418412789133	0.0638137459707504	-4.94279732353759	7.70095314756441e-07	1.79897121036962e-06	-0.311697264356752	FALSE	down_in_cellobiose
YNL181W	1488.62361774495	0.289424925433817	0.0585563833414579	4.94267078870126	7.70595474183884e-07	1.79944456674291e-06	0.286559842180228	FALSE	up_in_cellobiose
YBR287W	2647.778180427	-0.278486735608391	0.056365747388591	-4.94070864861378	7.78391468741262e-07	1.81694774332194e-06	-0.275772799710247	FALSE	down_in_cellobiose
YNL190W	8592.37580721204	-0.217216780831665	0.0439792352711196	-4.93907589553536	7.84936600760753e-07	1.83151873510842e-06	-0.215895400688158	FALSE	down_in_cellobiose
YDR130C	1248.38344390543	-0.324837046752042	0.0657788835526613	-4.93831803168237	7.87992593186963e-07	1.8379403021962e-06	-0.320800428283214	FALSE	down_in_cellobiose
YCR027C	841.825562474821	-0.353340915078312	0.0715529987056386	-4.93817060738318	7.88588393499585e-07	1.8386208958695e-06	-0.348291916309685	FALSE	down_in_cellobiose
YHR114W	2394.94980821204	0.258059718550405	0.0522664121590988	4.93739110625906	7.9174588774876e-07	1.84527134069538e-06	0.255981087183829	FALSE	up_in_cellobiose
YJR124C	1890.53471584284	-0.279932127162792	0.0567087402619832	-4.93631362413556	7.96130458146655e-07	1.8547754279164e-06	-0.277229069693722	FALSE	down_in_cellobiose
YHR188C	3540.3890871634	-0.249456483168609	0.0505396360854138	-4.93585831815288	7.97990244194796e-07	1.85839237462076e-06	-0.247489218782694	FALSE	down_in_cellobiose
YPR134W	1307.11450077223	-0.320510617660731	0.0649743258053736	-4.93288100627314	8.10255207511718e-07	1.88622921286793e-06	-0.316461579014277	FALSE	down_in_cellobiose
YPR107C	1030.79467454909	-0.357772508282068	0.0725397581349417	-4.93208851918865	8.13550311668421e-07	1.89317132934614e-06	-0.352546891459764	FALSE	down_in_cellobiose
YJL099W	1753.86472479535	-0.319496133012572	0.0647916021383627	-4.93113493829473	8.17532342501652e-07	1.90170600286538e-06	-0.315615728198492	FALSE	down_in_cellobiose
YJL206C	1070.6810309952	-0.351216270897426	0.0712382676083789	-4.93016299649764	8.21610360750881e-07	1.91045730942765e-06	-0.346241011524043	FALSE	down_in_cellobiose
YBR074W	2106.99518798876	-0.284317690556565	0.0577007410126919	-4.92745301995387	8.33084458455232e-07	1.93639308406504e-06	-0.281490158262764	FALSE	down_in_cellobiose
YER065C	3125.37771159908	0.297233003325443	0.0603374535062491	4.92617745783154	8.38538481696537e-07	1.94832145113356e-06	0.294202629450531	FALSE	up_in_cellobiose
YDR142C	1592.29040200028	0.286290388394954	0.0581383646037023	4.92429380059863	8.46655516097504e-07	1.96642571480711e-06	0.283502916298687	FALSE	up_in_cellobiose
YKL037W	211.209557396461	-0.605407493991425	0.122945223790362	-4.9242050673211	8.47039744801052e-07	1.96656290846709e-06	-0.586392986742658	FALSE	down_in_cellobiose
YOL087C	4297.20488031647	0.24037218109773	0.0488239053622312	4.92324772699719	8.51195868931258e-07	1.97545380479518e-06	0.238656126447498	FALSE	up_in_cellobiose
YNL307C	4283.38668322755	-0.248935701671268	0.0505765298784142	-4.92196088323396	8.56813425308793e-07	1.9877282686105e-06	-0.247069466415571	FALSE	down_in_cellobiose
YOR231W	2171.16428991846	-0.271170474261459	0.0551179089845154	-4.9198251395502	8.6621563296202e-07	2.00876999545794e-06	-0.268668440580889	FALSE	down_in_cellobiose
YER144C	1517.78175183941	-0.297762773707948	0.0605341011325731	-4.91892616123646	8.70202856861726e-07	2.01724295833642e-06	-0.294575424181943	FALSE	down_in_cellobiose
YGL084C	1964.89483348567	-0.313737380953926	0.0637838242183413	-4.91876090527211	8.70937734458536e-07	2.01817295709013e-06	-0.310012200383288	FALSE	down_in_cellobiose
YLR264C-A	1082.03327410933	0.340012494924414	0.0691633719862598	4.91607747221986	8.82954675238226e-07	2.0452354943856e-06	0.335520973834984	FALSE	up_in_cellobiose
YIL122W	1621.96270292126	0.298853346080174	0.0608095580142967	4.91457849455034	8.8973672990079e-07	2.06015610353751e-06	0.295709499620851	FALSE	up_in_cellobiose
YDR337W	1836.31071515616	0.266820231621064	0.054313979769291	4.91255166265543	8.98986846964124e-07	2.08077782259434e-06	0.264493073384749	FALSE	up_in_cellobiose
YOR341W	4791.84146009419	0.329816069780784	0.0671645237345454	4.91056961982366	9.08122065112947e-07	2.10111792264847e-06	0.325670479412511	FALSE	up_in_cellobiose
YNL153C	2182.47873299803	-0.341169362559445	0.0694794492334142	-4.9103636589475	9.09076447262317e-07	2.10252174112524e-06	-0.336531324264814	FALSE	down_in_cellobiose
YDR225W	26959.2616450976	-0.306816187056287	0.0624863173676753	-4.91013392981622	9.10142106159454e-07	2.10418175002002e-06	-0.303305145826853	FALSE	down_in_cellobiose
YHR125W	110.673841606366	-0.819228699792398	0.166889888308691	-4.90879769945736	9.16364446621746e-07	2.11775780403833e-06	-0.782943105092723	FALSE	down_in_cellobiose
YDL213C	2678.79155708787	0.310936266694283	0.0633553565874785	4.90781337904641	9.20974247626826e-07	2.12759826189727e-06	0.307417653545862	FALSE	up_in_cellobiose
YKL157W	7844.76254105291	0.221938281015909	0.045239079010906	4.90589742029021	9.30011235615322e-07	2.1476548121426e-06	0.22057208417659	FALSE	up_in_cellobiose
YPR049C	2109.85179735362	0.299980265435439	0.0611619492927807	4.90468778225889	9.35760627134607e-07	2.16010697439317e-06	0.296744037567551	FALSE	up_in_cellobiose
YFR021W	1467.64129680238	-0.327218008426578	0.0667471446228666	-4.90235215716595	9.4695879249351e-07	2.18512276879082e-06	-0.323063913953387	FALSE	down_in_cellobiose
YDR249C	723.72230663732	-0.42467397305143	0.0866764080087915	-4.89953359636633	9.60644235097108e-07	2.21585672534985e-06	-0.41643275921218	FALSE	down_in_cellobiose
YGR247W	747.549767480571	-0.415859977472491	0.0848819675478748	-4.89927353813917	9.61916491336023e-07	2.21728516951244e-06	-0.408056553001964	FALSE	down_in_cellobiose
YOL066C	2428.0926757204	-0.276477721139534	0.0564325800650104	-4.8992571458018	9.61996740211746e-07	2.21728516951244e-06	-0.273834136282328	FALSE	down_in_cellobiose
YDL178W	2083.58832117607	0.275028070214233	0.056150879159287	4.89801895058566	9.68077004474378e-07	2.23044941830897e-06	0.272512326634771	FALSE	up_in_cellobiose
YGL238W	4226.06079709588	-0.235355699211545	0.0480603869528518	-4.89708290202559	9.72698089738554e-07	2.24024297286321e-06	-0.233670696407012	FALSE	down_in_cellobiose
YLR442C	2024.37809571792	0.282939559631116	0.0578257908476206	4.89296480832754	9.93281728394671e-07	2.28677879456832e-06	0.280258621855168	FALSE	up_in_cellobiose
YBR049C	4340.46052967528	0.22845191608741	0.0466934938192731	4.89258561313985	9.95198017411412e-07	2.2903187250016e-06	0.226967287003272	FALSE	up_in_cellobiose
YOR213C	1439.48565863874	-0.322301874496083	0.0658774850405245	-4.89244351538039	9.95917034490583e-07	2.2911016449597e-06	-0.31828276908788	FALSE	down_in_cellobiose
YGL261C	155.093094487365	-0.888258841238794	0.181696778322482	-4.88868789771429	1.01510280667239e-06	2.33435048469756e-06	-0.845503630931549	FALSE	down_in_cellobiose
YAR071W	1426.41491563331	-0.368072307369536	0.0753002909975592	-4.88805956117045	1.01834724213771e-06	2.34092136847164e-06	-0.362267589542955	FALSE	down_in_cellobiose
YNL133C	839.504832155748	-0.413951213400224	0.0846946767727911	-4.88757061451127	1.02087883676078e-06	2.34584924191838e-06	-0.406194893234704	FALSE	down_in_cellobiose
YFR032C	471.949297678969	1.59508270721749	0.326504540037677	4.88533086563949	1.03255310726845e-06	2.37177409523722e-06	1.4823501671042	FALSE	up_in_cellobiose
YGR121C	2047.2421752899	0.280709144104971	0.0574920338977115	4.88257459467172	1.04709608099517e-06	2.40426617230783e-06	0.278074153062745	FALSE	up_in_cellobiose
YDR344C	58.7826282642042	-1.10715622076671	0.226959076266889	-4.87821962874387	1.07047690126608e-06	2.45701870924374e-06	-1.04299636471216	FALSE	down_in_cellobiose
YBL040C	3403.34891975001	-0.250298280382297	0.0513369871905445	-4.8755934868807	1.08481804747264e-06	2.48899072500551e-06	-0.248271427776721	FALSE	down_in_cellobiose
YJR136C	1162.43164742868	0.320778567549907	0.0658322940008211	4.87266276253271	1.10104079574892e-06	2.52525397523303e-06	0.316867293185169	FALSE	up_in_cellobiose
YER057C	5778.55368776514	0.249172976674411	0.0511524749840834	4.87118124297883	1.10933019558808e-06	2.54330137335735e-06	0.247977613068878	FALSE	up_in_cellobiose
YLL015W	2641.34452393842	0.268634790794708	0.0552130591188622	4.86542124420952	1.14213284700113e-06	2.61751400479835e-06	0.266234935344668	FALSE	up_in_cellobiose
YDR221W	1569.66748398227	-0.292125882622256	0.0600477206201192	-4.86489544657883	1.1451732732857e-06	2.62348786243632e-06	-0.289001520561433	FALSE	down_in_cellobiose
YKR011C	2675.60599211242	0.329365245794477	0.0678534860838947	4.85406520436174	1.20955936448609e-06	2.76994132389695e-06	0.32504275706273	FALSE	up_in_cellobiose
YLR007W	3058.51364733943	0.397081195896063	0.0818949231756884	4.84866680983641	1.2429398713111e-06	2.84530671524963e-06	0.390296988731479	FALSE	up_in_cellobiose
YOR180C	576.950114208804	-0.440718651811487	0.0909049282558896	-4.84812716171891	1.2463250436801e-06	2.85197649041894e-06	-0.431495007880157	FALSE	down_in_cellobiose
YHR100C	918.92878596749	0.340171111709832	0.0702119362592351	4.84491853997388	1.26663636563656e-06	2.89735882729574e-06	0.335550182938642	FALSE	up_in_cellobiose
YMR244C-A	1963.44368490025	0.315646844562002	0.0652271602302447	4.83919341954799	1.30367125365667e-06	2.98094659437261e-06	0.311860458334685	FALSE	up_in_cellobiose
YAL063C	1247.07364780254	0.334023075277202	0.0690408781322449	4.83804789732534	1.3112054797254e-06	2.9970410965152e-06	0.329570666338264	FALSE	up_in_cellobiose
YDR448W	806.020424728039	-0.350092498493591	0.0723686844204248	-4.83762419197417	1.31400283264355e-06	3.00230038981043e-06	-0.34497233326413	FALSE	down_in_cellobiose
YPR033C	7811.18266149936	-0.256533077230681	0.0530388474866907	-4.83670157604865	1.32011392396783e-06	3.01512424930418e-06	-0.254193342683591	FALSE	down_in_cellobiose
YBR088C	2974.71154065325	0.262664326153786	0.0543134479318572	4.83608270429323	1.32422842630408e-06	3.02337996311328e-06	0.260395786352326	FALSE	up_in_cellobiose
YOR138C	4900.63659800339	-0.255095020075454	0.0527654951848513	-4.83450442721687	1.33477734528791e-06	3.04631448464198e-06	-0.252918726080358	FALSE	down_in_cellobiose
YOR352W	1296.31194531187	0.400451340736637	0.0828438340602722	4.83380984570671	1.33944537129861e-06	3.05581501532026e-06	0.393304107736021	FALSE	up_in_cellobiose
YLR010C	760.633154215669	0.362361095864709	0.0750438284221271	4.82865951116461	1.37455204725075e-06	3.1347250308343e-06	0.356852901719957	FALSE	up_in_cellobiose
YML028W	34117.6003393534	-0.382690773736251	0.079327056596889	-4.82421496716997	1.40555760959797e-06	3.20422631845025e-06	-0.376114434745891	FALSE	down_in_cellobiose
YDR234W	5383.06031041128	0.230580220473242	0.0478111702274672	4.82272697731994	1.41608742994121e-06	3.22701461050657e-06	0.228992035266416	FALSE	up_in_cellobiose
YGR173W	2004.49788358244	0.288900648371534	0.0599132655505374	4.82198133780312	1.42139246772004e-06	3.23788385867074e-06	0.285858792943738	FALSE	up_in_cellobiose
YDR252W	273.091049778401	-0.524086197725905	0.108716849275861	-4.82065292745999	1.43089116243658e-06	3.25829433374112e-06	-0.509890307772006	FALSE	down_in_cellobiose
YNR046W	1494.01283996207	0.315600865417871	0.0655660689750971	4.81347853167376	1.48325541998742e-06	3.37626224316294e-06	0.311778126321482	FALSE	up_in_cellobiose
YML108W	651.348971320421	-0.37125832721729	0.0771316070431449	-4.81330989265685	1.48450817165695e-06	3.37784252151287e-06	-0.365200497487339	FALSE	down_in_cellobiose
YHR039C	4929.2468205373	0.358912553353731	0.074581394785472	4.81236043367272	1.4915803315678e-06	3.39265808398724e-06	0.35369927422784	FALSE	up_in_cellobiose
YOR034C	2661.94003729405	0.306736380909762	0.0637561772249793	4.81108489029019	1.50113237868534e-06	3.41310098732666e-06	0.303228904836647	FALSE	up_in_cellobiose
YFL062W	308.519341837935	-0.545347255943239	0.113358742199201	-4.81080898890817	1.50320621930314e-06	3.41653183553001e-06	-0.529683582548732	FALSE	down_in_cellobiose
YOL112W	3663.59427705268	-0.240722883606582	0.0500446280880475	-4.81016430341053	1.50806280675386e-06	3.42628243998773e-06	-0.23881815728863	FALSE	down_in_cellobiose
YOR191W	2896.95259971748	0.303760635588682	0.0631786725648847	4.80796166264365	1.52476996525052e-06	3.46293982344541e-06	0.30055341286465	FALSE	up_in_cellobiose
YBR029C	2289.25865708062	0.386790436261709	0.0804909146023829	4.80539248649882	1.54448217673992e-06	3.50639196881494e-06	0.380143522617894	FALSE	up_in_cellobiose
YOR386W	1886.60281315636	-0.329288452881548	0.068534518400717	-4.80470951814703	1.54976338711739e-06	3.51706152543563e-06	-0.324811697842576	FALSE	down_in_cellobiose
YDL215C	8991.47313400127	0.2373151403206	0.0494071317156197	4.80325677852646	1.56105483110066e-06	3.54135769636039e-06	0.235580639859239	FALSE	up_in_cellobiose
YNR066C	865.089915340872	-0.373356269848813	0.077733946938639	-4.8030015784935	1.56304652745329e-06	3.54454645595706e-06	-0.367203101306904	FALSE	down_in_cellobiose
YML119W	2068.54669048926	-0.266870516613071	0.0555697582163375	-4.80244156496278	1.56742569177632e-06	3.55314489650044e-06	-0.264343471090361	FALSE	down_in_cellobiose
YDR538W	648.873951857713	-0.380954570358304	0.0793297203855371	-4.8021670630741	1.56957653244574e-06	3.55668747404715e-06	-0.37447614424544	FALSE	down_in_cellobiose
YOL142W	2820.29722237668	-0.253524148579869	0.0527989363130013	-4.80169045597687	1.57331769604288e-06	3.56382974744095e-06	-0.251321160832776	FALSE	down_in_cellobiose
YEL030W	967.223621042818	0.379129376830048	0.0789697668838927	4.80094334566635	1.57919945167223e-06	3.57581365919643e-06	0.37284836663958	FALSE	up_in_cellobiose
YDR514C	1226.68292224391	0.32323167151451	0.0673282911736433	4.80082987225798	1.58009463776642e-06	3.57650163518386e-06	0.319086171214832	FALSE	up_in_cellobiose
YPR154W	1765.91775665723	0.310764498307249	0.0647520596863848	4.79929904643006	1.59221902983743e-06	3.60259659276348e-06	0.307071149520405	FALSE	up_in_cellobiose
YBR292C	60.0156021257677	1.07187085993158	0.22335617285238	4.79893099099614	1.59514739742888e-06	3.60787264758784e-06	1.00990527629148	FALSE	up_in_cellobiose
YNL131W	3387.30582727949	0.272553316640914	0.0568203480326414	4.79675549478051	1.61256237192742e-06	3.64589802819328e-06	0.270061814224681	FALSE	up_in_cellobiose
YBR281C	1682.45364249697	-0.319090531242126	0.0665462432221876	-4.7950194600277	1.6265903988998e-06	3.67624018406054e-06	-0.314671716819741	FALSE	down_in_cellobiose
YLR299W	1997.5845084694	0.292148755175477	0.0609919518860305	4.78995582435836	1.66818034722886e-06	3.76766853981899e-06	0.289002399299338	FALSE	up_in_cellobiose
YEL015W	3481.7051544335	-0.256051724291754	0.0534561146408181	-4.7899426662827	1.66828974034974e-06	3.76766853981899e-06	-0.253763460039567	FALSE	down_in_cellobiose
YPL225W	7142.16481359261	0.233969582291988	0.0488480334232583	4.78974414926163	1.66994100074431e-06	3.76998998600282e-06	0.232309849383425	FALSE	up_in_cellobiose
YHR115C	1882.60326310397	-0.302331501427874	0.0631721714334177	-4.78583361261415	1.70279083188007e-06	3.84271602657114e-06	-0.298770372385652	FALSE	down_in_cellobiose
YHR143W-A	1322.92333743171	0.374254376146232	0.0782237936723844	4.78440585116184	1.71493857548166e-06	3.86868649925888e-06	0.368179952534967	FALSE	up_in_cellobiose
YPL132W	1100.2275641177	0.314801649566378	0.065809681458802	4.78351577743845	1.7225536396051e-06	3.8844162611229e-06	0.310948482891018	FALSE	up_in_cellobiose
YNR049C	1616.84094133469	0.305889733679318	0.0639505251390619	4.78322473528018	1.72505070607109e-06	3.88859734264554e-06	0.302353862067668	FALSE	up_in_cellobiose
YGL065C	1520.75094040694	-0.271831486952513	0.0568466706249085	-4.78183654318367	1.73700898163552e-06	3.91409475444545e-06	-0.26918705858119	FALSE	down_in_cellobiose
YDR002W	10372.1306513585	-0.20480354066554	0.0428573754965325	-4.77872334207936	1.76411731962284e-06	3.9736989009605e-06	-0.20384067445825	FALSE	down_in_cellobiose
YOL115W	1977.8931716244	-0.275938996552674	0.0577899979768647	-4.77485734924479	1.79834683574279e-06	4.04929324742085e-06	-0.273171520706595	FALSE	down_in_cellobiose
YLR002C	1940.49242427348	0.305158029727982	0.0639130175179616	4.77458335686033	1.80079683343263e-06	4.05330079962805e-06	0.301614492836909	FALSE	up_in_cellobiose
YBR022W	1515.81737087466	0.281048642533508	0.0588788259748255	4.77333978523407	1.81195703090714e-06	4.07690331954106e-06	0.278220301367979	FALSE	up_in_cellobiose
YML078W	3914.10602103732	0.257474113462766	0.0539817349943676	4.76965242946769	1.84544055810278e-06	4.15069709758482e-06	0.255143617014294	FALSE	up_in_cellobiose
YIL066C	5161.30307812695	-0.502874694802578	0.105438431720269	-4.76936811936578	1.8480468159599e-06	4.15501380777898e-06	-0.489702146588578	FALSE	down_in_cellobiose
YMR232W	607.798438960922	-0.652059699511287	0.136772614841534	-4.76747264258106	1.86551316998172e-06	4.19272525159771e-06	-0.628292642079697	FALSE	down_in_cellobiose
YKR071C	3219.63598965689	-0.334003266696676	0.0700688241141284	-4.76678852427508	1.87185602011262e-06	4.20541798277903e-06	-0.329342499070585	FALSE	down_in_cellobiose
YKL176C	4943.53561282712	-0.226046232730365	0.047442681669262	-4.76461752955293	1.89212205362492e-06	4.24937028604661e-06	-0.224458042239739	FALSE	down_in_cellobiose
YOR112W	1644.11425362078	-0.269879392485472	0.0566938842942588	-4.76029109391614	1.9331393812902e-06	4.33987638383189e-06	-0.267258506325198	FALSE	down_in_cellobiose
YOR359W	1797.72766069774	0.455227344953904	0.0956727125443261	4.75817328523003	1.95352764954072e-06	4.38402049143684e-06	0.444772932049482	FALSE	up_in_cellobiose
YJL111W	6050.23094275714	0.203131335201774	0.0427128565316943	4.75574222133901	1.97718632737137e-06	4.43546843766395e-06	0.202082074568939	FALSE	up_in_cellobiose
YIL138C	2864.93549814013	-0.271801722212429	0.0571915685116945	-4.7524788930531	2.00937751749641e-06	4.50601231954701e-06	-0.269114487686893	FALSE	down_in_cellobiose
YNL262W	2654.46579765452	0.352359750091661	0.0741624756380314	4.75118646000224	2.02226543625613e-06	4.53174449506364e-06	0.347101376429538	FALSE	up_in_cellobiose
YNL290W	2492.2873804669	-0.236481196980153	0.0497731723138432	-4.75117791345562	2.0223509246324e-06	4.53174449506364e-06	-0.234683763451963	FALSE	down_in_cellobiose
YNL090W	1161.43105059947	-0.338971908459162	0.0714038130232343	-4.74725219994713	2.06198777852896e-06	4.61885262390487e-06	-0.334090568588605	FALSE	down_in_cellobiose
YJL036W	2842.16393461149	0.317137104490387	0.0668087149913063	4.74694213968425	2.06514996882049e-06	4.62422325487831e-06	0.313183318563145	FALSE	up_in_cellobiose
YJL173C	2071.08788047652	0.365948089447867	0.0770945237390294	4.74674557542671	2.06715706711653e-06	4.6270044196598e-06	0.360079185638267	FALSE	up_in_cellobiose
YPL211W	1847.37437362729	0.321062150573851	0.0676537305728828	4.74566809332079	2.07819245870511e-06	4.64998445810156e-06	0.316941700882821	FALSE	up_in_cellobiose
YJL177W	13757.2432967859	0.254199876840452	0.053586967034788	4.74368845460929	2.09861524219552e-06	4.69394415118288e-06	0.251207209220236	FALSE	up_in_cellobiose
YPL141C	2016.84082764152	-0.29588236990406	0.0623760498689826	-4.7435252877594	2.10030711176607e-06	4.69599164952354e-06	-0.292430315340501	FALSE	down_in_cellobiose
YLR116W	1598.85526747253	0.334886691927641	0.0706389131525565	4.74082452549061	2.12850221640384e-06	4.75727324641923e-06	0.330251903863347	FALSE	up_in_cellobiose
YNCO0024C	102.168592139388	-0.88147634795264	0.185985932684491	-4.73947860050249	2.14268861848501e-06	4.78721121706589e-06	-0.836236255935698	FALSE	down_in_cellobiose
YNL280C	2958.13469715377	-0.369647643727068	0.0780819715645873	-4.73409720989569	2.20032258328244e-06	4.91416210623789e-06	-0.363263960200056	FALSE	down_in_cellobiose
YBR118W	282039.748602638	-0.214899238082265	0.0454476397643458	-4.72850161628978	2.26182825959002e-06	5.04966309117772e-06	-0.213480238003868	FALSE	down_in_cellobiose
YDL171C	7366.86177250433	-0.317842924609679	0.0672203093498794	-4.72837640415068	2.26322327521404e-06	5.05091305110498e-06	-0.313630555965241	FALSE	down_in_cellobiose
YDR284C	4127.24188515125	-0.334027735046611	0.0706522570327425	-4.727771610917	2.26997304891502e-06	5.06410807814019e-06	-0.329239846143583	FALSE	down_in_cellobiose
YPL245W	1749.33018345548	0.321076924514947	0.0679575667339294	4.72466775880959	2.30491875040632e-06	5.14017278851676e-06	0.316914870986559	FALSE	up_in_cellobiose
YPL065W	1408.70280261726	0.296473301826897	0.0627517767960401	4.72454035509646	2.30636414604349e-06	5.14150031524918e-06	0.2931239814448	FALSE	up_in_cellobiose
YCL005W	1335.51785650518	-0.304951124975112	0.064603128400341	-4.72037705489046	2.35407860896562e-06	5.24593493994992e-06	-0.30075162590055	FALSE	down_in_cellobiose
YPR019W	3805.14544902314	0.257703951085567	0.054630935184622	4.71717993138268	2.39136187264162e-06	5.32705584005028e-06	0.254947051623637	FALSE	up_in_cellobiose
YDL020C	8851.35551707147	0.344427159442271	0.0730290016812925	4.71630655647455	2.40164491431368e-06	5.34799279888406e-06	0.33958829127043	FALSE	up_in_cellobiose
YLR410W	4106.12758306689	-0.236136199452425	0.0500833331590739	-4.7148658956546	2.41869996222687e-06	5.3839887271064e-06	-0.234292908883468	FALSE	down_in_cellobiose
YDR198C	1250.03480221419	-0.282733165039598	0.0600113777107713	-4.71132601558073	2.46110157449691e-06	5.47635847040372e-06	-0.279697039344764	FALSE	down_in_cellobiose
YDR262W	6115.29307865995	0.278299514369357	0.0590817574859432	4.71041360669696	2.47214577777121e-06	5.49891050531822e-06	0.277365545815585	FALSE	up_in_cellobiose
YLR032W	2017.29725075524	0.282180789195061	0.0599133364208236	4.70981597841688	2.47940550689624e-06	5.51303106827517e-06	0.279215882767486	FALSE	up_in_cellobiose
YJR083C	1205.8176999925	-0.316157220782767	0.0671816501691402	-4.70600558317327	2.52617602134607e-06	5.61496235836127e-06	-0.312033348758752	FALSE	down_in_cellobiose
YOR367W	2313.83117345202	0.256087490456929	0.0544296444886699	4.7049267520062	2.539571168729e-06	5.64266217063667e-06	0.253601020068556	FALSE	up_in_cellobiose
YJR097W	653.620902563592	-0.358975643850955	0.0763060755875975	-4.70441758518769	2.54591682005806e-06	5.65468414532176e-06	-0.353173200573873	FALSE	down_in_cellobiose
YDR420W	3603.17961054814	0.454635583903717	0.0966547660421854	4.7037058028291	2.55481314577205e-06	5.67236046462165e-06	0.444311848410764	FALSE	up_in_cellobiose
YIL157C	1778.57239348466	0.257614021824043	0.0547737805014528	4.7032361006597	2.56070012755319e-06	5.68334472346484e-06	0.255323705923363	FALSE	up_in_cellobiose
YKL110C	2866.99017686194	0.393218799920505	0.0836541300074308	4.70053062395815	2.59486336689673e-06	5.7570556283901e-06	0.386065001301485	FALSE	up_in_cellobiose
YER002W	3696.92608695613	0.271237738295341	0.0577161702864469	4.69951032698775	2.60786035462689e-06	5.78376949937053e-06	0.268595761008176	FALSE	up_in_cellobiose
YGR110W	793.588349906129	-0.373941452632001	0.0795881923221776	-4.69845390027536	2.6213834084669e-06	5.81163007859523e-06	-0.367488681687968	FALSE	down_in_cellobiose
YHR080C	2417.48097623666	0.299230376823389	0.0637375840363363	4.69472417801089	2.66966695641779e-06	5.91650632188158e-06	0.295793303855355	FALSE	up_in_cellobiose
YNL284C	3224.97728390647	-0.261922977939617	0.055818799792916	-4.69237925056314	2.70045925579059e-06	5.98255588975145e-06	-0.259379285019762	FALSE	down_in_cellobiose
YMR200W	4155.85746707397	-0.236661448868293	0.0504568700948148	-4.69037117093423	2.72709891113395e-06	6.03936075230249e-06	-0.234772666588674	FALSE	down_in_cellobiose
YMR187C	1157.70097335736	-0.308620051254803	0.0658580221873605	-4.68614211305656	2.7840298487906e-06	6.16222214153795e-06	-0.304726694590593	FALSE	down_in_cellobiose
YLR113W	6879.75849211647	0.284651602763003	0.0607438296116232	4.68609905866941	2.78461526336363e-06	6.16222214153795e-06	0.281660246468984	FALSE	up_in_cellobiose
YOL060C	4250.18056741523	-0.228048069174874	0.0486662506935932	-4.68595928235121	2.78651662953958e-06	6.16417431435823e-06	-0.226490562107584	FALSE	down_in_cellobiose
YDR361C	2365.61548173546	0.292484427376921	0.062466524190999	4.68225871640648	2.83731063581492e-06	6.27424304402508e-06	0.289215034692723	FALSE	up_in_cellobiose
YGL039W	6648.6011006385	-0.52674375349749	0.112524276250951	-4.68115655614392	2.85260981528112e-06	6.30576906535826e-06	-0.511397550899957	FALSE	down_in_cellobiose
YNR008W	1241.08680431964	-0.289006646871508	0.061752120308375	-4.68010888416914	2.86722599867958e-06	6.33576282061166e-06	-0.285739625394546	FALSE	down_in_cellobiose
YPL032C	2448.24068665206	-0.343701898512812	0.0734702993591267	-4.6781066840735	2.89535903319479e-06	6.39559219604167e-06	-0.338471990724132	FALSE	down_in_cellobiose
YDL180W	2129.40539943449	-0.286528895779378	0.0612723752328732	-4.67631448414379	2.92076582294864e-06	6.44935804935866e-06	-0.283348431416202	FALSE	down_in_cellobiose
YML098W	2236.7740523319	-0.250529915719766	0.0535869627074274	-4.67520275570763	2.93663338491949e-06	6.48202872700477e-06	-0.248231968420958	FALSE	down_in_cellobiose
YPL272C	36347.2099261856	-0.383894250150429	0.0822853571167254	-4.66540176286601	3.08014623751883e-06	6.79632413152642e-06	-0.376631810376494	FALSE	down_in_cellobiose
YMR106W-A	2463.28891849234	-0.41223715308566	0.0883734416512276	-4.66471765027082	3.09041078345406e-06	6.81648592936913e-06	-0.403852636746635	FALSE	down_in_cellobiose
YOR297C	909.139528933079	-0.341359341098534	0.0731847765381962	-4.66434902510597	3.09595529611533e-06	6.8262258953356e-06	-0.336210897238981	FALSE	down_in_cellobiose
YGR103W	5059.64506720273	0.262958275369296	0.0563774450839674	4.66424604693687	3.09750590114816e-06	6.82715586375512e-06	0.260526158771021	FALSE	up_in_cellobiose
YPL015C	2859.98605851965	0.256399565827025	0.0549982251826021	4.66196072647329	3.13210969701513e-06	6.90091054555464e-06	0.25428777893951	FALSE	up_in_cellobiose
YAL010C	1359.77776826153	-0.332427556864867	0.0713444260258107	-4.65947482350762	3.17017165906406e-06	6.98222803860868e-06	-0.326892378500223	FALSE	down_in_cellobiose
YOR196C	3959.04634995785	0.252541831337994	0.0542034095620112	4.65915028922811	3.17517326194265e-06	6.98815425335849e-06	0.250333991103286	FALSE	up_in_cellobiose
YIR003W	3153.25375243381	0.235252647897634	0.0504918320666659	4.65922186358822	3.17406953410425e-06	6.98815425335849e-06	0.233512250432963	FALSE	up_in_cellobiose
YOR074C	1788.09800351513	0.347289134252072	0.0745790977924744	4.65665507537309	3.21388219161724e-06	7.07077464347075e-06	0.342006651853754	FALSE	up_in_cellobiose
YGL106W	4687.3852342671	-0.299553427973736	0.0643387239261467	-4.65588077745508	3.22598582452936e-06	7.09482264245585e-06	-0.295741893824	FALSE	down_in_cellobiose
YGR213C	328.826665926234	-0.486993469575139	0.104656031367893	-4.65327667416731	3.26701411645028e-06	7.18244324837924e-06	-0.474153283373564	FALSE	down_in_cellobiose
YCR047C	2873.79520768406	0.26087963033035	0.0560855695588937	4.65145727113297	3.29597572972038e-06	7.24348154554828e-06	0.258658210156498	FALSE	up_in_cellobiose
YGR153W	367.346802563614	-0.477022801120749	0.102563693529132	-4.6509908595019	3.30343971904414e-06	7.25724788259315e-06	-0.464858118644564	FALSE	down_in_cellobiose
YNL270C	426.051761849414	0.45146570728643	0.0970966867825416	4.6496510050599	3.32497170060197e-06	7.30189863661609e-06	0.441005021719792	FALSE	up_in_cellobiose
YPL161C	2218.61919372686	-0.265452799591894	0.0571801954089539	-4.64239056360983	3.44401061932067e-06	7.56057213272284e-06	-0.262792197862135	FALSE	down_in_cellobiose
YIL144W	2731.41468704175	0.244946304130167	0.0527899732432579	4.64001569012824	3.48382726130251e-06	7.64520583322119e-06	0.242919940676363	FALSE	up_in_cellobiose
YBR122C	2540.07566672911	0.243484762381172	0.052486518013811	4.63899629076371	3.50105336296237e-06	7.68022152310353e-06	0.241447579867634	FALSE	up_in_cellobiose
YBR286W	26815.8245147525	-0.315886888131689	0.0680952296624492	-4.63889893165135	3.50270283093689e-06	7.68105392367886e-06	-0.31040074261939	FALSE	down_in_cellobiose
YLR224W	3179.53146350761	0.408341241114926	0.0880422337427271	4.63801545867364	3.5177048189069e-06	7.71115576105434e-06	0.399621746944773	FALSE	up_in_cellobiose
YIL029C	583.981249214141	-0.413170149255479	0.0892009638851598	-4.63190229409862	3.62321144728189e-06	7.93955899752205e-06	-0.404603368049352	FALSE	down_in_cellobiose
YPR088C	5712.31999262277	0.230330456888857	0.0497755230852295	4.6273839552518	3.70313601373409e-06	8.11175900436936e-06	0.228602995478601	FALSE	up_in_cellobiose
YDR050C	121833.042407834	-0.218712054559049	0.0473096544787581	-4.62298989431957	3.78248156709578e-06	8.28256644380712e-06	-0.217326302358029	FALSE	down_in_cellobiose
YDR387C	2197.22877579141	-0.267521470225714	0.057904297273184	-4.62006246209305	3.83624534850915e-06	8.39725366188323e-06	-0.264742814724317	FALSE	down_in_cellobiose
YBR278W	2834.15607854661	0.299182799517541	0.0648420965760601	4.61402106525964	3.94952369440364e-06	8.6420836844259e-06	0.295600221866445	FALSE	up_in_cellobiose
YJR066W	2292.41456302089	0.279234269748423	0.0605230987077555	4.61368098644033	3.95599469528305e-06	8.64998406257118e-06	0.27625855809905	FALSE	up_in_cellobiose
YPR008W	6112.74058736744	0.263890307244217	0.0571971971708869	4.61369298316834	3.95576624939794e-06	8.64998406257118e-06	0.261355151703122	FALSE	up_in_cellobiose
YOR242C	542.540374662378	0.402409125159181	0.0872373744980597	4.61280646597326	3.97268171963413e-06	8.68333178183854e-06	0.39448312801607	FALSE	up_in_cellobiose
YHR048W	2165.51870099724	-0.240111061696062	0.0520566341994927	-4.61249685824678	3.97860560429901e-06	8.69313825679206e-06	-0.238095636312428	FALSE	down_in_cellobiose
YBL023C	2149.36414126	0.257575618640286	0.0558541774347527	4.61157303661267	3.99633192331718e-06	8.72871631355085e-06	0.255203370859445	FALSE	up_in_cellobiose
YBR119W	1542.80263931758	-0.283592777055218	0.0615104075923264	-4.61048443923167	4.0173171197206e-06	8.77138409388815e-06	-0.280395660353098	FALSE	down_in_cellobiose
YLR096W	2921.31465048197	0.230654771390207	0.050031486140182	4.61019228459337	4.02296701685126e-06	8.78055016886194e-06	0.228918730135294	FALSE	up_in_cellobiose
YGR286C	15036.9568540172	0.825690574184599	0.179428219096255	4.60178771401424	4.18880021275432e-06	9.13590468328097e-06	0.783735551982492	FALSE	up_in_cellobiose
YKL025C	1953.69062882883	-0.256772007320582	0.0557979856829288	-4.60181499704461	4.18825143350819e-06	9.13590468328097e-06	-0.254321121268417	FALSE	down_in_cellobiose
YKL006W	16530.3892138289	0.280764328933012	0.0610195338326377	4.60122048298637	4.20022529219314e-06	9.15752075240956e-06	0.277806767174119	FALSE	up_in_cellobiose
YKL212W	5494.92755385049	-0.218908950287775	0.0475825242384287	-4.60061658752815	4.21242167783901e-06	9.18080227299832e-06	-0.2173509123157	FALSE	down_in_cellobiose
YMR294W	1570.4772595045	0.296857091649906	0.064553587419074	4.5986149417653	4.25309041638703e-06	9.26609900515444e-06	0.293328050481955	FALSE	up_in_cellobiose
YDL177C	1553.62686199601	-0.281526104997181	0.0612359573420914	-4.59739860723416	4.27798696418793e-06	9.31698421296673e-06	-0.278372838880497	FALSE	down_in_cellobiose
YPL128C	1471.74802300257	0.281273012218075	0.0611951657110096	4.59632732340932	4.30003014673476e-06	9.361620708226e-06	0.2782159834833	FALSE	up_in_cellobiose
YJR122W	1650.03974030968	-0.293783546879854	0.063954491304237	-4.593634331048	4.35592396895719e-06	9.47989498533757e-06	-0.290170256352351	FALSE	down_in_cellobiose
YGR018C	720.51337742551	-0.360500910944096	0.0785296592921639	-4.59063383431829	4.41901993737448e-06	9.61375272706506e-06	-0.354364959156386	FALSE	down_in_cellobiose
YKL149C	1336.53482042696	-0.30254119206675	0.0659850855122042	-4.58499355904895	4.5400043108705e-06	9.87340743334943e-06	-0.298150442727302	FALSE	down_in_cellobiose
YBR163W	1749.7762702981	-0.272759800527217	0.0594950956638503	-4.58457621563164	4.5490813428585e-06	9.8895916468757e-06	-0.269923520103192	FALSE	down_in_cellobiose
YNL222W	435.60582279918	-0.435999704339765	0.0951101254643986	-4.58415654706467	4.55822647551365e-06	9.90591222562218e-06	-0.426008422175086	FALSE	down_in_cellobiose
YPL029W	1628.70939575982	0.285192455970981	0.0622813112411085	4.57910166449323	4.66977196439428e-06	1.01446770260979e-05	0.282016824607316	FALSE	up_in_cellobiose
YHR105W	600.390282511217	-0.395358826138917	0.0863600696060484	-4.57802810885214	4.69379631973688e-06	1.01932065141001e-05	-0.387182922631662	FALSE	down_in_cellobiose
YDR385W	62075.5665703234	0.217417002669201	0.0475314872487768	4.57416788856731	4.78116347287063e-06	1.03792091471362e-05	0.210491404298762	FALSE	up_in_cellobiose
YLR264W	4724.80438105432	0.271455751661108	0.0593512587981442	4.57371515209709	4.79151158182733e-06	1.03979411721893e-05	0.268660114507721	FALSE	up_in_cellobiose
YCR089W	1594.45559828576	-0.351037872539507	0.0767859692274076	-4.57164083583918	4.83919874956803e-06	1.04976592673556e-05	-0.345268749746818	FALSE	down_in_cellobiose
YMR255W	2676.09159658513	0.255553401418743	0.0559596242896967	4.56674619714693	4.953531700471e-06	1.07418285136065e-05	0.253190138764465	FALSE	up_in_cellobiose
YOL125W	2336.35510864948	-0.287008212091325	0.0628598019732422	-4.56584658369584	4.9748251268722e-06	1.07841370492197e-05	-0.283621818915053	FALSE	down_in_cellobiose
YKL061W	1198.29153955816	0.33369122649975	0.0730913650431242	4.56539874857818	4.98545782573353e-06	1.08033138409303e-05	0.328717902924794	FALSE	up_in_cellobiose
YJR143C	3749.32122705626	-0.250284850876271	0.0548470296360463	-4.56332553535005	5.0349651965403e-06	1.0906686786775e-05	-0.247941250215244	FALSE	down_in_cellobiose
YDL124W	12776.1397546887	0.241253591732127	0.0528804850816997	4.56224241058669	5.0610165974668e-06	1.09591938351161e-05	0.239310198563637	FALSE	up_in_cellobiose
YFR045W	1046.81374572441	0.321956771256186	0.0705912118665967	4.56086193653425	5.09440700364443e-06	1.10275495912819e-05	0.317457139183133	FALSE	up_in_cellobiose
YKL209C	1339.96084094191	-0.283832976087365	0.0622743970465668	-4.5577795939979	5.16972461498981e-06	1.11865812062463e-05	-0.280194011855444	FALSE	down_in_cellobiose
YPL097W	1426.30310832424	0.28654323216296	0.0628857613223261	4.55656775298083	5.19962720726318e-06	1.12472622852388e-05	0.28326689089935	FALSE	up_in_cellobiose
YBR290W	3371.19725634464	-0.264687057601193	0.0581084375689017	-4.55505376972737	5.23721800725081e-06	1.13245243145702e-05	-0.261945526000464	FALSE	down_in_cellobiose
YBR267W	2147.08432271626	0.375521732321845	0.0824622851574277	4.55386036907589	5.26703229401989e-06	1.13808543459208e-05	0.368738754979308	FALSE	up_in_cellobiose
YGR102C	2108.3543673908	0.329956717734191	0.0724555058596028	4.55392193898347	5.26549014818487e-06	1.13808543459208e-05	0.325141007368319	FALSE	up_in_cellobiose
YGL083W	1479.5485133552	-0.333711436459114	0.07331990251299	-4.55144408300313	5.32789584802778e-06	1.150825503174e-05	-0.328618844399066	FALSE	down_in_cellobiose
YPL027W	559.418123463767	0.38157544984412	0.0838650118306129	4.54987653987112	5.36774001809774e-06	1.15901790894163e-05	0.37447299128634	FALSE	up_in_cellobiose
YLR165C	1223.53848564556	0.305454518305733	0.0671541173813993	4.54855979374899	5.40142968930069e-06	1.16587604428589e-05	0.301496806648927	FALSE	up_in_cellobiose
YMR226C	5614.47935683502	-0.257004065890868	0.0565153543088308	-4.54750870863265	5.42846747643615e-06	1.17129401703481e-05	-0.254674862911298	FALSE	down_in_cellobiose
YKR066C	9285.35658187508	0.256009229770904	0.0563190325197379	4.54569651353974	5.47538837218187e-06	1.18099675017675e-05	0.255790976574479	FALSE	up_in_cellobiose
YOR353C	2310.19845088384	0.269833162624811	0.0593914920532718	4.543296578284	5.53812473657934e-06	1.19410261699935e-05	0.267105382915178	FALSE	up_in_cellobiose
YJL176C	2542.8922556784	0.242284552679004	0.0533401456374731	4.54225517728605	5.56556141302666e-06	1.19959071368444e-05	0.240171683089228	FALSE	up_in_cellobiose
YDL065C	2163.22707134284	0.255457937977029	0.056255189724176	4.54105548713925	5.59732965518308e-06	1.2060081850569e-05	0.253087050060572	FALSE	up_in_cellobiose
YGL128C	605.049272164622	-0.353791002196089	0.0779232041561118	-4.54025223972184	5.61869688609835e-06	1.21018086777503e-05	-0.347812536320231	FALSE	down_in_cellobiose
YLR258W	11750.9180913822	-0.306445472906395	0.0674972360815821	-4.54011883591801	5.62225312048865e-06	1.21051573060574e-05	-0.302338810690579	FALSE	down_in_cellobiose
YNL027W	1996.51145027114	0.250130919195305	0.055133803292852	4.53679783102746	5.71148100558746e-06	1.22928957728801e-05	0.247905597281703	FALSE	up_in_cellobiose
YIR043C	266.44475542253	-0.595432497184261	0.131434248495056	-4.53026896719889	5.89086421062324e-06	1.26744741180538e-05	-0.573824877143841	FALSE	down_in_cellobiose
YDR058C	1908.30568042078	-0.32248434513389	0.071275293024985	-4.52448992417114	6.05413369544497e-06	1.30211239651676e-05	-0.317769453481134	FALSE	down_in_cellobiose
YDR329C	3861.29342191903	0.256295999743417	0.0566641408225339	4.52307219386083	6.09484397055616e-06	1.31040228702181e-05	0.253863628591448	FALSE	up_in_cellobiose
YAL046C	1120.89745199697	0.478264760108144	0.105798833182671	4.52051072512658	6.16906194309439e-06	1.32588794000835e-05	0.465532402566587	FALSE	up_in_cellobiose
YKR052C	1031.44182888243	-0.328134242008954	0.0725906931773526	-4.52033487553646	6.1741887438617e-06	1.32651841999558e-05	-0.323198056928678	FALSE	down_in_cellobiose
YLR077W	3891.89913419711	0.302239125493865	0.0668849130090878	4.51879372935417	6.21929481261784e-06	1.33573490861906e-05	0.29841568404794	FALSE	up_in_cellobiose
YLR277C	1780.11423857692	-0.247149828128843	0.0546951556158434	-4.51867858032479	6.22267760973111e-06	1.33598701397422e-05	-0.244869541222927	FALSE	down_in_cellobiose
YML006C	1398.72264406111	-0.326521250634816	0.0723071427506188	-4.5157537445638	6.30919483430101e-06	1.35408127600612e-05	-0.32156675289389	FALSE	down_in_cellobiose
YNL238W	3668.35639278371	-0.224548883426837	0.04974898698166	-4.51363730299911	6.37251609582437e-06	1.36718614216197e-05	-0.222782071121123	FALSE	down_in_cellobiose
YOR319W	1515.1673318395	-0.36250537563096	0.0803516925368478	-4.51148400470496	6.43756386274964e-06	1.38065199439397e-05	-0.356042022697479	FALSE	down_in_cellobiose
YKR081C	2531.84271080105	0.326664105094537	0.0724889037471302	4.5064015071061	6.59362696346524e-06	1.41362126462381e-05	0.321878005346403	FALSE	up_in_cellobiose
YPL133C	2049.12353010177	0.270088157243156	0.0599476308470222	4.50540168855684	6.62475048763559e-06	1.41979060769738e-05	0.267267627024521	FALSE	up_in_cellobiose
YDR104C	1318.33280927212	-0.28164686948391	0.0625342416564608	-4.50388238544843	6.67231433047712e-06	1.42947775666757e-05	-0.278310289192148	FALSE	down_in_cellobiose
YGR281W	3329.13750451319	0.247756513818102	0.0550372520896965	4.50161489556787	6.74390924998949e-06	1.4443046439071e-05	0.245520815930303	FALSE	up_in_cellobiose
YDR091C	4245.63711191614	0.256627065518748	0.0570164163143181	4.50093292612471	6.76558546856588e-06	1.44843401465085e-05	0.253978194676634	FALSE	up_in_cellobiose
YBL016W	2184.7209456219	-0.281024603204591	0.0624635393719477	-4.49901824376603	6.82679994789676e-06	1.46102215445434e-05	-0.277764626492427	FALSE	down_in_cellobiose
YLR175W	9254.03513055392	0.278727203421499	0.0619678048393129	4.4979357287911	6.86164320241801e-06	1.46795960694107e-05	0.275647787916326	FALSE	up_in_cellobiose
YNL026W	1861.98609130606	-0.264148593743645	0.0587384452041925	-4.49703074069096	6.89090282959221e-06	1.47369803088309e-05	-0.261365054984434	FALSE	down_in_cellobiose
YGL226W	930.866941273716	0.323959236370315	0.0721559081187358	4.48971185889901	7.13195822726367e-06	1.52471132408945e-05	0.319237886190507	FALSE	up_in_cellobiose
YBR048W	11375.3369301556	0.253417258901215	0.0564500242837745	4.48923206174873	7.14803938532341e-06	1.52760926510375e-05	0.250209992855493	FALSE	up_in_cellobiose
YML118W	641.824294546326	0.349175777190224	0.077846987114683	4.4854115763764	7.27733220665118e-06	1.55469110511573e-05	0.343411226044977	FALSE	up_in_cellobiose
YOR109W	3003.58868269489	-0.240520630287338	0.0536305268541545	-4.48477097645193	7.2992291596265e-06	1.5588184306999e-05	-0.238373465439746	FALSE	down_in_cellobiose
YMR297W	29056.0351140937	-0.295851484946151	0.0659709208323042	-4.48457413074762	7.30597037476085e-06	1.55970733591788e-05	-0.291890761987012	FALSE	down_in_cellobiose
YNL042W-B	73.9793380154629	-1.0520998134601	0.234789382440978	-4.48103658914211	7.42813740867684e-06	1.58522847733513e-05	-0.982394110359486	FALSE	down_in_cellobiose
YMR271C	2317.86264549579	-0.27824069506982	0.0620981598477248	-4.48065926191877	7.44128288575534e-06	1.58747368229447e-05	-0.274988709596068	FALSE	down_in_cellobiose
YOR036W	3485.05080335177	0.313131703912154	0.0699040604958497	4.47944942956132	7.48358168506148e-06	1.59581906418174e-05	0.308944180306554	FALSE	up_in_cellobiose
YKL145W	11890.9430722023	0.231148708502904	0.0516027246054147	4.47938961111851	7.48567904279695e-06	1.59581906418174e-05	0.229753618138457	FALSE	up_in_cellobiose
YER105C	3250.23070860917	-0.23933192252885	0.0534818242200166	-4.47501419443496	7.64062365546247e-06	1.62827666907107e-05	-0.237209021888302	FALSE	down_in_cellobiose
YJR051W	3186.58944706899	-0.297509206027339	0.0664948493814781	-4.47416918445129	7.67089881445216e-06	1.63415273088435e-05	-0.293662414641088	FALSE	down_in_cellobiose
YNCI0012	731.093371186775	-0.341984131122192	0.0765360414095689	-4.4682756623396	7.88526495958168e-06	1.67922825618134e-05	-0.336275879124273	FALSE	down_in_cellobiose
YDL063C	1705.8091623601	0.411993970384128	0.0922515039678015	4.46598648980212	7.97006395817195e-06	1.69638920112146e-05	0.403021017714775	FALSE	up_in_cellobiose
YDL087C	563.750772622039	-0.358186793109712	0.0802039588980498	-4.46594903831388	7.97145851452906e-06	1.69638920112146e-05	-0.351814738261715	FALSE	down_in_cellobiose
YER120W	6121.63477638325	0.233432478035648	0.052278932198807	4.46513477260684	8.00183652263532e-06	1.70225491695035e-05	0.23157674954505	FALSE	up_in_cellobiose
YDR240C	1414.1110967504	-0.28657425853285	0.0642438562948548	-4.46072628669088	8.1682359969227e-06	1.73704259175065e-05	-0.28307938222918	FALSE	down_in_cellobiose
YBR136W	886.553007059544	0.320806403203347	0.0719261590566943	4.46021874948831	8.18760408177362e-06	1.7405493668389e-05	0.316154581668473	FALSE	up_in_cellobiose
YDR152W	3185.22071756188	0.223361949122524	0.0500894121043485	4.45926473756983	8.22412892252799e-06	1.74769963891248e-05	0.221709422531297	FALSE	up_in_cellobiose
YML055W	2202.13260555872	0.273634060642793	0.0613722262244043	4.45859760149916	8.2497630538506e-06	1.75253132945867e-05	0.270705117002296	FALSE	up_in_cellobiose
YDR307W	1578.23708772709	-0.302865063289669	0.0680009367644498	-4.45383663373301	8.43492900860425e-06	1.79060900821476e-05	-0.298755970203562	FALSE	down_in_cellobiose
YDR223W	1541.26280598547	0.276896103554808	0.062170012076555	4.45385314086546	8.43428019555061e-06	1.79060900821476e-05	0.273790008011372	FALSE	up_in_cellobiose
YGR080W	3060.94314265912	-0.213980809918439	0.0480594412450448	-4.45241984457115	8.49079402619059e-06	1.80183586913687e-05	-0.21242108355443	FALSE	down_in_cellobiose
YPL081W	5430.55878120063	0.282257984351464	0.063397079324259	4.45222378317762	8.49855266596318e-06	1.80284975530499e-05	0.279098081198697	FALSE	up_in_cellobiose
YEL064C	1235.35595348435	-0.302114691887315	0.0678853455322088	-4.45036685780696	8.57237261348641e-06	1.81787200443078e-05	-0.298035855282149	FALSE	down_in_cellobiose
YMR293C	1203.66992440827	0.29011797929598	0.065235441137828	4.44724484476199	8.69786788571792e-06	1.84383823949604e-05	0.286529240863451	FALSE	up_in_cellobiose
YHL004W	2867.12188830749	0.236539969857235	0.0532207274625174	4.44450839240834	8.80930694930256e-06	1.86680758337007e-05	0.234664054890655	FALSE	up_in_cellobiose
YOR232W	3747.91671629864	0.206197253520598	0.0464547755809003	4.43866644370089	9.05179704427162e-06	1.91752254023659e-05	0.204802276804643	FALSE	up_in_cellobiose
YNL141W	4258.59101580963	0.506783677928752	0.114183211276616	4.43833793307	9.06562071470514e-06	1.9197785042905e-05	0.492383319281183	FALSE	up_in_cellobiose
YHL033C	13797.5586809307	-0.254658896523066	0.0573874739466233	-4.43753451772292	9.09951333442146e-06	1.92628129669517e-05	-0.252075633577986	FALSE	down_in_cellobiose
YAL026C	3429.73237309769	-0.233913513144011	0.0527332003838679	-4.43579209001639	9.17343532141998e-06	1.94125041371407e-05	-0.231943805064459	FALSE	down_in_cellobiose
YNL255C	7597.15547802656	-0.307939096613572	0.0694323145524993	-4.43509767171498	9.20305542111545e-06	1.94683732727899e-05	-0.31332545186614	FALSE	down_in_cellobiose
YGL150C	3675.85658955215	0.286179350594584	0.064572625973645	4.43189890885631	9.34068112952343e-06	1.97526012137614e-05	0.282750013345061	FALSE	up_in_cellobiose
YER102W	27814.8459996412	0.226529361847718	0.0511550264622859	4.428291362819	9.49825362202989e-06	2.00787968913096e-05	0.224937136646607	FALSE	up_in_cellobiose
YDL121C	1530.04784042972	0.415355045854162	0.0938048962563616	4.4278610438311	9.51721798158346e-06	2.01118568667424e-05	0.405096271921503	FALSE	up_in_cellobiose
YFL050C	1741.22154970348	-0.268572083302894	0.0606619593706847	-4.42735589303572	9.53952636930357e-06	2.01519579048369e-05	-0.265637188214456	FALSE	down_in_cellobiose
YGR058W	1387.01920138837	-0.263280290452396	0.0594822005922019	-4.4262029284591	9.59063067621603e-06	2.02528401989367e-05	-0.261021211766963	FALSE	down_in_cellobiose
YOR307C	1900.93140747433	-0.253515651137422	0.0573278659423589	-4.42220632095956	9.76980947123452e-06	2.06240166429411e-05	-0.250949780231891	FALSE	down_in_cellobiose
YOR247W	10040.6256165118	-0.400687955121588	0.0906850777946479	-4.4184552173945	9.94088721597846e-06	2.09778387586315e-05	-0.3913237920757	FALSE	down_in_cellobiose
YNL036W	2866.82333942286	-0.263626302985153	0.0596782161803784	-4.4174628509059	9.98662277790904e-06	2.10670019395863e-05	-0.260821304413452	FALSE	down_in_cellobiose
YOR010C	17921.9394843481	-0.350648633911453	0.0794522357814146	-4.41332620111713	1.01794441472596e-05	2.14662755239282e-05	-0.344378891991218	FALSE	down_in_cellobiose
YOL086W-A	792.098445528071	0.457997077192712	0.103790544011582	4.41270523778741	1.02086942294301e-05	2.15204540605066e-05	0.446042093119879	FALSE	up_in_cellobiose
YBL019W	1563.56100404282	0.27764534385893	0.0629455340142397	4.41088233195575	1.0295025458613e-05	2.16948829176626e-05	0.274459982687877	FALSE	up_in_cellobiose
YHR196W	3297.58328473352	0.252385186697837	0.0572675043493499	4.40712738516083	1.04750588304311e-05	2.20665816114411e-05	0.249986756084458	FALSE	up_in_cellobiose
YER129W	4321.68446352179	-0.201133784261893	0.0457002750794184	-4.40115040691464	1.0767844843355e-05	2.26754615642797e-05	-0.199829388003768	FALSE	down_in_cellobiose
YHR007C-A	85.9136006809531	-0.843362752068607	0.19164639736193	-4.40061886723542	1.07942576554301e-05	2.27231710059315e-05	-0.795472810433814	FALSE	down_in_cellobiose
YNL024C-A	1549.39254149673	0.297318075806588	0.0675805575983571	4.39946171461918	1.08519719738258e-05	2.28367176401177e-05	0.293442737473553	FALSE	up_in_cellobiose
YKL072W	2425.28891130646	-0.400744367937122	0.0911697069864325	-4.39558688059356	1.10473865890786e-05	2.32317781956702e-05	-0.391946063859576	FALSE	down_in_cellobiose
YNL167C	1426.00901864593	-0.268211284783495	0.0610180037002327	-4.39560897634664	1.10462627969741e-05	2.32317781956702e-05	-0.265229154199645	FALSE	down_in_cellobiose
YKL009W	3948.2919592493	0.291466148828138	0.0663137416287192	4.395260192978	1.10640146948787e-05	2.32586586286502e-05	0.287786350904642	FALSE	up_in_cellobiose
YBR205W	2169.32931712177	-0.246560924663904	0.0561787038685366	-4.38886815973682	1.13942115102784e-05	2.39444722773327e-05	-0.244164776258555	FALSE	down_in_cellobiose
YBR094W	2186.8623482305	0.265522903809972	0.060564868556427	4.38410765413599	1.16462173428314e-05	2.4465551403072e-05	0.262701281087456	FALSE	up_in_cellobiose
YDR122W	5250.94802731588	0.216346636416649	0.0493542952700348	4.38354220707518	1.16765013674835e-05	2.45206528717154e-05	0.214815815759273	FALSE	up_in_cellobiose
YPR175W	1473.50987748976	-0.269888594640675	0.0616017001868607	-4.38118743187287	1.18034278414127e-05	2.47785947882208e-05	-0.266807439084067	FALSE	down_in_cellobiose
YGR127W	742.832693318462	-0.353420850026869	0.0806871030412141	-4.38014052687386	1.18602797491669e-05	2.48893032348929e-05	-0.347026257045901	FALSE	down_in_cellobiose
YIR029W	1359.70902657861	0.2793391453112	0.0638363581563626	4.37586280575372	1.20953076374854e-05	2.53737150855053e-05	0.276027638383357	FALSE	up_in_cellobiose
YPL063W	4106.43823910999	0.237646643397302	0.0543371542510042	4.37355703796193	1.22238287888058e-05	2.56344370716704e-05	0.235555297935263	FALSE	up_in_cellobiose
YML011C	1009.02115215031	-0.289073601633091	0.0662029729280365	-4.36647462867442	1.26267947041568e-05	2.64703134733935e-05	-0.285324643644414	FALSE	down_in_cellobiose
YKL180W	20681.925324772	0.22547723981822	0.0516513016400916	4.36537381747618	1.26905543396371e-05	2.65947583666407e-05	0.216703964792256	FALSE	up_in_cellobiose
YBL048W	961.468298097823	0.359258934545775	0.0823233902133437	4.36399586575267	1.27707991336911e-05	2.67536519433889e-05	0.352500699808797	FALSE	up_in_cellobiose
YDR471W	14974.4920757336	0.255113436314298	0.0584759486580921	4.36270709870723	1.28462882399249e-05	2.69024762032777e-05	0.252866856011845	FALSE	up_in_cellobiose
YDL109C	914.234914425472	-0.295710856000663	0.0677875964869285	-4.36231510373265	1.2869333532166e-05	2.69414085159363e-05	-0.291703916298291	FALSE	down_in_cellobiose
YGL206C	4044.14718165057	0.266217021289673	0.061042440708199	4.36117917634174	1.29363374115786e-05	2.70723074966185e-05	0.26331097842438	FALSE	up_in_cellobiose
YPL109C	922.766895611546	0.300331332511231	0.0689158707004377	4.35794149386439	1.31291467277031e-05	2.7466302113161e-05	0.296256908850859	FALSE	up_in_cellobiose
YNR055C	2889.45879172462	-0.217778583592322	0.0499746655202127	-4.35777971348781	1.31388525810447e-05	2.74771024931392e-05	-0.216069727488066	FALSE	down_in_cellobiose
YNL325C	1216.58998986479	0.290081543481176	0.0665758866621777	4.35715629223417	1.31763181735838e-05	2.75406845539363e-05	0.286343611263578	FALSE	up_in_cellobiose
YKR068C	3353.38146430002	-0.23856808891039	0.0547535900752467	-4.35712231074769	1.31783632769662e-05	2.75406845539363e-05	-0.23626629644287	FALSE	down_in_cellobiose
YDL195W	5381.13989951065	0.312710367691692	0.0717749579715638	4.35681714805857	1.31967424188068e-05	2.7569567581673e-05	0.308172330065188	FALSE	up_in_cellobiose
YJR012C	738.507786206709	0.363407413526104	0.0834759033487835	4.35344092064143	1.34017223798441e-05	2.79881274010003e-05	0.356584231924869	FALSE	up_in_cellobiose
YNR075W	2018.2407463797	-0.522798126151905	0.120177369863499	-4.35022106695892	1.36000353367506e-05	2.83924797088947e-05	-0.505448818003068	FALSE	down_in_cellobiose
YFR026C	548.029144063643	0.599379133762149	0.137792590836563	4.34986475051534	1.36221523377705e-05	2.84288396614341e-05	0.575977626085417	FALSE	up_in_cellobiose
YPL179W	5887.19802613784	0.281283087967337	0.0646664258292077	4.34975467347216	1.36289918894342e-05	2.84333021549838e-05	0.277814939077888	FALSE	up_in_cellobiose
YDR162C	1814.13130671225	-0.251604240995026	0.0578555060863916	-4.34883830450507	1.36860570432656e-05	2.85425079302312e-05	-0.249014909250939	FALSE	down_in_cellobiose
YOR046C	4773.21735582581	0.216467462630785	0.0498608162661903	4.34143439359551	1.41555547718349e-05	2.9511477166514e-05	0.214877076304746	FALSE	up_in_cellobiose
YNL102W	1640.79936515831	0.309487574075221	0.0712943409345443	4.34098373052306	1.4184622716516e-05	2.95618877289762e-05	0.305027285480945	FALSE	up_in_cellobiose
YIL016W	1551.70476210997	-0.277239255156313	0.0638850360973068	-4.33965873845691	1.42704153179608e-05	2.97304415580527e-05	-0.273854529241191	FALSE	down_in_cellobiose
YJR010C-A	484.385738747242	-0.413082473034671	0.0951980478652766	-4.33919058528659	1.43008461534765e-05	2.97835804188106e-05	-0.403410894743418	FALSE	down_in_cellobiose
YHR074W	3880.49587892566	-0.214580352162825	0.0494561514430726	-4.33880004613423	1.43262792691402e-05	2.9826277803704e-05	-0.21294859460757	FALSE	down_in_cellobiose
YLR268W	2243.85304367849	-0.247309192658042	0.0570397699160339	-4.33573264797696	1.45275430121252e-05	3.02348864891029e-05	-0.244785662903294	FALSE	down_in_cellobiose
YGR178C	8268.45346528634	0.196398631124623	0.045301382956273	4.3353782668003	1.45509683104057e-05	3.02732219956427e-05	0.197233831499282	FALSE	up_in_cellobiose
YIL159W	929.674863304404	0.328352207067985	0.0757824828127574	4.33282461699327	1.47208377290003e-05	3.06161026770955e-05	0.323103551737941	FALSE	up_in_cellobiose
YBR070C	1011.44845305008	-0.352384102684426	0.0813615446408231	-4.33108914340372	1.48373593177872e-05	3.08478340164926e-05	-0.345890897237327	FALSE	down_in_cellobiose
YDL193W	2133.36399979463	0.253377872166166	0.0585037471314554	4.33096826425215	1.48455079527145e-05	3.0854169105848e-05	0.250805240556033	FALSE	up_in_cellobiose
YGL115W	1895.75446449959	-0.255549059547546	0.0590062573400547	-4.33088067380396	1.48514152151005e-05	3.08558430851692e-05	-0.25277277635435	FALSE	down_in_cellobiose
YPR159W	5681.12524416122	-0.247386871683456	0.0571396379502515	-4.32951416141003	1.49438661014282e-05	3.10372603645048e-05	-0.244911411236289	FALSE	down_in_cellobiose
YDL160C	1282.27845007608	0.33757812752107	0.077994699488668	4.32821883710338	1.50320072027895e-05	3.12096050677896e-05	0.331971580143207	FALSE	up_in_cellobiose
YGR009C	5017.78772973148	0.204633584639862	0.0472902981301814	4.32717899296266	1.51031224592793e-05	3.13464943835694e-05	0.203153357196688	FALSE	up_in_cellobiose
YLL011W	2907.21676796484	0.268337904336301	0.0620507195763777	4.32449303035086	1.52883037154056e-05	3.17199522712773e-05	0.265429783108949	FALSE	up_in_cellobiose
YPL026C	8826.91638676962	0.415118032312731	0.0959980064745023	4.32423596653529	1.53061398098344e-05	3.17460677537305e-05	0.406085359239788	FALSE	up_in_cellobiose
YOL163W	483.364312973104	-0.384128006746953	0.0888407781008534	-4.32378030627879	1.53378040628e-05	3.18008361233508e-05	-0.375917945556575	FALSE	down_in_cellobiose
YER068W	2993.23375786074	-0.219073950741298	0.0506699774466614	-4.32354545592427	1.53541484105516e-05	3.18238141148101e-05	-0.217269089293605	FALSE	down_in_cellobiose
YIL139C	1580.77164178198	0.273184086118289	0.0632490115899389	4.319183482098	1.56607540768767e-05	3.24481811089245e-05	0.27001375275782	FALSE	up_in_cellobiose
YFR018C	3025.29031237754	0.244226330611382	0.0565599768390524	4.3180061990894	1.57445009450024e-05	3.26105279847173e-05	0.24192744251756	FALSE	up_in_cellobiose
YMR073C	1507.99250386137	0.306557310551004	0.0710406289633868	4.31523925145706	1.59430137742436e-05	3.30103893552294e-05	0.30217580988146	FALSE	up_in_cellobiose
YOR062C	2405.5410781773	-0.244042111580218	0.0565599186502324	-4.31475358176131	1.59781030593518e-05	3.30717205006706e-05	-0.241595191519267	FALSE	down_in_cellobiose
YPL178W	2525.89822361477	-0.236650661409473	0.054855033972514	-4.31411019685178	1.60247005237074e-05	3.31568213367713e-05	-0.234425745836172	FALSE	down_in_cellobiose
YDL098C	786.116861400307	0.332271803206589	0.0770228849094591	4.31393609311281	1.60373323234469e-05	3.31716094022596e-05	0.326905768602402	FALSE	up_in_cellobiose
YKR106W	1358.60889236725	-0.306864377901369	0.0711743989491563	-4.31144319350808	1.62192445530031e-05	3.35364071988249e-05	-0.30233891468976	FALSE	down_in_cellobiose
YNCK0015C	33.5803709423014	1.32877274435318	0.308219909591573	4.31111911658776	1.62430370981002e-05	3.35741245281306e-05	1.21852481301782	FALSE	up_in_cellobiose
YJL156C	2935.21399304393	-0.217797075481108	0.0505325852885201	-4.31003231355721	1.6323069290597e-05	3.37280229140862e-05	-0.215961013669142	FALSE	down_in_cellobiose
YPL112C	2326.36776287045	-0.2674088502506	0.0620633874337004	-4.30864091226508	1.64260808247611e-05	3.39292817036048e-05	-0.264259236259828	FALSE	down_in_cellobiose
YOR021C	2400.3071190559	0.225714818882702	0.0523891337113937	4.30842815852122	1.64418864262668e-05	3.395033427998e-05	0.223866892971722	FALSE	up_in_cellobiose
YDR520C	1736.84140346755	-0.266060855278901	0.0618639406241075	-4.30074212206295	1.70227064700338e-05	3.51376548569161e-05	-0.262963064565665	FALSE	down_in_cellobiose
YGL004C	1736.71441162296	-0.266338177037348	0.0619372971420826	-4.30012592293743	1.70701086386561e-05	3.52234790332966e-05	-0.263255054591059	FALSE	down_in_cellobiose
YNL258C	2348.17277147357	-0.265755381580801	0.0618064704096383	-4.29979870747252	1.70953313521148e-05	3.52634938668453e-05	-0.26265923472006	FALSE	down_in_cellobiose
YJR063W	1595.24022775286	0.280061801071541	0.0652240388778795	4.29384328063318	1.75606454056894e-05	3.62109728651924e-05	0.276625851238405	FALSE	up_in_cellobiose
YJL179W	946.653878875853	0.291094072983007	0.0678390810237548	4.29094953218893	1.77910748071653e-05	3.66736265963652e-05	0.287236536508662	FALSE	up_in_cellobiose
YMR284W	1014.86124774524	0.297902971494669	0.0694276079031616	4.29084308810102	1.77996056504139e-05	3.66787103828631e-05	0.293794535656999	FALSE	up_in_cellobiose
YGL190C	2519.38864697026	0.243730531353265	0.0568341265361864	4.28845389570792	1.79921134461045e-05	3.70627732023297e-05	0.241374338387718	FALSE	up_in_cellobiose
YAL008W	2970.7543257872	0.273038651758529	0.0636738833637409	4.2880791516795	1.80224876089608e-05	3.71127017565525e-05	0.269865494816882	FALSE	up_in_cellobiose
YNCA0004W	14.7125501424707	2.2071125240737	0.51493669751403	4.28618223313471	1.81769897223577e-05	3.73926645717074e-05	1.97893263237496	FALSE	up_in_cellobiose
YNCE0016C	14.7125501424707	2.2071125240737	0.51493669751403	4.28618223313471	1.81769897223577e-05	3.73926645717074e-05	1.97893263237496	FALSE	up_in_cellobiose
YNCL0004C	14.7125501424707	2.2071125240737	0.51493669751403	4.28618223313471	1.81769897223577e-05	3.73926645717074e-05	1.97893263237496	FALSE	up_in_cellobiose
YGL098W	1077.49904874933	-0.300057456480799	0.0700561600034154	-4.283098823375	1.84308261065914e-05	3.78929342913324e-05	-0.296369472225742	FALSE	down_in_cellobiose
YGR145W	2672.10395450694	0.268502404588008	0.0626891506748319	4.28307612557598	1.84327071238591e-05	3.78929342913324e-05	0.265407464896119	FALSE	up_in_cellobiose
YIL051C	18307.0086596378	0.322273177322402	0.0752496616185892	4.28271928923584	1.84623029954395e-05	3.7940879550261e-05	0.317175631908322	FALSE	up_in_cellobiose
YNL067W	11939.6564882003	0.238085837200297	0.0555989746024027	4.28219834813298	1.85055909471399e-05	3.80169205327114e-05	0.235892421740251	FALSE	up_in_cellobiose
YDR174W	7272.53692244003	0.224159975608926	0.0523509730415787	4.28186837006624	1.85330606957495e-05	3.80604248176207e-05	0.222334782898238	FALSE	up_in_cellobiose
YML054C-A	40.9918731672038	-1.20339519915171	0.281140847110026	-4.2803997054215	1.86557947705137e-05	3.82978164970168e-05	-1.10696113520657	FALSE	down_in_cellobiose
YDL139C	918.029512836574	-0.293260929001715	0.0685135651910722	-4.28033380227495	1.86613203069954e-05	3.82978164970168e-05	-0.28920107961858	FALSE	down_in_cellobiose
YFR038W	2107.31062211413	-0.241912344258038	0.0565967733295696	-4.2743133579251	1.91727232869552e-05	3.93339994706599e-05	-0.239546295121092	FALSE	down_in_cellobiose
YDR259C	505.524881482119	-0.479762960232066	0.112365122573241	-4.26967860885259	1.95754836947612e-05	4.01466684930199e-05	-0.465146564110998	FALSE	down_in_cellobiose
YHR104W	5058.93281588063	0.303255563898766	0.0711308291075252	4.26334920742101	2.01385419681441e-05	4.12874243468933e-05	0.298925868496937	FALSE	up_in_cellobiose
YER118C	1322.92545078267	-0.298527744252612	0.0700388415743847	-4.2623169878611	2.02318175497766e-05	4.14645993022871e-05	-0.29423008116779	FALSE	down_in_cellobiose
YOL070C	2593.55768520817	-0.229323244328744	0.0538987271669492	-4.25470611983886	2.09323757614656e-05	4.28858430234904e-05	-0.227242879015004	FALSE	down_in_cellobiose
YPL056C	313.695533395256	0.441826587474538	0.103850606885388	4.25444396258704	2.09569132994147e-05	4.29215752234541e-05	0.429762272533382	FALSE	up_in_cellobiose
YDL058W	3763.30262665238	-0.228190051817687	0.0536418982705156	-4.25395183941715	2.100304928477e-05	4.3001503748913e-05	-0.226135585275965	FALSE	down_in_cellobiose
YDL030W	1524.99101037179	-0.264072935482295	0.062084542310626	-4.25344096379202	2.10510455758737e-05	4.30851856659506e-05	-0.261020900646962	FALSE	down_in_cellobiose
YHR207C	2323.85715059086	-0.248690535310038	0.0584999698632365	-4.25112245171128	2.12701829485554e-05	4.35189670070579e-05	-0.246086700049822	FALSE	down_in_cellobiose
YJR151C	2429.64364407489	0.437403939099275	0.102938915645019	4.24916015831802	2.14573469554254e-05	4.38870593122802e-05	0.425913530537287	FALSE	up_in_cellobiose
YKL213C	3593.14782435475	-0.215017866523572	0.0506189736994477	-4.24777214568295	2.15906814832012e-05	4.41448416532795e-05	-0.213278321676914	FALSE	down_in_cellobiose
YKL116C	1783.19833700892	-0.256901001789515	0.0605025637319845	-4.24611761788377	2.17506482977211e-05	4.44568843881775e-05	-0.254022590410389	FALSE	down_in_cellobiose
YLR283W	1487.30202558781	-0.24767456380362	0.0583416389161082	-4.24524522116632	2.18354489623062e-05	4.46151335554149e-05	-0.245087660469674	FALSE	down_in_cellobiose
YDR237W	1513.15476283059	0.271092326627258	0.0638605636539644	4.2450662993863	2.18528797658862e-05	4.46356693090441e-05	0.267866930734643	FALSE	up_in_cellobiose
YBR130C	2389.41057966521	-0.219289051255497	0.0517058208220983	-4.24109022483164	2.22436691973608e-05	4.54185385906948e-05	-0.217431351734696	FALSE	down_in_cellobiose
YGR191W	5368.29393190923	-0.287325699863981	0.0677549286059452	-4.24066124451306	2.22862269312504e-05	4.5490077786096e-05	-0.283345236506163	FALSE	down_in_cellobiose
YEL068C	1096.52264315244	-0.359447133321011	0.0848152591787787	-4.23800076544418	2.25519000652188e-05	4.60168325217421e-05	-0.352252183355026	FALSE	down_in_cellobiose
YMR217W	11815.4387251611	0.324250538111115	0.0765217328111224	4.23736533660913	2.26157979010601e-05	4.61316511654676e-05	0.319142866583371	FALSE	up_in_cellobiose
YNL098C	6874.17528187252	0.228560162111818	0.0539835465099543	4.23388563531433	2.29687783177623e-05	4.68358635420858e-05	0.227043671437993	FALSE	up_in_cellobiose
YKL179C	2814.15275812435	-0.206991310346778	0.0489176462706603	-4.231424161365	2.32216292383407e-05	4.73354949893781e-05	-0.205423336100519	FALSE	down_in_cellobiose
YBR034C	6201.15332712653	0.493652673017126	0.11672899019712	4.22904946049389	2.34680752419851e-05	4.78217382289507e-05	0.477560595905524	FALSE	up_in_cellobiose
YPL070W	2647.64753112828	-0.258823143247852	0.0612114958902575	-4.22834207012162	2.35419678656005e-05	4.79561541431969e-05	-0.255866405110473	FALSE	down_in_cellobiose
YDL129W	831.271311622725	-0.338867930202699	0.0801744207152549	-4.22663397102939	2.37213063302738e-05	4.83052056180121e-05	-0.33273357850414	FALSE	down_in_cellobiose
YLR441C	33329.3626576716	0.224426976760506	0.0531032592962961	4.22623732958251	2.37631364898332e-05	4.8374099458267e-05	0.222535475603729	FALSE	up_in_cellobiose
YBR192W	1792.72400402502	0.242097449619008	0.057302395489062	4.22490975382033	2.39036549836603e-05	4.86437770326977e-05	0.239718239822057	FALSE	up_in_cellobiose
YMR254C	110.661053711105	-0.706260856114971	0.167236124360942	-4.22313575379601	2.409266012151e-05	4.90119099949183e-05	-0.670148835237079	FALSE	down_in_cellobiose
YMR153W	2660.99933216407	-0.261915233019884	0.0620225533636329	-4.22290310242949	2.4117552420327e-05	4.90460514586879e-05	-0.25887020387862	FALSE	down_in_cellobiose
YDL176W	1917.33651369623	-0.291737738392501	0.0691141687717067	-4.22109885103516	2.43114288759437e-05	4.94237048207421e-05	-0.287578877501281	FALSE	down_in_cellobiose
YPL106C	18457.0124443611	0.228291113040914	0.05409711249936	4.22002399931447	2.44276312599552e-05	4.96432506250702e-05	0.226321954110267	FALSE	up_in_cellobiose
YAR008W	1182.76356197436	0.320192391115035	0.0759864467167359	4.21380923770072	2.51099389380173e-05	5.10127345304429e-05	0.314989994506223	FALSE	up_in_cellobiose
YBR098W	1220.76814786771	0.262706613866598	0.0623607739463691	4.21269008130862	2.52347197773355e-05	5.12490212267713e-05	0.259674074082864	FALSE	up_in_cellobiose
YBR261C	1591.00311213538	-0.259715179563288	0.0616742036997535	-4.21108281880137	2.54149544428036e-05	5.15977322826708e-05	-0.256698863389704	FALSE	down_in_cellobiose
YER169W	4572.11674795712	0.212451825095362	0.0504626001013141	4.21008478890944	2.5527486694656e-05	5.18088052111676e-05	0.210845213220031	FALSE	up_in_cellobiose
YGR112W	1564.5106956559	0.243462791698745	0.0578324107226303	4.20979842715559	2.55598626392778e-05	5.18571114533218e-05	0.2410430201726	FALSE	up_in_cellobiose
YLL038C	749.689125142164	-0.356037802317183	0.0846661567784333	-4.2051962184715	2.60855745803322e-05	5.29059540784203e-05	-0.348966870085343	FALSE	down_in_cellobiose
YCL026C-A	602.809513641126	0.350631616756393	0.0834053679486509	4.20394544596053	2.62302183154911e-05	5.31814818545392e-05	0.343986236160751	FALSE	up_in_cellobiose
YLR249W	98315.0779174606	0.28047490746936	0.0667267470915727	4.20333553926208	2.63010264211788e-05	5.32922250589282e-05	0.27702468062446	FALSE	up_in_cellobiose
YBR161W	2064.87859567965	-0.259165429126543	0.0616572691538797	-4.20332318772887	2.63024622686674e-05	5.32922250589282e-05	-0.256168136505025	FALSE	down_in_cellobiose
YML047C	241.940661039803	0.621054298458887	0.147860645307732	4.2002677397108	2.6659952972001e-05	5.39984579955332e-05	0.593395049652135	FALSE	up_in_cellobiose
YLR056W	24722.7615844357	0.771234024320921	0.183639032457228	4.1997282059333	2.67235570783789e-05	5.41091641145081e-05	0.727720789677196	FALSE	up_in_cellobiose
YNR015W	1640.38083573622	0.27768262062626	0.0661469498864574	4.19796560692379	2.69323521215248e-05	5.45136765833272e-05	0.274183515329817	FALSE	up_in_cellobiose
YOR179C	1123.1576887549	-0.270339268216002	0.0644081639273874	-4.19728263828135	2.70136718832792e-05	5.46599824523494e-05	-0.266864064324051	FALSE	down_in_cellobiose
YGR141W	2627.64823144242	-0.224647830925633	0.0535610330827181	-4.19424006588323	2.73787905040968e-05	5.53802424644741e-05	-0.222626531873534	FALSE	down_in_cellobiose
YOL061W	5066.37413686806	0.203002854370876	0.0484015367835507	4.19414067943121	2.73907959851375e-05	5.53860027141798e-05	0.201564764681607	FALSE	up_in_cellobiose
YLR313C	1339.97256156521	0.254352880754834	0.0606505568268861	4.19374353776882	2.74388190723787e-05	5.54645647559314e-05	0.251577805445496	FALSE	up_in_cellobiose
YER185W	290.417440625609	-0.463095884849171	0.110479478205777	-4.19169145591561	2.7688238749026e-05	5.59500394099931e-05	-0.449241228018896	FALSE	down_in_cellobiose
YKL135C	4126.10355065347	-0.209664179077224	0.0500207968258902	-4.19154016692322	2.77067121932132e-05	5.59686691197573e-05	-0.209149696032518	FALSE	down_in_cellobiose
YMR122W-A	16783.430842966	0.192376332081522	0.0458999108559299	4.19121363188156	2.77466243560968e-05	5.60305790002248e-05	0.191330741629112	FALSE	up_in_cellobiose
YHR082C	3261.63192958805	0.215635681087862	0.0514660138583766	4.18986560104004	2.79119726650595e-05	5.63456644453537e-05	0.213897448785916	FALSE	up_in_cellobiose
YGR133W	1013.36490735856	-0.318675742187147	0.0760631071461331	-4.18962298732952	2.79418307558521e-05	5.63871179217195e-05	-0.313373949400544	FALSE	down_in_cellobiose
YHL007C	4682.09348100711	0.224640633941879	0.0536968774640095	4.1834952896925	2.87061040517978e-05	5.79101125100977e-05	0.221605075916569	FALSE	up_in_cellobiose
YDL157C	2513.10856043991	0.249980267226416	0.0598218670235805	4.1787439888474	2.93123419207329e-05	5.91133857741223e-05	0.246768070835681	FALSE	up_in_cellobiose
YGL244W	4940.10831468583	0.219905236906592	0.0526500817388576	4.17673115869628	2.95728198497948e-05	5.96188048171864e-05	0.217526630651216	FALSE	up_in_cellobiose
YMR183C	3800.64074166291	-0.257749150902664	0.0617393689929364	-4.17479405939754	2.98255738637632e-05	6.01083208024125e-05	-0.254798239177007	FALSE	down_in_cellobiose
YDR101C	3565.07775038246	0.293932377695676	0.0704312325049149	4.17332435116998	3.00187108007206e-05	6.04774027057821e-05	0.289787752885152	FALSE	up_in_cellobiose
YKL069W	1869.73572622801	0.29490674717887	0.0707175616820967	4.17020525261592	3.04325423928244e-05	6.12907147491847e-05	0.290739268923389	FALSE	up_in_cellobiose
YNL282W	547.819052640859	-0.351792622867681	0.0843673199814012	-4.16977359177977	3.0490238998308e-05	6.13864731896694e-05	-0.344827723913273	FALSE	down_in_cellobiose
YBL010C	1032.54130679569	-0.275753216900046	0.066206439404433	-4.16505130589431	3.11282554912319e-05	6.26501461600567e-05	-0.272122078258921	FALSE	down_in_cellobiose
YLR456W	949.781621292161	0.365305787506862	0.0877332885420636	4.16382189220818	3.12964282065308e-05	6.29676639364931e-05	0.357919486320021	FALSE	up_in_cellobiose
YIL002C	2336.15899428808	-0.221353059969161	0.0531756993988042	-4.16267322238809	3.14543357330179e-05	6.32643240815737e-05	-0.2193707215184	FALSE	down_in_cellobiose
YOR358W	1577.10120910407	0.311558239037153	0.0749278178343222	4.15811174063629	3.20889060226942e-05	6.45191833860554e-05	0.30662474184225	FALSE	up_in_cellobiose
YML071C	2490.32476483588	-0.225837892065535	0.0543445110189686	-4.15567069849441	3.2433468695209e-05	6.51903019835906e-05	-0.223751866466166	FALSE	down_in_cellobiose
YOR351C	139.550502876214	-0.618779018334897	0.148947090886058	-4.15435450705281	3.26207099296717e-05	6.55448683238054e-05	-0.590852394322515	FALSE	down_in_cellobiose
YDR047W	5132.96436329179	-0.201424503043076	0.0484997068555078	-4.15310763925166	3.27990360466243e-05	6.58812919329072e-05	-0.199885340723541	FALSE	down_in_cellobiose
YER019W	4153.14800352675	-0.208384352972804	0.0502000158054122	-4.15108142157871	3.30908009429683e-05	6.64452736065977e-05	-0.20723231545522	FALSE	down_in_cellobiose
YNL304W	1536.64052001992	0.239306232418677	0.0576570536601216	4.1505109475303	3.31733900125801e-05	6.6589001923692e-05	0.236928981795698	FALSE	up_in_cellobiose
YCL024W	2104.33448901736	0.262096869437768	0.0631583910023675	4.14983449195125	3.32715760692704e-05	6.67639323380715e-05	0.258988855349262	FALSE	up_in_cellobiose
YLR043C	6326.32900261465	0.253673428285534	0.0611563273405894	4.14795065885475	3.35464672695097e-05	6.72932119555538e-05	0.250876035498398	FALSE	up_in_cellobiose
YOR235W	78.8038950231305	-0.855186309883251	0.206292618039087	-4.14550126908185	3.39071122586708e-05	6.79941030969632e-05	-0.799284045829353	FALSE	down_in_cellobiose
YMR267W	1607.23355089903	0.255577980002589	0.061684621528171	4.14330142053101	3.42341513571909e-05	6.86271618854128e-05	0.252722878498667	FALSE	up_in_cellobiose
YDR210W	1395.34429733135	-0.281750548541956	0.0680085579570153	-4.14286903010113	3.42987837300496e-05	6.87339443337773e-05	-0.277868941661519	FALSE	down_in_cellobiose
YMR131C	5278.03876637107	0.349396367083696	0.0843653948615232	4.1414654392028	3.45093877551189e-05	6.91330828562303e-05	0.342609925512042	FALSE	up_in_cellobiose
YNL293W	2741.93348578895	-0.324983725336176	0.0785884809071465	-4.1352590301389	3.54554483043592e-05	7.09813145795314e-05	-0.319198916891865	FALSE	down_in_cellobiose
YJL024C	1253.08929975572	-0.260439224911438	0.0629791119904362	-4.13532704225787	3.54449488258378e-05	7.09813145795314e-05	-0.257302160354493	FALSE	down_in_cellobiose
YHL045W	93.8379319659857	-0.789908788175455	0.191273475632693	-4.12973511127249	3.63181432734719e-05	7.26843582124281e-05	-0.742354203212235	FALSE	down_in_cellobiose
YPL148C	639.022553251332	0.319279030293493	0.0773570678119293	4.12734142237301	3.66981331357459e-05	7.34205455524284e-05	0.313933911094363	FALSE	up_in_cellobiose
YER180C	1312.89391875752	-0.317093619655174	0.076884092414005	-4.12430724873086	3.71852242696475e-05	7.43704485392949e-05	-0.31168226028758	FALSE	down_in_cellobiose
YFL046W	1644.92960627037	-0.283200202406868	0.0686832667274146	-4.12327799623762	3.7351844960902e-05	7.4678994487119e-05	-0.279227170368964	FALSE	down_in_cellobiose
YDR246W-A	65.4019710138363	0.905270559243707	0.219563340760805	4.12304966806785	3.73889038373353e-05	7.47283841401864e-05	0.843387339597493	FALSE	up_in_cellobiose
YFL048C	2993.46011103685	-0.229618006961031	0.0557012905230734	-4.12231035950443	3.75091371849788e-05	7.49439252377772e-05	-0.227382827448586	FALSE	down_in_cellobiose
YPL237W	8991.35976856143	0.182045229861128	0.0442167087137024	4.11711398602389	3.83646353571578e-05	7.66279110436229e-05	0.18022941172127	FALSE	up_in_cellobiose
YMR136W	2480.4379327531	-0.35398541138787	0.0859890333611819	-4.11663438407333	3.84445208317672e-05	7.67621201685468e-05	-0.346744905492896	FALSE	down_in_cellobiose
YOR254C	5654.39120628622	0.207857487155097	0.0504959937715465	4.11631639720736	3.84975737171048e-05	7.6842681795726e-05	0.206136041945854	FALSE	up_in_cellobiose
YOR279C	1058.78897101793	0.275135190664102	0.0668779180604356	4.11399156318637	3.88875653563655e-05	7.75955114732098e-05	0.271544871614204	FALSE	up_in_cellobiose
YER107C	1900.49023339211	-0.222918887042421	0.0542135632898225	-4.11186562024543	3.92474727805055e-05	7.82878348867075e-05	-0.220857289521254	FALSE	down_in_cellobiose
YIL098C	1064.66499866726	0.30862693765668	0.0751865289774193	4.10481693800986	4.04635173635753e-05	8.06868951582273e-05	0.303683941732756	FALSE	up_in_cellobiose
YML081W	3009.54916625726	0.251753346368078	0.0613584554547984	4.10299354020637	4.07838641061539e-05	8.12988827007313e-05	0.248983910197492	FALSE	up_in_cellobiose
YIL118W	3512.56766943205	-0.27405944220295	0.066808775856306	-4.1021473405291	4.09333463546281e-05	8.15699765248074e-05	-0.270393855034081	FALSE	down_in_cellobiose
YLR053C	199.857862271969	0.518932793283419	0.126541571816567	4.10088784131477	4.11568016045257e-05	8.1988252998739e-05	0.500108804402616	FALSE	up_in_cellobiose
YIL085C	2708.17627735266	-0.238858377085887	0.0583020545086348	-4.0969118343936	4.18698274740739e-05	8.33812040050047e-05	-0.236376077716245	FALSE	down_in_cellobiose
YGR131W	1062.41955919453	0.268042893268234	0.0654929468396488	4.09269862179974	4.26381744190945e-05	8.48833702721144e-05	0.264670207106783	FALSE	up_in_cellobiose
YFL004W	2976.55608321325	-0.203305264181258	0.0496788680520283	-4.09238922208006	4.26951225087331e-05	8.49687729295221e-05	-0.201713820909377	FALSE	down_in_cellobiose
YAL048C	1338.42443770189	-0.263194191804275	0.0643838540181339	-4.08789122394173	4.35312167894632e-05	8.66042102443004e-05	-0.259583636788958	FALSE	down_in_cellobiose
YMR304W	3775.46094476915	0.198781578402729	0.0486452348892388	4.08635252466842	4.38207805680258e-05	8.71516214651168e-05	0.1973389600718	FALSE	up_in_cellobiose
YGL001C	4357.61618858294	-0.349912916339803	0.0856615095266289	-4.0848324792949	4.41086272129228e-05	8.76952588375269e-05	-0.342771567926435	FALSE	down_in_cellobiose
YBR058C	2958.39073935618	0.202297410180146	0.0495282062261852	4.08448893255482	4.41739316925544e-05	8.779623361044e-05	0.200777536445955	FALSE	up_in_cellobiose
YGR037C	6160.79620566458	0.289659028809037	0.0709228394203862	4.0841431501652	4.42397537424551e-05	8.78981703792274e-05	0.285475923138373	FALSE	up_in_cellobiose
YDR263C	622.923615070658	-0.332145991250485	0.0813327783660753	-4.08379005270803	4.43070642603682e-05	8.80029965999038e-05	-0.32592051607516	FALSE	down_in_cellobiose
YNL158W	1168.39427822805	-0.268185433833114	0.06571349441293	-4.08113183188665	4.48169247711542e-05	8.8986461265903e-05	-0.264696206833022	FALSE	down_in_cellobiose
YNL322C	6525.35788349375	0.191770024701862	0.0470345301046625	4.0772178285853	4.55777900061874e-05	9.04675004783135e-05	0.18992331587647	FALSE	up_in_cellobiose
YEL007W	2427.49077756272	0.264272803736688	0.0648792828439185	4.07330032257684	4.63515920999913e-05	9.19732378676992e-05	0.261004714083586	FALSE	up_in_cellobiose
YJR079W	122.506785797465	0.702326532502705	0.172467476843694	4.07222593706301	4.65659761606118e-05	9.23683252933356e-05	0.664393671521562	FALSE	up_in_cellobiose
YDR151C	2412.13679237731	-0.256812527516524	0.063073031638022	-4.07166931487262	4.66774145759161e-05	9.25590174934887e-05	-0.253635698572094	FALSE	down_in_cellobiose
YFL041W	2792.21659855174	-0.215834622350289	0.0530411873441079	-4.0691891180725	4.71770427172373e-05	9.35190935279747e-05	-0.213763069191223	FALSE	down_in_cellobiose
YDL220C	877.775742280341	0.38956154698726	0.095753723767421	4.068369684854	4.73432265092967e-05	9.3817769963377e-05	0.380239620986198	FALSE	up_in_cellobiose
YDR217C	2619.31695425467	0.216863360180872	0.0533182872942027	4.06733545254842	4.75537646979936e-05	9.4204116899268e-05	0.214993534985442	FALSE	up_in_cellobiose
YGR245C	2761.93913275947	0.275942370005932	0.0678545837870594	4.06667250177073	4.76891878426701e-05	9.44414564742858e-05	0.272524717414817	FALSE	up_in_cellobiose
YBR080C	4120.01421370945	-0.203996829982814	0.0501917987136591	-4.06434587344842	4.81673550024727e-05	9.53571728494125e-05	-0.202250354771426	FALSE	down_in_cellobiose
YCR017C	4759.07884403703	-0.196715347453254	0.0484194819801455	-4.06273135127545	4.85018382873439e-05	9.59879312702407e-05	-0.195176939668174	FALSE	down_in_cellobiose
YIL103W	1796.75770946092	-0.233159007504894	0.0574255770540009	-4.06019441973808	4.90318707580287e-05	9.70051535310952e-05	-0.230735264790303	FALSE	down_in_cellobiose
YLL016W	2054.82117793404	0.238872776939657	0.0588626759184627	4.05813655618624	4.94658419008737e-05	9.78317239426044e-05	0.236435758365862	FALSE	up_in_cellobiose
YBL005W-B	5921.68567569065	-1.60340356481957	0.39512751827586	-4.0579395022043	4.95075879718846e-05	9.78598712632459e-05	-1.42707959880134	FALSE	down_in_cellobiose
YPR094W	677.014105558059	0.312341026971047	0.0769707845605719	4.05791663361897	4.95124348653327e-05	9.78598712632459e-05	0.307117807856455	FALSE	up_in_cellobiose
YNL038W	1430.38051135926	-0.244089517883654	0.0601747939121729	-4.05634156786495	4.98473474489569e-05	9.84896299808204e-05	-0.24141392822867	FALSE	down_in_cellobiose
YDR049W	2394.19270141628	-0.22394298138352	0.0552168826629908	-4.05569765229826	4.99848832513804e-05	9.87291227643203e-05	-0.22179786506324	FALSE	down_in_cellobiose
YLR126C	1985.89244588023	-0.240108498502421	0.0592486000750672	-4.05255986129978	5.0660255891555e-05	0.000100030436706538	-0.237628552605698	FALSE	down_in_cellobiose
YBL078C	1735.65346813239	0.367383373496358	0.0906608313345582	4.05228330788887	5.07201937058304e-05	0.000100116100369733	0.359333795507555	FALSE	up_in_cellobiose
YJL165C	3858.27537659638	0.232602799489244	0.0574138250598252	4.0513377961993	5.09256239182213e-05	0.000100488800475498	0.230223831625568	FALSE	up_in_cellobiose
YCR059C	2937.958470382	0.26115706749234	0.0644872451118992	4.04974762124163	5.12728988432719e-05	0.000101108083535738	0.258020654887643	FALSE	up_in_cellobiose
YDR023W	10029.7256396079	0.208472432436778	0.0514774544700896	4.0497812990716	5.12655208064346e-05	0.000101108083535738	0.206845514451235	FALSE	up_in_cellobiose
YHR141C	15877.183557171	0.236822212778802	0.0584826725538058	4.04944238074822	5.13398159151089e-05	0.000101207042586238	0.234692750912091	FALSE	up_in_cellobiose
YNCE0017W	4761.32806421535	0.358602758979517	0.0886232331391509	4.04637414228006	5.20170711439152e-05	0.000102508714981557	0.351098238557106	FALSE	up_in_cellobiose
YKR089C	3194.71861053965	0.224395449137676	0.0554880915090215	4.0440289625242	5.25404245582092e-05	0.000103506347794153	0.222402873369151	FALSE	up_in_cellobiose
YDR475C	4488.91159183912	-0.211948875604151	0.0524163413821743	-4.04356485048821	5.26445861367766e-05	0.000103644028956779	-0.210130542235193	FALSE	down_in_cellobiose
YPR105C	2804.64667242811	-0.198122750201321	0.0489969716063885	-4.0435713413661	5.2643128027992e-05	0.000103644028956779	-0.196608208961607	FALSE	down_in_cellobiose
YCR031C	31133.637014062	0.205231916106461	0.0508073849611546	4.03941112622454	5.35855671792584e-05	0.000105462255222959	0.203670586004428	FALSE	up_in_cellobiose
YIR041W	114.955406300271	-0.703884316191454	0.17427367986641	-4.03895939266916	5.36888579267958e-05	0.000105631168751223	-0.664804059499138	FALSE	down_in_cellobiose
YDR056C	5786.26560807581	-0.344595288973709	0.0853534427209993	-4.0372746310903	5.40757518566211e-05	0.00010635383001941	-0.337552746806212	FALSE	down_in_cellobiose
YCL017C	3561.16818808359	0.192692032065969	0.0477290441201261	4.03720702180825	5.4091332860401e-05	0.00010635383001941	0.19134413890702	FALSE	up_in_cellobiose
YIL030C	3653.16432209642	0.236144257395891	0.0585191788265244	4.03533101679234	5.45253708977443e-05	0.000107172389726863	0.233925301882473	FALSE	up_in_cellobiose
YML013W	3453.89425788083	0.204117432500112	0.0505959681143467	4.03426281000903	5.47739865664102e-05	0.000107626078867332	0.202497898431772	FALSE	up_in_cellobiose
YLR207W	2789.4629462841	-0.201873948732472	0.0500578852901222	-4.03281016691905	5.51138000752674e-05	0.000108258610865611	-0.200268340032317	FALSE	down_in_cellobiose
YNL039W	3203.44007193926	0.211666654338239	0.0524897110911402	4.03253609018181	5.51781377784695e-05	0.00010834979781954	0.209892920788	FALSE	up_in_cellobiose
YGL139W	2568.76610982558	0.228707449458969	0.0567291603067672	4.03156768445392	5.54060349331792e-05	0.00010876199262443	0.226416527739943	FALSE	up_in_cellobiose
YGR084C	2093.67104428332	0.214379862083859	0.0531764632431126	4.03148026418673	5.54266515686982e-05	0.000108767160508594	0.212531742280792	FALSE	up_in_cellobiose
YAL056W	5401.09013663241	0.185710024144281	0.0460950428883197	4.02885023003936	5.60503110202529e-05	0.000109955329565517	0.182604208692876	FALSE	up_in_cellobiose
YDR071C	4028.25842899152	0.215515742313363	0.0535221557640988	4.02666408399651	5.65737647157012e-05	0.000110946215629235	0.213647462979061	FALSE	up_in_cellobiose
YFL003C	755.986342385742	-0.336057389458132	0.0834755792957716	-4.02581679927502	5.67778820762914e-05	0.000111310415169339	-0.329440381073832	FALSE	down_in_cellobiose
YJL078C	10998.4635322825	-0.253682391764993	0.0630552447978171	-4.02317670129441	5.7418384306006e-05	0.000112529613831084	-0.251385410115494	FALSE	down_in_cellobiose
YNL275W	966.203772031257	0.30559044353204	0.0760060225840818	4.0206082773767	5.80480608264415e-05	0.000113726813047722	0.300581166271423	FALSE	up_in_cellobiose
YGL231C	3183.22053617428	0.194109603059038	0.0482951652785808	4.01923467782659	5.83874918504955e-05	0.000114354776784908	0.192545788576199	FALSE	up_in_cellobiose
YDR493W	941.03336934417	0.301666719181331	0.0750783339980988	4.01802628157638	5.86876527697227e-05	0.000114905446407019	0.296826066209855	FALSE	up_in_cellobiose
YHL049C	3220.92719719002	0.3108454111001	0.0773691660363626	4.01769111682044	5.87711649049672e-05	0.000115031716940208	0.3058437744629	FALSE	up_in_cellobiose
YOR126C	1734.60331987984	0.259926516703075	0.064724555515603	4.01588724144139	5.92225680995476e-05	0.000115877739199632	0.256714594339641	FALSE	up_in_cellobiose
YKL173W	2045.61909333878	0.213374034444389	0.0531628951927071	4.01358943434029	5.98023290152281e-05	0.000116974283921119	0.211537131828263	FALSE	up_in_cellobiose
YLR008C	1135.78418244302	0.268528753320727	0.0669343390053216	4.01182348718462	6.02515440875893e-05	0.000117814852454491	0.264998463478569	FALSE	up_in_cellobiose
YDR381W	9920.67007620152	0.161653351188239	0.0403141495366878	4.00984153320973	6.07595109308462e-05	0.00011876972272455	0.160998608011937	FALSE	up_in_cellobiose
YLR351C	5037.20453823163	-0.217803164698698	0.0543390819200001	-4.00822312418446	6.11773073705236e-05	0.000119547772205792	-0.21560829087416	FALSE	down_in_cellobiose
YGR285C	14130.6685851741	0.156616245331474	0.0390962657613296	4.00591315517361	6.17783459496813e-05	0.000120683280459843	0.155179034145101	FALSE	up_in_cellobiose
YGL131C	1190.17994080138	-0.268775605623101	0.067103453129465	-4.00539157209306	6.19148299290181e-05	0.000120910846435486	-0.265133492251351	FALSE	down_in_cellobiose
YOR157C	4780.45478918134	0.200396490511686	0.0500630702432755	4.00288055722279	6.25758983493435e-05	0.000122162373536743	0.198902286990404	FALSE	up_in_cellobiose
YBL088C	2207.21739495433	0.269243327512718	0.0673604144425571	3.99705568531382	6.41352180788259e-05	0.000125166117760806	0.265674877898169	FALSE	up_in_cellobiose
YFL012W	498.489415191859	0.394237012672699	0.0986441796687548	3.99655624889922	6.42706156476095e-05	0.00012538989788282	0.384149849564608	FALSE	up_in_cellobiose
YPL090C	32054.1040399288	0.210318204454405	0.052659672998441	3.99391398538749	6.49914487845544e-05	0.000126755331263781	0.208789578311204	FALSE	up_in_cellobiose
YPR196W	825.294586329483	-0.296467674759229	0.0743584247067003	-3.98700854581868	6.6911616369441e-05	0.000130458238492063	-0.291646199032275	FALSE	down_in_cellobiose
YDR497C	17161.9679055526	0.396350535573762	0.0994421785703424	3.98573866011388	6.72705221322437e-05	0.000131115732470451	0.386251785646432	FALSE	up_in_cellobiose
YHR066W	2889.46650941262	0.3158712647379	0.0794224592165396	3.97710254572576	6.97600867137915e-05	0.00013592429266914	0.310302024525731	FALSE	up_in_cellobiose
YDR435C	1560.96410648743	-0.232416103689142	0.0584661652988415	-3.97522400351007	7.0313043718093e-05	0.000136957580807416	-0.229973452484581	FALSE	down_in_cellobiose
YAR015W	9851.51336785225	-0.273619613069756	0.0688479539533889	-3.97425918067225	7.05986526874008e-05	0.000137469623777656	-0.269607376813926	FALSE	down_in_cellobiose
YER152C	3071.86938665777	-0.208975151949817	0.0525986616153154	-3.97301272565021	7.096925603938e-05	0.000138146784849105	-0.20713761394823	FALSE	down_in_cellobiose
YGR240C	22874.6134384377	0.168933322912839	0.0426028191847734	3.96530854402276	7.3301067909522e-05	0.000142639915932043	0.168094098074243	FALSE	up_in_cellobiose
YGL025C	2181.5454628545	-0.208760633963117	0.0526496555984806	-3.96509020980454	7.3368195014142e-05	0.000142724619956748	-0.206872984758877	FALSE	down_in_cellobiose
YPL221W	8800.22770120719	0.285078278144385	0.07194949191984	3.96220001750666	7.42622846829041e-05	0.000144417459087525	0.280816293055319	FALSE	up_in_cellobiose
YOR172W	1339.06521858206	0.247009384339647	0.0623663964426992	3.96061658888042	7.47564822548803e-05	0.000145331791924627	0.244147642781451	FALSE	up_in_cellobiose
YDR352W	1269.76422473193	-0.260929263832818	0.0659057434603842	-3.95912784125805	7.52239647132561e-05	0.000146193617797485	-0.257486730340803	FALSE	down_in_cellobiose
YBR258C	483.081825581764	-0.350475836922048	0.0885617691658786	-3.95741684276426	7.57646504097445e-05	0.000147197110722176	-0.342819456351714	FALSE	down_in_cellobiose
YLR466W	16614.5342012365	0.306124024543372	0.0774229927938606	3.95391618815912	7.6882349955075e-05	0.000149320633438758	0.301116493946526	FALSE	up_in_cellobiose
YML001W	4478.02518517339	-0.226144343427331	0.0572257209541041	-3.95179544542046	7.75670314557447e-05	0.000150602056579244	-0.223807426318101	FALSE	down_in_cellobiose
YPR113W	9613.19531740879	0.157737155155873	0.0399255302675161	3.95078422500528	7.7895529892857e-05	0.000151191323745828	0.156965630122528	FALSE	up_in_cellobiose
YOR310C	7387.68056291446	0.319527552643523	0.0808863377649304	3.95032784859324	7.80442157125648e-05	0.000151431317494255	0.313973755714234	FALSE	up_in_cellobiose
YNL274C	1855.83007817318	0.286259075449654	0.0724834092357997	3.94930479219609	7.83784993927213e-05	0.000152031162388447	0.282026210820054	FALSE	up_in_cellobiose
YJL081C	3630.20297923694	0.181185489348688	0.0458842351280682	3.94875252563279	7.85595146408599e-05	0.000152333422426393	0.17999185341265	FALSE	up_in_cellobiose
YOL103W	3069.33549990212	-0.188738425295013	0.0478259333928974	-3.94636156380886	7.93477644766398e-05	0.000153812589600871	-0.187353038933524	FALSE	down_in_cellobiose
YNL118C	6076.12000688037	-0.183940684760687	0.0466641141716828	-3.94180170406637	8.08718254022346e-05	0.000156716693377993	-0.182615569950976	FALSE	down_in_cellobiose
YJL124C	2803.23118032042	0.204801797777371	0.0519646078411047	3.94117854990084	8.1082241270147e-05	0.000157074117617505	0.203268739937215	FALSE	up_in_cellobiose
YOR217W	3343.71437378727	0.1994346289732	0.0506218059317325	3.93969802741043	8.15842355065078e-05	0.000157995983459289	0.197868799458652	FALSE	up_in_cellobiose
YDR479C	2671.13227012314	0.211586204358145	0.0537102601270122	3.93940010451994	8.16856053103915e-05	0.000158141658424215	0.209736506408441	FALSE	up_in_cellobiose
YJR062C	1537.70031847059	-0.2624594740095	0.0666355994781294	-3.93872758803112	8.19148703785994e-05	0.000158534763535926	-0.258960628211544	FALSE	down_in_cellobiose
YKL021C	1969.8252817911	-0.259903872986345	0.0660100461921074	-3.93733814743824	8.23904670440926e-05	0.00015940420495287	-0.256789039993042	FALSE	down_in_cellobiose
YLR051C	2416.66100541621	0.304189808469888	0.0772831895510439	3.9360410748702	8.2836801034314e-05	0.000160216492694445	0.299040499750619	FALSE	up_in_cellobiose
YOR278W	919.16156876654	-0.26312113838185	0.0668541444510179	-3.93574909293216	8.29375891920927e-05	0.000160360146877806	-0.259566243423204	FALSE	down_in_cellobiose
YJL006C	1215.1371230742	-0.300159870278891	0.0762844737024313	-3.93474393557131	8.32854426727092e-05	0.000160981258320404	-0.295048650979173	FALSE	down_in_cellobiose
YHR010W	19467.1535148061	0.204445870062421	0.0519917689163381	3.93227378724894	8.41461504965529e-05	0.000162592945112828	0.202963938222713	FALSE	up_in_cellobiose
YER019C-A	4352.30442508361	0.243747058513264	0.0619944547680635	3.9317558227616	8.43276949519901e-05	0.000162891695646642	0.240579372708517	FALSE	up_in_cellobiose
YKL152C	223624.210488842	-0.182451452111741	0.0464266332453945	-3.929887639006	8.49855655629183e-05	0.000164110057638739	-0.181222067718938	FALSE	down_in_cellobiose
YGR271C-A	1639.25280254383	0.257727309807914	0.0655915884332218	3.92927379812281	8.52027827223576e-05	0.000164476996458608	0.254452517546489	FALSE	up_in_cellobiose
YOR174W	1606.4334867925	-0.252399393563674	0.0642586030856192	-3.92786928821614	8.57017655231632e-05	0.000165387453058102	-0.249214525220579	FALSE	down_in_cellobiose
YHR060W	1505.96837536957	0.239428357663038	0.0609798538932613	3.92635177647574	8.62439975497209e-05	0.000166380764650945	0.236770039561177	FALSE	up_in_cellobiose
YGR028W	2357.26389351208	-0.222527797159089	0.0567021643679819	-3.9245027000194	8.69090846821696e-05	0.000167610377601327	-0.220223080064778	FALSE	down_in_cellobiose
YOL029C	635.382006653869	-0.335342050759444	0.0854535973355846	-3.9242590273002	8.69970908930893e-05	0.000167726619611541	-0.328434560579028	FALSE	down_in_cellobiose
YLR067C	1257.27239531248	0.284486921817101	0.0725248079879377	3.9226153051576	8.75929501519462e-05	0.000168821594174305	0.28014154652965	FALSE	up_in_cellobiose
YGL108C	909.051689151887	-0.294389382811816	0.0750648194341658	-3.92180231739589	8.78890863268911e-05	0.000169338386143688	-0.289517254477009	FALSE	down_in_cellobiose
YGR212W	769.999069356873	-0.354239267217129	0.0903380959462866	-3.9212611634825	8.80867293011004e-05	0.000169665139749381	-0.34624528239131	FALSE	down_in_cellobiose
YDR306C	2325.36315620464	0.20402677901721	0.0520360618780829	3.9208727880913	8.82288324617601e-05	0.000169884743307458	0.20231435891526	FALSE	up_in_cellobiose
YML068W	1233.3209752428	-0.275014313054339	0.07019508139483	-3.91785731406808	8.93395599608256e-05	0.000171968701032169	-0.270956319385294	FALSE	down_in_cellobiose
YBR218C	11867.9401238904	-0.241234813846849	0.0616294921561027	-3.91427554255713	9.06760421998522e-05	0.000174485747128446	-0.238556946951282	FALSE	down_in_cellobiose
YFR019W	2000.81082677918	0.311285123422326	0.0795629959139782	3.91243592384179	9.13697861931405e-05	0.00017576477954711	0.305735925026353	FALSE	up_in_cellobiose
YNL142W	2730.84314623433	-0.263731785030889	0.0674137565816897	-3.91213601501805	9.1483359866886e-05	0.000175927300627957	-0.260116153793307	FALSE	down_in_cellobiose
YOL100W	3164.89615847454	0.207646433727912	0.0531120999410234	3.90958809684584	9.24536340401567e-05	0.000177736674721827	0.20586238865033	FALSE	up_in_cellobiose
YLR109W	25976.0280126666	-0.272764865784756	0.0697945345005734	-3.90811211417299	9.30201413107635e-05	0.000178768927438036	-0.268376994838415	FALSE	down_in_cellobiose
YNL310C	1271.4657073775	0.287807935931244	0.0736573500422083	3.90738922546521	9.32987928025117e-05	0.000179247490111052	0.283308855639731	FALSE	up_in_cellobiose
YKL207W	4835.32348657672	0.189299894130297	0.0484921507368887	3.90372238091501	9.47244320991628e-05	0.000181928664762063	0.187933560045925	FALSE	up_in_cellobiose
YLR263W	913.968171322641	-0.292366629823306	0.0749063991328377	-3.9030928359649	9.49712537315344e-05	0.000182344807164546	-0.287539529397192	FALSE	down_in_cellobiose
YPL104W	1477.97232654534	0.243428466837851	0.0623958783368114	3.90135491841032	9.56557840870414e-05	0.000183600819472684	0.240606742162115	FALSE	up_in_cellobiose
YDR423C	2101.94898443784	-0.22011215139433	0.0564498802241744	-3.89924921931132	9.64914185250891e-05	0.000185145970570983	-0.217954223847646	FALSE	down_in_cellobiose
YKR051W	1853.65590021381	-0.238819186490408	0.061297926004726	-3.89604024240552	9.77781496065344e-05	0.000187555423032135	-0.236006879004824	FALSE	down_in_cellobiose
YBR004C	1197.22519688898	-0.310003873852163	0.0795824009142149	-3.89538227410767	9.8043974508517e-05	0.000187962432559931	-0.304315858792296	FALSE	down_in_cellobiose
YKL038W	2184.02971141167	0.266523282747989	0.0684206849673874	3.89536121824894	9.80524925143158e-05	0.000187962432559931	0.262877903851359	FALSE	up_in_cellobiose
YLR154C	773.882733682357	0.371839753550454	0.0955410600871065	3.89193665227747	9.94472137585325e-05	0.000190575649179849	0.36279983534991	FALSE	up_in_cellobiose
YPL276W	103.117121926227	-0.683909640190557	0.175800296046179	-3.89026443966231	0.000100135040372925	0.000191786044424016	-0.644267265262778	FALSE	down_in_cellobiose
YPR089W	3142.12191211211	-0.20503517743607	0.0527049256905896	-3.89024696932035	0.000100142250048122	0.000191786044424016	-0.20322072424434	FALSE	down_in_cellobiose
YNR032W	1468.15338821929	-0.242285662746086	0.0622835970833204	-3.89003965878796	0.000100227840546383	0.000191889198994784	-0.239389669975918	FALSE	down_in_cellobiose
YOR043W	5731.22206280792	-0.182888402655367	0.0470517126631644	-3.88696589993728	0.000101505006783597	0.000194272873742783	-0.181630815405565	FALSE	down_in_cellobiose
YNL041C	2869.00379725304	-0.203940864670508	0.0524887402248573	-3.88542121218461	0.000102152619085575	0.000195450503078	-0.202068467945144	FALSE	down_in_cellobiose
YMR048W	1524.00101344843	0.238340278219553	0.0613664687490673	3.8838845232263	0.000102800746118212	0.000196628372081894	0.235662554244473	FALSE	up_in_cellobiose
YMR061W	4098.89766984267	-0.204234743696282	0.0525905754207162	-3.88348562575017	0.00010296962192482	0.000196889115839808	-0.202439100305275	FALSE	down_in_cellobiose
YDL042C	1377.88919617578	0.251557111267399	0.0648301751159275	3.88024728943848	0.000104350315813002	0.000199466090403615	0.248419043726726	FALSE	up_in_cellobiose
YNL097C-B	44.258293007875	-1.07165436201966	0.276289416204849	-3.87873837782155	0.00010499960410174	0.000200643793240861	-0.975253977138069	FALSE	down_in_cellobiose
YJR145C	33282.9334463975	0.208250767906959	0.0537062017689482	3.87759255072409	0.000105495201064504	0.00020152715604489	0.206737226544885	FALSE	up_in_cellobiose
YER088C	6055.57496240114	-0.177539385810253	0.0457929964638201	-3.87699865743711	0.000105752941543564	0.000201955727961943	-0.176243828151832	FALSE	down_in_cellobiose
YKR005C	317.332488392905	0.41275231648787	0.10649076677844	3.87594463796681	0.000106211833392756	0.00020276804556799	0.400682241146764	FALSE	up_in_cellobiose
YLR209C	2420.35424363505	-0.214256576903538	0.0553102533909593	-3.87372256982933	0.000107185425772988	0.000204562150544345	-0.212163266989815	FALSE	down_in_cellobiose
YDL064W	1297.89606858392	0.241407503007658	0.0623251493417677	3.8733561901933	0.00010734676036071	0.000204805427968951	0.238603876058682	FALSE	up_in_cellobiose
YDL104C	764.26000410185	-0.303817192178095	0.07852245488438	-3.86917592713382	0.000109203826390741	0.000208282794705519	-0.298361595512068	FALSE	down_in_cellobiose
YNL164C	1463.7663370941	0.243999697136105	0.0630677481139721	3.86885063178669	0.000109349601580621	0.000208495078927993	0.241109609994681	FALSE	up_in_cellobiose
YJR003C	1773.4965745764	-0.233086619512831	0.0602531136919961	-3.86845766518111	0.00010952594726617	0.000208765499232837	-0.230441856697552	FALSE	down_in_cellobiose
YLR350W	3595.9130440244	-0.183836260128973	0.0475265080459681	-3.86807841954568	0.000109696389987661	0.000209024501148512	-0.182489167082243	FALSE	down_in_cellobiose
YHL008C	1730.3986227992	0.269332219053914	0.0696476258287717	3.86706963588487	0.000110150982152563	0.00020982461104211	0.265508757340544	FALSE	up_in_cellobiose
YLR003C	1572.85815490178	0.237002165549472	0.0613143945130234	3.86535930806806	0.000110925777395306	0.000211233974082748	0.23434855593783	FALSE	up_in_cellobiose
YPR016C	6562.82477134058	0.199411494687389	0.0516592673783702	3.86013013360857	0.000113326656145248	0.000215737996967725	0.198091771040575	FALSE	up_in_cellobiose
YOR093C	1749.28012771692	0.22019776744856	0.0570634444136924	3.85882362537029	0.000113934122878438	0.000216826172173943	0.218076875456559	FALSE	up_in_cellobiose
YML031W	3196.01947774838	-0.199722398315632	0.0518463585109965	-3.85219722371189	0.000117062676814346	0.000222709993511533	-0.198009879762511	FALSE	down_in_cellobiose
YER027C	2273.3383264774	-0.211860402754503	0.0550145816394677	-3.85098634654549	0.000117643058194111	0.000223743778603139	-0.209834294771857	FALSE	down_in_cellobiose
YOL068C	3559.29162298412	-0.227502436224576	0.0591098012768266	-3.84881071007366	0.000118692678584292	0.000225669072643131	-0.225112089714	FALSE	down_in_cellobiose
YBR032W	76.5740622492545	-0.782623891527969	0.203384355501143	-3.84800438361921	0.000119083923077928	0.000226341787170116	-0.728849510552728	FALSE	down_in_cellobiose
YPL203W	2504.0060925918	0.264918675419416	0.0689170867266822	3.84402022781454	0.00012103502278674	0.000229950081274093	0.261119174467899	FALSE	up_in_cellobiose
YBR251W	2100.12876364386	0.210795522434306	0.0548379313494928	3.84397290792873	0.000121058376120488	0.000229950081274093	0.208896207636303	FALSE	up_in_cellobiose
YAL014C	2440.80581362939	-0.242573861916738	0.0631125074356336	-3.84351488750674	0.000121284638261647	0.000230307532874863	-0.239491489846084	FALSE	down_in_cellobiose
YOR259C	7920.82423836302	0.179001435760556	0.0465860057036546	3.84238642177715	0.000121843802936221	0.000231296710658588	0.18007299077797	FALSE	up_in_cellobiose
YGL210W	2283.51408131751	0.231459553459018	0.0602634867670792	3.84079259060496	0.000122637702020023	0.000232730725389739	0.228966489733698	FALSE	up_in_cellobiose
YOR155C	2948.88614492488	-0.222413440029778	0.0579138946965622	-3.84041586557259	0.000122826062797592	0.000233015065181882	-0.220055779085158	FALSE	down_in_cellobiose
YKL156W	10359.4513982402	0.218326255757576	0.0568591141455786	3.8397758923677	0.000123146671790238	0.000233550037938965	0.217753588757009	FALSE	up_in_cellobiose
YBL018C	1413.09999544864	0.275350224955049	0.0717175378157916	3.83937086159166	0.000123349988562256	0.000233862298064114	0.271234998801884	FALSE	up_in_cellobiose
YDR153C	2829.30400311121	0.218979257259572	0.0570646595561842	3.83738830587383	0.000124349762627785	0.000235683912370055	0.216880578879974	FALSE	up_in_cellobiose
YPL111W	800.65744508323	-0.31210126591985	0.0813471514095966	-3.83665881978298	0.000124719550536226	0.000236310727331796	-0.306138684708953	FALSE	down_in_cellobiose
YLL021W	5084.00155850208	0.257334669170147	0.0671061869503113	3.83473835818879	0.000125698025353634	0.000238090089990223	0.253811795447886	FALSE	up_in_cellobiose
YPL098C	1454.86113363854	0.265660129597544	0.0692855837216012	3.8342771371459	0.000125934092581449	0.000238454104697448	0.261927341475438	FALSE	up_in_cellobiose
YML125C	3481.4488418094	-0.208210813195122	0.0543034610493471	-3.83420889150905	0.00012596905828511	0.000238454104697448	-0.206188423870245	FALSE	down_in_cellobiose
YBR068C	22237.4462343736	0.190446755291792	0.0496917963250971	3.83255928294155	0.00012681702552763	0.000239984158445277	0.184123344076055	FALSE	up_in_cellobiose
YLR084C	2104.86551250945	-0.296857213635121	0.0774972036710548	-3.83055387256504	0.000127855135817042	0.000241872962596644	-0.291466435878944	FALSE	down_in_cellobiose
YCR046C	2193.07446891952	0.241538954036047	0.063077326936389	3.82925158321357	0.000128533555755109	0.000243080345593152	0.238667986368352	FALSE	up_in_cellobiose
YDL091C	2063.52885211766	0.207984274654658	0.0544092844954626	3.82258793849794	0.000132058359429127	0.00024966832067126	0.206088527152563	FALSE	up_in_cellobiose
YDR065W	643.017714777819	-0.299090085265323	0.0782708373824149	-3.82121994944339	0.000132793151238078	0.000250979055839968	-0.293720356340412	FALSE	down_in_cellobiose
YDR086C	4485.78120568393	0.20319919292301	0.0531883869176446	3.82036765351876	0.000133252893253952	0.000251769290346736	0.201418114233883	FALSE	up_in_cellobiose
YBR295W	1569.50370502105	-0.221132577234748	0.0579496924493713	-3.8159404802354	0.000135665206333715	0.000256247085542257	-0.218829412707337	FALSE	down_in_cellobiose
YFL045C	10108.1506815343	0.295669309516483	0.0774995008936515	3.81511243436541	0.000136120941466637	0.000257027615981961	0.29079432675093	FALSE	up_in_cellobiose
YMR194W	7787.16322838319	0.196898770958195	0.0516128688110501	3.8149162310474	0.000136229137881019	0.000257151631056305	0.195283175690793	FALSE	up_in_cellobiose
YCR072C	1660.75227506604	0.294258884582771	0.0772077367123128	3.81126163145052	0.000138259338063325	0.000260902488800933	0.289229388199764	FALSE	up_in_cellobiose
YCR020W-B	535.010031157003	-0.315972987137967	0.0830687077625188	-3.80375469474362	0.000142519315653637	0.000268857398962319	-0.309715877645184	FALSE	down_in_cellobiose
YBL049W	3199.22319820044	0.264150710877752	0.0694796742618505	3.80184152680737	0.000143624585728889	0.000270857965228663	0.260314268323954	FALSE	up_in_cellobiose
YOR117W	5987.09101330616	0.186532794747551	0.0490648077482763	3.80176349012809	0.000143669839759314	0.000270858850020054	0.185097974725253	FALSE	up_in_cellobiose
YKL024C	3418.91076494006	0.316960008507999	0.0833778400544046	3.80148979994181	0.000143828660818391	0.000271024563556376	0.310821814922956	FALSE	up_in_cellobiose
YJL023C	1389.90150408261	0.250630556767518	0.0659301204323136	3.80145759061406	0.000143847362601846	0.000271024563556376	0.24739939947996	FALSE	up_in_cellobiose
YJL143W	3913.37987714218	0.181427927332431	0.0477329346346489	3.80089614688669	0.000144173723187147	0.000271554866968504	0.180154381594057	FALSE	up_in_cellobiose
YPL050C	4296.26729049775	0.182562226550619	0.0480690130318003	3.79791917986425	0.000145915881224047	0.000274750700386998	0.181292040682716	FALSE	up_in_cellobiose
YOL031C	2476.79400377055	-0.327085908725581	0.0861384946417481	-3.79720948323904	0.000146334120781432	0.000275452462647401	-0.320198233588537	FALSE	down_in_cellobiose
YJR057W	1306.92211278538	-0.229469204665535	0.0604529659087442	-3.79583038178684	0.000147150085106571	0.000276902213666627	-0.226857193122738	FALSE	down_in_cellobiose
YBR143C	9856.9675295637	0.173762905991467	0.045782999142186	3.79535874117421	0.000147430119462297	0.000277342881028919	0.172926053415657	FALSE	up_in_cellobiose
YAL059W	1215.65140009956	0.2387756813044	0.0629447892926254	3.79341457788269	0.000148589763014711	0.000279437464773934	0.235925817039386	FALSE	up_in_cellobiose
YML110C	6714.34070715399	0.213501492843439	0.0562903045628519	3.79286441069172	0.000148919479351477	0.000279970472837343	0.211497255889151	FALSE	up_in_cellobiose
YGL145W	2214.17115781626	-0.198690586831713	0.0524049414850356	-3.79144754676331	0.000149771782924043	0.000281485314830521	-0.196875416309314	FALSE	down_in_cellobiose
YDR523C	755.081945954047	-0.38919131045845	0.102652289654601	-3.79135537812142	0.000149827385046234	0.000281502337607836	-0.378203720607408	FALSE	down_in_cellobiose
YPR040W	2074.35613118479	0.21763172232726	0.0574673209016999	3.78705182201772	0.000152445315113884	0.000286332070126947	0.215449110160369	FALSE	up_in_cellobiose
YMR210W	1720.29286271795	-0.247366498967261	0.0653286420168783	-3.78649381542863	0.00015278789698874	0.000286886433091555	-0.24413422869459	FALSE	down_in_cellobiose
YJL035C	715.696094914312	0.451828466757296	0.119335788269057	3.78619417788227	0.000152972155018545	0.00028714326305157	0.436126716225604	FALSE	up_in_cellobiose
YER163C	1616.66134975639	-0.265034945244019	0.0700139255714699	-3.78546043634523	0.000153424243023901	0.000287902519953012	-0.26114414193121	FALSE	down_in_cellobiose
YJR005W	2837.24629780983	0.188443527795889	0.0497960810384559	3.78430438432213	0.000154139086274873	0.000289154216436238	0.186985172089463	FALSE	up_in_cellobiose
YIL153W	2075.50577359992	0.238017012497898	0.0629048553904166	3.78376217575979	0.000154475439168022	0.000289695335221146	0.235156479231636	FALSE	up_in_cellobiose
YHR041C	1530.33372543626	0.30840402429721	0.0815249412616379	3.7829407727808	0.000154986303438761	0.000290563286794057	0.302718062207889	FALSE	up_in_cellobiose
YGR146C	3090.17562455333	0.207714248156853	0.0549195560341194	3.78215453941048	0.000155476783457151	0.000291392496544422	0.205807431302371	FALSE	up_in_cellobiose
YBR002C	2917.3051257179	0.194548057138089	0.051449040288649	3.78137388076821	0.000155965230945637	0.000292217384373981	0.193062266466711	FALSE	up_in_cellobiose
YPL010W	3798.95618742075	-0.250246217341919	0.0661862631822115	-3.78093890348499	0.000156238016509877	0.000292637820951296	-0.24689467592354	FALSE	down_in_cellobiose
Q0020	18.0991697630051	1.65782443686919	0.438494308297227	3.7807205373016	0.000156375128859414	0.000292803956452549	1.45481077470721	FALSE	up_in_cellobiose
YLR333C	10085.6195012743	0.190220581288791	0.0503222639193235	3.78004816305068	0.000156798024893138	0.000293504937961528	0.188740956176909	FALSE	up_in_cellobiose
YJR129C	360.262565584735	0.461162150489512	0.122099003545045	3.77695261304388	0.000158758922311028	0.000297083527888953	0.444426884899417	FALSE	up_in_cellobiose
YJL008C	5169.75729825156	0.192844010964841	0.0510686952079594	3.77616875033817	0.000159259114728518	0.000297927351029408	0.192309460819028	FALSE	up_in_cellobiose
YDR099W	10140.8388885771	0.184327403203752	0.048837723717672	3.77428326244969	0.000160468348368888	0.000300096651495063	0.183267475548251	FALSE	up_in_cellobiose
YBR179C	2453.76658177115	0.199581381126303	0.0529020304258529	3.77266013269632	0.000161516236971884	0.000301962967915287	0.197864659628038	FALSE	up_in_cellobiose
YCL059C	2376.69436113469	0.232689667883333	0.0616870269468685	3.77210054366456	0.000161878996454914	0.000302547642323646	0.229938833011311	FALSE	up_in_cellobiose
YPL162C	1127.89819443185	-0.270055458236634	0.0716277320586692	-3.77026398121102	0.000163074961643767	0.000304688714248225	-0.265896031360515	FALSE	down_in_cellobiose
YJL106W	767.203781712339	-0.333815010009975	0.0885839797986937	-3.76834514286405	0.000164333382299862	0.000306945119255579	-0.326410710952906	FALSE	down_in_cellobiose
YDR496C	4193.82067274343	0.240089217673012	0.0637582673005813	3.76561703819738	0.000166138276283562	0.00031022052947298	0.237242112208549	FALSE	up_in_cellobiose
YNCO0028W	60.1436815626129	0.849391742808485	0.225639544072806	3.76437448630199	0.000166966506167149	0.000311670811512011	0.783811042776569	FALSE	up_in_cellobiose
YOR283W	4118.04665177498	0.252024011067391	0.0669976988299863	3.76168160203424	0.000168774812554874	0.000314949110253587	0.248679211429275	FALSE	up_in_cellobiose
YMR205C	18157.5022743912	0.173520085529934	0.0461427417708522	3.76050661210479	0.00016956959235658	0.000316334637437568	0.172400216390962	FALSE	up_in_cellobiose
YNL029C	1071.63066980786	-0.251720173990817	0.0669709496425958	-3.75864722441854	0.000170834505867257	0.000318596081247355	-0.248085633246862	FALSE	down_in_cellobiose
YGL159W	1413.03904168791	-0.261372562104775	0.0695886030209518	-3.75596794242415	0.000172672797275399	0.000321925116498648	-0.257542953157294	FALSE	down_in_cellobiose
YKL108W	1543.39970177552	0.245067651887996	0.0652876053171983	3.7536627465097	0.000174269296678494	0.000324801450327128	0.24197349544501	FALSE	up_in_cellobiose
YGL020C	2316.39775549862	-0.209834293569371	0.0559529650258306	-3.75019078028308	0.000176700081908257	0.000329230466845699	-0.20771648511575	FALSE	down_in_cellobiose
YOL111C	2515.97682131798	-0.199846871343182	0.053291812194385	-3.75004833039322	0.000176800491313991	0.000329316098388364	-0.198041299089218	FALSE	down_in_cellobiose
YDL074C	3876.7599620873	-0.179008391075315	0.0477410703578943	-3.7495680288139	0.000177139439603301	0.000329845853054423	-0.177640244818232	FALSE	down_in_cellobiose
YOR171C	2656.0578773562	0.21720490355227	0.0579913807126117	3.74546873834017	0.000180057268891095	0.000335175857880377	0.214989449652547	FALSE	up_in_cellobiose
YER189W	659.05352604819	0.366543677741764	0.097930220462453	3.74290669428544	0.000181903787546414	0.000338508956024835	0.357143725057621	FALSE	up_in_cellobiose
YMR130W	1222.29361177887	-0.265438516481444	0.0709448129244849	-3.74147884164529	0.000182940581629934	0.000340333632020252	-0.261409163171694	FALSE	down_in_cellobiose
YLR087C	1401.15605729382	0.328051104748957	0.0876856940014817	3.74121581045379	0.000183132179103744	0.000340585307263052	0.321064667025023	FALSE	up_in_cellobiose
YPR010C	7014.68150043295	0.240268408905063	0.0642458038684104	3.73983037704977	0.000184144475566834	0.000342362676983772	0.237308870971039	FALSE	up_in_cellobiose
YHR045W	3457.97550456572	-0.226436132485749	0.0605553094043043	-3.73932747951006	0.000184513227899571	0.000342942840300125	-0.223842130030147	FALSE	down_in_cellobiose
YML032C	2695.81972181884	0.190658514387782	0.0509995493502657	3.73843527671854	0.000185169149210253	0.000344056225629373	0.189111087398994	FALSE	up_in_cellobiose
YPL084W	3269.86796464587	-0.211326527215914	0.0565740079098033	-3.7353996123597	0.000187417334179515	0.000348126547026323	-0.209071062486031	FALSE	down_in_cellobiose
YDL165W	1498.10419191427	-0.224581521091911	0.0601617791682209	-3.73296009853613	0.000189242582979415	0.000351409008860761	-0.22204870311517	FALSE	down_in_cellobiose
YHR002W	1104.5065728076	0.244475480039663	0.0655367703768094	3.73035593048039	0.000191209456171804	0.000354952360628321	0.241340874720092	FALSE	up_in_cellobiose
YBR044C	1965.17817912665	-0.210692106808432	0.0565250416567299	-3.72741179189113	0.000193456234726518	0.000359012981781522	-0.20852438657083	FALSE	down_in_cellobiose
YLR394W	890.645222911334	0.25872129858662	0.0695052897713614	3.72232529981081	0.000197396481592469	0.000366212859101612	0.255040565574876	FALSE	up_in_cellobiose
YAL027W	703.070477358942	0.299399499141262	0.0804594097998133	3.72112472470506	0.000198337443013103	0.000367845708476923	0.293882991884948	FALSE	up_in_cellobiose
YBL039C	3357.0713774352	0.310819093017557	0.0835487924622812	3.72021047650544	0.000199056818002202	0.000369066718356013	0.30471034567631	FALSE	up_in_cellobiose
YIL079C	1742.58212284181	-0.236933834110456	0.0637063902343144	-3.71915334143098	0.000199891679249541	0.000370501034661729	-0.233721832429321	FALSE	down_in_cellobiose
YLR335W	4572.3201406407	-0.165461724475351	0.0445126735221867	-3.71718235241203	0.000201457038561809	0.000373288042040998	-0.164414198852393	FALSE	down_in_cellobiose
YGR053C	768.434059785863	0.275849314523236	0.0742108633164595	3.71710154276099	0.000201521462688601	0.000373293049415209	0.27142925571883	FALSE	up_in_cellobiose
YGR235C	2724.01101108213	0.18629534051876	0.0501443115062054	3.71518393458659	0.000203055934352464	0.000376020297294458	0.184823706153734	FALSE	up_in_cellobiose
YKL130C	1247.34719107844	-0.237736498258429	0.0640046096458476	-3.71436525546957	0.000203714379584158	0.000377124140717779	-0.234728308669883	FALSE	down_in_cellobiose
YGR280C	4000.99995008854	0.253435726250341	0.0682804063118319	3.71169036535778	0.000205879743153347	0.000381016121968006	0.249982232156941	FALSE	up_in_cellobiose
YOL110W	2797.79328605743	-0.214557672024471	0.0578319948055083	-3.71001679513284	0.000207245498268182	0.000383426360821647	-0.212353405715482	FALSE	down_in_cellobiose
YDR363W	1495.78817500999	-0.229240029460039	0.0617997546008512	-3.70940031947767	0.000207750728470411	0.000384243549170962	-0.226521430535802	FALSE	down_in_cellobiose
YBR237W	2915.8445816885	-0.195750130044248	0.0527832111454158	-3.70856804268623	0.000208434652972366	0.000385390639308122	-0.194021519868132	FALSE	down_in_cellobiose
YOR339C	740.569615612375	-0.268424227329907	0.0723891415762548	-3.70807308230266	0.000208842389453258	0.000386026519380593	-0.264199493020063	FALSE	down_in_cellobiose
YBR062C	1489.68885823021	0.28543462251242	0.0769913480608305	3.70735971900244	0.000209431359054132	0.000386996901790219	0.28050654151116	FALSE	up_in_cellobiose
YBR247C	1892.36435921988	0.238058351553398	0.0642489790285885	3.70524722964813	0.00021118464307654	0.000390117508041208	0.235115732420917	FALSE	up_in_cellobiose
YGR264C	7451.55521564041	-0.189114368656953	0.0510520919031713	-3.70434122495195	0.000211940807404589	0.0003913948101322	-0.187607415511412	FALSE	down_in_cellobiose
YNR032C-A	1017.59955919018	0.288626192972734	0.0779432865088878	3.70302826452952	0.000213041136098246	0.000393229969941662	0.283584430929001	FALSE	up_in_cellobiose
YMR212C	2868.48964426038	-0.244759108117756	0.0660975114129205	-3.70300035335235	0.000213064585234594	0.000393229969941662	-0.241462949042291	FALSE	down_in_cellobiose
YFL049W	2044.28071759159	-0.201845181068459	0.0545182005147288	-3.70234488964705	0.000213615960045267	0.000394127311273268	-0.199919820597203	FALSE	down_in_cellobiose
YAR029W	329.634836452365	-0.403269166471502	0.108929268322222	-3.70211948251226	0.000213805881507186	0.000394357417308771	-0.390599459887566	FALSE	down_in_cellobiose
YGR116W	6775.92793424938	0.164761697475311	0.044506913131228	3.70193495535207	0.000213961476719465	0.000394524088780281	0.163736700512562	FALSE	up_in_cellobiose
YJR064W	6214.80320592371	0.163755397901804	0.0442513900672823	3.70057070869009	0.000215115126949033	0.000396530413833512	0.162728368253671	FALSE	up_in_cellobiose
YER137C	395.861074800628	0.367912537890252	0.099439134083892	3.69987672639891	0.000215704219229347	0.000397495160846767	0.358193320206857	FALSE	up_in_cellobiose
YDR287W	1797.65991364074	0.220484414084536	0.0596387346793776	3.69700020079027	0.000218162169902168	0.000401902163743013	0.21810707166265	FALSE	up_in_cellobiose
YKL196C	4105.94210565206	0.200394449425515	0.0542449491011228	3.69425085185245	0.00022053600784683	0.000406151575961519	0.198459025924578	FALSE	up_in_cellobiose
YGR007W	3525.42180976803	-0.221914270330712	0.0600743198018542	-3.69399555521663	0.000220757661709079	0.000406436023749318	-0.219399990905362	FALSE	down_in_cellobiose
YER050C	2190.55255842695	0.226048618875556	0.0612206778920509	3.69235733185024	0.000222184985990515	0.000408939377745171	0.223502132746989	FALSE	up_in_cellobiose
YER077C	1872.34605062147	0.201145866786087	0.0544963840529299	3.69099473812286	0.00022337875909309	0.000411011480071497	0.19931980360573	FALSE	up_in_cellobiose
YFR036W	974.659416371161	0.343619459397714	0.0931384625305983	3.68934004343078	0.000224836538313112	0.000413567939086893	0.335491126240619	FALSE	up_in_cellobiose
YNL134C	9658.97401585481	-0.206568256967829	0.056013095047161	-3.68785650558866	0.000226151116884284	0.00041573311699579	-0.204019711391984	FALSE	down_in_cellobiose
YML070W	8906.98715835807	0.183756057999667	0.0498273090323702	3.68785835655485	0.000226149472237769	0.00041573311699579	0.182388663571554	FALSE	up_in_cellobiose
YDR121W	1433.25021100066	-0.224634456625436	0.0609161692053602	-3.68759985330249	0.000226379269915849	0.000416026078532682	-0.222032453641442	FALSE	down_in_cellobiose
YER087C-B	2924.00421383871	0.225442017307617	0.0611547939687337	3.68641610374613	0.000227434372222698	0.000417838117619344	0.222979185238128	FALSE	up_in_cellobiose
YAL036C	2506.0985119024	0.2650831179588	0.0719278575571032	3.68540266541864	0.000228341337877227	0.000419376984962487	0.261196898199973	FALSE	up_in_cellobiose
YKL160W	3330.73822172725	0.278827194823834	0.0757115420050623	3.6827567823832	0.000230725268739491	0.000423498156399526	0.274156823286332	FALSE	up_in_cellobiose
YGL195W	5300.12188882114	0.251232734972902	0.0682174867432957	3.68282015311262	0.000230667899942273	0.000423498156399526	0.24777695705384	FALSE	up_in_cellobiose
YNL083W	1590.26454226403	0.228912756948743	0.0621791417777427	3.68150396425516	0.000231862183474457	0.000425455851229829	0.226270362489882	FALSE	up_in_cellobiose
YBR257W	1356.23082114333	-0.229954938310252	0.0624870320649392	-3.68004257381393	0.000233195017409324	0.000427771751680799	-0.22689637399148	FALSE	down_in_cellobiose
YPL085W	3101.29568007562	0.312894879513349	0.0850810674109845	3.67760876814002	0.000235430694238958	0.000431741915936089	0.306615078426486	FALSE	up_in_cellobiose
YNR070W	990.351703877357	-0.24549680976769	0.0667834737451011	-3.67601138426404	0.000236908955099567	0.000434321115623578	-0.242140530641159	FALSE	down_in_cellobiose
YOL042W	1367.87794102904	0.224329549350817	0.0610314655415236	3.67563759710459	0.000237256122712972	0.000434825766717593	0.221802101616867	FALSE	up_in_cellobiose
YOL043C	1585.43756406983	0.224292646167496	0.0610532592929044	3.67372108819689	0.000239043656608495	0.00043796911092644	0.221788444131251	FALSE	up_in_cellobiose
YPL094C	6793.94878563403	0.230977834557721	0.0629017710944061	3.67204023891566	0.000240621783137747	0.000440726997097848	0.228246320807103	FALSE	up_in_cellobiose
YPL129W	4067.95610549039	-0.185024303372701	0.0503912555208493	-3.67175418552822	0.000240891326119077	0.000441087114855639	-0.183508037983455	FALSE	down_in_cellobiose
YKR067W	2584.53017703847	0.267571720511875	0.0729596970666583	3.66739078243997	0.000245038159430898	0.000448473059910743	0.263411659162299	FALSE	up_in_cellobiose
YGR179C	1293.11878592262	-0.244833056396648	0.0667601358234715	-3.66735407854832	0.000245073323909558	0.000448473059910743	-0.241475632647784	FALSE	down_in_cellobiose
YDR085C	2118.99810274041	0.208221726410623	0.0568463701239067	3.66288517554889	0.000249390347998032	0.000456234974196037	0.206171375940152	FALSE	up_in_cellobiose
YPR042C	1344.22660354772	-0.221557428166976	0.0604999346835864	-3.66211020434514	0.000250146199888389	0.000457479351957961	-0.219000067830354	FALSE	down_in_cellobiose
YGR038W	1068.98714482067	-0.240762916657595	0.0657735240098824	-3.66048376275872	0.000251739507390088	0.000460254093317791	-0.237458066405989	FALSE	down_in_cellobiose
YGR186W	6027.33585543793	0.16309196007006	0.0446202725488845	3.65510900659295	0.000257072725557009	0.000469862751335385	0.162283963469091	FALSE	up_in_cellobiose
YML063W	35894.7937425698	0.181992201801303	0.0498011470627987	3.65437771085498	0.000257806504368796	0.000471061552393497	0.180645011960543	FALSE	up_in_cellobiose
YBR235W	2390.21956190484	-0.205906494419492	0.0563631464892378	-3.65321149093067	0.000258980748699543	0.000473064200584366	-0.203779073148622	FALSE	down_in_cellobiose
YEL006W	2093.78966801261	-0.200194931056389	0.0548213295186342	-3.65177081282461	0.000260438263940399	0.000475582916760728	-0.198238031078364	FALSE	down_in_cellobiose
YDL216C	966.241558684153	-0.269039180946326	0.0737167145433085	-3.64963607796528	0.000262612094606721	0.000479407771862797	-0.264651647029726	FALSE	down_in_cellobiose
YLR233C	1776.75886663835	0.301941745719324	0.0828350833619859	3.64509497020545	0.000267293076278348	0.00048780583142168	0.296052735795829	FALSE	up_in_cellobiose
YOR321W	2598.0973310657	-0.286037621071529	0.0786163488440079	-3.63839869540483	0.00027433849945405	0.000500512592669108	-0.280777168650298	FALSE	down_in_cellobiose
YOR267C	3049.20521959279	-0.188470675325668	0.0518083793275107	-3.63784155713955	0.000274932463327978	0.00050144497533402	-0.186847509244591	FALSE	down_in_cellobiose
YPL096W	2001.89401581942	-0.228168108090421	0.0627405450989125	-3.63669311018428	0.000276160624816208	0.000503533150102028	-0.22537925365254	FALSE	down_in_cellobiose
YKL119C	1138.01213825088	-0.254238169875274	0.0699226020388762	-3.63599412009754	0.000276910647380322	0.00050474852180717	-0.250456683578051	FALSE	down_in_cellobiose
YER147C	1952.08327191305	0.203786840061351	0.0560541255500465	3.6355368683685	0.000277402314910745	0.000505492377396862	0.20186558802528	FALSE	up_in_cellobiose
YDL160C-A	419.47347260329	-0.360833785680328	0.0993455673445693	-3.63210755472174	0.0002811159013776	0.000512105111907146	-0.351077331958123	FALSE	down_in_cellobiose
YDR114C	219.203427273628	0.456322294492955	0.125656357874765	3.63150979553098	0.000281767960321948	0.000513138399285498	0.438831168919343	FALSE	up_in_cellobiose
YMR214W	2967.45045884131	0.181706178652009	0.050047765579066	3.63065516611222	0.000282702685213649	0.00051468568337512	0.180299427230147	FALSE	up_in_cellobiose
YOR001W	2739.40608804607	0.187314589379176	0.0516678285795551	3.62536213595198	0.000288556804874946	0.000525185541945132	0.185777278436379	FALSE	up_in_cellobiose
YDL086W	4248.66809850336	0.22135420614844	0.0611153585555947	3.62190800119549	0.000292438129118613	0.000532089592331339	0.218864199047426	FALSE	up_in_cellobiose
YMR034C	782.447264860859	0.285766445248976	0.0789177004478873	3.62106908370549	0.000293388152891546	0.000533657608627992	0.280591854065374	FALSE	up_in_cellobiose
YNL162W-A	199.80422713518	-0.559482907047728	0.154603457785043	-3.61882531647915	0.000295943310352672	0.000538143457911292	-0.530278959792337	FALSE	down_in_cellobiose
YJL108C	251.133261477016	-0.485972399139261	0.134313583232828	-3.61819249730569	0.000296667711629703	0.000539298563251111	-0.465055613756146	FALSE	down_in_cellobiose
YNCP0025W	371.65926174105	0.376472200688504	0.104064659384715	3.61767580766041	0.000297260408263873	0.000540213626556461	0.365678199409969	FALSE	up_in_cellobiose
YPL189W	229.720620872883	-0.488400482137255	0.135161586622132	-3.61345626625903	0.000302142337357886	0.000548903514610666	-0.46721229879128	FALSE	down_in_cellobiose
YOR249C	1584.89746460024	0.209824590162565	0.0580686813000544	3.61338651860118	0.000302223661318373	0.000548903514610666	0.207666065313847	FALSE	up_in_cellobiose
YGL170C	344.401705585207	0.595308988571471	0.164800581136766	3.61229908575037	0.000303494233961899	0.000551045670069518	0.561994994551139	FALSE	up_in_cellobiose
YMR060C	1557.58988016653	0.259852877772797	0.0720057748584368	3.60877829984702	0.000307642371922953	0.000558409683490402	0.255877958406937	FALSE	up_in_cellobiose
YOR015W	559.86697829535	0.306835894101472	0.0850682532066984	3.60693775333466	0.000309831948973514	0.000562215309748518	0.300550005799322	FALSE	up_in_cellobiose
YDR461W	110.502673871204	0.693296831799887	0.192249508084856	3.60623462034492	0.000310672265182821	0.000563571043738963	0.646287448656889	FALSE	up_in_cellobiose
YFL038C	15795.9406063213	0.14190232561377	0.0393665604690391	3.60464119605707	0.000312584474494804	0.000566869835605569	0.141227035276747	FALSE	up_in_cellobiose
YDR524W-C	6075.31844282613	-0.216726471668096	0.0601599019037615	-3.60250706550014	0.000315162831234283	0.000571374341518268	-0.214260077254054	FALSE	down_in_cellobiose
YDR486C	2227.85000664635	0.195565349905711	0.0543135084914902	3.60067606268432	0.000317390818273711	0.000575241135426851	0.193648737652637	FALSE	up_in_cellobiose
YNL049C	2898.16532264682	-0.221828051086188	0.0617223057142307	-3.59396896339605	0.00032567864879774	0.000590085221069122	-0.219186457630769	FALSE	down_in_cellobiose
YLR406C	8657.58359927836	0.256217448381908	0.0712926896406879	3.59388107915739	0.000325788577927107	0.000590107612849099	0.252561823613632	FALSE	up_in_cellobiose
YMR251W	703.806600994269	-0.306474702725109	0.0853250959897605	-3.59184714848592	0.000328342422555277	0.000594555380722849	-0.300009188815915	FALSE	down_in_cellobiose
YKL191W	2702.35963533944	0.252887525293028	0.0704256359579692	3.5908447521007	0.000329607932394046	0.000596668295456207	0.2491887430885	FALSE	up_in_cellobiose
YMR176W	2268.49136255547	-0.213831221769683	0.0595689436786132	-3.58964266553638	0.000331131566816614	0.000599247072443711	-0.211451046178709	FALSE	down_in_cellobiose
YJR049C	4691.19794012149	0.168653215769617	0.0469948629404888	3.58875854118754	0.0003322563904664	0.000601102796751656	0.1674988079513	FALSE	up_in_cellobiose
YMR269W	1621.5376230408	0.267863328946404	0.0746693318567062	3.58732725050286	0.000334084926458866	0.00060423015407393	0.26352176739748	FALSE	up_in_cellobiose
YHR036W	1199.02480589673	-0.237494830579984	0.0662157187625121	-3.58668357028303	0.00033491032163566	0.000605541890957391	-0.234280524385822	FALSE	down_in_cellobiose
YOL152W	786.867001537791	-0.406119762061268	0.113337440214211	-3.58327981727565	0.000339306789339306	0.000613124428420712	-0.392496658443203	FALSE	down_in_cellobiose
YFL024C	2702.36440867248	-0.177274997203003	0.0494720079468161	-3.58333943901325	0.000339229316283024	0.000613124428420712	-0.175865765941051	FALSE	down_in_cellobiose
YDR066C	452.257107679638	-0.32740313779658	0.0913816410469836	-3.58281088023192	0.0003399167079807	0.000614043085384491	-0.319679223584514	FALSE	down_in_cellobiose
YIR025W	981.019874730323	-0.251929626983173	0.0703350575244978	-3.58185001690551	0.000341169651451564	0.00061612244012513	-0.248135237727536	FALSE	down_in_cellobiose
YPL190C	3744.34875916197	0.171133817178021	0.0477871185757799	3.58117045510162	0.000342058391294911	0.000617543030015409	0.169919206030007	FALSE	up_in_cellobiose
YLR409C	2575.5823899024	0.220231034238007	0.0615342327495985	3.5790002474589	0.000344911141562015	0.000622507485576564	0.217692527529764	FALSE	up_in_cellobiose
YML086C	3033.46194426126	0.187415795349874	0.0524065656868154	3.5761892215926	0.000348639340514916	0.000629048547563905	0.185829726216161	FALSE	up_in_cellobiose
YNL030W	21257.1216985008	-0.241907720822978	0.0676847740330786	-3.57403454881527	0.000351522516842858	0.000634061491758307	-0.237132428020638	FALSE	down_in_cellobiose
YMR141C	274.248290028788	0.424363727068212	0.118841165157269	3.57084791710539	0.000355827465408563	0.000641635214904887	0.409296102900311	FALSE	up_in_cellobiose
YJL148W	2299.93732866237	0.265484738829781	0.0743792778893924	3.56933740637516	0.000357885254318874	0.000645153507636528	0.261193872563454	FALSE	up_in_cellobiose
YGR218W	6073.24199408311	-0.163453748420989	0.0458054064127454	-3.56843790333683	0.000359115940553005	0.000647179144357739	-0.162287937431054	FALSE	down_in_cellobiose
YGL044C	1424.84685640268	-0.214004350334434	0.0599773755030997	-3.56808460755963	0.000359600395963756	0.000647859158411915	-0.211580766613444	FALSE	down_in_cellobiose
YER153C	467.810445019938	0.32279659179928	0.0904905074492495	3.56718733155869	0.000360833530514881	0.000649887192541393	0.315426009529409	FALSE	up_in_cellobiose
YMR140W	2095.16745441341	0.215484477759296	0.0604243940278048	3.56618351290605	0.000362217773415426	0.000652186095152276	0.213116590152066	FALSE	up_in_cellobiose
YHR013C	1316.42811001931	-0.238430007852726	0.0668658225360764	-3.56579787415439	0.000362750879395067	0.000652951582911121	-0.235128399634732	FALSE	down_in_cellobiose
YLL012W	4264.77885606559	0.674087616537765	0.189158551530478	3.56361164263384	0.000365787015064047	0.000658220728089068	0.629037963444688	FALSE	up_in_cellobiose
YLL003W	2576.8622031664	0.185385298662011	0.0520468948076681	3.56188970248995	0.000368195073607718	0.000662356872450766	0.183798679654556	FALSE	up_in_cellobiose
YOL002C	7140.03343944589	-0.707727724966638	0.19873711320867	-3.56112511417804	0.000369269061751552	0.000664091372427412	-0.656204182832299	FALSE	down_in_cellobiose
YNR009W	1125.97110482181	-0.360862297815144	0.101419637818031	-3.55811069314414	0.000373531904792717	0.000671557954871092	-0.350481360115306	FALSE	down_in_cellobiose
YIR026C	1451.80669138043	-0.256825116043461	0.0722161233939012	-3.55634038457885	0.000376056782283455	0.00067589640988123	-0.252844204993757	FALSE	down_in_cellobiose
YGL147C	12905.1901119238	0.271843691558147	0.0764513972861419	3.55577139474236	0.000376871677804642	0.000677159806108876	0.267653250377375	FALSE	up_in_cellobiose
YCL052C	3023.18739996484	-0.192510677741087	0.0541694036593448	-3.55386370785488	0.000379615887794467	0.000681887998034137	-0.190698156275605	FALSE	down_in_cellobiose
YIR036C	3001.82210868339	0.20819568242026	0.0586617678854491	3.54908639689842	0.000386570223256513	0.000694173607558014	0.206014183750571	FALSE	up_in_cellobiose
YBL071C	563.731375668985	-0.283132833489268	0.0798140751541704	-3.54740480225278	0.00038904632243887	0.000698412632267819	-0.277792550130265	FALSE	down_in_cellobiose
YDL230W	2224.32587228981	-0.203622955045039	0.057416513569691	-3.54641796210571	0.000390506308675438	0.000700825565243041	-0.201491892511542	FALSE	down_in_cellobiose
YLR090W	2314.1423734065	-0.183419577389507	0.0517215311035103	-3.54629055784194	0.000390695170351739	0.000700956508539697	-0.181833257978032	FALSE	down_in_cellobiose
YBR086C	4723.42055103765	0.170389037608641	0.0480711954699151	3.54451425522123	0.000393337234166834	0.000705487423559019	0.169181148247768	FALSE	up_in_cellobiose
YMR282C	1346.68875919118	0.24571518209366	0.0693344566251526	3.54391155644423	0.000394237472075788	0.000706892449188962	0.242203522904548	FALSE	up_in_cellobiose
YER044C	4736.78785139269	0.297127712575901	0.0838524424319813	3.54345924767692	0.000394914339869037	0.000707896244080597	0.291308959653653	FALSE	up_in_cellobiose
YDR227W	2216.87812809686	0.217130677205486	0.0612833939024958	3.54305894923099	0.000395514281199465	0.000708761591909442	0.214656486178824	FALSE	up_in_cellobiose
YPL052W	1471.66314477641	-0.205765721992554	0.0580926712083941	-3.54202548638911	0.000397067107831438	0.000711333491754898	-0.203596958384716	FALSE	down_in_cellobiose
YLR359W	16707.2851262205	-0.22897463910121	0.0647090594979334	-3.53852522162717	0.00040236884023072	0.000720617928846726	-0.225976958947409	FALSE	down_in_cellobiose
YJR031C	1434.40771392026	-0.25006925861108	0.0706745560859586	-3.53832089595202	0.000402680359203001	0.000720962348271093	-0.246232407815483	FALSE	down_in_cellobiose
YNL147W	1990.6013043599	0.234787385785124	0.0663834455407743	3.53683638853775	0.00040495044282402	0.000724812156910232	0.231687331272484	FALSE	up_in_cellobiose
YER142C	1166.77605881384	0.250238247436415	0.0707734170818075	3.53576607933404	0.000406594552239906	0.000727539601167737	0.246492674907251	FALSE	up_in_cellobiose
YGL047W	725.866880968785	0.293092630607613	0.0829223125294735	3.53454482475314	0.000408478145537596	0.000730693825557935	0.287365007927356	FALSE	up_in_cellobiose
YDR293C	11056.5021371077	0.163762911366954	0.0463518683179035	3.53303798336215	0.000410813444306557	0.000734653965454187	0.162650478448153	FALSE	up_in_cellobiose
YDR195W	2107.51763891405	0.206322258103308	0.0584388830042589	3.53056471131167	0.000414673565047236	0.000741337783448325	0.204164528866805	FALSE	up_in_cellobiose
YMR127C	1509.98419160819	-0.21539619596249	0.0610466779523891	-3.52838521582583	0.000418103230964692	0.000747248327681578	-0.212880902212576	FALSE	down_in_cellobiose
YIL147C	2421.99324038716	0.204747296063484	0.0580811767387998	3.52519193927947	0.00042317605398285	0.000756091218460347	0.202669390171511	FALSE	up_in_cellobiose
YIL048W	3062.61030683866	-0.185798224324955	0.0527188238053359	-3.52432415812261	0.000424564505228671	0.000758347940821914	-0.184128792704456	FALSE	down_in_cellobiose
YDL232W	672.023490212173	0.321584305055298	0.0914269880436367	3.51738925164865	0.000435814170365378	0.000778212017233482	0.314085743872037	FALSE	up_in_cellobiose
YDL199C	1229.94879400216	-0.222595102982628	0.0633012633056504	-3.51644013655504	0.000437375276547941	0.000780538705388594	-0.219809023371022	FALSE	down_in_cellobiose
YCR032W	1731.89580925549	0.217284485770481	0.0617905304767973	3.51646901384141	0.000437327702239153	0.000780538705388594	0.214770036628951	FALSE	up_in_cellobiose
YNL317W	1306.70407260896	0.239426986890745	0.0681010818417161	3.51575893386295	0.000438498936078772	0.000782313146136995	0.236109404135062	FALSE	up_in_cellobiose
YMR117C	439.191409342013	-0.323069432715325	0.09193303498697	-3.51418217359097	0.000441110184389635	0.000786739721376737	-0.315308966012277	FALSE	down_in_cellobiose
YPR193C	109.415031372163	0.607157207395173	0.172842110044404	3.51278520748902	0.000443435797812527	0.000790654394212902	0.570285921708662	FALSE	up_in_cellobiose
YKL092C	1335.93817848428	0.21904259794606	0.0624709933674198	3.50630886654504	0.000454367632905669	0.000809907292606391	0.215827769668844	FALSE	up_in_cellobiose
YER014W	3820.8315431494	-0.182842148954809	0.0521545456934217	-3.50577589208818	0.000455278385219884	0.00081129159511192	-0.181233958291308	FALSE	down_in_cellobiose
YMR050C	1515.39832583393	-1.27797159675094	0.364740278575818	-3.50378521873418	0.00045869515422428	0.000817139408762429	-1.11483368051068	FALSE	down_in_cellobiose
YHR171W	1511.1570838481	0.22915304112466	0.0655429251300202	3.49622847424157	0.000471884471517331	0.000840387892737579	0.226204100760559	FALSE	up_in_cellobiose
YPL115C	2075.2732306982	-0.205137419401204	0.0587137868705122	-3.49385434554945	0.000476100695073742	0.000847397587935842	-0.202881436820602	FALSE	down_in_cellobiose
YOR239W	4655.98074060825	-0.182605397500693	0.0522637185389141	-3.49392279396901	0.000475978646913602	0.000847397587935842	-0.181929371923017	FALSE	down_in_cellobiose
YJL083W	800.090980811375	0.292057544654318	0.083713386305298	3.48877948371603	0.000485231266988005	0.000863394734552354	0.286191428531914	FALSE	up_in_cellobiose
YDL197C	2345.03689331314	-0.194076573621172	0.0556747533369822	-3.48589911923788	0.000490485935511216	0.000872487922932893	-0.192111003222689	FALSE	down_in_cellobiose
YGR278W	1318.4239521339	-0.22364383608015	0.06419882296008	-3.48361271699974	0.000494694762383705	0.000879715943221595	-0.22075758002648	FALSE	down_in_cellobiose
YBL058W	7103.00931388316	0.181182773828349	0.0520278947258252	3.48241601516147	0.000496911062869783	0.000883397445101836	0.178562925853305	FALSE	up_in_cellobiose
YNL006W	2308.07008095324	-0.197779213318495	0.0568261162844492	-3.48042812442944	0.000500613125330901	0.00088971736174002	-0.195751071561532	FALSE	down_in_cellobiose
YDR281C	281.535843280946	0.400270024291541	0.115030688181678	3.47968034112218	0.000502012371183165	0.000891942074299583	0.386653186438713	FALSE	up_in_cellobiose
YOL041C	3998.73966037302	0.215772579545599	0.062071766114846	3.47617915601714	0.000508612396192861	0.000903403163634191	0.213254067785121	FALSE	up_in_cellobiose
YBL037W	1710.02046643271	0.237068172354602	0.0682359178936679	3.47424317972868	0.000512296513892097	0.000909679775695655	0.233765024470549	FALSE	up_in_cellobiose
YGR079W	9533.23477001279	0.791514086800815	0.227876747416782	3.4734306846725	0.000513850071086253	0.000912170598746598	0.722838663495436	FALSE	up_in_cellobiose
YHR168W	1000.28130538048	0.250421464036435	0.0721023091409135	3.47314069438501	0.000514405618887147	0.000912732161288493	0.246565049405973	FALSE	up_in_cellobiose
YDR389W	2029.75184044162	-0.18613337795535	0.0535927407707061	-3.47310802318755	0.000514468243689232	0.000912732161288493	-0.18446196686861	FALSE	down_in_cellobiose
YNCJ0030W	68.201163454937	0.780400338097949	0.22474268630815	3.47241706022827	0.000515794360856958	0.000914816508640141	0.715372433413212	FALSE	up_in_cellobiose
YNCP0026W	630.170672325304	0.314010479360362	0.0904578730706511	3.47134493329406	0.000517858328338303	0.000918207906710659	0.306781095276327	FALSE	up_in_cellobiose
YML008C	9343.34989454124	0.351297075434122	0.101244953180162	3.46977369636392	0.000520897050988786	0.000923325136102045	0.341699809441325	FALSE	up_in_cellobiose
YOL108C	1120.15301063937	-0.279479619001044	0.0805855266794151	-3.46811183741304	0.000524129112142407	0.000928781971941775	-0.27407320514532	FALSE	down_in_cellobiose
YBL091C-A	1664.4952555506	0.242718452103455	0.0700734119984444	3.46377385061317	0.000532654112216021	0.000943335891854318	0.239169176216952	FALSE	up_in_cellobiose
YGL179C	1253.91041824831	-0.237383021978779	0.0685321729071705	-3.46381869870554	0.000532565319673563	0.000943335891854318	-0.233941956037706	FALSE	down_in_cellobiose
YLR095C	3382.95149037208	-0.185669498660597	0.0536147496763775	-3.46303022547548	0.00053412839131344	0.000945669938718877	-0.183878911961617	FALSE	down_in_cellobiose
YJL190C	13970.5049410201	0.197425471127811	0.0570209215513341	3.46233392510283	0.000535512292460667	0.000947842652853999	0.195636271677009	FALSE	up_in_cellobiose
YGR275W	1469.34932558479	0.219338771723672	0.063351998669635	3.4622233919954	0.000535732284699592	0.000947954610258376	0.216677979930107	FALSE	up_in_cellobiose
YPR133C	4032.90610281213	0.167672379370111	0.0484327074128179	3.46196585586162	0.000536245181368517	0.00094858463203182	0.166502294199207	FALSE	up_in_cellobiose
YPL066W	3257.05220591661	-0.216634710764045	0.0625783490174139	-3.46181569449461	0.000536544446696044	0.000948836495209847	-0.213969678440639	FALSE	down_in_cellobiose
YHR197W	1215.39474120472	0.235401674663033	0.068142138500143	3.45456834558457	0.000551174496523113	0.000974423664125048	0.232128382071781	FALSE	up_in_cellobiose
YBR202W	6251.98063854895	0.251035259285529	0.0726916572318507	3.45342600299853	0.000553514137139078	0.0009782739630091	0.247142039672805	FALSE	up_in_cellobiose
YGL129C	2051.60183335246	0.190736459677153	0.0552324192719206	3.45334247877352	0.000553685566155323	0.000978291061673208	0.188916193172256	FALSE	up_in_cellobiose
YIL089W	605.19588690391	0.276210063237561	0.0800101776099442	3.45218660286078	0.000556063023252064	0.000982204779389159	0.271089132284586	FALSE	up_in_cellobiose
YGL127C	1392.02117087624	-0.22110870414072	0.0640716579345999	-3.45095961722129	0.000558597143680594	0.000986392854008827	-0.219145816742316	FALSE	down_in_cellobiose
YPL120W	1085.92595440325	-0.259260101947773	0.0751437918485908	-3.45018657655929	0.000560199240399201	0.000988933159934142	-0.254824343817643	FALSE	down_in_cellobiose
YPR143W	2916.55810364365	0.247718934153048	0.071846873317781	3.44787354986736	0.000565018494137051	0.000997149650580941	0.24395859782506	FALSE	up_in_cellobiose
YBR268W	1122.2867420706	0.243252903845796	0.0706149438545116	3.44477939891833	0.000571525625575687	0.00100833926005886	0.239628088651934	FALSE	up_in_cellobiose
YOL052C	1726.04459580562	0.194140326130801	0.0563610370828484	3.4445839924028	0.000571938907520445	0.00100877413609905	0.192291833798754	FALSE	up_in_cellobiose
YDR082W	2336.27608109664	0.186479380861155	0.0541417405075502	3.44428123501405	0.000572579784641824	0.00100961006924599	0.184804066154829	FALSE	up_in_cellobiose
YMR093W	2947.87494089822	0.24988515516431	0.0726011513690874	3.44188970081138	0.000577665739693353	0.00101828108238572	0.246010146813276	FALSE	up_in_cellobiose
YJL187C	1862.54623634112	-0.225082657905935	0.0654353616628018	-3.43977097682778	0.000582206630730154	0.00102598651009789	-0.22205268761334	FALSE	down_in_cellobiose
YLR151C	1178.54888912687	0.246443043393987	0.0716737417848458	3.43840069259637	0.000585161124345112	0.00103089265366712	0.24264548461143	FALSE	up_in_cellobiose
YBL034C	1280.05028624083	0.242248395469617	0.0704947810742814	3.43640184107184	0.00058949592129816	0.00103822694583904	0.238660759611077	FALSE	up_in_cellobiose
YKL070W	882.81350900792	-0.250351201079498	0.0728635384217027	-3.43589134569026	0.000590607786147204	0.00103988235534739	-0.24629500590185	FALSE	down_in_cellobiose
YNL273W	1431.00335085248	0.261203850824099	0.0760570371646502	3.43431535807315	0.000594052633725616	0.0010456432854402	0.256886286338138	FALSE	up_in_cellobiose
YER039C-A	211.155508541546	-0.440217163855839	0.128195806664516	-3.43394355330102	0.00059486805945134	0.00104663491699749	-0.422161665991754	FALSE	down_in_cellobiose
YPR018W	2881.77225542834	0.167252126863718	0.0487061628976222	3.43390069990265	0.000594962110555123	0.00104663491699749	0.166016109438022	FALSE	up_in_cellobiose
YJR108W	145.384616236971	-0.538906111992373	0.156954143932599	-3.43352585978103	0.000595785368966212	0.00104777839822845	-0.509327562170565	FALSE	down_in_cellobiose
YJR152W	1493.95841671407	-0.213965867019255	0.0623814964059047	-3.42995726853071	0.000603676310602753	0.00106134718794344	-0.211351786103885	FALSE	down_in_cellobiose
YNL289W	6192.6929346696	-0.301594512162424	0.0879476040159254	-3.42925217278019	0.000605246895679446	0.00106379925169116	-0.294491783014215	FALSE	down_in_cellobiose
YLR147C	858.861151417982	0.262908772584461	0.0767042059059902	3.42756657837885	0.000609016944828284	0.00107011460846062	0.258262281018071	FALSE	up_in_cellobiose
YIL063C	2926.89612079902	-0.207844266686711	0.0606724153679441	-3.4256797825874	0.000613262923546556	0.00107726231821364	-0.205552236205251	FALSE	down_in_cellobiose
YJR014W	3093.73128274193	-0.200347241732203	0.0585195786227125	-3.42359337588335	0.000617990162627351	0.00108525101729681	-0.198168229991941	FALSE	down_in_cellobiose
YMR065W	1342.25181533111	-0.266565045763389	0.0779028465820124	-3.42176258582235	0.00062216614965192	0.00109226730713928	-0.261683740461148	FALSE	down_in_cellobiose
YDR079C-A	651.721149266797	0.269611348329877	0.0788507120337847	3.41926333162798	0.000627909281190738	0.00110202998625699	0.264763386541611	FALSE	up_in_cellobiose
YKR053C	5312.28452546358	0.303831872784532	0.0888831439945377	3.41832949567135	0.000630067806722084	0.00110549756166381	0.296981819813792	FALSE	up_in_cellobiose
YMR001C-A	76.7838218585339	-0.664155251627513	0.194301207776043	-3.41817356273482	0.000630428911514371	0.00110581034131059	-0.616177113951004	FALSE	down_in_cellobiose
YNL218W	1762.8381593079	-0.21203185761058	0.0620549619634735	-3.41683969986776	0.000633525707656238	0.00111092011594808	-0.209180655696414	FALSE	down_in_cellobiose
YDR129C	8378.15314297522	-0.167311359066953	0.0490469205942395	-3.4112510436915	0.000646655235841328	0.00113361474387488	-0.165984626708864	FALSE	down_in_cellobiose
YAL029C	2873.44059919353	-0.197605733381991	0.057990074729768	-3.40757852620172	0.000655420465329036	0.00114864763092148	-0.195593509556215	FALSE	down_in_cellobiose
YER175W-A	58.4104979962776	-0.788240990947807	0.231414239177895	-3.40619053411774	0.00065876187186111	0.00115416911964542	-0.718680813015534	FALSE	down_in_cellobiose
YDL005C	3312.20184803816	0.172920346355839	0.0507873847363581	3.40478934391846	0.000662151112678637	0.00115977119301488	0.171536590020918	FALSE	up_in_cellobiose
YHR199C-A	346.564967525984	-0.360272677870657	0.10587733593164	-3.40273652241558	0.000667145825524596	0.00116818122546982	-0.349247258285318	FALSE	down_in_cellobiose
YER033C	1023.18106950696	-0.270466700580551	0.079510946452409	-3.40162848825397	0.000669856314323229	0.00117258784052877	-0.265348103586153	FALSE	down_in_cellobiose
YCR071C	1228.33476152882	0.2304144098117	0.0677483393797331	3.40103406107439	0.000671314626613328	0.00117480059657332	0.227265556146686	FALSE	up_in_cellobiose
YFR012W	336.284326081574	0.337308355242777	0.0991821461687711	3.40089792641514	0.000671649021846632	0.00117504578655725	0.327965044615988	FALSE	up_in_cellobiose
YDR338C	1677.80391797372	0.201294285878207	0.0592113033351526	3.39959221533809	0.000674864188474454	0.00118032926891079	0.19913144703304	FALSE	up_in_cellobiose
YOL056W	1480.14236292717	-0.201307657941833	0.0592387562250228	-3.39824248127613	0.000678202792419086	0.00118582552429911	-0.199033542223019	FALSE	down_in_cellobiose
YLR049C	1804.75702733743	-0.193914455093075	0.0570889171359961	-3.39670928826931	0.00068201381008923	0.00119214437093054	-0.191708216329011	FALSE	down_in_cellobiose
YFL015C	61.9000344633197	-0.772441417492573	0.227519141149822	-3.39506124007351	0.000686132513594354	0.00119899723843359	-0.705264702292659	FALSE	down_in_cellobiose
YEL061C	2296.21608688433	0.188352038376363	0.055487029994504	3.39452370031373	0.000687480893153839	0.00120100648232075	0.186539942676653	FALSE	up_in_cellobiose
YOL086C	93720.8809040963	0.218045901190958	0.0642535210089758	3.39352455347153	0.000689993726538465	0.00120504824086186	0.215152391684357	FALSE	up_in_cellobiose
YDL242W	198.401584315977	-0.454700417028485	0.134050709511191	-3.39200306127828	0.000693836649916174	0.00121125983680133	-0.434631252173407	FALSE	down_in_cellobiose
YJR099W	1006.92308286919	-0.249162521346818	0.0734568431017125	-3.39195792830102	0.000693950948167429	0.00121125983680133	-0.245015139917359	FALSE	down_in_cellobiose
YKR029C	2363.29665227814	-0.177139941765073	0.0522529608675423	-3.39004601507865	0.000698808928427662	0.00121938730500014	-0.175532029424728	FALSE	down_in_cellobiose
YNL196C	218.417443160082	-0.407388853669032	0.120177759865066	-3.38988556723343	0.000699218044472036	0.00121974927400256	-0.392155422740375	FALSE	down_in_cellobiose
YPR182W	970.199084485953	0.292258206528577	0.0862462124986925	3.3886497512341	0.000702376643048669	0.00122490597957277	0.285994373780555	FALSE	up_in_cellobiose
YMR270C	1871.73543718057	-0.221186315532006	0.0653324866388137	-3.38554870496235	0.000710361022733346	0.00123847318117362	-0.218207259437855	FALSE	down_in_cellobiose
YGR268C	1437.69227835334	-0.211775493964057	0.0625797538930882	-3.38408959430962	0.000714146952963524	0.00124471491974738	-0.209163802301668	FALSE	down_in_cellobiose
YKL047W	1882.52228287597	-0.232902313286814	0.0688483825650245	-3.38282911827082	0.000717432573283935	0.00125008130314642	-0.229452319210098	FALSE	down_in_cellobiose
YNL159C	1444.21063645201	-0.206777500401267	0.0612788799661555	-3.37436814307752	0.000739853507295427	0.00128877707722429	-0.204364733752411	FALSE	down_in_cellobiose
YNL249C	982.732123274338	-0.24122190226606	0.0715789180049768	-3.37001325235578	0.00075164568716242	0.00130894129454602	-0.237427765272047	FALSE	down_in_cellobiose
YLR227C	1248.27502068373	-0.216439952381209	0.0642436884948698	-3.36904616549987	0.000754287940612244	0.00131316449764619	-0.21363753898151	FALSE	down_in_cellobiose
YDR034C-A	114.646543629275	-0.714930938061994	0.212299633057464	-3.36755616468013	0.000758375774361489	0.00131990120383836	-0.657086124543555	FALSE	down_in_cellobiose
YLR275W	1122.27956235349	-0.240058717684156	0.0713138099945599	-3.36623043562626	0.000762030211097035	0.00132587995302499	-0.23630439509875	FALSE	down_in_cellobiose
YPR195C	280.477910256787	0.371910895930236	0.11067100884092	3.36050877122504	0.000777990603693349	0.00135326061867627	0.359701925533248	FALSE	up_in_cellobiose
YLR083C	3269.05436384232	-0.188303852046804	0.0560690208761326	-3.3584294696853	0.000783867221731106	0.00136309055693782	-0.18630049651351	FALSE	down_in_cellobiose
YGR134W	1574.75693863928	-0.19019728085582	0.0566493684513446	-3.35744750657154	0.000786656791447591	0.00136754822497126	-0.188250639024864	FALSE	down_in_cellobiose
YOR060C	664.206588651447	-0.260115883155017	0.0774926286046742	-3.35665324352318	0.000788919878895903	0.00137108834125357	-0.255403104502629	FALSE	down_in_cellobiose
YMR157C	1114.93635475289	0.218104641948878	0.0649817885645121	3.35639641147073	0.000789652960390042	0.0013719681426139	0.215307365177015	FALSE	up_in_cellobiose
YAL043C	3093.28177480081	-0.191347032267463	0.0570471234324182	-3.35419247727969	0.000795969740677629	0.00138254594819595	-0.189357339715697	FALSE	down_in_cellobiose
YER072W	3739.25282820261	-0.17877547198919	0.0533312066062771	-3.35217377152213	0.000801796749049117	0.00139226722315506	-0.177110844946771	FALSE	down_in_cellobiose
YER031C	4102.45955971252	-0.18007579094441	0.0537459688621451	-3.35049855378536	0.000806662306213314	0.00140031390010853	-0.17837340885418	FALSE	down_in_cellobiose
YDR379W	3941.23746753265	0.153837280309978	0.0459208811298159	3.35005070732611	0.000807967679615123	0.00140217748244254	0.152760166266464	FALSE	up_in_cellobiose
YMR025W	511.140370559487	0.308269590037623	0.0920421807840695	3.34922083996273	0.000810391742274486	0.00140598085406658	0.300900771868215	FALSE	up_in_cellobiose
YFR027W	702.219872438201	0.271675005165458	0.0811390168510107	3.34826592321563	0.000813189426684026	0.00141043006956839	0.266454143390315	FALSE	up_in_cellobiose
YBR291C	1607.26862420043	-0.186550122090727	0.0557746136135811	-3.34471384029995	0.000823675061335913	0.00142820721644484	-0.184704513034541	FALSE	down_in_cellobiose
YJL168C	1821.76866595093	-0.208949977412087	0.0624949386450121	-3.34347039844264	0.000827375205406209	0.00143421187798703	-0.206356017053794	FALSE	down_in_cellobiose
YEL018W	1754.99129335232	0.190176042144922	0.0569218128642818	3.34100466192735	0.000834758213827844	0.00144659532298877	0.18827050884784	FALSE	up_in_cellobiose
YDL043C	891.891926025641	0.237456965935472	0.071087227767043	3.34036047535335	0.00083669710685595	0.00144953998919071	0.233876404911491	FALSE	up_in_cellobiose
YDR296W	2078.84557863007	0.19008357246441	0.0569385603237302	3.33839793952762	0.000842629787955639	0.00145940004511905	0.18816026887812	FALSE	up_in_cellobiose
YGR240C-A	145.717791787226	-0.576119910654832	0.17262893332794	-3.33733111563857	0.000845871107492196	0.00146459446267186	-0.539643499173563	FALSE	down_in_cellobiose
YJR073C	20453.7039320765	0.382485407992996	0.114624421305128	3.33685791943784	0.000847312513361733	0.00146627375287712	0.372119746548417	FALSE	up_in_cellobiose
YDR160W	2733.43071155263	0.162940407656136	0.0488305541560564	3.33685354328354	0.000847325854217185	0.00146627375287712	0.161722569701654	FALSE	up_in_cellobiose
YGR146C-A	34.4364264363955	-1.0136919865491	0.303888724509365	-3.33573411842024	0.000850744864885361	0.0014717691484058	-0.894952602506237	FALSE	down_in_cellobiose
YER187W	889.123258693965	-0.279121420847245	0.0836997941810971	-3.3347922008425	0.000853631630247015	0.00147634089211723	-0.273310866961368	FALSE	down_in_cellobiose
YGL063W	832.505102394852	-0.318886528293851	0.095684090189439	-3.33270168177915	0.000860071084701414	0.00148705257869473	-0.310545443247671	FALSE	down_in_cellobiose
YDR374W-A	1497.4128003806	0.248858961306005	0.0746779517074713	3.33242885772813	0.000860914783371367	0.00148808591306946	0.24470255995524	FALSE	up_in_cellobiose
YPR005C	1135.15341490569	0.233249479667977	0.0700105808794818	3.33163182961587	0.000863383962502809	0.00149192748720485	0.229806084532764	FALSE	up_in_cellobiose
YBR126C	12771.5586913475	0.235670310422662	0.0707503277913995	3.3310136896823	0.00086530346877906	0.0014948173033921	0.232238018803716	FALSE	up_in_cellobiose
YOR153W	11273.3439529682	0.293128797451335	0.0880237591227758	3.33010996545237	0.000868116920797342	0.00149924932523767	0.286856970657514	FALSE	up_in_cellobiose
YGR054W	4031.18052116407	0.240978082164001	0.0723867956642013	3.32903369948694	0.000871478590313277	0.00150462532521116	0.237227302954492	FALSE	up_in_cellobiose
YOR037W	1130.7137193286	0.217133432345171	0.0652273828343274	3.32886930166543	0.00087199314102861	0.00150508405163842	0.21432734490551	FALSE	up_in_cellobiose
YPR017C	761.6733959333	-0.246142532851941	0.0739781837372238	-3.32723135953511	0.000877135162098831	0.00151352737813801	-0.241663765538388	FALSE	down_in_cellobiose
YHR202W	723.610626215202	0.292612911676951	0.0879486782211937	3.32708708755145	0.000877589422215956	0.00151365182989338	0.286125574206973	FALSE	up_in_cellobiose
YDR489W	641.202714210071	-0.269391554944169	0.0809701074690089	-3.32704949227439	0.000877707831917345	0.00151365182989338	-0.263991392416642	FALSE	down_in_cellobiose
NR_132177.1	876.289550974242	-0.28348149283125	0.0852744314052048	-3.32434339531635	0.000886269935774693	0.00152798191891828	-0.277382646895062	FALSE	down_in_cellobiose
YGR167W	4808.606811929	0.168834348520054	0.0508009296337744	3.32344997891154	0.000889113667448184	0.00153244783719767	0.168318635622712	FALSE	up_in_cellobiose
YBL050W	4773.79688712723	0.161024774198321	0.0484930326950142	3.32057545691252	0.000898320717787044	0.00154787569834075	0.159760922244681	FALSE	up_in_cellobiose
YHR180W	1317.97814751833	0.28682199509161	0.0863971033309919	3.31981031809342	0.000900786294564689	0.0015516820021439	0.280684541296661	FALSE	up_in_cellobiose
YNL229C	4308.66582140681	-0.170283701475424	0.0512948302284334	-3.31970494330701	0.000901126344323722	0.00155182577746864	-0.168859429923751	FALSE	down_in_cellobiose
YBR289W	1581.67672041627	0.222704589815063	0.0671057818777843	3.31870941047467	0.000904344855944661	0.00155692504661352	0.219703625082299	FALSE	up_in_cellobiose
YGR152C	2146.21057502778	0.262310232007827	0.0790982105516027	3.31626000359009	0.000912309083383944	0.00157018933873252	0.25765551995312	FALSE	up_in_cellobiose
YDR182W	2420.70275991488	-0.242017472439399	0.0730691917212353	-3.31216846304685	0.000925757810432987	0.00159288285561841	-0.238085497657569	FALSE	down_in_cellobiose
YDL002C	1664.76491193121	-0.184394297222634	0.0556754281193764	-3.31195113268398	0.00092647727875602	0.00159366740100012	-0.182551940428105	FALSE	down_in_cellobiose
YIR014W	662.624242501096	0.274567259980138	0.0829059156763775	3.31179334719501	0.00092699994939676	0.00159411307760921	0.269105495671189	FALSE	up_in_cellobiose
YJR055W	517.802019820752	-0.29816018600543	0.0901239046173093	-3.30833630956736	0.000938520314475496	0.00161346528196356	-0.291449696190017	FALSE	down_in_cellobiose
YOR291W	2297.53258138585	0.189288578912956	0.0572455698745652	3.30660659554476	0.000944334132782255	0.00162299881644418	0.187085362447958	FALSE	up_in_cellobiose
YGL219C	5586.99521460012	-0.166183321926352	0.0502604315637275	-3.30644438887558	0.000944881040334695	0.00162347742384779	-0.164919525123716	FALSE	down_in_cellobiose
YKL018W	986.685631820253	-0.229368380794727	0.0693804726676271	-3.30595010347559	0.000946549418033245	0.00162588210175094	-0.225945033723483	FALSE	down_in_cellobiose
YDR391C	1611.06742425646	0.219617524439143	0.0664968632777001	3.30267494756843	0.000957673287471558	0.00164436728644605	0.216715218858425	FALSE	up_in_cellobiose
YGL076C	30029.693734737	0.190052473196558	0.0575459392978655	3.30262179252686	0.000957854819799838	0.00164436728644605	0.189433148566187	FALSE	up_in_cellobiose
YGR060W	22578.3598356045	0.645927254394989	0.195669402198282	3.30111528495619	0.000963013037145234	0.00165275336227423	0.598963463095875	FALSE	up_in_cellobiose
YHR164C	1155.02643072884	-0.214628865614672	0.0650932097019933	-3.29725430036829	0.000976350570846915	0.00167516829857649	-0.212312929802387	FALSE	down_in_cellobiose
YPR023C	3083.81367704399	-0.158682412985168	0.048154561073524	-3.2952727518975	0.000983261938338148	0.00168654798725727	-0.15747980938606	FALSE	down_in_cellobiose
YDR075W	1468.18587874235	0.238758405621567	0.0724600457160806	3.29503526063303	0.000984093308243502	0.00168749541487289	0.23502788122182	FALSE	up_in_cellobiose
YDR141C	2396.56671094435	-0.184439021122041	0.0559903872211911	-3.29411940648688	0.000987305476605432	0.00169204406985255	-0.182523499597235	FALSE	down_in_cellobiose
YPL235W	3222.57778698045	0.176828735941192	0.0536799030732794	3.2941329215852	0.000987258004713436	0.00169204406985255	0.175326908494848	FALSE	up_in_cellobiose
YBR038W	2166.51671373344	-0.245719787197454	0.0746172374035285	-3.29307001636373	0.000990997927648848	0.00169789106697457	-0.241418837412003	FALSE	down_in_cellobiose
YFR006W	4913.37024716733	0.155199971370478	0.0471731073301821	3.29000950232462	0.00100183999463564	0.00171598082343708	0.15418596000615	FALSE	up_in_cellobiose
YPR129W	3897.22913959167	-0.155695821140985	0.0473319119514161	-3.28944711341471	0.00100384419713976	0.00171892686984748	-0.15450689993972	FALSE	down_in_cellobiose
YML092C	4912.81399003881	0.161192067270014	0.0490245632684602	3.28798578760039	0.00100906933388813	0.00172738503576433	0.160001168492138	FALSE	up_in_cellobiose
YPR070W	1574.79929761087	-0.218038680077361	0.0663199468619727	-3.28767875117799	0.00101017037318641	0.00172878053679439	-0.215067575666729	FALSE	down_in_cellobiose
YOR286W	2314.19330506768	0.195143071910403	0.0594035730188559	3.28503929971453	0.00101968147820866	0.0017445639547966	0.193251232602183	FALSE	up_in_cellobiose
YGR177C	1530.45616782571	-0.394169709925811	0.120007399109598	-3.2845450601411	0.00102147162796736	0.00174713246774507	-0.379202484742403	FALSE	down_in_cellobiose
YLR059C	2459.25635108687	0.186469983620882	0.0567849128612051	3.28379448387384	0.00102419580015938	0.00175129663538703	0.184609808114061	FALSE	up_in_cellobiose
YDR328C	6176.86970291908	0.17560864571911	0.053499927604451	3.28240903459653	0.00102924187460077	0.00175942760248317	0.174092132135044	FALSE	up_in_cellobiose
YBL079W	2894.438719308	0.200407751655437	0.0610918212783557	3.28043504779976	0.00103647127035883	0.00177128517748804	0.198208675326629	FALSE	up_in_cellobiose
YDL134C	5491.43830168167	0.147151113930088	0.0448716495583275	3.2793783018565	0.0010403607088643	0.00177742982124613	0.146889955056786	FALSE	up_in_cellobiose
YOL145C	4380.10535612558	0.145902845436123	0.044498928804079	3.2787945543253	0.0010425150252787	0.00178060741962315	0.145035524554919	FALSE	up_in_cellobiose
YDR248C	1355.49061745133	-0.245148641442807	0.0747732616600071	-3.27856022327198	0.00104338098302194	0.00178158333859873	-0.240938260480413	FALSE	down_in_cellobiose
YDL052C	4637.20836491639	-0.225326744260413	0.0687465134143893	-3.27764613897132	0.00104676529812677	0.00178685761305976	-0.222064393384595	FALSE	down_in_cellobiose
YCL002C	1247.15463062528	-0.21048304413412	0.064224317776099	-3.27731070445797	0.0010480097597892	0.00178847715214591	-0.207747457810741	FALSE	down_in_cellobiose
YPL034W	1014.52564402977	-0.229950044114665	0.0701849174697296	-3.27634557971578	0.00105159801133192	0.00179409443512989	-0.226434424907059	FALSE	down_in_cellobiose
YOR210W	2098.98131886356	0.180585028984608	0.0551293535409373	3.27566019526261	0.00105415311118605	0.00179794642313965	0.178926955461049	FALSE	up_in_cellobiose
YOR228C	1437.83387081641	0.190686456670524	0.0582519431920156	3.27347803732427	0.00106232645965233	0.00181137593120307	0.188691570692516	FALSE	up_in_cellobiose
YLR291C	2246.88236263467	-0.185405733315902	0.0566415487745285	-3.27331680236961	0.00106293269074212	0.0018118987918851	-0.183420724434322	FALSE	down_in_cellobiose
YBR132C	1862.78770636294	-0.199962344318914	0.0610950538833246	-3.27297107718063	0.00106423367002895	0.00181360530750495	-0.197560498220073	FALSE	down_in_cellobiose
YBR191W	20648.7687955112	0.168218326583027	0.0514495477379406	3.26957833409636	0.0010770791017865	0.00183497870636753	0.161949404683932	FALSE	up_in_cellobiose
YJR056C	1479.65336077862	0.205743338498048	0.0629459996701298	3.26856892536859	0.00108092846555865	0.00184101812438714	0.203263481872171	FALSE	up_in_cellobiose
YLR127C	1845.83598578253	-0.225420672071038	0.0689801861088429	-3.26790466635375	0.00108346854435934	0.00184482481877401	-0.222156209156843	FALSE	down_in_cellobiose
YLR029C	44737.8785499678	0.182872057971386	0.0560076944987502	3.2651238300028	0.00109416231194883	0.00186250877080397	0.172539370249138	FALSE	up_in_cellobiose
YDR215C	46.7690841400021	0.83659897714146	0.256510615493899	3.26145947422342	0.00110840274996202	0.00188621829819086	0.751827072958151	FALSE	up_in_cellobiose
YNCM0030W	182.687483008517	0.478040689375085	0.146599795776489	3.26085508402701	0.0011107679329784	0.00188971152142148	0.453895152235068	FALSE	up_in_cellobiose
YHR030C	4844.76778734089	-0.15160128171743	0.0465687591281679	-3.25542884447895	0.00113221263353948	0.00192565298302777	-0.150606380420399	FALSE	down_in_cellobiose
YMR125W	4273.18636093146	0.151509304125473	0.0465458926892575	3.25505206521564	0.00113371579871534	0.0019276674587097	0.150548868199241	FALSE	up_in_cellobiose
YOL045W	2543.89304129163	-0.205562366206153	0.063192779027247	-3.25294075320726	0.00114217309006438	0.00194150164381938	-0.202950809660799	FALSE	down_in_cellobiose
YGR100W	3448.16042816023	-0.160294509678973	0.0493450695314995	-3.24844024338943	0.00116039579472905	0.0019719229464797	-0.159005883465657	FALSE	down_in_cellobiose
YOL015W	1043.2802056421	-0.284958267349845	0.0877408895663655	-3.24772484936237	0.00116331707571726	0.00197633193088146	-0.278492238052306	FALSE	down_in_cellobiose
YMR203W	3343.28452689478	0.170502181052517	0.0525390641177963	3.24524587400794	0.00117349252695931	0.0019930589168913	0.169047412640357	FALSE	up_in_cellobiose
YKR013W	4709.16816751801	-0.265783116351634	0.0819216175819506	-3.24435874432969	0.00117715386665442	0.0019987160543307	-0.260308218341981	FALSE	down_in_cellobiose
YDR285W	1451.22920535927	-0.334136796612633	0.102994937532846	-3.244206022321	0.00117778524114651	0.0019992268140483	-0.324176269089119	FALSE	down_in_cellobiose
YPL089C	2333.16251432838	0.194667075470346	0.0600178707905613	3.243485197095	0.00118076946108815	0.00200372999457384	0.192733669713216	FALSE	up_in_cellobiose
YGL241W	2204.17889988105	-0.174133478907228	0.0536913588083617	-3.24323099232328	0.00118182353538479	0.00200495616886598	-0.172481868672686	FALSE	down_in_cellobiose
YNL076W	2767.22184412599	-0.161884410900703	0.0499786248236663	-3.23907293311613	0.0011991890475464	0.00203384614682015	-0.160569224181901	FALSE	down_in_cellobiose
YMR197C	2368.65065209385	-0.164169462117858	0.050709339465841	-3.23746007830465	0.00120598811699586	0.00204480407389711	-0.162785511804606	FALSE	down_in_cellobiose
YJR041C	1455.26044996721	0.222991286057096	0.0689430162474283	3.23442892688081	0.00121886252796459	0.00206605397116867	0.219798387802662	FALSE	up_in_cellobiose
YAL017W	3614.57276655774	0.159714314012362	0.0493836118182143	3.23415619335997	0.00122002713031517	0.00206744860861479	0.158447190118858	FALSE	up_in_cellobiose
YLR063W	821.956087398514	-0.300426613836735	0.0929331828566936	-3.23271628714153	0.0012261927445773	0.0020773147672839	-0.292883078790343	FALSE	down_in_cellobiose
YDR400W	1492.97220187964	-0.221628459764857	0.0685713108106348	-3.23208725551276	0.00122889525124332	0.00208131013148126	-0.218374803691532	FALSE	down_in_cellobiose
YGL043W	2596.29505543769	-0.181761463013501	0.05627243865511	-3.23002641004248	0.00123778783629794	0.0020957841080431	-0.179888683562085	FALSE	down_in_cellobiose
YJL027C	23.9528773822727	1.14926232027375	0.355988353726323	3.22837055831686	0.00124497588031482	0.00210736471428605	0.991619987784833	FALSE	up_in_cellobiose
YJR119C	1865.90223056704	-0.18101785016276	0.0561043691503844	-3.22644836585815	0.00125336844282448	0.00212097715226706	-0.179322840026738	FALSE	down_in_cellobiose
YLR212C	2135.18239081066	-0.201030924302139	0.0623288370881943	-3.22532769250426	0.00125828553504473	0.00212870235411204	-0.198549559994291	FALSE	down_in_cellobiose
YHL019C	1924.37770400143	-0.185882090645503	0.05763631758445	-3.22508616851075	0.00125934758145008	0.00212990329211691	-0.18385905601154	FALSE	down_in_cellobiose
YGR224W	1081.10291353437	-0.209894114111193	0.0651095845184191	-3.22370532178431	0.00126543544734851	0.00213960122604523	-0.207018985082242	FALSE	down_in_cellobiose
YLR246W	2026.24960914565	-0.193803383469853	0.0601293723702267	-3.22310670859114	0.00126808304121702	0.00214347854479613	-0.191555811029674	FALSE	down_in_cellobiose
YDR312W	2108.01762297771	0.176573264255405	0.0548171831964518	3.22112983482949	0.00127686288894354	0.00215771633202864	0.174970402235757	FALSE	up_in_cellobiose
YBR216C	1955.5521473783	-0.209855550421355	0.0652333213108817	-3.21699932188411	0.00129538904920005	0.0021884114440117	-0.206877704547648	FALSE	down_in_cellobiose
YNL172W	1414.54123373811	-0.21992573876007	0.0684019593541013	-3.21519647736353	0.00130355267206063	0.00220158798118478	-0.215954158548175	FALSE	down_in_cellobiose
YEL058W	6151.16480800098	-0.178498436888662	0.0555713851385959	-3.21205664468295	0.00131788387857038	0.00222517076984747	-0.176702808040097	FALSE	down_in_cellobiose
YJL049W	1730.45403186421	0.194638788704161	0.0606013914983859	3.21178745061233	0.00131911930923679	0.0022266351052928	0.192440571933571	FALSE	up_in_cellobiose
YMR246W	27603.3737849965	-0.30379849972068	0.0946956899973417	-3.20815551087076	0.00133589242673732	0.00225431847011922	-0.295724370873785	FALSE	down_in_cellobiose
YCR054C	988.286272309134	-0.270019900065342	0.0841763711106154	-3.20778736957561	0.00133760352451167	0.00225657632252346	-0.264263067141317	FALSE	down_in_cellobiose
YDL189W	3172.22356039229	-0.166496829548978	0.051930394369321	-3.20615376738482	0.00134522082739478	0.00226879407810475	-0.16503320031798	FALSE	down_in_cellobiose
YLR145W	1137.81707909869	-0.226066914373897	0.0705794307818279	-3.20301413414208	0.00135997306209087	0.00229303514901745	-0.222568286594881	FALSE	down_in_cellobiose
YMR202W	7046.03958090025	-0.370204308463937	0.115664572924068	-3.20067155486729	0.00137107722214607	0.0023111134446877	-0.356937650271879	FALSE	down_in_cellobiose
YAL013W	3188.16472383048	0.203814549812702	0.0636864979118651	3.20027881097746	0.00137294704879997	0.00231362043776601	0.201403813436068	FALSE	up_in_cellobiose
YKR045C	533.607636472117	0.261938720937053	0.0819137254941683	3.1977390767766	0.00138509543972302	0.00233344212240804	0.256782491918558	FALSE	up_in_cellobiose
YBR252W	1508.04988325043	-0.250489583920142	0.0783836472989024	-3.19568676059361	0.00139498468472056	0.00234944789005569	-0.24580049980699	FALSE	down_in_cellobiose
YLR242C	844.056833864266	-0.282021368766726	0.0883321206715471	-3.19273857145795	0.0014093047412761	0.0023729050877611	-0.275494713606057	FALSE	down_in_cellobiose
YMR043W	2982.1879631975	-0.156678754413597	0.0491346879017715	-3.18876054991585	0.00142884180169322	0.00240513087020334	-0.15544240502278	FALSE	down_in_cellobiose
YHR119W	1966.44123234549	-0.178359338458482	0.0559367344218322	-3.18859047282653	0.00142968263209735	0.00240587661628402	-0.176530894892294	FALSE	down_in_cellobiose
YDR407C	2236.25671988571	-0.228087085794121	0.0715463216356286	-3.18796383349691	0.00143278456159937	0.00241042587720529	-0.224358529151851	FALSE	down_in_cellobiose
YPR045C	1624.31000279856	-0.212832050345304	0.0668649626375923	-3.18301307515646	0.00145751032336694	0.0024513410555404	-0.209844325930032	FALSE	down_in_cellobiose
YML025C	2679.22284880146	0.161025471822867	0.050618869477207	3.18113528583198	0.00146699106377841	0.00246660048755402	0.159714194169559	FALSE	up_in_cellobiose
YER168C	2138.27110719922	-0.176191232915663	0.0553941926699423	-3.18068058082318	0.00146929534769319	0.00246978828872941	-0.174527448360132	FALSE	down_in_cellobiose
YMR097C	1391.93687122181	-0.228635743149014	0.0719254157233184	-3.17878931737464	0.00147891543372766	0.00248526828096273	-0.224967397055365	FALSE	down_in_cellobiose
YKR105C	2624.2030805866	0.343823201823651	0.108267068660714	3.17569512204233	0.00149477957626076	0.00251122968811807	0.33281304629842	FALSE	up_in_cellobiose
YJR013W	1164.88703301869	-0.223093177223309	0.0702734883601425	-3.17464213644817	0.00150021395923609	0.00251965954608716	-0.219661335007175	FALSE	down_in_cellobiose
YNR063W	467.923248477178	-0.312615569376339	0.0984924614956517	-3.17400504189999	0.001503510790382	0.00252449563026939	-0.303936807152701	FALSE	down_in_cellobiose
YGL075C	580.987539879975	-0.265763552478352	0.0837532422805901	-3.17317330340467	0.00150782490826535	0.00253103664867856	-0.260010453513737	FALSE	down_in_cellobiose
YGL176C	1224.1411054003	0.192167277411426	0.0605641994520169	3.17295166369159	0.00150897644697119	0.00253226680113257	0.189998359062912	FALSE	up_in_cellobiose
YJR058C	2028.18417136112	-0.20060343579131	0.0632451137268188	-3.17184085805897	0.00151475990004289	0.00254069836962713	-0.198152961800982	FALSE	down_in_cellobiose
YLR221C	2043.31255687107	-0.187082581642087	0.058983298657456	-3.1717890640292	0.00151503006527455	0.00254069836962713	-0.18498515113908	FALSE	down_in_cellobiose
YGL246C	2194.74686556392	-0.175101201223319	0.0552065860433443	-3.17174478215048	0.00151526108122438	0.00254069836962713	-0.173381890103031	FALSE	down_in_cellobiose
YJL025W	840.080401136766	-0.265192855515095	0.0836184968164414	-3.17146164558835	0.00151673895517845	0.00254247150801532	-0.259619009442995	FALSE	down_in_cellobiose
YLR414C	2965.4156596817	0.235611130225006	0.0743042891975221	3.17089541895333	0.0015196984439463	0.00254672656940627	0.23174240989514	FALSE	up_in_cellobiose
YPR024W	4523.98447241043	0.171903304084238	0.0543013829065527	3.1657260806795	0.00154696394411076	0.00259170025872074	0.170327512261242	FALSE	up_in_cellobiose
YIL060W	1296.64600619572	0.829995613049898	0.262264317023681	3.16472947013586	0.00155227205310852	0.00259987299285526	0.741634606703052	FALSE	up_in_cellobiose
YNL069C	23494.7348213072	0.161070336325892	0.0509007112412688	3.16440246900324	0.00155401736527954	0.00260207558837505	0.148974054329146	FALSE	up_in_cellobiose
YLR352W	1405.81525545467	-0.208957096072999	0.0660433084656977	-3.16394046463511	0.00155648631423914	0.00260548830017114	-0.206238211610711	FALSE	down_in_cellobiose
YMR158W	1054.82432731261	0.220092815727962	0.0695701476779877	3.16361001196495	0.0015582544668014	0.00260772634621331	0.216868377812097	FALSE	up_in_cellobiose
YJL183W	2549.68488663093	-0.174970674780351	0.0553931469758661	-3.15870616371702	0.00158471178928732	0.00265126885245081	-0.173239130942069	FALSE	down_in_cellobiose
YBL108C-A	480.520897302706	-0.341885830221566	0.108265637352872	-3.15784249352593	0.00158941408825661	0.00265840055469469	-0.330684734384842	FALSE	down_in_cellobiose
YHR124W	1237.33455806474	-0.212189136079489	0.067239958424956	-3.15569998926018	0.0016011345791493	0.00267652347559286	-0.209173897326925	FALSE	down_in_cellobiose
YKR094C	16257.4523820782	0.177888103684952	0.0563700383170527	3.155720822548	0.00160102022937724	0.00267652347559286	0.176147579315014	FALSE	up_in_cellobiose
YDL084W	13812.1672108033	0.123146095875101	0.0390386191234651	3.15446854013034	0.00160790712973159	0.00268710205046053	0.122248603975801	FALSE	up_in_cellobiose
YJL055W	9978.9107089356	-0.192018262038283	0.0608902344593295	-3.15351490667256	0.00161316989430099	0.00269515235379348	-0.189658717003614	FALSE	down_in_cellobiose
YHL037C	17.7891581491323	-1.42719893501991	0.45307058063199	-3.15005872380658	0.00163237647702731	0.0027263976024164	-1.18585691888386	FALSE	down_in_cellobiose
YNCM0013W	26.0669498371369	1.05888074392718	0.336153925931893	3.14998773550459	0.00163277316732014	0.0027263976024164	0.915737841903347	FALSE	up_in_cellobiose
YOL003C	910.640572361726	-0.21946432386157	0.0696862571083284	-3.1493200089712	0.00163650883947742	0.00273188116510058	-0.216257788808574	FALSE	down_in_cellobiose
YJL137C	878.867232953335	0.222205509778791	0.0705726801565566	3.14860522918864	0.00164051647149589	0.00273781556832426	0.218871855772748	FALSE	up_in_cellobiose
YDR180W	861.284641370235	0.28232871101812	0.089700025464479	3.14747637535423	0.00164686413482292	0.00274765083790593	0.275790389683077	FALSE	up_in_cellobiose
YMR024W	1805.2262469703	-0.186757260099035	0.0593403153260515	-3.14722392479511	0.00164828677953335	0.00274926597976219	-0.184627767326917	FALSE	down_in_cellobiose
YJL170C	221.050801808154	-0.377824170591158	0.120206565915985	-3.14312423545339	0.00167154878486117	0.00278729722934666	-0.363264888816199	FALSE	down_in_cellobiose
YGL137W	8352.30120643887	0.158618815947556	0.0504727518148397	3.1426623325285	0.00167418850889412	0.00279092946576396	0.15741758086598	FALSE	up_in_cellobiose
YKR028W	5439.53265915397	-0.160265442543576	0.0510366619927005	-3.14020228373277	0.00168831213315412	0.00281369847928247	-0.159589501919056	FALSE	down_in_cellobiose
YER094C	5742.67270509253	0.146715192016726	0.0467304723104652	3.13960430448869	0.00169176176831723	0.00281867084704755	0.145892658593084	FALSE	up_in_cellobiose
YDR157W	122.962484016623	0.520046792318988	0.165665112621013	3.13914489352193	0.00169441643061205	0.00282231632397182	0.488065402697894	FALSE	up_in_cellobiose
YDR176W	3786.10843728084	0.15127546717936	0.0482774839851396	3.13345797444466	0.00172759655820067	0.00287679074449275	0.150171986251918	FALSE	up_in_cellobiose
YGR208W	2489.70971199102	0.175106904676492	0.0559241778346214	3.13114848454843	0.00174124098028779	0.00289871330822477	0.173351246315087	FALSE	up_in_cellobiose
YDL145C	7293.7921731355	0.170510012974715	0.0544604802411577	3.13089440672714	0.00174274810191961	0.00290042391865982	0.168974231320546	FALSE	up_in_cellobiose
YFL022C	7071.49439725974	0.161611076867114	0.0516444924722494	3.12929935276165	0.0017522369686712	0.00291541380647137	0.160253747468655	FALSE	up_in_cellobiose
YER026C	2981.76330356652	-0.307806402719244	0.0983676376825494	-3.12914297802487	0.00175316978346014	0.00291616360021092	-0.299172525145766	FALSE	down_in_cellobiose
YHL014C	1185.80773594161	0.197672198620256	0.0632388259711017	3.12580437072926	0.00177319467256758	0.00294866136367575	0.195226524391718	FALSE	up_in_cellobiose
YLR044C	189118.619535434	0.169782185877892	0.0543224230210024	3.1254531082358	0.00177531371641693	0.00295137365499988	0.169141302062247	FALSE	up_in_cellobiose
YIL002W-A	1424.29079828139	0.186906361351293	0.0598198521898315	3.12448718124824	0.00178115282435283	0.00296026718375541	0.184842651721064	FALSE	up_in_cellobiose
YLR148W	1789.54587784857	-0.202837637249455	0.0649618666644211	-3.12241084907966	0.0017937642295719	0.00298040825836562	-0.200158576082211	FALSE	down_in_cellobiose
YMR298W	3011.92704953169	-0.188157359207248	0.0602902853863976	-3.12085700044968	0.00180325576568891	0.00299535591070764	-0.185931573910123	FALSE	down_in_cellobiose
YJR093C	1971.11486580781	-0.165743944083195	0.0531555376916803	-3.1180936414295	0.00182024959916252	0.00302275386483661	-0.164191245291057	FALSE	down_in_cellobiose
YDL120W	1450.38337454046	-0.187378851202671	0.0601182152756713	-3.1168398852735	0.00182800825387543	0.00303480480906907	-0.185207959102049	FALSE	down_in_cellobiose
YGR156W	1034.27604719707	-0.259804753558448	0.0833746251245942	-3.11611300404887	0.00183252033823561	0.00304146075895965	-0.254359314070381	FALSE	down_in_cellobiose
YNCJ0007C	95.4005017119391	-0.632506972356254	0.203119851615073	-3.11395940538053	0.00184594885512876	0.00306290772999143	-0.580877525262559	FALSE	down_in_cellobiose
YNCM0012W	17.7800897833351	1.27586529486744	0.409755725595963	3.11372170092748	0.00184743656104613	0.00306453546933817	1.07185896389701	FALSE	up_in_cellobiose
YGR171C	1322.33562482634	0.185744315424878	0.0597036835455454	3.11110310778699	0.00186389845290187	0.00309099474723074	0.183735501168062	FALSE	up_in_cellobiose
YLR429W	6426.87025106544	-0.187554651500559	0.060296399213213	-3.11054480778114	0.00186742561064493	0.00309599509133238	-0.18535977896544	FALSE	down_in_cellobiose
YOR295W	853.187497976932	0.214054811527275	0.0688843612575944	3.10745149725368	0.00188707948546371	0.00312686485700946	0.210975858088585	FALSE	up_in_cellobiose
YJL030W	967.453723725444	-0.21003509384302	0.0675904780886105	-3.107465722726	0.00188698866827203	0.00312686485700946	-0.207017439525526	FALSE	down_in_cellobiose
YMR164C	1073.14896977846	-0.2245112419898	0.0722648976984507	-3.10678142694739	0.0018913618490475	0.00313310229061607	-0.220863573389327	FALSE	down_in_cellobiose
YIL078W	10511.5243628296	0.165498497343907	0.0532734866079565	3.10658280284567	0.00189263295313423	0.00313434942512481	0.164505218734278	FALSE	up_in_cellobiose
YHR032W	3102.43115703582	-0.162693330307865	0.0523905126927145	-3.1053967969756	0.00190023919618853	0.00314608449453825	-0.16123131347137	FALSE	down_in_cellobiose
YDR398W	4618.77633483839	0.281544028607245	0.0906666109567435	3.1052669294275	0.00190107378237117	0.00314660488116607	0.273253081753563	FALSE	up_in_cellobiose
YGL233W	1950.0522071439	-0.20077513951596	0.0646751585509342	-3.10436254064754	0.0019068951254613	0.00315537666724758	-0.197943384838249	FALSE	down_in_cellobiose
YGR234W	3620.47477111599	-0.338879417623961	0.109244083504611	-3.10203909221004	0.00192192576406556	0.00317937828803843	-0.327518611934648	FALSE	down_in_cellobiose
YDR179C	694.740805916613	0.233339429179978	0.0752329951742512	3.10155708462129	0.00192505751702392	0.00318368823159986	0.229027778303205	FALSE	up_in_cellobiose
YOL092W	3261.83803008204	-0.164195687188507	0.0529462162567487	-3.10117887163614	0.00192751816450881	0.00318688623809439	-0.162674936055762	FALSE	down_in_cellobiose
YJL113W	1239.03238691658	-0.208973410208366	0.0673935299383387	-3.10079336101797	0.0019300292622143	0.00319016588627278	-0.205982593328015	FALSE	down_in_cellobiose
YMR008C	5830.14753053805	-0.197260261664099	0.0636800195006594	-3.09767903984478	0.00195042541098878	0.00322299805619129	-0.194729990758081	FALSE	down_in_cellobiose
YPL113C	1320.58292047617	0.20722418722195	0.0669979499781269	3.09299295410685	0.00198148839691572	0.00327343398649174	0.204389530317042	FALSE	up_in_cellobiose
YBR141C	1091.05328589016	-0.235613401105185	0.07622307539653	-3.09110331588525	0.00199414235121366	0.00329343881489356	-0.231388648658043	FALSE	down_in_cellobiose
YCR030C	2357.68822646814	0.211369337542985	0.0683987256137519	3.0902525689819	0.00199986355083158	0.00330198601021823	0.208310375477366	FALSE	up_in_cellobiose
YLR449W	2499.86538566092	0.20037468141937	0.0648700290143405	3.08886375517228	0.0020092355815949	0.00331655480280731	0.197824606263472	FALSE	up_in_cellobiose
YLL018C-A	394.952090440421	0.287592440244223	0.0931256323123221	3.08822000026484	0.00201359344287419	0.00332284123942786	0.28044660362875	FALSE	up_in_cellobiose
YER034W	1855.27334093893	-0.212887529199153	0.068945101024517	-3.08778326575299	0.00201655482815337	0.00332682040389296	-0.209725765997627	FALSE	down_in_cellobiose
YBL086C	1715.72761165703	0.246645311078769	0.0798831095202203	3.08757774403283	0.00201794980097837	0.00332821390682224	0.241946533674344	FALSE	up_in_cellobiose
YGR222W	1478.46761727954	0.215148149466939	0.0697816611119505	3.08316176540679	0.00204813787830443	0.00337708230315846	0.21198236750722	FALSE	up_in_cellobiose
YBR180W	467.327365798508	-0.52798962042152	0.17134337601696	-3.08147086099937	0.00205980636251108	0.00339539626068875	-0.493124633602584	FALSE	down_in_cellobiose
YBR243C	1045.77368848261	-0.200395483776363	0.0650416485085888	-3.08103328208079	0.00206283589594598	0.00339946362361887	-0.19771087606055	FALSE	down_in_cellobiose
YNL277W-A	133.015456271776	-0.730238651064521	0.23707924431651	-3.08014585237004	0.00206899248072098	0.00340868061111426	-0.657871043134668	FALSE	down_in_cellobiose
YDR326C	3095.084193479	-0.160103273401851	0.0519903962701773	-3.0794778437511	0.00207363793594949	0.00341540365921092	-0.158679923119519	FALSE	down_in_cellobiose
YNL300W	2113.99199526577	-0.249311381743494	0.0809887805304964	-3.0783446807131	0.00208154004720068	0.0034274854901905	-0.244197626838505	FALSE	down_in_cellobiose
YDL214C	1519.29737888524	0.199501086326115	0.0648138945432419	3.07806046422676	0.00208352635862054	0.00342982237804492	0.196952606157	FALSE	up_in_cellobiose
YER183C	1332.37200485571	0.20383092320264	0.0662419863602563	3.07706538409202	0.00209049440915671	0.00344035651335504	0.201099386377767	FALSE	up_in_cellobiose
YCR063W	222.927108732591	-0.426916195412362	0.138770073152702	-3.07642840933423	0.0020949660395589	0.00344677764071062	-0.406112694071405	FALSE	down_in_cellobiose
YNL161W	3605.93341011076	0.145296629174895	0.0472347455345891	3.07605402612991	0.00209759834107656	0.00345016991211069	0.144277839658411	FALSE	up_in_cellobiose
YPL261C	83.0047218595428	0.581828083253072	0.189198311168499	3.07522873570947	0.00210341170437636	0.0034587911876205	0.53852124403127	FALSE	up_in_cellobiose
YBR018C	527.221786367653	-0.291010349485103	0.0946469955457525	-3.0746918886023	0.00210720119505916	0.00346408068163028	-0.283334736306075	FALSE	down_in_cellobiose
YLR014C	1062.24304920347	-0.19795851571971	0.0644080844837722	-3.07350416188183	0.00211560736749527	0.00347695471701396	-0.195349617440639	FALSE	down_in_cellobiose
YLR410W-B	2148.44944900984	-0.256310845123817	0.0833981519792178	-3.07333962493183	0.00211677430494709	0.00347792746436294	-0.250926776894214	FALSE	down_in_cellobiose
YPR173C	5735.8005967643	-0.150237988284261	0.0490003599130682	-3.06605887284907	0.00216900602405188	0.00356277795585708	-0.148977707516102	FALSE	down_in_cellobiose
YGL120C	4280.76691515249	0.194138133266164	0.0633529087560163	3.06439178686847	0.00218113065401221	0.00358172093279008	0.191415491105054	FALSE	up_in_cellobiose
YOL028C	686.568179965642	-0.235070553713204	0.0768219869578279	-3.0599384762366	0.00221382463468688	0.00363442220157065	-0.230801240488359	FALSE	down_in_cellobiose
YER180C-A	343.542870660424	-0.348810926284451	0.114047102873822	-3.05848125463007	0.00222461996626078	0.00365016320020217	-0.336320881773774	FALSE	down_in_cellobiose
YNR019W	644.149662454632	0.267310749935145	0.0873991740883515	3.05850430193908	0.00222444885330374	0.00365016320020217	0.261359118151238	FALSE	up_in_cellobiose
YOR106W	1824.80639199245	-0.248857261281231	0.0814858155424687	-3.05399485327028	0.00225815954852717	0.00370419011377606	-0.243864190970729	FALSE	down_in_cellobiose
YNL048W	2484.47250996248	-0.16308968316723	0.0534404260757457	-3.05180357162702	0.002274709040224	0.0037303254542502	-0.161568088630266	FALSE	down_in_cellobiose
YGL200C	9506.84571343847	0.179807022466644	0.0589309101547923	3.05114959185849	0.00227966965930175	0.00373744703156871	0.177891376276671	FALSE	up_in_cellobiose
YLR057W	2068.73429781914	-0.177159525910928	0.0580720961859003	-3.05068247138531	0.00228321896357115	0.00374225156956052	-0.175217159473773	FALSE	down_in_cellobiose
YOL131W	171.421206504574	-0.575217171660527	0.188582364439676	-3.05021720015886	0.00228675924824487	0.00374703872484015	-0.531725355640348	FALSE	down_in_cellobiose
YJL129C	3009.41790532769	-0.159185079424307	0.0521911272221822	-3.05004102989848	0.00228810105330174	0.00374822187713134	-0.15777597864778	FALSE	down_in_cellobiose
YDL037C	103.467309741904	0.738975081832763	0.242658200180426	3.04533323532156	0.00232422632642675	0.00380636902849417	0.663680386284059	FALSE	up_in_cellobiose
YGL064C	1240.10893293411	0.202804279653392	0.0666431058511236	3.04313967759011	0.00234123634576086	0.00383318825640544	0.200051848006268	FALSE	up_in_cellobiose
YJL141C	3694.16611446526	-0.176801953256436	0.058118082065597	-3.04211610178193	0.00234921264253404	0.00384520651205571	-0.174951730081176	FALSE	down_in_cellobiose
YDR124W	563.477010111689	-0.305439137300691	0.100489464453956	-3.03951403224606	0.00236960163602858	0.00387752994986496	-0.296559528598479	FALSE	down_in_cellobiose
YLR393W	502.35502777292	0.27311939829796	0.0898905452217974	3.03835511981889	0.00237873454911317	0.00389142184285541	0.266718552326393	FALSE	up_in_cellobiose
YBR259W	1163.72471175677	-0.217979171036938	0.0718192191132146	-3.03510917729862	0.00240448628983709	0.00393248596023113	-0.214464800638698	FALSE	down_in_cellobiose
YJR116W	1819.66691354659	-0.276850464934999	0.0912325895700724	-3.03455668900377	0.00240889479441102	0.00393863090473043	-0.269964269801244	FALSE	down_in_cellobiose
YNL328C	215.863963277314	-0.376057006906824	0.12397171301105	-3.03340978174033	0.00241807001304765	0.00395256417267898	-0.360523811209588	FALSE	down_in_cellobiose
YML082W	4225.41577506623	-0.171479831076642	0.0565628645931051	-3.03166807958212	0.00243206475474798	0.00397436574890997	-0.170129128518257	FALSE	down_in_cellobiose
YDR128W	2260.12772805886	0.154758467326117	0.0510566995637721	3.03110989641656	0.00243656546994848	0.00398064504652848	0.153502918419573	FALSE	up_in_cellobiose
YIL097W	1603.46615098014	0.205145343500663	0.0676880856284408	3.03074524262312	0.00243950984361984	0.00398437902625244	0.202314855262315	FALSE	up_in_cellobiose
YLL040C	3484.41699290623	0.215524186844548	0.0711186379884634	3.0304881102969	0.00244158799926326	0.00398669660354865	0.212330544125491	FALSE	up_in_cellobiose
YOR236W	1727.83663916962	-0.21183437946631	0.0702404671198684	-3.01584525491275	0.00256264006835907	0.00418322459741853	-0.208564262408535	FALSE	down_in_cellobiose
YFR024C-A	5782.70447841115	-0.134946274692166	0.0447718920984452	-3.01408469392904	0.00257755839706786	0.0042064417661809	-0.134027375394134	FALSE	down_in_cellobiose
YCL037C	91.6019190869479	-0.593151946315064	0.196875379735575	-3.01282947167761	0.00258824312377898	0.00422273925347054	-0.545474037857886	FALSE	down_in_cellobiose
YMR077C	1338.6190380035	-0.199828702068471	0.0663375175968633	-3.01230298189391	0.0025927367636384	0.00422892986690535	-0.197023599985284	FALSE	down_in_cellobiose
YPR140W	1556.36539820109	0.181433652189375	0.0602765352987948	3.0100212510556	0.00261229411657582	0.00425968045754936	0.179417245780484	FALSE	up_in_cellobiose
YER010C	2779.79848889647	-0.152457373271991	0.0506718825040083	-3.00871737417553	0.00262353047388462	0.00427684967818171	-0.151176836029718	FALSE	down_in_cellobiose
YML127W	3044.48425294799	0.167833199621512	0.0557923426298909	3.0081762426587	0.00262820671681494	0.00428331830323276	0.16620655957222	FALSE	up_in_cellobiose
YLR028C	12377.7598611374	-0.121118992564726	0.0402695153835043	-3.007709216544	0.00263224869476775	0.004288750028544	-0.120372728058544	FALSE	down_in_cellobiose
YMR028W	1743.51820008209	0.173383687035075	0.0576529525777082	3.00736873452194	0.00263519905025457	0.00429240071530828	0.17158903302576	FALSE	up_in_cellobiose
YLL045C	36613.5000745756	0.178254851140724	0.0592897282190903	3.00650477738789	0.00264269901053442	0.00430345816255039	0.176271689120215	FALSE	up_in_cellobiose
YGR099W	1460.81032252126	-0.219085005559338	0.0729313825022424	-3.00398810556761	0.00266465742210636	0.00433804793779253	-0.215445703468762	FALSE	down_in_cellobiose
YBR196C	44478.3034071372	-0.145082228470715	0.0483324041773594	-3.00175898426913	0.00268424603248336	0.00436876211099552	-0.143985148313987	FALSE	down_in_cellobiose
YML061C	2044.19973312586	0.161360687105821	0.0538588599804309	2.99599150751519	0.00273554052126202	0.00445104898374837	0.159867028195178	FALSE	up_in_cellobiose
YMR029C	2325.19571797853	0.169698347495388	0.0567357795330754	2.99102874573987	0.00278039318829114	0.00452281280333104	0.168022636111904	FALSE	up_in_cellobiose
Q0050	14.1699405540636	1.40380932835287	0.469369348203689	2.99084150621541	0.00278209850504314	0.00452436992699675	1.14300051208049	FALSE	up_in_cellobiose
YDR146C	2934.67117932217	-0.212087004503332	0.0710285621867534	-2.98593971176972	0.00282708372549564	0.00459629096016066	-0.208708009702045	FALSE	down_in_cellobiose
YML036W	577.509562248721	-0.291467645416978	0.0976954317436442	-2.98343167346656	0.00285035669435383	0.00463288290444825	-0.283351349154395	FALSE	down_in_cellobiose
YER158C	8170.36348772365	0.171115582357942	0.0573623866198976	2.98306246376761	0.00285379745280979	0.00463598361391179	0.169667998619701	FALSE	up_in_cellobiose
YPL053C	3775.07296815533	-0.154633400690164	0.0518362958263245	-2.9831105449405	0.00285334915755544	0.00463598361391179	-0.153249082820829	FALSE	down_in_cellobiose
YJL193W	1390.93022882909	-0.178743435470283	0.0599679770190624	-2.98064807844802	0.00287639135697747	0.00467143257975288	-0.176494033401664	FALSE	down_in_cellobiose
YDL047W	3384.61182999048	0.155176294359535	0.0520827183779634	2.97942003014174	0.00288794602028986	0.00468893893441962	0.153847938541464	FALSE	up_in_cellobiose
YLR229C	3828.5864993072	0.160229123973257	0.05378082885851	2.97929815092285	0.00288909508567371	0.00468954564631095	0.158812308702202	FALSE	up_in_cellobiose
YOL073C	1899.68055061169	-0.163897463951465	0.0550191822541072	-2.9789149390571	0.00289271068923842	0.00469415461457311	-0.162311355596319	FALSE	down_in_cellobiose
YGL066W	2789.56565189907	-0.160349516057815	0.0538588693599998	-2.97721652836819	0.00290878496217834	0.00471897302877002	-0.158698308956733	FALSE	down_in_cellobiose
YOL006C	4180.65625170782	-0.135523689682889	0.045542112024845	-2.97578842213018	0.00292236404198846	0.00473973122176084	-0.13458433333989	FALSE	down_in_cellobiose
YBR003W	3026.04839600771	-0.179363736255793	0.0602961128355012	-2.97471475060308	0.00293261106690104	0.00475507553153284	-0.177261667668227	FALSE	down_in_cellobiose
YMR033W	2880.85470700345	-0.15911046444162	0.053494811328526	-2.97431583531495	0.00293642662585676	0.00475998612521621	-0.157626251322955	FALSE	down_in_cellobiose
YDR404C	1712.50458628702	-0.177125216665632	0.0595692691339704	-2.9734327655973	0.00294488916173317	0.00477242487946468	-0.175095084619722	FALSE	down_in_cellobiose
YKL181W	6913.42542210166	0.153551192433394	0.0516632066683787	2.97215760181176	0.00295714844520994	0.00479100824983385	0.152056052073787	FALSE	up_in_cellobiose
YPL075W	4972.61272143064	-0.136481343313533	0.0459518913120278	-2.97009196828879	0.00297710606558208	0.00482205074575265	-0.135790773426102	FALSE	down_in_cellobiose
YIL143C	3961.88578457302	0.14396869106811	0.0484865987155225	2.96924706789178	0.00298530463029249	0.00483403544953387	0.14301673520515	FALSE	up_in_cellobiose
YLR247C	2783.36246963394	0.164502370030967	0.05544452611766	2.96697224324494	0.00300748108478569	0.00486864175609847	0.163082330755439	FALSE	up_in_cellobiose
YEL059C-A	817.021387090249	0.210641619810777	0.07102006141366	2.96594533457081	0.00301754119779375	0.00488362032760413	0.20741795973328	FALSE	up_in_cellobiose
YDR214W	6142.20976961093	-0.172231216979855	0.0580726299327075	-2.9657898596883	0.00301906698052475	0.00488478253028724	-0.170272825953277	FALSE	down_in_cellobiose
YDL219W	819.532921489092	-0.258264864844456	0.0871678809442179	-2.96284436476928	0.0030481064414741	0.00493044871838335	-0.25234158154782	FALSE	down_in_cellobiose
YJR059W	7721.05868225367	0.185048888260407	0.0624952674961014	2.96100641975731	0.00306635547483138	0.0049586411528824	0.182795847382343	FALSE	up_in_cellobiose
YLR047C	1208.80828382536	-0.233798789466629	0.0789636589598239	-2.96084037323529	0.00306800905540038	0.00495998897809716	-0.229307166263183	FALSE	down_in_cellobiose
YLR329W	165.305433967483	-0.464619093858958	0.156976013900893	-2.95980947861433	0.00307829346817224	0.00497528564818431	-0.436999916367109	FALSE	down_in_cellobiose
YHR175W-A	257.139944363881	-0.334032290053041	0.112909883209067	-2.95839726832893	0.00309243299559682	0.00499680330146129	-0.32218467863665	FALSE	down_in_cellobiose
YKR083C	570.800577811023	0.266802116602944	0.0901925630330458	2.95813876034536	0.00309502766840795	0.00499966007973593	0.260480099399959	FALSE	up_in_cellobiose
YKL091C	1356.76422778178	-0.210949964024918	0.0713544530569539	-2.95636719205935	0.00311286257440573	0.00502712759679729	-0.207558138173263	FALSE	down_in_cellobiose
YLR245C	483.669542069486	-0.250563426805792	0.0847686568487368	-2.95584991104558	0.00311808784258723	0.00503422190922787	-0.245090349887686	FALSE	down_in_cellobiose
YIR004W	3566.27026915384	0.141015517048199	0.047720863388602	2.95500766404574	0.003126612838443	0.00504663849663819	0.140009625179798	FALSE	up_in_cellobiose
YNR029C	2116.39682789966	0.170891331735193	0.0578408231831742	2.95451071285764	0.00313165280579471	0.00505342480508176	0.169170138401976	FALSE	up_in_cellobiose
YDR165W	1630.28626014415	0.192751082996079	0.0654952882937461	2.94297632726787	0.00325073274606499	0.00524418022091252	0.190209999561442	FALSE	up_in_cellobiose
YBR024W	1474.23500248104	0.183601832211638	0.0624118822474145	2.94177687966211	0.00326334962441737	0.00526313027426033	0.181400740856367	FALSE	up_in_cellobiose
YNCI0001W	55.204274322507	0.677966913883935	0.230592637406118	2.94010650778023	0.0032809944412797	0.00529017712099697	0.611160952734481	FALSE	up_in_cellobiose
YMR163C	1135.29143773181	0.211107901598257	0.0718081454771002	2.93988794997608	0.00328330957474682	0.00529108881110279	0.207776751333774	FALSE	up_in_cellobiose
YPL071C	1446.73391992944	0.180737012860526	0.0614773925993868	2.93989392227947	0.00328324629171411	0.00529108881110279	0.178627813190841	FALSE	up_in_cellobiose
YGR175C	25843.5419244206	0.563812419174221	0.191793402307608	2.93968620604556	0.00328544792335105	0.0052931244114084	0.517172833270592	FALSE	up_in_cellobiose
YDR226W	15965.7664882841	0.130934602617499	0.0445751860536305	2.93738768605398	0.00330990039618702	0.00533109922666821	0.130117539499903	FALSE	up_in_cellobiose
YIL132C	329.694392158231	-0.310971190815651	0.105871550405902	-2.93724980529155	0.00331137247744002	0.00533205025121332	-0.301021089022936	FALSE	down_in_cellobiose
YGR241C	2213.22323861789	0.155102010548005	0.0528891148277479	2.93258851189228	0.00336149089460262	0.0054113114002014	0.153712908596972	FALSE	up_in_cellobiose
YKL172W	7467.80357829769	0.171153028856216	0.0583700249964279	2.93220756487068	0.00336561723074278	0.00541651224362224	0.169609014292704	FALSE	up_in_cellobiose
YDR499W	1493.24955241992	0.191690427672517	0.0653917196212167	2.93141744524979	0.00337419034378424	0.00542886491066962	0.189185999639587	FALSE	up_in_cellobiose
YKR024C	1871.78227392715	0.211271149340127	0.0721062762997863	2.92999666855287	0.00338965637879172	0.00545229834546072	0.207994461682326	FALSE	up_in_cellobiose
YGR024C	2777.95042833009	-0.16399654816599	0.0560051457976586	-2.92824071485313	0.00340886019217581	0.00548172997667622	-0.162316962570149	FALSE	down_in_cellobiose
YLR115W	1570.7351266005	-0.177448780399312	0.0606187155424064	-2.92729363879669	0.00341925886320666	0.00549699032553797	-0.175375216517884	FALSE	down_in_cellobiose
YPL218W	8311.0384914355	0.197418354255408	0.0675645942062698	2.92192022426279	0.00347880632796363	0.00559123589463832	0.194690233522679	FALSE	up_in_cellobiose
YDL209C	1696.53677407929	0.168480070032586	0.057711362492007	2.91935699934168	0.00350754280342629	0.00563592424950111	0.166705365809311	FALSE	up_in_cellobiose
YDL207W	3911.57254655421	-0.155576604395911	0.0532932765222461	-2.91925388244742	0.00350870336007838	0.00563629161268367	-0.154068359575724	FALSE	down_in_cellobiose
YPL101W	1989.23387776717	-0.183188284457034	0.0627794948818831	-2.91796365679104	0.00352325411683852	0.0056581627452574	-0.181107755442784	FALSE	down_in_cellobiose
YPL040C	1477.63293515329	0.170237824255979	0.0583463443420342	2.91771191795705	0.00352609954105948	0.0056612291012285	0.168436693484817	FALSE	up_in_cellobiose
YPL080C	39.3255195121768	0.815600438787436	0.279872691365903	2.91418371262643	0.00356619974113927	0.00572409130424902	0.715034395696539	FALSE	up_in_cellobiose
YBR109C	6620.68759337492	0.126493808227992	0.0434336853171071	2.91234343354626	0.00358727985012632	0.00575639918640593	0.125822275707434	FALSE	up_in_cellobiose
YGR225W	669.321403299988	0.328587098375654	0.112857284753068	2.9115275907497	0.00359666141262157	0.00576992260571228	0.317097827740536	FALSE	up_in_cellobiose
YGR048W	2633.46282782872	0.169851133424109	0.058366826167886	2.91006286577157	0.00361356063589162	0.00579549581699085	0.168056413733023	FALSE	up_in_cellobiose
YGR217W	1336.62722892693	0.192726877987906	0.0662427751924603	2.90940223183528	0.00362120628631403	0.00580621835090861	0.19012898877849	FALSE	up_in_cellobiose
YNL182C	1919.85741142378	0.178892902076994	0.0615227539372998	2.9077518581062	0.0036403707233616	0.0058338532418895	0.176769108727078	FALSE	up_in_cellobiose
YGR258C	3228.00094895554	-0.151894138732041	0.0522368729523572	-2.90779539714364	0.003639863957979	0.0058338532418895	-0.150510505168026	FALSE	down_in_cellobiose
YGL085W	1173.97605595293	-0.203613654989065	0.0701096971599817	-2.90421529741376	0.00368174884291921	0.00589860053032461	-0.200452803335583	FALSE	down_in_cellobiose
YIL067C	1932.35996030482	-0.156975701448094	0.054072134397973	-2.90307943630904	0.0036951289807531	0.00591846929968081	-0.155369206201931	FALSE	down_in_cellobiose
YMR148W	817.789373237059	-0.259249189256949	0.0893473360504817	-2.90158834853758	0.00371276069989675	0.00594513548132791	-0.252998422656143	FALSE	down_in_cellobiose
YKL183W	1398.61448563061	-0.174378158959526	0.0601172710439485	-2.90063331105045	0.00372409391154625	0.00596170459953196	-0.171972549278829	FALSE	down_in_cellobiose
YIR001C	1853.13131077168	-0.192474913548514	0.0664288034551703	-2.89746169639208	0.00376195673160583	0.00602072355457847	-0.189760201830963	FALSE	down_in_cellobiose
YER029C	1738.79178310352	-0.162625522539666	0.0561730325908352	-2.89508176858159	0.00379059777724893	0.00606495644359828	-0.16094159219112	FALSE	down_in_cellobiose
YML095C	480.981863092452	-0.254037637379975	0.0877538488381861	-2.8948888367097	0.00379292826093991	0.00606708016983988	-0.248231412007749	FALSE	down_in_cellobiose
YKL104C	6928.60695979603	-0.133102537491839	0.04603437237609	-2.89137291596858	0.00383562685637577	0.00613375759581191	-0.13214857266365	FALSE	down_in_cellobiose
YMR242C	16319.0905609895	0.15739228123801	0.0545548103439675	2.88503030705547	0.0039137598282112	0.00625704981258824	0.155928391970174	FALSE	up_in_cellobiose
YIL140W	1853.19655606778	-0.200340819490132	0.0694457247128415	-2.8848546158679	0.00391594455327492	0.00625888812320473	-0.197278060862684	FALSE	down_in_cellobiose
YBR241C	3319.96131888822	0.157058715992785	0.0544624543526422	2.88379798265859	0.00392910719707159	0.00627826692942905	0.155591264560109	FALSE	up_in_cellobiose
YBR208C	2797.56743838357	-0.157638995412718	0.0546819830981456	-2.88283245195737	0.00394117008359912	0.00629587867554344	-0.156023699324428	FALSE	down_in_cellobiose
YNCE0019W	402.195496427659	-0.342649552953203	0.119035783042947	-2.87854243651741	0.00399517525341532	0.00638046473003851	-0.329220270823692	FALSE	down_in_cellobiose
YPL064C	3366.14099235555	0.13694338761695	0.0475879044663952	2.87769316914668	0.00400594565614135	0.0063959765914316	0.13596560950813	FALSE	up_in_cellobiose
YGR062C	1357.89938359683	-0.17806299215556	0.0618871474634709	-2.8772208682047	0.00401194677326517	0.00640386753357291	-0.175848338511827	FALSE	down_in_cellobiose
YMR287C	1519.2272756345	0.18960181558117	0.0659055906955305	2.87686998295925	0.00401641044965106	0.00640930089696296	0.187086335650979	FALSE	up_in_cellobiose
YLR017W	2795.64033424372	0.199754250196106	0.0694829625519617	2.8748666271494	0.00404198197822639	0.00644840596262548	0.196848951772579	FALSE	up_in_cellobiose
YER014C-A	1127.15985225725	-0.19953826940602	0.0694123602714174	-2.87467921600393	0.00404438170245242	0.00645053284188613	-0.196492982209272	FALSE	down_in_cellobiose
YIL102C-A	416.885267074382	-0.26930760732974	0.0937214299600765	-2.87349016595734	0.00405963716527414	0.00647315728330557	-0.262274150960886	FALSE	down_in_cellobiose
YPR032W	1664.66010856783	-0.17178922831165	0.0599031821186425	-2.86778134709788	0.00413361097313745	0.00658937247378369	-0.169784714076001	FALSE	down_in_cellobiose
YAL042W	8118.76736838669	0.130801298612791	0.0456388235090041	2.86600943135586	0.00415681861431991	0.00662462160195173	0.130120217989918	FALSE	up_in_cellobiose
YDR510W	4644.39118125852	0.144608320948635	0.0504625799231381	2.86565453389214	0.00416148106460431	0.00663030492063406	0.143472983779666	FALSE	up_in_cellobiose
YHR069C	3179.24455000992	-0.161084948924091	0.0562489436965752	-2.86378620357806	0.00418610450204398	0.00666777983364814	-0.159453064275706	FALSE	down_in_cellobiose
YJL107C	178.06869589018	-0.410773570958	0.14348991235514	-2.86273483770293	0.00420001889829399	0.00668818175273355	-0.388986551924169	FALSE	down_in_cellobiose
YPR180W	1813.13208977616	-0.158589292248005	0.0554114043687721	-2.86203343976931	0.00420932492950794	0.00670123642370729	-0.156989967277307	FALSE	down_in_cellobiose
YPL219W	1200.72400009796	0.224826103304504	0.0786362273809273	2.8590652272191	0.00424891408601169	0.00676248220847335	0.220663925876579	FALSE	up_in_cellobiose
YLR419W	1667.18781190596	0.166492154279363	0.058290985835544	2.85622471284129	0.00428711594208951	0.00682148834984408	0.164728819186377	FALSE	up_in_cellobiose
YDL029W	7498.34599297299	-0.133706155282645	0.0468281053500849	-2.8552544307113	0.00430023638527071	0.00684056540192458	-0.132737943031451	FALSE	down_in_cellobiose
YPL236C	1689.69063178923	-0.169320617210142	0.0593356926721386	-2.85360479645411	0.00432262682630825	0.00687437471614838	-0.167381082156175	FALSE	down_in_cellobiose
YHL021C	3338.00941375511	-0.247018689481408	0.0866052954399066	-2.85223540000286	0.0043412938408294	0.0069022463589212	-0.241368010139362	FALSE	down_in_cellobiose
YBR065C	1307.12617861585	-0.173520933426086	0.0608424970761816	-2.85196929391011	0.00434492975235758	0.00690617506765488	-0.171441618694296	FALSE	down_in_cellobiose
YBR160W	1943.1037748119	-0.160072213662181	0.0561285172837984	-2.8518874434687	0.00434604866195345	0.00690617506765488	-0.158404857834782	FALSE	down_in_cellobiose
YLR455W	1026.90382964299	-0.196264972796068	0.0688461016650251	-2.85077830188566	0.00436123659272015	0.00692848933878946	-0.193311492551392	FALSE	down_in_cellobiose
YDR406W	3375.06250779639	0.25812363908028	0.0905571180025729	2.85039591336096	0.00436648393876641	0.00693500390274665	0.251922603255234	FALSE	up_in_cellobiose
YLR073C	873.581316898891	0.362499323449384	0.127239408728462	2.84895479373834	0.00438631124438676	0.00696466537307722	0.345505200052738	FALSE	up_in_cellobiose
YER106W	938.04304337026	0.259779075928869	0.091193648785303	2.84865316158658	0.00439047149309118	0.00696761259255194	0.253580508097141	FALSE	up_in_cellobiose
YOR355W	4079.3550034345	0.177550465813151	0.0623260425355265	2.84873639637788	0.00438932312359987	0.00696761259255194	0.175431923680636	FALSE	up_in_cellobiose
YFR048W	2248.06135348869	-0.146986975539562	0.0516599691158191	-2.8452780374302	0.00443726726463032	0.0070400294901585	-0.145622676615145	FALSE	down_in_cellobiose
YFL067W	961.610812725653	0.269086927709346	0.0946000729600392	2.84446850081197	0.00444855841075795	0.00705609264837767	0.262117421252398	FALSE	up_in_cellobiose
YJL149W	2117.55561942946	-0.182503017434461	0.0641650698823498	-2.84427364871714	0.00445128002734117	0.00705855836532758	-0.18003951731442	FALSE	down_in_cellobiose
YLR276C	4034.02410496485	0.143749521320689	0.0505603541873607	2.84312726109471	0.00446732288871372	0.00708214124008928	0.142759762860369	FALSE	up_in_cellobiose
YBR149W	7359.23756683778	-0.134656213593424	0.0473658473132678	-2.84289675433939	0.00447055498261643	0.00708540789697698	-0.133654447675727	FALSE	down_in_cellobiose
YFR028C	2994.95055821126	-0.145337366130056	0.0511785549902261	-2.83980988048241	0.00451404281916893	0.00715245768151262	-0.144079258461843	FALSE	down_in_cellobiose
YGR118W	26942.6482790176	-0.121432785515368	0.0427814800142396	-2.83844283729666	0.00453342386140808	0.00718128536244003	-0.11810645797825	FALSE	down_in_cellobiose
YLR013W	7.79104772076663	-1.880667797081	0.662799124792328	-2.83746270436049	0.00454736590754966	0.0072014844223253	-1.41796069970902	FALSE	down_in_cellobiose
YPL023C	2688.91737354931	-0.153605463404993	0.0541560550930826	-2.83634882823312	0.00456325754566724	0.00722475959062709	-0.152115676257485	FALSE	down_in_cellobiose
YEL031W	7834.93734764638	0.130949440371357	0.0461945974326321	2.83473496142762	0.0045863717841847	0.00725945473717589	0.130026135544529	FALSE	up_in_cellobiose
YIL115C	4802.92855854357	0.170354316078454	0.0601131259263471	2.83389548377801	0.00459843688814887	0.00727664738344437	0.168497327901861	FALSE	up_in_cellobiose
YDR067C	1789.54391964336	-0.186371809524145	0.065809759638945	-2.83197827414422	0.00462609917874669	0.00731850584176301	-0.183795262341376	FALSE	down_in_cellobiose
YJL104W	1704.58737382481	0.164112312124852	0.0579744162867938	2.83077127181419	0.00464359151177532	0.00734425770481619	0.162399002931585	FALSE	up_in_cellobiose
YKL074C	1860.28944038126	-0.175115106235406	0.0620215773820157	-2.8234545722177	0.00475091581676797	0.00751203630321901	-0.17291536057765	FALSE	down_in_cellobiose
YBR165W	1741.40098134559	-0.178488715515282	0.0632518625218712	-2.82187288087468	0.00477440979495129	0.00754721130158532	-0.176187979279189	FALSE	down_in_cellobiose
YDL231C	3219.78839695761	0.152833132458264	0.0541976955188661	2.81991938947041	0.00480357148214194	0.00759132488215167	0.151542836630204	FALSE	up_in_cellobiose
YML046W	1904.99556247341	-0.154538444654688	0.0548440973313888	-2.81777715696382	0.00483573590538218	0.00764015954956934	-0.153006498354438	FALSE	down_in_cellobiose
YNL127W	1250.47932993715	-0.181665630088061	0.0644862517147233	-2.81712187105742	0.00484561350499632	0.00765376612123733	-0.179239270064043	FALSE	down_in_cellobiose
YHR178W	1147.02914837388	0.204874875763605	0.0727415099912943	2.81647818127674	0.00485533407711205	0.00766711762359626	0.201544736549097	FALSE	up_in_cellobiose
YPL193W	1452.43836549132	0.190837800634224	0.0677713576329446	2.81590641385432	0.00486398331764885	0.00767877084446365	0.188155165972503	FALSE	up_in_cellobiose
YJR052W	2562.63926674885	0.156508359684372	0.0555933892679291	2.8152332812466	0.00487418379323051	0.00769286627908615	0.154999815422326	FALSE	up_in_cellobiose
YIL059C	1558.84629820511	0.907096337755131	0.32236679019988	2.81386409931587	0.00489499175586986	0.00772167713602006	0.773725262499415	FALSE	up_in_cellobiose
YBR200W	2932.20196344005	0.140697018059284	0.0499999194045001	2.8139448970116	0.0048937616160546	0.00772167713602006	0.139580894071134	FALSE	up_in_cellobiose
YIL156W	1355.36577659682	0.206835636299548	0.0735168856245526	2.81344393933998	0.00490139317536389	0.0077297590416169	0.20343957695678	FALSE	up_in_cellobiose
YJL225C	5070.37622033976	0.696043183598019	0.247452020008286	2.81284098458648	0.00491059282734038	0.00774224854529578	0.62153484511057	FALSE	up_in_cellobiose
YMR181C	5363.39768015561	0.282022077848292	0.100273665602547	2.81252386809252	0.00491543753379295	0.00774786713692462	0.273972905688701	FALSE	up_in_cellobiose
YDR390C	2104.18427249887	-0.164647765441259	0.0585533814406458	-2.81192582546506	0.00492458581934771	0.00776026446988405	-0.162781868889641	FALSE	down_in_cellobiose
YOR372C	2593.12552502233	0.189406959662487	0.0674053381991843	2.80996972528771	0.00495461603653774	0.00780555295362862	0.186766520041585	FALSE	up_in_cellobiose
YLR181C	1932.03138683643	0.161328773493847	0.0575043209671874	2.80550697374382	0.00502374942694308	0.00791240534743536	0.159698085342424	FALSE	up_in_cellobiose
YOL013C	2420.52365375191	-0.185213520879191	0.0660361897055782	-2.80472755476904	0.00503591264064221	0.00792949743572093	-0.181958567546542	FALSE	down_in_cellobiose
YGL123W	50803.5024412745	0.161879730952749	0.0577803509502314	2.8016398012567	0.00508436064230704	0.00800369941818661	0.161684991261662	FALSE	up_in_cellobiose
YDL245C	1559.22400996292	-0.264119105430091	0.0944230115994951	-2.79719001709434	0.00515492063033954	0.00811266197561632	-0.25709721595296	FALSE	down_in_cellobiose
YPR155C	1664.07127319786	0.218708583940422	0.0782574984167014	2.79473006887921	0.00519430660040751	0.0081725198541271	0.214633267732174	FALSE	up_in_cellobiose
YPR124W	3773.9259043992	-0.217183984477732	0.0777176055706918	-2.79452748039416	0.00519756231054249	0.00817551543671287	-0.212997430961172	FALSE	down_in_cellobiose
YOR014W	4247.90669625993	0.160024552425818	0.057326724552618	2.79144768299012	0.00524728396866401	0.00825157915821111	0.159199606279082	FALSE	up_in_cellobiose
YGR284C	3919.06670930822	-0.126821872917979	0.0454539768261952	-2.79011610805616	0.00526891426707882	0.00828343994990712	-0.125940918151669	FALSE	down_in_cellobiose
YDL045C	1820.8914981281	0.158960325809817	0.0569861449362824	2.78945568238656	0.00527967217044291	0.00829819576061297	0.157326978785981	FALSE	up_in_cellobiose
YNL033W	165.116941444104	-0.66463767756511	0.238413057374083	-2.78775703346758	0.00530743325524677	0.00833966129585151	-0.593079016252411	FALSE	down_in_cellobiose
YMR005W	2917.51258121003	-0.139721412582425	0.0501864119708426	-2.78404865172669	0.00536849808418926	0.00843342244498094	-0.138524604703803	FALSE	down_in_cellobiose
YGR113W	1993.44444490494	-0.15065868628024	0.0541657832306724	-2.78143649540965	0.005411891763113	0.00849938233791415	-0.14919236073981	FALSE	down_in_cellobiose
YER047C	2028.44948846906	0.195925907398887	0.0705174137322928	2.77840460999727	0.00546265498114693	0.00857687884890359	0.192923800687035	FALSE	up_in_cellobiose
YPR073C	1533.47945542343	-0.179170726320493	0.0645389439052614	-2.77616452143226	0.00550043672252241	0.00863395829167285	-0.176766930245607	FALSE	down_in_cellobiose
YPR009W	1752.14595209029	-0.313353174013586	0.1129031297176	-2.77541618905838	0.00551311068873548	0.00865160701750705	-0.301946147614212	FALSE	down_in_cellobiose
YHR187W	1597.27858283228	-0.173977099215691	0.0627022088516194	-2.77465662537338	0.00552600181834271	0.00866958728854389	-0.171786050962046	FALSE	down_in_cellobiose
YGL160W	1119.72378319088	0.182729537953152	0.0658680160914612	2.77417704063566	0.00553415521762073	0.00867802304384056	0.180275200606607	FALSE	up_in_cellobiose
YKL166C	1441.05538244683	-0.166410263166878	0.0599855703562744	-2.77417155790153	0.00553424849207888	0.00867802304384056	-0.164464250360887	FALSE	down_in_cellobiose
YDR525W	37.3784581643675	0.785963419191818	0.28335068474231	2.77381866892823	0.00554025496508278	0.00868293911086309	0.683412597099354	FALSE	up_in_cellobiose
YMR064W	2107.22684024078	-0.155958753658052	0.0562243117805866	-2.77386683302902	0.00553943482425237	0.00868293911086309	-0.154379648025469	FALSE	down_in_cellobiose
YJL038C	961.552045997774	0.190983138680085	0.0688762336103586	2.77284527142556	0.00555685353156176	0.00870669693235376	0.188203731020462	FALSE	up_in_cellobiose
YLL002W	865.94207836441	-0.23222534997165	0.0837717126936999	-2.77212131045656	0.00556922774164573	0.00872156638567411	-0.227195729917495	FALSE	down_in_cellobiose
YDL132W	3425.14920126711	0.14794366731319	0.0533675986011489	2.77216272028407	0.00556851927960392	0.00872156638567411	0.146611223433832	FALSE	up_in_cellobiose
YKL059C	2225.9986462137	0.141442140382544	0.0510338278403436	2.77153696612838	0.00557923370017659	0.00873497422176237	0.140341965834791	FALSE	up_in_cellobiose
YOL148C	2010.43760626667	-0.151943294873394	0.0548279126582912	-2.77127629899689	0.00558370243593199	0.0087397081605892	-0.150419459609751	FALSE	down_in_cellobiose
YAL019W	3068.41566086102	0.148136043536493	0.0534621550482228	2.77085806591362	0.00559087914494871	0.00874867711996113	0.146796762316864	FALSE	up_in_cellobiose
YOR188W	1699.26820306325	-0.200933285062596	0.0725245450285197	-2.77055560960198	0.00559607435639258	0.00875454156944189	-0.197576000410695	FALSE	down_in_cellobiose
YDR363W-A	2949.82985817621	0.185962042916996	0.0671391468195234	2.76980050724922	0.00560906356460036	0.0087725928209731	0.183396806240337	FALSE	up_in_cellobiose
YIL086C	105.048264086105	0.530452526002166	0.191808600260016	2.76553045735741	0.00568302977602233	0.00888597830542477	0.487638649752714	FALSE	up_in_cellobiose
YMR147W	1022.7823732736	-0.227825708200422	0.0824244538960441	-2.7640548093623	0.0057087949204788	0.00892395752883324	-0.222960440259109	FALSE	down_in_cellobiose
YKL094W	7083.14216696456	-0.252779850822409	0.0914901126223519	-2.76291987819297	0.00572868269382639	0.00895273202384032	-0.246308470196245	FALSE	down_in_cellobiose
YBR171W	3011.6902862797	0.160962422030167	0.0582677541494612	2.76246140562217	0.00573673436267341	0.00896299907658196	0.159280180233938	FALSE	up_in_cellobiose
YOR189W	1566.04870436011	-0.16258461396435	0.0588692276034123	-2.76179288540429	0.00574849316655495	0.00897905130974286	-0.160761444016438	FALSE	down_in_cellobiose
YOR288C	1590.5983641088	-0.162084635190806	0.0587028175760809	-2.76110486486852	0.00576061765831235	0.00899566630453733	-0.160290492271204	FALSE	down_in_cellobiose
YOL025W	1438.4631364314	-0.175180713532963	0.0634535702106008	-2.76077000792142	0.00576652694029145	0.00900256967859645	-0.172903627900832	FALSE	down_in_cellobiose
YPL152W	1335.8124964334	-0.198218026127109	0.071801166414956	-2.76065189500628	0.00576861260424472	0.00900350168528311	-0.194968979479877	FALSE	down_in_cellobiose
YKR037C	950.831892704015	-0.198191134109282	0.071808981690692	-2.75997694777186	0.00578054402639746	0.00901979625171617	-0.194954281342602	FALSE	down_in_cellobiose
YER159C	7449.84657685989	-0.121146136938632	0.0439262536771227	-2.7579437533897	0.00581662054143612	0.0090737480099576	-0.120356223896768	FALSE	down_in_cellobiose
YNL165W	1253.58217839364	0.186490911700955	0.0676784688090284	2.75554271517557	0.00585948530450667	0.00913825866984434	0.183859511301352	FALSE	up_in_cellobiose
YOR378W	677.756113703843	-0.219251777797834	0.0796481260633374	-2.75275500673401	0.00590961020977818	0.00921405582591865	-0.214468428372198	FALSE	down_in_cellobiose
YMR192W	1552.14643475158	0.180928590958909	0.0658210587144549	2.74879490686733	0.00598148000122002	0.00932370903282956	0.178533878117481	FALSE	up_in_cellobiose
YPR097W	2715.82054705454	0.146850580746193	0.0535133951902517	2.74418358663486	0.0060661602456613	0.00945326904554485	0.145678404076379	FALSE	up_in_cellobiose
YDL045W-A	1355.29346097891	0.164862493767234	0.0600954809889952	2.74334261169195	0.0060817194554504	0.00947507451482844	0.163005872773632	FALSE	up_in_cellobiose
YLR343W	1239.82908629219	-0.249124504205526	0.09096339876237	-2.73873346417422	0.00616763526419928	0.00960645327784632	-0.242853301284962	FALSE	down_in_cellobiose
YDR279W	1239.9082745248	-0.176860333800336	0.0645961294115229	-2.73794011207097	0.00618253333566072	0.00962717858240886	-0.174482250060018	FALSE	down_in_cellobiose
YNL096C	6481.38194314994	-0.137574010878682	0.0502516581185761	-2.73770092429698	0.00618703130922662	0.00963170279490414	-0.136567200107902	FALSE	down_in_cellobiose
YGL181W	3797.96460700918	-0.160744530210949	0.0587281433324242	-2.73709538714807	0.00619843173072943	0.00964696734623047	-0.158933293642488	FALSE	down_in_cellobiose
YNL240C	3653.8769423376	0.192212355047001	0.0702386198862047	2.736562241092	0.00620848490224439	0.00966012778203604	0.189209929649996	FALSE	up_in_cellobiose
YNL128W	422.083770670125	0.2644769633076	0.0966507133278116	2.73642018978763	0.00621116594245475	0.00966181368826294	0.257284286024191	FALSE	up_in_cellobiose
YMR087W	1043.09720383009	-0.203448114323911	0.0743794158460071	-2.73527443056455	0.00623282885118464	0.00969301848597703	-0.199746179398615	FALSE	down_in_cellobiose
YOR280C	1199.89094003752	-0.178342899704669	0.0652678722429163	-2.73247608012876	0.00628602357400437	0.00977323151043148	-0.175898442279113	FALSE	down_in_cellobiose
YBR019C	1153.37654401489	-0.199197754781454	0.0729440104073609	-2.73083086149254	0.00631748847271204	0.00981710438925036	-0.195844199619985	FALSE	down_in_cellobiose
YNL063W	1836.74056086321	-0.156788663587328	0.0574142302168156	-2.73083280913532	0.00631745114027855	0.00981710438925036	-0.155129993664225	FALSE	down_in_cellobiose
YHR085W	1428.30447040811	-0.171371730373526	0.0627683302700202	-2.73022604928807	0.00632909112742984	0.00983260805001173	-0.169185833543994	FALSE	down_in_cellobiose
YDR038C	2460.86281610715	0.166995380671249	0.061185938854392	2.72930976949882	0.00634670548284701	0.0098574408732046	0.16446920011111	FALSE	up_in_cellobiose
YGL243W	1366.71881614938	-0.164070122370564	0.060162629902543	-2.72711021171017	0.00638916948393463	0.00992084647980402	-0.162125659078779	FALSE	down_in_cellobiose
YFR031C-A	23413.4729295627	0.151043255213174	0.0553882400066113	2.72699141902947	0.00639147011939322	0.00992187147897593	0.149603602435438	FALSE	up_in_cellobiose
YCR042C	3383.65574646558	-0.131818020603297	0.0483532962782846	-2.72614342245982	0.00640791477407019	0.00994484694728676	-0.130766372580431	FALSE	down_in_cellobiose
YLR036C	978.746302387428	-0.20517587187237	0.0752989880651664	-2.72481579294005	0.00643373711096557	0.00998236070988193	-0.201518534164749	FALSE	down_in_cellobiose
YPL255W	937.048158553642	0.195354063457283	0.0717347561007418	2.72328330193156	0.00646366037106656	0.0100262164463223	0.192272512122278	FALSE	up_in_cellobiose
YDR131C	1216.6590452288	-0.197820018012194	0.0728607902110536	-2.71504079820127	0.0066267606218247	0.0102765764719989	-0.194491287174927	FALSE	down_in_cellobiose
YLR088W	1851.08768606494	-0.150757194013259	0.0555464508044802	-2.7140742897132	0.00664612601558573	0.0103039656863016	-0.149080568407763	FALSE	down_in_cellobiose
YML072C	6654.97332251298	0.12352073498005	0.0455180709957462	2.7136636566078	0.00665436903259287	0.010314101463127	0.122714508471701	FALSE	up_in_cellobiose
YIR012W	5030.99687384652	0.222575942034067	0.0820253959723235	2.71350036651048	0.00665764945876608	0.0103165421282647	0.218031500645635	FALSE	up_in_cellobiose
YOR019W	1618.12362160067	-0.221989461604923	0.0818126031641727	-2.71338953925545	0.00665987675772588	0.0103173500590999	-0.21738796792133	FALSE	down_in_cellobiose
YOL062C	3753.47407979454	-0.126293502043447	0.0466691888850339	-2.70614306913629	0.00680697130558048	0.0105425255969656	-0.125414691146753	FALSE	down_in_cellobiose
YNR060W	815.077829177201	-0.214625091064749	0.0793821563328075	-2.70369439405173	0.00685733244974571	0.0106178050834772	-0.210400056919544	FALSE	down_in_cellobiose
YOR125C	1937.78255091334	0.153592472406583	0.0568592476377543	2.701275144988	0.0069074169050485	0.010692617722481	0.152067184847304	FALSE	up_in_cellobiose
YDL111C	2320.59201850636	-0.235419149826394	0.0871757165723693	-2.70051293046682	0.00692326457586909	0.0107144074091239	-0.229880436665084	FALSE	down_in_cellobiose
YML037C	543.121796462601	-0.248526352072229	0.0920353292005269	-2.70033642766397	0.00692693900832975	0.0107173515278532	-0.242156078651335	FALSE	down_in_cellobiose
YCL001W-A	134.452564324875	-0.456986953331074	0.169277006201996	-2.69963986003958	0.00694145724653476	0.0107370673726451	-0.425319703556778	FALSE	down_in_cellobiose
YDR478W	467.948176473283	-0.240467877948368	0.0891129974643001	-2.69846021108988	0.00696610647591322	0.0107724397766104	-0.234673389595546	FALSE	down_in_cellobiose
YKL062W	9281.57200529915	0.164779179957008	0.061084442805841	2.69756377218279	0.00698489046098288	0.010798726356857	0.162827715032079	FALSE	up_in_cellobiose
YDR465C	2521.87811929078	0.249690742336508	0.0926506876349354	2.69496912230534	0.0070395154194643	0.0108803959256121	0.243396045405272	FALSE	up_in_cellobiose
YLR119W	1078.51969868866	-0.183812953551712	0.068304601467259	-2.69107716908092	0.00712217181371492	0.0110053385614072	-0.180918263126146	FALSE	down_in_cellobiose
YKL014C	1484.77506342992	0.223249039479705	0.0829903279385293	2.69006093872848	0.00714389724072489	0.0110360895304991	0.218607305015718	FALSE	up_in_cellobiose
YIL005W	2157.33698912078	-0.156843765229888	0.0583231793636959	-2.68921836808364	0.00716195518310991	0.0110611606096652	-0.15509696714007	FALSE	down_in_cellobiose
YGL166W	1727.59246347125	0.150566717490904	0.0560184481925867	2.68780593445338	0.00719231833747314	0.0111052186124681	0.149077726992187	FALSE	up_in_cellobiose
YAL007C	2551.68803355408	-0.177494447638052	0.0660809859300208	-2.6860139136849	0.00723100775804971	0.0111621069220737	-0.175021058754141	FALSE	down_in_cellobiose
YGL228W	4356.19218018367	0.133739915379055	0.0498087931722374	2.68506636803237	0.00725154050602073	0.0111909458995696	0.132736619654983	FALSE	up_in_cellobiose
YJL090C	1567.23481697163	-0.17392902161612	0.064800348226394	-2.68407541589841	0.00727306980383915	0.0112213076973518	-0.171590838903715	FALSE	down_in_cellobiose
YPR091C	2414.39007839031	0.172401229397643	0.0642366886406962	2.68384365766358	0.00727811322170763	0.0112262251376913	0.17015175652203	FALSE	up_in_cellobiose
YPL087W	3573.34033187768	0.134138164226256	0.0499844522780618	2.68359776116081	0.00728346774118749	0.0112316198109898	0.13303432794671	FALSE	up_in_cellobiose
YPL244C	2734.03993600628	-0.141780629015813	0.0528506081014011	-2.68266788423299	0.00730374824944239	0.011260022791901	-0.140468086536503	FALSE	down_in_cellobiose
YLR234W	571.116475682027	0.246485421253266	0.0919019639817611	2.68204737498519	0.00731730965631113	0.0112780552500942	0.240339109033042	FALSE	up_in_cellobiose
YIL091C	2496.82921868018	0.155442368163956	0.0579737499467579	2.681254331602	0.00733467473274741	0.0112990608211045	0.153747679115215	FALSE	up_in_cellobiose
YDL202W	1648.40209665811	0.153680889832258	0.0573153092892926	2.68132357197221	0.00733315712157081	0.0112990608211045	0.152099418671681	FALSE	up_in_cellobiose
YLR154C-H	327.499894056799	-0.891542618797167	0.333059367843639	-2.676827931817	0.00743227935394408	0.0114465051012615	-0.746680379466782	FALSE	down_in_cellobiose
YCR060W	1086.94819185107	-0.184048120755652	0.0687611183778546	-2.67663070493232	0.00743665530333701	0.0114495992717273	-0.181027731509782	FALSE	down_in_cellobiose
YDR005C	2977.20839001023	0.167738732507268	0.0626693625822546	2.67656675599833	0.00743807465916278	0.0114495992717273	0.165720668127067	FALSE	up_in_cellobiose
YJR068W	2660.7755554541	-0.144092731365443	0.0538595157767919	-2.67534398123075	0.00746526110185502	0.0114885239552212	-0.142714451537638	FALSE	down_in_cellobiose
YMR071C	3873.91131962649	-0.158417610708181	0.0593401451291549	-2.66965324003475	0.00759296168187008	0.0116820738366701	-0.156620845551676	FALSE	down_in_cellobiose
YDR368W	6089.9971453813	0.175524412126106	0.0658028251411458	2.66742973040458	0.00764338709214583	0.011756664581205	0.17340731374473	FALSE	up_in_cellobiose
YLR324W	2897.59931224754	0.155846275701889	0.0584572529535581	2.6659869875463	0.00767626640873516	0.0118042357589703	0.154195067718491	FALSE	up_in_cellobiose
YEL042W	1976.49541857378	0.164995921144905	0.06199166452085	2.66158236627783	0.00777743099216259	0.0119567622370613	0.163044648063189	FALSE	up_in_cellobiose
YEL052W	2704.92315166078	-0.166702814580238	0.0626476050445707	-2.66096069373501	0.00779180525296202	0.0119758165616046	-0.164592762237144	FALSE	down_in_cellobiose
YIL007C	1243.02787967452	0.182524619453769	0.0686310193743207	2.65950616962661	0.00782552967553676	0.0120245943794833	0.179871816325993	FALSE	up_in_cellobiose
YAL034W-A	689.4975828548	0.204060505992787	0.0768709531222149	2.65458534992219	0.00794059489332458	0.0121983027469716	0.200388042207159	FALSE	up_in_cellobiose
YDL082W	12502.5683432766	0.13440223328824	0.0506549236222549	2.65329061179734	0.00797112091226116	0.0122420871704813	0.137146029530944	FALSE	up_in_cellobiose
YMR070W	793.845127670987	0.225283718166777	0.0849591734462926	2.65167031443863	0.0080094706607747	0.012297862035127	0.220402566250084	FALSE	up_in_cellobiose
YJR053W	580.850839172645	-0.215076836813311	0.081164264300354	-2.649895722795	0.00805166177973707	0.0123595051887944	-0.210671807358334	FALSE	down_in_cellobiose
YLR265C	1413.70391936288	0.170521727903929	0.0643745480601549	2.64889980655995	0.00807542687196929	0.0123928398177291	0.16833172668141	FALSE	up_in_cellobiose
YER063W	4680.8656087986	0.148345580382903	0.0560102591705728	2.64854300943572	0.00808395622465187	0.0124027821528905	0.146973684400439	FALSE	up_in_cellobiose
YER016W	1580.61252147087	-0.170480656129035	0.0644097503396018	-2.64681442219807	0.00812539296075114	0.012463194680858	-0.168217677838264	FALSE	down_in_cellobiose
YPL144W	596.522574550699	-0.24785850626039	0.0937333487284673	-2.6442937292084	0.0081861583997857	0.0125532165319229	-0.241238812639576	FALSE	down_in_cellobiose
YJL146W	1682.21094615861	-0.163868891503626	0.0621106852235773	-2.63833655857689	0.00833138504042199	0.0127726785106393	-0.161808967693709	FALSE	down_in_cellobiose
YOR340C	1700.77941900301	0.175976458399066	0.066748597205224	2.63640684249905	0.00837892035925816	0.012842298614494	0.173549475157835	FALSE	up_in_cellobiose
YNCC0012C	16.370783813159	-1.14054233004476	0.432765277314797	-2.63547560266744	0.00840194655811487	0.0128743280424319	-0.901307526372061	FALSE	down_in_cellobiose
YBL021C	1041.5313837619	0.244567962198568	0.0928400241005251	2.63429447124826	0.0084312330827944	0.0129126608469842	0.237859068034201	FALSE	up_in_cellobiose
YLR314C	4917.66035512095	-0.141987673855338	0.0538980287118572	-2.63437601056645	0.00842920835978851	0.0129126608469842	-0.14065411463177	FALSE	down_in_cellobiose
YPL228W	2160.25521019584	-0.138527319113929	0.0526071655991814	-2.63324050129179	0.00845744364745111	0.0129495238429834	-0.13730487376014	FALSE	down_in_cellobiose
YPL192C	210.025530622848	0.32406532564097	0.123201753202765	2.63036293897235	0.0085293755118273	0.0130563561365557	0.310515596527252	FALSE	up_in_cellobiose
YCL039W	2967.28425649874	0.148987272979355	0.0566438096794868	2.63024810340944	0.00853225743056482	0.0130574627884757	0.14747655930626	FALSE	up_in_cellobiose
YML060W	801.64374723959	0.233627668877303	0.0889066784638843	2.62778536903959	0.00859427223797494	0.0131490408538509	0.22786101973763	FALSE	up_in_cellobiose
YOR018W	1667.88041807095	0.151225629286828	0.0576251493114706	2.62429913143368	0.00868274909957529	0.0132810486985916	0.149651013899058	FALSE	up_in_cellobiose
YLR437C	3500.15033742242	-0.140314965101653	0.0534772064561318	-2.62382750334492	0.00869478080497898	0.013296089584959	-0.138873052927964	FALSE	down_in_cellobiose
YHR172W	821.380622916405	-0.206286612583974	0.0786561216181942	-2.62263900558577	0.00872516668541564	0.0133391830418083	-0.202277820871878	FALSE	down_in_cellobiose
YGR250C	3640.44421838731	0.14979693202719	0.0571266066429982	2.62219201926901	0.00873661915188798	0.0133533163079653	0.148266017631833	FALSE	up_in_cellobiose
YGL079W	947.168392116622	0.204624068888496	0.0781097423650485	2.61969970317119	0.0088007226720808	0.0134478955838162	0.20083141444211	FALSE	up_in_cellobiose
YPL110C	2471.32408377434	0.159934306697516	0.0611216300140598	2.61665643833004	0.00887956648790032	0.0135649452181918	0.157972802074694	FALSE	up_in_cellobiose
YMR242W-A	14.5642239683769	-1.1958930052335	0.457049954873076	-2.6165476934914	0.00888239544937036	0.0135658403226747	-0.930992902447983	FALSE	down_in_cellobiose
YGL092W	2856.46254589667	0.162097992194255	0.0621299785661356	2.60901413351859	0.00908034918717627	0.0138646684887761	0.160359229572259	FALSE	up_in_cellobiose
YIL037C	1110.822202459	0.218021096144688	0.0835792675068343	2.60855476062721	0.0090925462214823	0.013879787871662	0.213432637383618	FALSE	up_in_cellobiose
YER059W	2062.2628483209	-0.155726220277046	0.0597071263639723	-2.60816806569697	0.00910282488394475	0.0138919719652026	-0.153888757505918	FALSE	down_in_cellobiose
YFR050C	5586.22813451881	0.136949881656714	0.0525315108209173	2.6070044344162	0.00913381774092126	0.0139357542121826	0.136433875842976	FALSE	up_in_cellobiose
YOL124C	2394.26371061429	0.319981568370902	0.122791462989522	2.60589425828575	0.00916347461101966	0.0139774765315125	0.306855839150192	FALSE	up_in_cellobiose
YER041W	2500.86371806381	0.149471335598715	0.0574024365469013	2.60391970428969	0.00921643462754713	0.0140547142277875	0.147869306422294	FALSE	up_in_cellobiose
YNCL0041C	19.9361113247993	1.20997341809623	0.46473199760021	2.60359395166313	0.00922519792400725	0.0140645316471883	0.938982598475229	FALSE	up_in_cellobiose
YFR002W	2956.3498195157	-0.130404853285081	0.0501100859312059	-2.60236738496335	0.00925826139488211	0.0141113822873606	-0.129243889986877	FALSE	down_in_cellobiose
YML107C	1739.52119108442	-0.142629435946926	0.0548652997024741	-2.59962921410041	0.0093324536509823	0.0142208817538778	-0.141199023582571	FALSE	down_in_cellobiose
YOL089C	1424.87196573539	0.171054240241061	0.0658288820120132	2.59846795225605	0.00936407854802892	0.0142654778484834	0.168759575553625	FALSE	up_in_cellobiose
YER039C	1050.35882990738	-0.180291872837589	0.0694090640670379	-2.59752634992248	0.00938979156332519	0.0143010474376708	-0.177460603351706	FALSE	down_in_cellobiose
YJL053W	2672.09797803924	0.131298653148671	0.0505523421868923	2.59728130228387	0.00939649357665857	0.0143076518508638	0.130277853863058	FALSE	up_in_cellobiose
YKR103W	626.566622273464	-0.232248481256269	0.0894260163290509	-2.59710194851675	0.00940140157747699	0.0143079206694969	-0.226546993383894	FALSE	down_in_cellobiose
YBL020W	2550.75346294846	0.134005141129981	0.051597799512854	2.59710961310662	0.00940119178985132	0.0143079206694969	0.132872533445431	FALSE	up_in_cellobiose
YER112W	2466.01138845827	0.138445938666054	0.0533386323880479	2.59560345789962	0.00944249709817004	0.014366848415027	0.137187215826926	FALSE	up_in_cellobiose
YLR072W	2981.29312576766	-0.135799013302781	0.0523215042212427	-2.59547226946212	0.00944610250636447	0.0143687193054558	-0.134580190874188	FALSE	down_in_cellobiose
YEL005C	1500.84845949561	0.151496626885825	0.0584322890382536	2.592686841117	0.00952294386927831	0.0144819624142306	0.149885616127229	FALSE	up_in_cellobiose
YJL131C	1354.46164870451	-0.195476854448888	0.0754097912271348	-2.59219461117602	0.00953658078099233	0.0144990549430472	-0.191938864925263	FALSE	down_in_cellobiose
YNCC0003C	80.7999931799746	0.491887849418913	0.190099569651393	2.58752742218692	0.00966675009577688	0.0146932657902133	0.451274353803107	FALSE	up_in_cellobiose
YGR229C	6331.08829406003	0.240430040544523	0.0929566015930585	2.58647623110263	0.00969628577064154	0.0147344563670452	0.234366652924856	FALSE	up_in_cellobiose
YPL108W	515.801963523669	-0.218240786061784	0.0844949309431138	-2.58288614033799	0.00979776519333897	0.014884924363053	-0.21335066379724	FALSE	down_in_cellobiose
YLR319C	1787.1225676944	-0.143380475952433	0.0555616352286038	-2.58056616516966	0.00986384523206486	0.0149815509702482	-0.141910053838479	FALSE	down_in_cellobiose
YPR201W	506.10345425764	0.23210934589431	0.0900089656329787	2.57873584327989	0.00991625835047207	0.0150573764759365	0.226497890269125	FALSE	up_in_cellobiose
YNCK0013W	48.6574169615073	0.640068429903797	0.248285698226384	2.57795126532093	0.00993880140446372	0.0150878189995473	0.564454894149246	FALSE	up_in_cellobiose
YDR524C	1500.79826764979	-0.179725875531668	0.0697293670827533	-2.57747751128119	0.00995243573954909	0.0151047255590446	-0.176918342163445	FALSE	down_in_cellobiose
YER135C	54.9906039816017	-0.591797255301661	0.229749983074902	-2.57583155124205	0.00999993499805742	0.0151730072424113	-0.527681897034577	FALSE	down_in_cellobiose
YAR042W	3005.55119570906	0.149240601768337	0.0580325273372518	2.57167158860817	0.0101208847881816	0.0153526739901987	0.147615785967587	FALSE	up_in_cellobiose
YIL018W	40879.4113247778	0.124714455815363	0.0485034074169594	2.57125143277576	0.0101331728377485	0.0153674597098051	0.124257252940557	FALSE	up_in_cellobiose
YOR258W	567.535691886376	0.225014432849761	0.0876410647918511	2.5674543478468	0.0102448278424676	0.0155328951594996	0.219828502956746	FALSE	up_in_cellobiose
YKL063C	2572.97764184222	0.145398524309984	0.0567111771206451	2.56384246796129	0.0103520517739394	0.0156915311099714	0.143937087969932	FALSE	up_in_cellobiose
YDR117C	1915.47262703002	-0.151737696421241	0.059268828613771	-2.56016020512315	0.0104623920610996	0.0158548101191507	-0.149938560149382	FALSE	down_in_cellobiose
YML102W	1989.29150895399	0.157514777157184	0.0615359621122066	2.55971909352723	0.0104756800572642	0.0158709701869574	0.155705401223716	FALSE	up_in_cellobiose
YOL024W	83.1470362303485	0.482278932120381	0.188429944459749	2.55946014049482	0.0104834877216308	0.0158788213725077	0.442744769865422	FALSE	up_in_cellobiose
YOR250C	1134.43475343044	-0.178810630607253	0.069907963740387	-2.55780058580009	0.010533647787295	0.0159508016568754	-0.176007075551313	FALSE	down_in_cellobiose
YGR066C	2026.86256889346	0.303175036156894	0.118555137312278	2.5572492515303	0.0105503590540542	0.015972108024761	0.291274018422608	FALSE	up_in_cellobiose
YOR334W	1980.57090635557	0.135376214048033	0.0529435336428545	2.55699241688799	0.0105581519118334	0.0159799055962883	0.134196534530506	FALSE	up_in_cellobiose
YGL050W	1594.89223446706	-0.158189241873639	0.0618892594681874	-2.55600476129387	0.0105881670062506	0.0160213245068311	-0.156242058232607	FALSE	down_in_cellobiose
YHR107C	2846.09866256059	0.12787348412546	0.0501332101371457	2.55067416939084	0.0107514788511393	0.0162643682070262	0.126839975884344	FALSE	up_in_cellobiose
YGR230W	809.724406374529	0.2188983031232	0.0858271975169316	2.55045381249944	0.0107582778052163	0.0162705836874089	0.214037193505291	FALSE	up_in_cellobiose
YJR054W	1291.20893949985	-0.202629651596891	0.0795077856734433	-2.54855106176819	0.0108171450023046	0.0163555232434845	-0.198544749094004	FALSE	down_in_cellobiose
YGL017W	1732.70219500877	-0.153606696870382	0.0603085559917259	-2.54701334403457	0.0108649278488723	0.0164236649912471	-0.151775885254128	FALSE	down_in_cellobiose
YER154W	2803.04531208846	0.145888968394272	0.0573655918119905	2.54314413546725	0.0109859900447248	0.0166025156897791	0.144382533629424	FALSE	up_in_cellobiose
YCR033W	4229.08719123801	0.129624706612683	0.0511847812704266	2.53248530901855	0.0113257115641156	0.0171116421533277	0.128596798008627	FALSE	up_in_cellobiose
YDR200C	1914.61634791768	0.139930751811907	0.0552628702576732	2.53209345007696	0.011338376862757	0.0171264993171715	0.138612854411282	FALSE	up_in_cellobiose
YHL030W	1613.59186617668	-0.14686843044356	0.0580450575300552	-2.53024868426588	0.0113981707565434	0.0172122104586552	-0.145263401150886	FALSE	down_in_cellobiose
YDR139C	1975.596992097	0.140069694741087	0.0553598533420306	2.53016737374091	0.0114008126814439	0.0172122104586552	0.138720858167856	FALSE	up_in_cellobiose
YEL046C	11398.3438004779	-0.167582809500795	0.0662393813570378	-2.52995734663499	0.0114076393547375	0.0172182188214257	-0.165392923365663	FALSE	down_in_cellobiose
YGL103W	34474.0561369849	0.129839206585448	0.0513313364729534	2.52943358787981	0.0114246793001513	0.0172396358301685	0.129612514674585	FALSE	up_in_cellobiose
YER082C	2635.33744596947	0.188180350313822	0.0744033617595185	2.52919150242223	0.0114325629303215	0.0172429278310685	0.183933116885699	FALSE	up_in_cellobiose
YPL140C	1628.95180853132	-0.167441896561675	0.0662016155232825	-2.52927206138629	0.0114299389527213	0.0172429278310685	-0.165096829922509	FALSE	down_in_cellobiose
YLR346C	379.589715657432	0.335114697842142	0.132512975096572	2.52891988575397	0.0114414140067015	0.0172519750467541	0.319166269108251	FALSE	up_in_cellobiose
YGR042W	2322.79644999867	0.143031326639535	0.0565723052430128	2.52829235126848	0.0114618865146625	0.0172785367997705	0.141620909209355	FALSE	up_in_cellobiose
YOR006C	1943.1165710165	0.134866029773893	0.0533645683318706	2.52725795391373	0.0114957033764241	0.0173251966161507	0.133674967155096	FALSE	up_in_cellobiose
YDR422C	1897.2297937346	0.138317322466576	0.0547456929810336	2.52654254489929	0.0115191435355724	0.0173561983316248	0.137038944010333	FALSE	up_in_cellobiose
YJR011C	852.836520754164	-0.187368783843625	0.0741687589200094	-2.52624941514393	0.011528760086844	0.0173663613960728	-0.184074691726518	FALSE	down_in_cellobiose
YMR316W	1486.78821505041	0.203838550876369	0.0807154306486299	2.52539755085639	0.0115567471928295	0.0174041850154963	0.19972102977427	FALSE	up_in_cellobiose
YKL167C	1389.86807083374	0.165686224908041	0.0656158542768092	2.52509438052991	0.01156672207206	0.0174148705730194	0.163472068008429	FALSE	up_in_cellobiose
YDR028C	4891.29755524511	0.11764671307655	0.0465957381004868	2.52483849108339	0.0115751472653022	0.017423218183312	0.11613814252985	FALSE	up_in_cellobiose
YDR428C	972.833398159904	0.187876480125531	0.0744371766807385	2.52396031799184	0.0116041026550305	0.0174624565458135	0.184682376789884	FALSE	up_in_cellobiose
YGR085C	20780.3473031038	0.133804411852693	0.0531695076712095	2.51656292700912	0.0118505736141687	0.0178289226911673	0.132331953613493	FALSE	up_in_cellobiose
YDR454C	5950.28575307649	-0.146299922982437	0.0581902245514948	-2.51416666819992	0.0119314032646772	0.0179460648954906	-0.144647330259478	FALSE	down_in_cellobiose
YLR226W	1354.02311558038	-0.210170647392728	0.0836035153849606	-2.51389724971464	0.0119405216815108	0.0179553145524061	-0.205576683084925	FALSE	down_in_cellobiose
YPR066W	659.113331904878	-0.206262349121468	0.082197209504087	-2.50935950704278	0.0120950318028774	0.0181831350593593	-0.20302979291621	FALSE	down_in_cellobiose
YBR181C	24298.2154714839	0.114155749141091	0.0455234580157567	2.50762473056373	0.0121545675431771	0.0182680975400436	0.113530200065571	FALSE	up_in_cellobiose
YGL194C-A	275.200152796125	-0.279099736644031	0.111436900231537	-2.50455402173009	0.0122605880404298	0.0184228662033588	-0.268985967319042	FALSE	down_in_cellobiose
YFL065C	194.059983394262	-0.464579763348366	0.185615860191231	-2.50290984223941	0.0123176917565862	0.0185040734584782	-0.426377915996334	FALSE	down_in_cellobiose
YOR237W	4833.05607382098	-0.207926231930475	0.0831189725443824	-2.5015495928977	0.0123651123016349	0.0185706975913305	-0.203333967017457	FALSE	down_in_cellobiose
YDR542W	52.4747004472288	0.862357316274928	0.345375731689145	2.49686714250986	0.012529589022605	0.0188130472712798	0.709591255172941	FALSE	up_in_cellobiose
YDR167W	1989.2667462326	0.144886718399313	0.0582109013190369	2.48899630681256	0.0128104296480863	0.019229952472481	0.143347439823105	FALSE	up_in_cellobiose
YPR189W	2479.54896723322	-0.161479031033394	0.0648951724164802	-2.48830575558169	0.0128353331127516	0.0192625545076729	-0.160838327280904	FALSE	down_in_cellobiose
YPL279C	901.885787761072	0.185337942340312	0.0745560049353615	2.48588886302312	0.0129228315841824	0.0193890561699665	0.182167132877319	FALSE	up_in_cellobiose
YJR106W	730.491740585734	-0.193969396671437	0.0780996727772213	-2.48361343618856	0.0130056904343038	0.0195085356514557	-0.190224337134254	FALSE	down_in_cellobiose
YBL013W	302.641850249999	0.262344340554712	0.105714308373477	2.48163512197306	0.0130781115701633	0.0196123031927467	0.253655293821047	FALSE	up_in_cellobiose
YAL002W	3158.37813364202	0.122603783832737	0.049407816051755	2.48146535569005	0.0130843428736912	0.0196167837630352	0.121855255346356	FALSE	up_in_cellobiose
YOL032W	1106.48072989625	-0.228918066878681	0.0923645581596764	-2.47841890265892	0.0131966107096706	0.0197801986547926	-0.222917585877138	FALSE	down_in_cellobiose
YGR232W	2272.32288851242	0.137008716960926	0.0553466120569017	2.47546709489766	0.0133062022587035	0.0199362552468911	0.135708116534634	FALSE	up_in_cellobiose
YNL091W	5082.18267620023	0.111387998296682	0.0449973043232061	2.47543713944741	0.0133073185237598	0.0199362552468911	0.110311838805718	FALSE	up_in_cellobiose
YHR137W	1512.44702455101	-0.299710337740748	0.121080544699236	-2.47529723693619	0.0133125329711895	0.0199391281351546	-0.287090050850737	FALSE	down_in_cellobiose
YDR123C	885.03531754449	-0.196553038056138	0.0794090447190057	-2.475197110753	0.0133162659838305	0.019939781299878	-0.192619237961456	FALSE	down_in_cellobiose
YGR122W	1635.91323936324	0.149596798084206	0.0604801478973221	2.47348598317218	0.0133802052753346	0.0200305647290158	0.147882280878637	FALSE	up_in_cellobiose
YHR065C	3080.59684585517	0.129150618129978	0.0522895600221961	2.46991212156224	0.0135146247391084	0.0202267880282424	0.128358793924201	FALSE	up_in_cellobiose
YDR459C	1609.28578575033	-0.139532306530541	0.0565474547816438	-2.46752585185914	0.0136050397018149	0.0203570707858922	-0.138074272841983	FALSE	down_in_cellobiose
YMR308C	6003.33757832445	0.112019489210619	0.0454096155056985	2.46686715936984	0.0136300912651441	0.0203895107523105	0.111388530725751	FALSE	up_in_cellobiose
YNCP0005C	41.4610194377676	0.663052147842498	0.268863221946264	2.46613182361929	0.0136581058731742	0.0204263660536493	0.573871016601542	FALSE	up_in_cellobiose
YHR144C	1178.26385700541	-0.157187095308395	0.0637474436801826	-2.46577880200176	0.0136715732491432	0.0204414524130576	-0.155411341429501	FALSE	down_in_cellobiose
YOR233W	2704.70054656065	-0.134435833637458	0.0545368659834873	-2.46504508854914	0.0136996011168979	0.0204782964792384	-0.133089590605721	FALSE	down_in_cellobiose
YPL131W	51869.3971165107	0.141490385099663	0.0574038018312927	2.46482603217635	0.0137079789064728	0.0204857564680869	0.140853754211995	FALSE	up_in_cellobiose
YCL001W-B	128.149982700442	-0.422883036378997	0.171725755130603	-2.46254870771936	0.0137953433664522	0.0206112244763594	-0.391806402527983	FALSE	down_in_cellobiose
YMR273C	1921.12988928885	0.138153936372924	0.0561056038647742	2.46239104218365	0.0138014100108625	0.0206151957880208	0.136812057309875	FALSE	up_in_cellobiose
YGL175C	316.525946371098	-0.256396680483262	0.104131379493152	-2.46224223410124	0.0138071379996776	0.0206186594128519	-0.248097291273831	FALSE	down_in_cellobiose
YLR357W	2911.51442004149	0.12897123122533	0.0523927701162887	2.46162268074529	0.013831008701473	0.0206492077577163	0.127911474375021	FALSE	up_in_cellobiose
YHR140W	338.060326319015	0.258946870964367	0.105209896400971	2.46124062300644	0.0138457471192034	0.0206661102114862	0.25056436280388	FALSE	up_in_cellobiose
YMR007W	90.4214835047857	-0.455237226364901	0.184992166137347	-2.46084596915802	0.0138609860086271	0.0206786490824313	-0.417734481881646	FALSE	down_in_cellobiose
YJL181W	1423.82236968211	0.177671484092962	0.0721976463027107	2.46090410410362	0.0138587402966019	0.0206786490824313	0.174826335342386	FALSE	up_in_cellobiose
YNCL0042C	18.7127401991538	0.964081333746685	0.391842948376373	2.46037688758065	0.0138791180585299	0.0207005933459898	0.766689053574176	FALSE	up_in_cellobiose
YNL001W	1792.52980622416	-0.161008085047591	0.065640228785449	-2.45288732270968	0.0141714721604855	0.0211314259434459	-0.158752464122695	FALSE	down_in_cellobiose
YBR053C	3763.3272614563	0.14198260947739	0.0578877798365964	2.45272162584527	0.0141780010949826	0.0211359503629418	0.140485659174333	FALSE	up_in_cellobiose
YOL067C	783.173185574896	0.184453315157484	0.0752214803160175	2.45213620341645	0.0142010896863539	0.0211651528888783	0.181243225621218	FALSE	up_in_cellobiose
YGR216C	1096.31015961844	-0.185997889064227	0.0759011448592665	-2.45052811007132	0.014264682407362	0.0212546930770449	-0.18257540549621	FALSE	down_in_cellobiose
YDL143W	6203.54274285895	0.106831420560535	0.0435971888170383	2.45041993438769	0.0142689692641833	0.0212558438694041	0.106154834382289	FALSE	up_in_cellobiose
YLR306W	1106.54085891051	-0.169560498799834	0.0692970152020827	-2.44686583261003	0.0144104470815554	0.0214613109946435	-0.166927945042089	FALSE	down_in_cellobiose
YBR063C	1808.83913669604	-0.136151699315365	0.0556770618267369	-2.44538226063471	0.0144698685530745	0.0215445014793192	-0.134745859783415	FALSE	down_in_cellobiose
YPL051W	1200.79746900985	-0.165273965715062	0.0676341778209215	-2.44364566909746	0.0145396986143819	0.0216431447747432	-0.162822911363244	FALSE	down_in_cellobiose
YGR032W	18267.9565911091	0.152721248175647	0.0625065158628472	2.44328524902508	0.0145542286389488	0.0216594426201678	0.151582144887761	FALSE	up_in_cellobiose
YMR207C	2093.9746636336	0.151503936743482	0.0620712982815855	2.44080502483107	0.0146545643756947	0.0218033961486351	0.149680750374106	FALSE	up_in_cellobiose
YMR231W	1778.39436479005	-0.140058597418334	0.0573931493462864	-2.44033650380951	0.014673586387705	0.0218263282028627	-0.138489243671132	FALSE	down_in_cellobiose
YDR266C	2578.15126785455	-0.153684225198889	0.0630029188145153	-2.43931913140953	0.01471496679335	0.0218824979508682	-0.15168449606384	FALSE	down_in_cellobiose
YOL162W	400.953383864757	-0.304304552524317	0.124790611726549	-2.43852120214887	0.014747493546885	0.021925477131652	-0.290815701385982	FALSE	down_in_cellobiose
YBR085C-A	7376.50439073976	0.205233460466122	0.0842141536991832	2.43704236700193	0.0148079443025195	0.0220099403149761	0.200705311301142	FALSE	up_in_cellobiose
YER081W	9492.4372962032	0.176145717200028	0.072284281268901	2.43684676817574	0.0148159561789846	0.0220164380762897	0.173431334142734	FALSE	up_in_cellobiose
YOR381W-A	25.0479034604104	-0.851571062041093	0.350045881565503	-2.43274126875206	0.0149850043701373	0.0222621730362541	-0.693450078496556	FALSE	down_in_cellobiose
YDR288W	1332.51646815248	-0.166731738371207	0.0685620194847709	-2.43183820465267	0.0150224161516526	0.0223122723195468	-0.16418232181677	FALSE	down_in_cellobiose
YKL102C	25.939253071118	-0.804182416976009	0.330961966394914	-2.42983333020337	0.0151057675115343	0.0224305627080185	-0.663636275914868	FALSE	down_in_cellobiose
YPR006C	967.49170374763	0.168203497092619	0.069319918807608	2.42648144986226	0.0152460297141949	0.0226332812251965	0.165692408410202	FALSE	up_in_cellobiose
YML106W	4612.42854637839	0.125560067648473	0.0517582748151254	2.42589360052975	0.015270746594956	0.0226644111426488	0.124946086065517	FALSE	up_in_cellobiose
YLR153C	9134.45069816349	-0.121985766154095	0.0504231481847201	-2.41924137118954	0.0155529162008521	0.0230775361096059	-0.120939612119758	FALSE	down_in_cellobiose
YGR016C-A	32.3940391794436	-0.723271895621101	0.299162676450917	-2.41765418133557	0.0156209146349653	0.0231695297964215	-0.60988327160437	FALSE	down_in_cellobiose
YMR161W	1678.02187989519	0.134702930592973	0.0557172686884605	2.4176154675879	0.0156225764731823	0.0231695297964215	0.133415775444934	FALSE	up_in_cellobiose
YDR051C	1516.35941185504	0.14787344918945	0.0611829231297564	2.41690722876775	0.0156530060144655	0.0232089679763391	0.146155644499214	FALSE	up_in_cellobiose
YJR091C	4139.89566168033	0.127353316372228	0.0527987430901582	2.41205204742776	0.0158630168570836	0.0235145896940298	0.126241035151448	FALSE	up_in_cellobiose
YDL201W	1947.96545223422	0.133533289985278	0.0553751036311027	2.41143187514101	0.0158900200847463	0.0235488462319397	0.132254714858917	FALSE	up_in_cellobiose
YDL225W	2965.75343365238	-0.127433468469593	0.0528533233307963	-2.41107768516311	0.0159054601735336	0.0235659537308993	-0.12626675881565	FALSE	down_in_cellobiose
YGL011C	7882.61840158119	-0.12343867770084	0.0512369770068841	-2.40917175274128	0.0159887715758891	0.023683588168253	-0.122317664148698	FALSE	down_in_cellobiose
YPL062W	41.992860141459	0.644746665864676	0.26772757960099	2.40821908159623	0.016030558012058	0.0237396706309811	0.556852336940647	FALSE	up_in_cellobiose
YNL211C	359.375965122015	0.236246885941869	0.0982097056995487	2.40553501570013	0.0161488042924832	0.0239030759571557	0.229445904160417	FALSE	up_in_cellobiose
YFR008W	826.043061954685	-0.17891285951933	0.0743743917846682	-2.4055707243607	0.0161472261325099	0.0239030759571557	-0.175732578945804	FALSE	down_in_cellobiose
YOR073W	925.508230212487	-0.193206127233139	0.0803489377511583	-2.40458844436128	0.0161906878866264	0.0239592073252548	-0.189253977551198	FALSE	down_in_cellobiose
YER051W	1699.95089885869	-0.145524772000624	0.0605918340737128	-2.40172251303016	0.0163180813969468	0.0241371572213305	-0.143760704479006	FALSE	down_in_cellobiose
YHR200W	5806.20658400915	0.117328177217159	0.0488520619780889	2.40170368386462	0.0163189212761277	0.0241371572213305	0.11724324693162	FALSE	up_in_cellobiose
YFR035W-A	935.399056222367	0.255833768399559	0.106549188911117	2.40108602434294	0.0163464931852861	0.0241720270867018	0.247391705332186	FALSE	up_in_cellobiose
YNL267W	3583.27572781552	-0.129422356301157	0.0539068816348541	-2.40085036225648	0.0163570237659425	0.0241816865647568	-0.128097992272806	FALSE	down_in_cellobiose
YOR072W	83.9719940799964	-0.486195301134535	0.202632439551856	-2.39939519165741	0.0164221803147934	0.0242720788230377	-0.440051024245692	FALSE	down_in_cellobiose
YOR298C-A	8567.78513294063	0.148509823100462	0.0619400994837377	2.39763617330729	0.0165012462160124	0.0243829799937559	0.146733286787843	FALSE	up_in_cellobiose
YJR021C	1544.79745632865	-0.169068426482466	0.0705409970539544	-2.39673996035457	0.0165416584090587	0.0244367244890051	-0.166346272179224	FALSE	down_in_cellobiose
YJL004C	1577.3295120618	-0.199220260905541	0.0831474802329253	-2.39598674965802	0.0165756895186077	0.0244810183659437	-0.194845429382763	FALSE	down_in_cellobiose
YKL007W	3861.30029117069	0.164844265481873	0.0688772762455627	2.39330406873476	0.0166973967803132	0.0246547499334313	0.162424362910965	FALSE	up_in_cellobiose
YLR342W-A	34.064076535486	-0.697443613611693	0.291800206043248	-2.39014092234165	0.0168419091160945	0.0248559947130647	-0.590546664847631	FALSE	down_in_cellobiose
YCR026C	3206.74662185502	-0.134373037790332	0.0562196560966965	-2.39014336123318	0.0168417972706629	0.0248559947130647	-0.132996675644152	FALSE	down_in_cellobiose
YMR091C	2568.96928029317	-0.125496475387923	0.0525195470746781	-2.38951937665186	0.0168704339215352	0.0248920186283105	-0.124345906169515	FALSE	down_in_cellobiose
YPR013C	3137.66663848817	0.168438067448644	0.0704980420369641	2.38925880183066	0.0168824051793213	0.0249036064693989	0.166087543744484	FALSE	up_in_cellobiose
YOL057W	3799.86413388935	-0.122208427528159	0.0511868733107372	-2.3874954577959	0.016963612378637	0.0250172952123863	-0.12109713348396	FALSE	down_in_cellobiose
YLL057C	663.243108642258	-0.179376844809564	0.0751470269249734	-2.38701186393779	0.0169859431160961	0.0250441209083738	-0.176114116889451	FALSE	down_in_cellobiose
YCL056C	1188.85617999003	0.177430625167002	0.0743374379373753	2.38682728501453	0.0169944731494086	0.0250505906915972	0.174365299393029	FALSE	up_in_cellobiose
YBL024W	3483.68187439416	0.136697726266244	0.0573039754808412	2.38548416788197	0.0170566565339529	0.0251361254184569	0.135094114273734	FALSE	up_in_cellobiose
YMR167W	1044.16371755318	-0.167833773548701	0.0703714193352739	-2.38497070449983	0.0170804814625884	0.0251651039916528	-0.165118184606331	FALSE	down_in_cellobiose
YDL238C	729.038317245978	-0.175988252280429	0.0738342729204999	-2.38355773435897	0.0171461946977589	0.0252557685173029	-0.172913183047308	FALSE	down_in_cellobiose
YDR243C	909.900046235262	-0.161675282045174	0.0678820738294035	-2.38170805522949	0.0172325531788946	0.0253767912407973	-0.159248355954092	FALSE	down_in_cellobiose
YER133W	7781.13168574682	0.135437422344478	0.0568978670683893	2.38036027223458	0.0172957190064607	0.025463609676503	0.134061110499576	FALSE	up_in_cellobiose
YPR104C	2303.61632552315	-0.13625201641939	0.0572470609352575	-2.38007007160562	0.0173093462234097	0.025477470420828	-0.134792412828074	FALSE	down_in_cellobiose
YIL133C	16204.7882656535	0.123303264069988	0.051817639587063	2.37956157502729	0.017333246869883	0.0255064421092585	0.122122501947417	FALSE	up_in_cellobiose
YGL100W	2817.83171045618	0.128381396473682	0.0539543943207544	2.37944282555495	0.01733883256725	0.0255084552096152	0.127297640417794	FALSE	up_in_cellobiose
YLL043W	4996.44234156181	0.113190867155342	0.0476285389783617	2.37653452285753	0.0174761259539765	0.025704185255265	0.112380682156789	FALSE	up_in_cellobiose
YJL151C	9049.00478103223	0.151712045438601	0.0638907271766842	2.37455499636207	0.0175701185397481	0.0258361480496952	0.149808729476919	FALSE	up_in_cellobiose
YHR211W	914.040065763576	-0.246144278295127	0.103672567055775	-2.37424697087615	0.0175847840893115	0.025851427849333	-0.238124980737796	FALSE	down_in_cellobiose
YFL061W	345.076065547429	-0.351876625588847	0.148224234278262	-2.37394800723522	0.0175990284513872	0.0258660811844446	-0.331043735372167	FALSE	down_in_cellobiose
YGR014W	3007.6530660277	-0.206088323211443	0.0869745733199034	-2.36952381994935	0.0178110077610267	0.0261712767100801	-0.201255731807898	FALSE	down_in_cellobiose
YGL091C	1800.1721108347	-0.149262542206506	0.0630557498623172	-2.3671519652438	0.0179255707788084	0.0263332164367824	-0.14735039576451	FALSE	down_in_cellobiose
YDR473C	1824.78523211746	0.1377229520238	0.058282035262646	2.36304294115942	0.0181255692510431	0.0266205543541304	0.136253445693204	FALSE	up_in_cellobiose
YLR272C	1020.87548840131	-0.168855545584848	0.071513407888062	-2.36117324808731	0.0182172178376812	0.0267486607143229	-0.166068514826499	FALSE	down_in_cellobiose
YNL189W	6613.91352327988	-0.114501461342945	0.0485043341732941	-2.36064391552844	0.0182432382397424	0.0267803652606704	-0.113601789382658	FALSE	down_in_cellobiose
YNL097C	2125.01891186984	0.138732101839648	0.058824577252452	2.35840372034064	0.0183537201232285	0.0269360105084411	0.13729288195191	FALSE	up_in_cellobiose
YDR409W	1378.89708647065	-0.141618507191131	0.0600574593862413	-2.35805025118287	0.0183712058974072	0.026955131797069	-0.139920635117305	FALSE	down_in_cellobiose
YJR006W	2453.09890378144	-0.127232683208017	0.0539854594824035	-2.35679541172541	0.0184333994080795	0.0270398252777262	-0.125978529758425	FALSE	down_in_cellobiose
YLL036C	2412.02662824417	-0.123755053930079	0.0525416614062125	-2.35537001720022	0.018504269610434	0.0271372023772806	-0.122647762875266	FALSE	down_in_cellobiose
YGR071C	1394.94994246448	0.145029106955396	0.0615973622965332	2.35446943746094	0.0185491689933253	0.0271964543203956	0.143304142133461	FALSE	up_in_cellobiose
YDR119W	1973.13395174996	-0.133921316696684	0.0569827834501941	-2.35020665169399	0.0187629908244259	0.0275032885375977	-0.132408306178813	FALSE	down_in_cellobiose
YGR252W	2601.97123094566	-0.137837598155513	0.0586581002757382	-2.34984763413016	0.0187810972376456	0.0275164913016668	-0.136252789525529	FALSE	down_in_cellobiose
YOR370C	5419.32559898294	0.108899506195053	0.0463419278733991	2.34991316055203	0.0187777913892009	0.0275164913016668	0.108468594724105	FALSE	up_in_cellobiose
YOR154W	958.872750524545	-0.175994117652564	0.0749044521759461	-2.34958153407443	0.0187945273816724	0.027529499056516	-0.172825301153995	FALSE	down_in_cellobiose
YPR202W	1015.75552339531	0.196475086302802	0.0838328487082024	2.34365274865792	0.0190959411283365	0.0279642256523436	0.192264981590873	FALSE	up_in_cellobiose
YGL097W	3627.91532554874	-0.117937042937327	0.0503898059045543	-2.3404940904261	0.0192582431883258	0.028195074994673	-0.116988122179768	FALSE	down_in_cellobiose
YAL009W	1393.89258480324	-0.139443613743795	0.0595973551276278	-2.33976178045446	0.0192960433452147	0.0282435794171971	-0.137767982948025	FALSE	down_in_cellobiose
YIL175W	319.240684614489	-0.400832113523887	0.171530480042766	-2.33679817968184	0.0194496805384607	0.0284615697790007	-0.370625135011966	FALSE	down_in_cellobiose
YOR322C	3361.35257144792	-0.128496553911039	0.0549957458451003	-2.33648170302043	0.0194661501186995	0.0284787798543529	-0.127192568371417	FALSE	down_in_cellobiose
YJL031C	1738.48644886227	-0.131388778364404	0.0562585290188276	-2.33544638752346	0.0195201135340386	0.0285508214398707	-0.129993873581659	FALSE	down_in_cellobiose
YHR130C	102.663729961685	0.413934115505554	0.177267552119404	2.33508112768847	0.0195391830157362	0.0285667450710677	0.381715155227385	FALSE	up_in_cellobiose
YBL082C	1338.38671394282	-0.160306826662117	0.0686522135397762	-2.3350569252838	0.0195404471493067	0.0285667450710677	-0.157841162409638	FALSE	down_in_cellobiose
YMR100W	1692.662473739	0.152440972047383	0.0653004388282613	2.33445555317475	0.0195718808082256	0.028605784226232	0.150413424072012	FALSE	up_in_cellobiose
YLR016C	1726.70375323218	-0.163658589530038	0.0701337577118464	-2.33352090162416	0.0196208226197768	0.0286703878242112	-0.161060564259649	FALSE	down_in_cellobiose
YDR501W	631.372127933315	-0.177466665209641	0.0760724916908636	-2.33286252711182	0.0196553616804395	0.0287069856177972	-0.174168285643925	FALSE	down_in_cellobiose
YDL237W	2482.5061706556	-0.151386696268776	0.064892001667153	-2.33290224341168	0.0196532766150532	0.0287069856177972	-0.150283521480564	FALSE	down_in_cellobiose
YOL144W	1466.11221514478	0.137783052331484	0.0590884661575606	2.33180959485532	0.0197107100542179	0.0287808726238315	0.136273951037554	FALSE	up_in_cellobiose
YHR011W	657.307855153071	-0.191077114756141	0.0819590303689892	-2.33137353987583	0.0197336715197482	0.0288074451729271	-0.188003059274556	FALSE	down_in_cellobiose
YBR164C	2153.7507020984	-0.148250908277635	0.0635919866433383	-2.33128285658245	0.0197384495874042	0.0288074669654007	-0.146212886851871	FALSE	down_in_cellobiose
YKR063C	1882.77190065019	-0.149010545433928	0.0639226142613569	-2.33110843722186	0.019747642516378	0.0288139305039938	-0.14697771211888	FALSE	down_in_cellobiose
YOR272W	2801.33808358965	0.175320690769058	0.0752165664867692	2.33087867418007	0.0197597580900279	0.0288246543484055	0.172274052121545	FALSE	up_in_cellobiose
YDR256C	1445.12987496095	0.18494641188942	0.0793637780569977	2.33036299956127	0.0197869736246666	0.0288573948594125	0.181334684988742	FALSE	up_in_cellobiose
YBR111C	6544.64568013387	0.13837977644547	0.0593965869781244	2.32975973007397	0.0198188536529289	0.0288969206588511	0.136858336553262	FALSE	up_in_cellobiose
YKR078W	1348.4924333909	-0.143038757761663	0.0614063849819856	-2.32937922992252	0.01983898439833	0.0289193004678476	-0.141255839623617	FALSE	down_in_cellobiose
YKR010C	1485.80359204848	-0.138984386862008	0.0597252081241563	-2.32706408612404	0.0199618546176343	0.0290913968017957	-0.137346188580138	FALSE	down_in_cellobiose
YOR166C	1679.48512901129	0.146304776621324	0.0629138115460971	2.32547946191634	0.020046336870824	0.0292074790158381	0.14449165685789	FALSE	up_in_cellobiose
YDR292C	3383.56644054794	-0.111355289461088	0.0479605427265628	-2.32181045356299	0.02024314413024	0.029487123241737	-0.110485711468298	FALSE	down_in_cellobiose
YBL093C	6316.22611271087	0.176789526955521	0.0761852776756234	2.32052087160782	0.0203127171826183	0.0295813420468278	0.173643256544826	FALSE	up_in_cellobiose
YNL092W	541.302672706438	0.19802269699971	0.0853504081260279	2.32011423668075	0.0203346983860643	0.0296062243232828	0.193625199867947	FALSE	up_in_cellobiose
YMR106C	1143.34362193413	-0.156618808669491	0.0675455362414242	-2.31871441674098	0.0204105263004364	0.0297064100041278	-0.154815047417262	FALSE	down_in_cellobiose
YDR208W	3563.61171208344	0.121894467602076	0.0525710222550472	2.31866268475259	0.020413333329556	0.0297064100041278	0.120831964431665	FALSE	up_in_cellobiose
YNCO0022C	73.7772355814018	-0.471676007912609	0.203490858956792	-2.31792233975858	0.0204535420921465	0.0297577634287473	-0.426035718864382	FALSE	down_in_cellobiose
YLR396C	1692.77724378322	-0.140951923214728	0.0608842821842471	-2.31507900164088	0.0206086089669059	0.0299761584973176	-0.139220928593887	FALSE	down_in_cellobiose
YJL126W	960.393287977008	0.1588476463175	0.068734327205571	2.31103806170122	0.0208307526345117	0.0302919913280901	0.156514235611848	FALSE	up_in_cellobiose
YJL003W	935.594995848299	0.154104923819557	0.0666888203238928	2.3108059652443	0.0208435748779169	0.0303033511686638	0.151967462199935	FALSE	up_in_cellobiose
YDR480W	1277.69313236795	-0.153093111706836	0.0662572374724294	-2.31058700222055	0.0208556778664737	0.0303136601144996	-0.150895745959958	FALSE	down_in_cellobiose
YLR425W	2098.52665402613	0.124601529687155	0.0539520013308074	2.30948855674805	0.020916485956909	0.0303947398047539	0.123500031800036	FALSE	up_in_cellobiose
YIL027C	1609.1080599787	-0.140042157099117	0.0606463959364789	-2.30915877088223	0.0209347724796677	0.0304140052743286	-0.13836083520637	FALSE	down_in_cellobiose
YDL009C	472.959041816771	0.240641261431498	0.104256353002249	2.30816880220534	0.0209897496430426	0.0304865527956584	0.232933648786404	FALSE	up_in_cellobiose
YBR260C	1743.49775853459	-0.159695429643789	0.0692320890857026	-2.30666778588902	0.0210733474396451	0.030600625525804	-0.157224542296558	FALSE	down_in_cellobiose
YER140W	1131.87508495764	-0.165065705710236	0.0715687732699816	-2.30639283263319	0.0210886921180716	0.0306155568723228	-0.162323235756991	FALSE	down_in_cellobiose
YGR081C	1405.10025541576	0.181154475344139	0.0786782724948543	2.3024714396975	0.0213086002516349	0.0309273852464334	0.177681709552974	FALSE	up_in_cellobiose
YLR172C	2916.12374649253	0.126241683576324	0.05486934680815	2.30076884307966	0.0214047004438164	0.0310594117764398	0.125055219899487	FALSE	up_in_cellobiose
YBR276C	3253.97923997121	0.108924258256271	0.0473548436995946	2.30017142379891	0.0214385101008745	0.0311010096162363	0.108273523928762	FALSE	up_in_cellobiose
YLR018C	2041.801101801	0.121854053451482	0.0530166967423077	2.29840900959493	0.0215385212135689	0.0312386034291761	0.120773686185039	FALSE	up_in_cellobiose
YOL008W	627.817584368021	-0.205289527776378	0.0893311748224695	-2.298072629005	0.0215576557800508	0.031258859304183	-0.200171584376559	FALSE	down_in_cellobiose
YNL022C	2089.55217810849	-0.128122741619221	0.0557617379450486	-2.29768200097139	0.021579894710651	0.0312836057550377	-0.12693622344423	FALSE	down_in_cellobiose
YGL188C-A	163.761634971454	0.321235674930462	0.140068546225415	2.29341764148456	0.0218239719332347	0.0316298543618987	0.303969503911653	FALSE	up_in_cellobiose
YPR056W	1473.8528096272	-0.158883992068653	0.0693192891303033	-2.29206032061278	0.0219021626590735	0.0317355725352364	-0.156415601506563	FALSE	down_in_cellobiose
YOR089C	4315.90616429506	0.117163658793663	0.0511243110673471	2.29174058970342	0.0219206167218528	0.0317547041757523	0.116290456475804	FALSE	up_in_cellobiose
YLL027W	4087.98263786533	-0.113918135125745	0.049716749329073	-2.2913431924466	0.0219435723463668	0.031780346156807	-0.112995144199451	FALSE	down_in_cellobiose
YDR062W	5017.77937613666	-0.131713897048992	0.057493214205407	-2.29094683380225	0.0219664888058824	0.0318059191520174	-0.130190871176101	FALSE	down_in_cellobiose
YOR343C	94.6044169062899	-0.408527448990424	0.178375930666146	-2.29026106529494	0.0220061873939337	0.0318557734223338	-0.37580218014965	FALSE	down_in_cellobiose
YIL013C	4653.77153023984	0.126891698680164	0.0554507445374323	2.28836780711762	0.02211611076694	0.0320072356828077	0.125574109111226	FALSE	up_in_cellobiose
YKL052C	2375.04882358298	0.174915371688393	0.0765136927058221	2.2860662647783	0.0222503822114124	0.0321938544532589	0.171760225450429	FALSE	up_in_cellobiose
YFR001W	2351.0628867514	0.154395233901815	0.0676436372675339	2.28247977398339	0.022461030276594	0.0324908660877399	0.152014184944865	FALSE	up_in_cellobiose
YMR310C	1345.85599315872	0.136080777038806	0.0596765786857489	2.28030460250402	0.0225896290275976	0.0326690761259948	0.13394369002193	FALSE	up_in_cellobiose
YER011W	125521.213990271	0.147672249634626	0.0647832236926463	2.27948288487824	0.0226383762314675	0.0327312131094986	0.149261186190698	FALSE	up_in_cellobiose
YOL137W	1756.73336418527	-0.13621570719036	0.0597595104861813	-2.27939797501953	0.0226434185929468	0.0327312131094986	-0.134577371370953	FALSE	down_in_cellobiose
YGR237C	3325.92195161045	-0.113101045273376	0.0496263977744652	-2.27905006902537	0.0226640891414342	0.032753264307621	-0.112163259944731	FALSE	down_in_cellobiose
YKL041W	2131.18062548787	-0.138026624163894	0.0606508229076292	-2.27575847361721	0.0228604694408749	0.0330291732389899	-0.136345462217712	FALSE	down_in_cellobiose
YGL245W	13313.6126313302	-0.0921790883206103	0.0405101230356482	-2.27545811794978	0.02287846238046	0.0330472750124247	-0.0916107314931333	FALSE	down_in_cellobiose
YOR335C	10699.1352198421	0.128004435607704	0.0562859619882949	2.27418047210996	0.0229551378623393	0.0331501131307134	0.126733343294434	FALSE	up_in_cellobiose
YOR271C	4977.93296679298	-0.145961916491297	0.0642565445996932	-2.27154941804938	0.0231137389469825	0.0333711848057652	-0.144150354693255	FALSE	down_in_cellobiose
YFR032C-B	199.223194769755	0.29657345975527	0.130585972964808	2.2710973699694	0.0231410841808292	0.0334026914381038	0.282418230110499	FALSE	up_in_cellobiose
YNCB0009C	13.8170335144841	-1.19332395927533	0.525516588567138	-2.27076363569992	0.0231612904127603	0.0334238807960808	-0.838883976563198	FALSE	down_in_cellobiose
YKL002W	3462.62200064055	0.144262412726503	0.0635344881811177	2.27061580027614	0.023170246132516	0.0334288283896605	0.142423138388915	FALSE	up_in_cellobiose
YOR192C-C	397.913525784191	-0.218417106048081	0.0962266671781027	-2.26981888132757	0.0232185744826619	0.0334905648631383	-0.212187077958552	FALSE	down_in_cellobiose
YBR162C	15799.9356107236	-0.1809246453144	0.0797334365585225	-2.26911886811257	0.0232610982630874	0.0335439013579285	-0.177142208986155	FALSE	down_in_cellobiose
YMR184W	2730.22961981795	-0.158392885265168	0.0699126926097389	-2.265581246446	0.0234770343781249	0.0338472238185696	-0.155869626673887	FALSE	down_in_cellobiose
YGL101W	485.416824735704	-0.221136894643538	0.0976582995643053	-2.26439427708779	0.023549875648048	0.0339441486938499	-0.214630955122998	FALSE	down_in_cellobiose
YKR009C	1719.46616831428	0.161203740451029	0.0712308262754528	2.26311765397255	0.0236284375655006	0.0340411601705925	0.158693358848442	FALSE	up_in_cellobiose
YMR109W	4580.02548673626	0.149705768269305	0.0661490574484723	2.26315799565126	0.0236259515098307	0.0340411601705925	0.147778769946047	FALSE	up_in_cellobiose
YLR046C	725.9424385069	-0.179411764354892	0.0793233098766776	-2.26177859488996	0.0237110859821126	0.0341520952654958	-0.175798732549214	FALSE	down_in_cellobiose
YDR321W	3006.87450926978	-0.118671321683443	0.0524943733006315	-2.26064841280837	0.0237810373071897	0.0342446937223531	-0.117589264683938	FALSE	down_in_cellobiose
YPR060C	1161.94935161082	-0.158541965729601	0.0701744669670369	-2.25925429264854	0.0238675713337392	0.0343611215011794	-0.156002397586996	FALSE	down_in_cellobiose
YKL168C	1908.44270115304	0.131018281873661	0.0581645071962676	2.25254692576624	0.0242877307783009	0.034957685803704	0.129657538718014	FALSE	up_in_cellobiose
YNCN0018W	61.4733400246064	-0.56857492975688	0.252435863286669	-2.25235401322989	0.0242999093623273	0.0349668931295159	-0.493267238073854	FALSE	down_in_cellobiose
YHR037W	4542.27228469648	-0.122582977391825	0.0544430741994378	-2.25158074179968	0.0243487791975606	0.0350288812052441	-0.121348119978728	FALSE	down_in_cellobiose
YOR204W	3730.60531030159	0.182998165322246	0.081325935621877	2.25018210885506	0.0244373875348733	0.0351479951987904	0.179236409273448	FALSE	up_in_cellobiose
YLR060W	9933.74518604374	0.103298847282707	0.0459307793770591	2.24901141856743	0.0245117696052202	0.0352465959515863	0.102628229399495	FALSE	up_in_cellobiose
YNL335W	256.227803359168	-0.314142121635959	0.139900791856604	-2.24546349929134	0.0247383929271393	0.035564012460979	-0.296908383742316	FALSE	down_in_cellobiose
YJL184W	1728.97081354312	0.183703869721897	0.0818382024445928	2.24472024353505	0.0247860976398227	0.0356241251249162	0.179934920908217	FALSE	up_in_cellobiose
YKL124W	2848.60613417678	0.136420282582448	0.0607818440583267	2.24442487219602	0.0248050777010565	0.0356429341734354	0.134957523076315	FALSE	up_in_cellobiose
YML094W	1271.20088098244	0.146766583190557	0.0654747252186947	2.24157616088249	0.0249887781345659	0.0358983682085165	0.144795575865415	FALSE	up_in_cellobiose
YBR233W	1029.29422713474	0.182801666093652	0.0816526355542919	2.23877239053851	0.0251707295880837	0.0361511689738139	0.179057913816129	FALSE	up_in_cellobiose
YER125W	4807.19020174924	0.114634642605176	0.051339608383169	2.23286943970452	0.0255575554092365	0.0366980282799293	0.113740525725332	FALSE	up_in_cellobiose
YDR365C	5827.20745317686	-0.208365216544509	0.0933693062056164	-2.23162434221853	0.0256398014228166	0.0368073864242096	-0.202738503670031	FALSE	down_in_cellobiose
YPL257W	397.104627179793	-0.212434661475757	0.0952034349591129	-2.23137601670561	0.0256562321397992	0.0368222335029676	-0.206470460369888	FALSE	down_in_cellobiose
YDR440W	1634.26780711102	0.13376942729132	0.060005451016374	2.22928792343911	0.0257947536520804	0.0370122586210634	0.132253793154963	FALSE	up_in_cellobiose
YNR034W	1828.35377838675	0.180022638507314	0.0807829504869978	2.22847317932872	0.0258489779218474	0.0370812662408285	0.176455244800836	FALSE	up_in_cellobiose
YDR415C	1026.88468680792	-0.163046928891151	0.0732055001246542	-2.22724970956438	0.0259305895502594	0.03718951994308	-0.16020990482847	FALSE	down_in_cellobiose
YOR152C	1205.95911598927	0.194211181582288	0.0872688874740744	2.22543436960834	0.0260520924082165	0.0373549205511839	0.189752397325147	FALSE	up_in_cellobiose
YIL035C	2911.64235225071	-0.135483636035735	0.0609103904246931	-2.22431074716622	0.0261275441275793	0.037454227751505	-0.133823760391141	FALSE	down_in_cellobiose
YNL040C-A	31.7894905717181	-0.6884164997934	0.309604239234956	-2.22353705974602	0.026179607304594	0.0375199680043091	-0.568930667919154	FALSE	down_in_cellobiose
YMR305C	3083.48613473245	-0.183838491914079	0.0827112641037374	-2.22265363619044	0.0262391644974871	0.0375964148023696	-0.179742110522481	FALSE	down_in_cellobiose
YFL005W	5017.9967341159	0.110815586722526	0.0498730390778699	2.22195376041758	0.0262864306626809	0.0376552185333715	0.109950568350433	FALSE	up_in_cellobiose
YGR096W	1212.26877202819	0.165055898991409	0.0743342496848341	2.2204555731876	0.026387858245314	0.0377915620809044	0.162220206557763	FALSE	up_in_cellobiose
YNR012W	1474.08044686497	-0.159408765897192	0.0719421895914519	-2.21578974454974	0.0267059051479525	0.0382380005527502	-0.156727151870938	FALSE	down_in_cellobiose
YGL212W	874.924357662786	-0.155979309558616	0.0704768632514312	-2.21319880543134	0.0268839424295063	0.0384838068197997	-0.153446208567178	FALSE	down_in_cellobiose
YBR016W	2318.34748843457	0.127063479892489	0.0574741608754695	2.21079312785097	0.0270501659495514	0.0387125896031441	0.125768430244904	FALSE	up_in_cellobiose
YPL021W	229.57131874687	-0.3178368846489	0.143919518202206	-2.20843488513032	0.0272139722326294	0.0389378055507317	-0.299588400281661	FALSE	down_in_cellobiose
YCR075W-A	548.47532496781	0.232664641598519	0.105373590584068	2.20799766154781	0.027244436176558	0.0389721736035531	0.225026721656578	FALSE	up_in_cellobiose
YKL162C	795.899705477434	0.176098824032535	0.0798159223679376	2.20631195891904	0.0273621646233233	0.0391313245783541	0.172640173084822	FALSE	up_in_cellobiose
YOR038C	1474.78655784989	-0.129397761045087	0.0586768426426084	-2.20526114251289	0.0274357748777331	0.0392273206762482	-0.127916079437277	FALSE	down_in_cellobiose
YPR011C	1389.56653098646	0.135021786389769	0.0612757325805264	2.2035115812337	0.0275587116112318	0.0393937810977854	0.133428112402283	FALSE	up_in_cellobiose
YPL124W	604.925068815282	0.172302982406637	0.0782053128407502	2.20321326196212	0.0275797210116252	0.0394051860803944	0.168922715192847	FALSE	up_in_cellobiose
YGR095C	2826.83744868504	0.107888152599798	0.0489682244607854	2.20322778266541	0.0275786980584064	0.0394051860803944	0.107070059941445	FALSE	up_in_cellobiose
YDR528W	4445.70083452052	-0.142029629345107	0.0644851723118431	-2.2025160863069	0.0276288741026485	0.0394660913020354	-0.140063804925127	FALSE	down_in_cellobiose
YDL114W	284.495064713716	0.418432099205336	0.190016235245103	2.2020860410459	0.0276592313156752	0.0395001253830469	0.381481400755711	FALSE	up_in_cellobiose
YKL215C	1641.65250384904	-0.139934570516834	0.0635805909710489	-2.20090075256697	0.0277430506541718	0.0396104745883926	-0.138074187091176	FALSE	down_in_cellobiose
YCR094W	1340.048473731	-0.145523631073519	0.0661259447565768	-2.20070399915225	0.0277569855243903	0.0396210168637037	-0.143423507267321	FALSE	down_in_cellobiose
YGL002W	1811.92679624917	-0.133031628359545	0.0605054303867919	-2.19867254078049	0.0279012148091756	0.039817495791858	-0.13108336606623	FALSE	down_in_cellobiose
YOL141W	362.502362461809	-0.218899248624002	0.0996297090398014	-2.19712825354687	0.0280112877996494	0.0399651494721112	-0.212152151509702	FALSE	down_in_cellobiose
YBL044W	22.8650133301238	-0.883149075879443	0.402242962941296	-2.19556128321462	0.0281233599851542	0.0401155851863708	-0.674219521103931	FALSE	down_in_cellobiose
YHR086W	1842.20845732194	0.149976124515654	0.0683162036686492	2.1953228730782	0.0281404452801194	0.0401304911705169	0.147771946821026	FALSE	up_in_cellobiose
YDL239C	761.769176355029	-0.165560055924928	0.0755818766000826	-2.19047294632463	0.0284899547443078	0.040619341417627	-0.162508687322717	FALSE	down_in_cellobiose
YJL037W	888.9606433473	0.163023534190951	0.0744482090619644	2.1897576348044	0.0285418187167098	0.0406836954038795	0.16022180613541	FALSE	up_in_cellobiose
YFL037W	8066.68035043667	-0.102019395944145	0.0465931218044382	-2.18958060746268	0.0285546667071857	0.0406924185308811	-0.101266483241907	FALSE	down_in_cellobiose
YOR159C	857.884627678748	0.172300167983735	0.0787293150019615	2.18851349055231	0.0286322196743679	0.0407933249918909	0.169002337448427	FALSE	up_in_cellobiose
YNL309W	1165.66907687931	0.148740617607691	0.0679961049972093	2.18748732171932	0.0287069677517772	0.0408901886393662	0.14657212908269	FALSE	up_in_cellobiose
YMR216C	2573.62544927659	0.192498462645065	0.0880102051705149	2.18722888183376	0.028725819469603	0.0409074066758085	0.187896168112823	FALSE	up_in_cellobiose
YEL054C	10455.7554685205	0.116522776055763	0.0533394005190213	2.18455353682143	0.0289215978313889	0.0411765121667232	0.115699694294032	FALSE	up_in_cellobiose
YBR245C	2349.74624870681	0.133369718017923	0.0610852529307167	2.18333741155483	0.0290109714044428	0.0412940350797999	0.131497238792495	FALSE	up_in_cellobiose
YER071C	1112.02693123315	0.159749539444836	0.0732236354760794	2.18166632134816	0.029134168243959	0.0414596351857563	0.157062704873751	FALSE	up_in_cellobiose
YOL151W	2145.77234379196	0.157031042348567	0.0720969936914254	2.17805256930211	0.0294021232149367	0.0418311082578069	0.1544768050258	FALSE	up_in_cellobiose
YLR462W	394.279996715543	-0.199652789100849	0.0916717652437057	-2.17790928940966	0.0294127907838195	0.0418364437113218	-0.194402084611866	FALSE	down_in_cellobiose
YGL153W	1458.22960118672	-0.139503212919279	0.0641418583957237	-2.17491691710291	0.0296363429536653	0.0421445102712833	-0.137610106017832	FALSE	down_in_cellobiose
YOL005C	2457.46311783941	0.175721421461648	0.0808332425642797	2.17387569627572	0.0297144717220697	0.0422456805301076	0.172220429189402	FALSE	up_in_cellobiose
YDL108W	1554.8653526143	-0.133754634467941	0.0615345305968115	-2.17365165819387	0.029731305718497	0.0422596796675605	-0.132083910823184	FALSE	down_in_cellobiose
YLR191W	1288.54308114002	-0.146319381258687	0.067341648655085	-2.17279178904746	0.0297959915800429	0.0423416722453242	-0.144140341802068	FALSE	down_in_cellobiose
YCR024C	994.079929477654	-0.154945821562334	0.0713562676021823	-2.1714395493073	0.0298979620492692	0.0424765972454733	-0.152381774836855	FALSE	down_in_cellobiose
YLR348C	14130.0408410853	-0.177575410175854	0.0818560812959562	-2.16936124188278	0.0300552690759739	0.0426900580956999	-0.173526448542219	FALSE	down_in_cellobiose
YMR112C	658.68866418039	0.183356351528942	0.0845977123029476	2.16739136954834	0.0302050247848633	0.0428926954446708	0.179341122293594	FALSE	up_in_cellobiose
YNCM0032C	38.6582508679807	-0.612062440501234	0.282571889662521	-2.16604150268531	0.0303080156315527	0.0430288447276129	-0.51608861195771	FALSE	down_in_cellobiose
YDR483W	9271.28899730382	0.119745186591883	0.0553021190518984	2.16529110719081	0.0303653989622568	0.0431001954761158	0.120612633927607	FALSE	up_in_cellobiose
YOR119C	1887.74004523815	0.125526688614553	0.0580677816849363	2.16172695033599	0.0306392290333028	0.0434786619412049	0.12422746202086	FALSE	up_in_cellobiose
YAL024C	1036.99713623602	0.18002866052691	0.0833043231617163	2.16109625160059	0.0306879050755009	0.0435292684214691	0.176187213821554	FALSE	up_in_cellobiose
YDL007W	8853.88879565762	0.104903805639273	0.0485423420570299	2.1610783739282	0.0306892858050834	0.0435292684214691	0.103422032471842	FALSE	up_in_cellobiose
YGR105W	1131.29184593972	-0.152710268581599	0.0706798550241707	-2.1605911405644	0.030726936388667	0.0435724528203184	-0.15021729181311	FALSE	down_in_cellobiose
YNR075C-A	75.7455455695773	-0.525753842968592	0.243425394652532	-2.15981509948483	0.0307869862618008	0.0436473729281227	-0.457840192561423	FALSE	down_in_cellobiose
YKL075C	2546.22932383453	-0.122609985349723	0.0568067686464852	-2.15836929772821	0.0308991308159087	0.0437960963615224	-0.121215999359669	FALSE	down_in_cellobiose
YMR027W	5989.66455369788	0.119985637686226	0.0556181211556715	2.15731195504419	0.0309813661340547	0.0439023670053334	0.118901917890859	FALSE	up_in_cellobiose
YCR028C	1395.95566531383	-0.138635908007522	0.0643055494729229	-2.15589337380434	0.0310919920022785	0.0440488094705506	-0.136742938264803	FALSE	down_in_cellobiose
YFR003C	1918.26074754138	0.163264184201093	0.0757718299040121	2.15468181787238	0.0311867415685782	0.0441726962545107	0.160393491635255	FALSE	up_in_cellobiose
YIL104C	1063.45402164098	-0.151810484828276	0.0704972538340212	-2.15342409203199	0.0312853638586295	0.0443020090416743	-0.149258046787592	FALSE	down_in_cellobiose
YDR371W	1523.08397594665	0.135381393711076	0.0628930962854396	2.15256366289631	0.0313529868950917	0.0443873747054108	0.133720413919519	FALSE	up_in_cellobiose
YPL076W	1197.89453237538	0.148996863278348	0.0693488995714944	2.14851085163566	0.0316731952645393	0.044830209445339	0.146825359594742	FALSE	up_in_cellobiose
YDR503C	748.103252236482	-0.153467734828127	0.0714448840361246	-2.14805772167717	0.0317091702899303	0.0448706274949693	-0.150916254026642	FALSE	down_in_cellobiose
YLL048C	5606.39187313828	-0.131565807159182	0.0612809503442645	-2.14692831002246	0.0317989894062553	0.0449766809936932	-0.129908832390375	FALSE	down_in_cellobiose
YGR189C	11526.2381731557	-0.116141687415833	0.054094839483411	-2.14700123939641	0.0317931829452207	0.0449766809936932	-0.114490018330164	FALSE	down_in_cellobiose
YJR103W	3324.52498202971	-0.116353450744585	0.0542017387622899	-2.14667376732822	0.031819262607669	0.0449948328854763	-0.115201833362934	FALSE	down_in_cellobiose
YLR312C	1436.48332038371	0.164872137243277	0.0768708855428727	2.14479300035282	0.0319694011133958	0.0451965726820518	0.161816724155271	FALSE	up_in_cellobiose
YKL017C	1352.18878672771	-0.136096727650573	0.0634758541199494	-2.1440708366585	0.0320272113830531	0.0452677201319713	-0.134273837801793	FALSE	down_in_cellobiose
YBR246W	1722.22128759693	-0.127562301674848	0.0595198670313034	-2.14318861982267	0.0320979557157053	0.0453571112543424	-0.126052188495657	FALSE	down_in_cellobiose
YOL165C	181.023940631197	0.309238538731827	0.144546892700043	2.13936483140834	0.0324061328611806	0.0457818947779538	0.291466031304232	FALSE	up_in_cellobiose
YLR097C	2234.2292992414	-0.129182113302177	0.0604311659876571	-2.13767368527296	0.0325432366920979	0.0459648518248034	-0.127641403003349	FALSE	down_in_cellobiose
YJR125C	4444.86251956924	0.119683801247269	0.0560197426066918	2.13645753582903	0.0326421386572204	0.0460937787996425	0.118470252239503	FALSE	up_in_cellobiose
YKL027W	1758.09381874794	-0.121215189415082	0.0567791473037334	-2.13485399431336	0.0327729382289657	0.0462676774997163	-0.119899112433418	FALSE	down_in_cellobiose
YDL164C	2264.14910904585	0.117669966332131	0.0551472876357892	2.13373986966071	0.0328640804764262	0.0463855212885474	0.116560282970252	FALSE	up_in_cellobiose
YDR196C	1942.13657820814	-0.11598511990058	0.0543826711162565	-2.13275879098754	0.032944518346842	0.0464882050773917	-0.114967224335791	FALSE	down_in_cellobiose
YIR006C	6864.96584023675	0.144920856671814	0.0679611332986202	2.13240788724099	0.0329733295634227	0.0465180072777188	0.142907164126439	FALSE	up_in_cellobiose
YKL184W	1935.81291118532	-0.152523002504497	0.0715512572042968	-2.13166069282341	0.0330347503940512	0.0465937897348931	-0.149905599614897	FALSE	down_in_cellobiose
YPL082C	3867.41005578024	0.122316796896104	0.0574303619885261	2.12982806760893	0.0331858105433349	0.0467959389522242	0.121052032260296	FALSE	up_in_cellobiose
YER023W	6333.23752232714	-0.120916487715735	0.056777447750452	-2.1296569766078	0.0331999434040315	0.0468049551765927	-0.119596464960552	FALSE	down_in_cellobiose
YKL112W	5073.04448494808	-0.109346422376423	0.0513809636111102	-2.12815048008906	0.0333246090706362	0.0469697589511088	-0.10850396345955	FALSE	down_in_cellobiose
YOR376W-A	140.841475741529	-0.324618642505233	0.152551887946192	-2.12792281285783	0.0333434837955572	0.0469854123941123	-0.303820199036839	FALSE	down_in_cellobiose
YER007W	864.162624417332	-0.18728861961443	0.0880475335276886	-2.12713079072832	0.0334092175740762	0.0470593802322835	-0.18267253116531	FALSE	down_in_cellobiose
YKL081W	12309.4856243716	-0.112054001260721	0.0526791643366072	-2.12710286261799	0.0334115374863468	0.0470593802322835	-0.110388158272501	FALSE	down_in_cellobiose
YNR027W	2272.92110752807	-0.149048113041806	0.0701072571620257	-2.12600120266207	0.0335031593953055	0.0471774407503626	-0.146267454542468	FALSE	down_in_cellobiose
NR_132251.1	137.661523417549	0.332396467108447	0.156554131470178	2.12320469595378	0.0337367026393632	0.0474952461738521	0.310546235245785	FALSE	up_in_cellobiose
YDR184C	991.389752212545	0.156476814659888	0.073713443428084	2.12277174125706	0.0337729839330342	0.0475352587449361	0.153830954438391	FALSE	up_in_cellobiose
YLL004W	1577.19830619351	-0.148291737613424	0.0698650112217986	-2.12254653681578	0.0337918690917802	0.0475507734451109	-0.14592083791646	FALSE	down_in_cellobiose
YLR422W	2385.70910228337	0.107932384414241	0.050950142538981	2.11839219746371	0.0341418661282016	0.0480321019640296	0.107040613516398	FALSE	up_in_cellobiose
YPR188C	1794.62894717575	0.145506996640083	0.0687276534002726	2.1171535683409	0.034246816582951	0.048168545742718	0.143366999519634	FALSE	up_in_cellobiose
YPL227C	1228.05481676219	-0.130312526224137	0.0615672372150773	-2.11658882416482	0.0342947594343507	0.0482247628595566	-0.129085582008061	FALSE	down_in_cellobiose
YHL009W-A	347.235254198095	-0.267198335650249	0.126358948800495	-2.11459764572845	0.0344642544932229	0.0484518389528155	-0.254994097002776	FALSE	down_in_cellobiose
YLR411W	335.653815723882	0.213637048877104	0.10113397849881	2.11241614389389	0.0346507715087752	0.0487027343911394	0.206975862934196	FALSE	up_in_cellobiose
YGL093W	2541.50523269163	0.113020030512916	0.0535325602304834	2.11123902959826	0.0347517716766702	0.0488333445865477	0.111979820325668	FALSE	up_in_cellobiose
YGL185C	1640.83445380544	-0.132593842548265	0.0628571479197473	-2.10944732518812	0.0349059881947206	0.0490386565857538	-0.130868205430271	FALSE	down_in_cellobiose
YGL249W	210.966254787714	-2.04116213089161	0.967852924404573	-2.10895899513589	0.0349481211917018	0.0490786988485719	-0.743645565058473	FALSE	down_in_cellobiose
YBR001C	3157.21581541368	-0.136035820850845	0.0645075728381505	-2.10883489899951	0.0349588350925344	0.0490786988485719	-0.134131145401558	FALSE	down_in_cellobiose
YCR067C	2254.5299844691	-0.127727558116018	0.0605676027677025	-2.10884288430396	0.034958145592946	0.0490786988485719	-0.126202867184	FALSE	down_in_cellobiose
YPR171W	1816.68174857371	-0.113234757520792	0.0537090471481701	-2.10829950507975	0.035005090743537	0.0491322322619892	-0.112122618825745	FALSE	down_in_cellobiose
YLR144C	1605.60042665816	-0.161021938829977	0.0764392102731015	-2.10653587674021	0.0351578301057556	0.0493351639163828	-0.157971809163697	FALSE	down_in_cellobiose
YIL099W	753.429335727492	-0.185995396272668	0.0883128516767234	-2.10609659569731	0.0351959624948552	0.0493772166942436	-0.18140156534509	FALSE	down_in_cellobiose
YLR284C	1071.6820473993	0.176049295596968	0.0836397466033825	2.10485209181455	0.0353041850718546	0.0495175582826012	0.172244944485301	FALSE	up_in_cellobiose
YDR488C	877.667628937927	0.180869549366696	0.0860006294654242	2.10311890146587	0.0354553770960886	0.0497180896538705	0.176829188503313	FALSE	up_in_cellobiose
YNL278W	1027.4078510431	-0.17484838622155	0.0831481041769857	-2.10285475480444	0.0354784679439431	0.0497389369784348	-0.170965310824537	FALSE	down_in_cellobiose
YOR132W	2565.6452743896	0.117711617932729	0.0559924259355503	2.10227751282326	0.0355289732336787	0.0497981993319325	0.116553611673671	FALSE	up_in_cellobiose
YBR167C	805.575315528101	0.156597685177153	0.0745982712169357	2.09921332790352	0.0357980996459955	0.0501637874557417	0.153886918157733	FALSE	up_in_cellobiose
YDR350C	2794.29448541154	0.102547503907848	0.0488700495202287	2.09837118878714	0.0358723683385872	0.0502562158238998	0.101889659635732	FALSE	up_in_cellobiose
YBR139W	3374.71404775919	-0.136588500243567	0.0650960812787732	-2.09825994991355	0.0358821883711487	0.0502583314656571	-0.134725605343749	FALSE	down_in_cellobiose
YNL334C	736.524496636012	0.170512300136939	0.0812748909598351	2.09797021101146	0.035907776931584	0.0502825271781014	0.167124629339796	FALSE	up_in_cellobiose
YGR276C	2804.40192020981	0.123097284193782	0.0587355747474034	2.0957875141798	0.0361010444450737	0.0505414622231031	0.121968661298352	FALSE	up_in_cellobiose
YFR010W	5708.184090773	-0.1218394370631	0.0582169551922467	-2.09285141520638	0.0363624204370629	0.0508956072213276	-0.120431841150139	FALSE	down_in_cellobiose
YDL159W	1901.2320734368	0.118762055976648	0.0567492765983151	2.09275012996684	0.0363714657055522	0.0508964887985146	0.117583462052196	FALSE	up_in_cellobiose
YGR158C	1752.35923838122	-0.126513443944797	0.0605806849217801	-2.088346213123	0.0367666155942204	0.051437541317105	-0.124966568802198	FALSE	down_in_cellobiose
YHR213W-B	33.1555780779664	0.640153701709261	0.306630727494299	2.08770238697348	0.0368246893992485	0.0514962947455496	0.527193754794037	FALSE	up_in_cellobiose
YMR021C	2396.09556280718	-0.123800873749601	0.0593003578880099	-2.087691848056	0.0368256406703872	0.0514962947455496	-0.122265981873679	FALSE	down_in_cellobiose
YFR046C	1263.67953500067	-0.130226832743785	0.0623962782404459	-2.08709295515915	0.0368797327599985	0.051560014732425	-0.128545194963089	FALSE	down_in_cellobiose
YBR250W	699.277758214302	0.166067394099498	0.0796233751017918	2.08566132605149	0.0370093119834525	0.0517292162874788	0.162807128388126	FALSE	up_in_cellobiose
YKR004C	882.330877961079	-0.17299887642945	0.0830418270945684	-2.08327396544922	0.0372262584104358	0.0520204276493336	-0.169163962777321	FALSE	down_in_cellobiose
YNL019C	339.401201903595	-0.298392609953586	0.143421650887668	-2.08052695047623	0.0374772263183519	0.0523590355216891	-0.281013470816502	FALSE	down_in_cellobiose
YJR134C	2908.72443995608	0.112272611015277	0.0539691753902315	2.08030992142227	0.0374971153708245	0.0523747237327359	0.111260012261721	FALSE	up_in_cellobiose
YOR253W	1499.8450162755	-0.145124190150282	0.0698656288498626	-2.07719006526293	0.0377840204435125	0.0527632776823745	-0.142916032563669	FALSE	down_in_cellobiose
YAR035W	8196.62291451959	0.0986277044026758	0.0475063460149385	2.07609535727421	0.0378851324894172	0.0528922625337016	0.0977098784561247	FALSE	up_in_cellobiose
YGL034C	41.7083092511216	-0.633939326770217	0.30539236526815	-2.07581917188266	0.0379106785143452	0.0529157128213154	-0.521578505714989	FALSE	down_in_cellobiose
YGR083C	4018.90961829358	0.105173380425905	0.0506699760310256	2.07565482883802	0.0379258865292086	0.0529247258257161	0.104452328895579	FALSE	up_in_cellobiose
YOR365C	782.78312289472	-0.17576303363539	0.0847004454727986	-2.07511345016286	0.0379760214613065	0.0529824631598574	-0.17173815313412	FALSE	down_in_cellobiose
YGL201C	2776.77811643549	0.123384950665635	0.0594666023304841	2.07486128062145	0.0379993931175722	0.0530028435366875	0.122122360910321	FALSE	up_in_cellobiose
YGL232W	1746.23999180956	0.118800490987218	0.0572646850615466	2.0745855994761	0.0380249578793171	0.0530262728277865	0.117546687220198	FALSE	up_in_cellobiose
YNR023W	2052.56128604929	-0.11936507024461	0.0575459019405554	-2.07425839580919	0.0380553194644234	0.0530563790043413	-0.118206100344922	FALSE	down_in_cellobiose
YMR281W	1129.95704280732	0.139269078016115	0.0671713156417708	2.07334152510644	0.0381405067410247	0.0531628911661022	0.137278944258171	FALSE	up_in_cellobiose
YNCG0048W	59.9207596499393	0.48330645929973	0.23320204270374	2.07247952760741	0.0382207435274716	0.0532624554963475	0.42413548924625	FALSE	up_in_cellobiose
YDL027C	2097.96579561438	0.173876606665971	0.0839232285636772	2.07185316439585	0.038279136901878	0.0533315411155397	0.170120324768667	FALSE	up_in_cellobiose
YML083C	3211.12561030082	0.147850624105133	0.0714221561730743	2.07009466007793	0.0384434808548623	0.0535481741617244	0.145659345692495	FALSE	up_in_cellobiose
YFR005C	1926.30945751761	-0.11829491089033	0.0571902094069461	-2.06844689181996	0.03859801967487	0.0537510529573137	-0.116974985346958	FALSE	down_in_cellobiose
YOR077W	486.513711237977	0.189398665682719	0.0915746346609774	2.06824374876187	0.0386171083058555	0.0537528817108893	0.184553146263382	FALSE	up_in_cellobiose
YNL085W	3361.97361830199	-0.101260115620899	0.0489578985982419	-2.06831008928426	0.0386108736408546	0.0537528817108893	-0.100434718211491	FALSE	down_in_cellobiose
YPR165W	6577.6599939143	0.0898243680097913	0.043435153242688	2.06801084614367	0.038639003207631	0.0537709828347336	0.0893570959148381	FALSE	up_in_cellobiose
YDR351W	2439.26296209879	0.136487778204815	0.0660157436691316	2.06750345627986	0.0386867388593658	0.0538250279782481	0.13453697804286	FALSE	up_in_cellobiose
YOR048C	3840.27472203014	-0.0987572706168521	0.0477851843186436	-2.06669226089647	0.0387631608813375	0.0539189505543535	-0.0978755950112437	FALSE	down_in_cellobiose
YAL016W	6868.36354492098	0.0979084020589873	0.04742641766612	2.0644275253564	0.0389771989266698	0.0542042076588868	0.0971190631363829	FALSE	up_in_cellobiose
YJL095W	1708.96552245974	0.1180145321337	0.0571790212251461	2.06394809853442	0.0390226376322013	0.054254922390702	0.116788029885215	FALSE	up_in_cellobiose
YLR321C	1986.26759310729	-0.112047770216297	0.0544733712199969	-2.0569274070404	0.039693209204456	0.0551745642998276	-0.110913079455172	FALSE	down_in_cellobiose
YGL257C	7390.93179596006	0.116270248248444	0.0565563701517995	2.05582939528068	0.0397989635677256	0.0553088537816186	0.113990404352881	FALSE	up_in_cellobiose
YJL178C	2828.93835488193	-0.105569223241134	0.0513649499396688	-2.05527744824305	0.0398522142623339	0.0553701336684115	-0.104573757518008	FALSE	down_in_cellobiose
YPR174C	1118.24298740532	-0.134121456930633	0.0653472324757831	-2.0524428020779	0.0401266484330353	0.0557386241899398	-0.132056214577041	FALSE	down_in_cellobiose
YOL021C	3792.89007933518	0.103954456947438	0.050672325007154	2.05150359555757	0.0402179298430447	0.0558525923514889	0.10328837662811	FALSE	up_in_cellobiose
YGR194C	1822.85287681099	0.140150790439026	0.068332690965204	2.05100645766157	0.0402663178761197	0.0559003417079171	0.138103070547576	FALSE	up_in_cellobiose
YER172C	2403.41324487376	0.125387053994018	0.0611357737180926	2.05096045029542	0.0402707984162359	0.0559003417079171	0.123847034233374	FALSE	up_in_cellobiose
YOL090W	2523.71809017338	0.129171750072362	0.0630446172023205	2.04889419278776	0.0404724623238068	0.0561673823162881	0.127567407143032	FALSE	up_in_cellobiose
YOR284W	666.141616702893	-0.169169163403503	0.0825726383209151	-2.04873147865319	0.0404883793046749	0.0561765813339467	-0.165466996791143	FALSE	down_in_cellobiose
YOL044W	1287.35604745737	-0.124901136709348	0.0609723159117601	-2.04848929947333	0.0405120795229231	0.0561965726960181	-0.123354954008444	FALSE	down_in_cellobiose
YMR075C-A	366.603068811166	0.235616487000521	0.115034978832222	2.04821602431177	0.0405388369892376	0.0562009506545395	0.226726946228414	FALSE	up_in_cellobiose
YBR162W-A	1921.16013383595	0.165764702897572	0.080927827959337	2.0483028777303	0.0405303311992024	0.0562009506545395	0.162422711374097	FALSE	up_in_cellobiose
YDL100C	7331.78599159828	-0.115284171358936	0.0562863620370002	-2.04817236692528	0.0405431130465866	0.0562009506545395	-0.114049372352019	FALSE	down_in_cellobiose
YLR388W	7073.56226678843	0.119863890397916	0.0585361933318324	2.04768850817523	0.0405905305848292	0.056253787574942	0.118562502824949	FALSE	up_in_cellobiose
YDR170C	3993.7896028816	0.121472224565837	0.0593339264028533	2.04726422015441	0.0406321489466322	0.0562871293829599	0.120113091802588	FALSE	up_in_cellobiose
YJL154C	3677.73287253299	-0.118899426138715	0.0580775301516908	-2.04725348733263	0.0406332021967597	0.0562871293829599	-0.117567599651927	FALSE	down_in_cellobiose
YNCO0014C	345.988094222334	0.226606492281798	0.110761254985732	2.0459003675156	0.0407661741876829	0.0564583974094588	0.218377666880085	FALSE	up_in_cellobiose
YAL040C	1654.91722687184	-0.184621353147418	0.090251864763444	-2.04562369576875	0.0407934082719399	0.0564831806842245	-0.179782853701804	FALSE	down_in_cellobiose
YBL032W	2897.17245174557	0.107903707348656	0.0527856359086753	2.04418693629722	0.0409350832482637	0.0566663729653235	0.106973687618555	FALSE	up_in_cellobiose
YDR311W	3111.0812539559	0.0974720540111636	0.0477112826431805	2.04295606010281	0.0410567880143336	0.0568218430001578	0.0965682459102065	FALSE	up_in_cellobiose
YJL077W-B	76.4924264577166	0.41657659140838	0.204153322568525	2.0405085068775	0.0412997046206425	0.057144958486764	0.374429678514047	FALSE	up_in_cellobiose
YJL092W	1926.33709236352	0.127293404192208	0.0624299320945246	2.03898034038343	0.0414519896904908	0.0573425511546405	0.125741681920393	FALSE	up_in_cellobiose
YJL147C	882.817890789304	-0.15086715870975	0.0740515569918342	-2.03732595016722	0.0416173890079138	0.057558190880371	-0.148173499939002	FALSE	down_in_cellobiose
YGR246C	2344.61592005596	-0.109894199344687	0.053968415815092	-2.0362687635896	0.0417233746405728	0.0576915797499278	-0.108809334971833	FALSE	down_in_cellobiose
YKL035W	12156.4480024152	0.135487637521993	0.0665413754696013	2.03614122139523	0.0417361765010458	0.0576960903950458	0.13361846152848	FALSE	up_in_cellobiose
YHL046C	312.621305690234	0.68834835207158	0.338395856117817	2.03415124513795	0.0419363485130644	0.0579595602849666	0.54896441448197	FALSE	up_in_cellobiose
YGR192C	348981.819243955	0.121711081621196	0.0598464811903829	2.03372160234468	0.0419796728327844	0.05800618261199	0.118437220369588	FALSE	up_in_cellobiose
YNCF0013W	25.1385833051012	-0.767967132426309	0.377661955106306	-2.03347761680188	0.04200429270528	0.0580269443310948	-0.589713867078186	FALSE	down_in_cellobiose
YLR315W	326.651808296421	-0.218837481679056	0.107727520925927	-2.03139810327138	0.0422146266855815	0.0582775763968036	-0.21108621130841	FALSE	down_in_cellobiose
YMR288W	1502.39725196442	0.126909806475325	0.062472453269805	2.03145226148281	0.0422091375317409	0.0582775763968036	0.125365957311079	FALSE	up_in_cellobiose
YJR042W	3575.94033492668	0.110111417863773	0.0542005762539063	2.03155437587875	0.0421987894672613	0.0582775763968036	0.109091045638274	FALSE	up_in_cellobiose
YKL095W	997.289299523019	0.170952173050408	0.0841697522395469	2.03104046883587	0.0422508895465908	0.058314326786349	0.167230072219077	FALSE	up_in_cellobiose
YDR224C	28439.2813833878	0.122368899919836	0.0603590434738119	2.02734988623418	0.0426266431030704	0.0588195157397603	0.121010807076722	FALSE	up_in_cellobiose
YKL105C	3181.95381396852	0.0966399204157536	0.0477048510316199	2.02578811852276	0.0427865020123946	0.0590266341630845	0.0958723145588364	FALSE	up_in_cellobiose
YFL042C	3606.63126317851	0.100551909958439	0.0496754490571611	2.02417717135751	0.0429519255720387	0.0592413331493022	0.0997686342838478	FALSE	up_in_cellobiose
YBR279W	4934.22992105111	0.0993263551232661	0.0490893329008253	2.02337960721394	0.0430340250376283	0.0593410358932002	0.0984507457442072	FALSE	up_in_cellobiose
YML088W	2901.28369074143	0.0980795686690004	0.0485016813221587	2.02218904572678	0.0431568255179371	0.059496804361177	0.0973380075568035	FALSE	up_in_cellobiose
YNL154C	6239.15169014605	-0.10407058302933	0.0514971743446565	-2.02089890083706	0.0432902317236692	0.0596671197503992	-0.103194963881403	FALSE	down_in_cellobiose
YBR184W	336.579548474084	-0.243835325309537	0.120686270204799	-2.02040650436674	0.0433412393028052	0.0597238130105641	-0.233229996313073	FALSE	down_in_cellobiose
YDR175C	2315.18671791385	0.111996802727332	0.0554805165807051	2.01866906852633	0.0435216269714202	0.0599587243560704	0.110962103129131	FALSE	up_in_cellobiose
YLL054C	924.926743723916	0.134196413022347	0.0664907791655651	2.01827102504231	0.0435630426392166	0.0600021138424008	0.132335599972785	FALSE	up_in_cellobiose
YLR218C	1076.19570379941	0.168752561396593	0.083617356280938	2.01815231791851	0.0435754003322723	0.0600054693100142	0.165096592128916	FALSE	up_in_cellobiose
YGL055W	54703.8227229705	0.770429129523126	0.381856822040433	2.01758639640475	0.0436343548179724	0.0600729747186653	0.595331620323827	FALSE	up_in_cellobiose
YBL014C	1709.4947731047	0.128550713017783	0.0637394466939927	2.01681564063371	0.0437147561145845	0.0601641099829472	0.126908272569573	FALSE	up_in_cellobiose
YNR054C	1403.10257845807	0.127552103702909	0.0632460144760623	2.01676113126758	0.0437204469866159	0.0601641099829472	0.125948867455452	FALSE	up_in_cellobiose
YOR261C	6321.18843755708	0.111050541583354	0.0551400643332224	2.01397192633389	0.0440124810296807	0.0605522032000703	0.110016341662706	FALSE	up_in_cellobiose
YNL272C	2995.17552264213	-0.119973247925308	0.0596586711071039	-2.01099430642567	0.0443260581097019	0.060969751978048	-0.118695773619501	FALSE	down_in_cellobiose
YLL031C	2462.90096853365	-0.131139686174279	0.0652212393697173	-2.01068988325862	0.0443582232872348	0.0610001215191442	-0.129279647392023	FALSE	down_in_cellobiose
YDL057W	1220.27958503805	-0.140242829254617	0.0698271099529653	-2.00842952470871	0.0445976680901549	0.061315457287851	-0.137994069928822	FALSE	down_in_cellobiose
YLR344W	11398.808798319	0.111861833882413	0.0557415467714932	2.00679457893372	0.044771540338947	0.0615405172658981	0.110796453256664	FALSE	up_in_cellobiose
YNL065W	10250.3201464444	0.613651737127254	0.305944117993045	2.00576412827523	0.0448814195715113	0.0616775336442854	0.503526988594976	FALSE	up_in_cellobiose
YNR033W	2850.47883742904	0.106675111848141	0.053236812351509	2.00378473346212	0.0450931248915521	0.061954388765131	0.105733387227831	FALSE	up_in_cellobiose
YIL015W	529.678899337017	-0.197993338645706	0.0988660358758539	-2.00264263547824	0.0452156601074095	0.0621086332794941	-0.191953314492747	FALSE	down_in_cellobiose
YBR061C	1649.35292882685	0.125880764370388	0.0629606378750338	1.99935656020893	0.0455697884892828	0.0625808539471349	0.123548572041127	FALSE	up_in_cellobiose
YGL053W	1830.9632058007	-0.113563979789943	0.0568107808565654	-1.99898642612688	0.0456098225519668	0.0626216133471725	-0.11229494836703	FALSE	down_in_cellobiose
YDR251W	3597.70002709935	-0.0996969234380233	0.0499331821905857	-1.99660664640797	0.0458679302831101	0.0629616982188492	-0.0988804570254393	FALSE	down_in_cellobiose
YMR218C	1443.22448851718	-0.127457839947151	0.0638839380804011	-1.99514688319213	0.0460268622775395	0.063165523724656	-0.126189543250566	FALSE	down_in_cellobiose
YPR081C	1937.68037315132	0.128189820516608	0.0642647632928765	1.99471396062572	0.0460740858818088	0.0632159871626996	0.126487751558904	FALSE	up_in_cellobiose
YHR159W	1377.84223326372	0.127938920620599	0.0641700956837777	1.99374676408566	0.0461797360267909	0.0633465737105991	0.126282591424475	FALSE	up_in_cellobiose
YPR029C	4028.35067537543	-0.0942176240150093	0.0472658490947181	-1.99335515640907	0.0462225706386643	0.0633909540187397	-0.0938346117150401	FALSE	down_in_cellobiose
YDR468C	1875.50292609493	-0.121791060622051	0.0611148710779894	-1.99282201653722	0.0462809400187812	0.063456614199408	-0.120245182503836	FALSE	down_in_cellobiose
YGL058W	2014.36411634646	-0.111815088315405	0.056113436510777	-1.99266156678766	0.046298518570967	0.0634663282677263	-0.110548767208858	FALSE	down_in_cellobiose
YEL019C	513.29712217369	0.166277529627782	0.0834513013122932	1.99250972738622	0.0463151589674558	0.0634747521946912	0.162692762961002	FALSE	up_in_cellobiose
YEL053C	2166.85930495616	-0.12088485431655	0.0606797202263999	-1.99217883446926	0.046351439655987	0.0635100831534683	-0.119395571998049	FALSE	down_in_cellobiose
YBR073W	3124.19241955885	-0.101883723801577	0.0511892436326625	-1.99033462054453	0.0465540867065764	0.0637732992981595	-0.100972797609745	FALSE	down_in_cellobiose
YKL073W	2842.3466114106	-0.136329403454099	0.0686154803185831	-1.98686073202606	0.0469378322286414	0.0642844224000959	-0.134210254069275	FALSE	down_in_cellobiose
YKL057C	2761.4982591206	0.127160808954522	0.0640921012167757	1.98403245548827	0.0472522219438122	0.0647003482717174	0.125673748413508	FALSE	up_in_cellobiose
YMR201C	1424.69646798133	0.140725724830538	0.0710136491814456	1.98167150192454	0.0475160187708672	0.0650468269638308	0.13851238309175	FALSE	up_in_cellobiose
YMR004W	2589.48067932385	-0.104327352492345	0.0526505374977751	-1.98150593423199	0.0475345645432006	0.0650574895581076	-0.103352680345159	FALSE	down_in_cellobiose
YOR216C	1947.68458561911	-0.119012871854022	0.0600736305896274	-1.98111668440714	0.0475781896476315	0.0651024640246325	-0.117478752086426	FALSE	down_in_cellobiose
YJL057C	2143.08716995932	0.107189024893979	0.0541279097163376	1.98029122971334	0.0476708137160581	0.0652144495260618	0.106296216690787	FALSE	up_in_cellobiose
YOL146W	1127.51494585554	0.139297237879751	0.0703844691768593	1.97909055092439	0.0478058121456085	0.0653843400851742	0.137106811324019	FALSE	up_in_cellobiose
YGL019W	3439.30170915472	0.103465642497474	0.0523040776729616	1.97815633313348	0.0479110731458622	0.0655134909306295	0.102557255882902	FALSE	up_in_cellobiose
YLR176C	727.161593728099	-0.161967211403001	0.0819103784359236	-1.97737105475228	0.047999703322017	0.0656198475794662	-0.158462357429616	FALSE	down_in_cellobiose
YGR065C	17130.7448993879	-0.549824975674206	0.278536730011303	-1.97397655832282	0.0483844084918232	0.0661308254369597	-0.459683502902172	FALSE	down_in_cellobiose
YER100W	4972.10238891022	0.121307008187878	0.0615210086168106	1.97179810466779	0.048632658808711	0.0664551108167836	0.119771221531822	FALSE	up_in_cellobiose
YLR293C	15084.8852377056	0.123175883875701	0.0624786508845475	1.9714875742646	0.0486681329043282	0.0664885628654567	0.121666790826959	FALSE	up_in_cellobiose
YAL064W-B	86.0489974543362	-0.390732035178785	0.198216796036354	-1.97123575293349	0.0486969161964214	0.0665128611463316	-0.352003307778767	FALSE	down_in_cellobiose
YHR072W	4745.97111729312	-0.153275610596343	0.0778172400062459	-1.96968705885791	0.0488742470438435	0.0667399968663728	-0.150224137343363	FALSE	down_in_cellobiose
YCR091W	1725.11005765254	-0.128481342933108	0.0652969836992252	-1.96764591033679	0.0491087933912141	0.0670451427607365	-0.126657306841403	FALSE	down_in_cellobiose
YHR076W	2189.2198992565	-0.103606037043843	0.0526990650598033	-1.96599383549347	0.0492993226981722	0.067290070791818	-0.102604566244315	FALSE	down_in_cellobiose
YBR084W	2871.20137612671	0.148859146537319	0.0757919978653297	1.96404832607551	0.0495244878875753	0.0675821531462218	0.146231773405719	FALSE	up_in_cellobiose
YDR068W	3169.42390594129	0.121624490622566	0.0619960458300387	1.96181045087937	0.0497845564953213	0.0679217229153403	0.120153290244319	FALSE	up_in_cellobiose
YEL008W	117.231276402592	-0.334634846397763	0.170698264166996	-1.9603881037149	0.0499504452511785	0.068132677690376	-0.308389031409943	FALSE	down_in_cellobiose
YDR021W	830.210363296019	-0.162558519809856	0.0829702467344846	-1.95923871758588	0.0500848368314626	0.0683005847027476	-0.158942430168134	FALSE	down_in_cellobiose
YLR389C	3781.70748261585	-0.10165108378248	0.0518933721983646	-1.95884521425809	0.0501309166684271	0.0683480126263857	-0.100702291484329	FALSE	down_in_cellobiose
YLR223C	4666.45322900552	0.110027844348464	0.0561904244784526	1.95812445571854	0.0502154107481007	0.0684477809791556	0.108970323239873	FALSE	up_in_cellobiose
YBR227C	2183.55550087858	-0.108093588061626	0.0552128086418252	-1.95776289452774	0.0502578412819816	0.0684901811792304	-0.106971849574533	FALSE	down_in_cellobiose
YOR094W	1008.24770279074	-0.129189838038534	0.0660249045383267	-1.95668345061432	0.050384696802315	0.0686475887047535	-0.127324927053812	FALSE	down_in_cellobiose
YIL046W-A	21.7996026211997	0.758382928572352	0.387647195354617	1.95637408876024	0.0504211022303688	0.0686817176327186	0.572443953867506	FALSE	up_in_cellobiose
YML015C	2058.46600135817	0.106597504959252	0.0544944177447392	1.95611788089144	0.0504512692294431	0.0687073353523242	0.105628184958522	FALSE	up_in_cellobiose
YML023C	1843.70252076824	-0.116344324493001	0.0594860089368686	-1.95582669895495	0.0504855725836945	0.0687385733872544	-0.114942936831484	FALSE	down_in_cellobiose
YJL046W	1104.39757785915	-0.124971785805706	0.0639052937212011	-1.95557798937469	0.0505148878582644	0.0687630073749231	-0.123240843930233	FALSE	down_in_cellobiose
YCL025C	8622.2785863665	-0.138151906200136	0.070679162743628	-1.9546341642621	0.0506262658506635	0.0688991124808309	-0.135775135318192	FALSE	down_in_cellobiose
YNL183C	2664.60132329609	-0.0969399551235573	0.0496193468096066	-1.95367253614852	0.0507399562430493	0.069038302667708	-0.0961299537714326	FALSE	down_in_cellobiose
YKL046C	4445.77584334952	-0.0898051425924463	0.0460594456174787	-1.94976603362258	0.0512040117203234	0.0696540402349339	-0.0891389867708897	FALSE	down_in_cellobiose
YMR323W	222.396599763423	0.278574654670549	0.143045802749154	1.94745074176737	0.0514807197699063	0.0700147050075091	0.262550488462379	FALSE	up_in_cellobiose
YER030W	2652.46347596829	0.140778341530615	0.0722958493236592	1.9472534432837	0.0515043573138571	0.0700311045490575	0.138399834370306	FALSE	up_in_cellobiose
YGR063C	1253.93743829551	0.143376526377232	0.0737597678124366	1.94383104271455	0.0519158289960025	0.0705747210087263	0.140940785427295	FALSE	up_in_cellobiose
YNCG0024W	176.427683586068	-0.254041192254064	0.130741787606877	-1.94307571361906	0.0520070109257914	0.0706776305445858	-0.241258890786949	FALSE	down_in_cellobiose
YDR197W	1638.36598292918	0.127966013511691	0.0658596650897778	1.94301038939769	0.0520149030347142	0.0706776305445858	0.126220460398735	FALSE	up_in_cellobiose
YDL167C	1969.82488679925	0.124245861628792	0.0639531083021013	1.94276501842381	0.0520445563396376	0.0707020388010171	0.122669456566793	FALSE	up_in_cellobiose
YML104C	1689.69983187835	-0.129058377973933	0.0664630670700125	-1.94180593318063	0.052160598349248	0.0708437679802946	-0.127174915042701	FALSE	down_in_cellobiose
YIR023W	2231.08575456482	-0.128771581776755	0.066381385423557	-1.93987487539025	0.0523948981627369	0.0711460134908471	-0.126889587700263	FALSE	down_in_cellobiose
YKR055W	1041.56129597566	-0.127340945409009	0.065691243292749	-1.93847671357842	0.0525650891315562	0.0713597138913661	-0.125519475269267	FALSE	down_in_cellobiose
YGR161C	16347.3631976087	-0.0999324586613919	0.0515544081943035	-1.93838824188916	0.052575873859115	0.0713597138913661	-0.099777631936083	FALSE	down_in_cellobiose
YMR219W	3682.3644596703	0.0918170105238548	0.0474063284777894	1.9368091449409	0.052768677640706	0.0716053314720641	0.0911407264202076	FALSE	up_in_cellobiose
YLR177W	5005.87806662129	0.116675171327723	0.0602439505866983	1.93671182237316	0.0527805797896221	0.0716054164575223	0.115500335056733	FALSE	up_in_cellobiose
YNL188W	1733.59398610797	0.126820299349527	0.0655632384450356	1.93432024343711	0.0530737657880427	0.0719870229840955	0.125102084873108	FALSE	up_in_cellobiose
YLR162W	11.0373505702423	0.989671384189059	0.511991479476478	1.93298409028412	0.0532381577326866	0.072193806719123	0.658744951368112	FALSE	up_in_cellobiose
YEL036C	3745.40449913467	0.125687326239802	0.0650427176128086	1.93238122349074	0.0533124698354146	0.0722783720162715	0.124012946887048	FALSE	up_in_cellobiose
YDR286C	713.354567749922	0.188683937903403	0.0976734083510602	1.93178410673692	0.0533861585482511	0.0723620544374322	0.18319574297287	FALSE	up_in_cellobiose
YIR024C	994.949636234604	0.136947345714565	0.0709342990549457	1.93062238633648	0.0535297673718425	0.0725404510564427	0.134788665271828	FALSE	up_in_cellobiose
YJR033C	2324.52725533295	0.105364371077412	0.0545899202803056	1.93010670351582	0.0535936180323585	0.0726107083019051	0.1044277311185	FALSE	up_in_cellobiose
YER166W	3964.63899046933	0.100442713518923	0.0520940785110368	1.92810231776426	0.0538424007587868	0.0729314310837945	0.0995774626061389	FALSE	up_in_cellobiose
YHL015W-A	23.867409031639	-0.692757556649264	0.359674070614663	-1.92607033213537	0.0540955924813885	0.0732579810406264	-0.535273729062448	FALSE	down_in_cellobiose
YAL023C	8995.29303058275	-0.125641691063055	0.0653741351492153	-1.92188685596038	0.0546199960741486	0.07395158635694	-0.123791649695164	FALSE	down_in_cellobiose
YGL018C	958.491639514781	0.156743941199039	0.0815622228912678	1.9217713255314	0.0546345379004783	0.0739547191634048	0.153512608379619	FALSE	up_in_cellobiose
YNL152W	1384.18169195292	-0.124395462117813	0.064754909400211	-1.92101978475485	0.0547292132569485	0.0740662971085309	-0.122638495602888	FALSE	down_in_cellobiose
YHR129C	840.805827764749	-0.137333151165479	0.0715505123647214	-1.91938738978468	0.0549353256381209	0.0743286016687596	-0.135022201536752	FALSE	down_in_cellobiose
YBL054W	1555.43169184757	0.148058180569221	0.077233017254575	1.91703219467903	0.0552338416921047	0.0746990774941523	0.145322882934772	FALSE	up_in_cellobiose
YNL047C	1652.94368007322	0.110956161161789	0.0578781637287564	1.91706429529762	0.0552297639355985	0.0746990774941523	0.109758621888257	FALSE	up_in_cellobiose
YOL012C	2933.88643426744	0.0944621856655747	0.0492806462137864	1.91682116455584	0.0552606551947852	0.0747186323760475	0.0937279931006326	FALSE	up_in_cellobiose
YKL005C	2997.96452247313	0.117577509838217	0.0614104576099109	1.91461706058418	0.0555413577740216	0.0750813884258567	0.116300876813886	FALSE	up_in_cellobiose
YFL041W-A	179.435720549536	0.25302496196511	0.132280804037994	1.91278669497983	0.0557753651392401	0.075380873377011	0.240211700578047	FALSE	up_in_cellobiose
YDR432W	9556.13648835895	0.0949432840086972	0.0496863981987003	1.91085060400254	0.0560237824525384	0.0756996953246095	0.0945205492778194	FALSE	up_in_cellobiose
YJL118W	471.405279109883	0.1965994166825	0.103125278479854	1.90641343791288	0.0565965866269103	0.0764467598993041	0.190274233037168	FALSE	up_in_cellobiose
YDR087C	1833.17841675207	-0.125089100916755	0.0656163100462268	-1.90637207164849	0.0566019495418459	0.0764467598993041	-0.123296745704984	FALSE	down_in_cellobiose
YOR118W	2649.91900150086	0.1055819433797	0.0553910357379066	1.9061196811571	0.0566346797824891	0.0764738877705948	0.1046891583697	FALSE	up_in_cellobiose
YLL056C	1124.92103788112	-0.13206229521527	0.069296790026704	-1.90574909984111	0.056682765663935	0.0765217336463123	-0.129964459861826	FALSE	down_in_cellobiose
YPL146C	3455.92584961282	0.0994960963058463	0.0522529434432294	1.90412424161224	0.0568940052406421	0.0767897665019869	0.0986074606159236	FALSE	up_in_cellobiose
YJL048C	1278.60887257007	-0.125684351743339	0.0660395464278327	-1.90316800374585	0.0570186267431112	0.0769407975328729	-0.12386197546783	FALSE	down_in_cellobiose
YML039W	310.755685311572	-4.68290892986478	2.46093599879989	-1.90289748784546	0.0570539228516295	0.0769712526001907	-0.13420189528936	FALSE	down_in_cellobiose
YGL260W	70.7427517941093	-0.399266929598729	0.209918212358015	-1.90201186030386	0.0571696040733756	0.0771101171801462	-0.355457534933767	FALSE	down_in_cellobiose
YGR056W	2148.55831715651	0.098914692630731	0.0520123201422873	1.90175505265167	0.0572031849139438	0.0771382078839536	0.0981101142786018	FALSE	up_in_cellobiose
YMR006C	8261.96554065436	-0.188595842895625	0.0993195721417156	-1.89887893019237	0.057580396215145	0.0776122657252501	-0.18271912876685	FALSE	down_in_cellobiose
YDL125C	8943.40983801132	0.116177145968869	0.0611797109598244	1.8989489186237	0.0575711925520869	0.0776122657252501	0.111683697541457	FALSE	up_in_cellobiose
YDR213W	3748.5878716688	0.144422972661395	0.0761147290473749	1.89743791338341	0.0577701657641805	0.0778507046661683	0.141941241307111	FALSE	up_in_cellobiose
YOL101C	3861.16280057312	-0.591426579654413	0.311897820085345	-1.89621902292417	0.0579310887583789	0.0780154141195002	-0.477028433195103	FALSE	down_in_cellobiose
YPL278C	191.898776078473	-0.327354436963654	0.172629162167778	-1.89628700535255	0.0579221036357659	0.0780154141195002	-0.30084375126743	FALSE	down_in_cellobiose
YDR191W	1841.2717870104	0.124347950334597	0.065572230146175	1.89635078839621	0.0579136745918575	0.0780154141195002	0.122665857396307	FALSE	up_in_cellobiose
YDR403W	729.442557116655	0.197044981796227	0.103940592042637	1.8957461942818	0.0579936137717142	0.0780822297620943	0.190623844177592	FALSE	up_in_cellobiose
YKL064W	4049.35718446028	0.106192991302366	0.0560595425963747	1.89428929284973	0.0581866214370555	0.0783246575676189	0.104983763695706	FALSE	up_in_cellobiose
YGR263C	984.134345094986	-0.128524394881274	0.0678578547055137	-1.89402384497768	0.0582218449057175	0.0783546323964796	-0.126564966154199	FALSE	down_in_cellobiose
YLR433C	1609.48362222281	-0.108500333449139	0.0573551725651982	-1.89172708574456	0.058527352559203	0.0787482599061311	-0.107314110733696	FALSE	down_in_cellobiose
YBR087W	1499.19866355287	0.11535331209969	0.0609984704738756	1.89108532072281	0.0586129557198338	0.0788458977298832	0.114015550593002	FALSE	up_in_cellobiose
YDR188W	11756.9326959263	0.0891835300077272	0.0471654178509717	1.89086695446057	0.0586421066560947	0.0788675697256084	0.0886128670827884	FALSE	up_in_cellobiose
YPL149W	1721.17922024763	0.108518322116332	0.0574764156684946	1.88804957397189	0.0590192955318785	0.0793572030628726	0.107370663581645	FALSE	up_in_cellobiose
YEL041W	1094.27084794823	0.122318598255066	0.0648293387157498	1.88677843516781	0.0591901328045	0.0795692205382564	0.120693693641866	FALSE	up_in_cellobiose
YPL122C	1383.74555291558	-0.132223372743785	0.070139590085854	-1.88514607202491	0.0594101192966253	0.0798472003346644	-0.130058361203322	FALSE	down_in_cellobiose
YJR141W	1140.86502609922	0.130012362784483	0.0689997292842091	1.88424453448163	0.0595319061274176	0.0799931055895627	0.128038460333359	FALSE	up_in_cellobiose
YIL011W	48563.1375488837	0.113060409176104	0.060035479913339	1.88322654102718	0.0596696736625301	0.0801604145515286	0.113421727323934	FALSE	up_in_cellobiose
YDL033C	939.941067351549	0.141686807886029	0.0752698762318649	1.88238396260372	0.0597839018002395	0.0802960333306347	0.13917304076984	FALSE	up_in_cellobiose
YDR088C	2025.43577882277	-0.098962045550201	0.0526517330112357	-1.87955913111317	0.0601681875837253	0.0807942270218407	-0.0979541368787858	FALSE	down_in_cellobiose
YBL035C	1590.73670363313	0.118087584412579	0.0629060448071194	1.87720567673037	0.060489909796869	0.0812082074254081	0.116613892777268	FALSE	up_in_cellobiose
YGR077C	1685.42431301894	-0.124289284391493	0.0662672236735319	-1.87557705757841	0.0607133791837714	0.0814853815632822	-0.122506430339817	FALSE	down_in_cellobiose
YOL038W	8197.4969050424	0.0860387416255721	0.0458749791956129	1.87550475518908	0.0607233159235636	0.0814853815632822	0.084651876607766	FALSE	up_in_cellobiose
YGL049C	3318.68484165303	-0.0953457085328818	0.0508524241723993	-1.87494913142473	0.0607997219839652	0.0815698133449471	-0.0944936362507111	FALSE	down_in_cellobiose
YHR120W	1556.35897058332	0.119637541726464	0.0638666248726436	1.87324039692144	0.0610351962607492	0.0818675686371726	0.118098826283429	FALSE	up_in_cellobiose
YKR091W	4420.61852241356	-0.0894164533946299	0.0477378882598376	-1.87307098520855	0.061058583357563	0.0818807787464614	-0.0887218807449348	FALSE	down_in_cellobiose
YKL154W	1693.98048412607	-0.11698693034634	0.0624615887856076	-1.87294195714241	0.0610764005164664	0.0818865152568364	-0.115449949471628	FALSE	down_in_cellobiose
YCR095W-A	77.2966888561476	-0.374500357054956	0.200058108861025	-1.87195789856792	0.0612124283882754	0.0820325209156414	-0.336207214029488	FALSE	down_in_cellobiose
YOR350C	1693.25793008579	-0.133746885433827	0.0714441483709836	-1.8720481450675	0.0611999430402092	0.0820325209156414	-0.131492676883253	FALSE	down_in_cellobiose
YGL048C	5936.30225163615	-0.0960388555808469	0.0513137048467522	-1.87160244748778	0.0612616245587028	0.0820620831297973	-0.094942841530171	FALSE	down_in_cellobiose
YKL012W	2794.43471173784	-0.0917295979747633	0.0490102309152813	-1.87164182379239	0.0612561730730529	0.0820620831297973	-0.0909849492758203	FALSE	down_in_cellobiose
YJR154W	3100.96074903559	-0.464140223066417	0.248133990402027	-1.87052254434959	0.0614112893346751	0.0822443485155259	-0.396632013753592	FALSE	down_in_cellobiose
YBR157C	7243.84744134143	0.135722418168504	0.072579578787736	1.86998079122825	0.0614864853641072	0.0823268238835777	0.133499897083836	FALSE	up_in_cellobiose
YBL056W	5612.67087991463	-0.0822443929799782	0.0440187685084907	-1.86839377308146	0.0617072043899365	0.0826040664343373	-0.0816442712516969	FALSE	down_in_cellobiose
YNL107W	1257.32265655351	-0.114159989426826	0.061174577029835	-1.86613451158232	0.0620225485948207	0.083007827816215	-0.112728335239786	FALSE	down_in_cellobiose
YLR021W	1213.27660847708	-0.117604233540389	0.0631418605796425	-1.86253988179603	0.0625270293402827	0.0836391722507805	-0.116601730466348	FALSE	down_in_cellobiose
YPL210C	4821.97209044826	-0.115308694446731	0.0619084304282929	-1.86256853305771	0.0625229949626828	0.0836391722507805	-0.113820081982485	FALSE	down_in_cellobiose
YNL246W	2607.13120561182	0.104030541535807	0.0558559897026234	1.86247781284808	0.0625357699930604	0.0836391722507805	0.103013337782029	FALSE	up_in_cellobiose
YOL038C-A	39.7734558854739	0.496156611962589	0.266556243521073	1.86135805865438	0.0626936292799295	0.083831764290297	0.419158658899421	FALSE	up_in_cellobiose
YDL055C	44792.2698059409	0.102830443659609	0.0554295207912684	1.85515664201462	0.0635738612045035	0.0849899895147739	0.0955061006997261	FALSE	up_in_cellobiose
YHL020C	3900.93649251936	0.147784400688128	0.0797683695467601	1.85266919115724	0.0639297884834999	0.0854280514247033	0.144851093742153	FALSE	up_in_cellobiose
YLR336C	1850.6771097583	0.104130405246487	0.0562055453042842	1.85267138113772	0.0639294743987159	0.0854280514247033	0.103120714526997	FALSE	up_in_cellobiose
YOL160W	194.233914951889	-0.234213432894738	0.126437981738431	-1.85239775006269	0.0639687281594361	0.0854612034257278	-0.223029740607314	FALSE	down_in_cellobiose
YKR014C	3926.15897699645	-0.121010984868355	0.0653614049682025	-1.85141345916945	0.0641100942677048	0.085631150647323	-0.11933185727953	FALSE	down_in_cellobiose
YLL005C	1387.6626957121	0.139188127261794	0.0751864906564482	1.85123851434682	0.0641352472210979	0.0856458324559947	0.136803603407143	FALSE	up_in_cellobiose
YER161C	3334.57172648434	-0.0885316753163863	0.0478659310116622	-1.84957596029661	0.0643746903037699	0.085946606392318	-0.0877860887666931	FALSE	down_in_cellobiose
YJR022W	534.945832583607	-0.163315632864435	0.0883314243198971	-1.84889617847639	0.0644728056283115	0.0860586026131159	-0.159213898382208	FALSE	down_in_cellobiose
YDR315C	725.964687430069	-0.135249567613439	0.0731967298005174	-1.84775423686322	0.0646379039200558	0.0862599388588918	-0.132867194397444	FALSE	down_in_cellobiose
YJR086W	1346.38091942997	-0.120363747017795	0.0651906936396054	-1.84633327700428	0.0648438287933378	0.0865156577414752	-0.1186487812125	FALSE	down_in_cellobiose
YER111C	1681.71041644354	0.129320190607301	0.070060789415112	1.84582833974473	0.0649171342962904	0.0865943599964633	0.12732777638074	FALSE	up_in_cellobiose
YNL146C-A	37.282044727588	0.50443451112397	0.273358346896451	1.84532324273621	0.0649905313782289	0.0866731496748685	0.423205406171814	FALSE	up_in_cellobiose
YNCM0026C	42.2384566461019	0.533052686928038	0.289026892726958	1.84430134475967	0.0651392356366715	0.0868523141822287	0.440295949498982	FALSE	up_in_cellobiose
YLR205C	169.610118684388	0.248224578079294	0.13460349002606	1.84411695440613	0.0651660975642958	0.0868689790762312	0.235231602966486	FALSE	up_in_cellobiose
YAR002C-A	5814.26935784216	0.0853573686629595	0.0463586557422198	1.84123908030454	0.0655865307093361	0.0874101669744523	0.0848958209588835	FALSE	up_in_cellobiose
YHR203C	24276.4150926887	0.100001187313221	0.0543391656440171	1.84031510473204	0.0657219890595742	0.0875714011527439	0.104163625713913	FALSE	up_in_cellobiose
YLR405W	1198.65537524769	-0.119390851900169	0.0648863772426661	-1.83999873276426	0.0657684233660183	0.087613970158079	-0.118448723493117	FALSE	down_in_cellobiose
YGL211W	2273.5205251915	-0.104941894840242	0.0570643544141886	-1.83900958694012	0.065913775997933	0.0877882662927766	-0.10379446314215	FALSE	down_in_cellobiose
YPL047W	880.679474369614	-0.159273783171734	0.086703057181519	-1.83700308096729	0.0662094405586593	0.0881580619403702	-0.155398828167989	FALSE	down_in_cellobiose
YGL225W	3888.25522402709	-0.125178296362358	0.0681454701883799	-1.83692761993302	0.0662205812491902	0.0881580619403702	-0.123240773824848	FALSE	down_in_cellobiose
YNL146W	155.380165504913	-0.262703158869834	0.143024408641995	-1.83677150889263	0.0662436336066487	0.0881693433215254	-0.2471018747999	FALSE	down_in_cellobiose
YDR014W-A	63.1122273538269	0.44004376905626	0.23973126206774	1.83557106929141	0.0664211191911164	0.0883861229632282	0.381240075139008	FALSE	up_in_cellobiose
YNL136W	3043.10314733369	-0.112985017441106	0.061674172017466	-1.83196650632147	0.0669564108506677	0.0890788325615571	-0.111475555955826	FALSE	down_in_cellobiose
YKR030W	1986.62414700771	-0.117348066373145	0.0640669763753934	-1.83164670805685	0.0670040731782764	0.0891226379111977	-0.115666844271193	FALSE	down_in_cellobiose
YLR236C	94.0781744388214	0.330103476765268	0.180433826283535	1.82949884489254	0.0673249121989501	0.0895296985442503	0.301644469062372	FALSE	up_in_cellobiose
YDR233C	20424.480993929	0.182837063150103	0.0999577490177477	1.82914346258077	0.0673781194594454	0.0895807576370028	0.177420706203524	FALSE	up_in_cellobiose
YPL224C	2681.77336067739	-0.106262143114247	0.0581257512200279	-1.82814227573601	0.0675282016068848	0.0897605633666899	-0.105047269436452	FALSE	down_in_cellobiose
YHL026C	1313.12700941744	0.149722798352662	0.0820442995043571	1.82490190369303	0.0680158339017003	0.0903888735305391	0.146615635496467	FALSE	up_in_cellobiose
YDL115C	2993.3027806236	0.120180849176928	0.065904800593435	1.82355227684126	0.0682197869909456	0.0906399981812916	0.118532302360263	FALSE	up_in_cellobiose
YAR019C	1243.25933791855	-0.11533032604814	0.0632628546444957	-1.82303385922491	0.0682982628456455	0.0907243342171016	-0.113785494436378	FALSE	down_in_cellobiose
YNCM0016W	10.5895626078006	0.966120860481342	0.530358480254465	1.82163743288841	0.0685100171938264	0.0909856354827101	0.614131796684701	FALSE	up_in_cellobiose
YOR033C	1878.48861805952	-0.104850061442835	0.0576489927985961	-1.81876657948113	0.0689470491807553	0.0915459392854463	-0.103653043514969	FALSE	down_in_cellobiose
YGR283C	1425.7770940799	-0.11604267041029	0.0638118706777661	-1.81851227957689	0.0689858716142386	0.0915773818092439	-0.114461625054865	FALSE	down_in_cellobiose
YOL159C	1249.36844439175	0.122267413635609	0.067331949390505	1.81589000084485	0.0693872474677128	0.0920899874225866	0.120523263307755	FALSE	up_in_cellobiose
YER174C	2315.9283798193	0.171704060506376	0.094582976180236	1.81538018193865	0.0694655045126456	0.0921736224862836	0.167074613410345	FALSE	up_in_cellobiose
YER190W	311.973170977742	0.726125736684459	0.400329671944491	1.81381942826646	0.069705530394959	0.0924718244853503	0.532594253198386	FALSE	up_in_cellobiose
YHR042W	10118.0644813317	-0.118567527316817	0.0653937485473115	-1.81313244691937	0.069811395781086	0.0925919565096508	-0.116844366306304	FALSE	down_in_cellobiose
YNL023C	2754.05894107478	0.0925323503237357	0.0510904160875746	1.81114888876859	0.0701178074982462	0.0929779653035283	0.0917554705700751	FALSE	up_in_cellobiose
YGL143C	1235.81766817585	-0.110861685154546	0.0612582462221549	-1.80974304671574	0.0703356436672617	0.0932463772248135	-0.109852031843563	FALSE	down_in_cellobiose
YHR182W	1202.06408762141	-0.120972532220364	0.066963842083075	-1.80653511592549	0.0708347941137941	0.0938875377602952	-0.119165956628667	FALSE	down_in_cellobiose
YML014W	1504.12898449149	-0.110542751118866	0.0611971376764626	-1.80633858569145	0.0708654681903275	0.093907614289023	-0.109151213702748	FALSE	down_in_cellobiose
YKR050W	1383.91374271418	-0.129389592946986	0.071736122956826	-1.80368812271689	0.0712802125439224	0.0944365225554529	-0.127170703678892	FALSE	down_in_cellobiose
YKL205W	2077.91916771814	-0.102679207947291	0.0569554405607448	-1.80279894135452	0.0714197965097129	0.0946007291482136	-0.101651796724634	FALSE	down_in_cellobiose
YDL017W	1026.95418083029	0.124848974424566	0.0692988921979962	1.80160130219478	0.071608156255039	0.0948294567616545	0.122960050006298	FALSE	up_in_cellobiose
YLR376C	725.186143371339	0.14016077664178	0.0778216968520556	1.80105012241297	0.0716949802092349	0.0949236515554844	0.137504239631183	FALSE	up_in_cellobiose
YNCD0030W	17.1390522291128	-0.764984736243268	0.425015195863647	-1.79989972991151	0.0718764723334183	0.095143117678379	-0.543488326800681	FALSE	down_in_cellobiose
YER188W	4446.44334105649	0.160917637907636	0.0895760249277249	1.79643646877022	0.0724251282269789	0.0958483972684395	0.157085066244534	FALSE	up_in_cellobiose
YGR128C	2159.14008371444	0.108275176565907	0.0603658404052116	1.79364978337251	0.0728690851747304	0.0964148385772849	0.107145603342932	FALSE	up_in_cellobiose
YDR073W	1503.81344884911	0.107671781209736	0.0600971329307444	1.79162925016433	0.0731923744544851	0.0968214087271928	0.106460361776016	FALSE	up_in_cellobiose
YPR051W	1538.31197782438	0.122648988508339	0.0685770189012909	1.78848527499975	0.0736977492421268	0.0974686174100991	0.120865086002195	FALSE	up_in_cellobiose
YMR059W	576.540426066462	0.168057419409623	0.0940460200332918	1.78697003180072	0.0739423323127944	0.0977707096256626	0.163462097107572	FALSE	up_in_cellobiose
YHR098C	3785.71110215701	-0.101343943117839	0.0567415697847451	-1.78606167404775	0.0740892727886182	0.0979435894700684	-0.100246247264867	FALSE	down_in_cellobiose
YEL020C	2032.61524052661	-0.0938962646813406	0.0526337872279501	-1.7839541789894	0.0744311110646644	0.0983739859525984	-0.0930019737109436	FALSE	down_in_cellobiose
YBR030W	1786.41017519182	0.120426354282788	0.0676113133035867	1.78115685672385	0.0748868295103045	0.0989330591695766	0.118675465164933	FALSE	up_in_cellobiose
YJR105W	9807.59121083903	0.0913999217020483	0.051313016165742	1.78122294364504	0.0748760369095853	0.0989330591695766	0.0912102053796993	FALSE	up_in_cellobiose
YDL205C	1471.97275513256	0.126394497560459	0.0710274911972184	1.77951516279107	0.0751553412431595	0.0992661069750226	0.124408129880815	FALSE	up_in_cellobiose
YMR041C	1593.74150764461	-0.12530166075995	0.070458803066002	-1.77836771712647	0.0753434811802944	0.0994711578647502	-0.123233982257199	FALSE	down_in_cellobiose
YNL139C	1725.43658003191	-0.107920751664949	0.0606826670684281	-1.77844443691397	0.0753308899039409	0.0994711578647502	-0.106576674318849	FALSE	down_in_cellobiose
YJR153W	443.142037674894	-0.162155639681785	0.0913046065996107	-1.77598530589886	0.0757353391123634	0.099966680696546	-0.157767920096069	FALSE	down_in_cellobiose
YBL052C	2134.57956144537	-0.0975479723709484	0.0549339333025662	-1.77573253008613	0.0757770129770003	0.0999998635140514	-0.096676340217593	FALSE	down_in_cellobiose
