gene_id	baseMean	LFC_MLE	lfcSE	stat	pvalue	padj	LFC_apeglm	is_transgene	direction
YEL070W	41387.4077465174	6.64996212631709	0.076787811098237	86.6017930607449	0	0	6.64824458712711	FALSE	up_in_cellobiose
YMR175W	20714.1189717301	6.56883901604717	0.080784223134979	81.3133896834233	0	0	6.56698525793112	FALSE	up_in_cellobiose
YGR144W	108450.515097705	-5.89071295798224	0.0803942996889972	-73.2727690989321	0	0	-5.88847003149422	FALSE	down_in_cellobiose
YDR345C	51010.0799246191	-5.31721869778734	0.0596620561606801	-89.1222837420682	0	0	-5.31267669365092	FALSE	down_in_cellobiose
YLR303W	100836.163831265	-5.24536011322516	0.0733912498939924	-71.4711920126943	0	0	-5.24441396064425	FALSE	down_in_cellobiose
YLR134W	18630.8219822093	-5.19855175754306	0.0760603456549313	-68.3477272260597	0	0	-5.1957570623137	FALSE	down_in_cellobiose
YJR010W	31664.6654263074	-5.18873920961707	0.0750276968263919	-69.1576501624913	0	0	-5.18470126836746	FALSE	down_in_cellobiose
YPL223C	12069.9277618998	5.11662332022146	0.0746547738291076	68.5371217108492	0	0	5.11680641754691	FALSE	up_in_cellobiose
YNR073C	15588.792167852	4.85991944631358	0.0764262258813837	63.5896826026232	0	0	4.85315045161055	FALSE	up_in_cellobiose
YHR094C	8426.20565566246	-4.82947972890306	0.0809345972349231	-59.6713876870836	0	0	-4.82671751669314	FALSE	down_in_cellobiose
YFR053C	192975.187793282	4.7527255387315	0.0662524096166287	71.7366442403116	0	0	4.74881913795951	FALSE	up_in_cellobiose
YKR097W	10791.8804288613	4.62448764737192	0.0689200329716241	67.0993243615528	0	0	4.62185028149942	FALSE	up_in_cellobiose
YKL001C	16063.930763014	-4.4102272972408	0.0698222870521485	-63.1636041074809	0	0	-4.40848171522756	FALSE	down_in_cellobiose
YHR033W	15965.2048849768	4.38162725532645	0.0686570197852201	63.8190715098543	0	0	4.37456231250768	FALSE	up_in_cellobiose
YEL069C	2133.20865673978	4.31802421658884	0.0932683188758258	46.2967947598338	0	0	4.31376190045276	FALSE	up_in_cellobiose
YBR050C	2262.7021444095	4.23607127722923	0.0891056846569173	47.539854427238	0	0	4.22959680668095	FALSE	up_in_cellobiose
YGR292W	2452.85267821364	4.11176510528096	0.0919803973720538	44.7026238498317	0	0	4.10968759421709	FALSE	up_in_cellobiose
YDR343C	123696.375236629	4.08754788025019	0.0758321191333935	53.9025933464939	0	0	4.08490306912532	FALSE	up_in_cellobiose
YLR092W	19790.4630728428	-4.04206701142038	0.0729295939164755	-55.4242358191335	0	0	-4.03941220345869	FALSE	down_in_cellobiose
YDR119W-A	2310.49230758581	3.99672731815289	0.0864345070012226	46.2399504181398	0	0	3.99207715420036	FALSE	up_in_cellobiose
YJR137C	30407.433737385	-3.98691562177923	0.0570536994491539	-69.8800544096594	0	0	-3.9834699504394	FALSE	down_in_cellobiose
YLR327C	14984.9415397619	3.96696009897677	0.0762643790344281	52.0158971882006	0	0	3.96504075898505	FALSE	up_in_cellobiose
YFR030W	29965.304582035	-3.84684084172088	0.0679023491591783	-56.6525442691684	0	0	-3.8456781530725	FALSE	down_in_cellobiose
YLR004C	21640.0560871765	-3.81094811293612	0.096018232189863	-39.6898383361244	0	0	-3.80332098574265	FALSE	down_in_cellobiose
YPR167C	7788.33464229114	-3.78271158856241	0.0778015453375575	-48.6200058385777	0	0	-3.77907460187186	FALSE	down_in_cellobiose
YNR071C	4398.08863889845	3.72271762027678	0.0897965538088881	41.4572437623803	0	0	3.71855248572537	FALSE	up_in_cellobiose
YNL277W	14568.0732333412	-3.62661616887857	0.079860157700536	-45.4120837386504	0	0	-3.62164173951092	FALSE	down_in_cellobiose
YDR261C-D	3291.98901502233	-3.59668081243087	0.0928231964222112	-38.7476509219869	0	0	-3.59168289292626	FALSE	down_in_cellobiose
YER091C	97820.3511772397	-3.57264510737193	0.067272872104931	-53.1067723970426	0	0	-3.57025468592075	FALSE	down_in_cellobiose
YHL047C	10011.3001787699	-3.51186344198686	0.0895289544471662	-39.2260075376991	0	0	-3.50727820903128	FALSE	down_in_cellobiose
YOL052C-A	9783.04128595053	3.44150388207616	0.0715273799569831	48.1144966325609	0	0	3.43971552825296	FALSE	up_in_cellobiose
YKR069W	12187.3009156088	-3.41376562270522	0.0617970679169409	-55.2415468528949	0	0	-3.4118271025741	FALSE	down_in_cellobiose
YPL250C	20159.3676649556	-3.389881885673	0.0753779387733427	-44.971803963308	0	0	-3.38719486859339	FALSE	down_in_cellobiose
YPR121W	8054.47198881133	-3.3871772868116	0.0809500028224544	-41.8428309908848	0	0	-3.38363426234807	FALSE	down_in_cellobiose
YHR001W-A	2962.1821789032	3.36485052889405	0.0812375112712242	41.4199115191992	0	0	3.36344002059714	FALSE	up_in_cellobiose
YDL059C	2022.1932343718	-3.2758528025286	0.0870328044455435	-37.6392881212774	0	0	-3.27040352761039	FALSE	down_in_cellobiose
YBR092C	19116.6399131613	-3.25962737682239	0.0727009254701883	-44.8361194268295	0	0	-3.25650785284171	FALSE	down_in_cellobiose
YGL187C	4169.69012004348	3.22500414293656	0.0787152922553325	40.9704906192237	0	0	3.22155325024276	FALSE	up_in_cellobiose
YIL074C	21333.1536981999	-3.22033315832635	0.0719643627210742	-44.7489984842638	0	0	-3.21728287556081	FALSE	down_in_cellobiose
YDL049C	2712.24310607462	3.18029138872013	0.0797882461840336	39.8591464384955	0	0	3.17596812228602	FALSE	up_in_cellobiose
YJL116C	15554.5359720648	3.16633357295469	0.0580165447556008	54.5763899986308	0	0	3.16437642263059	FALSE	up_in_cellobiose
YPR030W	5105.21716921607	3.1623317902188	0.072063785438382	43.8823990577451	0	0	3.15943621166099	FALSE	up_in_cellobiose
YJL213W	2333.83848435022	-3.09947863473544	0.0780384825234688	-39.717310415452	0	0	-3.0944210819392	FALSE	down_in_cellobiose
YDL204W	3771.38714465248	3.08324004559066	0.06942649933824	44.4101326579837	0	0	3.08035390334264	FALSE	up_in_cellobiose
YGL184C	3451.23181704854	-3.02230254437962	0.0751775658139616	-40.2021868047546	0	0	-3.01866339142407	FALSE	down_in_cellobiose
YBL075C	8232.73843385475	3.00899357936158	0.0641023080264884	46.940487355279	0	0	3.00637890156279	FALSE	up_in_cellobiose
YKL148C	12031.0107566343	2.97867119341918	0.0662508038537117	44.960529082732	0	0	2.97574595642737	FALSE	up_in_cellobiose
YMR174C	5019.61969750715	2.97583281849533	0.0740100371896221	40.2085032178934	0	0	2.97260819949223	FALSE	up_in_cellobiose
YHR018C	54383.9037843593	-2.88316310651142	0.0602201135526713	-47.8770785443583	0	0	-2.88074759889541	FALSE	down_in_cellobiose
YOR178C	5527.26336275499	2.83607133602132	0.0657944619537384	43.1050160120685	0	0	2.83374966227341	FALSE	up_in_cellobiose
YJL060W	9799.62872793554	-2.78358008149739	0.0672015036885505	-41.4213957830179	0	0	-2.78078023241283	FALSE	down_in_cellobiose
YOL064C	11536.6378205043	-2.74838858940004	0.0716292412923958	-38.3696454103278	0	0	-2.74352089151094	FALSE	down_in_cellobiose
YAL012W	15737.2148604191	-2.72048847285594	0.0604023171707026	-45.0394719985258	0	0	-2.71661246763269	FALSE	down_in_cellobiose
YHR008C	9500.6291509132	2.58405565579566	0.0589688278285282	43.8207058025585	0	0	2.58155614291863	FALSE	up_in_cellobiose
YJL088W	8197.38495377185	-2.5372030876084	0.0653634066045484	-38.8168735292302	0	0	-2.53279616856486	FALSE	down_in_cellobiose
YDR019C	11774.5600118997	-2.49062014271352	0.0629219002917518	-39.5827228860729	0	0	-2.4901455082019	FALSE	down_in_cellobiose
YOL058W	36022.5183161894	-2.45067668291891	0.0559068380096276	-43.8350078481793	0	0	-2.44884912925842	FALSE	down_in_cellobiose
YIL136W	11553.6467559462	2.40267880840613	0.0627659043034223	38.2799998673026	0	0	2.40093389529197	FALSE	up_in_cellobiose
YKL096W-A	24156.4608836515	2.45765065764659	0.0656290665607507	37.4475942815921	6.57332078430315e-307	6.73932498716098e-305	2.45281476181533	FALSE	up_in_cellobiose
YJR077C	12927.3021547437	2.34497617394003	0.0626606852143197	37.4234045784763	1.62682933453137e-306	1.64011510743004e-304	2.34108493913121	FALSE	up_in_cellobiose
YBR213W	1768.22028487471	-3.22807204400313	0.0868101703678048	-37.1854130722951	1.17444488683268e-302	1.16462575745097e-300	-3.22359634252112	FALSE	down_in_cellobiose
YHR096C	10701.3713360086	2.20604953271552	0.0593614083347931	37.1630255177504	2.70103984396463e-302	2.63525645421646e-300	2.20285682520209	FALSE	up_in_cellobiose
YBL030C	6510.06056510488	2.40155013038573	0.0647269154184066	37.1028051446862	2.53154339885252e-301	2.43068349518395e-299	2.39854358420304	FALSE	up_in_cellobiose
YNL284C-B	5753.33789466299	-2.39876611888433	0.0656196746915439	-36.5555929705554	1.45322606354882e-292	1.37352569662607e-290	-2.39501167549743	FALSE	down_in_cellobiose
YKL068W-A	6199.50620695673	-2.91462503968977	0.0814235146994017	-35.7958637679784	1.2808090832715e-280	1.19194063764758e-278	-2.91016610287852	FALSE	down_in_cellobiose
YNL144C	3937.34210148079	2.45086215330009	0.0685607687612158	35.7472968518772	7.28751708598038e-280	6.67911982622656e-278	2.44741314203361	FALSE	up_in_cellobiose
YDR529C	6798.1530877168	2.48090575242504	0.069416303627831	35.739525482748	9.62299185863481e-280	8.68798175416149e-278	2.47767165875098	FALSE	up_in_cellobiose
YLR058C	40953.3026344755	-1.93118617584641	0.05430623368114	-35.5610405093714	5.60937029777425e-277	4.98986484282889e-275	-1.92787466130788	FALSE	down_in_cellobiose
YIR034C	8082.90329615413	-2.10379527606483	0.059509159331777	-35.352461699815	9.18970141350986e-274	8.05630490584364e-272	-2.0988947864305	FALSE	down_in_cellobiose
YER069W	19702.3870728856	-2.1124474799208	0.0599018603556212	-35.2651398033345	2.0109632673995e-272	1.73775954349994e-270	-2.10976951417263	FALSE	down_in_cellobiose
YCR020C	5142.42522469762	-3.12465387737725	0.0887714917637461	-35.1988438551097	2.08265961137015e-271	1.77436732241944e-269	-3.12049549494422	FALSE	down_in_cellobiose
YMR206W	2416.31733342517	2.76100699463482	0.0785676386862458	35.1417840831478	1.55191633172184e-270	1.30382526258131e-268	2.75678485452773	FALSE	up_in_cellobiose
YGR243W	3884.22813157533	2.54103091809122	0.0727531873965881	34.926729797276	2.9215982021939e-267	2.42092431850286e-265	2.53726677360077	FALSE	up_in_cellobiose
YOL158C	4294.93303675299	-2.4648604638335	0.0708268456457928	-34.8012175518918	2.33126348563543e-265	1.90565038170388e-263	-2.46116444741076	FALSE	down_in_cellobiose
YIR017C	5516.06908372965	-2.55735581113842	0.0746395788705813	-34.2627309777921	2.81877469694903e-257	2.27343575224596e-255	-2.55320366672567	FALSE	down_in_cellobiose
YLL041C	11640.0508612482	2.41063676390163	0.0711729666684661	33.8701177812458	1.83533087629192e-251	1.46077848298551e-249	2.40712468360205	FALSE	up_in_cellobiose
YMR189W	9495.8930464144	-2.06825939680782	0.0610737088792416	-33.8649712742564	2.18513154405452e-251	1.71660528701114e-249	-2.06479293630222	FALSE	down_in_cellobiose
YHL028W	5669.21380420199	-2.19941306783701	0.0650220851296044	-33.8256311444497	8.2839085465493e-251	6.42427728180471e-249	-2.195450604408	FALSE	down_in_cellobiose
YMR062C	14926.4817533496	-2.15071098551703	0.0637208113779529	-33.7520966699612	9.95971702357462e-250	7.62611750324087e-248	-2.14729438262319	FALSE	down_in_cellobiose
YDR070C	7825.8003843315	1.99247832400872	0.0591412626309413	33.69015532256	8.05690269419339e-249	6.09202554964698e-247	1.98981733494056	FALSE	up_in_cellobiose
YDR253C	2278.57737744241	-3.05390680003844	0.0907047838526418	-33.6686409506228	1.66391437623901e-248	1.24259482245306e-246	-3.04842939655324	FALSE	down_in_cellobiose
YLR180W	24627.838797119	-2.65987000819136	0.0792867443270442	-33.5474741808019	9.7998443612902e-247	7.22917787090786e-245	-2.65608058988706	FALSE	down_in_cellobiose
YER175C	6345.99206826664	-2.08801215435172	0.0629025539212953	-33.1943939345337	1.2969757578307e-241	9.45229681821431e-240	-2.0872259557369	FALSE	down_in_cellobiose
YOR092W	8511.26418277781	1.91856820737556	0.0582131115764807	32.9576646122916	3.28540541902684e-238	2.36588302139206e-236	1.91518191143743	FALSE	up_in_cellobiose
YNL052W	2451.4367828758	3.02087025291382	0.0921593343273939	32.7787768321139	1.18162473254964e-235	8.40899765552094e-234	3.01262862446319	FALSE	up_in_cellobiose
YHR112C	9979.21414605158	-2.04224604061301	0.0626287227151268	-32.6087768052109	3.07976480100989e-233	2.16622061410568e-231	-2.03902367081569	FALSE	down_in_cellobiose
YKL109W	4682.09999093176	2.63012896970195	0.0806844163535935	32.5977318615729	4.41625685099401e-233	3.07056755076583e-231	2.62518820026641	FALSE	up_in_cellobiose
YIL155C	2204.39879338311	2.86465581747229	0.088056693330942	32.5319485562114	3.76951552694317e-232	2.59111357073628e-230	2.8595622483732	FALSE	up_in_cellobiose
YHR029C	3877.68089724399	-2.24415554951943	0.069054072779441	-32.4985255639776	1.11867381620003e-231	7.60321113954379e-230	-2.24008906891207	FALSE	down_in_cellobiose
YCL040W	50843.7155596759	1.88871435151674	0.0593253190287603	31.8365645973368	2.01995848556178e-222	1.35763654212925e-220	1.88748455175422	FALSE	up_in_cellobiose
YGL191W	5364.34598511946	2.12447846847726	0.0667972350561738	31.80488633535	5.54056124692607e-222	3.68295109699514e-220	2.1211704764742	FALSE	up_in_cellobiose
YKL163W	26352.1834917456	1.85565482142216	0.0585959682764235	31.6686433556009	4.20015512511905e-220	2.76160199476577e-218	1.85265999834135	FALSE	up_in_cellobiose
YJL166W	3766.48347220721	2.17802163469448	0.068922850484784	31.6008641455612	3.59251775315007e-219	2.33668170847363e-217	2.174273691465	FALSE	up_in_cellobiose
YCR021C	9396.73484560222	2.90773751092762	0.0922510299479351	31.5198379093295	4.64618689370769e-218	2.98987069362104e-216	2.90175538007991	FALSE	up_in_cellobiose
YDL048C	5088.53690493428	2.06297375685722	0.0657308872140678	31.3851500305887	3.22657119718021e-216	2.05447675492033e-214	2.05870543147309	FALSE	up_in_cellobiose
YGR155W	27895.9985911901	-1.76812064515266	0.0563875710718413	-31.3565669090439	7.91695275774545e-216	4.98850491995856e-214	-1.76615215878376	FALSE	down_in_cellobiose
YKL217W	2400.28550053335	2.31787969857147	0.0739389160465986	31.3485755878632	1.01737331289227e-215	6.34442388627353e-214	2.31336644835883	FALSE	up_in_cellobiose
YHL036W	4079.18123165783	-2.61124876978006	0.0834140559001498	-31.3046613259741	4.03218505612703e-215	2.48884565352168e-213	-2.60610576754207	FALSE	down_in_cellobiose
YKL085W	14293.3972779322	1.84214589496891	0.0590243113157106	31.2099515251537	7.80777815174364e-214	4.77063131716134e-212	1.83899773520138	FALSE	up_in_cellobiose
YBR039W	13912.7890934106	2.00791848115338	0.0644515652350511	31.1539133895449	4.48934207516793e-213	2.71560302126908e-211	2.00470611891191	FALSE	up_in_cellobiose
YGL162W	3397.17801697882	2.14337643564344	0.0689412328117023	31.0899058259894	3.29765339085157e-212	1.97500053081794e-210	2.13995103196275	FALSE	up_in_cellobiose
YGR138C	6714.6916344674	-2.3660298708847	0.0763967819051845	-30.9702818872811	1.35503883474017e-210	8.03591167778754e-209	-2.36230429096739	FALSE	down_in_cellobiose
YGR201C	9457.86912015172	2.41831119612514	0.0781008502407667	30.9639547926821	1.64866504048788e-210	9.68230566010797e-209	2.41365292923785	FALSE	up_in_cellobiose
YDL181W	3145.48860127723	2.24831618977606	0.0729980894314598	30.7996580086808	2.6482161905699e-208	1.54029420545744e-206	2.24418695978651	FALSE	up_in_cellobiose
YPL274W	17730.6746899518	-1.74066017355953	0.0574324944692215	-30.3079326372	9.01159318007264e-202	5.19153591869137e-200	-1.73699478575261	FALSE	down_in_cellobiose
YEL071W	96987.9977789901	-1.65910554699903	0.054827998841599	-30.260187897652	3.8320675992097e-201	2.18680914222826e-199	-1.63966948771753	FALSE	down_in_cellobiose
YMR256C	1774.77763469483	2.75894099664167	0.0916381361418499	30.1069086823308	3.93461120481743e-199	2.22434235307856e-197	2.75339657536408	FALSE	up_in_cellobiose
YER052C	21196.0815697471	-1.95411688936366	0.0649541284412156	-30.0845679290757	7.71305408287241e-199	4.32002445808289e-197	-1.95130471645525	FALSE	down_in_cellobiose
YLR179C	31605.2898386753	-1.93453887070758	0.0646119351251558	-29.9408904401378	5.78156417712826e-197	3.20850290894026e-195	-1.92870890387852	FALSE	down_in_cellobiose
YIL101C	2840.13656951366	2.21836030818675	0.0745384706323703	29.7612801734003	1.23922210045612e-194	6.81459498696282e-193	2.21429410920785	FALSE	up_in_cellobiose
YLR295C	5630.68553807856	1.82476619669791	0.0614640818329183	29.6883341015049	1.08616722742344e-193	5.91912212494087e-192	1.82153368135687	FALSE	up_in_cellobiose
YAL039C	6762.85732891453	2.24549188753458	0.0757116287174558	29.6584808116388	2.63664643097888e-193	1.4240244875885e-191	2.24107834142564	FALSE	up_in_cellobiose
YBL099W	20064.5473722258	1.78155386427365	0.0602061396237531	29.5909001209368	1.95669305056258e-192	1.04743683742063e-190	1.7785253667128	FALSE	up_in_cellobiose
YJR029W	15179.5673859088	-1.81757225895363	0.0617258439289437	-29.4458875450281	1.42123382454775e-190	7.54126614446434e-189	-1.81389165582167	FALSE	down_in_cellobiose
YBL045C	10804.9028579667	2.00346248564458	0.0684995341689739	29.2478264261252	4.78535371875285e-188	2.517096056064e-186	2.00030915936609	FALSE	up_in_cellobiose
YER054C	2697.28756858914	2.18078582424928	0.0747517556969542	29.1737070777341	4.18116257525853e-187	2.18033210497748e-185	2.17645261376453	FALSE	up_in_cellobiose
YGR055W	13486.7068786655	-2.04532261927753	0.0701195502936604	-29.1690778208321	4.78645247615711e-187	2.47463684002345e-185	-2.04155719799643	FALSE	down_in_cellobiose
YOR184W	21219.9457026247	-1.673442904371	0.0574135420569686	-29.1471810380646	9.07032379514535e-187	4.64969395227409e-185	-1.66962780768848	FALSE	down_in_cellobiose
YEL024W	2557.20904983043	2.34795018953725	0.0808118246744018	29.0545374887568	1.34853757632308e-185	6.85487714216664e-184	2.34420826708762	FALSE	up_in_cellobiose
YDR178W	6195.34732212689	2.10767971696973	0.0728964479062762	28.9133390927305	8.11554469600567e-184	4.09091082217819e-182	2.10996072386796	FALSE	up_in_cellobiose
YKL141W	9069.639797827	1.97445860936842	0.0683982674999246	28.8670851110461	3.09281222435413e-183	1.546150507861e-181	1.97022094620732	FALSE	up_in_cellobiose
YPL271W	4742.38569181051	2.18940122348515	0.0759782548910042	28.8161557096302	1.34600879125543e-182	6.67377637565908e-181	2.18485887537049	FALSE	up_in_cellobiose
YMR118C	2307.15159269741	2.2495077257936	0.07831357750479	28.7243642477706	1.89383851366017e-181	9.31368225132549e-180	2.24506787341543	FALSE	up_in_cellobiose
YDL130W-A	5148.74024453981	1.85503809550885	0.0646812503413302	28.6796882515352	6.83769122813564e-181	3.33558018056391e-179	1.85149865813315	FALSE	up_in_cellobiose
YNL195C	1147.42559811566	2.84666110151674	0.0993295701880328	28.6587478041831	1.24724852079057e-180	6.03568504180971e-179	2.84041652142842	FALSE	up_in_cellobiose
YGR256W	4132.99238478474	1.914230481839	0.0669010707471921	28.6128526862083	4.64960470108068e-180	2.23217927276484e-178	1.91094601001528	FALSE	up_in_cellobiose
YGR236C	704.783891677696	4.18125666349373	0.146189556207449	28.6016099368985	6.41602126335902e-180	3.05594587575265e-178	4.17144206901383	FALSE	up_in_cellobiose
YDL222C	2277.7080076221	2.47690064887646	0.0868655906209157	28.5141749589402	7.81641494805668e-179	3.6938667203746e-177	2.47134420379531	FALSE	up_in_cellobiose
YBR256C	10383.6697986575	-1.69641159110075	0.060119128045528	-28.2175015881145	3.56693816552143e-175	1.67258984211156e-173	-1.69337462624086	FALSE	down_in_cellobiose
YMR265C	1548.89896773329	-2.6418213158216	0.093660444275998	-28.2063718172924	4.88462971204445e-175	2.27285577908899e-173	-2.63515255241956	FALSE	down_in_cellobiose
YBR240C	6153.35286001064	-2.42162799942954	0.0860523163785941	-28.1413458851636	3.05824758612831e-174	1.41216333194581e-172	-2.41622741652035	FALSE	down_in_cellobiose
YER150W	7276.0924037253	1.7363199198088	0.0617652082627686	28.1116176670521	7.06424782111602e-174	3.23724508105537e-172	1.73317451242274	FALSE	up_in_cellobiose
YJR004C	4342.31604602901	-1.81858776233892	0.0649345176404153	-28.0064875881519	1.35454291544277e-172	6.1606241319649e-171	-1.81442021767536	FALSE	down_in_cellobiose
YPL186C	3671.40101692775	2.26294887421432	0.0808378161159507	27.9936913556451	1.93908375278097e-172	8.7533713586359e-171	2.25778115991496	FALSE	up_in_cellobiose
YDR516C	9295.80579772143	1.66946005318704	0.0597078322006832	27.9604867846457	4.91536810443115e-172	2.20244901212623e-170	1.66728832007581	FALSE	up_in_cellobiose
YFR033C	7450.14011685575	1.97052794660214	0.0705550821806979	27.9289299324383	1.18857483315838e-171	5.28653615130519e-170	1.96586627746886	FALSE	up_in_cellobiose
YJL101C	5315.26804365812	-1.881970273145	0.0674843350369154	-27.8875130371444	3.7814483977733e-171	1.66963367577596e-169	-1.87776460008461	FALSE	down_in_cellobiose
YDL223C	6805.64310737002	2.32716950429499	0.0835122291490568	27.8662122662459	6.8528726079572e-171	3.00384249315457e-169	2.32533854572799	FALSE	up_in_cellobiose
YIL121W	11393.448753867	-1.58358757923672	0.0568645782934559	-27.8484010039509	1.12625093837518e-170	4.90121721311616e-169	-1.57449392089691	FALSE	down_in_cellobiose
YKL211C	9029.86484365092	-1.65731526771886	0.0597372450867101	-27.7434164450207	2.0922033736281e-169	9.03981300505457e-168	-1.65346864222229	FALSE	down_in_cellobiose
YHR126C	1111.88247598672	2.82505401918684	0.102161598147578	27.6527978263016	2.58276377441887e-168	1.10802397669927e-166	2.81795868465214	FALSE	up_in_cellobiose
YEL072W	2151.59309952013	-2.80751071946233	0.10167293905606	-27.6131559245508	7.7346842648171e-168	3.29486655759709e-166	-2.80135021655939	FALSE	down_in_cellobiose
YPL134C	2963.19212996369	2.27857391658435	0.0828100402799448	27.5156721199686	1.14014536216656e-166	4.82289461240947e-165	2.27322045141702	FALSE	up_in_cellobiose
YKL150W	9044.27397206508	1.79607784614836	0.0654385758719643	27.4467746618222	7.59160235222338e-166	3.18900018254161e-164	1.79279763456163	FALSE	up_in_cellobiose
YDR277C	7415.09081011648	1.8544604877932	0.0678464864324996	27.3331838582121	1.71130877117933e-164	7.13910810818192e-163	1.85026986863783	FALSE	up_in_cellobiose
YOL119C	4988.78047331262	-1.77383406389435	0.0650111862447875	-27.28505917759	6.38057818719977e-164	2.64356968865557e-162	-1.76936884401995	FALSE	down_in_cellobiose
YDL004W	5859.05281821959	1.95888067826252	0.0720572456797845	27.185061818316	9.75489846628779e-163	4.01410753895067e-161	1.95450970324197	FALSE	up_in_cellobiose
YGL157W	1970.33144038837	-2.18559540275798	0.0808553288038035	-27.0309382831323	6.39969518141752e-161	2.61565919948612e-159	-2.18019501940613	FALSE	down_in_cellobiose
YHR138C	4138.97138651435	1.78631890590526	0.0661110536371776	27.0199733271339	8.61054761437644e-161	3.49565117579618e-159	1.78232765164581	FALSE	up_in_cellobiose
YDL174C	5565.46525035388	1.82774115408754	0.0678770426015745	26.9272361321933	1.05411638000065e-159	4.25089998841597e-158	1.82546490214368	FALSE	up_in_cellobiose
YNCB0019C	1636.29199954661	2.72830688827892	0.101470258369848	26.8877494953697	3.05461245376034e-159	1.22366561144346e-157	2.72301710908212	FALSE	up_in_cellobiose
YMR045C	6042.70587940153	-1.77302209259012	0.0660598128977678	-26.8396475075398	1.11410411766977e-158	4.4336946103845e-157	-1.7699091321264	FALSE	down_in_cellobiose
YFR017C	2273.48453796298	2.10720352026288	0.078618063100789	26.8030454726598	2.97762901934892e-158	1.17723385215958e-156	2.10217167742508	FALSE	up_in_cellobiose
YOL055C	20401.8432705126	-2.41702812821608	0.0902707992681361	-26.7753043931367	6.2671433967729e-158	2.46168509136879e-156	-2.40969593698955	FALSE	down_in_cellobiose
YML081C-A	3486.76975618702	2.01619451723483	0.075358276647122	26.7547853658598	1.08620802521464e-157	4.23901441582153e-156	2.011333955973	FALSE	up_in_cellobiose
YDR377W	5455.06692823882	1.74856948533232	0.0653716137682515	26.7481462448084	1.29763900565626e-157	5.03167842641968e-156	1.74447188614385	FALSE	up_in_cellobiose
YLR038C	2113.30451572312	2.66491178675706	0.100084396104671	26.6266460155289	3.33684633850533e-156	1.2856422612496e-154	2.66047413348707	FALSE	up_in_cellobiose
gh1-1	80113.1905327346	1.76119547235819	0.0663173712414607	26.5570760630077	2.12770606335017e-155	8.1458822640539e-154	1.75699810164884	TRUE	up_in_cellobiose
YML018C	6561.08043332141	-1.58439835326975	0.0596643911030712	-26.5551751049077	2.23803421264678e-155	8.51438298886816e-154	-1.58132122356209	FALSE	down_in_cellobiose
YER055C	15181.660955437	-1.67695017656178	0.0632663725063077	-26.506185041581	8.22500519493325e-155	3.10956602650945e-153	-1.67320894129635	FALSE	down_in_cellobiose
YLR452C	1672.29229702334	-2.24663717047332	0.0848145102900125	-26.4888303049941	1.30356680814057e-154	4.89768672201384e-153	-2.24014118853846	FALSE	down_in_cellobiose
YNCL0012C	119408.502748275	1.70834043070908	0.0645000963770795	26.4858585748741	1.41047894215123e-154	5.2666587167116e-153	1.70434409966156	FALSE	up_in_cellobiose
YLR256W-A	8617.92423048014	-1.77867270056922	0.0671698162939151	-26.4802376827455	1.63721941250221e-154	6.07579154983182e-153	-1.77408145898972	FALSE	down_in_cellobiose
YML120C	4503.59111459574	2.02251370140335	0.0766025270947083	26.4027020793033	1.27569812070031e-153	4.70530361714401e-152	2.01734464355813	FALSE	up_in_cellobiose
YPR010C-A	3864.25096088855	2.50144511937839	0.0951162815311933	26.2988110879633	1.97871185402593e-152	7.2540775787896e-151	2.49699376546574	FALSE	up_in_cellobiose
YOR222W	4099.24349846206	-1.71102884473067	0.0653426196637593	-26.1854950648643	3.88772064337805e-151	1.41667603444541e-149	-1.70716854329017	FALSE	down_in_cellobiose
YDR148C	8676.72600766347	1.71245164715917	0.065563690242629	26.1189027161524	2.22401303103188e-150	8.05572145192326e-149	1.7110122889677	FALSE	up_in_cellobiose
YBR230C	3065.53397542575	1.9346098961771	0.0742405662640045	26.0586629861833	1.07316440313383e-149	3.86403063961698e-148	1.92978569644094	FALSE	up_in_cellobiose
YOR047C	2471.92517451017	-1.92190356835655	0.0738810052112256	-26.0135005318598	3.48404701544963e-149	1.24704144357721e-147	-1.91687312516572	FALSE	down_in_cellobiose
YPR184W	7173.92036544905	1.5335924378961	0.0589860569703362	25.9992363732218	5.05157661647515e-149	1.79746982076813e-147	1.53320659933439	FALSE	up_in_cellobiose
YGL125W	5070.86645083088	-1.91933757938066	0.0740262243215073	-25.9278059494792	3.2363420799664e-148	1.14483235331677e-146	-1.91443751076247	FALSE	down_in_cellobiose
YDR536W	1988.02911116006	1.95747154357406	0.0755566412791075	25.9073393210152	5.50510796322603e-148	1.93606965520664e-146	1.953477436396	FALSE	up_in_cellobiose
YAL062W	11006.1189640669	1.46114831613091	0.0565741773212385	25.8271244110938	4.39787200587371e-147	1.53772992852775e-145	1.45787923358846	FALSE	up_in_cellobiose
YMR096W	21137.5282675499	-2.55529834281579	0.0991903712317344	-25.7615563999247	2.39253546173941e-146	8.31749828049521e-145	-2.54684391684806	FALSE	down_in_cellobiose
YJR121W	32119.6931575697	1.44042555486262	0.0559517214888203	25.7440792979074	3.75509996959037e-146	1.29797712663155e-144	1.43889082169718	FALSE	up_in_cellobiose
YPR191W	6057.43631964553	1.7970701589004	0.0698115436273662	25.741733609167	3.98919956539647e-146	1.37106069153882e-144	1.79257323624428	FALSE	up_in_cellobiose
YJR109C	20313.89783811	-1.99685358955279	0.0775741349790804	-25.741229213723	4.04141154186403e-146	1.38115810264042e-144	-1.99211095580014	FALSE	down_in_cellobiose
YBR158W	8828.17429516395	-1.72453048028308	0.0672414357464544	-25.6468420273732	4.58531645094477e-145	1.55823478717781e-143	-1.7191850479193	FALSE	down_in_cellobiose
YGL009C	46936.8604056403	-1.50849879439356	0.0590584587441404	-25.5424680303433	6.65758021266423e-144	2.24981579365396e-142	-1.50575419151699	FALSE	down_in_cellobiose
YNR044W	1778.04522446372	-2.02445820140941	0.0802743861570105	-25.2192299228514	2.46494562772901e-140	8.2835867234071e-139	-2.01801851672998	FALSE	down_in_cellobiose
YMR107W	2748.3299867074	1.99215371016909	0.0798598689412764	24.9456170737519	2.38252792087028e-137	7.96238198527311e-136	1.98691507023772	FALSE	up_in_cellobiose
YDR298C	7494.6700429192	1.65654207408459	0.0668803788574508	24.7687304166645	1.94835915375821e-135	6.47561786872716e-134	1.65238321606112	FALSE	up_in_cellobiose
YGR174C	1616.95107706147	1.95391847212556	0.0794241103153588	24.6010747160704	1.23016923858214e-133	4.06628072359748e-132	1.9489005586723	FALSE	up_in_cellobiose
YPL036W	5803.65379335798	1.75698541163331	0.0717177761278521	24.4986042024101	1.52861418927025e-132	5.02531914722596e-131	1.75265278927946	FALSE	up_in_cellobiose
YLR395C	1986.82002907687	2.38494354879482	0.0974605937590298	24.4708497743362	3.01937830378876e-132	9.87255100519902e-131	2.37744032086203	FALSE	up_in_cellobiose
YOL077W-A	4122.4513491432	2.13185557356152	0.0874615265136957	24.3747812156891	3.1665764591324e-131	1.02981833340279e-129	2.12528017461909	FALSE	up_in_cellobiose
YNL104C	40289.4927473456	-1.48521226401633	0.0610479896314355	-24.3286023501018	9.76763641105769e-131	3.1595953289031e-129	-1.47928823290533	FALSE	down_in_cellobiose
YPL264C	1558.30364999207	-2.02277346704034	0.0831949706423045	-24.3136508303755	1.40598752105606e-130	4.52383963556814e-129	-2.01635320123536	FALSE	down_in_cellobiose
YGL117W	15481.914058342	-1.70418166720698	0.0703663969937467	-24.2186859071159	1.4140952626516e-129	4.5258530390368e-128	-1.69961494602098	FALSE	down_in_cellobiose
YMR081C	2206.71970555854	1.80845628235871	0.0748135048144701	24.1728587217441	4.29392691999765e-129	1.36705073363504e-127	1.80443433837601	FALSE	up_in_cellobiose
YHR139C	1991.00739270017	2.39170498297962	0.0991127858329219	24.1311447648279	1.17799450318625e-128	3.73072709412233e-127	2.38429299026917	FALSE	up_in_cellobiose
YGL224C	2299.72845075108	-1.72789033902914	0.0720107407377275	-23.9948974462344	3.14367707202904e-127	9.90422010869983e-126	-1.72159917645805	FALSE	down_in_cellobiose
YGL186C	6134.4047663411	-1.51201107151144	0.0633335672375949	-23.8737708526531	5.73699590140727e-126	1.79808747189702e-124	-1.50629749863618	FALSE	down_in_cellobiose
YBR117C	3699.91132972406	1.54815077620971	0.0648514679053149	23.872254957591	5.94879079370184e-126	1.85485750057229e-124	1.54381012663556	FALSE	up_in_cellobiose
YDR354W	10743.9388243851	-1.74303520582094	0.0735978895975935	-23.6832226487909	5.36931737880608e-124	1.66558978586656e-122	-1.73796516643949	FALSE	down_in_cellobiose
YMR114C	3723.81802979023	1.56456530254829	0.0661410225748568	23.654991133189	1.04866611285781e-123	3.23641903912085e-122	1.5601724341486	FALSE	up_in_cellobiose
YLR130C	20477.87563711	-1.74713640525817	0.0740557613205712	-23.5921739794855	4.6373118110803e-123	1.42391366219415e-121	-1.73996120357521	FALSE	down_in_cellobiose
YEL073C	1434.09130655004	-2.14025351414638	0.0907455217295399	-23.5852246298747	5.46494753354193e-123	1.66956907224218e-121	-2.1337053757546	FALSE	down_in_cellobiose
YML128C	11066.9271740394	1.36324532213078	0.0578746551141488	23.5551351354403	1.1121068300592e-122	3.380469454788e-121	1.35952234480916	FALSE	up_in_cellobiose
YFL011W	957.2393502719	2.2562057830487	0.0970031106844557	23.2591075392209	1.15056849599588e-119	3.47989441613954e-118	2.24883093226108	FALSE	up_in_cellobiose
YIL164C	1612.67242414952	-1.90442178720685	0.0821054819395384	-23.1948189355888	5.13583724086668e-119	1.54560594378122e-117	-1.89781294551097	FALSE	down_in_cellobiose
YHL032C	7476.53169776982	1.48811225231524	0.0643405749645899	23.128675072211	2.38335796510554e-118	7.13709521332842e-117	1.48387997431186	FALSE	up_in_cellobiose
YDR322C-A	2349.06760885255	1.74674837692943	0.0755480792546199	23.1210163668406	2.84609177267092e-118	8.48079267629871e-117	1.74225163298427	FALSE	up_in_cellobiose
YAL005C	43520.8277828226	1.56252078097441	0.0676607745069354	23.0934510040858	5.38757043625977e-118	1.59752027298703e-116	1.55828580470313	FALSE	up_in_cellobiose
YDL085W	2264.42873145974	1.68858821906734	0.0731365862892069	23.0881465042693	6.09097725052011e-118	1.79728397016567e-116	1.68332456666112	FALSE	up_in_cellobiose
YAL044C	12622.1356394159	-1.28170654153451	0.0560075698063602	-22.8845233950671	6.62607499939912e-116	1.94568580928958e-114	-1.27935464594163	FALSE	down_in_cellobiose
YHR051W	3273.09048354357	1.81314112168033	0.0793415170595152	22.852362658005	1.38443833427675e-115	4.04563646571985e-114	1.80646515056196	FALSE	up_in_cellobiose
YJR111C	3491.48632596408	-1.50735358308292	0.0660172671079591	-22.8327170923014	2.17038792341552e-115	6.311863725356e-114	-1.50192617302462	FALSE	down_in_cellobiose
YGR244C	8874.70083508937	1.32557227037429	0.0580779957551793	22.8240016401749	2.64916824727401e-115	7.66737738170358e-114	1.32221091772058	FALSE	up_in_cellobiose
YKL120W	11232.3935472683	-1.3897406587991	0.0609046449918303	-22.8183032506883	3.01783076887277e-115	8.69278967662446e-114	-1.38592642969591	FALSE	down_in_cellobiose
YPL061W	22766.4278649887	1.49504771977345	0.0655471150945556	22.8087493647395	3.7543429913126e-115	1.07630430115876e-113	1.48941975037748	FALSE	up_in_cellobiose
YDL170W	6549.6055770048	-1.55278049870638	0.0680795013209462	-22.8083412565867	3.78952044268478e-115	1.0812645829151e-113	-1.54759088811418	FALSE	down_in_cellobiose
YHR087W	2577.9080648479	1.99742307851079	0.0875826709094007	22.8061448431621	3.98457059136149e-115	1.13158063413829e-113	1.99078525957822	FALSE	up_in_cellobiose
YDR077W	175370.413680619	1.25108143358197	0.0550360526272528	22.7320342549868	2.16088426220275e-114	6.10803219722636e-113	1.2436572056367	FALSE	up_in_cellobiose
YGL037C	15488.5645823724	1.38892188344099	0.0612294008532509	22.6839045309268	6.45953404635214e-114	1.81738239285507e-112	1.38473088504109	FALSE	up_in_cellobiose
YPL057C	5130.41066370714	1.52115774242628	0.0672130937022566	22.6318661831692	2.1050492205913e-113	5.89511237748e-112	1.51938328910085	FALSE	up_in_cellobiose
YGR154C	1853.62710074293	-1.7150372266765	0.0759500999544287	-22.5811055904541	6.64652505680033e-113	1.85275714601775e-111	-1.71142400322418	FALSE	down_in_cellobiose
YKL016C	9664.14648314454	1.55837364467922	0.0690207220611477	22.5783445629359	7.07494179439308e-113	1.96313407863687e-111	1.55514636053133	FALSE	up_in_cellobiose
YBL015W	6856.69366248243	1.45892787151437	0.0650547892501021	22.4261409241608	2.18813538224865e-111	6.04384973845758e-110	1.45458602897087	FALSE	up_in_cellobiose
YLL061W	2387.38404106559	-1.71889035936017	0.0767262457821166	-22.4028993187206	3.68780711173954e-111	1.01397932813239e-109	-1.7133829012961	FALSE	down_in_cellobiose
YHR162W	30347.7392085795	-1.23010268534896	0.0551310395677181	-22.312343373065	2.80413959367122e-110	7.6752219014105e-109	-1.22390338477963	FALSE	down_in_cellobiose
YBL064C	13916.1259720928	1.49633028495773	0.0671351663440888	22.2883231909871	4.79621780883328e-110	1.30686132998345e-108	1.49170379682969	FALSE	up_in_cellobiose
YLR227W-B	16832.2759031322	-1.6318272554143	0.0734576687018811	-22.2145255117865	2.48593615442216e-109	6.7432411650671e-108	-1.63220372710832	FALSE	down_in_cellobiose
YGR204W	36915.7376286611	-1.38512868836381	0.062428321920457	-22.1875047374919	4.53466012865035e-109	1.22456067491991e-107	-1.39081596031708	FALSE	down_in_cellobiose
YAL054C	2571.59638445438	1.62349572618889	0.073585967136291	22.0625723812526	7.23494001895614e-108	1.94507342998514e-106	1.61787601017372	FALSE	up_in_cellobiose
YOL143C	15081.6905730141	-1.29117468297928	0.0585318684022906	-22.059345075148	7.76996167334794e-108	2.0796680602691e-106	-1.28883348927518	FALSE	down_in_cellobiose
YIL116W	12634.5454955475	-1.34752141366849	0.0612128988826115	-22.0136840154007	2.1296430062829e-107	5.67498261894506e-106	-1.34370690884439	FALSE	down_in_cellobiose
YAR020C	647.168416644812	2.44874844228772	0.112091011075797	21.8460732826458	8.47112995807249e-106	2.24745022440265e-104	2.43990814062398	FALSE	up_in_cellobiose
YFL014W	29645.7667581708	1.53497707491969	0.0704286246504082	21.7947898675996	2.59982865572172e-105	6.86740765871645e-104	1.52997390946303	FALSE	up_in_cellobiose
YKL128C	2574.33984355625	-1.51987106064965	0.0698802360745514	-21.7496554967013	6.96004183854162e-105	1.83049100353645e-103	-1.51430422382818	FALSE	down_in_cellobiose
YGR043C	5176.78562593582	1.47484859278565	0.0678611249390458	21.7333354569408	9.93193232221863e-105	2.6007904163247e-103	1.46967840243926	FALSE	up_in_cellobiose
YDR170W-A	1839.25400349012	-1.83777434163334	0.0847234288876551	-21.6914537780366	2.47055379086922e-104	6.44154305214133e-103	-1.83107725234013	FALSE	down_in_cellobiose
YML123C	3180.14951897699	-1.54934838039892	0.0714741619047223	-21.6770415925165	3.37914113097596e-104	8.77271446406591e-103	-1.5439914351867	FALSE	down_in_cellobiose
YBR104W	3586.91641868299	-1.4587760278823	0.0673663745762424	-21.6543644668204	5.52884932481486e-104	1.42923117802586e-102	-1.45379973679871	FALSE	down_in_cellobiose
YGR088W	3495.73718771043	1.5178616802797	0.0701743469929625	21.6298654041188	9.40572429904243e-104	2.42107345893224e-102	1.51234240190296	FALSE	up_in_cellobiose
YER092W	2431.73407330304	-1.57995586067266	0.0730952477549725	-21.6150284621639	1.29722536244228e-103	3.32496449890397e-102	-1.57441292683511	FALSE	down_in_cellobiose
YNL191W	2641.95986430753	-1.50497820617138	0.0696524250486639	-21.6069749921829	1.54441048993317e-103	3.94183082430622e-102	-1.49987485990157	FALSE	down_in_cellobiose
YOR303W	31772.965547994	-1.339254513306	0.0620178519565255	-21.594661392736	2.01615803066472e-103	5.12426047373568e-102	-1.33524295584011	FALSE	down_in_cellobiose
YDL081C	21010.2690912698	1.46155153678212	0.0677531548015716	21.5717119160364	3.31207658984523e-103	8.38274112634887e-102	1.46221662627039	FALSE	up_in_cellobiose
YCL042W	1664.72416557438	1.80689187426203	0.0837766662154288	21.5679610551185	3.5918018048175e-103	9.05283713222544e-102	1.80039105782682	FALSE	up_in_cellobiose
YGR008C	5343.61897303631	1.56575030420989	0.0726138774137103	21.5626869129874	4.02544748514217e-103	1.01037061566909e-101	1.56109066759392	FALSE	up_in_cellobiose
YKL216W	13693.0988637111	-1.4341171756531	0.0665422660246271	-21.5519738255133	5.07373122618387e-103	1.26822314823084e-101	-1.4292257378142	FALSE	down_in_cellobiose
YDL066W	11581.6146571088	-1.45071090617394	0.0674003658073235	-21.5237838667088	9.32344017699877e-103	2.32088434694097e-101	-1.44530150621485	FALSE	down_in_cellobiose
YBR298C	3691.43045259462	1.45822199460111	0.0678021165606303	21.5070276352972	1.33808458280612e-102	3.31724329565337e-101	1.45318862351944	FALSE	up_in_cellobiose
YKL178C	2612.0684809877	-1.57089671333884	0.0732900431409697	-21.4339717377066	6.44415692863607e-102	1.59104919433958e-100	-1.56529691780247	FALSE	down_in_cellobiose
YNR014W	2507.10722621255	1.99764845780036	0.093282182994129	21.415112657967	9.66100257450028e-102	2.36892048143828e-100	1.98816969089403	FALSE	up_in_cellobiose
YLR420W	3676.24352906877	-1.44878516852026	0.0676526490044908	-21.4150545446356	9.67305933072004e-102	2.36892048143828e-100	-1.44365376488507	FALSE	down_in_cellobiose
YML091C	5301.28456011586	1.75837122340241	0.0821741076363991	21.3981176550499	1.39111879081258e-101	3.39309579259085e-100	1.75181055103483	FALSE	up_in_cellobiose
YJL026W	24360.842040042	1.50471328791829	0.0704327240608954	21.3638377328319	2.89980331806885e-101	7.04454227750943e-100	1.49864406019518	FALSE	up_in_cellobiose
YPL078C	12304.6030332864	1.3352886867219	0.0625451603188035	21.3491928058975	3.96731792339034e-101	9.59932244743528e-100	1.33087339860841	FALSE	up_in_cellobiose
YPL054W	3172.10138905772	1.56214074686652	0.0732125458612628	21.3370635932639	5.14245940410138e-101	1.23931222850236e-99	1.55648742235044	FALSE	up_in_cellobiose
YMR105C	15664.7154946	1.84945093164991	0.0874546762698766	21.1475361928353	2.90735069663082e-99	6.97879538250786e-98	1.83786411200772	FALSE	up_in_cellobiose
YBR021W	2166.16216948551	1.56107891385599	0.0740495906917518	21.0815333248004	1.1751421158575e-98	2.80965796791383e-97	1.55534716963621	FALSE	up_in_cellobiose
YLR237W	33383.5543835325	-1.51814215609406	0.0720179466736864	-21.0800533229969	1.2124687809107e-98	2.8874896282397e-97	-1.51428013908444	FALSE	down_in_cellobiose
YGR087C	2930.14394538108	1.40676785000623	0.0672180385218451	20.9284275611381	2.95070448093232e-97	6.99953388437631e-96	1.40242528205069	FALSE	up_in_cellobiose
YIL057C	1183.63656337517	6.15977212761036	0.295430260271503	20.8501733097668	1.51871501346882e-96	3.58855746737222e-95	6.13297537017697	FALSE	up_in_cellobiose
YKL096W	2370.14553184869	1.78967541968691	0.0858422040958802	20.8484327556171	1.57497127687688e-96	3.70700437892151e-95	1.78301664114588	FALSE	up_in_cellobiose
YNCL0016C	40823.8029314155	1.85450524282227	0.0890014794770459	20.8367911827866	2.00859169004981e-96	4.70929113686484e-95	1.8423025670647	FALSE	up_in_cellobiose
YDR158W	18727.966518341	-1.1903434051164	0.0572796642145074	-20.7812566892617	6.39623166504909e-96	1.49385348810355e-94	-1.18653044978716	FALSE	down_in_cellobiose
YIL073C	1845.81082891564	-1.71327206527315	0.0825525359063169	-20.7537181803527	1.13467869183125e-95	2.63987361803355e-94	-1.70658039665561	FALSE	down_in_cellobiose
YGR183C	2871.4095906977	1.88007002155213	0.0906398763002948	20.7421953591745	1.44192256287294e-95	3.34183508920247e-94	1.87269428130019	FALSE	up_in_cellobiose
YHR176W	2492.31077418907	-1.53852542692914	0.0742119412940631	-20.7315076266873	1.80060061806838e-95	4.15718822087618e-94	-1.53244618871142	FALSE	down_in_cellobiose
YIL117C	2751.11093742701	-1.48319402238801	0.0720838338151847	-20.5759591837299	4.50725196467237e-94	1.03666795187465e-92	-1.4790541296926	FALSE	down_in_cellobiose
YJR027W	7605.17451057768	-1.9495788109454	0.09514606889823	-20.4903768859931	2.62354569536217e-93	6.01129845122945e-92	-1.94652029766013	FALSE	down_in_cellobiose
YMR280C	2168.30498624585	1.57521141886871	0.0773188046272978	20.3729406638108	2.9068761248644e-92	6.63535610539802e-91	1.5694394875583	FALSE	up_in_cellobiose
YHR208W	29853.0844523906	-1.17702383346255	0.0577853853701882	-20.3688843800596	3.15790041917998e-92	7.18125550211267e-91	-1.17293604739014	FALSE	down_in_cellobiose
YKL201C	6718.27015213766	-1.52958103718448	0.0750964531246119	-20.3682194503429	3.20106487320574e-92	7.25215034382828e-91	-1.52309745867428	FALSE	down_in_cellobiose
YDL131W	17963.0837669015	-1.16390410891069	0.0572393100461278	-20.3339996232087	6.43381983821663e-92	1.45217075378255e-90	-1.15990556445357	FALSE	down_in_cellobiose
YDR541C	4096.01539624375	-1.34846186061147	0.0663907144886068	-20.3110008831563	1.02788316513501e-91	2.31139972710099e-90	-1.34195617263985	FALSE	down_in_cellobiose
YGR027W-B	23688.756663136	-1.84840061715261	0.0911452717680614	-20.2797202893449	1.94232617257359e-91	4.35153000662876e-90	-1.84128051198748	FALSE	down_in_cellobiose
YER067W	4733.0432378429	2.02181508500772	0.0997082051735773	20.2773190179087	2.03948716859803e-91	4.55234608223229e-90	2.01324996074059	FALSE	up_in_cellobiose
YPR145W	23485.4315341475	-1.40866948758807	0.0697869149752698	-20.1852953105501	1.31837486234289e-90	2.93192997879122e-89	-1.40329937772202	FALSE	down_in_cellobiose
YHR143W	11763.6632164657	-1.28732035656882	0.0637914466842707	-20.1801404965822	1.46329704219119e-90	3.24230176125073e-89	-1.28173886377044	FALSE	down_in_cellobiose
YOR130C	2305.72342766965	-1.47125628977321	0.0733937383666442	-20.0460737184885	2.1841781478013e-89	4.82193197666061e-88	-1.46523036307676	FALSE	down_in_cellobiose
YDR210C-D	13253.457075739	-1.47868853541981	0.0737727662688387	-20.0438266071148	2.28506486667501e-89	5.02631177400622e-88	-1.47305673377533	FALSE	down_in_cellobiose
YBR105C	13198.3347951381	1.49703625424818	0.0748327126603018	20.0051047333254	4.97140972224525e-89	1.08956729745875e-87	1.49107572700947	FALSE	up_in_cellobiose
YCL057C-A	4395.63833978355	1.53140617455683	0.0767307800722508	19.95817288857	1.27281457965652e-88	2.77951458207303e-87	1.52544489985402	FALSE	up_in_cellobiose
YEL011W	12395.6765622514	1.3338015066576	0.066870821843034	19.9459415915126	1.62560521141489e-88	3.53715321001751e-87	1.32849652762417	FALSE	up_in_cellobiose
YPL230W	2514.13453036397	1.45353539036381	0.0730751125123731	19.8909771109513	4.87165489626979e-88	1.05622367267154e-86	1.44783189058628	FALSE	up_in_cellobiose
YDL198C	5310.30622602334	-1.42180841113931	0.0714973982803832	-19.8861559348434	5.36320194496513e-88	1.15864316303907e-86	-1.41432545878411	FALSE	down_in_cellobiose
YIL165C	1035.97932117945	-1.82062733273305	0.0917143638841292	-19.8510599172144	1.07900860747819e-87	2.32274842229024e-86	-1.8122358084211	FALSE	down_in_cellobiose
YHL016C	1642.70284945955	-1.64976897863816	0.0831272102096605	-19.8463171623006	1.18580026554317e-87	2.54358361924491e-86	-1.64278366487814	FALSE	down_in_cellobiose
YEL065W	9440.13383354881	-1.88057702670911	0.0948495743850942	-19.8269421755534	1.74320284815743e-87	3.72601909134427e-86	-1.87221966014402	FALSE	down_in_cellobiose
YDL182W	17736.6687845091	-1.19175437174342	0.0601185448334586	-19.8234068213867	1.87009752553135e-87	3.98317603237294e-86	-1.18782393677027	FALSE	down_in_cellobiose
YGR267C	6537.56689261916	-1.29389724882667	0.0653938035616576	-19.786236284707	3.91186335226455e-87	8.30275839222746e-86	-1.28885174386399	FALSE	down_in_cellobiose
cdt-1EGFP	116428.663919099	1.59492803905359	0.0806614240788476	19.7731202649549	5.07387198198279e-87	1.07314166500049e-85	1.58836573686362	TRUE	up_in_cellobiose
YGR282C	63836.3681952626	1.05996779355403	0.0536159688194923	19.7696286552725	5.43746989697225e-87	1.14603677375558e-85	1.05538855130357	FALSE	up_in_cellobiose
YEL034W	6479.99900727214	1.4854168592126	0.0752688143148645	19.7348247442666	1.0832184042308e-86	2.27513476638615e-85	1.4795475760716	FALSE	up_in_cellobiose
YER060W-A	1219.84425253373	-2.11824257732955	0.107374776064239	-19.7275622354945	1.25057167265341e-86	2.61754603732888e-85	-2.10849597242196	FALSE	down_in_cellobiose
YBR047W	1502.00069010702	-1.65543942039908	0.0840346106857397	-19.6994953256802	2.17779984869573e-86	4.54259009819326e-85	-1.64861343576887	FALSE	down_in_cellobiose
YOR065W	2605.04783128646	1.37907845804726	0.0703292950617591	19.6088764551988	1.29869155400253e-85	2.69958254644719e-84	1.37377438732371	FALSE	up_in_cellobiose
YDR098C-B	44123.2081325373	-1.4707112465339	0.0751394651363568	-19.5730864448526	2.62304577856363e-85	5.43383695703129e-84	-1.46461763504006	FALSE	down_in_cellobiose
YPL188W	2528.42724951673	-1.36099953079927	0.0696780431417929	-19.5326887701147	5.79087122255939e-85	1.19552832850723e-83	-1.35545668475174	FALSE	down_in_cellobiose
YOR215C	2884.71737639823	1.37984855932482	0.0707682899559936	19.4981192873653	1.13893918879366e-84	2.34334801122887e-83	1.3756447938937	FALSE	up_in_cellobiose
YLL062C	1447.72822281394	-1.65943745367021	0.0851439231231871	-19.4897931972117	1.3402157690468e-84	2.74812379219122e-83	-1.65160691962565	FALSE	down_in_cellobiose
YIL160C	658.133431128748	2.13086521675587	0.109392444495191	19.4790894982655	1.65191084602019e-84	3.3758137525595e-83	2.12101141715553	FALSE	up_in_cellobiose
YEL039C	1955.84020563171	1.75262731589031	0.0900411386767405	19.4647395806762	2.18602798783467e-84	4.45228393885924e-83	1.74471515736463	FALSE	up_in_cellobiose
YNL331C	2135.69214722148	-1.59425308677859	0.0819853104785777	-19.4455943079603	3.17573661066681e-84	6.44631904628307e-83	-1.58710974596056	FALSE	down_in_cellobiose
YKR075C	4888.66956320744	2.00551322321263	0.103256633891271	19.4226089659714	4.96997908561328e-84	1.00546499962792e-82	1.9960417192766	FALSE	up_in_cellobiose
YGL209W	2443.39470514363	-1.93455628492548	0.0996828407485793	-19.4071143077155	6.71965074713389e-84	1.35490557898043e-82	-1.92616352510627	FALSE	down_in_cellobiose
YBR145W	7918.9709775578	-1.34032524232819	0.0691826250586243	-19.3737262960522	1.28604486142406e-83	2.58448018829042e-82	-1.33495348441524	FALSE	down_in_cellobiose
YNL221C	5204.49389738146	-1.38488426130588	0.0715449835000719	-19.3568324927281	1.78531079583321e-83	3.575942054303e-82	-1.37898493142171	FALSE	down_in_cellobiose
YOR337W	3615.20109608133	-1.50615919967193	0.0778842993903226	-19.3384188015059	2.5518036691823e-83	5.09434336464811e-82	-1.49922543726622	FALSE	down_in_cellobiose
YLR364W	1037.44185393678	-1.8889547609986	0.0977086929974896	-19.3325148771269	2.8612520081067e-83	5.69332677534126e-82	-1.87995181272263	FALSE	down_in_cellobiose
YHL040C	4625.51055470192	-2.10634261687943	0.109165589728986	-19.2949318746742	5.92430057526435e-83	1.17495390753357e-81	-2.09577195740354	FALSE	down_in_cellobiose
YPL171C	588.507120592261	2.19571968509254	0.113844207307459	19.287056733265	6.89907956015541e-83	1.36380824377059e-81	2.18492248275272	FALSE	up_in_cellobiose
YPR020W	2068.99929476108	1.69020096367607	0.0885750823167377	19.0821269308228	3.55493670332167e-81	7.00449906136572e-80	1.68246223919955	FALSE	up_in_cellobiose
YOL140W	3312.59584255699	-1.25136429526849	0.0657193240289737	-19.0410402687161	7.79636709717127e-81	1.53117612242822e-79	-1.24615507416545	FALSE	down_in_cellobiose
YLL055W	3352.3529173187	-1.68517229256839	0.0886950076672354	-18.999629594608	1.71752271979797e-80	3.36223136959803e-79	-1.67727104538621	FALSE	down_in_cellobiose
YDL079C	3896.21657439701	1.27350254821577	0.0670839468651604	18.9837152959341	2.32554751035626e-80	4.53781835165969e-79	1.26827667588011	FALSE	up_in_cellobiose
YCL030C	43335.3465879225	-1.27324241954318	0.0672025733876122	-18.9463342750188	4.73436555866073e-80	9.20841712679702e-79	-1.27616510232582	FALSE	down_in_cellobiose
YGL026C	17475.205671031	-1.15427936809239	0.0612515024729571	-18.8449151692567	3.23483424789075e-79	6.27163857868305e-78	-1.14961841871726	FALSE	down_in_cellobiose
YPL214C	6281.98073783991	-1.33434699104185	0.070822390240936	-18.840750594585	3.49967414471377e-79	6.76342776401712e-78	-1.32829929896182	FALSE	down_in_cellobiose
YKL026C	1478.95970936066	1.54964130738495	0.0825535725604049	18.7713415582478	1.29571738862219e-78	2.49611289292217e-77	1.54365914526367	FALSE	up_in_cellobiose
YMR175W-A	288.037693382156	4.82943169703929	0.258944276569568	18.6504670464953	1.25179006986781e-77	2.40383432781917e-76	4.80243057699131	FALSE	up_in_cellobiose
YFR049W	2023.10617324839	1.38460890269493	0.0742860196550168	18.6388893781769	1.55434451727268e-77	2.97538923575394e-76	1.37854903432753	FALSE	up_in_cellobiose
YJR147W	1670.69178411082	-1.43578644501259	0.0772019685327086	-18.5977957855347	3.3479329072577e-77	6.38853191041068e-76	-1.42981887676562	FALSE	down_in_cellobiose
YLR023C	10678.5204415004	1.52413192024742	0.0823088277959772	18.5172351624951	1.49942142068105e-76	2.85220131248418e-75	1.51717921844095	FALSE	up_in_cellobiose
YDL054C	3041.53198720568	-1.24699084890647	0.0674490647908156	-18.4878893839945	2.58474876584963e-76	4.90129946226471e-75	-1.24049847036228	FALSE	down_in_cellobiose
YNR069C	1505.0176778674	-1.46688259022959	0.0793442202032975	-18.4875796431184	2.59963585207256e-76	4.91412414662091e-75	-1.45991573702699	FALSE	down_in_cellobiose
YMR095C	1696.35552560416	-1.99842299888121	0.108133307893053	-18.4811048308788	2.93117184141295e-76	5.5235696164196e-75	-1.98795911490686	FALSE	down_in_cellobiose
YBR201C-A	5819.39965967967	1.45592552709458	0.0789345991339395	18.4447066694303	5.75102519856997e-76	1.08037116230279e-74	1.44853652852338	FALSE	up_in_cellobiose
YPR037C	2615.01239693878	1.3475678354638	0.0731975032880995	18.4100245900448	1.09172997430206e-75	2.04454322431987e-74	1.34160983032632	FALSE	up_in_cellobiose
YER124C	12669.1669535481	-1.0926450228779	0.0594276696316748	-18.3861327501142	1.69658696339689e-75	3.16748596962586e-74	-1.08512751069484	FALSE	down_in_cellobiose
YDL130W	17597.9640238711	1.24944212535455	0.0682990404511943	18.2936995468829	9.28914245443148e-75	1.72892377559557e-73	1.24423479738241	FALSE	up_in_cellobiose
YOR192C	1961.7599484595	-1.41564532269548	0.0777275892783943	-18.2129065861687	4.077155577726e-74	7.56524972075601e-73	-1.40871299635001	FALSE	down_in_cellobiose
YLR367W	4843.75850214384	1.36737594915775	0.0751394856880416	18.1978348219565	5.36882775915286e-74	9.93151043275709e-73	1.36090792662102	FALSE	up_in_cellobiose
YFL028C	3956.81079031265	-1.2666942964435	0.069952421929988	-18.1079405329422	2.75877818309131e-73	5.08775891143882e-72	-1.26092851335308	FALSE	down_in_cellobiose
YMR110C	3190.52659121347	1.23374314615735	0.0681731444202232	18.0972017155684	3.35273943633329e-73	6.16435284206081e-72	1.22866775399461	FALSE	up_in_cellobiose
YFL020C	2092.09312098539	1.39067301990713	0.0770015723944266	18.0603197657271	6.54424132086544e-73	1.19957926514894e-71	1.38524679080779	FALSE	up_in_cellobiose
YCR083W	1787.47739430441	1.41251119263209	0.0784287708008273	18.0101151428118	1.62290623765301e-72	2.96584889171089e-71	1.40590317054247	FALSE	up_in_cellobiose
YIL125W	8931.32037657028	1.22228363457843	0.0679295271977232	17.9934070646586	2.19441575750968e-72	3.99819907143857e-71	1.21677058283134	FALSE	up_in_cellobiose
YLL026W	24732.1427181822	1.25975873344758	0.0700314215074081	17.9884786904449	2.3985255866158e-72	4.35696134337506e-71	1.25412715487034	FALSE	up_in_cellobiose
YIL024C	1123.16825184591	1.56048668693163	0.0870609078628727	17.9240801094047	7.65055067233821e-72	1.38557428194532e-70	1.55258859613558	FALSE	up_in_cellobiose
YHR071W	12538.4103764387	-1.22419110528646	0.0683526243423116	-17.909935676437	9.8649507193178e-72	1.78128617615383e-70	-1.21825593842627	FALSE	down_in_cellobiose
YDR247W	1924.9386451335	1.56141815685216	0.087250822886643	17.8957413259101	1.27291583113648e-71	2.29162734004302e-70	1.55379613221863	FALSE	up_in_cellobiose
YJR115W	417.207215499315	2.4908821936364	0.1391942810051	17.8950038439088	1.28987933003447e-71	2.31527598438532e-70	2.47720510278826	FALSE	up_in_cellobiose
YNCN0005C	770.388710881574	2.08732991344598	0.117048835836076	17.8329831179973	3.91939349621438e-71	7.0143228575742e-70	2.07619619311547	FALSE	up_in_cellobiose
YKR049C	2576.99061089408	1.29569527173629	0.0728751631083765	17.7796551866291	1.01602939837462e-70	1.81296809167199e-69	1.29089053199409	FALSE	up_in_cellobiose
YJR104C	17237.1527837205	0.984476889540054	0.0555088990147765	17.7354785811548	2.23187834892373e-70	3.97077415665871e-69	0.980527963667212	FALSE	up_in_cellobiose
YMR145C	1014.9019579239	1.68154455605764	0.0948979813829595	17.7194976284247	2.96548774613521e-70	5.26047958251375e-69	1.67358431046218	FALSE	up_in_cellobiose
YLR034C	4626.15074632913	-1.70207828810061	0.0965599962938444	-17.6271577612842	1.52440024819056e-69	2.69622722260372e-68	-1.69288218611748	FALSE	down_in_cellobiose
YPR192W	1303.65885746035	2.18047262905392	0.125001950702549	17.4435088156545	3.85652902675374e-68	6.80120818741498e-67	2.16771329846918	FALSE	up_in_cellobiose
YDR342C	25039.3084980625	4.37261009641565	0.250912262645636	17.4268489324139	5.16128177374047e-68	9.07575390969655e-67	4.3447967398704	FALSE	up_in_cellobiose
YOR374W	10604.3758580715	1.08455396584738	0.062278107746107	17.4146904120602	6.3833251439378e-68	1.11920967523709e-66	1.07933845958405	FALSE	up_in_cellobiose
YGL028C	10940.880860128	-1.19855645384741	0.0689714655264153	-17.3775697630837	1.22015714863218e-67	2.13315913065783e-66	-1.1948977883811	FALSE	down_in_cellobiose
YCR079W	2763.37365388772	1.18300843502322	0.0681515425847211	17.3584982842112	1.70115030366437e-67	2.96549227287197e-66	1.17757696569264	FALSE	up_in_cellobiose
YOR031W	2897.13751050274	1.28149748676487	0.0740584328969587	17.3038698853902	4.39826828906516e-67	7.64515082774573e-66	1.2751093553133	FALSE	up_in_cellobiose
YGL223C	2250.18398057145	-1.24470051671236	0.0719474334485027	-17.3001378513838	4.69264712188668e-67	8.13347347859384e-66	-1.23847319369379	FALSE	down_in_cellobiose
YDR046C	10287.3044381131	-1.00716674477057	0.0582251679335881	-17.2977902943852	4.88779830941388e-67	8.44751199246987e-66	-1.0031722251049	FALSE	down_in_cellobiose
YJR130C	4969.94778248466	-1.16841697384862	0.0675557302839885	-17.2956012604241	5.07705179994723e-67	8.74959724725949e-66	-1.16282552189904	FALSE	down_in_cellobiose
YKL065W-A	528.416009856314	3.08080971882521	0.178512781706145	17.258202406462	9.70865227305198e-67	1.66839879544578e-65	3.06139755766728	FALSE	up_in_cellobiose
YOL109W	12106.2639787529	1.06619005866938	0.061825676769067	17.2451012975052	1.21799071336138e-66	2.08714612609717e-65	1.06144332507621	FALSE	up_in_cellobiose
YGL248W	4302.21994556528	-1.1447478720282	0.066404858990607	-17.238917293539	1.35551774974104e-66	2.31625052773547e-65	-1.14261904427322	FALSE	down_in_cellobiose
YER095W	3393.4401549539	1.21297452081715	0.0705349716107829	17.1967818674463	2.80694266246874e-66	4.78287215923195e-65	1.20719597125047	FALSE	up_in_cellobiose
YOL083W	3006.38795410345	1.20005015290998	0.0699375713626935	17.1588765455776	5.3947105706208e-66	9.16646186564191e-65	1.19412554171141	FALSE	up_in_cellobiose
YBL042C	5028.36392564121	1.17589415213702	0.0686931265934105	17.1180758607343	1.08812946130669e-65	1.84372412085271e-64	1.17037053778613	FALSE	up_in_cellobiose
YDL218W	717.583261697308	2.10007110366457	0.122689636323654	17.1169396747139	1.10957242088554e-65	1.87480546758006e-64	2.08750242318603	FALSE	up_in_cellobiose
YER165W	19387.25495526	0.94824424854882	0.0554191718720597	17.1104009049058	1.24142088471881e-65	2.0917423207978e-64	0.943659250423083	FALSE	up_in_cellobiose
YDR216W	2952.8747289203	1.39424538863171	0.081560313246054	17.0946546566773	1.62656715297711e-65	2.7330846412107e-64	1.38733579948356	FALSE	up_in_cellobiose
YDR150W	5867.08562180039	1.21971412106398	0.0713570002272733	17.0931249517099	1.66980899751203e-65	2.79797081051253e-64	1.21387785618575	FALSE	up_in_cellobiose
YNL015W	8398.00154472563	1.05714188033685	0.0618819931480041	17.0831905463753	1.97990206089666e-65	3.3084054050729e-64	1.05248459712399	FALSE	up_in_cellobiose
YJL071W	2226.53488407105	-1.21784101179276	0.0713273089841915	-17.0739795056992	2.31844016560607e-65	3.86342825392593e-64	-1.21163945820327	FALSE	down_in_cellobiose
YPL265W	28354.2112100303	-0.939669038956073	0.0550762659086926	-17.0612336085727	2.88400029567372e-65	4.79266972212372e-64	-0.937406541932929	FALSE	down_in_cellobiose
YIL046W	7759.55312768422	-1.04094424704561	0.061152429920153	-17.0221240334157	5.62910544846014e-65	9.32889283773573e-64	-1.03544214755036	FALSE	down_in_cellobiose
YJR150C	39504.5681179922	-1.41816366110865	0.0834270660984516	-16.998843749762	8.37556647322988e-65	1.38425687422316e-63	-1.40697217858477	FALSE	down_in_cellobiose
YDR261C	2605.60876706782	-1.19752829070037	0.0705610854849575	-16.9715117400747	1.33451891726724e-64	2.19959262412794e-63	-1.19331884929223	FALSE	down_in_cellobiose
YDR033W	19648.4206008611	-1.01751761563351	0.06004061095101	-16.9471562583491	2.01990384472722e-64	3.32021694477037e-63	-1.01237390401852	FALSE	down_in_cellobiose
YLR390W-A	24723.6320137394	0.925606757147603	0.054656715350756	16.9349136918964	2.48722930559546e-64	4.07730354188264e-63	0.921841210579522	FALSE	up_in_cellobiose
YJR139C	18479.0098822358	-1.13171875796065	0.0668315340367816	-16.9339036470088	2.53028795076386e-64	4.13667886869475e-63	-1.12671019695652	FALSE	down_in_cellobiose
YGL202W	12543.0819828394	-1.03937860287765	0.0614272670224034	-16.9204760892028	3.17850748514195e-64	5.18242365973683e-63	-1.03373208252529	FALSE	down_in_cellobiose
YDL246C	1032.00237426298	1.70015837569382	0.100549634738287	16.9086479540084	3.88519801148231e-64	6.31762440092917e-63	1.69039051075271	FALSE	up_in_cellobiose
YDR155C	75633.0774035615	1.04133204168912	0.0616713234054209	16.885190461108	5.7829389640725e-64	9.37828359079747e-63	1.03762136361849	FALSE	up_in_cellobiose
YNL311C	2183.63192131118	-1.205882787365	0.0714295455893208	-16.8821287804089	6.09083077618717e-64	9.85118592651235e-63	-1.19974048802142	FALSE	down_in_cellobiose
YDR126W	1721.30509852622	-1.28922111700564	0.0765346354259841	-16.8449370645063	1.14290507192606e-63	1.84358207468819e-62	-1.28248785423646	FALSE	down_in_cellobiose
YCL055W	1420.65450370433	-1.36223918920377	0.0809228533877966	-16.8338007395227	1.37955192834676e-63	2.2193908549387e-62	-1.35482352628871	FALSE	down_in_cellobiose
YCL027W	1230.67429328262	-1.41549199972976	0.0841155191646004	-16.8279529602602	1.52276390495982e-63	2.44328882257346e-62	-1.40742889913205	FALSE	down_in_cellobiose
YJR159W	834.000642023546	1.65112842231307	0.0982556648446409	16.8044094447255	2.26557680316558e-63	3.62552224400756e-62	1.641644856263	FALSE	up_in_cellobiose
YJL212C	2101.65799216472	-1.34954946215768	0.0805537858415791	-16.7533958591563	5.34841625745004e-63	8.5362981375502e-62	-1.34275028488197	FALSE	down_in_cellobiose
YOR202W	320071.740931735	-1.32797194527571	0.0792717338164245	-16.7521496167978	5.46165782568301e-63	8.69409689146224e-62	-1.32070052253998	FALSE	down_in_cellobiose
YIL009C-A	1339.72581386805	-1.40644286869748	0.0840546778287768	-16.732475871985	7.60117785326694e-63	1.20681167544388e-61	-1.398644883221	FALSE	down_in_cellobiose
YER037W	3506.65676773802	-1.1300711143208	0.0675619537534823	-16.7264421991726	8.41151354313984e-63	1.33196977545688e-61	-1.12423537723064	FALSE	down_in_cellobiose
YER024W	10516.3440123871	-1.17731612462914	0.0703918537534157	-16.7251757391317	8.59223753089158e-63	1.35703511290765e-61	-1.17173615252518	FALSE	down_in_cellobiose
YNL018C	402.562877192862	-2.39977350520918	0.143570389466817	-16.7149613100675	1.01986132063705e-62	1.60654716888893e-61	-2.38419536533602	FALSE	down_in_cellobiose
YCL048W-A	1419.83003090707	1.39667013949918	0.0836473997361287	16.6971136449557	1.37560169848096e-62	2.16130251275619e-61	1.38856629766814	FALSE	up_in_cellobiose
YDR461C-A	1613.69974346825	1.47585900201317	0.0884633360761869	16.6832844823094	1.73416398928237e-62	2.7176056920127e-61	1.4678120918257	FALSE	up_in_cellobiose
YFR014C	5544.23698196641	1.02605577487285	0.0616062739754527	16.655053270738	2.78096481186712e-62	4.34678453410445e-61	1.016814519527	FALSE	up_in_cellobiose
YKL175W	18210.0154854787	-1.45168774790098	0.0873730621656324	-16.6148205398711	5.44375052757023e-62	8.48691931476091e-61	-1.44205802489557	FALSE	down_in_cellobiose
YFL036W	3847.44218376489	1.05317660417087	0.0635891363571535	16.5622095927773	1.30704588651747e-61	2.03247315361033e-60	1.04699474442381	FALSE	up_in_cellobiose
YOL104C	404.767020317629	-2.5970635650296	0.15692366827403	-16.5498525085103	1.60495359523026e-61	2.48932417885842e-60	-2.57903832710024	FALSE	down_in_cellobiose
YEL017C-A	980.256027672238	-1.58194819428412	0.0957952224504997	-16.5138527143309	2.9165461362196e-61	4.51206843426914e-60	-1.57266190025082	FALSE	down_in_cellobiose
YDR502C	17309.4982869531	-2.88907231520762	0.175125608570977	-16.4971436147027	3.84662882863674e-61	5.93578004704685e-60	-2.86846080611485	FALSE	down_in_cellobiose
YJL102W	813.716106954169	1.64526085159092	0.0997353046862292	16.4962733784889	3.90245382155055e-61	6.00660131464613e-60	1.63540142464217	FALSE	up_in_cellobiose
YDR399W	11233.5242064596	1.19768623926677	0.0727294521645384	16.4676922982618	6.26137592178368e-61	9.61296013981459e-60	1.19156594049357	FALSE	up_in_cellobiose
YJL133C-A	11825.9625109694	1.40609625248728	0.0855711281935761	16.4319003637121	1.13059600780096e-60	1.73138613954127e-59	1.39799633950859	FALSE	up_in_cellobiose
YEL029C	2570.72862546148	-1.19054827409271	0.0725486521742797	-16.4103431064814	1.61291402238376e-60	2.46376689934327e-59	-1.18422710724262	FALSE	down_in_cellobiose
YNL135C	12459.7980185742	1.03585874094123	0.0631718141672033	16.3974828742375	1.99327472673674e-60	3.03710801562482e-59	1.03114104931924	FALSE	up_in_cellobiose
YLR304C	27971.7297107577	0.921594639370478	0.0562429660193867	16.3859537395807	2.40959676431849e-60	3.66222382597048e-59	0.916487764412738	FALSE	up_in_cellobiose
YDR382W	22910.4959195759	1.32541913143809	0.0811362876251184	16.3357132823484	5.49854451602395e-60	8.33601397930548e-59	1.31789237528014	FALSE	up_in_cellobiose
YDR309C	2946.00330520771	-1.17777236763253	0.0724348208052321	-16.2597540042159	1.90501274179711e-59	2.88085551878268e-58	-1.17133578751457	FALSE	down_in_cellobiose
YBR248C	8584.89734389964	-1.07877393295679	0.0665824096194303	-16.2020860933513	4.87450442225854e-59	7.3530865960703e-58	-1.07305191982947	FALSE	down_in_cellobiose
YMR120C	21865.177729632	-1.11257720711311	0.068839240684736	-16.161962218735	9.35363370412643e-59	1.40746592727017e-57	-1.10642135235311	FALSE	down_in_cellobiose
YER073W	12990.6902531962	-1.08207756426254	0.0669785980555714	-16.1555720136864	1.03751676538816e-58	1.55730494139776e-57	-1.07431260626911	FALSE	down_in_cellobiose
YFR025C	2908.85729250115	-1.11478034422999	0.0690101700532717	-16.1538559225322	1.06679467711213e-58	1.59728737669586e-57	-1.10917245599787	FALSE	down_in_cellobiose
YIR038C	8453.04197479973	1.10627730974577	0.0685616969419678	16.1355007108729	1.43637972887359e-58	2.14534839011268e-57	1.10021910881144	FALSE	up_in_cellobiose
YLR302C	174.273109308411	-4.47588191590865	0.277672840389634	-16.1192643458685	1.86819944055841e-58	2.78343310737385e-57	-4.44171652820474	FALSE	down_in_cellobiose
YJL217W	3602.75674845719	-1.10921117232387	0.0689698141224838	-16.0825599783989	3.38113444042132e-58	5.02517990911759e-57	-1.10350163792055	FALSE	down_in_cellobiose
YIR016W	4683.90963234157	1.14339708413282	0.0713664528216858	16.0214924369253	9.04529240347896e-58	1.34105327815304e-56	1.13733316556752	FALSE	up_in_cellobiose
YGL256W	63337.3110742508	0.99839550975123	0.0623409334439884	16.0150875932626	1.00265430073219e-57	1.48289874453032e-56	1.00094525073697	FALSE	up_in_cellobiose
YEL047C	10022.4188825992	-0.994864894847109	0.0623837499144362	-15.9475006906709	2.9652863346063e-57	4.37488220439842e-56	-0.989835517753733	FALSE	down_in_cellobiose
YER028C	814.790137245844	-1.62968916892979	0.102427892409941	-15.9105994528071	5.34987906334551e-57	7.8738244414056e-56	-1.61845696772337	FALSE	down_in_cellobiose
YNL208W	21494.246227802	0.953046334947169	0.0600569812965403	15.8690349460184	1.03825015471857e-56	1.52436290919724e-55	0.948731097649479	FALSE	up_in_cellobiose
YJL103C	1617.93652405677	1.30952791524785	0.0825906087740491	15.855651564822	1.28488045435127e-56	1.88189875747478e-55	1.30087470884893	FALSE	up_in_cellobiose
YEL033W	802.174827031346	1.63587295126515	0.103189682253246	15.8530670464749	1.33883965423103e-56	1.95619349479311e-55	1.62527475322217	FALSE	up_in_cellobiose
YNL220W	13282.6051053889	-0.89731777199292	0.0566211530784411	-15.8477481154403	1.45709318926536e-56	2.12384498840148e-55	-0.893322558517787	FALSE	down_in_cellobiose
YMR301C	2572.21085914463	-1.29392831239203	0.0817204460798013	-15.8335933595919	1.82494691307863e-56	2.65363073971457e-55	-1.28607319353894	FALSE	down_in_cellobiose
YDR035W	15503.0155980674	-0.927108737308694	0.0585747664560818	-15.8277837608422	2.00147609881137e-56	2.90334026899519e-55	-0.922675349334471	FALSE	down_in_cellobiose
YAL067C	1931.55458470711	-1.55828382496295	0.0984662241630535	-15.8255669719044	2.07323113808474e-56	3.00023329049632e-55	-1.54802582652272	FALSE	down_in_cellobiose
YBR269C	2358.26910756776	1.16990859323138	0.0742731368618751	15.751436423199	6.71387926532648e-56	9.69266245249639e-55	1.16339644441034	FALSE	up_in_cellobiose
YOR356W	1766.62234497079	1.37447118553759	0.0872844554036875	15.7470328385588	7.19803015820628e-56	1.03668772445214e-54	1.36589551683899	FALSE	up_in_cellobiose
YBL100W-B	3326.91547624431	-1.11620458920048	0.0712232032778082	-15.6719234439189	2.35347950896459e-55	3.38151960801111e-54	-1.11018518188217	FALSE	down_in_cellobiose
YKL067W	6109.32361186992	1.04568095055389	0.0667651217976198	15.6620840702363	2.74744501736274e-55	3.93822154266048e-54	1.04085484045553	FALSE	up_in_cellobiose
YBR299W	561.559550511699	1.79344759242522	0.11459834333131	15.6498561871899	3.32971114391132e-55	4.76156565236869e-54	1.7809721267688	FALSE	up_in_cellobiose
YBR203W	2232.10635839708	1.17716217525671	0.0753627962208828	15.619937612274	5.32577170842245e-55	7.59801723213382e-54	1.17044668502417	FALSE	up_in_cellobiose
YMR015C	7376.11247605362	1.52575856876329	0.0976830487158846	15.6194814639849	5.36400820677866e-55	7.63456132771861e-54	1.51554722983278	FALSE	up_in_cellobiose
YJL089W	1105.4590403653	-1.68994949764971	0.108732659647607	-15.5422437299583	1.7958422426865e-54	2.55001167277245e-53	-1.67755015133123	FALSE	down_in_cellobiose
YLL052C	347.552496134745	-2.19194423537615	0.141413614811487	-15.5002348133039	3.45626699508987e-54	4.89624333800904e-53	-2.17482044344356	FALSE	down_in_cellobiose
YJL062W-A	2019.39718494268	1.16308752938975	0.0750428928780555	15.4989697862497	3.52498954646598e-54	4.98193031929269e-53	1.15636663792769	FALSE	up_in_cellobiose
YBR255C-A	1630.7651382688	1.19969996680166	0.0774245498203069	15.4950848223983	3.74466255324868e-54	5.28006148825204e-53	1.19269270578859	FALSE	up_in_cellobiose
YKL050C	1247.91294137914	1.30614036270525	0.0843705656026607	15.4809956929347	4.66201033882376e-54	6.55825593942905e-53	1.29802097878449	FALSE	up_in_cellobiose
YNCL0017C	10347.9295428759	1.51033573130213	0.0976956720440832	15.4595971315968	6.50038056467896e-54	9.12315592476636e-53	1.50030877551939	FALSE	up_in_cellobiose
YDL022W	26645.1506234611	0.932012818816436	0.0607017634381167	15.3539661128064	3.33178849580649e-53	4.66527514146607e-52	0.927451128208082	FALSE	up_in_cellobiose
YMR191W	3588.90128342058	0.99598527396811	0.0650403208289136	15.313351183922	6.22710401685247e-53	8.69924993024032e-52	0.991073891103108	FALSE	up_in_cellobiose
YGL255W	269748.730160314	-0.891002341283078	0.0582218284362028	-15.3035788331417	7.23654655336873e-53	1.00861451846377e-51	-0.893094794443696	FALSE	down_in_cellobiose
YKL093W	1591.04395107306	1.19216819158396	0.0780361936679497	15.2771186746593	1.0863897825419e-52	1.51070615967723e-51	1.18487800530264	FALSE	up_in_cellobiose
YNR034W-A	15434.6101180547	3.84882909122288	0.252392422638359	15.2493844743417	1.66192394205943e-52	2.30572888199942e-51	3.81724689241247	FALSE	up_in_cellobiose
YLR286C	27634.4821676379	-0.887203286698873	0.05832470623428	-15.2114488692859	2.96898682395876e-52	4.1097028142166e-51	-0.882913984716125	FALSE	down_in_cellobiose
YHR043C	4002.70647986676	1.21671369061781	0.0800930130415056	15.1912588178857	4.04084485997659e-52	5.58060971643799e-51	1.21112662569078	FALSE	up_in_cellobiose
YGL258W	43551.8246277205	-5.04231860578291	0.333608857188193	-15.114462632323	1.30027463457998e-51	1.79165404660007e-50	-4.99552912474439	FALSE	down_in_cellobiose
YER046W	3383.89811539274	0.982673167942187	0.0650772714573447	15.1000978672913	1.61693232192491e-51	2.22291445802813e-50	0.977226426155617	FALSE	up_in_cellobiose
YER086W	9999.29122903854	-0.952755426901144	0.0633719526461466	-15.0343391219314	4.37391656347628e-51	5.99950596201089e-50	-0.947795082328226	FALSE	down_in_cellobiose
YKR016W	2892.55354455362	1.01598814037872	0.0675859878399757	15.0325263098069	4.49529447177574e-51	6.15204440266322e-50	1.00994040242361	FALSE	up_in_cellobiose
YNR016C	21850.1651086433	0.883342183429753	0.0589132148139196	14.993956554906	8.04165544847613e-51	1.0980580994996e-49	0.879551803856331	FALSE	up_in_cellobiose
YDR365W-B	33942.8602865157	-1.12786391360449	0.0752648456776954	-14.9852684005267	9.16545563253357e-51	1.24869011534224e-49	-1.12007133590507	FALSE	down_in_cellobiose
YNR072W	703.522557550165	1.59756312356055	0.106801278530074	14.958277143758	1.37540816832738e-50	1.86962786746344e-49	1.5867179168396	FALSE	up_in_cellobiose
YNR001C	19596.7033174052	0.963385743546388	0.0644426558682962	14.9495040290595	1.56913463310294e-50	2.12818282413446e-49	0.958156635209351	FALSE	up_in_cellobiose
YER182W	1963.06525362078	1.14781415655188	0.0769659738499373	14.9132675016859	2.70199778542164e-50	3.65646188009295e-49	1.1406019567365	FALSE	up_in_cellobiose
YBR294W	4832.82572930808	-1.38348589100513	0.0929405691077738	-14.8857049648668	4.08161463505148e-50	5.51109083201482e-49	-1.37435865119483	FALSE	down_in_cellobiose
YKL171W	2591.18880039382	1.13391185602504	0.0762200075444668	14.8768268667977	4.66086623203409e-50	6.27919372774481e-49	1.12731320506395	FALSE	up_in_cellobiose
YLR301W	4689.66703945841	-0.95834682456093	0.0644750455994158	-14.8638409736869	5.65857126704203e-50	7.60637724318606e-49	-0.952744819381985	FALSE	down_in_cellobiose
YJR070C	12216.5999092048	1.15963273534738	0.0780593937132086	14.8557743044724	6.38261973160846e-50	8.56063564445667e-49	1.15250765870711	FALSE	up_in_cellobiose
YKL127W	2295.34098133155	-1.05653874902364	0.0711645069956923	-14.8464282776187	7.33752178963367e-50	9.81961710298541e-49	-1.048842284991	FALSE	down_in_cellobiose
YGR108W	5032.156332709	-0.963272499081474	0.0649013317739607	-14.8421068220352	7.82589833373208e-50	1.04500792540277e-48	-0.957810878798891	FALSE	down_in_cellobiose
YHR122W	2241.79107635794	-1.06752967504876	0.0719795644610646	-14.8310104825128	9.23325170909843e-50	1.2302189336638e-48	-1.06122847988899	FALSE	down_in_cellobiose
YBR230W-A	1319.85380152911	1.21365464688353	0.0819878760584873	14.8028550711297	1.40394526381476e-49	1.86647580237702e-48	1.2059634684342	FALSE	up_in_cellobiose
YFL002W-A	31295.0661941683	-1.04773142279426	0.070788350243794	-14.8009018318111	1.44531705228062e-49	1.91726378272927e-48	-1.04005269400612	FALSE	down_in_cellobiose
YER004W	5261.78327412529	0.923931580387984	0.0624784136322864	14.7880127979199	1.75045962234456e-49	2.3169650449808e-48	0.919822602779205	FALSE	up_in_cellobiose
YLL053C	386.988950684185	-2.00906831232875	0.136222297172674	-14.7484542107088	3.14792484951342e-49	4.15759768880059e-48	-1.99231885879383	FALSE	down_in_cellobiose
YNL007C	9057.18217517554	0.89549384785617	0.0610108809926953	14.6776088672344	8.96981353989854e-49	1.18210026367857e-47	0.891097898068115	FALSE	up_in_cellobiose
YLR089C	10376.6422452251	-0.844250636864782	0.0575384265933611	-14.6728140974608	9.62681957353959e-49	1.26592677392046e-47	-0.837818679688025	FALSE	down_in_cellobiose
YPL130W	523.501292655542	1.72938367187149	0.117888614882082	14.6696411150585	1.00877192075711e-48	1.3236575593622e-47	1.71604121968745	FALSE	up_in_cellobiose
YPR169W	5093.27968362744	-0.932511079138683	0.063689155262007	-14.6415991121641	1.5244025966993e-48	1.99591153840564e-47	-0.926983113372386	FALSE	down_in_cellobiose
YHR161C	7334.53557321279	-0.967840720396892	0.0661852629849608	-14.6232057824838	1.99768047745475e-48	2.60992855467036e-47	-0.961767707489953	FALSE	down_in_cellobiose
YOR285W	9983.00399943685	0.858874807813376	0.0588301148991594	14.5992373002428	2.84004798135036e-48	3.702467723963e-47	0.855356847602274	FALSE	up_in_cellobiose
YLR438W	5000.60772029903	0.902241374944856	0.0618071721902414	14.5976808673235	2.90562382057209e-48	3.77981042809475e-47	0.894579944910492	FALSE	up_in_cellobiose
YOR290C	5695.7326354063	0.973492256466039	0.0669224153882635	14.5465798091437	6.13968771896323e-48	7.96973626867137e-47	0.968062351006189	FALSE	up_in_cellobiose
YOR384W	2934.41965333595	-1.05655511138394	0.0727297872750176	-14.5271305055344	8.15663044488633e-48	1.0565194338569e-46	-1.04905610656699	FALSE	down_in_cellobiose
YOL123W	4309.59563899365	0.969874575466042	0.0669689980409423	14.4824411867876	1.56440794793781e-47	2.02203070022987e-46	0.964169737577468	FALSE	up_in_cellobiose
YNL054W-B	10509.2155174194	-1.24713547608672	0.0861610244908603	-14.4744736202505	1.75665370042702e-47	2.26567126522027e-46	-1.2474529071764	FALSE	down_in_cellobiose
YDR171W	8573.76919575561	1.0459020775453	0.0724201134955939	14.4421491083266	2.80943490176548e-47	3.61580249378285e-46	1.03973074542892	FALSE	up_in_cellobiose
YBR214W	5980.94315247372	0.917345505038638	0.0637508790279155	14.3895349997754	6.01992907090372e-47	7.73132716558314e-46	0.912376129820738	FALSE	up_in_cellobiose
YIR037W	6915.05118080823	0.848720546843063	0.0590207297329238	14.3800415664739	6.9053069455914e-47	8.84961900717847e-46	0.844262491424632	FALSE	up_in_cellobiose
YMR019W	2939.78757762382	-0.959696151041524	0.0668268817611624	-14.3609296999889	9.09981789099661e-47	1.16373781020377e-45	-0.953720913220073	FALSE	down_in_cellobiose
YGR180C	40251.175063274	0.927603385653755	0.0646774066091203	14.3420003102436	1.19559056738213e-46	1.52576526204525e-45	0.920867258832671	FALSE	up_in_cellobiose
YGL089C	464.832410406462	-1.82546613789391	0.127604230889617	-14.3056866153052	2.01637834935451e-46	2.56780476531483e-45	-1.80994692492437	FALSE	down_in_cellobiose
YHR063C	2457.85171776722	-1.01802566732794	0.071204378066044	-14.2972341726473	2.27679933553093e-46	2.8933527690392e-45	-1.01217705365714	FALSE	down_in_cellobiose
YNL066W	7511.62771397262	-1.01376127791456	0.0709348181901282	-14.291448174257	2.47410471327441e-46	3.13749673178132e-45	-1.00737971436768	FALSE	down_in_cellobiose
YHR163W	4480.03866916569	-0.990915582329107	0.0693823229534479	-14.281960305566	2.83512697289385e-46	3.58779980314537e-45	-0.985155101707363	FALSE	down_in_cellobiose
YDR513W	3559.65260134025	0.931184361441113	0.0653366034765707	14.252108494973	4.34947794144588e-46	5.49269145465681e-45	0.92668571697403	FALSE	up_in_cellobiose
YPL231W	23729.5162581578	0.832664150950046	0.0585064639990334	14.2320026546776	5.79967832064081e-46	7.30880295032422e-45	0.828782123415715	FALSE	up_in_cellobiose
YFL052W	691.481318918148	1.48279183044008	0.104649841512473	14.1690786054687	1.4235604489617e-45	1.79025304693749e-44	1.47132689120502	FALSE	up_in_cellobiose
YML010W	6272.04424017182	0.898742468020388	0.0635631948399604	14.1393532890102	2.17271879397866e-45	2.72671700928981e-44	0.893949011756544	FALSE	up_in_cellobiose
YML048W	7410.33667014483	0.826509491047429	0.0585366786426026	14.1195146395939	2.87967808014489e-45	3.60645397656241e-44	0.822355944734071	FALSE	up_in_cellobiose
YPL058C	2098.47322504547	-1.0669130739739	0.0756265462702309	-14.1076530212232	3.40730160951443e-45	4.25842302395719e-44	-1.0594694979289	FALSE	down_in_cellobiose
YLR069C	2076.39499629582	1.04557933276967	0.0741757789704709	14.0959670027316	4.02101850825377e-45	5.01508060957259e-44	1.0397926110072	FALSE	up_in_cellobiose
YLR094C	3432.68483357829	0.966669226024367	0.0686888294507036	14.0731649346001	5.55276209507799e-45	6.91124648418246e-44	0.960643967966481	FALSE	up_in_cellobiose
YPR168W	1039.82149802834	-1.24413975172049	0.0884984550699628	-14.0583217044516	6.84912845703417e-45	8.50726448390137e-44	-1.23414380656878	FALSE	down_in_cellobiose
YER160C	9095.87069948551	-1.22216259159198	0.0872419969282123	-14.0088791479366	1.37558852388546e-44	1.70510962725065e-43	-1.21533907803447	FALSE	down_in_cellobiose
YFL018C	15043.53859197	0.787571448640215	0.0563006867050176	13.9886650542404	1.82811204296993e-44	2.26140076644685e-43	0.783485542595399	FALSE	up_in_cellobiose
YNL279W	1905.24395584815	-1.06332111599794	0.0764298525214992	-13.9123795338847	5.32770261630368e-44	6.57699451551449e-43	-1.05606944171375	FALSE	down_in_cellobiose
YNL112W	5308.16116578322	1.01790820693678	0.0732241337407376	13.9012666307649	6.2230263098982e-44	7.66661632353854e-43	1.01195122708578	FALSE	up_in_cellobiose
YIL047C	8182.53148982083	-0.806941655036888	0.0581002579295647	-13.8887792204838	7.40872829941662e-44	9.1088206266608e-43	-0.801630262739946	FALSE	down_in_cellobiose
YLR110C	165667.7643625	0.790513070395141	0.0570504685026841	13.8563817465925	1.16395300510598e-43	1.42814436671117e-42	0.785528334383727	FALSE	up_in_cellobiose
YOR230W	38514.3863485029	0.755573007584752	0.0545524157551657	13.8504041869714	1.26498284468393e-43	1.54896381123342e-42	0.751664293838065	FALSE	up_in_cellobiose
YKR034W	1314.81872017772	1.21573603163373	0.0878088489958576	13.8452564352721	1.35894914009883e-43	1.66066330271875e-42	1.20688489543573	FALSE	up_in_cellobiose
YCR100C	617.438510094004	-1.55522860418942	0.112908808067788	-13.7742008865747	3.6439282737882e-43	4.44397623551306e-42	-1.54208851587113	FALSE	down_in_cellobiose
YER042W	1901.99072482034	-1.09488296390179	0.0797145632549401	-13.7350431238038	6.26187758391106e-43	7.62134758653481e-42	-1.08693360120128	FALSE	down_in_cellobiose
YFL016C	6309.16171142067	0.81674332795902	0.0595783736740761	13.7087214301454	9.00303397743929e-43	1.0935612957737e-41	0.812422570651538	FALSE	up_in_cellobiose
YOR143C	1689.78665641462	-1.08558001103402	0.0792634243858457	-13.6958505066541	1.0749425171763e-42	1.30307160048085e-41	-1.07756116999578	FALSE	down_in_cellobiose
YBR135W	1975.18411064608	1.03413320165654	0.0756837484724302	13.6638739825796	1.6686497774003e-42	2.01873250069888e-41	1.02689444682018	FALSE	up_in_cellobiose
YGR260W	68766.282143857	-0.777929065689602	0.0569983114924092	-13.6482826476922	2.0669230636335e-42	2.49557237762855e-41	-0.769362500490062	FALSE	down_in_cellobiose
YEL040W	4090.06058581006	-1.09037043176693	0.0800472100628898	-13.6215919444322	2.98000248350926e-42	3.59084363002938e-41	-1.08240665318671	FALSE	down_in_cellobiose
YDR232W	7808.12982390205	0.969843874802222	0.0712033683272841	13.6207583655926	3.01421373570453e-42	3.62484669727171e-41	0.963391259907545	FALSE	up_in_cellobiose
YKL043W	5800.02851124816	0.898007295245507	0.0659562473139568	13.6151969194203	3.25267833996924e-42	3.90385938064959e-41	0.892595828736473	FALSE	up_in_cellobiose
YNL077W	3494.58344884029	0.876845143311669	0.0644201289474525	13.6113534331313	3.42835503279046e-42	4.10655833531673e-41	0.872274295244576	FALSE	up_in_cellobiose
YPL258C	2953.45987924029	-1.32573034883653	0.0974623444623142	-13.6024877725895	3.87040674219732e-42	4.62689533271771e-41	-1.31385520536328	FALSE	down_in_cellobiose
YOR302W	737.635167153626	-1.50803096235443	0.111037394424015	-13.5812891699868	5.17082293652115e-42	6.16929150749831e-41	-1.49488677790149	FALSE	down_in_cellobiose
YKL106W	2692.71056397352	-0.946458663107175	0.0697283688564633	-13.5735092994284	5.75016877692331e-42	6.84700215189155e-41	-0.940164460637406	FALSE	down_in_cellobiose
YDR059C	1710.37582824653	1.05183562252124	0.0779543327194065	13.4929719212309	1.72023970735415e-41	2.04434773866115e-40	1.04428456351545	FALSE	up_in_cellobiose
YOL051W	7260.58292108869	0.809517911379512	0.0600407232149559	13.482814130691	1.97430390247471e-41	2.34167927569991e-40	0.804915606116102	FALSE	up_in_cellobiose
YLL051C	3200.90235921219	-0.910402396833191	0.0675772439401262	-13.4720261400393	2.28508228163126e-41	2.70498292007583e-40	-0.903286496323493	FALSE	down_in_cellobiose
YJR008W	3611.37694103408	0.874506174150379	0.0650177118201364	13.4502760812253	3.0672496058896e-41	3.62378766914574e-40	0.870222020583563	FALSE	up_in_cellobiose
YGR030C	1231.439625514	1.21668894816895	0.0906197353312064	13.4263131946046	4.24000968501018e-41	4.99957477283169e-40	1.20673500727315	FALSE	up_in_cellobiose
YLR354C	39703.5409294119	-0.860621203373471	0.0641799933763908	-13.4094934900703	5.3200925347653e-41	6.26094158420142e-40	-0.852827511336525	FALSE	down_in_cellobiose
YDR264C	8213.98792177679	-0.97446203826919	0.0727021194796754	-13.4034887186695	5.76864178823514e-41	6.77563382078337e-40	-0.968088796010122	FALSE	down_in_cellobiose
YGR161C-D	6239.07728215906	-1.15484315006109	0.08641230199238	-13.3643372926568	9.77012653744316e-41	1.14533905862391e-39	-1.14542393003281	FALSE	down_in_cellobiose
YHR123W	2084.4176266858	-0.957379599015919	0.0717256185672264	-13.3478054025926	1.21990099628169e-40	1.42730776141353e-39	-0.95066082259948	FALSE	down_in_cellobiose
YOR186W	670.434731605563	1.46108891496212	0.109465680779616	13.3474610906014	1.22555152725239e-40	1.43115080856172e-39	1.44833691754833	FALSE	up_in_cellobiose
YOR049C	1849.36846614103	-0.987052238803043	0.0741368841147506	-13.3139158812672	1.92141240008241e-40	2.23511992463433e-39	-0.979346580337747	FALSE	down_in_cellobiose
YMR220W	2620.23688307703	-0.907890605546263	0.0681905055046352	-13.3140324863049	1.91841514954061e-40	2.23511992463433e-39	-0.901856145459042	FALSE	down_in_cellobiose
YHR089C	5372.56682944762	0.920026027670017	0.0691968060370072	13.2957874844393	2.448813779038e-40	2.84316210161245e-39	0.914039559531615	FALSE	up_in_cellobiose
YER035W	5987.42641091577	0.940420176525609	0.0707915564957176	13.2843551276133	2.85305775330476e-40	3.30615830454798e-39	0.934129348818967	FALSE	up_in_cellobiose
YDR074W	9356.72711749518	0.758521537579941	0.0571107998423069	13.2815779095084	2.9608837434646e-40	3.4245479472691e-39	0.754260743080056	FALSE	up_in_cellobiose
YKR043C	4606.42093401186	-0.847091025526681	0.0638490742639203	-13.2670839051672	3.59292208361147e-40	4.14763085568049e-39	-0.841705757672877	FALSE	down_in_cellobiose
YOR387C	42564.0631718244	-5.38251804987271	0.405951939986813	-13.2590031471399	4.00179815324573e-40	4.61083371980637e-39	-5.31886930900241	FALSE	down_in_cellobiose
YKR039W	2417.61147718974	-0.958231970856181	0.0723866741648623	-13.2376847245915	5.31625387840672e-40	6.11369196016773e-39	-0.951303645117512	FALSE	down_in_cellobiose
YPR198W	2495.39828828363	-0.912215102804007	0.0689698575509367	-13.226286601075	6.18693951832683e-40	7.10147953441347e-39	-0.905699152257208	FALSE	down_in_cellobiose
YHR174W	176455.87923022	-0.727580199003176	0.0550801052019856	-13.2094918180539	7.73448256708295e-40	8.86096307732666e-39	-0.723571708862788	FALSE	down_in_cellobiose
YOR289W	3733.22623890674	0.879565318457895	0.0666978716306658	13.1873071352024	1.03828248946922e-39	1.18725345534959e-38	0.875413467799494	FALSE	up_in_cellobiose
YNL055C	41861.8631196475	0.945654377798365	0.0720057796665091	13.1330343505495	2.12949471175889e-39	2.43043651159048e-38	0.937254976683478	FALSE	up_in_cellobiose
YKR080W	6490.80105223105	-0.86657599038606	0.0663139646674054	-13.0677753129726	5.0315574586012e-39	5.73180622732178e-38	-0.859934979669995	FALSE	down_in_cellobiose
YNR002C	1284.92684873449	1.09759182744212	0.0840838277935226	13.0535425924874	6.06597689651516e-39	6.89719816673313e-38	1.08911858106852	FALSE	up_in_cellobiose
YPR137C-B	24593.9453190486	-2.53012089016197	0.193865910339662	-13.0508808161738	6.28169139566343e-39	7.11572120830864e-38	-2.50063190379097	FALSE	down_in_cellobiose
YBR106W	14377.3046521793	0.791695925868109	0.0606620119097183	13.0509341999136	6.27729104240211e-39	7.11572120830864e-38	0.786895121652588	FALSE	up_in_cellobiose
YDR261W-B	1837.69390296102	-1.02568469312469	0.0787328860871496	-13.0273986398689	8.54722753119314e-39	9.66395875442754e-38	-1.01784167430895	FALSE	down_in_cellobiose
YGR038C-B	9577.03964431176	-0.918174142809598	0.070499033304329	-13.0239252905219	8.94516568460956e-39	1.00950200048887e-37	-0.912522831511704	FALSE	down_in_cellobiose
YDR218C	1145.06270044927	1.15958106675285	0.0892829901428639	12.9877042076814	1.43672445274421e-38	1.61838849434818e-37	1.15018575676478	FALSE	up_in_cellobiose
YDR231C	3508.14105139269	0.845518878559047	0.0651226044161415	12.9834929996976	1.51796626401978e-38	1.70672452250105e-37	0.840400174260214	FALSE	up_in_cellobiose
YHR097C	3724.49559991403	0.976068527036035	0.0752392790430497	12.9728585846438	1.7440268437013e-38	1.95725758396088e-37	0.968850433453287	FALSE	up_in_cellobiose
YAR010C	5032.65854841187	15.7626977423561	1.21508414685582	12.9725153464837	1.75185563962265e-38	1.96240273408841e-37	17.3938199069894	FALSE	up_in_cellobiose
YPL201C	209.333787596096	2.47397835197436	0.190835105899509	12.9639582838449	1.95873299021371e-38	2.19008795892841e-37	2.44723791496614	FALSE	up_in_cellobiose
YCR005C	112519.325249458	-0.816928555535381	0.0630177141731894	-12.963474893587	1.97111864520187e-38	2.19987023705279e-37	-0.81168400952329	FALSE	down_in_cellobiose
YBR296C	848.811087906214	1.22407537104264	0.0945036672709092	12.9526758737695	2.26904598673307e-38	2.52770887177686e-37	1.21311879821974	FALSE	up_in_cellobiose
YMR094W	919.73585058609	-1.20000970759996	0.0926553960495184	-12.9513202550948	2.30947654758278e-38	2.56801905079563e-37	-1.18906320684858	FALSE	down_in_cellobiose
YER090W	6803.0421321099	-0.845804116611438	0.0655920282866484	-12.894922427389	4.80746641525378e-38	5.335846668967e-37	-0.839849322318077	FALSE	down_in_cellobiose
YOR192C-B	4270.42960722396	-1.04336428014173	0.0811033141187144	-12.8646318769972	7.11802293076807e-38	7.88588291359269e-37	-1.03417890807771	FALSE	down_in_cellobiose
YPR158C-D	2678.75630635696	-2.58450098455326	0.200928957541391	-12.8627601326248	7.29253598597707e-38	8.06445158668653e-37	-2.55516285647901	FALSE	down_in_cellobiose
YNL254C	9753.99051863801	-1.07858671015827	0.0840266916249438	-12.83623916758	1.02745727875798e-37	1.13414034292099e-36	-1.0697369520105	FALSE	down_in_cellobiose
YIR018W	1773.18781096024	-0.95890131904447	0.0748272288774715	-12.8148714502665	1.3536251491877e-37	1.49145328368605e-36	-0.951636162606548	FALSE	down_in_cellobiose
YGL062W	42784.5961194754	0.929258220494698	0.0725274219543526	12.8125086409325	1.3954888894063e-37	1.53478405309431e-36	0.923300567592537	FALSE	up_in_cellobiose
YBR297W	3130.96424867327	0.864197879085615	0.0674648654289136	12.8095990941567	1.44881154766058e-37	1.59053739597075e-36	0.858270134818956	FALSE	up_in_cellobiose
YPR026W	2573.99496679688	0.888089679973275	0.0693651985247029	12.8031015388358	1.57531449348598e-37	1.72628213244505e-36	0.88186683736161	FALSE	up_in_cellobiose
YML116W	3569.75115818001	-0.913494206516144	0.0714201282346968	-12.7904307804415	1.85443130834098e-37	2.02847287236068e-36	-0.906435953010194	FALSE	down_in_cellobiose
YPL004C	9866.0427990452	0.737692830614762	0.0577291218808215	12.7785215950052	2.16138937520816e-37	2.35997190083649e-36	0.733323381713139	FALSE	up_in_cellobiose
YMR020W	4011.7738112989	-0.925430783645238	0.0724804828284811	-12.7679997087656	2.47431596848758e-37	2.69678149430295e-36	-0.918819047931426	FALSE	down_in_cellobiose
YOR226C	4063.10240945916	-0.941113100119312	0.0738269359883705	-12.7475573450259	3.21666904263975e-37	3.49957392786472e-36	-0.934163031874238	FALSE	down_in_cellobiose
YER040W	2163.54398915008	-0.932507335331337	0.073335329473943	-12.7156629965461	4.83987024511743e-37	5.25608170784836e-36	-0.925485358166694	FALSE	down_in_cellobiose
YAL003W	24011.503724061	0.759568782903482	0.0598129658651628	12.6990656944815	5.98398237359286e-37	6.48693716449161e-36	0.755480877528358	FALSE	up_in_cellobiose
YOR306C	5424.9394453017	-0.878479208862762	0.0691859331252929	-12.6973673574926	6.11524162770091e-37	6.6173696969522e-36	-0.872178307828712	FALSE	down_in_cellobiose
YKL218C	2383.22722500231	-0.933429792326699	0.0738408437824897	-12.6411040897131	1.25282255227374e-36	1.35327207476855e-35	-0.926258561882688	FALSE	down_in_cellobiose
YDL014W	10856.179732371	0.967140653840023	0.0766077671734365	12.624576978604	1.54569827819525e-36	1.66665399016098e-35	0.957600642456192	FALSE	up_in_cellobiose
YOR316C	5134.30615529583	-0.867360104567266	0.0687094491540279	-12.6235927553848	1.56514379342104e-36	1.68461829295442e-35	-0.861479284421031	FALSE	down_in_cellobiose
YNL185C	1251.08616362803	1.14829583628108	0.0910283870624193	12.614700461447	1.75222593715719e-36	1.88263138434526e-35	1.1381229413409	FALSE	up_in_cellobiose
YDL067C	2452.08015396981	1.0969310930285	0.0870574982289418	12.6000759882143	2.1094119052492e-36	2.26238166930008e-35	1.0880260268252	FALSE	up_in_cellobiose
YMR236W	2914.65012427614	-0.879948231447412	0.0698804522222494	-12.5921942898824	2.33102061013465e-36	2.49563604791231e-35	-0.872875943672974	FALSE	down_in_cellobiose
YOR323C	7312.56804758457	-0.734709317171838	0.0584852367564964	-12.5623038892841	3.40277958371011e-36	3.63664553036439e-35	-0.730180875689045	FALSE	down_in_cellobiose
YCR028C-A	3716.43759092648	0.809268239555056	0.0645345833520533	12.540070726734	4.50593223143798e-36	4.80712241057643e-35	0.803957502680661	FALSE	up_in_cellobiose
YGR027W-A	3256.08392254848	15.1369390234546	1.20758071561644	12.5349294069569	4.80789383296982e-36	5.12023764007649e-35	16.7105442867026	FALSE	up_in_cellobiose
YOL107W	600.067276449529	-1.3770611518251	0.109894474534934	-12.5307587815741	5.06755058061915e-36	5.38727828860549e-35	-1.36351119988058	FALSE	down_in_cellobiose
YMR300C	8223.8231643904	-0.853348750477914	0.0682894312789196	-12.4960588263288	7.84448699528962e-36	8.32478979552753e-35	-0.847500033263062	FALSE	down_in_cellobiose
YCL033C	2151.75845020276	0.980097789159621	0.0785498496519402	12.4773986647015	9.91740392623018e-36	1.050619550784e-34	0.972247663085508	FALSE	up_in_cellobiose
YDR341C	9248.55978580799	-0.764538522994818	0.0612836710476882	-12.4754034790097	1.01689793699291e-35	1.07538734630597e-34	-0.759726259461511	FALSE	down_in_cellobiose
YBR083W	1709.25775178874	-0.936177745121493	0.0752692556391564	-12.4377175936157	1.63097967050277e-35	1.72177941132133e-34	-0.928717425016043	FALSE	down_in_cellobiose
YOR292C	1510.77869162538	-0.970190591426277	0.078017569242845	-12.4355398513682	1.67604616034917e-35	1.76627233866762e-34	-0.962716355040182	FALSE	down_in_cellobiose
YIL045W	4800.12579809693	0.987957938586136	0.0795092482539064	12.425698397137	1.89563655083009e-35	1.99420965147325e-34	0.979253602167259	FALSE	up_in_cellobiose
YER001W	2830.77674860765	0.838442077410825	0.0675048479219402	12.4204720582493	2.02363896568228e-35	2.12517224017571e-34	0.830831074108692	FALSE	up_in_cellobiose
YBR012W-B	3628.27453891599	-1.3433407136219	0.108470744255387	-12.3843596984925	3.17609641613538e-35	3.32967196208023e-34	-1.32850510506487	FALSE	down_in_cellobiose
YGR124W	10622.1568955797	-0.806350146286791	0.0651822262163317	-12.3707058364441	3.76498241348563e-35	3.940203913352e-34	-0.800854648387106	FALSE	down_in_cellobiose
YKR042W	100370.319400879	0.701928809307437	0.0567578973619771	12.3670685830879	3.93937588952338e-35	4.11559322205992e-34	0.70563838562096	FALSE	up_in_cellobiose
YNL180C	7973.73747896405	0.714695283623635	0.0578543855237876	12.3533467195806	4.67263650550658e-35	4.87323762444988e-34	0.71013716083014	FALSE	up_in_cellobiose
YML009C	1246.4967411901	1.02809264754857	0.0832978933021947	12.3423607343679	5.3562023959751e-35	5.57653499023294e-34	1.01925407449368	FALSE	up_in_cellobiose
YDR037W	27452.0078632796	-0.714192479269716	0.0578931801773338	-12.3363836134422	5.7689342974158e-35	5.9959250111801e-34	-0.70856002473238	FALSE	down_in_cellobiose
YCR004C	4893.91603420799	0.796631502943783	0.0645904041820179	12.3335890684141	5.97259622124836e-35	6.19695275168633e-34	0.792181447409662	FALSE	up_in_cellobiose
YBL036C	4059.58944028943	-0.873770058103269	0.0709606830654919	-12.3134392223485	7.66843720932576e-35	7.94287271904307e-34	-0.866647806847987	FALSE	down_in_cellobiose
YER061C	1990.16509603415	-0.89746327422405	0.0730677890823212	-12.2826116062295	1.12313194844507e-34	1.16133763352893e-33	-0.890361101253033	FALSE	down_in_cellobiose
YDR316W-A	3493.98689793669	15.2215951577957	1.23956373928707	12.2798002840503	1.162849623922e-34	1.20035450087102e-33	16.8130437711289	FALSE	up_in_cellobiose
YHR049W	13032.7581723761	0.847841033057265	0.0691975167127925	12.2524777381285	1.62940435024666e-34	1.67909146757105e-33	0.8415334788248	FALSE	up_in_cellobiose
YIL119C	3282.1449549356	-1.02462218011263	0.0837355283444425	-12.2364090890774	1.98627605243001e-34	2.04336459883488e-33	-1.01608075875534	FALSE	down_in_cellobiose
YEL026W	4807.14076477917	1.02961567141943	0.0841623782904404	12.2336808005386	2.05415052649207e-34	2.109602128141e-33	1.02106652241693	FALSE	up_in_cellobiose
YEL037C	5244.20570710694	0.781739326154338	0.0639396647348807	12.2262030837312	2.25222349374645e-34	2.30910168028344e-33	0.776483215263809	FALSE	up_in_cellobiose
YNL234W	1126.24098787609	-1.25813947292868	0.10298925539371	-12.2162206933047	2.54650307872003e-34	2.60639545231429e-33	-1.24584143177362	FALSE	down_in_cellobiose
YGR295C	7225.0049119431	-1.11516778290746	0.0913349588063067	-12.2096489392674	2.76077819095365e-34	2.82093704004707e-33	-1.10319164606057	FALSE	down_in_cellobiose
YHR022C	1232.50540726745	1.11893314203347	0.0917495115469076	12.1955215146994	3.28394808655419e-34	3.3498485624901e-33	1.10875175160454	FALSE	up_in_cellobiose
YGR027C	29927.3104960105	0.811187348103546	0.066567254774534	12.1859816940186	3.69180803345445e-34	3.75955333238484e-33	0.803332310983907	FALSE	up_in_cellobiose
YBR169C	4088.89063843358	0.791086543006075	0.0649957713334708	12.1713540246685	4.41694049451808e-34	4.49043244560334e-33	0.78630575425611	FALSE	up_in_cellobiose
YCR044C	1983.61369597512	-0.904343931019112	0.0743438259298018	-12.1643447819464	4.81291623198763e-34	4.88478696095523e-33	-0.898074333153505	FALSE	down_in_cellobiose
YNR068C	1231.69171244814	-1.04417571316735	0.0859841663463155	-12.1438138850094	6.18733476027594e-34	6.26921071439015e-33	-1.03485496772039	FALSE	down_in_cellobiose
YDR032C	13742.7302264774	0.778165980143918	0.0640830387515952	12.1430880199099	6.24248237049425e-34	6.31451101323072e-33	0.772325843812927	FALSE	up_in_cellobiose
YNL318C	590.444993259673	1.42999418133191	0.117778977473688	12.1413363573425	6.37758402463749e-34	6.4404016302224e-33	1.4150491953713	FALSE	up_in_cellobiose
YFR040W	4071.18854657558	0.769533699522576	0.0635691599839419	12.1054564779048	9.8818124316578e-34	9.96251389984967e-33	0.764198926156349	FALSE	up_in_cellobiose
YBL043W	1784.34061069626	1.15169696469124	0.0952573640960087	12.0903719688323	1.18747870961076e-33	1.19518447827545e-32	1.14075353499135	FALSE	up_in_cellobiose
YDR487C	6282.96937530391	-0.751854686898725	0.0622387651317263	-12.0801671644264	1.34446122224773e-33	1.35093786268713e-32	-0.746975229179582	FALSE	down_in_cellobiose
YOL039W	12685.0225984363	0.814168630948284	0.0675605613494851	12.0509453249901	1.91738224211465e-33	1.92342374503342e-32	0.808185398437397	FALSE	up_in_cellobiose
YGR157W	2566.67757362648	-1.07774753446125	0.0894398928270893	-12.0499645113039	1.94033453569594e-33	1.9432257626531e-32	-1.06773251522874	FALSE	down_in_cellobiose
YGR174W-A	151.098830875525	2.53180225715612	0.211068343491495	11.9951775584866	3.76608676357014e-33	3.76546426989021e-32	2.49863294152987	FALSE	up_in_cellobiose
YMR241W	6004.93459816222	-0.759668017898503	0.0633416081112062	-11.9931912142929	3.85751976829824e-33	3.85051766970892e-32	-0.754814237958407	FALSE	down_in_cellobiose
YLR040C	2801.46272329764	-0.816523068378627	0.0681050218935308	-11.9891756243043	4.04914796806496e-33	4.03513938366144e-32	-0.810410646718122	FALSE	down_in_cellobiose
YHR021W-A	597.998011402876	1.33887386162795	0.11169745717629	11.9866100399656	4.1764999600228e-33	4.15520530562136e-32	1.32479376967793	FALSE	up_in_cellobiose
YJR019C	2805.22600746647	0.83763173040331	0.0699512741036931	11.9745028398144	4.83326158769185e-33	4.8007223881688e-32	0.831106406693574	FALSE	up_in_cellobiose
YNL024C	663.97685334873	-1.27478644603623	0.106519529168623	-11.9676312502116	5.25062988747599e-33	5.20673117858069e-32	-1.26150872696355	FALSE	down_in_cellobiose
YHL044W	1360.97344851852	-1.02413812259632	0.0855906956800484	-11.965531001462	5.38519749360652e-33	5.33143365610897e-32	-1.01496386057278	FALSE	down_in_cellobiose
YDR098C-A	2386.80256608595	14.6835071728522	1.22720277821872	11.9650211305463	5.41837940521733e-33	5.35551912126791e-32	16.2157512575242	FALSE	up_in_cellobiose
YPR036W-A	60828.882562716	-0.720486350447011	0.060217338263097	-11.9647658170993	5.43507117711975e-33	5.36325376026058e-32	-0.716462572801352	FALSE	down_in_cellobiose
YGR041W	2136.4527569809	-0.860113294614141	0.0720226824064712	-11.9422557710356	7.12638681110554e-33	7.02076772318851e-32	-0.853050081517303	FALSE	down_in_cellobiose
YOL157C	696.23379986675	1.19749861544824	0.100481992551647	11.9175444777605	9.58932833163356e-33	9.43184505334169e-32	1.18559251078714	FALSE	up_in_cellobiose
YGR289C	1785.29779513164	0.946929696999213	0.0795564867899654	11.9026082624686	1.14705089930181e-32	1.12638163796699e-31	0.938763332816793	FALSE	up_in_cellobiose
YER085C	383.307088349541	1.61372913771224	0.135666906809249	11.8947883140078	1.25972023272251e-32	1.23501583269667e-31	1.59467564300357	FALSE	up_in_cellobiose
YDR098C	5161.18234272554	-0.725517832394009	0.0609971628613709	-11.8942881662038	1.26728923681163e-32	1.24042598599896e-31	-0.720386660422457	FALSE	down_in_cellobiose
YHR005C-A	3566.91565643348	0.762413365264305	0.0641531917408815	11.8842624127532	1.42890845317447e-32	1.39635981151088e-31	0.756870033874085	FALSE	up_in_cellobiose
YBR009C	26115.4412446401	-0.78945794698138	0.0664572012108565	-11.8791934146696	1.51825260311965e-32	1.48127580585012e-31	-0.782829675505512	FALSE	down_in_cellobiose
YGR185C	6965.84342920131	-0.742743068120154	0.0625426874116606	-11.875777950368	1.58155860117602e-32	1.54055523003442e-31	-0.737622244518908	FALSE	down_in_cellobiose
YNL242W	1713.21941899615	0.91625245664965	0.077244120030931	11.8617760974266	1.86966491576891e-32	1.818264160046e-31	0.908254368160059	FALSE	up_in_cellobiose
YDL227C	1873.60766619429	-0.892267341731506	0.0753026384133129	-11.8490847137935	2.17553983830216e-32	2.11233394572869e-31	-0.884860894681248	FALSE	down_in_cellobiose
gene-Q0158	160.541048625833	2.41139251816999	0.20353569380981	11.8475166347151	2.2166264707009e-32	2.1487778078958e-31	2.37997310534279	FALSE	up_in_cellobiose
YKL221W	467.217073643876	1.39492052562497	0.117823158362159	11.8391031526869	2.45059418736963e-32	2.37178307830382e-31	1.37967844233897	FALSE	up_in_cellobiose
YPL273W	6303.65818633239	-0.915935299595458	0.0774114870032281	-11.8320333977988	2.66603987765309e-32	2.57617815014753e-31	-0.907991700456327	FALSE	down_in_cellobiose
YOL154W	305601.709689439	-1.10567790734447	0.0934914099498639	-11.8265186923312	2.84706576348267e-32	2.7467146416757e-31	-1.09471628654483	FALSE	down_in_cellobiose
YAL060W	6299.64829784195	0.738536865548319	0.062498884316317	11.8168007897623	3.19625982872391e-32	3.0786903987183e-31	0.733359324149324	FALSE	up_in_cellobiose
YPR074C	24089.5089927693	-0.638299203736598	0.0540744009911298	-11.8040919924624	3.71782586578804e-32	3.57537816568392e-31	-0.634558884434325	FALSE	down_in_cellobiose
YPL147W	938.847262084443	1.09280221711659	0.0926631627459591	11.7932756095598	4.22771711458825e-32	4.05927949621339e-31	1.08188915103577	FALSE	up_in_cellobiose
YLR037C	579.639810703736	1.2769152083778	0.108386976225437	11.781076037419	4.88652422204942e-32	4.68440333108984e-31	1.26303144679808	FALSE	up_in_cellobiose
YFL007W	4786.22389231292	0.839248430046776	0.0712468081169983	11.779453034143	4.98152725199518e-32	4.76792062457577e-31	0.833755217575197	FALSE	up_in_cellobiose
YLR150W	27256.1091618994	0.765578407723789	0.0650245586290833	11.7736809578492	5.3344995249119e-32	5.09769156811881e-31	0.762141918153524	FALSE	up_in_cellobiose
YER064C	3843.28327890699	0.876626673630084	0.0745082126912652	11.7655039889697	5.87743080718841e-32	5.60766229537582e-31	0.869580286079824	FALSE	up_in_cellobiose
YDR313C	1707.7159315794	0.910508418802782	0.07742981487672	11.7591449786164	6.33727934188911e-32	6.0368823211161e-31	0.902824728470753	FALSE	up_in_cellobiose
YJL063C	2396.69058838957	0.889837308128779	0.0757161910634247	11.7522724747656	6.87448783530904e-32	6.53832970373968e-31	0.882585547801461	FALSE	up_in_cellobiose
YML045W-A	1791.89534760779	14.2750905716477	1.2151363982268	11.7477269156605	7.25440526430747e-32	6.88883790326466e-31	15.776011632939	FALSE	up_in_cellobiose
NR_132171.1	529.010424400033	1.32845178811542	0.113169335528018	11.7386196704011	8.07943174388419e-32	7.66026373334725e-31	1.31411386491793	FALSE	up_in_cellobiose
YPL092W	3840.54127170817	-0.748346221816627	0.063802848629691	-11.72904091101	9.04780300327053e-32	8.56497032344029e-31	-0.742789320560147	FALSE	down_in_cellobiose
YLR259C	12950.2573719455	0.673107344885404	0.0575048871581093	11.7052198195729	1.19848244802324e-31	1.13275317626447e-30	0.668129546933966	FALSE	up_in_cellobiose
YJL133W	4059.46075227054	-0.771552007779904	0.0659200715575781	-11.7043563447286	1.21074473210937e-31	1.14255770429478e-30	-0.765685534406826	FALSE	down_in_cellobiose
YGL253W	24013.8358745011	0.847612612690547	0.0725110484558535	11.6894270699533	1.44357127726175e-31	1.36014994644179e-30	0.837950741301293	FALSE	up_in_cellobiose
YOL128C	1576.93546108858	-0.997433449543341	0.0853958405649988	-11.6801174734517	1.61072771856958e-31	1.51528646494983e-30	-0.987499561877522	FALSE	down_in_cellobiose
YPL095C	7755.01923500154	-0.889145508855565	0.0762756947027724	-11.6569965350083	2.11367353787462e-31	1.98534335878938e-30	-0.880709285058267	FALSE	down_in_cellobiose
YDL078C	5991.22952648533	0.695004732159412	0.0596240113228508	11.656457134293	2.12710246840115e-31	1.994859353699e-30	0.690379104611077	FALSE	up_in_cellobiose
YIL055C	1492.39263836452	0.921396429285218	0.0791787345090308	11.636917854252	2.67508831998187e-31	2.5048930723793e-30	0.913226453961511	FALSE	up_in_cellobiose
YFR011C	1806.8667916936	0.906007501507986	0.0779253736913372	11.6266045139121	3.01867717770977e-31	2.82225320679542e-30	0.898199960576104	FALSE	up_in_cellobiose
YGR059W	1411.54550857044	1.04799119830371	0.0902207275245543	11.6158584291896	3.42332716765676e-31	3.19563364770922e-30	1.03480368136674	FALSE	up_in_cellobiose
YNR050C	5719.40069812124	-0.733451496569014	0.0631756505295882	-11.6097181496454	3.67826026483617e-31	3.42831992942896e-30	-0.728307248592544	FALSE	down_in_cellobiose
YNL095C	2429.47573229156	-0.799481637864097	0.0690345106010241	-11.5808981754734	5.15035779457489e-31	4.79300219990515e-30	-0.793781423504765	FALSE	down_in_cellobiose
YPR160W	13844.0626945753	0.702600428010959	0.060808513975019	11.554310113541	7.02090213718295e-31	6.52372304574802e-30	0.696346578132997	FALSE	up_in_cellobiose
YJR148W	8848.11152983894	-0.748650861138089	0.064935394863453	-11.5291646830263	9.40518170327595e-31	8.72575830109144e-30	-0.743188579526164	FALSE	down_in_cellobiose
YGR211W	3570.59641365695	0.748449528762326	0.0650744059538886	11.5014423534296	1.29729217643209e-30	1.20173359498281e-29	0.743095975867027	FALSE	up_in_cellobiose
YKL107W	536.316005808293	1.31423462172847	0.114450776741127	11.4829681296187	1.60668459257462e-30	1.48606041291802e-29	1.29935334007004	FALSE	up_in_cellobiose
YMR252C	2322.87854646811	1.00057670279453	0.0874315719065332	11.4441120178438	2.51668159417564e-30	2.32418426918603e-29	0.990975875780352	FALSE	up_in_cellobiose
YOR084W	1541.22121651546	0.892035939132379	0.0780628350560678	11.4271527352508	3.0597783816032e-30	2.82143283998746e-29	0.884239238408365	FALSE	up_in_cellobiose
YOL161C	293.55978506994	2.05491434422894	0.179911430866587	11.4218109117967	3.25382336833501e-30	2.99579567048074e-29	2.0270102861347	FALSE	up_in_cellobiose
YMR056C	4159.04129455257	0.807709490272608	0.0707964424123712	11.4088994128816	3.77475095083057e-30	3.47013199112069e-29	0.801244075435576	FALSE	up_in_cellobiose
YER015W	1910.78861193066	0.835942819776385	0.0733984165210488	11.3891124549895	4.7379102489859e-30	4.34895585677022e-29	0.828881334240731	FALSE	up_in_cellobiose
YGL012W	9153.00716963227	-0.832784981315953	0.0731724809855257	-11.3811226584033	5.19269213762783e-30	4.75918102128951e-29	-0.827240576129091	FALSE	down_in_cellobiose
YMR295C	10978.9326870337	0.643834368746934	0.0566127180902734	11.3726100859579	5.72496121398354e-30	5.23907570096618e-29	0.638557788545539	FALSE	up_in_cellobiose
YGL059W	3579.70803220973	-0.755032567032558	0.066416859401528	-11.3680859624505	6.02952714965056e-30	5.50945766287557e-29	-0.749158089928926	FALSE	down_in_cellobiose
YOR214C	543.513516155984	1.44160372055108	0.126817491932706	11.3675463737767	6.06690927401265e-30	5.53525402692346e-29	1.42347201568542	FALSE	up_in_cellobiose
YDR476C	3030.1639762665	-0.77300274341672	0.0680193906616469	-11.3644467540428	6.28614625371681e-30	5.72664136878509e-29	-0.76698578684131	FALSE	down_in_cellobiose
YPR158C-C	1186.62341278269	13.6802231810888	1.20448594882547	11.3577274973019	6.7887638133754e-30	6.17522290332448e-29	15.1214694922266	FALSE	up_in_cellobiose
YOR177C	760.485629251885	-1.16235403546325	0.102388333830589	-11.3524069781864	7.2148779446618e-30	6.55297247556445e-29	-1.14880811452978	FALSE	down_in_cellobiose
YPR043W	17664.6336972876	0.824838105599525	0.0727642152023312	11.3357658473461	8.72653762688872e-30	7.91406688231632e-29	0.818580100087934	FALSE	up_in_cellobiose
YDR254W	1119.83859734381	-0.96717861935941	0.0855525403157645	-11.3050835871111	1.23836185125393e-29	1.12056560148951e-28	-0.957683455046675	FALSE	down_in_cellobiose
YDL110C	2375.42808336734	0.846798075399608	0.0749046302155328	11.3050164317347	1.23930961712098e-29	1.12056560148951e-28	0.840125552880695	FALSE	up_in_cellobiose
YJL158C	12058.6746814249	0.939531632892365	0.0831153952631884	11.3039423071658	1.25456696945996e-29	1.1326679997408e-28	0.926216254636114	FALSE	up_in_cellobiose
YER060W	1062.28427369274	-0.975279367129237	0.0864662723293706	-11.2793039511888	1.66054613495789e-29	1.49696625489721e-28	-0.965226448376099	FALSE	down_in_cellobiose
YCL012C	857.661126628021	1.06511795052151	0.0944408966608244	11.2781431369376	1.68260032786047e-29	1.51459068202798e-28	1.0539799825782	FALSE	up_in_cellobiose
NR_132166.1	149.428903885277	2.52111533162487	0.223750917310463	11.2675083612137	1.89866971082232e-29	1.70654577723094e-28	2.48465278489365	FALSE	up_in_cellobiose
YPL048W	16871.0213639439	0.6810683833963	0.0604503291726469	11.2665785731482	1.91882059223125e-29	1.72209877780517e-28	0.676671552283117	FALSE	up_in_cellobiose
YOL103W-B	16918.3516321649	-0.625849666853266	0.0555655409031549	-11.2632695854443	1.99227161581878e-29	1.78537051912412e-28	-0.62337602024386	FALSE	down_in_cellobiose
YNL200C	6036.79079851822	0.713285628400992	0.0634106775766256	11.2486675061792	2.35117125044297e-29	2.10388090146887e-28	0.704297135155164	FALSE	up_in_cellobiose
YOR011W	24149.9677947564	-0.992148375687473	0.0882164667203936	-11.2467480570508	2.40288732607211e-29	2.14698160050372e-28	-0.981945951165468	FALSE	down_in_cellobiose
YLR438C-A	2217.96901108519	0.832455740670289	0.0740936187667274	11.235188057033	2.7390999221991e-29	2.44377808692955e-28	0.825254450347155	FALSE	up_in_cellobiose
YDR408C	4086.37611492445	-0.759520187693186	0.0677188364254037	-11.215789103669	3.41130125527237e-29	3.03902228175885e-28	-0.753419056200519	FALSE	down_in_cellobiose
YNL194C	675.5920520992	1.16614270610497	0.104073762243988	11.2049634889829	3.85512688352409e-29	3.4293621350643e-28	1.15342643791926	FALSE	up_in_cellobiose
YLR262C-A	4760.17018939745	0.772992002019596	0.0690317021345594	11.1976378695233	4.18750190369119e-29	3.71955932678826e-28	0.766681992642005	FALSE	up_in_cellobiose
YGR117C	1874.07497829956	-0.916384193813933	0.0818382988640296	-11.1974980728334	4.19411363858444e-29	3.71996970671515e-28	-0.907461158196936	FALSE	down_in_cellobiose
YEL063C	4327.15736643898	-0.793123928646714	0.0709770103717463	-11.174377794904	5.44304767298993e-29	4.82064353937278e-28	-0.786512119092482	FALSE	down_in_cellobiose
YIL070C	2550.22707834681	0.814072128872867	0.0728694475714641	11.1716522631038	5.61269908594781e-29	4.96362818287987e-28	0.807307942532544	FALSE	up_in_cellobiose
YIL162W	11692.5666982222	3.04840044449435	0.272896280250709	11.1705459733412	5.68304795888773e-29	5.01850468661488e-28	3.00146351038312	FALSE	up_in_cellobiose
YDL080C	3077.92591811364	-0.81128563941428	0.0726320898680261	-11.1697961725788	5.73122442206826e-29	5.05367004797243e-28	-0.804210616823063	FALSE	down_in_cellobiose
YNCL0010C	6587.69293677833	2.02383792017627	0.181379218233501	11.1580474317121	6.54124396194315e-29	5.75953198337614e-28	1.99784584733031	FALSE	up_in_cellobiose
YLR164W	1694.17022186644	0.877951851891973	0.0786920954490654	11.1567984926801	6.63376492143447e-29	5.83250639676702e-28	0.869992311605061	FALSE	up_in_cellobiose
YPL119C	1731.85223370433	0.854280942912234	0.0766058573207024	11.1516400023549	7.0298597433015e-29	6.17178832906107e-28	0.846864450631486	FALSE	up_in_cellobiose
YBR195C	2674.9767219715	-0.788668968188725	0.070724378160595	-11.1513029693648	7.05654054629581e-29	6.18623387891933e-28	-0.782107712369151	FALSE	down_in_cellobiose
YNL130C	2000.82113553173	-0.840130251314042	0.0754430257387337	-11.1359564795756	8.38401017408939e-29	7.33934551998072e-28	-0.831982519926006	FALSE	down_in_cellobiose
YOR045W	1659.53713528928	0.928139423178599	0.0834369617557906	11.123840126096	9.60469314258724e-29	8.39577873114309e-28	0.919699819368324	FALSE	up_in_cellobiose
YOR182C	11681.8325593202	0.731380514120692	0.0657517881360793	11.1233554988198	9.65702410505e-29	8.42934181983369e-28	0.722564051144561	FALSE	up_in_cellobiose
YKR076W	2734.02685850162	0.766429082635078	0.068924255572012	11.1198746547841	1.00412966787204e-28	8.75213308495385e-28	0.7581922631862	FALSE	up_in_cellobiose
YIL107C	4179.83149516677	0.795804907060732	0.0715844467937892	11.1170085501	1.03690628083854e-28	9.02481452200334e-28	0.789122640412075	FALSE	up_in_cellobiose
YMR040W	760.438830626898	1.08088869240298	0.097296775589732	11.1091933504634	1.13177244742845e-28	9.8363384116303e-28	1.06953934340681	FALSE	up_in_cellobiose
YFL053W	593.848698904047	1.49414631385892	0.134536648912668	11.1058683706981	1.17469898826278e-28	1.01947692682949e-27	1.474967938848	FALSE	up_in_cellobiose
YNL209W	51797.9124125799	0.689121750136557	0.0620651282030987	11.1032035232653	1.21026587119953e-28	1.04883929153094e-27	0.683451023385786	FALSE	up_in_cellobiose
YGL227W	2771.25533520946	0.751504099502335	0.0676944139309488	11.101419686843	1.23466902338422e-28	1.06845678432777e-27	0.746634893786149	FALSE	up_in_cellobiose
YHR005C	3526.82634854497	-0.755066659399418	0.0680442184518341	-11.0967055920247	1.30153334866395e-28	1.12471074658118e-27	-0.748968773046234	FALSE	down_in_cellobiose
YDL021W	3746.40044966071	0.904922511418293	0.0815853991507389	11.0917213231542	1.37613914646412e-28	1.18748440755513e-27	0.896224145975364	FALSE	up_in_cellobiose
YFR055W	1775.20153358356	-0.896579829816539	0.0808349277104437	-11.0914904634807	1.37969567752425e-28	1.18885742925131e-27	-0.888168089874286	FALSE	down_in_cellobiose
YEL009C	34927.4464284633	0.64436033315297	0.0580972561303626	11.0910630909506	1.38630368848597e-28	1.19285220649383e-27	0.640358819364084	FALSE	up_in_cellobiose
YIL088C	4533.93105953541	-0.696746679233123	0.0628519978463971	-11.0855136369076	1.47501415328984e-28	1.26738076892759e-27	-0.691303800304115	FALSE	down_in_cellobiose
YKL220C	499.937184157774	-1.29597139826351	0.117278975869901	-11.0503301094746	2.18410272807873e-28	1.87399112087209e-27	-1.27941795900638	FALSE	down_in_cellobiose
YBL038W	2699.46570176687	0.746883967522588	0.0676881343263968	11.0341934366378	2.61386187281037e-28	2.23955389074079e-27	0.74104486695157	FALSE	up_in_cellobiose
YLR106C	5572.46961558478	1.02216715820411	0.0926500874883874	11.0325547003097	2.66194149856946e-28	2.27752250705045e-27	1.01131970388483	FALSE	up_in_cellobiose
YLR042C	810.343554104433	-1.08991188365832	0.0988171786024676	-11.0295790577359	2.75149869949978e-28	2.35082141712912e-27	-1.07767382513319	FALSE	down_in_cellobiose
YJL045W	1177.29635125764	0.966856850486129	0.0878382717469093	11.0072390002385	3.52645478049481e-28	3.0086777104673e-27	0.956796881718775	FALSE	up_in_cellobiose
YMR251W-A	13981.7449943174	0.700627190557135	0.0637576965837953	10.988903741783	4.32142919374125e-28	3.68173594266772e-27	0.697127681478189	FALSE	up_in_cellobiose
YDR134C	28762.3617865998	-0.763961159829514	0.0695260945808333	-10.9881212864805	4.35905056184821e-28	3.70856495761179e-27	-0.755380725387099	FALSE	down_in_cellobiose
YJL121C	3839.19528136839	0.776700085845234	0.070716823548696	10.983243404738	4.6010202982082e-28	3.90591354462237e-27	0.766403450862072	FALSE	up_in_cellobiose
YJL200C	4389.34105997899	-0.775703548984711	0.0706264580293885	-10.9831863387788	4.60392851267276e-28	3.90591354462237e-27	-0.770814586689626	FALSE	down_in_cellobiose
YJR085C	5169.36380081739	0.723712176563366	0.0659342645349071	10.9762682827867	4.97034057108342e-28	4.21086696281283e-27	0.718764607327909	FALSE	up_in_cellobiose
YNL244C	9071.70398001627	0.636293157856158	0.0581059666698586	10.9505648786706	6.60345159142795e-28	5.58661240231436e-27	0.631907471239895	FALSE	up_in_cellobiose
YDR405W	3167.44755429161	0.773752023008023	0.070678693399499	10.9474579366447	6.8338598181762e-28	5.77346620672456e-27	0.763076792286008	FALSE	up_in_cellobiose
YCL009C	14434.4374229946	-0.712704528015156	0.0651984056478453	-10.9313183494804	8.16534132068367e-28	6.88872380039268e-27	-0.707386122806228	FALSE	down_in_cellobiose
YKL146W	4559.8128694402	0.690397744076534	0.063241979672839	10.9167636378253	9.58506064431987e-28	8.07521334783996e-27	0.682580394435563	FALSE	up_in_cellobiose
YFL010C	5665.53884488324	-0.70185732662426	0.0643146526559358	-10.9128681822941	1.00049005210053e-27	8.41719655793613e-27	-0.69708025072324	FALSE	down_in_cellobiose
YOL164W	2926.17210291067	-0.746482382954449	0.0684272881025105	-10.9091329446835	1.04245856184992e-27	8.75809977865302e-27	-0.740298674696416	FALSE	down_in_cellobiose
YJR144W	3307.4726451639	0.758836609551837	0.0695865295089355	10.9049354078564	1.09170777448553e-27	9.15914053795138e-27	0.752705598168856	FALSE	up_in_cellobiose
YNR017W	4397.5519172977	0.68706482028751	0.0630216183992744	10.9020497686143	1.12689623483768e-27	9.44126776251123e-27	0.682003310927044	FALSE	up_in_cellobiose
YBL066C	1486.77224759178	0.900689786728783	0.082640374105991	10.8989074223405	1.16649538150702e-27	9.75951668428209e-27	0.892001848343042	FALSE	up_in_cellobiose
YLR154W-C	5839.17412213887	15.899961342175	1.46246428357771	10.8720339503116	1.56668665876071e-27	1.30896237553087e-26	17.5595181516516	FALSE	up_in_cellobiose
YBR085W	2361.46459655506	-1.19454359254124	0.10997182826941	-10.8622691041822	1.74361927854359e-27	1.45477972633244e-26	-1.18029737862023	FALSE	down_in_cellobiose
YOR381W	1367.10859210916	-0.902610427687039	0.0831131160027458	-10.8600239179725	1.7870239650465e-27	1.48894049098709e-26	-0.893769275572691	FALSE	down_in_cellobiose
YGR086C	20778.449986355	0.592608456963831	0.0546625956667078	10.8412059423069	2.19557561236608e-27	1.82682763125205e-26	0.589884311462275	FALSE	up_in_cellobiose
YKL068W	4383.44899626829	-0.694572936933923	0.0641601135328545	-10.8256188882561	2.60314542988301e-27	2.16297070128604e-26	-0.689178748700969	FALSE	down_in_cellobiose
YOR002W	3184.37399456047	-0.714354410215739	0.0659882617715181	-10.8254770020942	2.60718053309027e-27	2.16335185797847e-26	-0.708553776592678	FALSE	down_in_cellobiose
YBL041W	7862.32179953486	0.672034571323722	0.0621664196118016	10.8102505423385	3.07828182223524e-27	2.55075708804123e-26	0.667032540286623	FALSE	up_in_cellobiose
YHR193C	19971.289956444	0.651196511343761	0.060281125761819	10.8026600882795	3.34373467797075e-27	2.76692901053968e-26	0.642140289177917	FALSE	up_in_cellobiose
YNR018W	4863.89264803962	0.867539888943673	0.0803553859878025	10.7962879933818	3.58401596783633e-27	2.96170937014234e-26	0.858540132894488	FALSE	up_in_cellobiose
YAL044W-A	1984.16561542317	0.842682090399677	0.078115144056937	10.7876916899169	3.9355025603117e-27	3.24772919335955e-26	0.834794094799861	FALSE	up_in_cellobiose
YNR074C	1133.87476927851	-0.919349916235865	0.085278888329493	-10.7805100915922	4.25519514789409e-27	3.50300392190384e-26	-0.909641334430824	FALSE	down_in_cellobiose
YNL173C	2255.70589271465	0.800962157316477	0.0742974233927726	10.7804836391458	4.25641904876727e-27	3.50300392190384e-26	0.793176895981963	FALSE	up_in_cellobiose
YMR266W	2402.47767559322	-0.83802342792276	0.0777716554646939	-10.7754351237026	4.49651015771183e-27	3.69055494491165e-26	-0.8300664944102	FALSE	down_in_cellobiose
YBR133C	2324.55471090057	-0.754611648519472	0.0700302420847276	-10.7755110657263	4.49280097743655e-27	3.69055494491165e-26	-0.748116389560182	FALSE	down_in_cellobiose
YGR021W	2201.19344627815	0.826957112473362	0.0768385630809454	10.7622667488225	5.18781407945097e-27	4.25217985997276e-26	0.81948859318854	FALSE	up_in_cellobiose
YER121W	320.258869567925	1.53438121891691	0.142809265467466	10.7442693854235	6.30591950922469e-27	5.16163831005415e-26	1.51330138484889	FALSE	up_in_cellobiose
YGR142W	2570.389477231	0.854360824389166	0.0795890888618452	10.7346476333233	6.99854469892561e-27	5.72083741672987e-26	0.846178728632387	FALSE	up_in_cellobiose
YNCM0034C	2257.72805082655	0.885333550544543	0.0824766036607138	10.7343599426883	7.02037614049845e-27	5.73093863345143e-26	0.87686696395256	FALSE	up_in_cellobiose
YGR029W	2506.99695604416	-0.734354871198465	0.0684760221312739	-10.7242630097678	7.83088331516281e-27	6.38396403954445e-26	-0.72822592190051	FALSE	down_in_cellobiose
YER159C-A	591.182798856945	12.6677814648602	1.18325042753544	10.7059175049237	9.54800823964779e-27	7.77333806751406e-26	14.0113939805624	FALSE	up_in_cellobiose
YER138C	24196.2530291471	-3.17319475449311	0.296447338070552	-10.7040757226766	9.73977496832851e-27	7.91880359992193e-26	-3.12361401222686	FALSE	down_in_cellobiose
YJL066C	3026.10399037424	0.840775940680855	0.0785857773759229	10.6988308667982	1.03070434617466e-26	8.36876589263157e-26	0.833091601488713	FALSE	up_in_cellobiose
YGL033W	148.344081460822	2.20650245120859	0.206337163007836	10.6936744648602	1.08966528643174e-26	8.83563715499409e-26	2.17197678384683	FALSE	up_in_cellobiose
YLR287C-A	20987.1943371394	0.648962049713205	0.060732800945968	10.6855280771681	1.18970039208606e-26	9.63386569173838e-26	0.640103361263919	FALSE	up_in_cellobiose
YMR072W	5796.67089272867	0.65464806466887	0.0612731928451149	10.6840860459757	1.20833336164927e-26	9.77166912381876e-26	0.649868048710237	FALSE	up_in_cellobiose
YDL090C	1429.38489707174	-0.852721697103866	0.0798157557652989	-10.6836261703933	1.21433619806159e-26	9.80710235256953e-26	-0.843570014428733	FALSE	down_in_cellobiose
YDR425W	2421.45545777118	-0.830975118925364	0.0778132719881035	-10.679092366819	1.27512230380497e-26	1.0284286420955e-25	-0.823816883488142	FALSE	down_in_cellobiose
YFL030W	1865.83547507986	0.787077375104638	0.0737641547382408	10.6701876798786	1.40342626561954e-26	1.13040286028397e-25	0.779906702036652	FALSE	up_in_cellobiose
YOR377W	3134.49442797267	-0.822316462470691	0.0772549703006837	-10.6441884485899	1.85594442636767e-26	1.49289997807155e-25	-0.814608845606666	FALSE	down_in_cellobiose
YPL187W	30868.3316561516	-0.584850018376594	0.0549688260670885	-10.6396672481744	1.94823851011776e-26	1.56505906343988e-25	-0.580615526247111	FALSE	down_in_cellobiose
YNCL0014C	1865.74183584684	1.05549792388748	0.099207703040149	10.6392738823953	1.95648048074773e-26	1.56959554748582e-25	1.04318997075935	FALSE	up_in_cellobiose
YDR540C	717.37589244304	-1.07510537070093	0.10106430429782	-10.6378347743113	1.98692893356742e-26	1.59191167141051e-25	-1.06249799279468	FALSE	down_in_cellobiose
YDR156W	1163.06078446758	0.901949749110482	0.0848324863298094	10.6321267728015	2.11239485546525e-26	1.69019530168113e-25	0.892776105209176	FALSE	up_in_cellobiose
YPL183W-A	1403.08019475723	0.872452378111443	0.0821754725170468	10.616943856702	2.48566073095014e-26	1.98623008738671e-25	0.864374345503623	FALSE	up_in_cellobiose
YJR001W	3139.02862284653	-0.733534276938426	0.0691360842090233	-10.6100061253207	2.67731519787769e-26	2.13655404115595e-25	-0.726983864896082	FALSE	down_in_cellobiose
YLL025W	1245.15474109404	1.39944674183749	0.132045491698692	10.5982167496548	3.03716094602859e-26	2.4205252388046e-25	1.38026658158774	FALSE	up_in_cellobiose
YOL118C	433.159220296646	-1.28061169842332	0.120888731112123	-10.5933091251951	3.20072858858638e-26	2.54752726741566e-25	-1.26392219278432	FALSE	down_in_cellobiose
YPR185W	2384.51611137723	-0.772467961896008	0.0729811774118573	-10.5844820444142	3.51720582465053e-26	2.79573955759672e-25	-0.765947647072135	FALSE	down_in_cellobiose
YPR021C	2232.11968716928	0.775030907578215	0.0732883316427373	10.5750927904363	3.88792448749068e-26	3.08635895338991e-25	0.768105345154226	FALSE	up_in_cellobiose
YNCL0015C	2072.89822495958	-3.98559255607106	0.37799742919081	-10.5439673613737	5.4164593258944e-26	4.29412352062061e-25	-3.91173594348997	FALSE	down_in_cellobiose
YLR297W	1932.69534271577	0.781209788048154	0.0741150204748859	10.5405055957971	5.61959616082041e-26	4.44933732680663e-25	0.774191135350288	FALSE	up_in_cellobiose
YIR035C	2488.01028001603	-0.785824004130637	0.074561569910511	-10.5392631227291	5.69433133069088e-26	4.5026157149476e-25	-0.778334769229734	FALSE	down_in_cellobiose
YDR090C	2668.91244210348	-0.71651093020212	0.0680159224051295	-10.5344587688497	5.99270008392876e-26	4.73235545792233e-25	-0.710447186897621	FALSE	down_in_cellobiose
YKL195W	5358.44377396352	0.678013095240164	0.0643733636120489	10.5325099885453	6.11809844745408e-26	4.82508181338328e-25	0.67275840985163	FALSE	up_in_cellobiose
YPR158W-B	1852.38227134935	-1.24667005442115	0.118445958663421	-10.5252223755791	6.61051680087857e-26	5.20664272506699e-25	-1.23010919713422	FALSE	down_in_cellobiose
YPL170W	3009.19960086963	0.755340748672325	0.0717929799957702	10.521094802261	6.90663398815402e-26	5.43279960914742e-25	0.748626366493524	FALSE	up_in_cellobiose
YHR054C	1048.85781213685	13.4824506901204	1.28537057569979	10.4891546025785	9.68914183975712e-26	7.6116388297001e-25	14.9155959388082	FALSE	up_in_cellobiose
YNL115C	5019.62560691039	0.753529428701965	0.0718411969997219	10.4888206234214	9.72344763532686e-26	7.6286815494283e-25	0.747067174718618	FALSE	up_in_cellobiose
YPR027C	943.837051490353	0.966635636770303	0.0921918019971781	10.4850498182028	1.01192318022139e-25	7.92891621393674e-25	0.956085880622794	FALSE	up_in_cellobiose
YCL019W	7702.55899705338	-0.710763050623602	0.0678100393910012	-10.4816787751037	1.04865510526765e-25	8.20609926489523e-25	-0.703671150877142	FALSE	down_in_cellobiose
YCL049C	5513.59409444611	-0.654251435089042	0.0624317003611362	-10.4794748710114	1.07338080315306e-25	8.38873446805279e-25	-0.64918196775499	FALSE	down_in_cellobiose
YLR056W	24722.7615844357	0.763343292886175	0.0728875145394078	10.4728950864892	1.1506896410725e-25	8.9813182436743e-25	0.75708732825115	FALSE	up_in_cellobiose
YAR028W	1518.91651094661	-0.812098966960248	0.0775681856423418	-10.4694851405284	1.19290034584958e-25	9.29878117531461e-25	-0.804428796176613	FALSE	down_in_cellobiose
YHL035C	3496.03480010593	-0.819137456719923	0.0783338727445459	-10.4570019076065	1.36093900657101e-25	1.05950065003192e-24	-0.811067103683294	FALSE	down_in_cellobiose
YNL284C-A	483.381189747183	12.3802518436887	1.18409803161394	10.4554281091189	1.38372447806999e-25	1.07447360306102e-24	13.6810743595274	FALSE	up_in_cellobiose
YKL084W	1091.52689972882	-0.906849692408661	0.086734213464463	-10.4555014242473	1.38265467353731e-25	1.07447360306102e-24	-0.897078162728675	FALSE	down_in_cellobiose
YKL033W-A	3027.69928159436	-0.706864172919056	0.067637403375983	-10.4507881384763	1.45312583415245e-25	1.12547479779618e-24	-0.700499583591795	FALSE	down_in_cellobiose
YOR264W	3766.15587327082	-0.679943842584861	0.0650614006909855	-10.4508024014778	1.45290729963732e-25	1.12547479779618e-24	-0.674327394311535	FALSE	down_in_cellobiose
YBR033W	2032.9512001253	0.768256051294171	0.0735372132622193	10.4471738486298	1.50956641069953e-25	1.16769401768817e-24	0.761520566472257	FALSE	up_in_cellobiose
YLR204W	2131.84573153792	0.763926914249723	0.0731293356847538	10.4462444119944	1.52442825870944e-25	1.17768410433377e-24	0.756959061284679	FALSE	up_in_cellobiose
YOR107W	1849.73918234931	-1.13472184434841	0.10876309475917	-10.4329676059787	1.75325399933454e-25	1.35273385739472e-24	-1.12061781597915	FALSE	down_in_cellobiose
YNL305C	4336.92682105013	0.676129464008293	0.0648191677573578	10.4310111869886	1.7897341224711e-25	1.37912123653856e-24	0.67066951604702	FALSE	up_in_cellobiose
YPL049C	4749.49711953081	-0.639138800623635	0.0613158285879936	-10.4237162791728	1.93251257789575e-25	1.48724791141112e-24	-0.633532740580192	FALSE	down_in_cellobiose
YCL036W	883.118175053029	1.01346598660946	0.0973509089494903	10.410441952168	2.22187745345483e-25	1.70776832477106e-24	1.00131370380075	FALSE	up_in_cellobiose
YCR099C	373.247714140699	-1.39342607958199	0.134152064079142	-10.3869149472045	2.84403769040169e-25	2.18319593772079e-24	-1.37280300341352	FALSE	down_in_cellobiose
YDR441C	2050.43488356503	0.744761733580031	0.0719849572188705	10.3460745460413	4.35997403496108e-25	3.34264676013683e-24	0.738083317471738	FALSE	up_in_cellobiose
YDR429C	5579.04637345779	0.68595396991022	0.0663064002083002	10.3452150585058	4.39927452909637e-25	3.36850780082329e-24	0.681547065176927	FALSE	up_in_cellobiose
YMR311C	5332.26170726544	0.63109620138504	0.0610086210331403	10.3443774125336	4.43791401710841e-25	3.39379796327292e-24	0.626376206181759	FALSE	up_in_cellobiose
YJL079C	68405.0181413432	0.569998947873951	0.0551214471176771	10.3407834459984	4.60755163667215e-25	3.51907573866538e-24	0.565854759978451	FALSE	up_in_cellobiose
YGR288W	1127.54261369319	-1.02356927795862	0.0990637046803112	-10.3324348838132	5.02681033806651e-25	3.83444839028554e-24	-1.01117662654705	FALSE	down_in_cellobiose
YOL105C	1527.07377083446	-0.817463164467841	0.0791323966647479	-10.3303223322188	5.13876121391553e-25	3.91490763009762e-24	-0.80938060958188	FALSE	down_in_cellobiose
YBR011C	40494.5410440536	-0.557970905413441	0.0540712674491115	-10.3191756312827	5.77165677144866e-25	4.39154110823811e-24	-0.554037367863716	FALSE	down_in_cellobiose
YMR291W	2987.67341042207	0.863276760444696	0.0837096604471552	10.3127495181953	6.17100959227718e-25	4.68950213865385e-24	0.855077252604059	FALSE	up_in_cellobiose
YLR027C	12402.6081147124	-0.581309772414265	0.0564265585742737	-10.3020596524435	6.89685608032266e-25	5.23451473398642e-24	-0.576618296032295	FALSE	down_in_cellobiose
YDR144C	1211.15054020039	-0.901441489308616	0.0875111166369953	-10.300879750488	6.98198224201745e-25	5.29248252906811e-24	-0.891877277439747	FALSE	down_in_cellobiose
YOR348C	585.079839763813	1.11476950931599	0.108260742073885	10.2970798828923	7.26326847512726e-25	5.49881239124465e-24	1.10014942602502	FALSE	up_in_cellobiose
YDR438W	1108.68784820177	-0.877979327441792	0.0853107603886592	-10.2915426312213	7.69338073198517e-25	5.81715750597229e-24	-0.868487772117255	FALSE	down_in_cellobiose
YGL138C	494.132348444895	1.51839604920704	0.147967889929338	10.2616591338307	1.04888876500159e-24	7.92100891322674e-24	1.49528392463217	FALSE	up_in_cellobiose
YGR038C-A	726.462996626567	12.9626447131985	1.26416293782461	10.2539350943992	1.13621462163691e-24	8.56977836194723e-24	14.33513573643	FALSE	up_in_cellobiose
YHR185C	252.232695850805	2.39203358625657	0.233518294851302	10.2434526073418	1.26634935098402e-24	9.53941123798551e-24	2.34954148732193	FALSE	up_in_cellobiose
YBR301W	1459.67421354199	2.48062395147109	0.242420027767987	10.2327517008835	1.41442255369999e-24	1.06415945613573e-23	2.43678550786437	FALSE	up_in_cellobiose
YLL058W	4052.19650977442	-0.681184454854092	0.0665876820866215	-10.2298868725895	1.45689466163914e-24	1.09475227431741e-23	-0.675424164198759	FALSE	down_in_cellobiose
YJL115W	4300.26522632623	0.646571202658052	0.0632491794777834	10.2226022218227	1.57066827363042e-24	1.1787806931998e-23	0.641549222920092	FALSE	up_in_cellobiose
YLR289W	1381.28513999565	0.810937973903738	0.0793648995789333	10.2178416177193	1.64973207165106e-24	1.23658355655728e-23	0.802878840434847	FALSE	up_in_cellobiose
YMR135C	5587.55015028556	-0.611586713487954	0.0603817933226237	-10.128660972691	4.12256066277064e-24	3.08630810013609e-23	-0.606922691532671	FALSE	down_in_cellobiose
YNL031C	36926.0688626528	-0.612764033291525	0.0605585251539007	-10.1185428762387	4.57170816030425e-24	3.41832665780969e-23	-0.609030963601811	FALSE	down_in_cellobiose
YPR204W	24234.2668358236	0.685840514538973	0.0678123517712063	10.1137992802985	4.79864749431669e-24	3.58358255470638e-23	0.679951960068611	FALSE	up_in_cellobiose
YCR106W	1251.37606978493	-0.831197759570538	0.0822097985028835	-10.1106896587441	4.95343428136661e-24	3.69461454599095e-23	-0.822360728793431	FALSE	down_in_cellobiose
YGL148W	11539.224645144	-0.642326089980731	0.0636548293480315	-10.0907676064738	6.06930328100448e-24	4.52133196389114e-23	-0.637102309410152	FALSE	down_in_cellobiose
YNL156C	2515.84206162215	0.71849783717893	0.0713384421153276	10.0716782687431	7.3709432950026e-24	5.48423566930759e-23	0.711967779390048	FALSE	up_in_cellobiose
YDR418W	22364.4271270439	0.654112399195115	0.0650251686356936	10.0593725924774	8.35289613359003e-24	6.20720745848724e-23	0.648826238324146	FALSE	up_in_cellobiose
YNR061C	1582.60761877395	-0.770397416435481	0.0766733883183307	-10.0477810271924	9.39592637396524e-24	6.97373725596512e-23	-0.762765300572453	FALSE	down_in_cellobiose
YBL029W	5797.51097775332	0.775866650369248	0.0774243861459595	10.0209596612958	1.23299845762295e-23	9.14020547813872e-23	0.768102693437433	FALSE	up_in_cellobiose
YLR070C	571.376267140714	1.08694183259201	0.108487082519649	10.0190898985153	1.25654651995403e-23	9.30336584969633e-23	1.07242608677198	FALSE	up_in_cellobiose
YDL137W	14915.7351122847	0.559759394259278	0.0558881512099231	10.0157078404106	1.30027753211016e-23	9.61537749600774e-23	0.555238694342936	FALSE	up_in_cellobiose
YLR174W	808.11893249581	0.967494850702426	0.0966075129330706	10.0146957656668	1.31365455963864e-23	9.70243764499894e-23	0.955341733317913	FALSE	up_in_cellobiose
YNL160W	18176.0880601816	-0.749750151659262	0.0748846810667591	-10.0120630945983	1.34909344216746e-23	9.95203198984265e-23	-0.743748615380426	FALSE	down_in_cellobiose
YJL122W	2573.46645003365	0.778444819874786	0.0778360796749938	10.0010794881397	1.50744749509276e-23	1.11066381215787e-22	0.771239438122268	FALSE	up_in_cellobiose
YCL038C	3403.08085648364	-0.722991035405874	0.0724602331192873	-9.9777630333545	1.9071790794132e-23	1.40347034688205e-22	-0.716513508910073	FALSE	down_in_cellobiose
YMR250W	10751.0935991369	0.693141325098806	0.0694741910992848	9.97696143173866	1.92264511445744e-23	1.41313247841471e-22	0.688901285122567	FALSE	up_in_cellobiose
YJL132W	2399.08874322665	-0.81417083826716	0.0816454014861787	-9.97203545388881	2.02045039545905e-23	1.48321655851114e-22	-0.805857746029228	FALSE	down_in_cellobiose
YHR021C	14381.9903767261	0.688713264582238	0.0690990441434359	9.9670447416408	2.12456389534959e-23	1.55775600035996e-22	0.682340879233855	FALSE	up_in_cellobiose
YGR202C	5410.31994379942	-0.649550599985813	0.0652263322421748	-9.95841062431867	2.31737693415146e-23	1.69707180080898e-22	-0.643469442561785	FALSE	down_in_cellobiose
YHR214C-B	30054.8539587167	-0.630903719144573	0.0633919847829255	-9.95242097727323	2.46121570749106e-23	1.80022899813947e-22	-0.626106588203524	FALSE	down_in_cellobiose
YJL091C	1339.55804091658	-0.861278903550217	0.0865642608981003	-9.94958998799837	2.53224338884763e-23	1.84994447574146e-22	-0.852203064705342	FALSE	down_in_cellobiose
YGR078C	1330.42378874338	-0.802799231300534	0.0807021387330307	-9.94768222879768	2.58124875449982e-23	1.88347089456808e-22	-0.794181164047451	FALSE	down_in_cellobiose
YML100W	6678.87678824672	0.617516075472837	0.062109584699171	9.94236362171455	2.72288358482853e-23	1.9844244342925e-22	0.614087219055591	FALSE	up_in_cellobiose
YHL048W	4291.30798803212	-0.689781034573763	0.0694118437790908	-9.93751205873526	2.85877830717856e-23	2.08095667630844e-22	-0.683336824888733	FALSE	down_in_cellobiose
YKL219W	1417.212404141	-0.804953596081929	0.0810101522134325	-9.93645332206225	2.88931515977671e-23	2.10065713960208e-22	-0.794842806714463	FALSE	down_in_cellobiose
YCR093W	4115.04142017601	0.801850762636624	0.0807010970433062	9.9360577738656	2.90080653334613e-23	2.10648003844067e-22	0.793626011963345	FALSE	up_in_cellobiose
YDR334W	2964.59203387934	0.699764472791624	0.0705572798866188	9.91767928009841	3.48770976986642e-23	2.52963505970287e-22	0.690850859524136	FALSE	up_in_cellobiose
YBR054W	14357.000347642	0.686720043915546	0.0693069888322038	9.90838089327666	3.82799165362481e-23	2.7731163488355e-22	0.681064605906956	FALSE	up_in_cellobiose
YDL085C-A	906.493596545399	-1.06624947183871	0.1077639872835	-9.89430234270816	4.40672192558049e-23	3.18854795787517e-22	-1.05184636562378	FALSE	down_in_cellobiose
YPL189C-A	356.005700431149	1.29851057527718	0.131384904424785	9.88325546958512	4.92077738646903e-23	3.55624640510766e-22	1.27864989329813	FALSE	up_in_cellobiose
YBR140C	3397.95576154067	0.841786985838859	0.0852032291542967	9.87975449046004	5.09576015199634e-23	3.67831183286705e-22	0.83230716623104	FALSE	up_in_cellobiose
YLR382C	2184.36079620348	0.748697758674387	0.0758216971462565	9.87445265476167	5.37254611220276e-23	3.87348408018051e-22	0.741424530938	FALSE	up_in_cellobiose
YNL079C	13093.9400680733	-0.561339026060361	0.0569031911300088	-9.86480748993232	5.91477993424455e-23	4.25934569312444e-22	-0.558607654441648	FALSE	down_in_cellobiose
YMR058W	15133.1402750399	-2.04990969285745	0.207854834912074	-9.86221799326723	6.06936034299194e-23	4.36546500770015e-22	-2.01137976692237	FALSE	down_in_cellobiose
YJR045C	19365.8538805064	0.540773094494076	0.0549272525709393	9.84526021569456	7.18530475829982e-23	5.16198438039853e-22	0.538553837898236	FALSE	up_in_cellobiose
YCL064C	27470.3136905912	-0.968651983275055	0.0983907422516949	-9.84495046085872	7.20747259547095e-23	5.1717677022543e-22	-0.955763157390549	FALSE	down_in_cellobiose
YIL172C	847.89805658758	0.916046335933756	0.0931072854111911	9.83861071545805	7.67635047706525e-23	5.501687681963e-22	0.904829516354354	FALSE	up_in_cellobiose
YFR029W	1509.9960575383	-0.784215105208908	0.0797423944547026	-9.83435612350942	8.00781932589597e-23	5.73246143223015e-22	-0.776047247171281	FALSE	down_in_cellobiose
YHR183W	21830.2460560398	-0.625807004254361	0.0637104070546525	-9.82268099021133	8.9919723478058e-23	6.42936651677037e-22	-0.621183791096873	FALSE	down_in_cellobiose
YAL021C	4334.64673380471	0.612418604882908	0.0624509897729763	9.80638749056165	1.05684448754308e-22	7.54764144645581e-22	0.605962559532041	FALSE	up_in_cellobiose
YGR130C	7852.10738300542	0.576026767639055	0.0587795385649223	9.79978376323644	1.12826919276318e-22	8.04823154130243e-22	0.571755750673857	FALSE	up_in_cellobiose
YBR046C	2428.41453274063	-0.714996981608721	0.0730013097649733	-9.79430347086433	1.19115535766885e-22	8.48680654716005e-22	-0.707772878369129	FALSE	down_in_cellobiose
YLR454W	1789.26635517582	0.915710854907547	0.0935062123626695	9.79304830951666	1.20603966309839e-22	8.58274579068488e-22	0.906503496199125	FALSE	up_in_cellobiose
YHR210C	1006.82662180387	-0.983569323916355	0.100459859440987	-9.79066991920417	1.23475049638711e-22	8.77674001485971e-22	-0.970619360381562	FALSE	down_in_cellobiose
YLR325C	16372.3420597165	0.6364726567874	0.0651376579684136	9.77119344843557	1.49678371442776e-22	1.06268130147576e-21	0.631893663689215	FALSE	up_in_cellobiose
YJR009C	82011.0079874216	-0.520785834014832	0.053313781596237	-9.76831540405287	1.53991176216862e-22	1.09201948995991e-21	-0.517207722648603	FALSE	down_in_cellobiose
YIL033C	5713.70181246544	0.58783583150292	0.0603424748400705	9.74165930484122	2.00257322044832e-22	1.418450282259e-21	0.582873909565485	FALSE	up_in_cellobiose
YPR100W	1488.42739829345	0.776072619430247	0.0797032619350168	9.73702456573221	2.09601643669742e-22	1.48290098544827e-21	0.767851206748308	FALSE	up_in_cellobiose
YOR223W	1551.40590714191	0.749923082507048	0.0770417608625117	9.73398159792007	2.15970086252039e-22	1.52617178941423e-21	0.742328090605388	FALSE	up_in_cellobiose
YGL006W	4949.6887901374	0.636247301865228	0.0653849859220152	9.73078594257223	2.22864288028612e-22	1.57305260009927e-21	0.628767107525044	FALSE	up_in_cellobiose
YDR034C-D	2791.96419716821	-0.858767758557009	0.0884345469359011	-9.71077241091604	2.71273500858008e-22	1.9125097980071e-21	-0.848658469305319	FALSE	down_in_cellobiose
YLR345W	3553.06019589746	0.707294081368897	0.0728473165370158	9.70926747877529	2.75308509916e-22	1.93869752791838e-21	0.70021190259373	FALSE	up_in_cellobiose
YBR071W	3999.60846901481	0.627862112563352	0.0646735575282882	9.70817342603623	2.78279106344253e-22	1.95733757473998e-21	0.622660072620111	FALSE	up_in_cellobiose
YLR387C	2709.71474185943	-0.727302906275299	0.0749554211799652	-9.70313947711762	2.9236135685611e-22	2.05399982302278e-21	-0.720047956097029	FALSE	down_in_cellobiose
YJL191W	2831.63073664551	0.660362716194971	0.0681412426745139	9.69108707555107	3.29007918784586e-22	2.30878062729462e-21	0.654360464824028	FALSE	up_in_cellobiose
YBR078W	24455.0762489945	0.560212644510031	0.0578729831832051	9.68003744919454	3.66581686745803e-22	2.56947001520899e-21	0.556057264729878	FALSE	up_in_cellobiose
YNL217W	3073.74701521537	-0.654281113861876	0.0676445623336249	-9.67233863728681	3.95241125660922e-22	2.767145334633e-21	-0.648184101757454	FALSE	down_in_cellobiose
YLR155C	38294.2480663791	0.583182945809864	0.0602967695446612	9.67187712067902	3.97027921123585e-22	2.77644149696713e-21	0.578622696361147	FALSE	up_in_cellobiose
YMR262W	1257.02577391418	-0.878921147351045	0.0908797834546475	-9.67125045791576	3.99466894756349e-22	2.79027164709141e-21	-0.868088826077721	FALSE	down_in_cellobiose
YOR020C	7563.68083426247	0.560304853201307	0.0579856810382842	9.6628140459603	4.33781482680301e-22	3.02646388550535e-21	0.555706284710284	FALSE	up_in_cellobiose
YNL064C	9669.95720357052	0.557447760004863	0.0577263047156117	9.65673730115112	4.60290203207579e-22	3.20771363963438e-21	0.552216748445731	FALSE	up_in_cellobiose
YNL071W	18570.0560502978	0.528953640375047	0.0548047177981906	9.65160777440424	4.83910027971323e-22	3.36843700713295e-21	0.525640546922013	FALSE	up_in_cellobiose
YIL065C	1787.83974867587	0.736829940004248	0.0763611906061006	9.64927254480735	4.9505656770399e-22	3.44206572188671e-21	0.729305849577538	FALSE	up_in_cellobiose
YMR018W	503.782412762808	-1.146050308953	0.118841781394037	-9.6434965507047	5.23729871745448e-22	3.63724683603699e-21	-1.12861155348026	FALSE	down_in_cellobiose
YGL068W	2789.26076575433	0.643235599031633	0.0668653026380909	9.61987119856694	6.59136473489043e-22	4.57238133960461e-21	0.637555507261682	FALSE	up_in_cellobiose
YGR209C	10184.1759023856	0.664073985592938	0.0690700066092207	9.61450589327561	6.94419458947686e-22	4.81161890856192e-21	0.65854746772759	FALSE	up_in_cellobiose
YGR046W	4000.40622583477	0.608638117096223	0.0633980675925454	9.60026291349911	7.97407596508676e-22	5.51889994425741e-21	0.602833314471447	FALSE	up_in_cellobiose
YIL113W	785.933839065404	-0.936176257319879	0.0975878595036022	-9.5931631463371	8.54250900044359e-22	5.90555850784952e-21	-0.923253013401512	FALSE	down_in_cellobiose
YAR007C	3287.66053862437	0.625796348891042	0.0652412581127275	9.59203373745116	8.63655720667254e-22	5.96375965104592e-21	0.620537452468455	FALSE	up_in_cellobiose
YPR058W	2833.65525380967	-0.753003419932807	0.0785041280690797	-9.59189584616749	8.64810964791793e-22	5.96492762374636e-21	-0.744927122324146	FALSE	down_in_cellobiose
YBL003C	14000.8419682602	-0.646201053543875	0.0673716645255252	-9.59158509879251	8.67419994321992e-22	5.97610882192908e-21	-0.641727297328607	FALSE	down_in_cellobiose
YNCD0034C	732.413173883245	-1.16758640165415	0.121801432026134	-9.58598254742712	9.15817536539774e-22	6.30236664224015e-21	-1.14932513917754	FALSE	down_in_cellobiose
YDR127W	16054.6957904209	-0.686927958446843	0.0716742336862466	-9.58402933826771	9.33310773129208e-22	6.4154509848393e-21	-0.680139226206145	FALSE	down_in_cellobiose
YKR059W	18616.8709792939	0.595096206297723	0.0621204265820251	9.57971860531166	9.73096946756134e-22	6.6813432814164e-21	0.59012600354207	FALSE	up_in_cellobiose
YPR122W	2111.21345399209	-0.682233001304888	0.0713198868589968	-9.56581721243751	1.11318506336017e-21	7.6345311204826e-21	-0.675651454813834	FALSE	down_in_cellobiose
YHR142W	2647.44278937655	-0.673549550980017	0.0705278319147837	-9.55012415231823	1.2954095517288e-21	8.87421560408551e-21	-0.667683819681811	FALSE	down_in_cellobiose
YBR082C	11062.7855465765	-0.54389325648386	0.0570390331019193	-9.5354571581186	1.49226617780045e-21	1.02112195808993e-20	-0.539900005472882	FALSE	down_in_cellobiose
YHL027W	9573.94653700057	-0.600225765207339	0.0629795174409327	-9.53049165183394	1.56540085932255e-21	1.06995590938329e-20	-0.595233373199612	FALSE	down_in_cellobiose
YER020W	5506.94654929486	0.58652969021085	0.061551144590024	9.52914351337526	1.58586175516121e-21	1.08271757979347e-20	0.581616672847969	FALSE	up_in_cellobiose
YFR022W	1250.32973475593	-0.782784770503289	0.0821732573843099	-9.52602824106562	1.63416033444044e-21	1.11443470834613e-20	-0.773910063951162	FALSE	down_in_cellobiose
YOL020W	4150.06247177234	0.71204930445936	0.0748065899617681	9.5185371345395	1.75633943346423e-21	1.19640734606139e-20	0.704841223730964	FALSE	up_in_cellobiose
YDR006C	3339.86046902911	0.700000865197547	0.0736044079059408	9.51031174779748	1.90092002106295e-21	1.2934381560641e-20	0.693477347495658	FALSE	up_in_cellobiose
YBR262C	1768.97366466916	0.770361510894937	0.0810336633334573	9.50668498997588	1.96835157541812e-21	1.33781558198924e-20	0.761978168428505	FALSE	up_in_cellobiose
YOR201C	6551.38882710386	-0.613540442556017	0.0645691376812759	-9.50206963556732	2.05759515635745e-21	1.39690158258207e-20	-0.609030607225968	FALSE	down_in_cellobiose
YBL055C	1222.37650063689	-0.798892127879968	0.0841735980294439	-9.49100604681905	2.28815128605489e-21	1.55168465575628e-20	-0.789590703231899	FALSE	down_in_cellobiose
YER006W	3483.00407590628	0.684346639953972	0.0721152306247628	9.48962700424315	2.31862420096172e-21	1.5705887784566e-20	0.677931983735021	FALSE	up_in_cellobiose
YGR034W	21065.655440202	0.653697439602495	0.0690544548567573	9.46640504162241	2.89640547422058e-21	1.95977144446983e-20	0.646406093615423	FALSE	up_in_cellobiose
YNL327W	11191.9253985926	-0.743262634174103	0.0785297008190884	-9.46473278799805	2.94312586371242e-21	1.98915847481524e-20	-0.735241204928321	FALSE	down_in_cellobiose
YDR276C	4907.36328669585	0.601410190616602	0.0636005374643926	9.45605516232165	3.19780236642478e-21	2.15887349492226e-20	0.596475216307118	FALSE	up_in_cellobiose
YLR146W-A	456.279004433203	1.16167125936901	0.122923291655488	9.4503754636248	3.37617461963335e-21	2.27675365375275e-20	1.14333324988664	FALSE	up_in_cellobiose
YNL129W	865.285593255488	-0.975733609582757	0.103303228602774	-9.44533508565049	3.54268963001013e-21	2.38638413941328e-20	-0.960800296197775	FALSE	down_in_cellobiose
YLR222C	2746.15673324429	0.693076637675063	0.0733880840628805	9.44399416506392	3.58834008840505e-21	2.41444596159757e-20	0.687035696434387	FALSE	up_in_cellobiose
YKL133C	1724.49672680377	0.736385707457414	0.077978949503371	9.4433909682969	3.60906466908222e-21	2.42569246480871e-20	0.729206739654249	FALSE	up_in_cellobiose
YER049W	3879.82868590707	-0.618212121427296	0.0655754803307731	-9.42748902957227	4.20023249705981e-21	2.81676345617681e-20	-0.613060589915973	FALSE	down_in_cellobiose
YOR128C	9924.5333348285	-0.561855404637384	0.0595972014343175	-9.42754678265571	4.19792105837173e-21	2.81676345617681e-20	-0.557338824250011	FALSE	down_in_cellobiose
YNR059W	2172.35489135159	-0.702016560781762	0.0744926582529155	-9.42396978771108	4.34348360286628e-21	2.90960490739071e-20	-0.694862781285033	FALSE	down_in_cellobiose
YOR027W	6907.97792188809	0.573433013211747	0.0608835678051705	9.41851855736761	4.57497083371536e-21	3.06128302800268e-20	0.568821943520997	FALSE	up_in_cellobiose
YNR067C	10976.262114816	-0.786917990051949	0.0835519466379754	-9.4183082706811	4.58414101116964e-21	3.06402972116742e-20	-0.777802687340501	FALSE	down_in_cellobiose
YDR034C	3793.0745952421	-0.641520270735259	0.0681692294022126	-9.41070151974517	4.92836473011934e-21	3.29047221329933e-20	-0.634823815518327	FALSE	down_in_cellobiose
YIL042C	2329.05873090664	0.723024350207883	0.0768693679824184	9.40588389348087	5.15947055824203e-21	3.44097435576693e-20	0.715698847346288	FALSE	up_in_cellobiose
YMR002W	2746.99798282378	0.633904239147932	0.0674159421189997	9.40288334217731	5.30879312252293e-21	3.53666185001555e-20	0.628017441572013	FALSE	up_in_cellobiose
YBR285W	1146.48041810465	0.873286350236071	0.0928767123402952	9.40264064296761	5.32105624820671e-21	3.54093171016528e-20	0.861983080383334	FALSE	up_in_cellobiose
YPL163C	2029.09842398259	-0.716164219229989	0.0763853549006599	-9.37567443604038	6.87349086131735e-21	4.56898310111084e-20	-0.707860984659368	FALSE	down_in_cellobiose
YAL022C	2186.28728554183	-0.699196938881396	0.0746073525639561	-9.3716894495354	7.13806735742877e-21	4.73444840406652e-20	-0.692089994722249	FALSE	down_in_cellobiose
YGL021W	5492.09454114986	-0.58010411490658	0.0618992076472971	-9.37175348369603	7.13373732334739e-21	4.73444840406652e-20	-0.575076981677641	FALSE	down_in_cellobiose
YER176W	5943.37582387559	-0.567852706971137	0.0606207422643495	-9.36730046120016	7.44113200812845e-21	4.93005558786079e-20	-0.562032420672085	FALSE	down_in_cellobiose
YIL041W	4772.35673172794	0.598588155874247	0.0639454449475448	9.36091939567041	7.90458287972547e-21	5.23138094523626e-20	0.594528444523827	FALSE	up_in_cellobiose
YCL026C-B	647.194873921181	-0.996920279718472	0.106577193991595	-9.35397379477917	8.44151661590017e-21	5.57453428052185e-20	-0.982752205188747	FALSE	down_in_cellobiose
YOR116C	3489.47490832976	0.64556540313639	0.0690145963263591	9.35404157235976	8.4361066546172e-21	5.57453428052185e-20	0.637275740877164	FALSE	up_in_cellobiose
YDR447C	14804.0873855078	0.593727787838474	0.0635217348832771	9.34684464977957	9.03014415675866e-21	5.95674394811702e-20	0.588629690802309	FALSE	up_in_cellobiose
YIL120W	915.881246964916	0.859607093171154	0.0920801707053205	9.33542028198569	1.00591365667967e-20	6.62829162228248e-20	0.848509554566338	FALSE	up_in_cellobiose
YBR035C	6366.77152814668	-0.569844794482286	0.0610472524761427	-9.33448716148169	1.01481330899286e-20	6.67965800445896e-20	-0.565089221465393	FALSE	down_in_cellobiose
YJR094W-A	9744.64181747436	0.67739991742406	0.0726200094426592	9.32800646299744	1.07880836858968e-20	7.09316502347711e-20	0.671045005759481	FALSE	up_in_cellobiose
YDR173C	1260.11244951279	0.776137462718859	0.0832086700820263	9.32760326482504	1.0829191461796e-20	7.11246244868665e-20	0.767318613527715	FALSE	up_in_cellobiose
YNL256W	3197.35016818625	-0.675395522325521	0.072485889482731	-9.31761377483581	1.1898611238616e-20	7.80636652737397e-20	-0.668271599480241	FALSE	down_in_cellobiose
YBR280C	1750.85846580688	0.717955941365916	0.0771378870199992	9.30743593196655	1.30955458597115e-20	8.58233552604497e-20	0.710375655868288	FALSE	up_in_cellobiose
YDR511W	853.882814579477	0.886665156551107	0.0952895699540949	9.30495495969025	1.34049137794512e-20	8.77557613115803e-20	0.87505251241225	FALSE	up_in_cellobiose
YOR059C	2776.21417556234	-0.666323770264386	0.0716344697428115	-9.30171986554353	1.38191959987689e-20	9.03700719962733e-20	-0.659938073072371	FALSE	down_in_cellobiose
YIR007W	2560.16772932974	-0.748116865099469	0.0805138103364915	-9.29178313599695	1.51724816820055e-20	9.91126800156059e-20	-0.739617795617836	FALSE	down_in_cellobiose
YKL192C	4856.55519457337	0.569459672143009	0.0613236224732216	9.28613883486215	1.59986983916312e-20	1.04397116042047e-19	0.564719760717423	FALSE	up_in_cellobiose
YGL156W	7624.85856053717	0.592286293487493	0.0639571553303194	9.26067287434085	2.03147910558731e-20	1.32418287820018e-19	0.587276732935226	FALSE	up_in_cellobiose
YDL169C	1244.11603928149	0.761230369969277	0.0822831039980032	9.25135699775922	2.21660396791068e-20	1.44329789040815e-19	0.752547730982498	FALSE	up_in_cellobiose
YDR527W	3588.08672265668	-0.655312541467481	0.0708533938983453	-9.24885182504694	2.26917022893745e-20	1.47593663600458e-19	-0.648783062235284	FALSE	down_in_cellobiose
YHR038W	1101.9864217918	0.783149827719271	0.0847805571763995	9.23737533465134	2.52617641070749e-20	1.64133631668847e-19	0.774057625771637	FALSE	up_in_cellobiose
YHR216W	7912.72790347256	-1.81658178697302	0.196754975222004	-9.23271081162404	2.63867742305664e-20	1.71259224593021e-19	-1.79218801972364	FALSE	down_in_cellobiose
YNL110C	3866.66027359304	0.688934687076558	0.0746545831633282	9.22829728443217	2.7496796810983e-20	1.78272372893501e-19	0.681937991859642	FALSE	up_in_cellobiose
YML058W	3123.00038805391	-0.651941774587988	0.0706950387380886	-9.22188863921986	2.91912533366642e-20	1.89055558279959e-19	-0.645246839535315	FALSE	down_in_cellobiose
YGL005C	2901.21004116674	0.642339067501624	0.0696978815413717	9.21604865594574	3.0825032999832e-20	1.99423127931534e-19	0.636285641116432	FALSE	up_in_cellobiose
YCR102C	642.984865784357	-1.01844613531017	0.110562916025498	-9.21146232318341	3.21711840933736e-20	2.07909714295745e-19	-1.00239085438517	FALSE	down_in_cellobiose
YHR116W	513.860780087888	1.02848735435779	0.111662996761228	9.21063722261578	3.24194571112624e-20	2.09290604125962e-19	1.01284811930921	FALSE	up_in_cellobiose
YHR219W	11787.9715869121	0.621262186343791	0.067512944912696	9.20211949200517	3.50957757858165e-20	2.26326596725377e-19	0.607129350270187	FALSE	up_in_cellobiose
YML133C	7785.32042596856	0.857167310820733	0.0931533831170579	9.2016766556251	3.52407386036946e-20	2.27019411942224e-19	0.845719117059109	FALSE	up_in_cellobiose
YNL261W	1030.47876865471	-0.902659956652385	0.0981384835281549	-9.19781847243872	3.65290224341223e-20	2.35068145429794e-19	-0.890364015068885	FALSE	down_in_cellobiose
YBR156C	876.687735060426	-0.854712192583302	0.0929409134264789	-9.19629645408449	3.70499484332862e-20	2.38166990513229e-19	-0.8433977635833	FALSE	down_in_cellobiose
YOR383C	41864.9479366917	-2.40602416682303	0.261944245866073	-9.18525298720697	4.10561096578274e-20	2.63635154213914e-19	-2.35121682237939	FALSE	down_in_cellobiose
YPL234C	6382.41845675234	-0.541800772296528	0.058986660913562	-9.18514057085674	4.10990164363896e-20	2.63635154213914e-19	-0.536524854700776	FALSE	down_in_cellobiose
YGR239C	2933.98826050746	-0.64394634853617	0.0701562926424312	-9.17873970077355	4.36166115789593e-20	2.79488223984243e-19	-0.637749145728496	FALSE	down_in_cellobiose
YIL083C	4775.38783707337	-0.561480415444512	0.0613009344274565	-9.15941038564376	5.2181640270025e-20	3.34017716395112e-19	-0.556851769315425	FALSE	down_in_cellobiose
YMR244W	978.887329570896	0.832643692965761	0.0910199612027084	9.14792405933243	5.80380743488829e-20	3.71112380271028e-19	0.822301105762537	FALSE	up_in_cellobiose
YJR016C	37984.3869262684	-0.50793745825553	0.0555755626402725	-9.13958283325513	6.2693700737896e-20	4.00458496054417e-19	-0.505578569515235	FALSE	down_in_cellobiose
YDR135C	4628.32900158176	-0.562315620591186	0.0615348026519029	-9.1381721620553	6.351675909274e-20	4.05287843620237e-19	-0.557260096729332	FALSE	down_in_cellobiose
YDR040C	13430.3492610194	0.710930582330069	0.0778839491123856	9.12807568738207	6.97276251791106e-20	4.44449320029969e-19	0.703404357257104	FALSE	up_in_cellobiose
YDL040C	4929.5262721331	-0.566858641888747	0.0621456692665445	-9.12145043377801	7.4125533122917e-20	4.71984578800553e-19	-0.561936406268415	FALSE	down_in_cellobiose
YBL029C-A	1352.99879106699	0.804723325005761	0.0882497009071076	9.1187088084618	7.60246535301951e-20	4.83567959205206e-19	0.794122330012946	FALSE	up_in_cellobiose
YJL189W	15214.3242861407	0.568547299610693	0.062373894640512	9.11514829861884	7.85629529092662e-20	4.99188342592596e-19	0.564001437440413	FALSE	up_in_cellobiose
YJL197W	2548.55877816668	0.642478274175127	0.0704947819622024	9.11384156801291	7.95153868889486e-20	5.04709942593127e-19	0.635576041289521	FALSE	up_in_cellobiose
YBL033C	7829.06098096076	0.805392809128804	0.0883995049233046	9.11082940823665	8.17545443573909e-20	5.18378657041779e-19	0.795263123785823	FALSE	up_in_cellobiose
YJR127C	4312.69015621767	-0.592561926330447	0.0650420389810839	-9.11044511539347	8.20446630261967e-20	5.19673472927188e-19	-0.587143118990143	FALSE	down_in_cellobiose
YLR149C	2781.96382158604	0.641415191369357	0.0704207436600048	9.1083274335492	8.36617372988197e-20	5.29361766653306e-19	0.633437208140785	FALSE	up_in_cellobiose
YER084W	474.244563277379	1.10289672740151	0.121113501782525	9.10630698616825	8.52339120319239e-20	5.38746012414951e-19	1.08500417478258	FALSE	up_in_cellobiose
YLR093C	6147.83120281241	0.57897221232006	0.0637287405599502	9.08494671686498	1.03749487243232e-19	6.55094622478404e-19	0.573426462804407	FALSE	up_in_cellobiose
YML030W	1922.18009753163	0.673155829189066	0.0741361350714134	9.07999626013188	1.08578582847169e-19	6.84871582526096e-19	0.666108916138208	FALSE	up_in_cellobiose
YGR089W	4355.38882697825	-0.680140830338535	0.0749133017400597	-9.07903956360839	1.09537118635654e-19	6.90197948569864e-19	-0.672830971661385	FALSE	down_in_cellobiose
YCR023C	3186.33810679464	-0.594321234559137	0.065503432552323	-9.07313115361402	1.15644955774524e-19	7.27925429219663e-19	-0.588908493052525	FALSE	down_in_cellobiose
YGR067C	532.494223067384	1.02872839087411	0.11338453186636	9.07291650757631	1.15873070822323e-19	7.2860312412082e-19	1.01264565362225	FALSE	up_in_cellobiose
YPL260W	3277.1848709483	0.599193872584533	0.0660789089973843	9.0678535961944	1.21384512942133e-19	7.62466166964652e-19	0.593664611582288	FALSE	up_in_cellobiose
YBL057C	1942.79758842107	-0.70589610202687	0.0778557950658665	-9.06671239346637	1.22662155981517e-19	7.69692304493978e-19	-0.69816219313426	FALSE	down_in_cellobiose
YEL001C	3336.04609585417	-0.601679821961673	0.0664014951719142	-9.06123906402887	1.28976985235369e-19	8.08478532319943e-19	-0.595821440597756	FALSE	down_in_cellobiose
YOL139C	10869.012555459	0.56344938760107	0.0622181730221797	9.0560259202759	1.35289940261208e-19	8.47172721159471e-19	0.55933645203672	FALSE	up_in_cellobiose
YCR082W	3063.0548023051	0.615667759905616	0.0680010955647715	9.05379177779846	1.38088003587258e-19	8.63799724611502e-19	0.609954516766734	FALSE	up_in_cellobiose
YCR077C	7042.05932934571	0.54575254178323	0.0602870693463845	9.05256380348433	1.39650206995926e-19	8.72669526981772e-19	0.542106874825363	FALSE	up_in_cellobiose
YER184C	848.190818907592	-0.856579179539559	0.0947075317281599	-9.04446736082414	1.50396586178195e-19	9.38853405358001e-19	-0.844834723473811	FALSE	down_in_cellobiose
YBL002W	13090.8871120502	-0.606644177453489	0.0670849067028879	-9.04293092543533	1.525262544415e-19	9.51166302182097e-19	-0.60040220274893	FALSE	down_in_cellobiose
YLR024C	1466.46525072511	0.735649440618057	0.0813531750328425	9.04266416548677	1.52899037270267e-19	9.52509038566269e-19	0.727710329097206	FALSE	up_in_cellobiose
YFR015C	6901.37638046746	0.782430792131523	0.0865657121747945	9.03857627315108	1.58725552405032e-19	9.87788957302509e-19	0.771209288294327	FALSE	up_in_cellobiose
YNCD0032C	465.457017174419	1.04829430887166	0.116111534446283	9.0283391212665	1.74296965218846e-19	1.08357897493196e-18	1.03151214346534	FALSE	up_in_cellobiose
YKR057W	10932.3968976042	0.715760892118415	0.0793234143325966	9.02332430015289	1.82466429630434e-19	1.1332027031155e-18	0.706365828812158	FALSE	up_in_cellobiose
YJL144W	1286.91288344302	0.743527797140204	0.0825165413113433	9.01065150482735	2.04835960826398e-19	1.27082330978347e-18	0.735509475943394	FALSE	up_in_cellobiose
YPR036W	18820.4478883785	-0.501401344953456	0.0556652571993001	-9.00743785586532	2.10926513507302e-19	1.30726893463696e-18	-0.497952946122043	FALSE	down_in_cellobiose
YCR101C	279.575662664749	-1.41687928436335	0.157567885038777	-8.99218317244443	2.42367355982564e-19	1.50059379359113e-18	-1.3892041728393	FALSE	down_in_cellobiose
YNR039C	4026.69168338651	-0.67797562054204	0.0754348117175457	-8.98756959957185	2.5275767983651e-19	1.5633243408293e-18	-0.670891725468499	FALSE	down_in_cellobiose
YGL135W	35400.8407201534	0.527895250722534	0.0587968280997379	8.97829471050815	2.74995657778946e-19	1.69913047385582e-18	0.52183825222626	FALSE	up_in_cellobiose
YKL053C-A	1405.97784037467	0.766541919421254	0.0855090541927481	8.96445325770267	3.11823976589741e-19	1.92471758611361e-18	0.757310650349594	FALSE	up_in_cellobiose
YGL158W	669.193556442805	1.32293700753826	0.147818805335122	8.94972060245664	3.56383240850312e-19	2.19613756019125e-18	1.29810978934589	FALSE	up_in_cellobiose
YDR097C	3023.51041086102	0.687864572116359	0.0768591475812708	8.94967734828195	3.56522910250918e-19	2.19613756019125e-18	0.680070609364139	FALSE	up_in_cellobiose
YNCM0031W	1382.43608083505	0.740037522555194	0.0826995262366996	8.94850981899322	3.6031340528226e-19	2.21722867604516e-18	0.730752264424639	FALSE	up_in_cellobiose
YPL212C	5590.16764404022	-0.564779031677728	0.0631745832432103	-8.93997241744254	3.89267520140798e-19	2.39296669647529e-18	-0.559457929149398	FALSE	down_in_cellobiose
YLR225C	5241.42705706236	-0.553581433253494	0.062007413821893	-8.92766524408796	4.35093927612748e-19	2.67196260723809e-18	-0.54875479434472	FALSE	down_in_cellobiose
YGL027C	3430.32843586099	-0.623801141656117	0.0699121098150366	-8.9226479261816	4.55270220564654e-19	2.79303201236876e-18	-0.617763348609331	FALSE	down_in_cellobiose
YJR161C	2479.95241346654	-0.735932922679223	0.0825985203437386	-8.90975915327048	5.11435425476758e-19	3.13442035330183e-18	-0.726953714729743	FALSE	down_in_cellobiose
YOL049W	3557.45630524837	-0.632961278174516	0.0710579146153248	-8.90768159466936	5.21108038753985e-19	3.19046814415269e-18	-0.626371302375046	FALSE	down_in_cellobiose
YOR167C	13393.3826698785	0.649747293831176	0.0730816094386993	8.89070860400499	6.07204243961819e-19	3.71383060841764e-18	0.641721307094456	FALSE	up_in_cellobiose
YGL035C	10441.4576336859	0.762187425582582	0.085761021536845	8.88734079800027	6.25888077204628e-19	3.82423937273818e-18	0.751530921534334	FALSE	up_in_cellobiose
YBL091C	6593.46259405399	-0.52225990625508	0.0588241316857183	-8.87832750418443	6.78731503074562e-19	4.14293326145108e-18	-0.519267250004468	FALSE	down_in_cellobiose
YIL163C	133.712487257132	-1.96137522286278	0.221006791999813	-8.87472826113159	7.01043672544089e-19	4.27481166856773e-18	-1.9177574471042	FALSE	down_in_cellobiose
YPL202C	1988.99838476152	-0.681050273634567	0.0767746946822326	-8.87076498908145	7.26451182891473e-19	4.42528016647585e-18	-0.673518813270548	FALSE	down_in_cellobiose
YER141W	2636.41566033761	0.629864192890161	0.0710224213255505	8.86852603916457	7.41204349425983e-19	4.51060876225128e-18	0.623434663607848	FALSE	up_in_cellobiose
YCL066W	1202.06023455602	-0.740958078595245	0.0836458058822312	-8.85828130627941	8.12574580458441e-19	4.93996345446543e-18	-0.73177566645686	FALSE	down_in_cellobiose
YHR025W	4517.1119570208	-0.553154123537806	0.0625321653789305	-8.845913462069	9.0782592836712e-19	5.51349301274369e-18	-0.548259334070012	FALSE	down_in_cellobiose
YEL049W	2647.72166266055	1.77015171099692	0.200226578849086	8.84074292819591	9.50842072223915e-19	5.76895054652203e-18	1.73159117625932	FALSE	up_in_cellobiose
YJR098C	711.58932659011	-0.87222246568771	0.0986812579223721	-8.83878543962063	9.67647460005686e-19	5.86502954466372e-18	-0.859607561013714	FALSE	down_in_cellobiose
YBR138C	992.804076132182	-0.782249190156689	0.0886058116441889	-8.82841853870645	1.06166123596357e-18	6.42841723357719e-18	-0.772470224019429	FALSE	down_in_cellobiose
YKL023W	2241.17785298908	-0.624602730655896	0.0709012829302989	-8.80947008067437	1.25738842063648e-18	7.60594255643007e-18	-0.617959595111373	FALSE	down_in_cellobiose
YHR201C	2546.33575117124	-0.610667969159235	0.0693280625711535	-8.80838071210325	1.26966580653071e-18	7.67253592777647e-18	-0.604556338327603	FALSE	down_in_cellobiose
YDR115W	1583.37320867078	0.682738695091673	0.0775550503112978	8.803278346816	1.32876461204126e-18	8.02165383057646e-18	0.675117353695739	FALSE	up_in_cellobiose
YLR439W	1554.66878203877	0.742559713076733	0.0844148592718116	8.79655216489467	1.41083996907914e-18	8.50864503784619e-18	0.73390406116182	FALSE	up_in_cellobiose
YMR103C	704.620159941872	0.885423235551022	0.100732591716613	8.78983872510641	1.49774813782818e-18	9.0237833523134e-18	0.872591922070596	FALSE	up_in_cellobiose
YBL001C	7143.49220327475	0.581633276058637	0.0661842163224426	8.78809644319092	1.52115361511375e-18	9.15567981872943e-18	0.576365090249053	FALSE	up_in_cellobiose
YOR054C	4147.20884031281	0.567535650763458	0.0646441302611244	8.77938412151183	1.64372245068656e-18	9.88357565030118e-18	0.562440334258945	FALSE	up_in_cellobiose
YFL051C	203.437709411991	1.59325967948946	0.181609995230368	8.77297352201598	1.740089653756e-18	1.04526338784211e-17	1.5594672409259	FALSE	up_in_cellobiose
YDL140C	6317.84106656705	0.639066320087849	0.0728735038501636	8.76952920229887	1.79414881590743e-18	1.07666728049841e-17	0.6338457341081	FALSE	up_in_cellobiose
YPL191C	1382.04536993441	-0.702431122710189	0.0801113583877983	-8.76818389859154	1.81571104725478e-18	1.08852687064858e-17	-0.694050077457555	FALSE	down_in_cellobiose
YJL218W	347.08746287198	-1.212215692196	0.138355754401261	-8.76158492606186	1.92524038875731e-18	1.15304743679138e-17	-1.18915345088669	FALSE	down_in_cellobiose
YBR025C	14944.5220972214	0.502123725433911	0.057323113421841	8.75953337947262	1.96060279243725e-18	1.17306491507942e-17	0.497490505480381	FALSE	up_in_cellobiose
YJL199C	781.852526400449	-0.882394250368435	0.100789378694835	-8.75483371159678	2.04404631207859e-18	1.22178222744698e-17	-0.869333261020364	FALSE	down_in_cellobiose
YJL059W	923.955088006888	-0.790796716423239	0.0903408681445154	-8.75347705490528	2.06877963010387e-18	1.23534530922984e-17	-0.779715559231658	FALSE	down_in_cellobiose
YBL103C	2602.15221227728	-0.632085906450557	0.0722187148664504	-8.75238375010459	2.08892659815381e-18	1.24614565998347e-17	-0.625242745998612	FALSE	down_in_cellobiose
YHR020W	9139.23358520553	-0.550238028706402	0.0628912180270177	-8.74904392009109	2.15167913754432e-18	1.28231597073947e-17	-0.546277027190674	FALSE	down_in_cellobiose
YGL134W	2211.61549027435	0.67090325230865	0.0767645219527287	8.73975679444457	2.33612791687888e-18	1.39086985917326e-17	0.66348267389234	FALSE	up_in_cellobiose
YOL155C	20628.2007785607	-0.888044442649569	0.101624833263757	-8.73845903731756	2.36311557123082e-18	1.4041734862844e-17	-0.875397963083731	FALSE	down_in_cellobiose
YCL054W	3497.35415932756	0.645024158357481	0.0738139392051204	8.73851423326742	2.36196149492041e-18	1.4041734862844e-17	0.638038235073388	FALSE	up_in_cellobiose
YKL187C	1212.91149619879	0.722069024184207	0.082670973438016	8.7342509003549	2.45276141610619e-18	1.45601116840298e-17	0.713747382364655	FALSE	up_in_cellobiose
YKL103C	9256.07379304512	-0.619640459854876	0.0709624732132268	-8.73194565799575	2.50328498943849e-18	1.48454616677583e-17	-0.615424225201191	FALSE	down_in_cellobiose
YFR032C	471.949297678969	1.53338758757753	0.175727824264724	8.72592370612622	2.64016641339617e-18	1.56418870074764e-17	1.50056692162898	FALSE	up_in_cellobiose
YKL058W	2141.72256699581	0.654659806870294	0.0750793711239164	8.71956966434623	2.7926112609235e-18	1.65288703692038e-17	0.647817748431135	FALSE	up_in_cellobiose
YMR325W	135.348170394325	1.88347616728353	0.216196920334499	8.71185474968573	2.98942582961948e-18	1.76764778527549e-17	1.83927997128863	FALSE	up_in_cellobiose
YER143W	2457.57210009945	0.626970693916005	0.0721484029004124	8.69001486812429	3.62392058702712e-18	2.14073199520772e-17	0.620704795750955	FALSE	up_in_cellobiose
YNL271C	3643.78450192092	0.644518694912708	0.0742793789463767	8.67695320094147	4.06512286296069e-18	2.39901738517553e-17	0.637593368728359	FALSE	up_in_cellobiose
YOL048C	1495.67731148013	-0.718117180432602	0.0828087170298364	-8.6719998351606	4.24596276022748e-18	2.50329714781833e-17	-0.709340478268702	FALSE	down_in_cellobiose
YHR092C	1978.87576356366	-1.90456881906801	0.219660313948036	-8.67051851486729	4.30156997998113e-18	2.5336121527659e-17	-1.86324334475784	FALSE	down_in_cellobiose
YJL044C	4070.794804225	-0.554411026517995	0.0640788940637521	-8.65200678973035	5.06016335385581e-18	2.9775221913885e-17	-0.54872735062734	FALSE	down_in_cellobiose
YGL031C	19498.0325742241	0.542421001674223	0.0627275876197301	8.64724792164033	5.27562719866791e-18	3.10128949705949e-17	0.537992009490462	FALSE	up_in_cellobiose
YDR378C	2676.84021476788	0.589424873012007	0.0681951888890021	8.64320317334093	5.46585979728473e-18	3.20999863240537e-17	0.583745576081735	FALSE	up_in_cellobiose
YNL315C	2732.15164253573	0.587971164293744	0.0680494617209271	8.64034996639697	5.60410898664921e-18	3.28799760041136e-17	0.582142047754684	FALSE	up_in_cellobiose
YIL003W	1463.72611885195	-0.673340524051037	0.0780759695958903	-8.62417114428612	6.45585122213924e-18	3.78405465530235e-17	-0.665418968012198	FALSE	down_in_cellobiose
YML002W	2658.98246803431	-0.717401159516402	0.0832014701346279	-8.62245773248451	6.55321555311633e-18	3.83740569998071e-17	-0.708359729000612	FALSE	down_in_cellobiose
YGL236C	1262.5066488609	0.782357597059223	0.0907756976244932	8.61857983505188	6.778960840179e-18	3.96575765205442e-17	0.771187622555634	FALSE	up_in_cellobiose
YIL094C	14101.3378200831	-0.529438063163266	0.0614385684223074	-8.61735676398077	6.85173937420653e-18	4.00446101203626e-17	-0.524590867047024	FALSE	down_in_cellobiose
YLL009C	1326.56920964364	0.699064505848033	0.081151094247197	8.61435711166864	7.03351421388455e-18	4.10673045171695e-17	0.691295535636051	FALSE	up_in_cellobiose
YOR293W	16907.2707120947	0.618597265745126	0.0718469609917397	8.60992945569746	7.31055491651961e-18	4.26437287271236e-17	0.612952564070826	FALSE	up_in_cellobiose
YDR481C	4516.73459030221	-0.544736441178458	0.0633794094765094	-8.59484879518097	8.33745078698104e-18	4.85869362335725e-17	-0.539631375899266	FALSE	down_in_cellobiose
YOL077C	3401.02754589802	0.631395463893542	0.0735023743401829	8.5901369794032	8.68657020395278e-18	5.05727268178156e-17	0.624497672923494	FALSE	up_in_cellobiose
YPL033C	975.891496732763	-0.918213179766101	0.106919859061395	-8.58786373108526	8.86012653557994e-18	5.15335628978106e-17	-0.90339790330308	FALSE	down_in_cellobiose
YPR152C	1048.96190269744	0.754833993452019	0.0879038956736258	8.58703687325311	8.92410001035218e-18	5.18557934319119e-17	0.744829462487356	FALSE	up_in_cellobiose
YLR206W	3535.61224141598	-0.585822777568019	0.0682426709892253	-8.58440575487605	9.1307166406243e-18	5.30054750087681e-17	-0.57972400019265	FALSE	down_in_cellobiose
YDL248W	2733.16496684152	-0.730811962495445	0.0852269986185874	-8.57488793857466	9.91833197027785e-18	5.75225216569614e-17	-0.720892082982554	FALSE	down_in_cellobiose
YFR032C-A	10540.0318380001	0.597182068877087	0.0696699245759715	8.57159057529753	1.02065394479551e-17	5.91373152496939e-17	0.589574609836809	FALSE	up_in_cellobiose
YOL026C	2323.33072337627	0.633935248330907	0.0739676618200776	8.57043784718951	1.03092313670584e-17	5.9675158410848e-17	0.628131872566379	FALSE	up_in_cellobiose
YDR257C	1787.2350756973	-0.667380050836526	0.0778820367581497	-8.5691139910602	1.04284268366552e-17	6.03074129397008e-17	-0.659477677490641	FALSE	down_in_cellobiose
YIR031C	2360.92323279615	-0.658807177737987	0.0768861790657629	-8.56860343098193	1.04747584415815e-17	6.05174917030817e-17	-0.651125844980514	FALSE	down_in_cellobiose
YHL038C	1344.2538136598	-0.713455170774967	0.0832772007024758	-8.56723286513827	1.06001396760771e-17	6.11834397906399e-17	-0.7043713845094	FALSE	down_in_cellobiose
YOR269W	1140.46150872677	-0.776017174561181	0.0906103593015755	-8.56433172258359	1.08704463631793e-17	6.26838227367699e-17	-0.765292884283044	FALSE	down_in_cellobiose
YKL117W	8743.68561456275	0.519805193907726	0.0606999436738206	8.56352020194566	1.09472677366781e-17	6.30666881325389e-17	0.516154546797177	FALSE	up_in_cellobiose
YNL061W	4758.85672608026	0.629983901753623	0.0735842921144845	8.56139107478911	1.11513744192529e-17	6.41814118573365e-17	0.62410776188961	FALSE	up_in_cellobiose
YHR027C	9376.62589575527	0.493682669892841	0.0576981604174447	8.55629826533567	1.16549516030836e-17	6.70159717177306e-17	0.489649266648649	FALSE	up_in_cellobiose
YBR007C	3436.2452079747	-0.561487715635281	0.0656462079604281	-8.5532391448071	1.19681579205294e-17	6.87515548540193e-17	-0.555952342554694	FALSE	down_in_cellobiose
YER062C	13810.4446277724	0.781116124773823	0.0913990892218512	8.5462134406814	1.27192694888531e-17	7.29970219526301e-17	0.770317195350249	FALSE	up_in_cellobiose
YML129C	1198.73834117827	0.726017479508206	0.0849773011714948	8.54366365487429	1.30032148403949e-17	7.45558735256386e-17	0.716556298953854	FALSE	up_in_cellobiose
YNL306W	3322.24054685035	0.593800371213325	0.0695530783162631	8.53737010047593	1.37311200082102e-17	7.86548720924842e-17	0.58397412749368	FALSE	up_in_cellobiose
YOR221C	4392.72423746701	-0.579331340340772	0.0678750477249066	-8.5352623645845	1.39837739031107e-17	8.00263465845944e-17	-0.573408558642114	FALSE	down_in_cellobiose
YPL074W	2917.53570794191	-0.585751153748516	0.0687926287456593	-8.51473718084187	1.66968549309648e-17	9.54624531922555e-17	-0.579700695977825	FALSE	down_in_cellobiose
YKR019C	1936.20182133576	-0.680656645047837	0.0799442703116851	-8.51413919214106	1.67832325972689e-17	9.58656978100844e-17	-0.672309090369436	FALSE	down_in_cellobiose
YOR108W	3242.60212117389	-0.631405489820726	0.0742191781742043	-8.50730909925621	1.78016495517768e-17	1.01586960508206e-16	-0.624085308230568	FALSE	down_in_cellobiose
YDR320C-A	1361.94460354565	0.69441886450455	0.0816375285032634	8.50612306908324	1.79846057878036e-17	1.0253428879399e-16	0.685659795104867	FALSE	up_in_cellobiose
YLR194C	4319.03104324939	0.562203358642555	0.0661034518868771	8.50490167449431	1.81749564028812e-17	1.03521950358784e-16	0.556707765256703	FALSE	up_in_cellobiose
YLR337C	2314.70004983561	0.734129966848311	0.0864487035612558	8.4920876381694	2.02957868433382e-17	1.15493146392618e-16	0.724662686776597	FALSE	up_in_cellobiose
YCL028W	4367.91950893502	0.556791871049432	0.065574515168469	8.49097960722951	2.04902527456079e-17	1.16490168099795e-16	0.552989639663424	FALSE	up_in_cellobiose
YHR184W	1268.1960534143	0.717107127894217	0.0845137309368733	8.48509608965025	2.15540545133151e-17	1.22422981925862e-16	0.707810440957132	FALSE	up_in_cellobiose
YMR243C	8868.77496465294	-0.595960306517249	0.0702645773421285	-8.48166073234072	2.22002108791324e-17	1.25974742596502e-16	-0.588967276806148	FALSE	down_in_cellobiose
YLR377C	666.313796284194	0.908503262280339	0.107128584457399	8.48049348249923	2.24240797127006e-17	1.27125827724579e-16	0.894109347967808	FALSE	up_in_cellobiose
YML117W	6377.08673205005	-0.524920815305196	0.0619155092380339	-8.47801821813562	2.29062106527041e-17	1.29737517076973e-16	-0.52056802703301	FALSE	down_in_cellobiose
YER053C-A	68.0390222836379	2.73772206346181	0.323080703726154	8.47380246448368	2.37510048980128e-17	1.34396472056201e-16	2.66614432649075	FALSE	up_in_cellobiose
YPR132W	26343.9911096643	0.5539386772825	0.065417603948018	8.46773106704839	2.50219206560447e-17	1.41455699110668e-16	0.549865617884805	FALSE	up_in_cellobiose
YDL175C	1806.15472461156	-0.652202298669289	0.0771548707979617	-8.4531578100513	2.83528042459598e-17	1.60136426595528e-16	-0.644551824154912	FALSE	down_in_cellobiose
YOL081W	3110.72384353002	0.635007758652054	0.0751652725471522	8.44815347744139	2.95946169501438e-17	1.66994251801697e-16	0.628658137980911	FALSE	up_in_cellobiose
YIL123W	4087.70314653815	-0.62819894982572	0.0743918564879942	-8.44445856687422	3.05457880614693e-17	1.72200812659671e-16	-0.620366680187085	FALSE	down_in_cellobiose
YCR051W	3277.40815675789	0.644873407577819	0.0763731746458731	8.44371614206121	3.07405158516507e-17	1.7313722568588e-16	0.637476870244013	FALSE	up_in_cellobiose
YMR276W	7703.78838408861	0.527877372584901	0.0625250207615607	8.44265809359684	3.1020145316329e-17	1.74549636296255e-16	0.525098870492881	FALSE	up_in_cellobiose
YGL203C	3075.81881084578	-0.567906070674647	0.0673110360441766	-8.43704248292846	3.25468188631653e-17	1.82969988200081e-16	-0.561994712136798	FALSE	down_in_cellobiose
YDR531W	3408.71931689434	-0.585463712340309	0.0694344535134121	-8.43189054879246	3.40125029873293e-17	1.91032154661425e-16	-0.578950932001797	FALSE	down_in_cellobiose
YBR175W	1470.05592150729	-0.734855183515374	0.0872359192632045	-8.42376843990376	3.64564451194761e-17	2.04568679524778e-16	-0.725109089798449	FALSE	down_in_cellobiose
YER130C	2926.40865815434	-0.609612800982521	0.0723783234567596	-8.42258803282058	3.68257556906231e-17	2.06449486721575e-16	-0.60285196934165	FALSE	down_in_cellobiose
YJL157C	5780.40725246959	-0.506530498369947	0.0603431831855955	-8.39416271448638	4.69225952728913e-17	2.62809980375666e-16	-0.502001512782369	FALSE	down_in_cellobiose
YNL251C	1967.90714009811	0.689872402900934	0.0822301201897818	8.38953416714889	4.88072223298996e-17	2.73112754739651e-16	0.681165141498863	FALSE	up_in_cellobiose
YPL252C	3010.57992523603	-0.559999972562259	0.0668057236308112	-8.38251488236232	5.18086408707908e-17	2.89639989489292e-16	-0.554535321360561	FALSE	down_in_cellobiose
YPR098C	3053.74027115729	0.56981734390822	0.0679867367627073	8.38130157499751	5.23455891536867e-17	2.92371623998754e-16	0.561856678692946	FALSE	up_in_cellobiose
YMR319C	38277.8703480046	-0.713190680380379	0.0852686999308429	-8.36403839813216	6.0607181274464e-17	3.38203726502982e-16	-0.703905560715237	FALSE	down_in_cellobiose
YOR317W	6484.48728301793	-0.658946536660288	0.078795085273117	-8.36278727761088	6.12535998453227e-17	3.41495876004016e-16	-0.650678143528691	FALSE	down_in_cellobiose
YOR212W	4122.99241484956	-0.548729242428751	0.0657759503425108	-8.34239930508627	7.27981505699665e-17	4.05484358008957e-16	-0.543328460416071	FALSE	down_in_cellobiose
YLR219W	3826.27954983434	0.547721105964576	0.0657096835217761	8.33547015613098	7.71908455542762e-17	4.2955604853525e-16	0.544119906000364	FALSE	up_in_cellobiose
YGR161W-C	1213.4218763521	0.73425683357392	0.0883218019999968	8.3134267751234	9.29774004573699e-17	5.16930418535506e-16	0.723372837323161	FALSE	up_in_cellobiose
YOR299W	2781.15462750149	-0.569373276559557	0.0684998007793782	-8.31204281007144	9.4068475204052e-17	5.22516259420855e-16	-0.563353211427346	FALSE	down_in_cellobiose
YLR091W	1005.36330664383	-0.733172800668713	0.08821316724742	-8.31137599460988	9.45986692412557e-17	5.24979220403996e-16	-0.721728086440107	FALSE	down_in_cellobiose
YJL072C	1054.09992957906	-0.739568157961037	0.0891047132012997	-8.29998920809332	1.04120852570154e-16	5.77293342985209e-16	-0.729011724265161	FALSE	down_in_cellobiose
YGR294W	307.745157773256	1.26921144128672	0.153119134617421	8.28904528789253	1.14161074730886e-16	6.32381264695176e-16	1.24161042072499	FALSE	up_in_cellobiose
YKL182W	19141.5769120937	0.504025277931728	0.0608112486360841	8.28835600709323	1.14824459989159e-16	6.35474069967452e-16	0.499027816591243	FALSE	up_in_cellobiose
YGL105W	8751.80222798254	0.50404176722175	0.0608832488915732	8.27882506926324	1.24396515574481e-16	6.8781949059418e-16	0.49981950191976	FALSE	up_in_cellobiose
YNL046W	1709.49738435913	-0.62139538479315	0.0750721585318126	-8.27730808525809	1.25990955522515e-16	6.95999351557713e-16	-0.614004398588329	FALSE	down_in_cellobiose
YBR166C	2559.29420352666	-0.598437632597872	0.0723137278451768	-8.27557436783128	1.27837879817846e-16	7.05557787425322e-16	-0.591666674906662	FALSE	down_in_cellobiose
YGR286C	15036.9568540172	0.805133313709232	0.097332212130821	8.27201289360484	1.31716055036062e-16	7.2629937731371e-16	0.79276551319517	FALSE	up_in_cellobiose
YPL240C	16013.4748284173	0.647485166571404	0.0782977850558831	8.26952085693456	1.34498445528503e-16	7.40966390712125e-16	0.639479076540408	FALSE	up_in_cellobiose
YPL103C	1282.8115052798	-0.694712916621212	0.0840605969257268	-8.26442997109618	1.40363831949331e-16	7.7257581388672e-16	-0.685461804138631	FALSE	down_in_cellobiose
YLR099C	2733.77196558299	0.695134423162207	0.0841409984090298	8.26154236705143	1.43802091190819e-16	7.90780772375697e-16	0.68587223819045	FALSE	up_in_cellobiose
YNL003C	1789.73382043684	-0.637155440338151	0.0771282761897576	-8.26098380275694	1.444766924366e-16	7.93768857900995e-16	-0.629497377463324	FALSE	down_in_cellobiose
YOL053W	2273.38868709274	0.586453523821714	0.0710910340574168	8.24933174200369	1.5928269980405e-16	8.74320373062339e-16	0.579886209614569	FALSE	up_in_cellobiose
YLR355C	73320.6163844106	-0.450110296677409	0.0545833528973395	-8.24629255597358	1.63384385119281e-16	8.96021890830943e-16	-0.446826549747677	FALSE	down_in_cellobiose
YNL078W	1937.68486777501	-0.64381730344376	0.0780839477757772	-8.24519407359527	1.64892373515804e-16	9.03469616512599e-16	-0.635986314495553	FALSE	down_in_cellobiose
YCR045C	1680.10813043022	-0.623165885446557	0.0755802750527225	-8.24508623462743	1.65041151636043e-16	9.03469616512599e-16	-0.61545528555837	FALSE	down_in_cellobiose
YIL082W-A	3713.77152533618	-0.539741146759574	0.0655788347008012	-8.23041685967897	1.8656305464895e-16	1.02036158912432e-15	-0.534281816918956	FALSE	down_in_cellobiose
YDR525W-A	756.85218725071	0.838893632276328	0.102008847207395	8.2237340705436	1.97263220148087e-16	1.07790895996005e-15	0.825145723328185	FALSE	up_in_cellobiose
YPL135W	5523.42155704242	-0.560539533809821	0.0681799593662759	-8.22147063477252	2.01022729464451e-16	1.09746073152569e-15	-0.554882827201954	FALSE	down_in_cellobiose
YGR159C	26828.8262971434	1.74725235755584	0.212579241248779	8.21929905898503	2.04696019329153e-16	1.11650696205775e-15	1.70332461503638	FALSE	up_in_cellobiose
YKL198C	3720.76761360327	0.525355965868197	0.063933717746319	8.21719719088984	2.08314385853244e-16	1.13521956759124e-15	0.520426286137983	FALSE	up_in_cellobiose
YJL097W	2680.54885606025	-0.736547539468704	0.0896459746418932	-8.21618084259749	2.10086573609705e-16	1.1438467000586e-15	-0.726057742114398	FALSE	down_in_cellobiose
YJL160C	609.232164282146	-0.893308027100937	0.108738624101699	-8.21518604341972	2.11835577067084e-16	1.15233219935143e-15	-0.877569253227673	FALSE	down_in_cellobiose
YFL021W	3075.58933909978	-0.550863417042287	0.0671214355253757	-8.2069671593068	2.2684558170849e-16	1.23287414533213e-15	-0.545297478639738	FALSE	down_in_cellobiose
YNL058C	2018.2416440063	-0.655187303697182	0.0800015675023188	-8.18968082941865	2.61919828034583e-16	1.42221996389694e-15	-0.647768169594596	FALSE	down_in_cellobiose
YMR134W	674.524648171323	-0.824650211015601	0.10071712794956	-8.18778521393691	2.66077121529613e-16	1.44349821357186e-15	-0.812896605213391	FALSE	down_in_cellobiose
YDL200C	1040.65374133305	0.724026610227135	0.0884487595015518	8.18583114457848	2.70430688547637e-16	1.46580218192173e-15	0.713892954673943	FALSE	up_in_cellobiose
YLL066C	10348.9481750838	0.587042629872992	0.0717272876199527	8.18436956634189	2.73732838766749e-16	1.48237237394814e-15	0.580640971348202	FALSE	up_in_cellobiose
YNCK0020C	248.908885293432	1.27356632504501	0.15584047081248	8.17224382347684	3.02705977408156e-16	1.63780720692481e-15	1.24500336321663	FALSE	up_in_cellobiose
YOR137C	2224.87120330758	-0.606622701508689	0.0742572630636582	-8.16920361027382	3.10431851633549e-16	1.6781074803676e-15	-0.599445873176861	FALSE	down_in_cellobiose
YDR207C	1559.12628433566	0.628608760607333	0.0769626576111264	8.16771120071685	3.14295202531113e-16	1.69747471438455e-15	0.621266206803801	FALSE	up_in_cellobiose
YNR013C	2213.82725285024	-0.636198345404643	0.0779281408767791	-8.16391021583085	3.24350026659923e-16	1.75021704840845e-15	-0.628074590793994	FALSE	down_in_cellobiose
YER018C	2484.27132185816	0.598942376811725	0.0734077111595865	8.15912071566487	3.37472239878726e-16	1.81940247685064e-15	0.592160443965842	FALSE	up_in_cellobiose
YGR060W	22578.3598356045	0.641301909774353	0.0786366156997543	8.15525826064201	3.48434501434979e-16	1.87683018626909e-15	0.632838555799806	FALSE	up_in_cellobiose
YIL114C	2161.75705375517	-0.642863366816984	0.0788591226712085	-8.15204817199537	3.57811702495562e-16	1.92562543451571e-15	-0.63490829907241	FALSE	down_in_cellobiose
YOL040C	22421.2919827173	0.561420841432147	0.0688741138706625	8.15140565708663	3.5971825199833e-16	1.93416507230035e-15	0.554564785424364	FALSE	up_in_cellobiose
YAL053W	6266.64611673675	0.529073110272859	0.0649299993262319	8.14836155495095	3.68888046701822e-16	1.98170852086973e-15	0.523903570479825	FALSE	up_in_cellobiose
YOR023C	2910.08921326387	0.543015192396807	0.0666741826876257	8.14430969391675	3.81451775445794e-16	2.04738401922946e-15	0.537717377839217	FALSE	up_in_cellobiose
YIL166C	847.236629485629	-0.860817418316863	0.105713173576858	-8.14295313621447	3.85751599603543e-16	2.06862715071084e-15	-0.846719736544854	FALSE	down_in_cellobiose
YMR054W	4017.96188758482	-0.543866346015036	0.0668386780241118	-8.1370003431073	4.05191569934821e-16	2.17095111296345e-15	-0.537993898791267	FALSE	down_in_cellobiose
YOR134W	822.062310674906	-0.766759917559535	0.0943856396624794	-8.12369254794954	4.5221042489941e-16	2.42072642497038e-15	-0.75499375660741	FALSE	down_in_cellobiose
YBL007C	7913.15095480583	0.562294902797792	0.0692282350530357	8.12233480121252	4.57299728325407e-16	2.44580553195436e-15	0.557185115520709	FALSE	up_in_cellobiose
YLR266C	2506.13171230797	-0.588970993018684	0.0725501510457034	-8.1181222165569	4.73451890657598e-16	2.52995626023658e-15	-0.582279899608463	FALSE	down_in_cellobiose
YFL019C	334.932540357518	-1.15608926960105	0.14245784988253	-8.11530758434409	4.84555915839189e-16	2.58700682692962e-15	-1.13101667854709	FALSE	down_in_cellobiose
YMR229C	4443.17208701144	0.685621565934334	0.0845471913320548	8.10933580562824	5.08972059194081e-16	2.71496647801146e-15	0.676935182305716	FALSE	up_in_cellobiose
YJL222W	1423.72838789599	-0.64771023242079	0.0800725584064296	-8.08904130592611	6.01361767939805e-16	3.20496681433294e-15	-0.639705108467573	FALSE	down_in_cellobiose
YML093W	3631.39299075479	0.574399477895448	0.0710256850232408	8.08720785596781	6.10480345854944e-16	3.25070036274345e-15	0.568110505505077	FALSE	up_in_cellobiose
YOL071W	1770.13941124762	0.609599357334949	0.0753862520682286	8.08634652354423	6.1481104769021e-16	3.27088129065794e-15	0.602463933977225	FALSE	up_in_cellobiose
YKL121W	1900.03884813998	-0.645848104020981	0.079919047255522	-8.08127882150592	6.40910849052393e-16	3.40673965370644e-15	-0.637603104515404	FALSE	down_in_cellobiose
YPL013C	2671.13309746317	0.562774497801143	0.0696581841407414	8.07908653869129	6.52537096192678e-16	3.46549332297587e-15	0.557601883842679	FALSE	up_in_cellobiose
YNL193W	1106.80365115697	-0.694974863323236	0.0862089525199705	-8.06151615358328	7.53539339084986e-16	3.99838549309218e-15	-0.685374890822016	FALSE	down_in_cellobiose
YNCJ0028C	608.508503000064	0.854431681090324	0.106021537679294	8.05903875564326	7.68967182172531e-16	4.07667176596112e-15	0.839422804825231	FALSE	up_in_cellobiose
YML045W	10843.1726964239	-1.86912788824873	0.231985609652041	-8.05708548496721	7.8135009934601e-16	4.13869242639581e-15	-1.82164031479043	FALSE	down_in_cellobiose
YPR002W	2363.97184603261	0.590534822665313	0.0733232104432362	8.05385933179345	8.02234141792027e-16	4.24559433394573e-15	0.583863195209451	FALSE	up_in_cellobiose
YNL316C	1065.14726144968	-0.691484661424085	0.0859947486571892	-8.04101032006768	8.91007525984099e-16	4.71128017891418e-15	-0.681284024189206	FALSE	down_in_cellobiose
YNL034W	201.874066979121	-1.59903785649623	0.198997639065616	-8.03546144569576	9.32273722899246e-16	4.92517358062667e-15	-1.55749909895806	FALSE	down_in_cellobiose
YBR093C	3049.97263681061	-0.546362429592545	0.0680122740448311	-8.03329159722558	9.48917756350131e-16	5.00872906471374e-15	-0.540595434961843	FALSE	down_in_cellobiose
YGR031W	2782.47203631236	0.675874460063712	0.084142753051333	8.03247380854512	9.55266349522796e-16	5.03784319813722e-15	0.667434819349165	FALSE	up_in_cellobiose
YGL038C	3786.11148174451	0.561481607021621	0.0699238237075412	8.02990421934071	9.75487923774463e-16	5.14000561926109e-15	0.553885198192717	FALSE	up_in_cellobiose
YBR069C	4110.27647889029	0.606270303082338	0.0755489105985606	8.02487154717343	1.01632232791698e-15	5.35050806054816e-15	0.599510309214022	FALSE	up_in_cellobiose
YOR187W	7619.46967970187	0.472835288066031	0.058929032759016	8.02380873956714	1.02515877382478e-15	5.39233515031834e-15	0.466764780035622	FALSE	up_in_cellobiose
YOR080W	1430.47344783596	-0.66670480397932	0.0831124921954688	-8.02171594627827	1.04278060384874e-15	5.48026053230322e-15	-0.658769523461684	FALSE	down_in_cellobiose
YEL059W	690.392614099171	-0.812891271275509	0.101338951162899	-8.02150862967597	1.04454241991331e-15	5.48475442539549e-15	-0.799240215491677	FALSE	down_in_cellobiose
YCR041W	546.151036627512	-0.872311843877427	0.108784964373978	-8.01868023671556	1.0688735713658e-15	5.60764634275084e-15	-0.856823131207003	FALSE	down_in_cellobiose
YIL145C	3341.05905651144	-0.523432197277246	0.0654052221751502	-8.00291138642621	1.21511387573204e-15	6.36934474376355e-15	-0.518006420993455	FALSE	down_in_cellobiose
YOL133W	1747.85340023664	-0.622822377970633	0.0778606333732353	-7.99919485608409	1.25235398231599e-15	6.55886514201681e-15	-0.615085013238344	FALSE	down_in_cellobiose
YML076C	1380.42987579774	-0.635130532565436	0.0794462969899788	-7.99446363932544	1.3013915728168e-15	6.80979033215294e-15	-0.626988301023894	FALSE	down_in_cellobiose
YMR143W	18385.9315357911	0.535495367545458	0.0670179502966281	7.99032744474133	1.34580815162399e-15	7.03612230697799e-15	0.530979926396507	FALSE	up_in_cellobiose
YOR044W	1471.37039967371	-0.654922411159106	0.0819657235556478	-7.99019861899308	1.34721526288252e-15	7.03739648115405e-15	-0.646259798657826	FALSE	down_in_cellobiose
YPL249C-A	24724.5145172281	0.519610330359437	0.0650802373589811	7.98414928165179	1.41494705464993e-15	7.38482720757328e-15	0.516452589759358	FALSE	up_in_cellobiose
YIL020C	1076.21582468014	-0.702945122454445	0.088044544043381	-7.98397141006366	1.41698854870111e-15	7.38910666473538e-15	-0.692186163298741	FALSE	down_in_cellobiose
YKL086W	770.314993184738	0.909507751401251	0.114029624636943	7.9760654680485	1.51071831021501e-15	7.87108962832952e-15	0.892762670045198	FALSE	up_in_cellobiose
YFL013C	4907.94716093082	0.520659920143553	0.0652976931660017	7.97363421124105	1.54075122097124e-15	8.02065760383396e-15	0.515626966942737	FALSE	up_in_cellobiose
YDR072C	3788.6631840698	0.604002033213019	0.075764827488318	7.97206372978476	1.56046294034874e-15	8.11628574907095e-15	0.592318106604681	FALSE	up_in_cellobiose
YOR052C	2310.44469032787	0.691566038489771	0.0867595558174751	7.97106476599176	1.57313035118553e-15	8.17514217725197e-15	0.682083235038916	FALSE	up_in_cellobiose
YOR051C	3944.98898205096	-0.505165919636569	0.0633820236472928	-7.97017656690339	1.58447822992197e-15	8.22704619124292e-15	-0.500703753514531	FALSE	down_in_cellobiose
YEL060C	27357.6191152244	0.579319533165889	0.0727131934516894	7.96718594887169	1.62328318334186e-15	8.42130358150507e-15	0.572777191927345	FALSE	up_in_cellobiose
YJR034W	789.790727226343	0.763729435113958	0.0958669320959522	7.96655758577472	1.63155476788333e-15	8.45696211733186e-15	0.751690986421496	FALSE	up_in_cellobiose
YDR365W-A	1241.21120161818	13.5807984485008	1.70502265174144	7.96517186128285	1.64994303389042e-15	8.54495326370134e-15	14.8911768353352	FALSE	up_in_cellobiose
YOR083W	947.093222026615	0.708599312268091	0.0890052934179535	7.96131651339691	1.70218342375628e-15	8.80796195919739e-15	0.698322828765907	FALSE	up_in_cellobiose
YOR394W	2779.74154126606	2.3946061419422	0.301287258512195	7.94791706017424	1.8967356561276e-15	9.80628545633834e-15	2.32593858052155	FALSE	up_in_cellobiose
YGL154C	1728.03478824121	-0.65333251161929	0.0822238472034743	-7.94577891742924	1.92974326077738e-15	9.96841757851609e-15	-0.644388330216395	FALSE	down_in_cellobiose
YER003C	5776.55167842224	0.549179867543189	0.0691487865326146	7.94200296319247	1.98942185678325e-15	1.02679290202064e-14	0.54376596929302	FALSE	up_in_cellobiose
YOR086C	6664.08755726941	0.472810463436071	0.0595977637537283	7.93335913390698	2.13296469943258e-15	1.09994061951131e-14	0.466655851448354	FALSE	up_in_cellobiose
YPR061C	567.201132729101	1.00069577493341	0.126246853770425	7.92650070118288	2.25407370681942e-15	1.16140475745747e-14	0.980961289162858	FALSE	up_in_cellobiose
YLR131C	2350.91697056577	-0.556442066258808	0.0702236647845827	-7.92385398805009	2.30259989690015e-15	1.18539802351907e-14	-0.550282329778784	FALSE	down_in_cellobiose
YPL217C	4321.43959831016	0.529817334342314	0.0669065193645215	7.91876994012725	2.39871704162593e-15	1.23382987965946e-14	0.524230634415986	FALSE	up_in_cellobiose
YFL044C	1870.03215308662	0.605799941178325	0.0765906348966834	7.90958244432255	2.58253626846269e-15	1.32725249685053e-14	0.598957959021212	FALSE	up_in_cellobiose
YOR327C	4939.56485874106	0.488384613272621	0.0618381865972978	7.89778355651138	2.83906594434202e-15	1.45785313220075e-14	0.484020417000166	FALSE	up_in_cellobiose
YDR222W	1280.34180621502	-0.655670606267679	0.0831364966084117	-7.88667592472664	3.10341948271302e-15	1.59224634867948e-14	-0.646694526010454	FALSE	down_in_cellobiose
YML087C	1253.89214254364	0.684528475917656	0.0868118161009255	7.88519935030317	3.14033785111046e-15	1.60982234418366e-14	0.674725689252621	FALSE	up_in_cellobiose
YMR063W	543.489924129386	-0.863154680906922	0.109609388749838	-7.87482432619803	3.41221957738732e-15	1.74623656714179e-14	-0.847374975932025	FALSE	down_in_cellobiose
YOR273C	2545.74782638487	-0.559450470427847	0.0710420815957409	-7.87491663900494	3.40970118662533e-15	1.74623656714179e-14	-0.552915457405844	FALSE	down_in_cellobiose
YNR037C	1466.27661955805	0.640714184087722	0.0813744523180765	7.87365279686675	3.44433968003819e-15	1.76118433850812e-14	0.632352236380134	FALSE	up_in_cellobiose
YOL122C	4146.61498024912	0.506378803078598	0.0643222555152209	7.8725287075602	3.47543889135702e-15	1.77558529170766e-14	0.501703585729415	FALSE	up_in_cellobiose
YOR085W	3344.19957439403	-0.515171997108287	0.065509214385436	-7.86411502475322	3.71715875983281e-15	1.89747623107415e-14	-0.509891647755572	FALSE	down_in_cellobiose
Q0105	63.2158837952797	2.54396023267786	0.323619568012969	7.86095923771799	3.81202834217809e-15	1.94426302207717e-14	2.46761124985698	FALSE	up_in_cellobiose
YAR014C	3662.40047757992	-0.519451290760252	0.066091134557409	-7.85962132801699	3.85296460867922e-15	1.96348634523172e-14	-0.513918869314212	FALSE	down_in_cellobiose
YCR050C	1173.20413773693	-0.661372158872948	0.0841675297769756	-7.85780645606959	3.90918706609351e-15	1.99046065343431e-14	-0.652286801530518	FALSE	down_in_cellobiose
YKR099W	2882.97507691438	-0.583226836784832	0.0742648300114555	-7.85333833922286	4.05106878257268e-15	2.06096846642407e-14	-0.576986949243018	FALSE	down_in_cellobiose
YBL098W	5070.66236780768	-0.604797722282451	0.0770512433547207	-7.84929218465878	4.18391838473318e-15	2.12676658060933e-14	-0.597320565636207	FALSE	down_in_cellobiose
YML099C	2594.97068048069	-0.532425452387313	0.0678563562529197	-7.84636078015762	4.28283706951364e-15	2.17522094319799e-14	-0.526824467582242	FALSE	down_in_cellobiose
YLR390W	1043.0069007795	0.675462770848679	0.0861282506795488	7.84252281358674	4.41583470246506e-15	2.24088792912845e-14	0.66626955657968	FALSE	up_in_cellobiose
YLL063C	1309.33406013232	-0.630215896310246	0.0804444192438578	-7.8341779608082	4.71919976940862e-15	2.39282811443024e-14	-0.621878787976834	FALSE	down_in_cellobiose
YHR084W	1582.10920368656	-0.608809426284686	0.0777621947678035	-7.82911835375249	4.91302982848642e-15	2.48902156051209e-14	-0.601197676294788	FALSE	down_in_cellobiose
YJL185C	1370.53315212722	0.629618730893548	0.0805234358635367	7.8190743370733	5.32131808441437e-15	2.69361113745795e-14	0.621685383030427	FALSE	up_in_cellobiose
YGL071W	2893.26418990278	-0.555530757250923	0.071064986384968	-7.81722175026591	5.40019251963586e-15	2.73125121666198e-14	-0.549010159276627	FALSE	down_in_cellobiose
YOR057W	2676.3263071303	-0.584506356240982	0.0747775388494835	-7.81660329069549	5.42677897441626e-15	2.742404846804e-14	-0.577360675373746	FALSE	down_in_cellobiose
YMR225C	1158.32623244234	0.679158213147523	0.0869614373579553	7.80987796179054	5.72433856009836e-15	2.89036093072078e-14	0.669289055383816	FALSE	up_in_cellobiose
YHR072W-A	3337.92466270734	0.564286113105314	0.0723093134764792	7.80378191930787	6.0078977230292e-15	3.03100694967503e-14	0.557956029347243	FALSE	up_in_cellobiose
YEL016C	2425.59072914663	-0.536411105533259	0.0687647832116541	-7.80066598744615	6.15813084216222e-15	3.10421112201994e-14	-0.530437066995661	FALSE	down_in_cellobiose
YJL105W	4113.58256912716	-0.525824870375716	0.0674293224639135	-7.79816333846636	6.28146727856258e-15	3.16374650857827e-14	-0.520247050710091	FALSE	down_in_cellobiose
YIL006W	1143.17443824309	0.666982722215854	0.0855355483538361	7.79772544926862	6.30329602535574e-15	3.17209963871688e-14	0.657775993223685	FALSE	up_in_cellobiose
YNL283C	1353.34123472243	-0.630971279232159	0.0809444920211043	-7.79511074166292	6.43520166157308e-15	3.23578843315508e-14	-0.622574591773992	FALSE	down_in_cellobiose
YGL060W	1072.62482943526	-0.716648462071144	0.0921673300415815	-7.77551505232739	7.51410432949582e-15	3.77515092102328e-14	-0.706331523128003	FALSE	down_in_cellobiose
YPR038W	569.033874010304	0.924532911552673	0.118925765554177	7.7740337196442	7.60254874181688e-15	3.81641637670127e-14	0.906145768199226	FALSE	up_in_cellobiose
YBR183W	379.170483068928	1.04934555500884	0.135077747060299	7.76845615096329	7.94484994663111e-15	3.98494173525469e-14	1.02655351461615	FALSE	up_in_cellobiose
YEL017W	1246.3316829751	-0.639412908026283	0.0824263857313325	-7.7573813573537	8.67009222132615e-15	4.34510255565881e-14	-0.630655514006132	FALSE	down_in_cellobiose
YGR231C	5371.58095986763	0.488407531508627	0.0629625429753575	7.75711253752538	8.68848266587355e-15	4.35071454022095e-14	0.483732965713463	FALSE	up_in_cellobiose
YLR270W	5388.38767226847	0.507913461556275	0.0655026317310453	7.75409244077054	8.8977497614667e-15	4.45181871853698e-14	0.502852734168505	FALSE	up_in_cellobiose
YER025W	6243.51679701332	0.480345466688674	0.0619539407371239	7.7532673623914	8.95577823534139e-15	4.4771489707091e-14	0.476471409523249	FALSE	up_in_cellobiose
YMR309C	6720.30856842455	0.53887224065574	0.0695128845480617	7.75212026028297	9.0370742075455e-15	4.51405961035861e-14	0.532866073992556	FALSE	up_in_cellobiose
YLR451W	2321.17963187	-0.557662876950789	0.0719727016811645	-7.74825543469533	9.31635913937885e-15	4.64972412822629e-14	-0.550766696689942	FALSE	down_in_cellobiose
YMR263W	1145.57116765119	-0.649955044741024	0.0838978579476838	-7.74698020474273	9.41036194406258e-15	4.69018243731417e-14	-0.640893151298746	FALSE	down_in_cellobiose
YDR453C	2468.2168703066	-0.610009460847065	0.0787419322460125	-7.74694554029001	9.41293020151991e-15	4.69018243731417e-14	-0.603069209447922	FALSE	down_in_cellobiose
YGL146C	981.315893844839	0.696450399385595	0.089902805351976	7.74670375033283	9.43086339299535e-15	4.69525042503941e-14	0.685975763237765	FALSE	up_in_cellobiose
YLR412W	2006.9305315216	-0.572229082840494	0.07391694047161	-7.74151472165268	9.82393185494436e-15	4.88692136435513e-14	-0.564992779999091	FALSE	down_in_cellobiose
YER123W	1981.34007465046	-0.557029430820464	0.0719915605717588	-7.73742680942769	1.01449047142447e-14	5.0424427786743e-14	-0.550645398632901	FALSE	down_in_cellobiose
YLR267W	1782.74687127	-0.650642844208597	0.0841626656000267	-7.73077753146153	1.06891681966128e-14	5.30860249764457e-14	-0.641381879022444	FALSE	down_in_cellobiose
YOR369C	36343.3068722523	0.583216978742116	0.0754620231198824	7.72861572788198	1.08722319282288e-14	5.39508867381919e-14	0.574045690083008	FALSE	up_in_cellobiose
YMR108W	22298.180364734	-0.471020309914815	0.060977864191284	-7.72444748863705	1.12339539033796e-14	5.57001534111011e-14	-0.466539562026778	FALSE	down_in_cellobiose
YMR257C	1388.81725920516	0.614027091706527	0.0795624906534633	7.71754487150157	1.18591785570065e-14	5.87519828757843e-14	0.606367821187023	FALSE	up_in_cellobiose
YOL084W	888.993038706489	0.705626566978593	0.091469341883981	7.71435054024554	1.21599838491591e-14	6.01929151420323e-14	0.695107991619872	FALSE	up_in_cellobiose
YPR157W	695.125579520307	-0.878982122716638	0.114078216798266	-7.70508294559876	1.30758332214278e-14	6.46735201606024e-14	-0.861344030231066	FALSE	down_in_cellobiose
YJL180C	1451.94213669517	0.707496496577954	0.0918389529934127	7.70366465990417	1.32218542981086e-14	6.53423175239045e-14	0.696225088304637	FALSE	up_in_cellobiose
YEL027W	17996.6663908663	-0.424536108029378	0.0551128635609808	-7.70303120903236	1.32875890994023e-14	6.56135726222729e-14	-0.421458466916039	FALSE	down_in_cellobiose
YBR177C	1909.958320657	-0.914285928795566	0.118789744785518	-7.69667390435396	1.39653692627049e-14	6.89041750979626e-14	-0.894571844125782	FALSE	down_in_cellobiose
YNL314W	1091.42597783691	-0.659519879277245	0.0857161603503113	-7.69423031295229	1.42348445780778e-14	7.01765076224879e-14	-0.649779181190928	FALSE	down_in_cellobiose
YOR079C	1328.49986886224	-0.64252740064638	0.0835343696568274	-7.69177289881979	1.451100238303e-14	7.1479685191326e-14	-0.633560265078767	FALSE	down_in_cellobiose
YNL312W	3009.02919195412	0.509934022123527	0.0663280895910611	7.68805532116893	1.49388218482687e-14	7.35272037104777e-14	0.504782418578908	FALSE	up_in_cellobiose
YKR036C	2507.98844507573	-0.557215215926056	0.0725369551029126	-7.68181150057238	1.56854526746573e-14	7.7139270917888e-14	-0.550645113794084	FALSE	down_in_cellobiose
YMR317W	2833.53462764048	-0.590298479947276	0.0768773163362126	-7.67844805307309	1.61027429856277e-14	7.91271261738927e-14	-0.583458975987331	FALSE	down_in_cellobiose
YLR360W	1471.32022293633	-0.638202372862236	0.0831340717627353	-7.67678473254222	1.6313122036684e-14	8.00958402596603e-14	-0.629357425254685	FALSE	down_in_cellobiose
YER126C	2893.48367521423	0.695000946740557	0.0905656261839676	7.67400365927785	1.66709322063118e-14	8.17862683827898e-14	0.684065761601935	FALSE	up_in_cellobiose
YPR118W	1997.17034135627	-0.561989844409034	0.0732387809121213	-7.67339157492752	1.67507130329484e-14	8.21110722336346e-14	-0.555338730006047	FALSE	down_in_cellobiose
YDR494W	2064.44911994463	0.549439424531052	0.0716113845035673	7.67251503849478	1.68656177987935e-14	8.26073862873699e-14	0.543113451979413	FALSE	up_in_cellobiose
YDL138W	2177.42719817355	-0.562127183447968	0.0732668088166904	-7.67233065731551	1.68898867767626e-14	8.26593245247869e-14	-0.556320908250131	FALSE	down_in_cellobiose
YPL145C	5791.39229637284	-0.460540447236272	0.0600474157599531	-7.66961311170057	1.72515911177059e-14	8.43612568076012e-14	-0.456227824146623	FALSE	down_in_cellobiose
YDR436W	2467.34823365428	0.546168715432896	0.0712150645807624	7.66928624790484	1.72956067294114e-14	8.45081785995232e-14	0.540080135679866	FALSE	up_in_cellobiose
YPL158C	2040.33681426799	-0.562840561042836	0.0734006214768989	-7.66806260925157	1.74613655469713e-14	8.5249233408902e-14	-0.555437262666319	FALSE	down_in_cellobiose
YMR083W	11833.5472633231	-0.43155894055244	0.056293761759851	-7.6661947445166	1.77174118486557e-14	8.6429535703644e-14	-0.429731970992745	FALSE	down_in_cellobiose
YKL138C	1373.75216033442	0.61744714599571	0.0805482506750203	7.66555624512394	1.78057814397006e-14	8.67906300795723e-14	0.609584031229713	FALSE	up_in_cellobiose
YIL169C	4217.74872141084	-0.687244361477231	0.0897340281856594	-7.65868172166889	1.87851297310731e-14	9.14905392457819e-14	-0.677291425973401	FALSE	down_in_cellobiose
YHR147C	1518.33794876758	0.597664982485877	0.0781148259108962	7.65110816693901	1.99254642399102e-14	9.69663179301825e-14	0.590340369686926	FALSE	up_in_cellobiose
YGL116W	2201.72354985184	-0.575431411411261	0.0752505842608234	-7.64686968298849	2.05930834371751e-14	1.00134695909543e-13	-0.568087381989796	FALSE	down_in_cellobiose
YBR040W	606.060648567594	0.81066237674496	0.106062029344166	7.64328555429014	2.11747662457532e-14	1.02880450618925e-13	0.795996878996811	FALSE	up_in_cellobiose
YPR183W	4918.93065098199	0.545793608232201	0.0714144677793698	7.64261955880416	2.12846202034396e-14	1.03331193908994e-13	0.539351344724883	FALSE	up_in_cellobiose
YNL264C	1903.36509177764	-0.565244761179251	0.0739782678671851	-7.64068661615662	2.16066379160878e-14	1.0481038713265e-13	-0.558478071126171	FALSE	down_in_cellobiose
YPL256C	1447.14844910129	-0.748100158621372	0.0980597994043979	-7.62901987527236	2.36545171768486e-14	1.14652383335543e-13	-0.735451592654235	FALSE	down_in_cellobiose
YBL039W-B	489.271290440702	0.948267392868459	0.124306832597	7.62844143847441	2.37608734081347e-14	1.15075679139957e-13	0.928870225410639	FALSE	up_in_cellobiose
YGR215W	1543.02764097636	0.595081511463609	0.0780367777793236	7.62565457464699	2.42799179924313e-14	1.17495379148973e-13	0.587793798820856	FALSE	up_in_cellobiose
YBR096W	1848.77246207134	-0.595611570881853	0.078203788421123	-7.61614728527623	2.61359447193658e-14	1.26375962915622e-13	-0.587710194716756	FALSE	down_in_cellobiose
YGL163C	3302.62017241112	0.538603774480327	0.070744984025093	7.61331396002981	2.67155769953635e-14	1.29075499396928e-13	0.529423661386221	FALSE	up_in_cellobiose
YMR240C	2184.44062210408	-0.546838103504503	0.0718501123105346	-7.61081765803066	2.72367266905824e-14	1.31488395651503e-13	-0.540090687802747	FALSE	down_in_cellobiose
YOR028C	676.145074412552	0.797402766726809	0.104852241285803	7.60501403640265	2.84872973328413e-14	1.37415998059296e-13	0.783137795427364	FALSE	up_in_cellobiose
YPL018W	1127.65274012647	-0.650511918737607	0.0855821989926487	-7.60101897818125	2.93808014715527e-14	1.41613121993165e-13	-0.641078619914157	FALSE	down_in_cellobiose
YJL163C	2393.37035072267	0.597617792431851	0.0786513877615846	7.59831211425545	3.00018038450093e-14	1.44491171543361e-13	0.590302212457101	FALSE	up_in_cellobiose
YPR133W-A	1389.80838728296	0.610845631060309	0.0803986052156719	7.59771428150645	3.01406878879327e-14	1.4504456725068e-13	0.603255256727617	FALSE	up_in_cellobiose
YPL123C	1934.60979424684	0.788526038395396	0.103819386956012	7.59517139828122	3.07385301693771e-14	1.47803949916186e-13	0.77404109984257	FALSE	up_in_cellobiose
YDL194W	1995.73404512988	0.596560024206699	0.0786142598394125	7.58844547319161	3.23766159080697e-14	1.55556909950686e-13	0.589292429535484	FALSE	up_in_cellobiose
YDL136W	15411.0298072502	0.486938380064143	0.0642204403682549	7.58229587452103	3.39492964939516e-14	1.62983567057074e-13	0.479312349621576	FALSE	up_in_cellobiose
YGR136W	3763.20738654957	-0.52650381742014	0.0694534059604015	-7.58067671613288	3.43757189302643e-14	1.64899860276898e-13	-0.524143977379277	FALSE	down_in_cellobiose
YHR190W	8886.05270845295	-0.4655128406562	0.061410264524362	-7.58037510930322	3.44557302163837e-14	1.65152703707532e-13	-0.46075436724839	FALSE	down_in_cellobiose
YDR147W	2365.20681872284	-0.525203127459566	0.0693649998036856	-7.5715869522955	3.68692157133547e-14	1.76581065597849e-13	-0.519135972438866	FALSE	down_in_cellobiose
YDR472W	1595.08878603565	-0.60100573769209	0.0793975275174615	-7.56957749798838	3.74440030362809e-14	1.79192068327898e-13	-0.592971204895937	FALSE	down_in_cellobiose
YNCD0033W	634.74272104717	-0.949431498633911	0.125613764185212	-7.55833968349214	4.08246771948305e-14	1.95216183677099e-13	-0.929135070653067	FALSE	down_in_cellobiose
YKL161C	2718.25402212697	0.550581691722825	0.0728553454575222	7.55719004920288	4.11869969515126e-14	1.9679316315932e-13	0.543912174498463	FALSE	up_in_cellobiose
YDL146W	1082.58323464806	-0.662208130265167	0.0876307477704319	-7.55680108995495	4.13102961210291e-14	1.97226504527312e-13	-0.652149730715122	FALSE	down_in_cellobiose
YGR266W	726.63144610672	-0.749327075109995	0.0992027160903963	-7.55349353970497	4.23735539957132e-14	2.02143239842326e-13	-0.736472576086008	FALSE	down_in_cellobiose
YBR056W-A	418.193862636934	0.989667020434652	0.131050969699402	7.55177182362481	4.29376267649083e-14	2.04672737825792e-13	0.96782908698158	FALSE	up_in_cellobiose
YFL033C	2570.99709468407	0.534277188947402	0.0707520854049674	7.5513984625235	4.30609189532812e-14	2.05098817912125e-13	0.52644097875036	FALSE	up_in_cellobiose
YPR114W	3374.62123524922	-0.50270926371547	0.0665800194104482	-7.55045234541613	4.33749089029358e-14	2.06431804841746e-13	-0.497245964169771	FALSE	down_in_cellobiose
YPL167C	2111.18205097206	0.595247089691174	0.0789487762705093	7.53966201643995	4.71191067687201e-14	2.2407506041194e-13	0.587506774044478	FALSE	up_in_cellobiose
YOL088C	1705.37280907152	-0.595671811167407	0.0790294958003119	-7.53733533455058	4.79671737886502e-14	2.27928856439548e-13	-0.587588412981879	FALSE	down_in_cellobiose
YLR356W	2674.5651675389	0.524144976633287	0.0695525667331513	7.53595447662266	4.8477569460474e-14	2.30173326268765e-13	0.518422626747598	FALSE	up_in_cellobiose
YJL042W	5266.21332470474	0.483763508332959	0.0642576690735137	7.52849450202607	5.13286787036969e-14	2.43519354885226e-13	0.478948738102973	FALSE	up_in_cellobiose
YOR330C	3216.81535206334	0.533843879156202	0.0709323066921692	7.52610346471557	5.22769215168548e-14	2.47823744714306e-13	0.527917648652185	FALSE	up_in_cellobiose
YOL127W	36284.2569136494	0.479571247751672	0.063748346812099	7.5228813253029	5.35820565048717e-14	2.5381194972433e-13	0.476786701606943	FALSE	up_in_cellobiose
YGR273C	145.979282608141	1.50177159772769	0.199834896139763	7.51506181721816	5.68840492490083e-14	2.6924226440317e-13	1.45929127676156	FALSE	up_in_cellobiose
YLR401C	2445.95988628032	0.528025691488355	0.0703880302221836	7.50164040422234	6.30240727231e-14	2.98070849024263e-13	0.521902806019252	FALSE	up_in_cellobiose
YPL143W	19960.2873334541	0.57692983955416	0.0769785276804075	7.49468529652068	6.64576213459654e-14	3.14064180876363e-13	0.569605841459406	FALSE	up_in_cellobiose
YMR221C	1226.00154633505	-0.614167541303277	0.0820096317873268	-7.48896840429646	6.94170475391139e-14	3.2779369286815e-13	-0.605600197382133	FALSE	down_in_cellobiose
YOR025W	2585.00739832344	-0.560523754275742	0.0750797728078997	-7.46570924914633	8.28521118982787e-14	3.90930128605841e-13	-0.553791692036716	FALSE	down_in_cellobiose
YMR104C	3161.2927873747	0.514793587700577	0.0690499089711408	7.45538401673685	8.96064512900442e-14	4.22470322567013e-13	0.509482832811942	FALSE	up_in_cellobiose
YDR096W	1753.05376914693	0.581815610972793	0.0780783216487931	7.4516920790111	9.21506035146686e-14	4.34126947554696e-13	0.574283351919152	FALSE	up_in_cellobiose
YLL012W	4264.77885606559	0.677202636680583	0.0908870074041333	7.45103899910985	9.26079796089797e-14	4.35942154595112e-13	0.666635312382709	FALSE	up_in_cellobiose
YPR161C	2112.63211444137	-0.534267281491326	0.0717107535457869	-7.45030912483997	9.31217781631382e-14	4.38019934765804e-13	-0.527724443168683	FALSE	down_in_cellobiose
YBR159W	3620.19913002483	-0.482853458377394	0.0648154101033012	-7.4496706509738	9.35735317045064e-14	4.39802869681864e-13	-0.47670239772194	FALSE	down_in_cellobiose
YBL105C	4114.29516767022	0.470759471879695	0.0632073069230115	7.44786472951767	9.4863010470065e-14	4.45517352743341e-13	0.465792040655208	FALSE	up_in_cellobiose
YPR041W	7322.42152441991	0.460388787267921	0.0618410205102151	7.44471523059476	9.71537584684642e-14	4.55921710609573e-13	0.45141611493156	FALSE	up_in_cellobiose
YAL035W	11867.2169521536	0.471837101073935	0.0633877997283604	7.4436579767073	9.79348601660819e-14	4.59230983833046e-13	0.467621683489255	FALSE	up_in_cellobiose
YLR022C	1665.18730153657	-0.563149993196358	0.0756687055443959	-7.44231038637167	9.893941568812e-14	4.63582126644026e-13	-0.555818556335297	FALSE	down_in_cellobiose
YLR340W	35203.1212027186	0.481531385905162	0.0647211072339221	7.44009808368634	1.00610569895101e-13	4.71047474686895e-13	0.470109924429461	FALSE	up_in_cellobiose
YCR107W	817.403701234387	-0.736061220017326	0.0989358780666278	-7.4397805366586	1.00852707807153e-13	4.71815954776078e-13	-0.723303675097701	FALSE	down_in_cellobiose
YDR186C	17268.4025848369	-0.502415323552126	0.0675570672602554	-7.43690251704729	1.03073554688165e-13	4.81833023422495e-13	-0.496807136633127	FALSE	down_in_cellobiose
YJL210W	3158.19644897239	-0.500111701298551	0.0672528444449747	-7.43629069410937	1.03551831178398e-13	4.83695001388517e-13	-0.494845488104041	FALSE	down_in_cellobiose
YDR018C	827.658727097363	0.697101791487505	0.0937956786990007	7.43213121496323	1.06861713004051e-13	4.98770449044369e-13	0.685577443992186	FALSE	up_in_cellobiose
YMR230W	10948.5333721211	0.493531952550223	0.0664614172275751	7.42584153540221	1.12065100882228e-13	5.2265365862498e-13	0.487029085964633	FALSE	up_in_cellobiose
YAL020C	1619.85786449618	0.569472851627707	0.0767115375520464	7.42356195430625	1.14011800001526e-13	5.3132309569278e-13	0.562688342434828	FALSE	up_in_cellobiose
YDL142C	1167.50294708095	-0.620631271089034	0.0836523830887416	-7.41917023966483	1.17856346220746e-13	5.48816811616082e-13	-0.611430907931572	FALSE	down_in_cellobiose
YIL137C	3709.70782746451	0.537212026281263	0.0724136902680201	7.41865280298401	1.18317620783851e-13	5.50540990862705e-13	0.531160401172359	FALSE	up_in_cellobiose
YMR012W	5534.32589019208	0.509502517981615	0.0687238245010773	7.41376839371953	1.22760230475939e-13	5.70773738777058e-13	0.504213890472646	FALSE	up_in_cellobiose
YBR212W	3819.86910267188	0.496736368291444	0.0670244912369317	7.41126652547768	1.25098880938568e-13	5.81200561288325e-13	0.49255681600641	FALSE	up_in_cellobiose
YML124C	4297.05749268634	-0.484014305055248	0.0653192831807833	-7.40997576038379	1.26322503513573e-13	5.86435014392635e-13	-0.478982960068407	FALSE	down_in_cellobiose
YIL053W	37638.3887711714	0.706392572468415	0.0954067814013364	7.40400799705125	1.32134461701822e-13	6.12945827326933e-13	0.696912255125401	FALSE	up_in_cellobiose
YBL102W	3285.9068057853	-0.490950227335247	0.066330963210341	-7.40152416871142	1.34630168087472e-13	6.24044357671354e-13	-0.485665985929996	FALSE	down_in_cellobiose
YJL201W	1998.8652382701	-0.537789666537952	0.0726930512632913	-7.39808904966858	1.38158195288068e-13	6.39907291958287e-13	-0.531326858318958	FALSE	down_in_cellobiose
YDR518W	3159.43509938541	-0.485423558034549	0.0656235373403386	-7.39709527569402	1.39195682433772e-13	6.44219344331973e-13	-0.480347411980061	FALSE	down_in_cellobiose
YKL080W	10053.5478182681	-0.423140614060249	0.0572377085414325	-7.39268962442743	1.43888082070468e-13	6.65427376486436e-13	-0.419889028760188	FALSE	down_in_cellobiose
YDL031W	4312.30556038464	0.464407462081692	0.0628331970480274	7.39111622358983	1.45601277488969e-13	6.72835849908917e-13	0.460140178672707	FALSE	up_in_cellobiose
YPL220W	16216.4084794879	0.525263456298835	0.0710775303323389	7.39000713506572	1.46820934977316e-13	6.77954073036476e-13	0.519163759785447	FALSE	up_in_cellobiose
YPL088W	2224.39364390096	0.528459638950111	0.0715135668768896	7.38964174252212	1.47224949037994e-13	6.79301080648991e-13	0.522059122430265	FALSE	up_in_cellobiose
YOR012W	1122.55886454195	-0.67005282047207	0.0906926936981119	-7.38816759266706	1.48866037924967e-13	6.86349591012292e-13	-0.65925012250121	FALSE	down_in_cellobiose
YOL091W	845.294494106725	-0.721883751174726	0.0977397049401319	-7.38577788440121	1.51564631349693e-13	6.98259295532592e-13	-0.708392298048436	FALSE	down_in_cellobiose
YKL165C	2982.03783322142	-0.519722092142523	0.0703920572653758	-7.38324908140116	1.54472645441055e-13	7.11114940846989e-13	-0.513468557579648	FALSE	down_in_cellobiose
YDR297W	10705.0242896539	0.507374837321842	0.0687603975202551	7.37888167636585	1.59624610580364e-13	7.34273208669672e-13	0.496153068335509	FALSE	up_in_cellobiose
YIL149C	3829.30875052644	0.521580353277221	0.0707167475364728	7.37562701124244	1.63573371766216e-13	7.51865749098663e-13	0.515506063866192	FALSE	up_in_cellobiose
YGR163W	1914.64797575688	-0.569091616966657	0.0772224514702806	-7.36950985278774	1.71256509258885e-13	7.86583617697036e-13	-0.561636141477131	FALSE	down_in_cellobiose
YER056C-A	11194.6980857385	0.492161462129683	0.066824000842078	7.36504034370503	1.7709330224078e-13	8.12774950875933e-13	0.488068131633375	FALSE	up_in_cellobiose
YGL189C	32210.1167578758	0.483889521803374	0.0658415740711776	7.3493006300285	1.99246600080959e-13	9.13754877854225e-13	0.47943815133854	FALSE	up_in_cellobiose
YDR452W	6993.62790182482	-0.463769567747174	0.0631495299492173	-7.34399081228509	2.07317361489624e-13	9.50047514886923e-13	-0.457915903107055	FALSE	down_in_cellobiose
YJL094C	2401.25530190263	-0.547952651370944	0.074617138207857	-7.34352274198108	2.08044027491682e-13	9.52301847149035e-13	-0.540893596215255	FALSE	down_in_cellobiose
YJR080C	2330.26317393974	0.525008225468414	0.0714931957136818	7.34347122446426	2.08124159684415e-13	9.52301847149035e-13	0.518633211993022	FALSE	up_in_cellobiose
YNCG0010W	248.175839708134	1.11934227756065	0.152435853868809	7.34303806586078	2.08799110441613e-13	9.54668041618532e-13	1.09049819368891	FALSE	up_in_cellobiose
YMR101C	178.747018994128	1.31022924739227	0.178495597394357	7.34040092035172	2.12954971413644e-13	9.72934004593e-13	1.27421405580761	FALSE	up_in_cellobiose
YHR133C	2035.3953449463	-0.535334365111595	0.0729333188815691	-7.34005216437337	2.13510622002762e-13	9.74736416977135e-13	-0.528765328720834	FALSE	down_in_cellobiose
YBL061C	3009.14111177558	-0.503244611952404	0.0686134337010664	-7.33449099989558	2.22565722920643e-13	1.0153092443039e-12	-0.497559288678035	FALSE	down_in_cellobiose
YCR018C	1352.83822681382	-0.932738702904403	0.127246105885953	-7.33019447951035	2.29818981324952e-13	1.04760739866966e-12	-0.911434613080459	FALSE	down_in_cellobiose
YOL121C	17741.1449426495	0.491619879868546	0.0670881358240169	7.32797049478531	2.3366414466683e-13	1.06433314088077e-12	0.479036529071158	FALSE	up_in_cellobiose
YGR214W	23666.5379819551	0.459446631914022	0.0628328922942325	7.31219931373738	2.6280489205322e-13	1.1961676388487e-12	0.455706109649295	FALSE	up_in_cellobiose
YOR276W	4904.21454998089	0.450527730962686	0.0616374191493555	7.30932179154028	2.68494079899264e-13	1.22114337542154e-12	0.446748974640504	FALSE	up_in_cellobiose
YJL127C-B	1699.34552636217	0.550255690051709	0.075285615160775	7.30890873212126	2.69320611900041e-13	1.22398225498373e-12	0.543408883419501	FALSE	up_in_cellobiose
YJL130C	16129.9754779468	0.623715310148674	0.0853467101037918	7.30801819297032	2.71111092707805e-13	1.23119444428642e-12	0.615248859496716	FALSE	up_in_cellobiose
YGL096W	1770.69008351221	0.632575997738606	0.0865659694580612	7.3074442728337	2.72271182685585e-13	1.23553517184179e-12	0.623202791225555	FALSE	up_in_cellobiose
YCL067C	6334.35942754593	-0.522816061265	0.0716761940612446	-7.29413814603874	3.00576905904194e-13	1.36296079746212e-12	-0.515128875396047	FALSE	down_in_cellobiose
YMR313C	2617.24529495815	-0.518641091511081	0.0711195252801823	-7.2925274665128	3.04193525764094e-13	1.37832706917378e-12	-0.512418291020274	FALSE	down_in_cellobiose
YGL029W	1463.6113874571	0.588183240936723	0.0807269546073845	7.28608237232969	3.19097920832881e-13	1.44477793646564e-12	0.580360201053201	FALSE	up_in_cellobiose
YKR046C	4755.58821654012	0.483846578423897	0.0664088254773729	7.28587766679831	3.19582872846809e-13	1.44589139704589e-12	0.47649751728069	FALSE	up_in_cellobiose
YGR052W	630.770213243168	0.754303769036074	0.103590448890861	7.28159571767839	3.2989445491529e-13	1.49142866799895e-12	0.740399085524116	FALSE	up_in_cellobiose
YLR121C	3915.13960415385	0.458233505589213	0.0629577351876281	7.27843058876839	3.37725919163641e-13	1.52569386484008e-12	0.453667381247185	FALSE	up_in_cellobiose
YDR034W-B	161.972883356642	1.53182738508966	0.210479015942304	7.27781521702652	3.39269593261822e-13	1.53152370868714e-12	1.48465418330856	FALSE	up_in_cellobiose
YOR091W	2864.56066140095	0.513907876435213	0.0706416555815428	7.27485606338884	3.46790012119152e-13	1.56430483468214e-12	0.50793945264483	FALSE	up_in_cellobiose
YPR138C	5122.37557613873	-0.689162201288499	0.0947755247442808	-7.27152081877644	3.55462578830621e-13	1.6022303571881e-12	-0.677423436085398	FALSE	down_in_cellobiose
YNL100W	1735.86514288639	0.574757445573502	0.0791422286982698	7.26233586072953	3.80462065035724e-13	1.71363740238354e-12	0.567058094341267	FALSE	up_in_cellobiose
YOR145C	5722.31764878273	0.547583456431859	0.0754346872591092	7.2590405863416	3.89845499669858e-13	1.75459481213019e-12	0.540569071873762	FALSE	up_in_cellobiose
YJR135W-A	1228.76634777672	0.624430579142901	0.0860540712790292	7.25625841824721	3.97944485062321e-13	1.78971463951077e-12	0.615216864527789	FALSE	up_in_cellobiose
YOR101W	2318.45596711107	0.67835544696024	0.0935140814767649	7.25404598160747	4.04502697246184e-13	1.81785796110117e-12	0.666248977269495	FALSE	up_in_cellobiose
YNL168C	1780.60812213533	-0.538961062193423	0.0743410098358094	-7.2498485477098	4.17237917876001e-13	1.87369871212467e-12	-0.531910008597758	FALSE	down_in_cellobiose
YJL196C	3537.90055008104	-0.707291953059457	0.0976323772029105	-7.24444055673748	4.34227802332013e-13	1.94854894384744e-12	-0.694568025451691	FALSE	down_in_cellobiose
YCL048W	534.114191513716	0.80137815457305	0.110668702906177	7.24123562966527	4.44615158361633e-13	1.99368205554449e-12	0.785558700356525	FALSE	up_in_cellobiose
YER156C	3057.61130849639	0.631378676858068	0.0872201809528663	7.238905835328	4.52318924228694e-13	2.02672383159954e-12	0.622700447336828	FALSE	up_in_cellobiose
YLR074C	3347.14377590445	0.668198447168764	0.0923437745024349	7.23598803242708	4.62152079151819e-13	2.06925087105059e-12	0.657077081138364	FALSE	up_in_cellobiose
YMR123W	1556.54798736046	-0.583632787684335	0.0806771009744088	-7.23418145465423	4.68345239076264e-13	2.09542925382568e-12	-0.575563545047375	FALSE	down_in_cellobiose
YOR241W	2972.57827010045	-0.500923747306217	0.0692500073284249	-7.23355515228378	4.70511241530441e-13	2.10356430156514e-12	-0.495346628379609	FALSE	down_in_cellobiose
YCR024C-B	7180.30788831498	0.477102005522356	0.0659730366172903	7.23177270571953	4.76729623228909e-13	2.12979135222428e-12	0.471902254523161	FALSE	up_in_cellobiose
YPR106W	1707.96242664071	-0.541886607822355	0.0749474558452298	-7.23022018174142	4.82211579982277e-13	2.15269213823822e-12	-0.534930920319485	FALSE	down_in_cellobiose
YPR082C	1810.55871261894	0.588844264675137	0.0814563497735445	7.22895472620825	4.86725644491951e-13	2.17124146278157e-12	0.580796347750575	FALSE	up_in_cellobiose
YGL008C	83137.4589893194	-0.656435868312378	0.090861836393635	-7.22454987007462	5.02764341835546e-13	2.24113596445336e-12	-0.645618640760581	FALSE	down_in_cellobiose
YPR162C	1396.50445023416	-0.605732655360074	0.083890640143519	-7.2205034354702	5.17954613384509e-13	2.30714834783718e-12	-0.597840080694249	FALSE	down_in_cellobiose
YNL253W	2419.84939964977	-0.51405088694865	0.0712562278809834	-7.21411871264432	5.42843840084584e-13	2.41623428158326e-12	-0.507461180701748	FALSE	down_in_cellobiose
YPL024W	1239.0672443551	-0.610040977225371	0.0845719623580202	-7.21327683804796	5.46212076411372e-13	2.42943886045029e-12	-0.600923371007896	FALSE	down_in_cellobiose
YML126C	5732.44190534278	-0.524215001342002	0.0726895117320783	-7.21170068213106	5.52573339177591e-13	2.45592661916624e-12	-0.518613443668856	FALSE	down_in_cellobiose
YDR500C	18261.6700785603	0.532653658917604	0.0738805820146885	7.20965704915136	5.6092969881182e-13	2.49123623209449e-12	0.527813028751496	FALSE	up_in_cellobiose
YDR397C	2804.23407242499	0.486102545577736	0.0675058877562021	7.20089108868989	5.9820316327953e-13	2.65482827195736e-12	0.478739633915857	FALSE	up_in_cellobiose
YPR163C	13242.0946451151	0.409185448773022	0.0568467558442325	7.19804398151134	6.1082443965521e-13	2.70885413157945e-12	0.407495872028527	FALSE	up_in_cellobiose
YLR075W	68222.396817549	0.398624323343379	0.0553852765209884	7.19729770045147	6.14175729100585e-13	2.72172086837322e-12	0.395416902514494	FALSE	up_in_cellobiose
YPL107W	1147.5404829273	0.609472247791388	0.084683760714302	7.19703804661637	6.15345971922696e-13	2.72491053013206e-12	0.600377801950569	FALSE	up_in_cellobiose
YBL047C	7969.04642486264	0.498232787772615	0.0693615520769515	7.1831262832738	6.81351107299735e-13	3.0149911105019e-12	0.492873262526305	FALSE	up_in_cellobiose
YBL004W	2372.06951728492	0.626385922351612	0.0872042495884982	7.1829747438619	6.82107051985952e-13	3.01612979346712e-12	0.616940950280015	FALSE	up_in_cellobiose
YCR043C	940.778983573448	-0.669700869808967	0.0932396019974175	-7.18257967068024	6.84081722638925e-13	3.02265181902327e-12	-0.658536308300439	FALSE	down_in_cellobiose
YOL047C	978.924147772451	0.665414688062876	0.0926616852147377	7.18112007698564	6.91425905508266e-13	3.05287248351788e-12	0.654414020483792	FALSE	up_in_cellobiose
YDR451C	2344.04290076465	-0.59029179533229	0.082215190465312	-7.17983856744021	6.97937799111542e-13	3.07937691234553e-12	-0.581682023866611	FALSE	down_in_cellobiose
YLR152C	2929.30431025212	-0.481628803370601	0.0671571208111284	-7.17167141106489	7.40875963648807e-13	3.266442204163e-12	-0.476134866370805	FALSE	down_in_cellobiose
YNR022C	1786.16319156007	0.543408978174478	0.0757988204833353	7.16909543854905	7.54949154248257e-13	3.32606513768952e-12	0.536596547042189	FALSE	up_in_cellobiose
YOR113W	2495.89112463547	0.520303854284755	0.0726161839333214	7.16512251266902	7.7717020729511e-13	3.4214720407046e-12	0.514077473766521	FALSE	up_in_cellobiose
YIR042C	991.789826235788	-0.739103576003172	0.103218018912603	-7.16060610143066	8.03211349590096e-13	3.53354578448763e-12	-0.725753651990357	FALSE	down_in_cellobiose
YLR447C	10066.0741392233	-0.41162287434799	0.0574918917542999	-7.15966829039339	8.08725085793095e-13	3.55521660171689e-12	-0.408002184096773	FALSE	down_in_cellobiose
YJR005C-A	69.4384375893848	-2.10976729694171	0.294745076147073	-7.15793907236969	8.18989369279558e-13	3.59772454231812e-12	-2.03398275050775	FALSE	down_in_cellobiose
YDR107C	1142.10975839887	-0.643583551373025	0.0899176872197082	-7.15747447774618	8.21768830338451e-13	3.60731469863374e-12	-0.633208946424078	FALSE	down_in_cellobiose
YBR150C	1631.42359323017	0.56363024826453	0.0787513459065045	7.1570871808805	8.2409292799065e-13	3.61489348906123e-12	0.556860633591045	FALSE	up_in_cellobiose
YGR132C	5352.1930862781	0.433884551104462	0.0607296785950282	7.14452243355002	9.03093088845408e-13	3.95855803943904e-12	0.431691982376429	FALSE	up_in_cellobiose
YGL030W	27234.9039437717	0.535690367582959	0.0750066271853119	7.14190715787659	9.2044763889972e-13	4.03170729015526e-12	0.529187988150599	FALSE	up_in_cellobiose
YPL037C	14693.2834615519	0.452556285181152	0.0633688874349931	7.14161639093643	9.22397223048184e-13	4.0373233011711e-12	0.448329487319252	FALSE	up_in_cellobiose
YBL095W	962.572373305312	0.651427533653395	0.0912280330723091	7.14065086920225	9.28900136354441e-13	4.06284665568186e-12	0.640813301040968	FALSE	up_in_cellobiose
YPL156C	2214.49312548095	-0.508691316349499	0.0712443240634363	-7.14009604325191	9.32657295178184e-13	4.07633235443124e-12	-0.502086908169451	FALSE	down_in_cellobiose
YJL043W	450.504654383657	0.83298725271875	0.116747081272769	7.13497282876436	9.68062808189039e-13	4.22802305179458e-12	0.815276048035912	FALSE	up_in_cellobiose
YMR322C	491.961840170995	0.848446365050379	0.11894954369077	7.13282572361994	9.83290268478345e-13	4.29143061618002e-12	0.830313008782889	FALSE	up_in_cellobiose
YOR176W	4151.27958502636	0.504704577721941	0.0708113209325191	7.12745604905334	1.02240903889465e-12	4.45894179976475e-12	0.50009975811266	FALSE	up_in_cellobiose
YOR175C	7273.31829295436	-0.755325412858901	0.105990631868132	-7.12634125814664	1.0307198481878e-12	4.49194838738328e-12	-0.738059725780557	FALSE	down_in_cellobiose
YJL056C	10989.3392525899	-0.524509033754884	0.0736058323625465	-7.12591675033859	1.03390196921663e-12	4.50257236270081e-12	-0.517813734870336	FALSE	down_in_cellobiose
YPL247C	2089.12530763367	0.512525687761296	0.0719675921666408	7.12161783285098	1.06667484127981e-12	4.64195403949753e-12	0.506320283554269	FALSE	up_in_cellobiose
YNL184C	190.319769665233	1.22537943964552	0.172103920997553	7.11999722343885	1.07929237655669e-12	4.69348640243813e-12	1.19047139586654	FALSE	up_in_cellobiose
YKR061W	1188.07763532046	-0.60526166710378	0.0850645052761996	-7.11532577705037	1.11648799776495e-12	4.85174992706909e-12	-0.596066362785233	FALSE	down_in_cellobiose
YBR052C	5324.71916321645	0.431740495773853	0.060693993676598	7.11339738285043	1.1322067552185e-12	4.91652452427616e-12	0.428655432379391	FALSE	up_in_cellobiose
YDR430C	2119.70878159554	0.529355435460995	0.074421911571964	7.11289758996747	1.13631598330484e-12	4.93082882568935e-12	0.522949140911189	FALSE	up_in_cellobiose
YGR199W	2050.72615463337	-0.533347155502711	0.0750463924564235	-7.10689931980948	1.18678941770691e-12	5.1461571238058e-12	-0.527512355981568	FALSE	down_in_cellobiose
YMR049C	3048.68969421394	0.493959121280554	0.0695445287000133	7.10277473316833	1.2227662813649e-12	5.29836191688844e-12	0.487486203563114	FALSE	up_in_cellobiose
YBL101C	2697.6697222247	0.484019249880627	0.0681955308765521	7.09752154810264	1.27014008170713e-12	5.49969746188006e-12	0.478579033455117	FALSE	up_in_cellobiose
YDL184C	3242.84018059226	0.619419186227314	0.0873197297371323	7.09369106033672	1.30581463597727e-12	5.65012355724356e-12	0.610381765574275	FALSE	up_in_cellobiose
YOL014W	577.844509338391	-0.761467487542334	0.107406804001474	-7.08956471260314	1.34534481405472e-12	5.8170055612702e-12	-0.746178679700326	FALSE	down_in_cellobiose
YDL072C	5464.97989917587	0.450489930401162	0.0636729860404302	7.07505581904257	1.49388616307279e-12	6.45465528601948e-12	0.446811606883192	FALSE	up_in_cellobiose
YDR076W	1236.98132695117	-0.603993510746056	0.0853851294793993	-7.07375528301776	1.5079611996944e-12	6.51081891288466e-12	-0.594728467231673	FALSE	down_in_cellobiose
YKL206C	1559.51028464287	-0.541252829680476	0.0765410871994543	-7.07140242560253	1.5337563307774e-12	6.61746936153532e-12	-0.534157224789653	FALSE	down_in_cellobiose
YGL221C	3152.15656518365	-0.461896787865319	0.0653503226284735	-7.06801082668364	1.57170288936518e-12	6.77635835906627e-12	-0.457187065085312	FALSE	down_in_cellobiose
YOR294W	3078.53354924217	0.539815557719193	0.0763988077850469	7.06575892176223	1.59740532299566e-12	6.88226837521421e-12	0.533678410054223	FALSE	up_in_cellobiose
YOR009W	46411.9656811547	-0.682852363496811	0.0966631325103008	-7.06424823780715	1.61487836300311e-12	6.95259730804685e-12	-0.670628890265395	FALSE	down_in_cellobiose
YMR152W	3572.99422271617	0.460490728146214	0.0651922179610269	7.06358431341459	1.62261670215217e-12	6.98094483024073e-12	0.455632565057557	FALSE	up_in_cellobiose
YJL164C	1880.71587567546	0.563686358480832	0.0798240166998401	7.06161355673751	1.64580165267132e-12	7.07566041009866e-12	0.555957211067842	FALSE	up_in_cellobiose
YDR379C-A	808.484791578611	0.672426399092284	0.0952774399088396	7.05756157738552	1.6944968474484e-12	7.27983766350525e-12	0.660832270322924	FALSE	up_in_cellobiose
YDL051W	4201.28634915577	0.503606146811987	0.0713633336355221	7.05693135615108	1.70219655516401e-12	7.30772672972826e-12	0.497554460956653	FALSE	up_in_cellobiose
YMR303C	1480.54765306815	-0.575682265064613	0.0815885359857222	-7.05592100788958	1.71461212966031e-12	7.35580763993988e-12	-0.567392571839561	FALSE	down_in_cellobiose
YJL002C	5565.96901984633	-0.452221409838783	0.0641096482420817	-7.05387445164524	1.74003389691925e-12	7.45957834334836e-12	-0.447427418861574	FALSE	down_in_cellobiose
YPL200W	52.1427420696775	2.46600518133755	0.349814416622557	7.04946698637158	1.79604438687275e-12	7.69424397747399e-12	2.37661770126368	FALSE	up_in_cellobiose
YJL080C	6149.27880091583	0.461950097944534	0.0655460866015915	7.04771439296451	1.81880467517884e-12	7.78623459317539e-12	0.456335239291913	FALSE	up_in_cellobiose
YCL045C	4616.82898527376	-0.433605634397795	0.0615372391735179	-7.04623152129311	1.83828297115042e-12	7.86405494518309e-12	-0.429264274073661	FALSE	down_in_cellobiose
YDR437W	259.566264079864	-1.09843851043028	0.155947530589986	-7.04364157787321	1.87279520588998e-12	8.00603406390707e-12	-1.06810503155882	FALSE	down_in_cellobiose
YKR092C	5566.52030934522	0.465023516840702	0.0660216732554235	7.04349789866166	1.87472829696332e-12	8.00863804260671e-12	0.460519734675296	FALSE	up_in_cellobiose
YEL032W	4835.71996406201	0.474926817086147	0.0674664430105928	7.03945244321802	1.92996738053678e-12	8.2387951198779e-12	0.465695806341832	FALSE	up_in_cellobiose
YDR517W	6849.40761012817	0.426185077159517	0.0605621668421516	7.03715040893963	1.9621102359528e-12	8.37010212784094e-12	0.420265330341487	FALSE	up_in_cellobiose
YML034W	2379.02112408739	0.502313628824733	0.0713888653181362	7.0363021822273	1.97408576604341e-12	8.4093273230962e-12	0.495918210377831	FALSE	up_in_cellobiose
YPR057W	2896.62152758226	-0.468145804821937	0.0665320890904385	-7.03639117938377	1.97282591736977e-12	8.4093273230962e-12	-0.462922196773573	FALSE	down_in_cellobiose
YMR194C-B	1553.70947424344	0.563911013576831	0.0801940702410648	7.0318293095949	2.03843085188414e-12	8.67731753909019e-12	0.556171674878759	FALSE	up_in_cellobiose
YPR064W	180.096453770497	-1.4127256838083	0.201032906327355	-7.02733552241379	2.10514732162446e-12	8.95501838854176e-12	-1.36722930707112	FALSE	down_in_cellobiose
YJL216C	279.08169342515	-1.0100956459131	0.144075057439725	-7.01089879027595	2.36791986756058e-12	1.00657394791806e-11	-0.983847687532803	FALSE	down_in_cellobiose
YMR128W	2753.60661784758	0.503962192397372	0.0719085038979563	7.00838099917268	2.41091550782767e-12	1.02413117323382e-11	0.498155007982154	FALSE	up_in_cellobiose
YCR065W	1424.76584661075	-0.555658645016881	0.0794050601089627	-6.9977737470935	2.60061601681061e-12	1.1039386867149e-11	-0.547802276136485	FALSE	down_in_cellobiose
YIL064W	1245.51190172697	0.630785188023307	0.0901778769631994	6.99489951710356	2.6544910918863e-12	1.12601799542919e-11	0.619714986899942	FALSE	up_in_cellobiose
YKL082C	4736.05219257275	0.437663653000929	0.0626100797478338	6.99030658902924	2.74286182826363e-12	1.16268894177763e-11	0.43332722052056	FALSE	up_in_cellobiose
YDL061C	8158.60300092232	0.491169659194766	0.0704896396309047	6.96796950256251	3.21547905063952e-12	1.36207512446208e-11	0.485369447226093	FALSE	up_in_cellobiose
YJL123C	6550.55724564017	0.41692506810199	0.0598577067414754	6.96526965028386	3.27775324340505e-12	1.38748281101169e-11	0.412867232873636	FALSE	up_in_cellobiose
YBR102C	2190.64506246066	-0.513200738889415	0.0737345765597533	-6.96010966406684	3.40007962271988e-12	1.43825745719109e-11	-0.506165269912052	FALSE	down_in_cellobiose
YJR017C	3306.24454240995	0.476151231235937	0.0684897646260534	6.95215166580978	3.59756319110115e-12	1.52073093941096e-11	0.470785122645816	FALSE	up_in_cellobiose
YFR047C	8174.28002942921	-0.409310855471065	0.0589507444941767	-6.94326863864287	3.83129851779356e-12	1.61840256523277e-11	-0.405622425518745	FALSE	down_in_cellobiose
YJR156C	2424.43791674368	-0.732922842716447	0.105577828941882	-6.94201472091172	3.86546923118195e-12	1.63169737469781e-11	-0.718272517100944	FALSE	down_in_cellobiose
YEL021W	14356.2385483152	0.54161773648646	0.0780712964992645	6.9374758813127	3.99167443782865e-12	1.68379628134069e-11	0.533710404480252	FALSE	up_in_cellobiose
YDL226C	4286.07083536736	-0.453211851061717	0.0654251192443237	-6.92718418088383	4.29299521062719e-12	1.80963958390828e-11	-0.448162246976379	FALSE	down_in_cellobiose
YBR121C	13415.8988563748	0.389126763334951	0.0562040826359541	6.9234608072052	4.40741124461217e-12	1.85657594837458e-11	0.385529803564471	FALSE	up_in_cellobiose
YOR147W	2664.72048685261	0.478082655425124	0.0690805392607775	6.92065609998169	4.49556633726345e-12	1.89239253821201e-11	0.472466953053994	FALSE	up_in_cellobiose
YLR254C	2151.75678891303	0.520776365448881	0.0752537055637164	6.92027537445243	4.50766543009727e-12	1.89616607695816e-11	0.514076258485736	FALSE	up_in_cellobiose
YPL277C	1011.98492170419	-0.707922096421128	0.102311167658091	-6.91930424239613	4.53867181939405e-12	1.90655734968851e-11	-0.694471544880699	FALSE	down_in_cellobiose
YER079W	3219.47015220862	0.501182564764801	0.072432128361618	6.91934057580971	4.53750800720267e-12	1.90655734968851e-11	0.494891122273729	FALSE	up_in_cellobiose
YGL151W	2053.65940100991	-0.495490522300715	0.0716222067508895	-6.91811303754002	4.57699033405794e-12	1.92131953717672e-11	-0.489392462151352	FALSE	down_in_cellobiose
YGL080W	1724.16067133356	0.539208585131986	0.0780669765048702	6.90699972347908	4.95010899644795e-12	2.07650550065975e-11	0.532377987141675	FALSE	up_in_cellobiose
YBR172C	4028.71135802798	0.51109050791915	0.0740215534409959	6.90461742776786	5.0338902577158e-12	2.11018726049362e-11	0.504390981456901	FALSE	up_in_cellobiose
YDR007W	3144.39482946282	0.47861172973107	0.0693283555557703	6.90354943362326	5.0718995335206e-12	2.12464821871649e-11	0.473050508228274	FALSE	up_in_cellobiose
YLR461W	234.621999954616	-1.25207958153084	0.181483089222341	-6.89915290122084	5.2313541729201e-12	2.1899281240134e-11	-1.21331921290947	FALSE	down_in_cellobiose
NR_172477.1	460.022692310293	-0.833484680158973	0.121009068018271	-6.88778695521504	5.666698823917e-12	2.37052981921673e-11	-0.8141716039844	FALSE	down_in_cellobiose
YLR278C	2719.58150409846	-0.473093776578677	0.0687448733486554	-6.88187720092628	5.90689240091345e-12	2.46930146047861e-11	-0.467428406031278	FALSE	down_in_cellobiose
YML053C	1594.87258196992	0.529570694119639	0.0769736059388454	6.87989977422101	5.98946851646587e-12	2.50209220000705e-11	0.522030656420771	FALSE	up_in_cellobiose
YIL056W	3255.17581649682	-0.482256354005064	0.0701138501944591	-6.87818958262223	6.06179663546142e-12	2.53055954781961e-11	-0.476249700685774	FALSE	down_in_cellobiose
YOL007C	1272.58468564877	-0.560430549116753	0.0815082098013834	-6.87575583468698	6.16620364346853e-12	2.5723700578856e-11	-0.552168797500002	FALSE	down_in_cellobiose
YGL078C	4098.71161730162	0.469130270755473	0.0683887244974078	6.85976049711609	6.89760914328424e-12	2.87550914594944e-11	0.464092232440825	FALSE	up_in_cellobiose
YEL067C	866.575610435128	-0.63206697422331	0.0921514716080577	-6.85900033058226	6.93440787185483e-12	2.88885903697313e-11	-0.621085787582868	FALSE	down_in_cellobiose
YFL029C	2194.65198244259	-0.489229093934457	0.0713355008995719	-6.85814338954747	6.97612204794371e-12	2.90423690764016e-11	-0.482962021895674	FALSE	down_in_cellobiose
YLR133W	2124.94547348487	-0.488728150969586	0.0712671502265165	-6.85769178950197	6.9982038752437e-12	2.91142608262374e-11	-0.482601685527333	FALSE	down_in_cellobiose
YNR021W	4333.65800734188	-0.521093430673756	0.0759969742498859	-6.85676549385173	7.04371138072142e-12	2.92834433965525e-11	-0.516389928015923	FALSE	down_in_cellobiose
YER053C	2402.47686119111	-0.523595579629026	0.0764509512886926	-6.84877782163671	7.44835698270600e-12	3.09444446348823e-11	-0.516492060658344	FALSE	down_in_cellobiose
YML073C	12767.3757448466	0.479794353626849	0.0700767868319397	6.84669453777192	7.55758505456675e-12	3.13766863384175e-11	0.475391018823685	FALSE	up_in_cellobiose
YIL014W	2398.99221391559	-0.482429401843746	0.0704712672064447	-6.84576027887331	7.60707724472295e-12	3.15388692620487e-11	-0.476737591168692	FALSE	down_in_cellobiose
YKL185W	6344.80817622703	-0.441319982212971	0.0644656108719282	-6.84582021707245	7.60389251811285e-12	3.15388692620487e-11	-0.436566724463791	FALSE	down_in_cellobiose
YNL011C	1531.01476335528	-0.527533693084669	0.0771115868102083	-6.84117283674978	7.85474181347082e-12	3.25433789244418e-11	-0.520332659169555	FALSE	down_in_cellobiose
YMR042W	2709.43830790677	-0.519840655070502	0.0760041199761777	-6.83963784112543	7.93936338263798e-12	3.28714641352342e-11	-0.512626145294821	FALSE	down_in_cellobiose
YMR211W	1093.7983262097	-0.580104395640447	0.0848815062773409	-6.83428488821841	8.24150999780505e-12	3.40991066872248e-11	-0.570227454797532	FALSE	down_in_cellobiose
YNR043W	2341.50587209595	-0.604042126404705	0.0884053208158634	-6.83264447015406	8.33633814274051e-12	3.4467880673573e-11	-0.593087514701209	FALSE	down_in_cellobiose
YDL235C	2143.90079841411	-0.494230427805408	0.0723439462218071	-6.83167636847033	8.39280226303586e-12	3.46776372193333e-11	-0.48786057670617	FALSE	down_in_cellobiose
YJL198W	3397.49619972274	0.496686838250247	0.0728481296146661	6.81811380576959	9.22435593702985e-12	3.80874601113267e-11	0.490528944507388	FALSE	up_in_cellobiose
YJL153C	1083.12749135299	0.792159734804699	0.116256294936414	6.81390831557092	9.49822516829336e-12	3.9191517082542e-11	0.774309403955843	FALSE	up_in_cellobiose
YDR179W-A	1171.04725886709	-0.583176595576707	0.0856070423103487	-6.81225025229272	9.60837709036273e-12	3.96190000133634e-11	-0.57370389588974	FALSE	down_in_cellobiose
YMR237W	2747.4535272718	-0.461431916659989	0.0677366936320787	-6.81214112939023	9.61567030368963e-12	3.9622063805871e-11	-0.456084429126746	FALSE	down_in_cellobiose
YHR040W	2120.33777861016	0.483138899056849	0.070967968467773	6.80784457393966	9.90718108457092e-12	4.07954652012046e-11	0.47723003064918	FALSE	up_in_cellobiose
YHL031C	2353.30585159467	0.5044661515553	0.0741345562918561	6.80473691066951	1.01234066725498e-11	4.16574741239822e-11	0.497911493198351	FALSE	up_in_cellobiose
YNL004W	6113.99911097261	-0.408596372706258	0.0600732491662748	-6.80163597569556	1.03437702234412e-11	4.2535327043913e-11	-0.403491812984398	FALSE	down_in_cellobiose
YKR027W	2154.32308470026	-0.505968466145668	0.0744993873280386	-6.79157888799497	1.10912905947466e-11	4.55782722877867e-11	-0.500559284764911	FALSE	down_in_cellobiose
YKR093W	1134.68741977336	0.571659989543671	0.084212834775297	6.78827628910743	1.13481173188679e-11	4.66020106326081e-11	0.563740517058047	FALSE	up_in_cellobiose
YNL237W	1090.55870474575	-0.593961627992723	0.0875094004798556	-6.7874036930404	1.14169420259905e-11	4.68528373915988e-11	-0.583940436398447	FALSE	down_in_cellobiose
YDR410C	1532.9072826893	-0.524034538297702	0.0772540575467148	-6.78326232872394	1.17492011619317e-11	4.81836731040845e-11	-0.516623647671951	FALSE	down_in_cellobiose
YDR357C	1702.75914505151	0.50636928961505	0.0747592222089137	6.77333544482322	1.25846699768556e-11	5.15749787872624e-11	0.499741915456543	FALSE	up_in_cellobiose
YML052W	5000.17673406564	-0.412968634491183	0.0610147275182091	-6.76834350145934	1.30265189019632e-11	5.33496363154878e-11	-0.409463060420469	FALSE	down_in_cellobiose
YOR148C	2408.75969952357	0.478349024632525	0.0707506517636049	6.76105467170543	1.36990813623646e-11	5.60661320439399e-11	0.471022104741467	FALSE	up_in_cellobiose
YNL145W	83.4378259955883	-1.7643947788826	0.260998422781601	-6.76017410403671	1.37826016238978e-11	5.63698155665705e-11	-1.69725909472295	FALSE	down_in_cellobiose
YBR137W	1830.25841880596	-0.522063164522831	0.0772526153131131	-6.75787042816418	1.40034672963449e-11	5.72344416726962e-11	-0.514832265760251	FALSE	down_in_cellobiose
YDR512C	979.099603046658	0.611841855039756	0.0906062300107606	6.75275701204092	1.45061777470291e-11	5.92490676514376e-11	0.601271264354251	FALSE	up_in_cellobiose
YOL082W	6597.26849136368	-0.43915772246523	0.0651003640977586	-6.74585662540634	1.52126785446553e-11	6.20927749774765e-11	-0.435221041545835	FALSE	down_in_cellobiose
YMR307W	21894.0781194681	0.43934567877898	0.0651364772493799	6.74500214521753	1.53024763342053e-11	6.24171809478139e-11	0.434479320179855	FALSE	up_in_cellobiose
YOR382W	16888.7693497563	-1.93627991616107	0.287430228806198	-6.73652150020248	1.62223298744385e-11	6.61245777698641e-11	-1.86223915422454	FALSE	down_in_cellobiose
YER036C	8979.42663302077	0.56940068636729	0.0846487135756225	6.72663130147401	1.73635967111398e-11	7.07288865358145e-11	0.560586503263314	FALSE	up_in_cellobiose
YDR349C	4497.32403180641	-0.424485068258077	0.0631104006239831	-6.7260715200842	1.7430491411289e-11	7.09535952536251e-11	-0.419459518324754	FALSE	down_in_cellobiose
YNL138W	5747.24984240637	0.404019423597656	0.0600700584739433	6.72580373419992	1.7462581392073e-11	7.10364188571955e-11	0.400134794593182	FALSE	up_in_cellobiose
YML131W	3189.51445489191	0.439969638939771	0.0654310346667801	6.72417364604426	1.76591737459537e-11	7.17878642401035e-11	0.43584259430884	FALSE	up_in_cellobiose
YMR258C	2050.44527127889	-0.623042710861121	0.0926613577315061	-6.72386770617411	1.76963115790574e-11	7.18905229964527e-11	-0.611198023197188	FALSE	down_in_cellobiose
YPR166C	1113.90182105745	0.591990513083163	0.0881677535829703	6.71436538899758	1.88886454953351e-11	7.66828299337463e-11	0.582266397851246	FALSE	up_in_cellobiose
YPR170W-B	4501.4339002902	-0.417589510327862	0.0623535687943145	-6.69712284962169	2.12562922247294e-11	8.62369628889257e-11	-0.413221271018846	FALSE	down_in_cellobiose
YNL124W	3399.31136226271	-0.637162677575092	0.0951476249824771	-6.69656943820127	2.13369086656369e-11	8.65060057094084e-11	-0.623580663263046	FALSE	down_in_cellobiose
YDR009W	723.06142885022	0.65655680063386	0.0980880513417227	6.69354515308418	2.17827776299854e-11	8.82545357560494e-11	0.643610632332277	FALSE	up_in_cellobiose
YGR169C-A	1749.59303573888	0.498275047516676	0.0744854193843283	6.68956490592725	2.23835092149977e-11	9.06277424642042e-11	0.490982200679099	FALSE	up_in_cellobiose
YKR072C	3453.95873424326	0.461639873191286	0.0690354309604542	6.68699922298926	2.27793087931361e-11	9.2168587886074e-11	0.456629066175818	FALSE	up_in_cellobiose
YIL154C	4692.16654897168	0.420967410414344	0.063032740857937	6.67855156993917	2.41315311879336e-11	9.75746204250068e-11	0.417003752217681	FALSE	up_in_cellobiose
YOR164C	2522.19732715507	-0.459361252456342	0.0687938725410558	-6.67735708848484	2.43289658106334e-11	9.83072239068278e-11	-0.454181155746507	FALSE	down_in_cellobiose
YEL051W	8569.5811974407	-0.383635355913908	0.0574617496803205	-6.67636050151977	2.44948999584829e-11	9.89116487642611e-11	-0.380014333245867	FALSE	down_in_cellobiose
YOR287C	1707.33797021848	0.512636620656195	0.0767872008684563	6.67606860073451	2.4543711570742e-11	9.90426359515799e-11	0.506382714443178	FALSE	up_in_cellobiose
YDR457W	3434.93849168288	0.532073364881248	0.0797287762111698	6.67354235404288	2.49701474202872e-11	1.00696281163545e-10	0.524716355426234	FALSE	up_in_cellobiose
YHR050W-A	178.386756636756	1.30940984889173	0.196314418227356	6.66996270938835	2.55868430587421e-11	1.031144661308e-10	1.26500673890364	FALSE	up_in_cellobiose
YKR044W	1635.74300559193	-0.507743351364364	0.0761353523146277	-6.66895648247776	2.57628623415167e-11	1.0375469660708e-10	-0.500736634607143	FALSE	down_in_cellobiose
YDR534C	880.536503293857	-0.622792977266875	0.0934123984362142	-6.66713399605239	2.6084692471062e-11	1.04980908022258e-10	-0.61154552660934	FALSE	down_in_cellobiose
YGR004W	1096.18580711477	-0.629526016469958	0.0944583292333753	-6.66458978873751	2.6540560440683e-11	1.06744581187295e-10	-0.618237690116446	FALSE	down_in_cellobiose
YMR089C	2980.90254768824	0.441247663566978	0.066217167405561	6.66364450270825	2.67119150234038e-11	1.07362374735262e-10	0.436525254480106	FALSE	up_in_cellobiose
YHL050C	1983.32543397596	0.513802680781822	0.0771648943303937	6.65850300503095	2.76630634927904e-11	1.11111468172569e-10	0.507244953020862	FALSE	up_in_cellobiose
YLR154C-H	327.499894056799	-0.895928346758259	0.13458788943427	-6.65682737521351	2.79801488631962e-11	1.12310497991688e-10	-0.873001809321083	FALSE	down_in_cellobiose
YJR133W	1174.11911998588	0.575527054659638	0.0864628161398052	6.65635333608664	2.80704967088928e-11	1.12598431427117e-10	0.566189566637008	FALSE	up_in_cellobiose
YJR082C	1578.02117194745	0.507512699737247	0.076267808186783	6.65435013543758	2.84554530255345e-11	1.14045791955582e-10	0.500774804301772	FALSE	up_in_cellobiose
YAL034C	2271.10156563779	0.472404416577406	0.0709925668436599	6.65427998423745	2.84690272529226e-11	1.14045791955582e-10	0.466585337873281	FALSE	up_in_cellobiose
YNL162W	18174.2900483885	0.447006311093931	0.0672004956034803	6.65183057177902	2.89469822095995e-11	1.15883716337437e-10	0.442373515106752	FALSE	up_in_cellobiose
YOR311C	2736.27556383287	-0.44986809684628	0.0676891461379429	-6.64608910754317	3.00983085621065e-11	1.20375390478231e-10	-0.444349462543913	FALSE	down_in_cellobiose
YPR028W	7229.06081379727	-0.388120152071275	0.0583987267180773	-6.64603791697281	3.01087726555733e-11	1.20375390478231e-10	-0.382597639971947	FALSE	down_in_cellobiose
YOR040W	2434.07393867076	0.458846772325076	0.0690600297412448	6.64417281666819	3.04924639025345e-11	1.21828873280338e-10	0.452167280665638	FALSE	up_in_cellobiose
YGR220C	2347.38578720826	0.472529105141336	0.07118135959418	6.63838268663769	3.17143606480281e-11	1.26627173306879e-10	0.466705307958314	FALSE	up_in_cellobiose
YKL065C	7052.88933492285	0.392530995377914	0.0591423243594195	6.63705729576041	3.20007284460954e-11	1.27686283885509e-10	0.388025920877524	FALSE	up_in_cellobiose
YDR105C	2344.154262963	-0.467202209283407	0.0704558685071778	-6.63113263923232	3.33120718181281e-11	1.32831062905641e-10	-0.461674889821087	FALSE	down_in_cellobiose
YDL107W	1105.35313382495	0.567227210385179	0.0855713434291678	6.62870521431868	3.38644090632073e-11	1.34944539145811e-10	0.558006134609898	FALSE	up_in_cellobiose
YPL016W	2035.91639047777	0.493801113032204	0.0745333351976932	6.6252383812215	3.46688239595619e-11	1.38059062627643e-10	0.487713555150714	FALSE	up_in_cellobiose
YLL019C	8379.10484929981	0.39893199769406	0.0602385265846349	6.62253910101141	3.53080619973596e-11	1.40512149356597e-10	0.394395434898365	FALSE	up_in_cellobiose
YLR274W	3092.4044157661	0.444324892714935	0.0671285771975806	6.61901251693667	3.61606236462595e-11	1.43810396079043e-10	0.439128557467944	FALSE	up_in_cellobiose
YCR010C	437.836271093506	0.825214787607718	0.124711089310131	6.61701210511905	3.66531492728489e-11	1.45673390244062e-10	0.80503462735096	FALSE	up_in_cellobiose
NR_172476.1	140.503194689933	1.33951570938117	0.202751930622894	6.60667301793826	3.93052851109577e-11	1.56111404882589e-10	1.29243007344534	FALSE	up_in_cellobiose
YLR168C	993.668377376849	0.609715670985636	0.092310242254495	6.60507064107447	3.9732783738382e-11	1.57705780074457e-10	0.598823070850138	FALSE	up_in_cellobiose
YMR090W	6572.27028744497	0.491102709105021	0.074421935835823	6.59889726852052	4.14227208760189e-11	1.64305599068222e-10	0.484378700067207	FALSE	up_in_cellobiose
YDR064W	25489.3032322623	0.455349429893664	0.0690299029962752	6.59640836983697	4.21237642054713e-11	1.66976834651963e-10	0.455936767096405	FALSE	up_in_cellobiose
YMR274C	739.713628549306	-0.641025401770374	0.0971825793772767	-6.59609372253664	4.2213212706979e-11	1.6722182296301e-10	-0.628894232660809	FALSE	down_in_cellobiose
YOR234C	8573.86521118162	0.412283857502576	0.0625405363975009	6.59226609254107	4.33163320169074e-11	1.71479379823477e-10	0.407791396877209	FALSE	up_in_cellobiose
YPR128C	1183.63149397863	-0.58047192417432	0.088119579943219	-6.58732059944401	4.47834592472424e-11	1.7717144865047e-10	-0.570705872484843	FALSE	down_in_cellobiose
YLR220W	3790.94303905228	0.465123964769931	0.0706183827361622	6.58644317171186	4.50487864925672e-11	1.78104646727803e-10	0.459360010330042	FALSE	up_in_cellobiose
YHR009C	4750.36701569681	0.419249982667122	0.0636632054464827	6.58543627715317	4.53551589142642e-11	1.79198795736371e-10	0.414823396574467	FALSE	up_in_cellobiose
YPL012W	5009.10292770499	0.503520125797232	0.076473080827151	6.58427933530386	4.57097042232325e-11	1.80481723790035e-10	0.496687248267126	FALSE	up_in_cellobiose
YMR186W	22815.4418117096	0.365044867452104	0.0554658289575232	6.58143715352495	4.65922447128786e-11	1.83846371994914e-10	0.361745376069712	FALSE	up_in_cellobiose
YBR293W	2130.83546823495	-0.492914196955977	0.0748957468614286	-6.58133762746184	4.66234492673431e-11	1.83849572762815e-10	-0.488095692422827	FALSE	down_in_cellobiose
YNL260C	482.267603206607	-0.797585972667973	0.121223115450696	-6.57948749875488	4.72072596565958e-11	1.86030432353582e-10	-0.778084391596678	FALSE	down_in_cellobiose
YLR009W	3803.61357664239	0.513657508795012	0.0780940347260353	6.57742311044619	4.78671239098215e-11	1.88507963887051e-10	0.506064055272334	FALSE	up_in_cellobiose
YBR274W	1308.63347991696	-0.557903371736488	0.0848234440631294	-6.57723083398113	4.79290408466499e-11	1.8862899679986e-10	-0.54894277489219	FALSE	down_in_cellobiose
YGR251W	962.525219149268	-0.584957873919248	0.0890568116903307	-6.56836757140229	5.08698444247076e-11	2.00072619587163e-10	-0.574910596738214	FALSE	down_in_cellobiose
YDR172W	10650.6887001287	0.397344884872679	0.0605193854804278	6.56558029660069	5.18306138222672e-11	2.03718897343011e-10	0.39426514485737	FALSE	up_in_cellobiose
YBR110W	2381.67925265357	-0.453177127421018	0.0690287835986324	-6.56504582285579	5.20168638130401e-11	2.04318187795506e-10	-0.447418259183111	FALSE	down_in_cellobiose
YIL014C-A	3332.21465988161	0.45721332682286	0.0697130041082506	6.55850845436092	5.4348626453786e-11	2.13338638169339e-10	0.453082608278832	FALSE	up_in_cellobiose
YLR122C	431.641845494695	0.780837742478977	0.119064507705436	6.55810667281939	5.44952229999281e-11	2.13775359226048e-10	0.762410431706375	FALSE	up_in_cellobiose
YGR012W	2219.72888273551	-0.465626737020164	0.0710686979133072	-6.55178370635349	5.68538499522552e-11	2.22883304187422e-10	-0.460576833880789	FALSE	down_in_cellobiose
YJL068C	3641.42231194485	0.429781413115875	0.0656593928130576	6.54561966997668	5.92491912201254e-11	2.32123288659675e-10	0.425011406850374	FALSE	up_in_cellobiose
YNL056W	1727.41665473788	-0.487217831571467	0.0744706315847268	-6.54241573092004	6.05329464411687e-11	2.36999218784873e-10	-0.480552885022572	FALSE	down_in_cellobiose
YMR215W	2743.2979222407	-0.462799872418208	0.0708049142217139	-6.53626768007976	6.30729878456086e-11	2.46784284267844e-10	-0.457172532639542	FALSE	down_in_cellobiose
YPL215W	2744.11613558266	0.437619931578463	0.0669755385321525	6.53402632019715	6.40246861801001e-11	2.50346041825097e-10	0.43333624912377	FALSE	up_in_cellobiose
YGL207W	7576.20371648929	0.399345037336623	0.0611213451926415	6.53364280642012	6.41889301976889e-11	2.50826123233734e-10	0.395151778181514	FALSE	up_in_cellobiose
YPR151C	124.200780655984	1.43950996935281	0.220430293993542	6.53045433671191	6.55704772867995e-11	2.56059275085765e-10	1.38606561800727	FALSE	up_in_cellobiose
YHL025W	3687.53034230973	0.454606401178921	0.0696404684523911	6.52790555953406	6.66957259680291e-11	2.60285449277812e-10	0.449010144833497	FALSE	up_in_cellobiose
YMR260C	5824.9326874687	0.445038427250608	0.0682706376644389	6.51873839875412	7.09011821674997e-11	2.76519181773827e-10	0.439759485827828	FALSE	up_in_cellobiose
YGL095C	2966.96822114598	-0.452567202171993	0.0694314779730055	-6.51818476841221	7.11633019323393e-11	2.77362637492732e-10	-0.44711975526729	FALSE	down_in_cellobiose
YJR149W	1400.81793727746	0.541834028695469	0.0833526045150013	6.50050507537473	8.00507883975929e-11	3.11801171292363e-10	0.533498998904647	FALSE	up_in_cellobiose
YDL173W	7962.7659018194	0.392500875801877	0.0603834919745709	6.50013543382304	8.02477338442429e-11	3.12367144159476e-10	0.388676096328658	FALSE	up_in_cellobiose
YOR064C	1278.68487458421	0.524355825722447	0.0807094059558399	6.49683663895814	8.202644673125e-11	3.19085515290888e-10	0.516715855626625	FALSE	up_in_cellobiose
YLR392C	1569.86492779939	0.495231517865609	0.0762379929169172	6.49586248165404	8.25590464271616e-11	3.20950945911247e-10	0.488575739307731	FALSE	up_in_cellobiose
YBR147W	2257.95333838675	-0.506118564509922	0.0779484064094967	-6.49299437696086	8.4146831028565e-11	3.26913410977386e-10	-0.498809226160235	FALSE	down_in_cellobiose
YCR087C-A	1667.56291698561	0.522303388995368	0.0805444127017024	6.48466319978925	8.89302167141376e-11	3.4527527657498e-10	0.514905772138891	FALSE	up_in_cellobiose
YNL040W	864.548064291909	-0.625060653108269	0.0965073395456611	-6.47681985692426	9.36759185215006e-11	3.63467370838074e-10	-0.612288532234825	FALSE	down_in_cellobiose
YBR008C	2021.25442355543	-0.496525843110338	0.0766749546341341	-6.47572398939894	9.43583957152565e-11	3.65880728001017e-10	-0.489566408657137	FALSE	down_in_cellobiose
YBL081W	817.281329871429	-0.623129138915529	0.0962416611833866	-6.47462991861881	9.50446024274522e-11	3.68305445281011e-10	-0.611278351465988	FALSE	down_in_cellobiose
YHR078W	1901.60184169579	-0.485960106067019	0.0751503409493692	-6.46650567286745	1.00295063880026e-10	3.88402587330521e-10	-0.479373900162718	FALSE	down_in_cellobiose
YML056C	6315.47971490263	-0.43534994481645	0.0673387847714562	-6.46506981517415	1.012520511216e-10	3.91857746151351e-10	-0.430439215976408	FALSE	down_in_cellobiose
YLR197W	8979.3239700993	0.403364757394475	0.0624080467179804	6.46334533136833	1.02413208822703e-10	3.96098145887809e-10	0.399527434411014	FALSE	up_in_cellobiose
YJL100W	1217.51466913564	-0.545544483505001	0.084424858468444	-6.46189396585027	1.0340054622746e-10	3.99661280594189e-10	-0.536772703586533	FALSE	down_in_cellobiose
YBR221C	16230.7274936083	-0.356119516874406	0.0551361457273992	-6.45891206532843	1.05458365612324e-10	4.07354823492303e-10	-0.352597810880916	FALSE	down_in_cellobiose
YGR162W	7750.99205266182	0.455565929210014	0.0705346311522188	6.45875539104855	1.0556758700651e-10	4.07516486153401e-10	0.449683449929692	FALSE	up_in_cellobiose
YJR084W	2282.53359694511	-0.45320659846948	0.0701733978656158	-6.45838184061408	1.05828444293813e-10	4.08262920620712e-10	-0.447309899142732	FALSE	down_in_cellobiose
YPL275W	184.447845791792	-1.1292978931217	0.174881685067843	-6.45749663656092	1.06449117307727e-10	4.10395609046809e-10	-1.09152506436983	FALSE	down_in_cellobiose
YLR459W	1301.98813055963	-0.586562368323425	0.0908679066933064	-6.45511038680759	1.0814004889484e-10	4.16649143799291e-10	-0.576306457535942	FALSE	down_in_cellobiose
YIL108W	3807.82857342483	-0.4438360482848	0.0687726466456189	-6.45367118953352	1.09172549136307e-10	4.2035948423012e-10	-0.438842850044537	FALSE	down_in_cellobiose
YML019W	1671.22421233076	-0.508966757892277	0.0788913769100672	-6.45148782828923	1.1075734711475e-10	4.26190326143207e-10	-0.500852073561596	FALSE	down_in_cellobiose
YLR408C	429.72577182133	0.788598490596852	0.122249259447009	6.45074247618397	1.11303494459779e-10	4.28019604569107e-10	0.769213578417972	FALSE	up_in_cellobiose
YNCL0013C	2139.79852853259	0.685855264027914	0.106325760241838	6.45050891212004	1.11475176653502e-10	4.28407460976516e-10	0.668803755228543	FALSE	up_in_cellobiose
YOR342C	2128.63870942309	0.619625906199883	0.0960728752009274	6.44954056911479	1.12189726573639e-10	4.30879781615202e-10	0.608553534549592	FALSE	up_in_cellobiose
YHR067W	705.503041470422	-0.649754910433962	0.100754579800013	-6.44888710492026	1.1267445238321e-10	4.32466854356623e-10	-0.638260753498256	FALSE	down_in_cellobiose
YNR051C	3857.16180340781	-0.41090086231706	0.0637264038423313	-6.44789031770395	1.13417793466363e-10	4.35043901507944e-10	-0.408116099578486	FALSE	down_in_cellobiose
YLL013C	620.231325044339	0.75566262603644	0.117235126092798	6.44570148232104	1.15066949243669e-10	4.41089972100731e-10	0.737760643303437	FALSE	up_in_cellobiose
YHR215W	1992.82203493377	-0.474402960222143	0.0736456619716933	-6.44169591963864	1.18145808523269e-10	4.52605443798133e-10	-0.468084218173392	FALSE	down_in_cellobiose
YGR109W-A	747.280824914352	-0.617514734559636	0.0960593974429105	-6.42846770849915	1.28896626881061e-10	4.93478288609834e-10	-0.605803158520589	FALSE	down_in_cellobiose
YHR166C	1234.08649883036	-0.539475788050199	0.0839213445190537	-6.4283501550397	1.28996325020442e-10	4.93547609138933e-10	-0.530808643876707	FALSE	down_in_cellobiose
YKR060W	834.374883514503	-0.613176877694063	0.0954444047656287	-6.42444027179767	1.32355616039971e-10	5.06080354883554e-10	-0.600724385829264	FALSE	down_in_cellobiose
YER145C	32594.0506942306	-1.34945024522364	0.210100612967772	-6.42287628846963	1.33723167274116e-10	5.10986379558513e-10	-1.2978836330802	FALSE	down_in_cellobiose
YBR229C	3072.8994765726	-0.420757196925037	0.0655744757813353	-6.41647823961406	1.39462873682369e-10	5.32582653348896e-10	-0.416193081907518	FALSE	down_in_cellobiose
YBR120C	616.935890565009	0.673733805891259	0.105018088146828	6.41540726726328	1.40446885542483e-10	5.36002025644466e-10	0.659626197139485	FALSE	up_in_cellobiose
YDR545W	5148.9426276355	0.464494125304257	0.0724131954046926	6.4144956276043	1.41289845653896e-10	5.38879114981346e-10	0.458539410126175	FALSE	up_in_cellobiose
YKR006C	2244.3750540628	0.449354557946102	0.0700729224521621	6.41267043276054	1.42992422946773e-10	5.45029090362338e-10	0.443687470218049	FALSE	up_in_cellobiose
YFL026W	792.05085416178	-0.60988767007992	0.095264459075049	-6.40204831897961	1.53306129336001e-10	5.83972781079011e-10	-0.598456915262374	FALSE	down_in_cellobiose
YER075C	2934.19165934827	0.509143398297473	0.0795848688416882	6.39748994636494	1.57951876809927e-10	6.01290687742762e-10	0.501574274075607	FALSE	up_in_cellobiose
YDL127W	997.596636315194	-0.580628680217469	0.0907884780109803	-6.39540052810717	1.60127057180374e-10	6.0918777917238e-10	-0.569927204220148	FALSE	down_in_cellobiose
YHR061C	848.489943600612	-0.645949371943952	0.101035262093692	-6.39330624336826	1.62336667656057e-10	6.1720584704682e-10	-0.632344807100432	FALSE	down_in_cellobiose
YPL041C	762.295598627714	-0.639233336681494	0.100080514719721	-6.38719073809409	1.68960844186055e-10	6.41987529196888e-10	-0.628132956474884	FALSE	down_in_cellobiose
YJR078W	4582.20083364858	0.49227585542667	0.077135737196684	6.3819427066788	1.7485538735321e-10	6.63967506653842e-10	0.485358091468393	FALSE	up_in_cellobiose
YDR020C	692.363353694595	-0.658992127773547	0.103391548425105	-6.37375237929541	1.84458330322101e-10	6.99992747878536e-10	-0.645514824010891	FALSE	down_in_cellobiose
YBR187W	3416.42607863617	0.447317214161265	0.0701976989167339	6.37224896348608	1.86276170646986e-10	7.06447997644903e-10	0.441821799108424	FALSE	up_in_cellobiose
YDR304C	7078.55156730135	-0.383753808583787	0.0602237039207505	-6.37213893533975	1.86409895298787e-10	7.06512190891205e-10	-0.381488043325085	FALSE	down_in_cellobiose
YJR048W	157.508597367733	1.32578918173262	0.208152092994322	6.36932909326443	1.89856845523172e-10	7.19125897664163e-10	1.27594382412136	FALSE	up_in_cellobiose
YPL019C	2501.97790028111	-0.478506985796063	0.0751438387117148	-6.36788050756667	1.91658133750425e-10	7.25494399910087e-10	-0.47287249562392	FALSE	down_in_cellobiose
YNCC0006C	463.267640361324	0.756939802923468	0.118873450415868	6.36761026348089	1.91996020077752e-10	7.26318902720653e-10	0.738545033102593	FALSE	up_in_cellobiose
YOR388C	223.884871462056	-1.28301512604422	0.201500781625275	-6.36729602582986	1.92389643402076e-10	7.27353095586975e-10	-1.23486486839628	FALSE	down_in_cellobiose
YMR032W	1540.69767120343	-0.56625547240058	0.0889839813621929	-6.36356638275985	1.9712213920882e-10	7.44779400421082e-10	-0.556469931458673	FALSE	down_in_cellobiose
YDR083W	1981.53468654115	0.466064309175638	0.0732741979575024	6.36055149243593	2.01030648027519e-10	7.59072652882934e-10	0.460517734630858	FALSE	up_in_cellobiose
YBL092W	30845.7537754088	0.430834822126338	0.0677472189339508	6.35944661501712	2.02481885910752e-10	7.64075438474198e-10	0.425821521935152	FALSE	up_in_cellobiose
YDR080W	2041.06889832519	-0.468361452016567	0.0736611094893468	-6.35832741678027	2.03962366964137e-10	7.69182267933954e-10	-0.461180375385426	FALSE	down_in_cellobiose
YLR100W	4457.00771417261	-0.428660315704887	0.0674550379552959	-6.35475612642856	2.08757544590176e-10	7.8677531914391e-10	-0.423542900326778	FALSE	down_in_cellobiose
YER009W	6758.17028640744	0.386761959390271	0.0608696281829052	6.35393990296938	2.09868854164904e-10	7.90471169890101e-10	0.382016264103515	FALSE	up_in_cellobiose
YKL008C	5161.30050991035	-0.530390580238843	0.0835067771598136	-6.3514674889655	2.1327049320816e-10	8.02783580221629e-10	-0.521517726326881	FALSE	down_in_cellobiose
YJR112W-A	1358.63991958473	0.515393758313065	0.0812211592995099	6.34556023033982	2.21617469793622e-10	8.33684126107974e-10	0.507618968414513	FALSE	up_in_cellobiose
YLR257W	6378.80918508403	0.426437422115477	0.067224637401961	6.3434692784678	2.24647787004237e-10	8.44558398749924e-10	0.421688432886974	FALSE	up_in_cellobiose
YGL226C-A	2079.55221557154	0.474452664940264	0.0748009920885823	6.34286593924313	2.25529676731649e-10	8.47347214006052e-10	0.468646726901821	FALSE	up_in_cellobiose
YPR156C	4943.2202114394	-0.425507365103591	0.0670895391541749	-6.34238020514279	2.26242121582992e-10	8.49496333616089e-10	-0.420758049333443	FALSE	down_in_cellobiose
YJL062W	2023.27453211388	-0.458086997718635	0.0722576529821288	-6.33963294977118	2.30313196098245e-10	8.64245982132932e-10	-0.452096884110482	FALSE	down_in_cellobiose
YGR254W	281787.692505162	-0.470330383219338	0.0742311518951098	-6.33602431340315	2.35769599300246e-10	8.84172539471288e-10	-0.463844118694423	FALSE	down_in_cellobiose
YCR076C	1816.75917527065	0.524816639550582	0.0828396019597426	6.33533511913331	2.36825954441551e-10	8.87583766057584e-10	0.516697833235368	FALSE	up_in_cellobiose
YJR025C	9273.62894590732	-0.383029133130064	0.0604938460775415	-6.33170409828289	2.42468156859057e-10	9.08167108879526e-10	-0.382695114726747	FALSE	down_in_cellobiose
YNL329C	2434.67075601436	-0.470229499181769	0.0742969914300339	-6.32905169012918	2.46672473465968e-10	9.23342693066611e-10	-0.463773582337319	FALSE	down_in_cellobiose
YOL097C	5856.95228237093	-0.382344469119068	0.060414656701307	-6.32867072322198	2.47282160122533e-10	9.25052434496723e-10	-0.378477416452357	FALSE	down_in_cellobiose
YGL112C	3152.829855411	-0.424233264724089	0.0670457273332994	-6.32752125448844	2.49130664886417e-10	9.31391465944338e-10	-0.419421761240563	FALSE	down_in_cellobiose
YDR462W	1286.57245508134	0.515914523267577	0.0815873740339729	6.32346033165316	2.55769885975846e-10	9.55622013754101e-10	0.508084008909461	FALSE	up_in_cellobiose
YHR052W	3225.90996187555	0.455624818894298	0.0720769913814409	6.32136289489488	2.59266354031978e-10	9.68087762678663e-10	0.449750911267978	FALSE	up_in_cellobiose
YNCJ0004C	74.5234873067427	1.97501673272413	0.312597362384509	6.31808508446328	2.64824207191056e-10	9.88230493089883e-10	1.88574597591097	FALSE	up_in_cellobiose
YKL004W	2593.41140329231	-0.433777469077825	0.0686804616605276	-6.31587876071497	2.68630591499437e-10	1.00181655239217e-09	-0.428046416975645	FALSE	down_in_cellobiose
YAR002W	2587.97920564284	-0.430232280771698	0.0681585294611452	-6.31222950631524	2.75043924617281e-10	1.02510209489214e-09	-0.425774878780588	FALSE	down_in_cellobiose
YML114C	2538.50113817669	-0.459368353572065	0.0727968158359592	-6.31028085908604	2.78529541505093e-10	1.03745393877112e-09	-0.453256388992992	FALSE	down_in_cellobiose
YOR149C	1071.2676814862	-0.548861338044949	0.0870188796711811	-6.30738226140046	2.83794310680731e-10	1.05641340634323e-09	-0.540372741974624	FALSE	down_in_cellobiose
YJL171C	2882.53221970682	-0.465366194669664	0.0738138270612939	-6.30459377594974	2.88950734067778e-10	1.07494648854612e-09	-0.460444993397329	FALSE	down_in_cellobiose
YEL002C	5237.23502536579	-0.399143127548278	0.0633137792993996	-6.3042063191458	2.89674413930314e-10	1.07697635517177e-09	-0.395012857598173	FALSE	down_in_cellobiose
YDL083C	15465.7011135525	0.435304054583483	0.0690560377243961	6.30363497426235	2.90744784589158e-10	1.080291893108e-09	0.430250864067418	FALSE	up_in_cellobiose
YIL148W	24444.8134971621	0.418870658101277	0.0664648688242564	6.30213623393792	2.93570946599703e-10	1.09012317739816e-09	0.414301455243637	FALSE	up_in_cellobiose
YPR190C	2644.0572708887	0.465365686650373	0.0739457753908341	6.29333703231486	3.10712693858643e-10	1.15306815039934e-09	0.459539048885576	FALSE	up_in_cellobiose
YIL008W	1168.38117122735	0.573283444165233	0.091133393841206	6.29059689321065	3.16247580654608e-10	1.17288878931927e-09	0.56255146449879	FALSE	up_in_cellobiose
YOR087W	1669.72799547634	-0.477749795416302	0.0759997140215963	-6.28620517283188	3.25319943291771e-10	1.20579677510534e-09	-0.470685038703917	FALSE	down_in_cellobiose
YCR057C	3181.74298789608	0.450156441342099	0.0716852435231941	6.27962491606029	3.39390816598848e-10	1.25718006711968e-09	0.44435715025648	FALSE	up_in_cellobiose
YBR264C	1629.82266332019	-0.474487960910238	0.07556866243251	-6.27889849623845	3.4098010183443e-10	1.26229414687666e-09	-0.467829261931381	FALSE	down_in_cellobiose
YBL076C	16751.9790886189	-0.413352487052061	0.0659087720531495	-6.27158531672733	3.57390376581196e-10	1.32223509965728e-09	-0.407746645221181	FALSE	down_in_cellobiose
YNL141W	4258.59101580963	0.52112790876472	0.0831878332662018	6.26447267952161	3.74089137494533e-10	1.38316943319342e-09	0.511753919707325	FALSE	up_in_cellobiose
YLR427W	3750.50864591096	-0.410938793542243	0.0656553269143038	-6.2590320215543	3.87374333909116e-10	1.43141560526343e-09	-0.406276709374405	FALSE	down_in_cellobiose
YJR146W	318.06168072916	-0.911571336734566	0.14567183007181	-6.2577049817058	3.90683975549196e-10	1.44276396098723e-09	-0.884223593371518	FALSE	down_in_cellobiose
YDL179W	2236.83349919864	-0.510846155438612	0.0816408915566105	-6.25723391426203	3.91865444914142e-10	1.44624409779478e-09	-0.505925778738764	FALSE	down_in_cellobiose
YOR173W	6886.97273404852	0.458901312581012	0.0734078129251034	6.2513960611961	4.06799791952985e-10	1.50044630580708e-09	0.453202180014857	FALSE	up_in_cellobiose
YGR175C	25843.5419244206	0.549378206974342	0.08793043397933	6.24787325743765	4.16079078572474e-10	1.53373695690731e-09	0.540008169687777	FALSE	up_in_cellobiose
YGL215W	5149.25128169963	-0.444050007701446	0.0710970240837785	-6.24569049723081	4.21931938081323e-10	1.55436436872955e-09	-0.43818520640293	FALSE	down_in_cellobiose
YOR032C	2811.9064215609	0.435101191142103	0.0696717555616617	6.24501546766716	4.23758178572084e-10	1.56014194898511e-09	0.429774044975156	FALSE	up_in_cellobiose
YPL030W	2637.64416568002	-0.427882141262704	0.0685586369708787	-6.24111213652706	4.34470623050328e-10	1.59860875841328e-09	-0.422290271142598	FALSE	down_in_cellobiose
YNL014W	3880.50323750097	0.397908825554246	0.0638310167282363	6.23378485804733	4.55298275803696e-10	1.67422448044775e-09	0.393937175979109	FALSE	up_in_cellobiose
YLL022C	2118.557210737	0.477188262931618	0.0765794813110144	6.23128094839922	4.62636556261609e-10	1.70017529090308e-09	0.469186474339245	FALSE	up_in_cellobiose
YGR248W	931.769067090022	0.63001020661328	0.101110619542994	6.23090046783253	4.6376169778917e-10	1.70327535514674e-09	0.616967142528206	FALSE	up_in_cellobiose
YLR417W	1551.33994649579	-0.569882587288248	0.0914862939116103	-6.2291580839294	4.68948415716383e-10	1.72127971278422e-09	-0.558898248809237	FALSE	down_in_cellobiose
YJL172W	1650.2010827749	-0.492957928785003	0.0791965360534234	-6.2244885111196	4.83129545683487e-10	1.77225628977527e-09	-0.485286390774392	FALSE	down_in_cellobiose
YPR111W	1816.11592869281	-0.459257271712165	0.0738653966796103	-6.21748873432826	5.05174417184277e-10	1.8520000300289e-09	-0.452978685814866	FALSE	down_in_cellobiose
YOR007C	11938.4358466327	0.364011818857467	0.0585772946042903	6.21421356715928	5.15823326268764e-10	1.88989418570548e-09	0.361128949686253	FALSE	up_in_cellobiose
YNL336W	4846.67955041097	-0.604465852888032	0.0973037227405264	-6.21215546397872	5.22626811271046e-10	1.9136619742001e-09	-0.592165102699046	FALSE	down_in_cellobiose
YOR391C	539.786487911444	0.906293710816428	0.145975504035516	6.20853284120823	5.34815471935622e-10	1.95710755580071e-09	0.878803027006379	FALSE	up_in_cellobiose
YER101C	1430.5271872704	0.495833651081839	0.0798902583639773	6.206434441892	5.42002154102015e-10	1.98220739429449e-09	0.488821660724781	FALSE	up_in_cellobiose
YOR343W-B	6004.28125620759	-0.423908287992329	0.0683269558759674	-6.20411494347621	5.50055735190688e-10	2.01044540312294e-09	-0.418584003036216	FALSE	down_in_cellobiose
YMR079W	3449.79961481226	0.415074979966018	0.0669076714010609	6.20369789105284	5.51516125871206e-10	2.01456584866843e-09	0.407276764951849	FALSE	up_in_cellobiose
YJR131W	986.660766050906	-0.564794367808063	0.0911380414258441	-6.19713084648211	5.75016973532937e-10	2.09914162516641e-09	-0.554149226040403	FALSE	down_in_cellobiose
YDL128W	3640.79185340766	-0.412242330287951	0.0665405206409352	-6.19535775069279	5.81527919340901e-10	2.12162990596689e-09	-0.407644917646018	FALSE	down_in_cellobiose
YNL117W	1278.58861463181	1.43472952843418	0.231639782704849	6.19379586563629	5.8732283445327e-10	2.14148030476662e-09	1.37546822911014	FALSE	up_in_cellobiose
YNL281W	3178.86731104468	-0.408787217886601	0.0660337034424836	-6.19058445272059	5.99415414538868e-10	2.18425532683471e-09	-0.404215406783044	FALSE	down_in_cellobiose
YHR081W	2266.3093814704	0.461131885100425	0.0745018355292943	6.18953723521491	6.03410984411799e-10	2.19749129723478e-09	0.454757838688497	FALSE	up_in_cellobiose
YCR075C	1103.62929459431	-0.53559524369488	0.0865480705183885	-6.18841345031585	6.07727596746148e-10	2.21187980307909e-09	-0.526385057700858	FALSE	down_in_cellobiose
YIL173W	1673.88192754185	-0.512884515407602	0.0829092535939388	-6.18609495532953	6.16728669920148e-10	2.24329027320925e-09	-0.503854212962126	FALSE	down_in_cellobiose
YJL145W	2187.47032379927	-0.437235748886211	0.0707980767147048	-6.17581393698223	6.58234699756047e-10	2.39282554015885e-09	-0.431428330759862	FALSE	down_in_cellobiose
YDR205W	1676.72969414622	-0.495651316733038	0.0802706742084027	-6.1747496407742	6.62683957993504e-10	2.40755270985147e-09	-0.487516756358981	FALSE	down_in_cellobiose
YKL056C	25127.424437381	0.351594893513615	0.0569466666886383	6.17410840630929	6.65378769144038e-10	2.41589206155599e-09	0.34845884960958	FALSE	up_in_cellobiose
YML059C	2450.58266006399	-0.42706393124591	0.0691857540485743	-6.17271484742473	6.71272167215656e-10	2.43582803808488e-09	-0.421729967751865	FALSE	down_in_cellobiose
YDR330W	3500.9499205189	0.411832103022941	0.0667580339100222	6.16902684069481	6.87115648521147e-10	2.49182407548226e-09	0.406770286433643	FALSE	up_in_cellobiose
YJL192C	2922.39289560317	-0.417705686070902	0.0677350740351651	-6.16675617500687	6.97051133192108e-10	2.52482772735273e-09	-0.412290081518523	FALSE	down_in_cellobiose
YPL117C	5305.5665331345	0.385740735217146	0.0625513734169691	6.16678282418817	6.96933718753692e-10	2.52482772735273e-09	0.381554391841365	FALSE	up_in_cellobiose
YER074W	25755.7187840295	0.429076748906151	0.0696559079827164	6.15994768186235	7.27689812808587e-10	2.63422841273438e-09	0.427378896686882	FALSE	up_in_cellobiose
YNR004W	487.106017063375	-0.719609696660573	0.116866065412103	-6.1575590324105	7.38747102711941e-10	2.67265623463190e-09	-0.701653209488847	FALSE	down_in_cellobiose
YPL091W	3928.93836456464	-0.426605636885243	0.0693010776660533	-6.15582976849165	7.46854135657468e-10	2.70037099019248e-09	-0.421385292488341	FALSE	down_in_cellobiose
YDR242W	2017.01507144925	-0.529189543123132	0.085975904559404	-6.15509131116492	7.50342511074935e-10	2.71136311200256e-09	-0.520179054521679	FALSE	down_in_cellobiose
YKL208W	815.605147115936	-0.573814003853996	0.0932475158740415	-6.15366531188994	7.57123779865038e-10	2.73423387725589e-09	-0.562486117024683	FALSE	down_in_cellobiose
YDR522C	332.041036899436	-0.843206613369319	0.137035223958946	-6.15321075128781	7.59297958515283e-10	2.74044949347193e-09	-0.818642707201712	FALSE	down_in_cellobiose
YJL020C	5318.34875250225	0.428790237901148	0.0697157037633195	6.15055453441114	7.7212503355028e-10	2.78508308166109e-09	0.419307542336163	FALSE	up_in_cellobiose
YKL032C	6324.60364065113	0.364905661105801	0.059372468418034	6.14604160528659	7.94404546451566e-10	2.86373843950269e-09	0.362255952669806	FALSE	up_in_cellobiose
YFL025C	1735.5856494051	-0.466531322442748	0.0759287927160869	-6.14432688515414	8.03033162815222e-10	2.89311947699183e-09	-0.459779420624404	FALSE	down_in_cellobiose
YIL052C	14591.9257585095	0.456294714460191	0.0743453660308251	6.13750040952118	8.38300035769375e-10	3.01837911688628e-09	0.449148252964115	FALSE	up_in_cellobiose
YPR135W	2165.69408432804	0.4376438631996	0.071315801871643	6.13670254998027	8.42519235443883e-10	3.03176612444976e-09	0.431380078818477	FALSE	up_in_cellobiose
YDL006W	1278.90380937146	-0.50107518213316	0.0816944125064567	-6.13353063887396	8.5949855843635e-10	3.09102662305677e-09	-0.493099197976522	FALSE	down_in_cellobiose
YDL075W	22258.2506101408	0.42344139534842	0.0690656006992928	6.13100285903626	8.73268359596805e-10	3.13868110944805e-09	0.414538239729756	FALSE	up_in_cellobiose
YOL001W	910.333457642565	-0.65757955789755	0.107269873797814	-6.13014199249438	8.78006765112373e-10	3.15383783976529e-09	-0.642642119859976	FALSE	down_in_cellobiose
YGR017W	2603.52510055151	-0.439999508962849	0.0718977110777293	-6.11979856336681	9.36937233867351e-10	3.36352126270837e-09	-0.434723621849339	FALSE	down_in_cellobiose
YCR073W-A	3000.29281940392	0.403672098186205	0.0659815037681338	6.11795844491135	9.478177371595e-10	3.40056316256098e-09	0.399094840672977	FALSE	up_in_cellobiose
YER119C	2339.61497353394	-0.441279311395977	0.0721718444320745	-6.11428618554002	9.69901131943328e-10	3.47773085188215e-09	-0.434838891170033	FALSE	down_in_cellobiose
YLR378C	5089.85336246942	0.38235885398206	0.0625674243773523	6.11114901703486	9.89163470192084e-10	3.54469776729379e-09	0.378857409680564	FALSE	up_in_cellobiose
YHL015W	30050.9638047352	0.372191977089981	0.0609313805897015	6.10837918799576	1.00648002558096e-09	3.60461674052055e-09	0.362897218997716	FALSE	up_in_cellobiose
YHR165C	2845.44672937457	0.423938874606141	0.0694541514133217	6.10386659370843	1.03532711525399e-09	3.70573592909551e-09	0.415879064445204	FALSE	up_in_cellobiose
YNL257C	1971.04244623254	-0.481903256097579	0.0789545092892306	-6.10355583785904	1.0373430472188e-09	3.71075582059522e-09	-0.474585290563192	FALSE	down_in_cellobiose
YPR149W	14923.6543721685	-0.43198793757026	0.0708483137496603	-6.09736371562311	1.07831982352906e-09	3.85505709960242e-09	-0.424858169467536	FALSE	down_in_cellobiose
YGR003W	1722.60245462982	-0.456035671405424	0.0747979879727154	-6.0968975739264	1.0814676372065e-09	3.8640270156303e-09	-0.448795216782083	FALSE	down_in_cellobiose
YLR372W	5220.98661706223	-0.422212014465686	0.0692619704349712	-6.0958706749773	1.0884338373902e-09	3.88662118203856e-09	-0.417422504790386	FALSE	down_in_cellobiose
YHR014W	219.645884386221	-0.968973790783363	0.158995772123512	-6.09433683576592	1.09892052928337e-09	3.9217523785458e-09	-0.936569571713002	FALSE	down_in_cellobiose
YLR398C	3246.18044513361	0.412671395173978	0.0677307352236041	6.09282320369914	1.10936561195485e-09	3.9566937421668e-09	0.407868338046272	FALSE	up_in_cellobiose
YGL259W	433.642760005725	-0.723074797045704	0.118786350633983	-6.08718756983888	1.14911319609944e-09	4.09604344325603e-09	-0.704596003882922	FALSE	down_in_cellobiose
YOR389W	1461.94250902231	-0.674974116634891	0.110911336933633	-6.08570895722573	1.15976954398386e-09	4.1315936228259e-09	-0.659681287181502	FALSE	down_in_cellobiose
YNL248C	3331.80406556833	0.417102934787214	0.0685816613720766	6.08184354887967	1.18808470777251e-09	4.22997315910295e-09	0.412099652851621	FALSE	up_in_cellobiose
YBR072W	79766.490761743	1.84726364411246	0.303747542567379	6.08157560222135	1.19007227532749e-09	4.23455717262117e-09	1.75352664152499	FALSE	up_in_cellobiose
YMR149W	4386.03034799912	-0.375956361728825	0.0618324339874732	-6.08024522866091	1.19998878659277e-09	4.26733225755418e-09	-0.372127068538348	FALSE	down_in_cellobiose
YGR181W	1264.13038689876	0.518528322714922	0.0853405129604017	6.07599257055697	1.23223114652954e-09	4.379416101855e-09	0.509733348284864	FALSE	up_in_cellobiose
YMR195W	7890.0424455729	-0.39473545567542	0.0649940793334174	-6.07340637368585	1.252250231325e-09	4.44795164373748e-09	-0.390569779825269	FALSE	down_in_cellobiose
YOR096W	21855.4508257977	0.387045421306215	0.0637472168172481	6.07156579738697	1.26669041202475e-09	4.4966022901043e-09	0.38252960611072	FALSE	up_in_cellobiose
YFL010W-A	1219.3070928734	-0.545590875026641	0.0898774205905883	-6.07038866315411	1.27601054743561e-09	4.52703096858534e-09	-0.535047149062299	FALSE	down_in_cellobiose
YMR132C	555.765650410686	-0.669170004299021	0.110297521774581	-6.06695412129593	1.30358774905087e-09	4.6221584372853e-09	-0.65264614423607	FALSE	down_in_cellobiose
YDR025W	19417.0149987098	0.409426001760978	0.0674905265094717	6.06642180667415	1.30791357421137e-09	4.63477985378123e-09	0.404851609481183	FALSE	up_in_cellobiose
YPR093C	1237.74631929571	0.515730358560245	0.0850236377655859	6.06572915619227	1.31356331442659e-09	4.65207522773211e-09	0.506991588916083	FALSE	up_in_cellobiose
YER048W-A	1051.50069276972	-0.526854479585286	0.0868701978518064	-6.06484723891221	1.3207912840511e-09	4.67493649925402e-09	-0.518030043501278	FALSE	down_in_cellobiose
YDL208W	5669.68884560035	0.415246120170442	0.0685916496408398	6.05388735137232	1.41391503328499e-09	5.00162107388358e-09	0.410032370976369	FALSE	up_in_cellobiose
YER056C	25445.9419924135	0.528900580558105	0.0873862927219396	6.05244328468138	1.4266523450658e-09	5.04372883419229e-09	0.520713701105378	FALSE	up_in_cellobiose
YLR214W	2021.38005243943	-0.538079616695332	0.0889567200173916	-6.04877986272577	1.45946918710142e-09	5.15673429484607e-09	-0.528629926388625	FALSE	down_in_cellobiose
YPR117W	2784.65457993829	0.470198304193934	0.0777409570540003	6.04827007554494	1.46409376816329e-09	5.17005440958537e-09	0.463821315433926	FALSE	up_in_cellobiose
YOR329C	2096.06296303423	-0.4363664388558	0.072195395263478	-6.04424198057613	1.50114072073002e-09	5.29778309200462e-09	-0.43096564438005	FALSE	down_in_cellobiose
YAR018C	1098.50561565411	-0.517993936234036	0.0857374632597438	-6.04162890456369	1.52566045524717e-09	5.38117789725372e-09	-0.509089132721615	FALSE	down_in_cellobiose
YOR257W	1712.71746155747	0.474409280550103	0.0785263936788026	6.04139905482715	1.52783582679401e-09	5.38571032417074e-09	0.467684630070572	FALSE	up_in_cellobiose
YDR089W	2082.57923562064	-0.495615890259528	0.0820553650031534	-6.04001810534244	1.54096935708828e-09	5.42884312232207e-09	-0.487536555822082	FALSE	down_in_cellobiose
YBR107C	1005.21770362896	-0.532095340558849	0.0881375032062126	-6.03710476474381	1.56903862526108e-09	5.52451376263345e-09	-0.521741224216874	FALSE	down_in_cellobiose
YOR078W	2868.57058717071	0.457474949918582	0.0758154149137318	6.03406247184863	1.59888205819214e-09	5.62631621291696e-09	0.451044726428846	FALSE	up_in_cellobiose
YJL136C	11799.2465840871	0.404132118509072	0.0670871930166124	6.02398312311262	1.70176118968338e-09	5.98485664906673e-09	0.399977188351929	FALSE	up_in_cellobiose
YPL204W	9434.83817218481	0.367597875031985	0.0610293445880304	6.02329711245304	1.70899302556359e-09	6.00679768253e-09	0.36476158221715	FALSE	up_in_cellobiose
YHR099W	5629.30859298233	0.508759735970753	0.0844800114085575	6.022249849261	1.72009092857969e-09	6.04229386003398e-09	0.503039414305471	FALSE	up_in_cellobiose
YKR101W	1881.61186964894	-0.4642340984949	0.0770901252934686	-6.02196580596596	1.72311303673952e-09	6.04939684227356e-09	-0.457367472314161	FALSE	down_in_cellobiose
YHR136C	152.383170234961	-1.19165264983645	0.197997390214733	-6.0185270550489	1.76011298842573e-09	6.17570966762599e-09	-1.14353309919339	FALSE	down_in_cellobiose
YDL191W	25821.1021033848	0.376635704501832	0.0626020671246247	6.01634613361963	1.78397904781338e-09	6.25581986099891e-09	0.373209749838696	FALSE	up_in_cellobiose
YLR006C	3347.1792657371	0.395133967962168	0.0656968668992166	6.01450246582277	1.80440020887379e-09	6.32376411557216e-09	0.389057130333208	FALSE	up_in_cellobiose
YMR169C	1576.49620618801	0.490386862532675	0.0815534176823909	6.01307555794268	1.82036136629248e-09	6.3760080513626e-09	0.482705766964089	FALSE	up_in_cellobiose
YPR112C	3390.61093285538	0.424269823579712	0.0706734189126116	6.00324464427462	1.93412851382568e-09	6.77056908572428e-09	0.418899346369286	FALSE	up_in_cellobiose
YBR176W	1183.86241804289	-0.512074622784268	0.0853027885517078	-6.00302324787266	1.93676874230463e-09	6.7758901805672e-09	-0.503345483492807	FALSE	down_in_cellobiose
YOL030W	9330.07443083538	-0.35538615853896	0.0592229848271544	-6.00081471030504	1.9632992803557e-09	6.86473835079286e-09	-0.352180024746149	FALSE	down_in_cellobiose
YBR231C	1529.33612383752	0.472348115111847	0.0787653997332886	5.9968985964813	2.01121559559931e-09	7.02821671737736e-09	0.465361321034333	FALSE	up_in_cellobiose
YNL008C	2789.47468037177	-0.431289435510081	0.0719249555542671	-5.9963809805162	2.01763361012697e-09	7.04657373421366e-09	-0.425433833634851	FALSE	down_in_cellobiose
YGR172C	1731.41989958255	-0.47598346270327	0.0794073884619328	-5.99419615633691	2.04494419313801e-09	7.13783463605989e-09	-0.468170214082153	FALSE	down_in_cellobiose
YOR312C	24801.4433422675	0.388517974248291	0.0648656644901149	5.98957826613337	2.10385869401822e-09	7.33923946950184e-09	0.384652011148514	FALSE	up_in_cellobiose
YIL050W	2620.41067046407	0.465288489359324	0.0776975734557568	5.98845586373778	2.11842607713852e-09	7.38579789084202e-09	0.456842895211836	FALSE	up_in_cellobiose
YDR177W	4270.16215050957	0.392266274541712	0.0655133562093315	5.98757714821271	2.1298992406366e-09	7.4215210291537e-09	0.388199286171606	FALSE	up_in_cellobiose
YNL302C	19212.6729507494	0.422762876309637	0.0706095945443064	5.98732904555005	2.13314959694563e-09	7.42856759465982e-09	0.418008403775937	FALSE	up_in_cellobiose
YHL003C	3095.3487385256	-0.405134508437414	0.0676833610165876	-5.98573271705766	2.1541787241641e-09	7.49748394848598e-09	-0.400031599715366	FALSE	down_in_cellobiose
YPL086C	2649.78196315293	0.405260984360391	0.0677169967129991	5.98462725802776	2.16885962191694e-09	7.54423913339597e-09	0.400367609856482	FALSE	up_in_cellobiose
YPL241C	992.85810590592	-0.527014069686479	0.0880999684781555	-5.98200066118245	2.20413377721886e-09	7.66253173471085e-09	-0.517255118628619	FALSE	down_in_cellobiose
YDL186W	746.832349008127	-0.574881148113933	0.0961378766072818	-5.97975707807956	2.23470624743197e-09	7.7643527229845e-09	-0.563296750909369	FALSE	down_in_cellobiose
YJR113C	3235.87958624332	0.437117997583958	0.0731080427047093	5.97906853216576	2.24417136444665e-09	7.79276267711697e-09	0.431182591624111	FALSE	up_in_cellobiose
YDL123W	1453.21068444831	-0.50510127517837	0.0844931910595507	-5.97801158702097	2.25877672011241e-09	7.83897899022375e-09	-0.496635106842353	FALSE	down_in_cellobiose
YOL147C	1761.53208234375	0.462685579779413	0.0774189016401908	5.97639039016302	2.28135926224944e-09	7.91281088150623e-09	0.455570743763646	FALSE	up_in_cellobiose
YDR299W	3365.49132505881	0.400220553355825	0.0669770120299873	5.975491310013	2.29397768712687e-09	7.95201778190857e-09	0.395574329171644	FALSE	up_in_cellobiose
YNL042W	1084.82288612342	-0.559977408465255	0.0937146724262064	-5.97534403063935	2.29605119615218e-09	7.95464701347338e-09	-0.549780078333917	FALSE	down_in_cellobiose
YAL018C	531.265148514226	0.937684028669821	0.156947710046833	5.97449958581756	2.30797520985373e-09	7.99138067796521e-09	0.904995430565891	FALSE	up_in_cellobiose
YDR456W	3358.13112949363	-0.399370905544705	0.0668791513423642	-5.97153070170205	2.35037818080952e-09	8.13354554674873e-09	-0.394496202667978	FALSE	down_in_cellobiose
YJR123W	58320.0875971359	0.362407207811019	0.0607097870095742	5.96950221146164	2.37978536009007e-09	8.23060128255278e-09	0.358059330377582	FALSE	up_in_cellobiose
YPR147C	2111.05936646771	-0.429175933234392	0.0719506764452496	-5.96486307617928	2.448392674458e-09	8.46304416445511e-09	-0.424740558141355	FALSE	down_in_cellobiose
YLL023C	2799.52766680092	0.427599589226561	0.071688869624082	5.96465799319732	2.45146965826931e-09	8.46884064127416e-09	0.421994079150633	FALSE	up_in_cellobiose
YNL155W	2229.65238949417	0.439321570965653	0.0736794538195844	5.96260623811626	2.4824614412946e-09	8.57048996017847e-09	0.433492647121197	FALSE	up_in_cellobiose
YKR007W	2155.83202429883	0.423975890850087	0.07110679408823	5.96252293872248	2.4837277070909e-09	8.57048996017847e-09	0.418330272547637	FALSE	up_in_cellobiose
YOR255W	350.587202767747	1.03911563988177	0.174282281039548	5.96225636756483	2.4877841860087e-09	8.57959323897755e-09	1.00056311427141	FALSE	up_in_cellobiose
YOR158W	2320.01901256759	0.417060308479396	0.0699991105216651	5.95808011517966	2.55218402454782e-09	8.7966730281993e-09	0.412014300344895	FALSE	up_in_cellobiose
YOR150W	2429.38143272584	0.443010285071726	0.0743580874448903	5.95779558477829	2.55663021528896e-09	8.80697959697206e-09	0.437046991274907	FALSE	up_in_cellobiose
YGR070W	2245.78522742237	0.419777641538116	0.0704711156748209	5.95673330155749	2.5732966509533e-09	8.85934629574075e-09	0.413514269411084	FALSE	up_in_cellobiose
YML017W	1337.32401449247	-0.502315251628617	0.0843567119711438	-5.95465659923357	2.60618474541385e-09	8.96746958191604e-09	-0.493780981750982	FALSE	down_in_cellobiose
YNR036C	5265.74711064215	0.381748868251757	0.0642442165052381	5.94215151212299	2.81305227428635e-09	9.67376532527468e-09	0.377637064688599	FALSE	up_in_cellobiose
YAL032C	2008.21133668474	0.448240590845922	0.0755067345492683	5.93643194241758	2.91291751341176e-09	1.00114988855839e-08	0.442042553984161	FALSE	up_in_cellobiose
YCR002C	3072.78012696402	-0.396737015097777	0.06685945767271	-5.93389520208019	2.95830698939737e-09	1.01617257120186e-08	-0.39188730111461	FALSE	down_in_cellobiose
YJL096W	1604.05073462116	0.450591272575278	0.0759593648478825	5.93200421669718	2.99258936916028e-09	1.02736510181899e-08	0.444105857623638	FALSE	up_in_cellobiose
YNL239W	10018.2112730297	-0.450051269096643	0.0758727149975844	-5.93166158758088	2.99884228038745e-09	1.02892779092817e-08	-0.443579291282554	FALSE	down_in_cellobiose
YLL042C	327.510599125038	0.836837534385005	0.141120487719635	5.92995069608571	3.03025655776844e-09	1.03911688877218e-08	0.811045225594237	FALSE	up_in_cellobiose
YBR005W	1721.39517656413	0.45766797374103	0.077226259906352	5.92632576400849	3.09787747022955e-09	1.06170316245997e-08	0.450823168574585	FALSE	up_in_cellobiose
YMR279C	1084.14900244428	-0.511687921542265	0.0863433331025401	-5.92620070543943	3.10023638918409e-09	1.06190996139154e-08	-0.503408718352058	FALSE	down_in_cellobiose
YEL013W	2622.6923022883	-0.428388631387553	0.0723747523294686	-5.91903416038534	3.2383770512805e-09	1.10859891246156e-08	-0.422964117745933	FALSE	down_in_cellobiose
YML020W	2248.03835689764	0.418020526814902	0.070670504226882	5.91506359531384	3.31747378133615e-09	1.13503387462117e-08	0.412598650887771	FALSE	up_in_cellobiose
YBL005W	2381.24792389579	-0.515919975290622	0.0872407034495423	-5.91375304062072	3.34399153657677e-09	1.14345985329298e-08	-0.506659684533494	FALSE	down_in_cellobiose
YLR192C	7635.48736180817	-0.36146894664392	0.0611682675488671	-5.90941939552471	3.4331561502173e-09	1.17328596342737e-08	-0.357749873175616	FALSE	down_in_cellobiose
YDL229W	41500.0658735818	0.4068356052658	0.068953655441655	5.90013107586505	3.63212904106403e-09	1.24058433480499e-08	0.401809640942985	FALSE	up_in_cellobiose
YER131W	12241.5094395733	0.421442410684226	0.0714718245061238	5.8966230902377	3.71016015789752e-09	1.26652137669989e-08	0.415710016403452	FALSE	up_in_cellobiose
YMR277W	3713.05111718059	0.386095415879781	0.065590085758009	5.88649048736204	3.94482451464267e-09	1.34586821709383e-08	0.38167432923855	FALSE	up_in_cellobiose
YKL034W	2578.39972203827	-0.41639064254676	0.0707484084229866	-5.88551250591062	3.96822377564981e-09	1.35308825360235e-08	-0.410873177055265	FALSE	down_in_cellobiose
YGL045W	2030.92538650482	-0.480262183347077	0.081651115050741	-5.8818815033772	4.05628713260469e-09	1.38233695014793e-08	-0.472570171873894	FALSE	down_in_cellobiose
YMR290C	3126.58994830963	0.441788831607297	0.0751350229750405	5.87993207580515	4.10434871931977e-09	1.39792823216021e-08	0.43586039290568	FALSE	up_in_cellobiose
YJL082W	3219.8293189786	0.387946167574835	0.0660121146501096	5.87689350100513	4.18036956041334e-09	1.42301944124594e-08	0.383605289088051	FALSE	up_in_cellobiose
YLR163C	3173.41826243286	-0.399009854153986	0.0680097289089716	-5.86695257509474	4.43877567070005e-09	1.51013239775392e-08	-0.393293892170182	FALSE	down_in_cellobiose
YNL093W	405.876192226475	0.800960651930953	0.136541079722926	5.86607820559415	4.46223391290453e-09	1.51725986167282e-08	0.777115574004352	FALSE	up_in_cellobiose
YOL120C	36421.1832458876	0.389275515240548	0.0664021293974794	5.86239505830252	4.56237953504484e-09	1.55044010154417e-08	0.388725874013324	FALSE	up_in_cellobiose
YJL214W	312.26895684234	-0.80693963930303	0.137651989712301	-5.86217199613002	4.5685143856758e-09	1.5507824645877e-08	-0.782692314212953	FALSE	down_in_cellobiose
YOR262W	2412.94997424104	-0.408250592353077	0.0696407598535677	-5.86223632843033	4.56674423931356e-09	1.5507824645877e-08	-0.402124928652577	FALSE	down_in_cellobiose
YDR138W	2262.8791281162	-0.411214882371841	0.0701816257009813	-5.85929548175301	4.64834964695623e-09	1.57699758914404e-08	-0.406687653275761	FALSE	down_in_cellobiose
YGL213C	2432.0602985987	-0.416227579934741	0.0710537003085076	-5.85792968033368	4.68673007962235e-09	1.5891272562576e-08	-0.410098193310846	FALSE	down_in_cellobiose
YOL010W	2612.62649732666	0.485551929503514	0.082897983174432	5.85722246682198	4.70672451068049e-09	1.59501269272304e-08	0.477492486971797	FALSE	up_in_cellobiose
YJR024C	2148.36405997204	0.462780778737097	0.0790239669757184	5.85620788790944	4.73555383977038e-09	1.60388382848662e-08	0.455515265970846	FALSE	up_in_cellobiose
YDL224C	3024.80457164382	-0.387767160075369	0.0662510323197088	-5.85299800619126	4.82789915941453e-09	1.63424521630098e-08	-0.382606944922286	FALSE	down_in_cellobiose
YDR209C	2336.08590444727	-0.428712411343285	0.073256274364536	-5.85222788166836	4.85031422068753e-09	1.64091446985117e-08	-0.422131384494694	FALSE	down_in_cellobiose
YPL253C	999.324674302834	-0.533265387286411	0.091184034796839	-5.84823196817891	4.96825394854546e-09	1.67987524509511e-08	-0.523346895924595	FALSE	down_in_cellobiose
YPR125W	3184.10106996658	0.485045955884457	0.0829689311764913	5.84611551585096	5.03184683086378e-09	1.70042689831816e-08	0.477043904856874	FALSE	up_in_cellobiose
YMR031C	7071.64404262902	0.346749172946659	0.0593140977498136	5.8459824240983	5.03587218829674e-09	1.70083701099983e-08	0.343578611407866	FALSE	up_in_cellobiose
YLR185W	10082.292535181	0.451835338139147	0.0773322434773615	5.84278068011073	5.1336586795009e-09	1.73289628082036e-08	0.446086261832164	FALSE	up_in_cellobiose
YNL012W	508.655680105534	0.645892642189198	0.111014171864121	5.81810980835636	5.95168004753829e-09	2.00790365909421e-08	0.630241693887758	FALSE	up_in_cellobiose
YDR358W	2947.53849602685	0.414471054515954	0.071402409013065	5.80472088049739	6.44733161347967e-09	2.17390796710917e-08	0.408998055421292	FALSE	up_in_cellobiose
YFL058W	584.627439590319	0.869315825611649	0.149846846944241	5.80136214634619	6.57783623004969e-09	2.21667584153597e-08	0.840231090272462	FALSE	up_in_cellobiose
YBL059C-A	1194.66513398122	0.537352283762271	0.0926553039755868	5.79947677797112	6.65221492755906e-09	2.24049265572409e-08	0.527416461549273	FALSE	up_in_cellobiose
YPR172W	1222.58586133605	0.481249137979992	0.0829869266724722	5.79909580070795	6.66734369963732e-09	2.24433845515338e-08	0.473373300294965	FALSE	up_in_cellobiose
YOR020W-A	2848.49008972532	0.408477781021424	0.0704620218303044	5.79713397956664	6.74577983810852e-09	2.26947843385531e-08	0.401723750613209	FALSE	up_in_cellobiose
YJL174W	7029.1445579261	0.343436092469719	0.0592643447744724	5.79498674585281	6.83265770042171e-09	2.29742892884107e-08	0.339676563463767	FALSE	up_in_cellobiose
YHR068W	7498.92431111682	-0.337676227696724	0.0582737910440298	-5.79465007590782	6.84637780453075e-09	2.3007632966448e-08	-0.335229519483842	FALSE	down_in_cellobiose
YGL192W	3160.31259470992	-0.386558580365529	0.0667141496564551	-5.79425177951177	6.86264393540576e-09	2.30494909301885e-08	-0.381775115226141	FALSE	down_in_cellobiose
YIL161W	1340.89591703606	-0.47253400635277	0.0815856732116926	-5.79187482006397	6.96050150789346e-09	2.33651906888166e-08	-0.463022369160693	FALSE	down_in_cellobiose
YDR505C	2015.32057729696	0.470071066141594	0.0811765643704392	5.79072383497881	7.00837301572826e-09	2.351283880873e-08	0.46267337834303	FALSE	up_in_cellobiose
YLL008W	3979.13105813402	0.432395112042495	0.0746849219526981	5.78959046534659	7.05582467456987e-09	2.3658915441504e-08	0.426372158396433	FALSE	up_in_cellobiose
YOR076C	1550.41664224457	-0.457939058175937	0.0791085104392551	-5.78874580791878	7.09139164637901e-09	2.37518427845773e-08	-0.450784232824156	FALSE	down_in_cellobiose
YIL039W	1674.04991331179	-0.435135561973498	0.075168150145771	-5.78882892727378	7.0878839230323e-09	2.37518427845773e-08	-0.428678721505591	FALSE	down_in_cellobiose
YIR005W	662.717751851714	-0.603740409126723	0.104452754952238	-5.78003336918003	7.46858103990385e-09	2.50013540179183e-08	-0.58990712912321	FALSE	down_in_cellobiose
YDR464W	4179.61879015829	0.382580360048593	0.0662013428816995	5.77904228819431	7.51270434164505e-09	2.51351485412671e-08	0.377787241001013	FALSE	up_in_cellobiose
YKL137W	1075.66023296937	0.509466087682241	0.0881797383877291	5.77758674495158	7.57796551109505e-09	2.53394767145461e-08	0.50032918065534	FALSE	up_in_cellobiose
YNR065C	3805.56734822109	-0.373373138583179	0.0646351125064077	-5.77663013344587	7.62115628215288e-09	2.54698200832833e-08	-0.368768421285138	FALSE	down_in_cellobiose
YLR436C	2690.81559259414	0.389034678727532	0.0673610751730036	5.77536326028605	7.67872385933416e-09	2.56480401022155e-08	0.382871261599642	FALSE	up_in_cellobiose
YDR533C	3983.329043113	0.491427842450218	0.0851807301378323	5.76923726358098	7.96311238003936e-09	2.65832598161468e-08	0.482104597553114	FALSE	up_in_cellobiose
YPL199C	2770.67098633358	-0.399237224592584	0.0692326606228868	-5.76660236658022	8.08855875984312e-09	2.69871439262499e-08	-0.394008212672393	FALSE	down_in_cellobiose
YGR082W	2518.14889049524	0.401674661981564	0.0696839331734558	5.76423636969118	8.20283871782207e-09	2.73533469702898e-08	0.396698587680476	FALSE	up_in_cellobiose
YPL118W	3047.45805428961	0.39706353791452	0.0688878767968533	5.76391023177327	8.21871409324197e-09	2.73911854270086e-08	0.392134371204929	FALSE	up_in_cellobiose
YMR275C	1813.28154821555	-0.437864486769667	0.0760038755137718	-5.76108104764114	8.35768930773212e-09	2.78390212678808e-08	-0.431159089799097	FALSE	down_in_cellobiose
YBL106C	2587.73977459624	-0.475242619893093	0.0825197533549074	-5.75913766791247	8.45447297241943e-09	2.81459036929913e-08	-0.467396475712193	FALSE	down_in_cellobiose
YOL019W	2888.35708996693	0.389532783240537	0.0676507609959358	5.75799558653802	8.51185802129632e-09	2.83213581797698e-08	0.386288715430213	FALSE	up_in_cellobiose
YPL155C	1922.20525424205	-0.423101853498108	0.0734911226339816	-5.75718315809847	8.55290963867382e-09	2.84423036857273e-08	-0.416834989015282	FALSE	down_in_cellobiose
YPL153C	1355.97213342992	0.541166307596395	0.0940048032096604	5.75679421815737	8.57263065664174e-09	2.84922213417725e-08	0.530327788755885	FALSE	up_in_cellobiose
YHL042W	364.954364795929	-0.743651893079853	0.129203715402829	-5.75565409060653	8.63069536847509e-09	2.86694543019801e-08	-0.721721228686714	FALSE	down_in_cellobiose
YLR030W	970.859981323677	0.522999417485009	0.0908963261563631	5.75380149672196	8.72586109337479e-09	2.89696672633502e-08	0.513149585277495	FALSE	up_in_cellobiose
YGR033C	2403.87856485504	-0.406477582786691	0.0707207175769815	-5.74764505668695	9.04949557074449e-09	3.00276460271165e-08	-0.400564591030469	FALSE	down_in_cellobiose
YNL009W	549.705247867832	0.659811093574531	0.114907266070269	5.74211811088637	9.3499566959937e-09	3.10076140647291e-08	0.642756672602545	FALSE	up_in_cellobiose
YBR302C	7688.01415614934	-0.482727073005027	0.0840823967800029	-5.7411193245128	9.40527858758329e-09	3.11739891376939e-08	-0.474427117869944	FALSE	down_in_cellobiose
YFL054C	1860.29650079732	0.457998046855856	0.0798290122430943	5.73723805401934	9.6232951565249e-09	3.18791415124968e-08	0.451126420907682	FALSE	up_in_cellobiose
YPR099C	1234.80193367839	0.491796926651693	0.0857524081218406	5.73508006857286	9.74662906858731e-09	3.22700378959412e-08	0.482843395572376	FALSE	up_in_cellobiose
YNL082W	1260.12089887598	0.466697310654941	0.0813858654497963	5.73437793006978	9.78708819317022e-09	3.23862672212728e-08	0.459429098311761	FALSE	up_in_cellobiose
YHR170W	3920.03529308206	0.416796452550334	0.072780498724724	5.72676005047415	1.02366795423652e-08	3.38554808921636e-08	0.411071212996615	FALSE	up_in_cellobiose
YDL153C	3358.18885221208	0.369368284555533	0.0645116142735468	5.72560908163468	1.03063297341317e-08	3.40672068643512e-08	0.363463121309292	FALSE	up_in_cellobiose
YIL034C	4073.41159271793	-0.359631725151868	0.0628250754893779	-5.72433415082283	1.03840191123032e-08	3.43052603005582e-08	-0.356121352915764	FALSE	down_in_cellobiose
YDR289C	1574.98480319094	0.472154237325413	0.082533445173681	5.72076249006479	1.06047054495969e-08	3.50152092055741e-08	0.464302556529374	FALSE	up_in_cellobiose
YOR151C	7954.97223681726	0.360847876450997	0.0630785242536162	5.72061380193609	1.06139907618031e-08	3.50267485641826e-08	0.355708805970024	FALSE	up_in_cellobiose
YPR078C	769.255022825485	-0.579446688022191	0.101493487247347	-5.70920069590317	1.13507979395374e-08	3.74378281004699e-08	-0.566427253773534	FALSE	down_in_cellobiose
YKL051W	1366.86421595197	-0.473238284094212	0.082901287847772	-5.70845515648923	1.14006205941972e-08	3.75816642911709e-08	-0.46588155438659	FALSE	down_in_cellobiose
YKR077W	2143.90376244181	0.43072818755352	0.0755573911022314	5.7006757548144	1.19333427107775e-08	3.93163344539724e-08	0.425215406081364	FALSE	up_in_cellobiose
YOR270C	14706.9657630854	-0.318472851102424	0.0558804073474769	-5.69918628405996	1.20380628488865e-08	3.96397616619021e-08	-0.315167971057055	FALSE	down_in_cellobiose
YKR015C	544.623777938427	-0.691353598490247	0.121425523330673	-5.69364314459253	1.24356863098622e-08	4.09268044006292e-08	-0.672179834505442	FALSE	down_in_cellobiose
YNL073W	2757.55035398741	0.410547563809158	0.0721513466457944	5.69008872176177	1.26973381609447e-08	4.17651976811064e-08	0.405006185763896	FALSE	up_in_cellobiose
YNL199C	3448.33012383008	0.407634697468056	0.0716468318857028	5.68950066233703	1.27411395637245e-08	4.18864963157443e-08	0.402217858474547	FALSE	up_in_cellobiose
YML038C	4105.76568793185	-0.396527868445868	0.0696969403995472	-5.68931528662116	1.27549776181262e-08	4.19092121738431e-08	-0.393225223395518	FALSE	down_in_cellobiose
YDL036C	1026.33488659714	-0.533523961781591	0.0938520732470453	-5.68473282819448	1.31017318352277e-08	4.30251769116678e-08	-0.523076501600027	FALSE	down_in_cellobiose
YMR196W	7386.37250360656	0.37337991439337	0.0657020006390139	5.6829306681973	1.32405955515094e-08	4.34576030879438e-08	0.369470032167391	FALSE	up_in_cellobiose
YHL011C	4016.94466060173	0.397982538811758	0.0700663745262846	5.68007894660597	1.34632585751852e-08	4.41644528857348e-08	0.390326572338431	FALSE	up_in_cellobiose
YBR207W	3321.59575197052	-0.396960568813524	0.0699150113165516	-5.67775877223591	1.36470982656025e-08	4.47432506279835e-08	-0.391921815569393	FALSE	down_in_cellobiose
YCL031C	3785.08385221413	0.372506461680402	0.0656335298806417	5.67555123665946	1.38242756804275e-08	4.52995902442611e-08	0.36786814634171	FALSE	up_in_cellobiose
YNR007C	1525.36607170123	0.446309715273062	0.0786472686264176	5.67482791288121	1.38828144041271e-08	4.54667809044747e-08	0.439213170545274	FALSE	up_in_cellobiose
YCR105W	669.51594366173	-0.566656952847671	0.099858763707113	-5.67458410069729	1.39026003788965e-08	4.55069424739962e-08	-0.554763989924793	FALSE	down_in_cellobiose
YNL155C-A	539.240995079622	0.637916716917656	0.11247225229191	5.67176973803291	1.41329855179059e-08	4.62360353692876e-08	0.621909410910132	FALSE	up_in_cellobiose
YER096W	1313.34872819303	0.461550488813402	0.0814044227283211	5.66984536397709	1.42926462118812e-08	4.67330902354969e-08	0.453951088892113	FALSE	up_in_cellobiose
YKL203C	2452.49265238508	0.41187493055101	0.0728755858380532	5.65175464203188	1.58818186010002e-08	5.1901199739303e-08	0.405311242692593	FALSE	up_in_cellobiose
YHR160C	383.034981563122	0.753694473907872	0.133426057400233	5.6487802202462	1.61590283746269e-08	5.27785975367808e-08	0.730537076727735	FALSE	up_in_cellobiose
YOL023W	1949.97269196625	0.428654561912629	0.0759024920009997	5.6474372660516	1.62857233500661e-08	5.31637023985697e-08	0.422398262815443	FALSE	up_in_cellobiose
YER103W	7037.61723315353	0.433835385427005	0.0768823791056155	5.64284547999006	1.67262452277974e-08	5.45723071105428e-08	0.42771512563534	FALSE	up_in_cellobiose
YBR043C	4015.93756357844	-0.359770502881282	0.063762749316557	-5.64233046312296	1.67763702179692e-08	5.47063414816689e-08	-0.354877714680721	FALSE	down_in_cellobiose
YNL148C	856.744400092177	0.56841980014095	0.100777266504715	5.64035739265022	1.69697565237885e-08	5.53071428946103e-08	0.555795372475017	FALSE	up_in_cellobiose
YKL087C	1709.43667204495	0.451018935527441	0.0799951175230713	5.63808079158534	1.71955834112498e-08	5.60129693347604e-08	0.44416005985439	FALSE	up_in_cellobiose
YKL044W	432.859199371983	0.749709345424419	0.132983097215847	5.63762884998502	1.72407595455802e-08	5.61299001567355e-08	0.726766586405136	FALSE	up_in_cellobiose
YDR310C	4320.33315023767	0.35341567137354	0.0627050879028731	5.63615622261725	1.73887646352174e-08	5.65813003111513e-08	0.349552621559768	FALSE	up_in_cellobiose
YOR324C	1944.35953411437	-0.408092843206279	0.072508595217837	-5.62819955317365	1.8210034815162e-08	5.92217745144704e-08	-0.402151475520725	FALSE	down_in_cellobiose
YGL124C	1692.02226977317	-0.433889035067088	0.0771286360210346	-5.62552454510873	1.84945104936661e-08	6.01146125610887e-08	-0.426595992284965	FALSE	down_in_cellobiose
YCR053W	13387.2637295927	-0.35160486091327	0.0625329340471844	-5.62271491447955	1.87979481633674e-08	6.1068092610209e-08	-0.34789206432374	FALSE	down_in_cellobiose
YLR353W	1276.95204260963	-0.469174596426127	0.0834524895045836	-5.62205632463916	1.88697715882569e-08	6.12685176260687e-08	-0.461027951171629	FALSE	down_in_cellobiose
YDL133C-A	4106.90850154857	0.472669501621715	0.0841193982515493	5.61903094228339	1.92031466824088e-08	6.23175076619585e-08	0.463546076023976	FALSE	up_in_cellobiose
YJL134W	2439.9486543945	-0.387483763731436	0.0690087756851951	-5.61499258440786	1.96570675180559e-08	6.37563546470348e-08	-0.382289536577155	FALSE	down_in_cellobiose
YJL093C	2023.91923978441	0.407102945621912	0.0725071417394624	5.61465996114896	1.96949160731325e-08	6.38448806679413e-08	0.40151796259683	FALSE	up_in_cellobiose
YAR003W	1847.6416385872	-0.413180291813322	0.073734198926431	-5.60364522608534	2.09890099121393e-08	6.80034927469366e-08	-0.407365296412452	FALSE	down_in_cellobiose
YGR106C	6616.32758265598	-0.39389754450014	0.0703466544360566	-5.59937850147776	2.15121641907203e-08	6.96611783670596e-08	-0.387533017743549	FALSE	down_in_cellobiose
YGR203W	1242.3100358155	-0.457801416955132	0.0818317150963707	-5.59442529606025	2.21353750866865e-08	7.16409223645623e-08	-0.450124125886912	FALSE	down_in_cellobiose
YKR095W	4646.44227262801	0.379306444748112	0.0678650484631858	5.589128031845	2.282126507316e-08	7.38213007633931e-08	0.374497569130477	FALSE	up_in_cellobiose
YJL073W	1839.99559201772	-0.419090306992443	0.0750319079312789	-5.58549447224885	2.33036200776569e-08	7.53413136556635e-08	-0.412486406562076	FALSE	down_in_cellobiose
YPL254W	1894.14194971039	-0.437312306655823	0.0783071103962602	-5.58457979668611	2.34265936886153e-08	7.56984322769413e-08	-0.430465474708933	FALSE	down_in_cellobiose
YIL017C	2839.48159478514	0.379936509847986	0.0680636606232083	5.58207575627273	2.3766480763664e-08	7.67557085634831e-08	0.376536415106013	FALSE	up_in_cellobiose
YNL025C	1053.10691721632	-0.481310107291477	0.0863048372595807	-5.57686130435345	2.44896968597234e-08	7.90491869287444e-08	-0.472054123717473	FALSE	down_in_cellobiose
YNL236W	1688.06240138468	-0.426989375725596	0.0766057779681323	-5.57385339658351	2.49165439201944e-08	8.03840928924033e-08	-0.420156605674845	FALSE	down_in_cellobiose
YNL294C	3968.58582886852	-0.356025621240281	0.0638778208722445	-5.57354049306615	2.49613599284788e-08	8.04857495774885e-08	-0.35145915705932	FALSE	down_in_cellobiose
YNL178W	39079.2892861191	0.363636739439578	0.0652589817918112	5.57220982392354	2.51528220262618e-08	8.10598936797322e-08	0.365342908641696	FALSE	up_in_cellobiose
YDR190C	5982.62471381108	0.333713504175131	0.0599663802936295	5.56500996960431	2.62137423095372e-08	8.44339335625084e-08	0.330278542593969	FALSE	up_in_cellobiose
YNCG0044C	131.516265025642	1.13467207793351	0.204158526671761	5.55779911048143	2.73197555990843e-08	8.79495484932736e-08	1.08389689194438	FALSE	up_in_cellobiose
YLL035W	1528.9913195555	-0.444056727840032	0.0799751487121356	-5.55243391216914	2.81719237854895e-08	9.06446632863967e-08	-0.436843001632029	FALSE	down_in_cellobiose
YGR050C	562.162524997297	-0.609982986067305	0.109968114023588	-5.54690776943272	2.90766019275763e-08	9.35057762147311e-08	-0.594568672980667	FALSE	down_in_cellobiose
YNL216W	5294.1396152261	0.369796479934354	0.0666960435244236	5.54450399743633	2.94788600362164e-08	9.47490033788912e-08	0.363029375894397	FALSE	up_in_cellobiose
YML012W	10034.3488340018	0.345484751234757	0.0623608122245815	5.54009383313601	3.02309619802991e-08	9.71147578432444e-08	0.341836638762391	FALSE	up_in_cellobiose
YML024W	18494.9979081286	0.36614351315678	0.0660933673260488	5.53979208459055	3.02830966078282e-08	9.72306005205694e-08	0.361631832891899	FALSE	up_in_cellobiose
YNL301C	3154.14516469314	-0.408034725308654	0.0737641418048977	-5.53161353639665	3.17298379421825e-08	1.01821639104648e-07	-0.40184623492071	FALSE	down_in_cellobiose
YGR150C	1980.17550356904	0.402272665479689	0.0727933260103912	5.52623004782424	3.27185060551041e-08	1.04938623079175e-07	0.396668930795033	FALSE	up_in_cellobiose
YMR198W	995.826100575139	-0.481907871218977	0.0872640577849478	-5.5224096088516	3.34381834027411e-08	1.07190021941272e-07	-0.4724233508982	FALSE	down_in_cellobiose
YCL063W	1354.4641123746	-0.483590247680215	0.0875785430922064	-5.5217891347093	3.35565057757352e-08	1.07512342922363e-07	-0.47477908500695	FALSE	down_in_cellobiose
YIL066C	5161.30307812695	-0.498467190959752	0.0902789536937071	-5.52141081132731	3.36288499977231e-08	1.07687090331513e-07	-0.488865278877555	FALSE	down_in_cellobiose
YLR421C	2591.3862233679	-0.382412420179779	0.0693836186551905	-5.5115663839936	3.55654238687597e-08	1.13828174064618e-07	-0.377381338397205	FALSE	down_in_cellobiose
YER005W	2807.18183568508	-0.392106305571242	0.0711555186533023	-5.5105536856774	3.57706685335541e-08	1.14424523511089e-07	-0.38627521002205	FALSE	down_in_cellobiose
YGR040W	806.152639185614	-0.524500063160911	0.0952041315714943	-5.50921535130052	3.60436731787186e-08	1.15236881108916e-07	-0.513319655582425	FALSE	down_in_cellobiose
YML064C	1239.44436594059	-0.478836985131307	0.0869319394752295	-5.50818247035369	3.62557494281798e-08	1.15853686366117e-07	-0.470031882645531	FALSE	down_in_cellobiose
YNL101W	2181.13407030052	-0.399630427179254	0.0725619262940106	-5.50743961178771	3.64090245240353e-08	1.16282042949255e-07	-0.395852373287027	FALSE	down_in_cellobiose
YMR173W	16721.7536318871	-0.426910805640618	0.0775489513419047	-5.50504936886142	3.69064830924926e-08	1.17808610145904e-07	-0.417319020571515	FALSE	down_in_cellobiose
YMR182C	1156.11452866741	-0.472852288111776	0.0859022907479701	-5.50453642149177	3.70140938224795e-08	1.18089796166761e-07	-0.464274729465786	FALSE	down_in_cellobiose
YLR363C	742.434072456301	-0.547248941261111	0.0994411358793457	-5.50324507480587	3.72863532671166e-08	1.18895704223926e-07	-0.534868981112682	FALSE	down_in_cellobiose
YKL143W	2121.53988909339	0.451403957824513	0.0820535597566247	5.50133302154594	3.76930485558979e-08	1.20129215339635e-07	0.44485403153914	FALSE	up_in_cellobiose
YLR020C	3028.46072297722	-0.36647144759978	0.0666693685621489	-5.49684893532713	3.86637635621334e-08	1.23158033589966e-07	-0.36159442834677	FALSE	down_in_cellobiose
YNR031C	2661.21243296734	0.376696701363496	0.0685327615315448	5.49659305922041	3.87198807302819e-08	1.23271872914461e-07	0.368935761841718	FALSE	up_in_cellobiose
YDR324C	2939.38475255942	0.383785233551404	0.0698367849918172	5.49545964345828	3.89694057256205e-08	1.24001018008563e-07	0.377960077903631	FALSE	up_in_cellobiose
YJR002W	3420.05229996756	0.376616563939642	0.068561177949826	5.49314605147618	3.94835996049721e-08	1.25571132497621e-07	0.372048013568074	FALSE	up_in_cellobiose
YMR286W	1341.24379289304	0.436584598960732	0.0795396204815494	5.48889467057497	4.04456703459994e-08	1.28563247463453e-07	0.429511250423175	FALSE	up_in_cellobiose
YLR371W	3114.5078247565	0.385070542277353	0.070178544588138	5.48701237019441	4.08788517111323e-08	1.29871940126386e-07	0.380022710035287	FALSE	up_in_cellobiose
YMR272C	8515.51619587666	-0.365710750332062	0.0666704625340844	-5.48534893012175	4.12654076413359e-08	1.31031207780809e-07	-0.36040788051361	FALSE	down_in_cellobiose
YJR039W	1971.63224947614	-0.396662084630273	0.0723187556497921	-5.484913022441	4.13672900204192e-08	1.31285801329232e-07	-0.391173572703085	FALSE	down_in_cellobiose
YAR068W	180.91838990252	-0.965610632102855	0.176105159848196	-5.48314786991601	4.17823489024737e-08	1.32533523078691e-07	-0.925428401600058	FALSE	down_in_cellobiose
YMR296C	5645.79912002706	0.361459761106737	0.065976304434886	5.47863000516302	4.28631598236752e-08	1.35890594220866e-07	0.357522576303985	FALSE	up_in_cellobiose
YOR131C	1797.62456939005	-0.451061565855839	0.0823338204908557	-5.47844814156214	4.29072299002556e-08	1.35959053780328e-07	-0.443264234138042	FALSE	down_in_cellobiose
YPL067C	926.336398997205	0.531242390651024	0.0970458865983647	5.47413609450166	4.39651097158117e-08	1.39238193021437e-07	0.519734830897217	FALSE	up_in_cellobiose
YCR024C-A	3247.03943744201	0.421456842793078	0.0770625343468441	5.4690239085076	4.52520711476677e-08	1.43239025835815e-07	0.415693515259104	FALSE	up_in_cellobiose
YKL072W	2425.28891130646	-0.397834187949559	0.0728010749956465	-5.46467463527633	4.63756626460575e-08	1.46718819741633e-07	-0.392151599462844	FALSE	down_in_cellobiose
YLR031W	556.574543105901	0.622604559457075	0.113945452350691	5.46405799101906	4.65371395866248e-08	1.47152722090692e-07	0.606088576580394	FALSE	up_in_cellobiose
YBR114W	1990.98082516297	-0.481762883976962	0.0881794058778805	-5.46343989484522	4.66995436544117e-08	1.47589101131419e-07	-0.472626951723657	FALSE	down_in_cellobiose
YDR356W	1969.48423795407	0.395780342465736	0.0724543932053591	5.46247542704508	4.69540545297828e-08	1.48315966501648e-07	0.39028193934095	FALSE	up_in_cellobiose
YDR270W	2212.62837973077	-0.558968911072293	0.102337386503552	-5.46202057889073	4.70745493139982e-08	1.48618971190175e-07	-0.546096159972823	FALSE	down_in_cellobiose
YHR209W	1562.1601141801	0.420880565785329	0.0770627586170538	5.46152997035574	4.720485347895e-08	1.48952612777344e-07	0.414462507997278	FALSE	up_in_cellobiose
YOR361C	7962.04958582366	0.31807312754265	0.058310844011563	5.45478517648581	4.90320862213702e-08	1.54637690069379e-07	0.314744502694862	FALSE	up_in_cellobiose
YDR411C	2798.58383632122	-0.366543246431019	0.0672038389147395	-5.45420101515402	4.91935287703826e-08	1.55066000798356e-07	-0.361959607935204	FALSE	down_in_cellobiose
YHR199C	5755.71476037698	-0.355747514471978	0.0653319680385251	-5.44522880838672	5.17388346179857e-08	1.63004276356352e-07	-0.351625698630289	FALSE	down_in_cellobiose
YER110C	7118.29598896393	0.396903518638057	0.0729316322784997	5.44213129801381	5.26468473075224e-08	1.65778646206769e-07	0.391803291619804	FALSE	up_in_cellobiose
YFL023W	2440.3632000544	0.383966135763424	0.0705612687826158	5.44159908669361	5.28044081659037e-08	1.66188275231816e-07	0.377334283337014	FALSE	up_in_cellobiose
YNL074C	3545.03896559368	-0.34928882246558	0.0642017705926008	-5.44048581902871	5.31354696158388e-08	1.67143242696936e-07	-0.344913863605744	FALSE	down_in_cellobiose
YIL009W	2032.3530852496	-0.477609979380655	0.0878442144694472	-5.4370112165642	5.41817286063702e-08	1.70345777723458e-07	-0.468501028293335	FALSE	down_in_cellobiose
YOR115C	2115.39055648342	-0.405284734951586	0.07458907490472	-5.43356698644267	5.52385332911099e-08	1.73578123572948e-07	-0.400381203858938	FALSE	down_in_cellobiose
YMR146C	8578.36889872966	0.329198459000922	0.0605897744357137	5.4332346021556	5.53415703822508e-08	1.73811609160039e-07	0.326551721208208	FALSE	up_in_cellobiose
YHR059W	1358.140109158	0.44856568444695	0.0826102963559989	5.42990043897085	5.6385499164329e-08	1.76998383209666e-07	0.441062563350948	FALSE	up_in_cellobiose
YLR271W	922.048115125242	0.524280948783422	0.096582438380438	5.42832586932917	5.68851075671245e-08	1.78474074519469e-07	0.51084366366655	FALSE	up_in_cellobiose
YPL262W	10121.6542237971	0.322224913252529	0.059407460780748	5.42398057445591	5.82862190107992e-08	1.82775188593221e-07	0.319034135785152	FALSE	up_in_cellobiose
YJR040W	2782.48484378404	-0.363562361553192	0.0670432783410555	-5.42280107043268	5.86722764465541e-08	1.8389046643793e-07	-0.359011850331145	FALSE	down_in_cellobiose
YNL213C	1535.70196373555	0.415773069707917	0.0767172781854943	5.4195492794025	5.97494790571143e-08	1.87169652416615e-07	0.409213218157227	FALSE	up_in_cellobiose
YHL029C	2704.96609362183	-0.396787839259	0.0732309716428529	-5.4183063580548	6.01662561344614e-08	1.88377682897183e-07	-0.391091204117957	FALSE	down_in_cellobiose
YDR273W	1368.25398619354	-0.484191931894079	0.0894646093694839	-5.4121058070504	6.22878641111293e-08	1.94919446460539e-07	-0.474967450592029	FALSE	down_in_cellobiose
YMR009W	718.863418404642	-0.53254437171182	0.0984097674756956	-5.41149913643829	6.24992959427433e-08	1.95479959233534e-07	-0.52048263765576	FALSE	down_in_cellobiose
YML035C	3399.38377332719	0.348623284500409	0.0644436795537807	5.40973586415825	6.31177720820433e-08	1.97312353139163e-07	0.345751774072868	FALSE	up_in_cellobiose
YHL017W	1780.15353923052	-0.399300807131905	0.0738192513428955	-5.40916901577782	6.33178533442151e-08	1.97835586197912e-07	-0.393403170203561	FALSE	down_in_cellobiose
YAR009C	976.03620191436	-1.89543567570173	0.350425516910777	-5.40895449740988	6.33937323530195e-08	1.97970411462785e-07	-1.77452495404202	FALSE	down_in_cellobiose
YJL155C	2183.54409279821	0.395503587738383	0.0732131923892117	5.40208089323342	6.58722299640458e-08	2.05604292596756e-07	0.389713111766785	FALSE	up_in_cellobiose
YER017C	4693.62903870207	0.336179538405743	0.0622388062304252	5.40144579831936	6.6105914137051e-08	2.06227269012388e-07	0.332707241296245	FALSE	up_in_cellobiose
YDR530C	4363.47217604099	-0.364595369687553	0.0675007818333162	-5.40135032195435	6.61411141849746e-08	2.06230721497377e-07	-0.359862073955124	FALSE	down_in_cellobiose
YGL114W	3951.60256684064	-0.345545187233969	0.0640284774594793	-5.39674221447244	6.78617795504553e-08	2.1148681324096e-07	-0.341623688898227	FALSE	down_in_cellobiose
YKL114C	2416.79575687719	-0.373578165960339	0.0692474505477614	-5.39482916707055	6.85887782073538e-08	2.1364238896822e-07	-0.368211960597659	FALSE	down_in_cellobiose
YCL035C	7343.58894843686	0.322089609603803	0.0597426318426547	5.3912859154263	6.99552661794205e-08	2.17786621265731e-07	0.316859694475863	FALSE	up_in_cellobiose
YML058W-A	5542.07176190012	-0.487980929648575	0.090523991801005	-5.39062540150993	7.02128992724837e-08	2.18476248816489e-07	-0.479979035105855	FALSE	down_in_cellobiose
YNL227C	2357.06069520659	-0.41182680955478	0.0764013111414312	-5.39031076040595	7.03359478100618e-08	2.18634197483589e-07	-0.405434022108826	FALSE	down_in_cellobiose
YGL040C	3684.30354058454	0.359774545588542	0.0667439265333202	5.3903712933181	7.03122586340279e-08	2.18634197483589e-07	0.355378123696051	FALSE	up_in_cellobiose
YNL313C	3202.64551812496	0.393164353755703	0.072996512208663	5.38607040062173	7.20147649490609e-08	2.23737705791921e-07	0.387580661392931	FALSE	up_in_cellobiose
YDR100W	2007.95361989394	-0.414465294135764	0.0769670286137242	-5.38497200165864	7.24559260952423e-08	2.24992760241335e-07	-0.408025646005224	FALSE	down_in_cellobiose
YNL086W	539.947690476314	-0.613258359116865	0.113955624102914	-5.3815541263942	7.38454918701711e-08	2.29190036081408e-07	-0.596700329028018	FALSE	down_in_cellobiose
YPL093W	7615.18731380309	0.435793155309059	0.0809957860214912	5.38044232564676	7.43030417774501e-08	2.30491846006049e-07	0.428085597145209	FALSE	up_in_cellobiose
YDL063C	1705.8091623601	0.411119978485919	0.0764164054417881	5.37999629934307	7.44873698990174e-08	2.30945207851951e-07	0.404589459397042	FALSE	up_in_cellobiose
YEL020W-A	312.502320198146	0.746419005835466	0.138756543968858	5.37934272853457	7.47582695722659e-08	2.3166637942758e-07	0.721490652760348	FALSE	up_in_cellobiose
YBR079C	10656.3204369281	0.327690759879459	0.0609201175676946	5.37902376034203	7.4890825482842e-08	2.31958322245628e-07	0.325299421095296	FALSE	up_in_cellobiose
YOR032W-A	49.278091616994	-1.87457327816333	0.348581272402498	-5.37772228910452	7.54340504859412e-08	2.33521275020194e-07	-1.75734693617266	FALSE	down_in_cellobiose
YDL092W	2455.94135329709	-0.395995267677036	0.0736541791318316	-5.37641274866773	7.59844944673494e-08	2.35104965234269e-07	-0.390183871814827	FALSE	down_in_cellobiose
YJL128C	2528.65000927569	-0.372269907295946	0.0692444076854896	-5.37617288874515	7.60857363096642e-08	2.3529786244231e-07	-0.366827413936412	FALSE	down_in_cellobiose
YMR116C	25996.5932156668	0.328439553897611	0.0611409778056662	5.37184006022182	7.79372227302967e-08	2.40900490697785e-07	0.324956612833577	FALSE	up_in_cellobiose
YLR423C	1199.56591297308	0.45615331840529	0.084921288891099	5.37148369227238	7.80914315196648e-08	2.41253865813305e-07	0.448019417644034	FALSE	up_in_cellobiose
YPR048W	1493.99143563118	-0.434693867546643	0.0809430578337256	-5.37036626957678	7.8576884884237e-08	2.42629697123405e-07	-0.427368569461155	FALSE	down_in_cellobiose
YCR012W	215351.063618951	-0.330735791423416	0.0615893710646074	-5.37001410643523	7.87304834618058e-08	2.42979946153298e-07	-0.327091374644655	FALSE	down_in_cellobiose
YKR038C	3602.67370725293	-0.345549739774625	0.0645380462332214	-5.35420205510887	8.59347912508741e-08	2.65078812991605e-07	-0.341204511898264	FALSE	down_in_cellobiose
YDL053C	2771.86210094657	0.357563539858231	0.066812519055823	5.35174462677392	8.71102750187476e-08	2.6856781528461e-07	0.354594072122764	FALSE	up_in_cellobiose
YAL055W	1164.65816602681	0.459842879711761	0.0859596708600786	5.34951885123284	8.81883751108559e-08	2.71753174246341e-07	0.4509386669602	FALSE	up_in_cellobiose
YOL004W	4071.52091790276	0.371262146863672	0.0694237267518796	5.34777034068717	8.90443515085928e-08	2.74251162054724e-07	0.366365110927111	FALSE	up_in_cellobiose
YHR062C	996.141841811792	-0.480859929425419	0.0899492074940071	-5.34590512603967	8.99663261774381e-08	2.7694977457879e-07	-0.471368971220167	FALSE	down_in_cellobiose
YKL054C	5491.39923638722	0.345429386789426	0.0646249939946778	5.34513607564704	9.03491523908267e-08	2.77986786781338e-07	0.340501282158097	FALSE	up_in_cellobiose
YIL092W	1172.2130579635	-0.446524965629318	0.0835597211959239	-5.34378237790362	9.10268453296551e-08	2.79929530960388e-07	-0.438526153072824	FALSE	down_in_cellobiose
YPR131C	1211.72427294028	-0.438506113027543	0.0820771367215714	-5.34260977591211	9.16178530665084e-08	2.81603858332983e-07	-0.431056377445115	FALSE	down_in_cellobiose
YMR302C	2513.65602411632	0.365455663728644	0.0684123524032777	5.34195435313134	9.19498120322307e-08	2.82480656669865e-07	0.360763635697015	FALSE	up_in_cellobiose
YEL056W	1835.86907959175	-0.391764647348072	0.0733872700865059	-5.33831885129773	9.38123723410188e-08	2.88056365629859e-07	-0.385830666241598	FALSE	down_in_cellobiose
YPL137C	4000.1190221294	0.379182855993089	0.0710656923873622	5.33566680707554	9.51940684062813e-08	2.92150644236223e-07	0.370550028210021	FALSE	up_in_cellobiose
YBL090W	1858.14187233292	0.401103877883402	0.0752042005810555	5.33353023879418	9.63215141411809e-08	2.9546087172414e-07	0.395240368895902	FALSE	up_in_cellobiose
YPL176C	2667.19953740328	-0.371938560192084	0.0697613129890096	-5.33158772758018	9.73577682997365e-08	2.98488160387788e-07	-0.366708759037099	FALSE	down_in_cellobiose
YFL008W	2245.63849198296	0.392398092109959	0.0736268275468583	5.32955316946429	9.84546945315674e-08	3.01698301530624e-07	0.386954725574299	FALSE	up_in_cellobiose
YGR001C	2401.05655421449	-0.376072293941646	0.0706740330135807	-5.32122305613124	1.03071929776452e-07	3.15687140869751e-07	-0.370370998030854	FALSE	down_in_cellobiose
YLR460C	866.649153196578	-0.591716905641852	0.111210559469691	-5.32068994584203	1.03374453231081e-07	3.16453475503444e-07	-0.576601260041253	FALSE	down_in_cellobiose
YML113W	1766.76241864622	0.408484236883539	0.0767779795474383	5.3203306376557	1.03578834036682e-07	3.16918749159275e-07	0.402449326269808	FALSE	up_in_cellobiose
YAR033W	739.37449135375	-0.513932179464313	0.0967310752746409	-5.31299975737007	1.07835181768731e-07	3.29775032618328e-07	-0.503537675321	FALSE	down_in_cellobiose
YOR359W	1797.72766069774	0.461116467418664	0.0868356671296871	5.31021966734011	1.09493182359179e-07	3.34676230465222e-07	0.452630618366025	FALSE	up_in_cellobiose
YPR079W	2390.17288988764	-0.443127178697452	0.083464964970675	-5.30913993497922	1.10143746051629e-07	3.36494707003183e-07	-0.435396544428446	FALSE	down_in_cellobiose
YBL074C	680.703783289165	-0.532031284257484	0.100344439480637	-5.30205048741287	1.14509160826902e-07	3.49654676346255e-07	-0.520064582361637	FALSE	down_in_cellobiose
YKL048C	2675.02272663041	0.367934470269112	0.0694294932511529	5.29939731719131	1.16185555474004e-07	3.54594563603557e-07	0.363087305750114	FALSE	up_in_cellobiose
YNCL0046W	303.430792260447	0.726861894059529	0.137172526620542	5.29888828300316	1.1650989064886e-07	3.55405107682781e-07	0.70255591374484	FALSE	up_in_cellobiose
YMR199W	3735.85024814075	0.350790912098561	0.0662442982199706	5.29541291136825	1.18747777425552e-07	3.62049045185063e-07	0.346476370013369	FALSE	up_in_cellobiose
YGR044C	5029.81339806808	0.343041779983766	0.0647891435392844	5.29474169967635	1.19184755251177e-07	3.63198279352327e-07	0.338884095159403	FALSE	up_in_cellobiose
YNL320W	1706.05760796808	-0.418090425156575	0.078996414096265	-5.29252409668988	1.20639567696533e-07	3.67446497984052e-07	-0.41052489247542	FALSE	down_in_cellobiose
YDR060W	4374.332976924	0.381067078930905	0.0720364587470468	5.28991965400475	1.22370103511634e-07	3.72529821913373e-07	0.375536916559906	FALSE	up_in_cellobiose
YPR014C	218.476419746028	-0.865684404866539	0.163787416609888	-5.28541461111413	1.25420365737226e-07	3.81623638000242e-07	-0.830590203652987	FALSE	down_in_cellobiose
YDR108W	1975.88513618658	-0.425395598992596	0.080533749901311	-5.2822027971365	1.27639793602301e-07	3.88066235163831e-07	-0.41821343653988	FALSE	down_in_cellobiose
YML022W	2958.90081095275	0.364009135377217	0.0689128652119432	5.2821651553407	1.27666028761122e-07	3.88066235163831e-07	0.36071901280469	FALSE	up_in_cellobiose
YJR126C	3945.96018732912	0.33304247023601	0.0630730353361513	5.28026705011169	1.28995734436449e-07	3.91911199199439e-07	0.329114293307971	FALSE	up_in_cellobiose
YDR381C-A	1795.98195934669	0.4005456969813	0.0758710699872193	5.27929416375402	1.29682467673876e-07	3.93799822770722e-07	0.394489530087455	FALSE	up_in_cellobiose
YGL073W	4955.77665811262	-0.35519100898377	0.0673218132818292	-5.27601666783446	1.32022085449422e-07	4.00703258847744e-07	-0.350603829348307	FALSE	down_in_cellobiose
YGR184C	3997.97761284032	0.361009085125992	0.0685047002214412	5.26984402470241	1.36539734197122e-07	4.14207047220859e-07	0.356242068324542	FALSE	up_in_cellobiose
YBR153W	1200.48379983542	-0.466980105316383	0.0886308094128819	-5.26882365635387	1.37300784740031e-07	4.16306990923531e-07	-0.457384660024264	FALSE	down_in_cellobiose
YOR095C	1164.38690501701	0.542037433174007	0.102964554054141	5.26431098695374	1.40716083855519e-07	4.26448693007032e-07	0.528989264682798	FALSE	up_in_cellobiose
YHR148W	756.065410118865	0.506389173143798	0.0962426240290656	5.26158942830639	1.42815396017887e-07	4.3259405634061e-07	0.495480050563118	FALSE	up_in_cellobiose
YKL113C	4662.62874741521	-0.440594068890995	0.0837981384837098	-5.25780258205432	1.45786898327951e-07	4.41373847840729e-07	-0.433209045876851	FALSE	down_in_cellobiose
YHR177W	697.96912365155	-0.553088908669243	0.105241053358559	-5.2554482401925	1.47664379776958e-07	4.4683433380231e-07	-0.539412782929067	FALSE	down_in_cellobiose
YDR140W	1043.93248585417	-0.470598130699908	0.0896193397406225	-5.25107785955486	1.51211741477429e-07	4.57339912098485e-07	-0.46123467210814	FALSE	down_in_cellobiose
YGL039W	6648.6011006385	-0.54572389742004	0.104056049613681	-5.24451869397404	1.56690819263368e-07	4.73674545589261e-07	-0.530596313910127	FALSE	down_in_cellobiose
YDR055W	9312.09031995508	-0.338237055150522	0.0645068227047927	-5.24343070962308	1.57618017341955e-07	4.76239453996746e-07	-0.333052908370353	FALSE	down_in_cellobiose
YNR020C	1573.68597462763	0.409906588891608	0.0781997486828998	5.24178908238927	1.59027088711277e-07	4.80257044240895e-07	0.403613154313548	FALSE	up_in_cellobiose
YLR361C-A	738.26045509135	0.542330027770709	0.103483013376896	5.24076377439347	1.5991332126801e-07	4.82478929694058e-07	0.529481931823513	FALSE	up_in_cellobiose
YBR026C	4700.01163220054	0.328731952499405	0.0627260871879392	5.24075336493511	1.59922343203271e-07	4.82478929694058e-07	0.325232071660182	FALSE	up_in_cellobiose
YER093C	1488.6777912273	-0.434950543049248	0.0830121344661194	-5.23960196718913	1.60923309986872e-07	4.85256780713155e-07	-0.427243871364867	FALSE	down_in_cellobiose
YHR019C	15223.6133471149	-0.297627424362306	0.0568246916355518	-5.23764257747592	1.62640646983402e-07	4.90190968411857e-07	-0.294813506951678	FALSE	down_in_cellobiose
YAL049C	1060.92463293097	0.471451427236552	0.0900396683386684	5.23604135749668	1.6405720636072e-07	4.94214163982069e-07	0.462260895583301	FALSE	up_in_cellobiose
YHR015W	989.443427874387	0.469860966454358	0.0897841658186096	5.23322750922044	1.66575501472436e-07	5.01550626384653e-07	0.460812526366693	FALSE	up_in_cellobiose
YMR053C	1235.32813053345	0.430039417582705	0.0822043773021308	5.23134450617094	1.68281554511259e-07	5.06435384695824e-07	0.423231300213623	FALSE	up_in_cellobiose
YFR037C	7909.12546163371	0.309244359883832	0.0591194735616295	5.230837510105	1.6874378615742e-07	5.07573924647555e-07	0.306313749642926	FALSE	up_in_cellobiose
YLR068W	919.469002892088	0.471132051418882	0.0901091278607287	5.22846089629295	1.7092697530335e-07	5.13603538961947e-07	0.461889156436021	FALSE	up_in_cellobiose
YPR137W	3998.80326396278	0.401320045991251	0.0767580309043728	5.22837859782029	1.71003062897894e-07	5.13603538961947e-07	0.395740120000402	FALSE	up_in_cellobiose
YPL207W	4530.98199338818	-0.323455848207481	0.0618643180499258	-5.22847189467837	1.70916809420827e-07	5.13603538961947e-07	-0.31987475336279	FALSE	down_in_cellobiose
YIL044C	2246.55371475538	-0.366187851988517	0.070059849971769	-5.22678612837558	1.72481815989531e-07	5.17787843633088e-07	-0.362370049724902	FALSE	down_in_cellobiose
YGL077C	3887.19399556871	-0.346825799216521	0.0663689696179177	-5.22572221948265	1.7347663332751e-07	5.20515949899854e-07	-0.343349167214759	FALSE	down_in_cellobiose
YER145C-A	784.2479382827	-0.5006216741758	0.0958051503411061	-5.22541504703431	1.73764888138437e-07	5.21122364080023e-07	-0.489836063487573	FALSE	down_in_cellobiose
YLR273C	1475.64900713858	0.48988265419974	0.0937617681823809	5.22475912833516	1.74381962160049e-07	5.22713820171525e-07	0.479323470265719	FALSE	up_in_cellobiose
YOR181W	1360.01942645342	0.497031330017102	0.0951926880042036	5.22131836423354	1.77653822929083e-07	5.32257540811304e-07	0.485492790508214	FALSE	up_in_cellobiose
YBL072C	31095.7963992816	0.358755842693595	0.0687306736954194	5.2197341216736	1.79180175940183e-07	5.36564794189193e-07	0.354136075474231	FALSE	up_in_cellobiose
YLR111W	38.5044973913924	-2.10951950789655	0.404599913755871	-5.21384072555535	1.84970301939121e-07	5.53629567753461e-07	-1.96363242768208	FALSE	down_in_cellobiose
YPL042C	2609.28568017887	0.430369372940926	0.082589677658564	5.21093416443792	1.87892124581917e-07	5.62096667455993e-07	0.423896651170772	FALSE	up_in_cellobiose
YNL268W	13236.0344953993	-0.332124756651306	0.0637443891483174	-5.21025867670539	1.88577520853806e-07	5.63868227209429e-07	-0.331178870413066	FALSE	down_in_cellobiose
YDR322W	2436.80325860332	0.366736477600558	0.0704186204575007	5.20794748914304	1.90940939255834e-07	5.70653034366868e-07	0.361907448302317	FALSE	up_in_cellobiose
YLR258W	11750.9180913822	-0.307536011800966	0.0590605157564845	-5.20713386704891	1.91779742334293e-07	5.72876869817352e-07	-0.304665523917736	FALSE	down_in_cellobiose
YMR122C	248.533440705257	-0.839122596659007	0.161186776270131	-5.20590222148703	1.93056286955895e-07	5.76405468803658e-07	-0.804920875121778	FALSE	down_in_cellobiose
YDL233W	1063.1610078234	0.447107414400133	0.0858920527311049	5.20545731745235	1.93519425896116e-07	5.7750321028397e-07	0.439804014075389	FALSE	up_in_cellobiose
YJL061W	1840.08188305815	-0.395161751877691	0.0759307453678545	-5.20423907289844	1.94793104667527e-07	5.8101750006601e-07	-0.388690890774457	FALSE	down_in_cellobiose
YGL122C	5639.80361344427	-0.314359761210029	0.0604638306044838	-5.19913736968423	2.00215522093983e-07	5.96896842359044e-07	-0.311162812044341	FALSE	down_in_cellobiose
YLR347C	2715.39616552018	0.35107207918186	0.0675662670442105	5.19596678253874	2.03658625094791e-07	6.06862573004133e-07	0.347428985487985	FALSE	up_in_cellobiose
YKR041W	164.505296657585	-0.962802068029294	0.18553993804501	-5.18919041460351	2.1121033400905e-07	6.2878878346731e-07	-0.918340208726689	FALSE	down_in_cellobiose
YIL068C	2032.05580084612	-0.377209469760625	0.0726915697252369	-5.18917766099177	2.11224798810642e-07	6.2878878346731e-07	-0.371775541565428	FALSE	down_in_cellobiose
YOL126C	7702.76745144453	0.312279432016254	0.0601818593531777	5.18892961055988	2.11506321355918e-07	6.29317136193778e-07	0.309052869199607	FALSE	up_in_cellobiose
YDR268W	960.532237975738	-0.470514960239457	0.0908090347261345	-5.18136726877953	2.20265302739389e-07	6.55056448510602e-07	-0.461182346283191	FALSE	down_in_cellobiose
YCL061C	2042.60202733333	0.377933677892861	0.0729685613080058	5.17940426833378	2.22595607692949e-07	6.61661341982629e-07	0.372608936991464	FALSE	up_in_cellobiose
YMR278W	2664.82713739887	-0.380254419225037	0.0734358010801864	-5.17805230734567	2.24214373407563e-07	6.66145748891135e-07	-0.374666900802098	FALSE	down_in_cellobiose
YOR081C	2415.76837427885	-0.371533584788018	0.0717734114599632	-5.17647938464327	2.26112023880861e-07	6.71453918731139e-07	-0.366250557107874	FALSE	down_in_cellobiose
YBR275C	2450.43878947293	0.455944140779254	0.0881550596056275	5.17207001865776	2.31514793160739e-07	6.87160443488377e-07	0.447422939480284	FALSE	up_in_cellobiose
YKL060C	300089.075037637	0.270505108665775	0.0523154818406759	5.17065119441287	2.33279641279952e-07	6.92059122168922e-07	0.272017388327656	FALSE	up_in_cellobiose
YLR080W	1418.3598323138	0.410495342451791	0.0793959802801289	5.17022827860378	2.33808207972243e-07	6.93287181384362e-07	0.404914881044651	FALSE	up_in_cellobiose
YPR025C	1744.50153691393	-0.404741170423494	0.078315940063396	-5.16805608278289	2.36541337704842e-07	7.01047796068884e-07	-0.398077950302148	FALSE	down_in_cellobiose
YCL021W-A	255.161394402516	-0.814926991462774	0.157823085405667	-5.16354745801663	2.42313109895406e-07	7.17802155610829e-07	-0.782156017131445	FALSE	down_in_cellobiose
YNCG0049W	477.632069963612	-0.592788255270817	0.11482623651685	-5.16248092119459	2.43698219737263e-07	7.21229008966128e-07	-0.57608585702034	FALSE	down_in_cellobiose
YDL097C	7794.95376500783	0.303752472517966	0.05883855785111	5.16247310626828	2.43708397144448e-07	7.21229008966128e-07	0.300355944591069	FALSE	up_in_cellobiose
YEL050C	2371.80911753521	0.377765682003459	0.0732284910513401	5.15872547119139	2.4863656205868e-07	7.35453576475772e-07	0.37228174803078	FALSE	up_in_cellobiose
YDL015C	5191.83048931819	-0.327945525292828	0.0635822188179263	-5.15781819807094	2.49844028331235e-07	7.38663991874701e-07	-0.324368951495812	FALSE	down_in_cellobiose
YOR354C	2837.52613864306	0.359178448328556	0.0696687653927059	5.15551619587278	2.52933177894831e-07	7.47431750408322e-07	0.354833006485803	FALSE	up_in_cellobiose
YLR001C	2641.64695933524	-0.404872765529558	0.078536354118645	-5.15522741121794	2.53323304513317e-07	7.48219076660671e-07	-0.398070442706975	FALSE	down_in_cellobiose
YMR180C	1334.57132045527	-0.41144609286455	0.0798672445185576	-5.15162499150635	2.58239023270516e-07	7.62365959864983e-07	-0.404506123355794	FALSE	down_in_cellobiose
YDL070W	16672.5259135368	0.375366188771533	0.0729193747297628	5.14768797953397	2.63716676573356e-07	7.78157159313283e-07	0.369253088711536	FALSE	up_in_cellobiose
YPR176C	1888.42869368249	-0.380966877247591	0.0740153801978158	-5.14713126149467	2.64500250594672e-07	7.80088744927924e-07	-0.375263277919543	FALSE	down_in_cellobiose
YLR112W	228.59154538123	-0.831862855876518	0.161663637013832	-5.14563986832328	2.66610466091216e-07	7.85929195607099e-07	-0.797512940582683	FALSE	down_in_cellobiose
YBR273C	3463.38229585547	0.335452434009076	0.0652179214221146	5.14356217883584	2.69577374268981e-07	7.94288132953272e-07	0.331481204795396	FALSE	up_in_cellobiose
YPL173W	2249.54436329379	0.37276024193666	0.0724970397604827	5.14173051986941	2.72219381968883e-07	8.0168210395802e-07	0.367436116996897	FALSE	up_in_cellobiose
YKR079C	2107.89544596229	0.400501321953938	0.0779279792398807	5.13937774160806	2.75649770581246e-07	8.11389519341098e-07	0.394040065752774	FALSE	up_in_cellobiose
YDR294C	2333.82359486354	-0.372033183871187	0.0724086784273878	-5.13796401137559	2.77731052266118e-07	8.17118256399684e-07	-0.366047007040165	FALSE	down_in_cellobiose
YLR190W	2847.60716147503	-0.361642875852208	0.0703964788059274	-5.13722961696995	2.78818202932659e-07	8.19917991997888e-07	-0.356477309968349	FALSE	down_in_cellobiose
YBL087C	10646.0992143045	0.373122463846743	0.072707933324474	5.13179850927145	2.8698662828094e-07	8.43528724232948e-07	0.367237386460093	FALSE	up_in_cellobiose
YGR197C	1310.31737898682	0.462284066529037	0.0901162863948788	5.12986148256669	2.89955461773093e-07	8.51840985073065e-07	0.45333929703289	FALSE	up_in_cellobiose
YBR210W	816.639796356864	-0.478482393318519	0.093392925180978	-5.12332590923038	3.00192811957644e-07	8.81488504627081e-07	-0.468521908770019	FALSE	down_in_cellobiose
YGL142C	1287.27724199001	-0.4189496513977	0.0817826924187493	-5.12271776591269	3.01162964960841e-07	8.83908187796277e-07	-0.411600170906192	FALSE	down_in_cellobiose
YDL102W	1677.19587004627	0.407276629240836	0.0795393457392322	5.12044228495521	3.04819899029107e-07	8.94207356560168e-07	0.400716253312307	FALSE	up_in_cellobiose
YDR132C	975.341295253056	-0.482319734411817	0.0942308423370292	-5.11849116966115	3.07989654900246e-07	9.03068067131162e-07	-0.471767609042848	FALSE	down_in_cellobiose
YHR034C	1116.4918254364	0.432048141376821	0.0844432843578401	5.11642985777244	3.1137300113243e-07	9.1234239001357e-07	0.424366471608645	FALSE	up_in_cellobiose
YML074C	9013.5969722489	0.301733625958198	0.0589740384512149	5.11638059529875	3.11454295813857e-07	9.1234239001357e-07	0.298979274947763	FALSE	up_in_cellobiose
YKL022C	2190.53348846596	-0.364743607029363	0.0712942084228467	-5.1160341786259	3.12026543906244e-07	9.13576265289869e-07	-0.361287350664897	FALSE	down_in_cellobiose
YMR178W	3755.73315145224	-0.37912753186826	0.0741906555097734	-5.1101790281165	3.21853677126711e-07	9.4189302996588e-07	-0.373419945546207	FALSE	down_in_cellobiose
YJR095W	240.587834175552	0.780289716245935	0.15270498176425	5.10978559593141	3.2252460958117e-07	9.43400078992504e-07	0.750185907534716	FALSE	up_in_cellobiose
YGL204C	378.776564496596	-0.664582775087953	0.130127823432131	-5.10715354763904	3.2704798336611e-07	9.56168802021074e-07	-0.642590203259236	FALSE	down_in_cellobiose
YDR295C	1752.38609817739	-0.393422014132137	0.0770729853852804	-5.10453840817841	3.3160292265025e-07	9.69017429522397e-07	-0.386440596123364	FALSE	down_in_cellobiose
YEL028W	394.966889281202	-0.645021322248853	0.126469255815084	-5.10022232748777	3.39254743740155e-07	9.90899055955673e-07	-0.625057648205977	FALSE	down_in_cellobiose
YPR052C	4377.08537927499	0.358487342082177	0.0702914920953802	5.10001041940804	3.39634784433687e-07	9.9153031420819e-07	0.353689997327484	FALSE	up_in_cellobiose
YHR205W	3393.72476104508	0.334527383077745	0.0656016114926852	5.09937752238062	3.40772284329575e-07	9.94371224268981e-07	0.331297024953108	FALSE	up_in_cellobiose
YPL213W	1520.9432272105	-0.409449079229983	0.0804196403556989	-5.09140649496784	3.55417135598473e-07	1.03660475083663e-06	-0.402450502959715	FALSE	down_in_cellobiose
YBR101C	4008.93340367454	0.329766112513062	0.064810097508436	5.08819034673012	3.61496440724892e-07	1.05382745539512e-06	0.326296675794804	FALSE	up_in_cellobiose
YBR189W	26597.2608192871	0.345406268142184	0.0678947342143297	5.08737934007971	3.63045214579421e-07	1.05758945329908e-06	0.342089524929078	FALSE	up_in_cellobiose
YHR077C	4548.92961902452	0.340803102249557	0.0669905423224443	5.08733159091586	3.63136600182211e-07	1.05758945329908e-06	0.337991683501611	FALSE	up_in_cellobiose
YJR151C	2429.64364407489	0.430345167617717	0.0845963150037408	5.08704389309023	3.63687685942967e-07	1.05868470272811e-06	0.422541557101719	FALSE	up_in_cellobiose
YBR055C	2721.98158047075	-0.362779129812329	0.0713737405739909	-5.0828095444465	3.71892552167854e-07	1.08204812316659e-06	-0.357803529897289	FALSE	down_in_cellobiose
YHR039C	4929.2468205373	0.357418590563555	0.0703433464693355	5.08105753426677	3.75339406178772e-07	1.0915519557574e-06	0.352655961066169	FALSE	up_in_cellobiose
YGR274C	2766.79242916693	0.354122453514968	0.0697358338395718	5.07805577157981	3.81316773957349e-07	1.10840229008554e-06	0.347807624026826	FALSE	up_in_cellobiose
YKL020C	3753.91721115199	0.344457191622339	0.0678344556006738	5.07790898551736	3.81611410600326e-07	1.10872594751267e-06	0.340112748037396	FALSE	up_in_cellobiose
YNR028W	1672.39808786454	-0.389890850998056	0.0768345487423604	-5.07442104339583	3.88677576628004e-07	1.12871371148478e-06	-0.383367886899119	FALSE	down_in_cellobiose
YLR426W	1277.50021324973	-0.417944762819764	0.0824203252067322	-5.07089436703201	3.95950510815729e-07	1.14928245677752e-06	-0.410534150160759	FALSE	down_in_cellobiose
YJL205C	545.597892791411	0.546707266305843	0.107818858718463	5.07060891576868	3.96544897144428e-07	1.15045567521662e-06	0.532625236494982	FALSE	up_in_cellobiose
YKR035W-A	3045.11881394424	0.343992751873388	0.067914029042374	5.06512066393172	4.08141743525204e-07	1.18353279318502e-06	0.33955604219804	FALSE	up_in_cellobiose
YHR108W	3475.49387985282	-0.324619117100243	0.0640977572041451	-5.0644379968922	4.09606921640994e-07	1.18721239530732e-06	-0.320774752364632	FALSE	down_in_cellobiose
YGL141W	2333.2055183732	-0.356287951126649	0.070400826484195	-5.06084898316692	4.17393724094098e-07	1.20920241237797e-06	-0.350527503680232	FALSE	down_in_cellobiose
YOR185C	4435.43331069173	0.369738330454018	0.0730911461157189	5.05859259435668	4.22362148941111e-07	1.22301035851832e-06	0.364275696162287	FALSE	up_in_cellobiose
YML004C	6400.72034579795	0.308379535668555	0.061005126864475	5.05497736860102	4.3044180831567e-07	1.24580980789545e-06	0.305032666570313	FALSE	up_in_cellobiose
YKR071C	3219.63598965689	-0.333060208656937	0.0658900310330743	-5.0547890695294	4.30866697574597e-07	1.24644316290231e-06	-0.328854254630526	FALSE	down_in_cellobiose
YOR195W	1937.46478595328	0.371633389415085	0.0735234473343253	5.05462410821403	4.31239258609856e-07	1.24692460579877e-06	0.36619189958962	FALSE	up_in_cellobiose
YLR328W	1752.6016187504	-0.393899987247474	0.0779565535367476	-5.05281428407164	4.35347164485767e-07	1.25820114571161e-06	-0.38709021719907	FALSE	down_in_cellobiose
YNR075W	2018.2407463797	-0.542184894829342	0.107325092687275	-5.05179992165638	4.37666027484479e-07	1.26429885398931e-06	-0.527132405301764	FALSE	down_in_cellobiose
YGL196W	1742.81555200829	-0.378327591669813	0.0750555790517109	-5.04063250793332	4.63995720920774e-07	1.33971843238652e-06	-0.372476852908674	FALSE	down_in_cellobiose
YFR023W	1114.95469315536	0.474485164131344	0.0941555142590813	5.03937733084581	4.67048867370223e-07	1.34789055282561e-06	0.464077059311387	FALSE	up_in_cellobiose
YKL164C	21149.1226492082	-0.312814553807835	0.0621103241092536	-5.03643409198101	4.74284310862772e-07	1.36811912084354e-06	-0.313992245607079	FALSE	down_in_cellobiose
YGR092W	2757.54128827303	-0.347915498276406	0.0691039694354269	-5.03466734427622	4.78679353608893e-07	1.38013889894194e-06	-0.343227645704237	FALSE	down_in_cellobiose
YJL050W	3461.49757862198	0.349212727036498	0.0693673815208709	5.03424980704264	4.79723762687746e-07	1.38249120557322e-06	0.344313747931359	FALSE	up_in_cellobiose
YHR106W	2370.45794159107	0.403158231906028	0.080088870660529	5.03388583933073	4.80635967988866e-07	1.3844604620784e-06	0.396038313871404	FALSE	up_in_cellobiose
YKL132C	610.369081289921	-0.522520844731375	0.103807525697701	-5.03355456378964	4.81467691662261e-07	1.38619612892195e-06	-0.509501440030969	FALSE	down_in_cellobiose
YOL017W	1431.05390615466	0.393097678442762	0.0781155543771148	5.03225870413749	4.84734523353774e-07	1.394937741088e-06	0.386999989788964	FALSE	up_in_cellobiose
YLR136C	5902.18813788494	-1.1715974335989	0.232916196878203	-5.03012435074042	4.9016183256316e-07	1.40988536622661e-06	-1.10241493342493	FALSE	down_in_cellobiose
YGL180W	1848.75664218937	-0.368655872162771	0.0732934968579598	-5.02985787234593	4.90843544477165e-07	1.41117519037185e-06	-0.363107919567073	FALSE	down_in_cellobiose
YGR076C	1186.11902541195	0.427789511699672	0.0851408041971373	5.02449460906144	5.04759978287698e-07	1.4504955385569e-06	0.420377483336695	FALSE	up_in_cellobiose
YHR044C	1401.21977232743	0.409326763935236	0.0814871375739507	5.0232070498705	5.08157107166017e-07	1.45956426459983e-06	0.402199879700459	FALSE	up_in_cellobiose
YBL113C	2820.10854803055	0.362394495252868	0.0721575101723583	5.0222699534288	5.10643417922375e-07	1.46600950878616e-06	0.357219238576911	FALSE	up_in_cellobiose
YLR019W	4370.06929827164	-0.314622859979068	0.0626583872643709	-5.02124094978056	5.13387090468374e-07	1.47318714907173e-06	-0.310932471057592	FALSE	down_in_cellobiose
YBR127C	24203.4969620124	-0.277305795116062	0.0552317287295796	-5.0207697911065	5.14648098731929e-07	1.47610542874796e-06	-0.285381249329917	FALSE	down_in_cellobiose
YOR140W	1599.29241242983	0.399151008245854	0.0796101685494086	5.01381940923952	5.33600713637356e-07	1.52973967620491e-06	0.392971622191375	FALSE	up_in_cellobiose
YCR014C	1324.28447664887	0.432729834107272	0.0864228291351938	5.00712414112642	5.52492959146948e-07	1.58315012310748e-06	0.424442512793807	FALSE	up_in_cellobiose
YNL068C	1941.23063515837	-0.361999487653445	0.0723198499042488	-5.00553427769458	5.57072981065242e-07	1.59551821139377e-06	-0.356741878904977	FALSE	down_in_cellobiose
YHR175W	3174.00767805659	-0.363124320829794	0.0725765874597977	-5.0033259145856	5.63495531893351e-07	1.61314930072072e-06	-0.357785771112191	FALSE	down_in_cellobiose
YER138W-A	844.277286877479	-0.522112924068569	0.10436793761044	-5.00261800724076	5.65569395664441e-07	1.61832037576831e-06	-0.509810753976667	FALSE	down_in_cellobiose
YNL121C	6221.00484459064	0.296288666519541	0.0592320172214238	5.00217079239327	5.66883333202437e-07	1.62131313595345e-06	0.292330086913376	FALSE	up_in_cellobiose
YML101C	737.310943487895	0.482839123481097	0.0965605907229015	5.00037458207658	5.7219038918824e-07	1.63571817778812e-06	0.472298302738347	FALSE	up_in_cellobiose
YAL025C	3131.41273523082	0.364028873554348	0.0729242707118928	4.99187540719527	5.97958247886111e-07	1.70857318916537e-06	0.358709370543711	FALSE	up_in_cellobiose
YDR012W	22739.7417018978	0.319081720591988	0.0640030080439199	4.98541756620297	6.18281362254421e-07	1.76580923525826e-06	0.315395806533733	FALSE	up_in_cellobiose
YKL139W	1727.4441377313	0.374496039511655	0.0751568828742373	4.98285752667939	6.26520822785192e-07	1.78849667627543e-06	0.368784760991605	FALSE	up_in_cellobiose
YIL087C	2168.20616122594	0.364869485581729	0.0732569903171065	4.98067807593956	6.3361867048394e-07	1.80790534799875e-06	0.35969752779501	FALSE	up_in_cellobiose
YHR110W	3682.48713597716	0.356429558108651	0.0715780281631246	4.97959453837366	6.37176222822396e-07	1.81719894948264e-06	0.351387281327131	FALSE	up_in_cellobiose
YDR434W	2911.55452382553	-0.332118664601705	0.0667141289318119	-4.97823579381755	6.41664567982681e-07	1.82913712145487e-06	-0.328542862418724	FALSE	down_in_cellobiose
YPR054W	1662.57841822613	-0.380746573937051	0.0764888327415998	-4.97780604422763	6.43090492894728e-07	1.83233838507782e-06	-0.374475781029287	FALSE	down_in_cellobiose
YDR339C	2460.33597520448	0.360525274748814	0.0724411955559761	4.97679907105111	6.46443638228568e-07	1.84102522017166e-06	0.354502121164496	FALSE	up_in_cellobiose
YMR030W	947.353313605279	0.439619230435386	0.0884605029775367	4.96966686417125	6.70680317038671e-07	1.90915070012561e-06	0.431156657950383	FALSE	up_in_cellobiose
YNR030W	1711.61541961969	-0.378038264511721	0.0760768188974664	-4.96916498337329	6.72418394335662e-07	1.91319796205852e-06	-0.371400642375819	FALSE	down_in_cellobiose
YNL265C	1943.18668522901	0.362478704283573	0.0729635662874846	4.96794116196796	6.7667485986643e-07	1.92440349192855e-06	0.357196390172362	FALSE	up_in_cellobiose
YHR091C	2234.00178526309	0.416041053655362	0.0838112968454978	4.9640211918247	6.90484043713375e-07	1.96275281034878e-06	0.408401422608222	FALSE	up_in_cellobiose
YHL002W	3679.2593161826	-0.318514878856522	0.0641937382455491	-4.96177489521117	6.98519217188433e-07	1.98466075376836e-06	-0.314561943161679	FALSE	down_in_cellobiose
YJL139C	1074.36347439151	-0.422556899126118	0.085200037403677	-4.95958584060295	7.06436268502606e-07	2.00621267050341e-06	-0.41415219381012	FALSE	down_in_cellobiose
YJL012C	4458.27994662989	-0.320372761109965	0.0646450621919801	-4.95587366222243	7.20059948687683e-07	2.04394304533637e-06	-0.316301105137081	FALSE	down_in_cellobiose
YCL008C	1541.18398541003	-0.398542841270453	0.0804849331348281	-4.95176955173479	7.3541662777269e-07	2.0865549631318e-06	-0.391761112947209	FALSE	down_in_cellobiose
YHR088W	2603.52930110168	0.424734558625473	0.0857763144695396	4.9516531603407	7.35856707161835e-07	2.08682476400466e-06	0.416407705067985	FALSE	up_in_cellobiose
YNR062C	380.810978623328	-0.628983784291594	0.127088881657121	-4.94916452242109	7.45327256970501e-07	2.11269192943513e-06	-0.608223487398806	FALSE	down_in_cellobiose
YDR515W	940.297318321653	0.455806769567203	0.0921521073307169	4.94624358324652	7.56592758058358e-07	2.14261685088718e-06	0.446348985588387	FALSE	up_in_cellobiose
YLR384C	4498.25232000559	0.393859307029751	0.0796276365797189	4.94626393482671	7.56513701411793e-07	2.14261685088718e-06	0.388689457041369	FALSE	up_in_cellobiose
YLR114C	5418.33494490178	-0.301425547640684	0.0609627188141581	-4.94442428920477	7.63692135574843e-07	2.16170974641658e-06	-0.298249170692423	FALSE	down_in_cellobiose
YOR252W	1870.81269485196	0.362397434271574	0.0733146027194343	4.94304573480979	7.69114318766307e-07	2.17603952956847e-06	0.357417133980671	FALSE	up_in_cellobiose
YBR077C	1948.4345402225	-0.368389284870322	0.0745761617021706	-4.93977266276496	7.82137047962546e-07	2.21184993133494e-06	-0.362826174286663	FALSE	down_in_cellobiose
YKL003C	1622.61615637641	0.388161469219422	0.0786474699523071	4.93546034544797	7.99619268065378e-07	2.26023222080723e-06	0.381856335974655	FALSE	up_in_cellobiose
YNR045W	1873.84591253314	0.370973112104539	0.0751744610445016	4.93482902238476	8.02210039043048e-07	2.26649627565222e-06	0.365608924214023	FALSE	up_in_cellobiose
YPR035W	38786.4858600247	0.347970814188704	0.0705521716844384	4.93210635308417	8.13476017866014e-07	2.29725323626121e-06	0.334633559587879	FALSE	up_in_cellobiose
YMR076C	1952.60621163682	0.403389499995811	0.0818401578161895	4.92899220578009	8.26548715459615e-07	2.3330812784952e-06	0.396977206002886	FALSE	up_in_cellobiose
YHR132W-A	1430.12208225378	0.394026880295455	0.0799454509549279	4.92869669992357	8.27799659935306e-07	2.33552245473352e-06	0.387376417529311	FALSE	up_in_cellobiose
YKR102W	866.75826323463	0.460094517191315	0.0933847417791225	4.92687036903256	8.35571493654488e-07	2.35635056648764e-06	0.45019490171818	FALSE	up_in_cellobiose
YOR247W	10040.6256165118	-0.410742171430308	0.0834323383140855	-4.92305717099823	8.52025474468618e-07	2.40163191754924e-06	-0.40402149110939	FALSE	down_in_cellobiose
YDR420W	3603.17961054814	0.443370734193666	0.0900879839959988	4.92153020333276	8.58701466028145e-07	2.41932238845098e-06	0.434667874766987	FALSE	up_in_cellobiose
YGL016W	1467.66240757827	-0.389186635951312	0.0791493807450935	-4.9171153619599	8.78287987124314e-07	2.47335383338686e-06	-0.383718054865239	FALSE	down_in_cellobiose
YDR036C	2328.15201856233	0.340420035901001	0.0692680686273325	4.91453049936308	8.89954708523312e-07	2.50504236010122e-06	0.336175595966844	FALSE	up_in_cellobiose
YNL169C	2622.31726282832	-0.378545430859164	0.0770536037042131	-4.91275440292568	8.98057422965821e-07	2.52667411698616e-06	-0.372676018613769	FALSE	down_in_cellobiose
YLR167W	62788.583550625	0.339994910017452	0.0692883686842951	4.90695504127976	9.25012259383068e-07	2.60130132822323e-06	0.33406957564396	FALSE	up_in_cellobiose
YHR206W	2544.58412477822	-0.339778804551063	0.0693118034534673	-4.90217809408428	9.47798484634041e-07	2.66414174421529e-06	-0.33513700086503	FALSE	down_in_cellobiose
Q0120	33.225559207444	2.16568182306773	0.442132067004601	4.89826905734297	9.66845859634732e-07	2.71641923127287e-06	1.9941165830475	FALSE	up_in_cellobiose
YBR185C	1184.16406525758	0.433273157164585	0.0884855474219183	4.89654152331391	9.75380453320562e-07	2.73912551631201e-06	0.424756204772652	FALSE	up_in_cellobiose
YHR158C	3305.47248844872	0.366629786031639	0.0749129496796127	4.89407756068395	9.87678840590485e-07	2.77237554836745e-06	0.361188947837686	FALSE	up_in_cellobiose
YOR183W	41.4412643468132	-1.8555030832273	0.37923531558499	-4.89274866283244	9.94373598831705e-07	2.78987286610992e-06	-1.71493900626809	FALSE	down_in_cellobiose
YDL025C	3611.9314428261	-0.335711114743256	0.0686410346961381	-4.89082246835863	1.00415503207163e-06	2.8160101015305e-06	-0.331069783109101	FALSE	down_in_cellobiose
YGR227W	864.16291375444	-0.461718689929785	0.0944636935831942	-4.88778992664679	1.01974256700871e-06	2.85839795543822e-06	-0.451637413262687	FALSE	down_in_cellobiose
YHR039C-A	12312.8952042172	-0.288696407987792	0.059070666882054	-4.88730571747616	1.02225290970833e-06	2.86410738806192e-06	-0.285750656271189	FALSE	down_in_cellobiose
YBR034C	6201.15332712653	0.512996589764944	0.104969565489687	4.8870983448564	1.02332983431336e-06	2.8657972998896e-06	0.500623447015536	FALSE	up_in_cellobiose
YNL280C	2958.13469715377	-0.374039667373454	0.0766008742163025	-4.88296865016522	1.04500490525775e-06	2.92514330027957e-06	-0.369326496608322	FALSE	down_in_cellobiose
YOR016C	1799.53143287542	0.393735239650483	0.0807440406731186	4.87633807235963	1.08073325481575e-06	3.02375368102704e-06	0.387695072893022	FALSE	up_in_cellobiose
YDR057W	2185.10952370209	-0.412516141534907	0.0846738589211899	-4.87182404098124	1.10572626222996e-06	3.09225065197828e-06	-0.404779124964657	FALSE	down_in_cellobiose
YBR200W-A	242.138056446755	0.805986817774619	0.165483263582729	4.87050351996284	1.1131421814699e-06	3.11155131964484e-06	0.770437363766881	FALSE	up_in_cellobiose
YDR116C	2322.00122408098	0.37331141593	0.0766950667191813	4.8674762523759	1.13032409078523e-06	3.15812028875743e-06	0.367274997970901	FALSE	up_in_cellobiose
YNL252C	2214.22447164616	0.370012725916973	0.0760208307106792	4.86725444141976	1.1315930115313e-06	3.16020596802993e-06	0.364074829695789	FALSE	up_in_cellobiose
YML109W	1855.88092741786	0.398075535857288	0.0818349724940251	4.86436939764784	1.14822294551681e-06	3.20516871132035e-06	0.392671396937461	FALSE	up_in_cellobiose
YKL142W	5881.15082162271	0.316778802933817	0.0651288123029529	4.8638811569339	1.15106042271052e-06	3.21160724030256e-06	0.313047544518045	FALSE	up_in_cellobiose
YPL119C-A	260.489324694965	0.733177631228389	0.150803931516748	4.86179387933903	1.16326717888508e-06	3.24416927850431e-06	0.704100042310487	FALSE	up_in_cellobiose
YNL186W	4193.39327757565	0.309374678691289	0.0636373563991425	4.86152625119823	1.16484129384076e-06	3.24706220573398e-06	0.305988745540642	FALSE	up_in_cellobiose
YDL039C	364.626678845583	0.636768784292643	0.131090798840932	4.85746360478976	1.1889898324713e-06	3.31285098876965e-06	0.614856124439165	FALSE	up_in_cellobiose
YGR125W	1802.2414900429	-0.37440041082743	0.077080029881776	-4.85729457294812	1.1900049305692e-06	3.3141527739471e-06	-0.368229992741373	FALSE	down_in_cellobiose
YPL226W	10395.548657392	0.295827779110458	0.0609149087878012	4.85641011367156	1.19533004282142e-06	3.3274511868508e-06	0.291626347444477	FALSE	up_in_cellobiose
YIR032C	540.576456218955	-0.524579812919897	0.10804165217573	-4.85534793624469	1.20175545442623e-06	3.34379887020435e-06	-0.509826833449576	FALSE	down_in_cellobiose
YLR216C	5702.43557658514	0.316350613814879	0.0651693422806477	4.85428581513889	1.20821374567242e-06	3.36022296440112e-06	0.312835506259293	FALSE	up_in_cellobiose
YDR421W	1686.31103377929	-0.367932343297368	0.0757974916460265	-4.85414933010724	1.20904606822745e-06	3.36099249389147e-06	-0.361703501204606	FALSE	down_in_cellobiose
YDR001C	9977.90152294104	0.275397951929136	0.0567852916155846	4.84981135244453	1.2357894899713e-06	3.43375775141771e-06	0.272791957863639	FALSE	up_in_cellobiose
YLR107W	2813.50300599044	0.346176496223499	0.0713842563659389	4.84947961703048	1.23785788109742e-06	3.43792576802492e-06	0.34126897492644	FALSE	up_in_cellobiose
YBR286W	26815.8245147525	-0.318088648261475	0.0656150611505605	-4.84779931137438	1.24838595339244e-06	3.46557440664105e-06	-0.313754138671189	FALSE	down_in_cellobiose
YHR035W	445.460809467001	-0.584259395533343	0.120522841555155	-4.84770677486864	1.24896824283791e-06	3.46560041326903e-06	-0.565948149437748	FALSE	down_in_cellobiose
YOL075C	1725.09795570254	-0.390752241737338	0.0806567999477169	-4.84462862388082	1.26848720643558e-06	3.51814723142081e-06	-0.383897749072885	FALSE	down_in_cellobiose
YFL009W	3516.54758290809	-0.325448857625291	0.0671856098519305	-4.84402624821809	1.27234112865242e-06	3.52721883007264e-06	-0.321152787645352	FALSE	down_in_cellobiose
YKL011C	879.247957929646	-0.472440914871675	0.09755271378891	-4.84292949444717	1.27938695958802e-06	3.54512676067245e-06	-0.460878042475678	FALSE	down_in_cellobiose
YDR111C	1813.20649004113	-0.375369734594552	0.0775144184599143	-4.8425795104	1.28164323640686e-06	3.54975271841808e-06	-0.369252428707364	FALSE	down_in_cellobiose
YDL122W	4776.55529178233	0.316326367629893	0.0653301451855446	4.84196639593395	1.28560509101438e-06	3.55909619933456e-06	0.312495120638372	FALSE	up_in_cellobiose
YCL047C	1858.92119615125	-0.367090136436285	0.0758217413565336	-4.8414891279024	1.28869727775342e-06	3.56602462631768e-06	-0.361297880883581	FALSE	down_in_cellobiose
YBL059W	689.841326619628	0.48822659285893	0.100861377691732	4.84057033556614	1.29467022459223e-06	3.5809145809595e-06	0.477085996829594	FALSE	up_in_cellobiose
YPL007C	1682.89576968534	-0.383413606405954	0.0792322495621951	-4.83911044460482	1.30421558719102e-06	3.60566731577627e-06	-0.376948220202187	FALSE	down_in_cellobiose
YFR042W	605.897836111893	-0.507132734097872	0.104826982556199	-4.83780722988941	1.31279369111628e-06	3.62772454890925e-06	-0.493932679033418	FALSE	down_in_cellobiose
YGL067W	1705.9246584332	-0.3618823195902	0.0748523715707608	-4.83461394737638	1.3340427302631e-06	3.68476003441165e-06	-0.355934863220534	FALSE	down_in_cellobiose
YNL072W	1274.32989129073	-0.417255438482996	0.0863276248036985	-4.83339417054273	1.34224647634936e-06	3.70572749221237e-06	-0.409121920740085	FALSE	down_in_cellobiose
NR_132153.1	2621.07817622086	-0.391610143525085	0.0810340252431371	-4.8326630986192	1.34718661490449e-06	3.7176696320973e-06	-0.384650724655277	FALSE	down_in_cellobiose
YIL019W	1737.98966167267	-0.366406427407746	0.0759226945731098	-4.82604614427791	1.39270253212937e-06	3.84152194110833e-06	-0.360075469514334	FALSE	down_in_cellobiose
YOR160W	2250.81879471265	0.342135680361069	0.070926472727971	4.82380791264335	1.40843064195513e-06	3.88313443627465e-06	0.337651134647813	FALSE	up_in_cellobiose
YDR225W	26959.2616450976	-0.308019102589284	0.0639043713276609	-4.82000051310979	1.43557852158288e-06	3.95617971619811e-06	-0.304462377746722	FALSE	down_in_cellobiose
YKR021W	2462.59715295149	-0.342824149782119	0.0711683560750423	-4.81708681623379	1.45669319496111e-06	4.01253967956273e-06	-0.33784486542338	FALSE	down_in_cellobiose
YPR102C	15591.4541141282	0.342194872930003	0.0710637984568458	4.81531919712685	1.46964778149436e-06	4.04638116989504e-06	0.336113989051535	FALSE	up_in_cellobiose
YHL013C	1698.61322917825	0.367354390566285	0.0762913123848543	4.81515364047157	1.47086677622939e-06	4.04789496333558e-06	0.361561853879462	FALSE	up_in_cellobiose
YML007W	6542.99087844822	0.283644173884307	0.0589438503048281	4.81210800477812	1.4934660228815e-06	4.10822008749894e-06	0.280966963763441	FALSE	up_in_cellobiose
YNL002C	4281.83729388778	0.317681608173381	0.0660249311821018	4.81154016347539	1.49771628518191e-06	4.11803900412064e-06	0.31381225359265	FALSE	up_in_cellobiose
YDR041W	3329.71951934736	0.313490751418104	0.065223576297328	4.80640236574926	1.53670474728947e-06	4.22331986204179e-06	0.310395628474521	FALSE	up_in_cellobiose
YMR001C	2713.86681895763	-0.350620709559594	0.0730770363002888	-4.79796017067278	1.60289641603168e-06	4.40323361515695e-06	-0.344806137495063	FALSE	down_in_cellobiose
YDR450W	21301.9628103302	0.318316544943144	0.0663743097402421	4.79577936386662	1.62043562150108e-06	4.44939404197005e-06	0.314836448385595	FALSE	up_in_cellobiose
YHL043W	577.523385601964	-0.527088084870614	0.109937165208227	-4.79444857316705	1.63122902455585e-06	4.47699835278509e-06	-0.511800098589577	FALSE	down_in_cellobiose
YDL183C	1068.15480372671	-0.470190090704198	0.0981143996175591	-4.79226385257369	1.64909824366148e-06	4.52398878726e-06	-0.458624782006478	FALSE	down_in_cellobiose
YMR008C-A	203.581716710471	-0.788831570789079	0.164699766641344	-4.78951237682606	1.67187086667678e-06	4.58438208183493e-06	-0.753119811875295	FALSE	down_in_cellobiose
YKL110C	2866.99017686194	0.394343548214863	0.0823655826161246	4.78772244048527	1.68684723996438e-06	4.62335249412984e-06	0.387060717993118	FALSE	up_in_cellobiose
YGR074W	1261.82276407462	-0.389459437623099	0.0814249727431157	-4.78304658267174	1.72658092546982e-06	4.73011232706836e-06	-0.382517333616035	FALSE	down_in_cellobiose
YAL015C	1692.67301186428	-0.361810278634016	0.0757740628054745	-4.77485653056306	1.79835415149543e-06	4.92451075708278e-06	-0.355848111964221	FALSE	down_in_cellobiose
YLR129W	3193.88852415463	0.356700160759278	0.0747758344074722	4.77025985180627	1.83988417265098e-06	5.03595446170396e-06	0.351228835463932	FALSE	up_in_cellobiose
YMR222C	852.474567748309	-0.467423685480022	0.0980203591956002	-4.7686387737804	1.85474887732325e-06	5.07434462185815e-06	-0.456573105827949	FALSE	down_in_cellobiose
YGR198W	2891.4030508353	-0.345183604354759	0.0723924138306599	-4.76822896335811	1.85852492534983e-06	5.08237670589562e-06	-0.339168224521204	FALSE	down_in_cellobiose
YHR181W	1598.62154187849	-0.370574979649037	0.0777879031226165	-4.76391527182449	1.89872256861654e-06	5.18761193205124e-06	-0.364305332524743	FALSE	down_in_cellobiose
YPL031C	3789.80344483169	-0.302420276181555	0.0634807264552357	-4.76396999638639	1.89820741912394e-06	5.18761193205124e-06	-0.298277527384634	FALSE	down_in_cellobiose
YGR072W	2668.80084609564	0.333611985173832	0.0700312384243253	4.76375961185277	1.90018860778641e-06	5.18927353882619e-06	0.328986874123745	FALSE	up_in_cellobiose
YDR384C	1414.95484318364	0.399425195721418	0.0838486923700807	4.76364251404764	1.90129217687898e-06	5.18994421387227e-06	0.392094729047396	FALSE	up_in_cellobiose
YNL259C	1451.18839503525	-0.417652102759497	0.0876964254308432	-4.76247578744078	1.91232148665608e-06	5.21769628903141e-06	-0.409241998099873	FALSE	down_in_cellobiose
YNL151C	1902.94004743777	0.352891714803192	0.074104566616443	4.76207784372751	1.91609737019973e-06	5.22564156552667e-06	0.347838551208919	FALSE	up_in_cellobiose
YFR054C	108.688256646319	-1.05743184718614	0.222166736147966	-4.75963173209637	1.93946507951304e-06	5.28672730443968e-06	-0.994772932725866	FALSE	down_in_cellobiose
YDR118W	865.257039602035	-0.439891190879238	0.0924228394577374	-4.75955070694824	1.94024377845199e-06	5.28672730443968e-06	-0.42955753681171	FALSE	down_in_cellobiose
YLR241W	3849.07652146825	-0.362245535372075	0.0761294325099721	-4.75828498162817	1.95244720112553e-06	5.31758357478988e-06	-0.357937901058781	FALSE	down_in_cellobiose
YPR119W	1513.30726282914	-0.396001047148978	0.0832390493307026	-4.7573951208368	1.96107085346291e-06	5.33866678334704e-06	-0.388701422859002	FALSE	down_in_cellobiose
YJL085W	1705.36127725553	-0.3785835128025	0.0795818270480168	-4.75716035740266	1.96335204195666e-06	5.34247256041198e-06	-0.371970445845158	FALSE	down_in_cellobiose
YMR038C	4887.99649499717	-0.356233530884887	0.0748952466382494	-4.75642376352036	1.97052605904211e-06	5.35958279278135e-06	-0.349683817797821	FALSE	down_in_cellobiose
YDR316W	1709.76271641766	0.388385189463845	0.0816619539805014	4.75601146595857	1.97455259485342e-06	5.36812073989587e-06	0.381549286056009	FALSE	up_in_cellobiose
YBR154C	3214.95988609403	0.325894605306514	0.0685283221413818	4.75561921148683	1.978390724162e-06	5.37613903434679e-06	0.320778344006749	FALSE	up_in_cellobiose
YAL037W	631.555580746663	-0.49464883169907	0.104042765147392	-4.75428378896243	1.99151136551269e-06	5.40936338122418e-06	-0.481738164838928	FALSE	down_in_cellobiose
YLR061W	15187.7929402421	0.351385472017061	0.0739279395685135	4.75308082530031	2.00340211804029e-06	5.43921876661836e-06	0.344650069799093	FALSE	up_in_cellobiose
YGR287C	889.553439421634	0.443240384831023	0.0932701140833946	4.75222303721761	2.01192258781713e-06	5.45990118156384e-06	0.433459360282514	FALSE	up_in_cellobiose
YPL043W	4092.52198555463	0.319346247875884	0.0672431967025575	4.74912353272666	2.04300125887708e-06	5.54175543271188e-06	0.314928886644423	FALSE	up_in_cellobiose
YNL243W	8819.89127527785	0.32018342075136	0.0674390196509939	4.74774725979638	2.05694848466176e-06	5.5770871285159e-06	0.316836079424499	FALSE	up_in_cellobiose
YKR088C	1956.80132492972	-0.376932590875582	0.0793943693733466	-4.747598524312	2.05846124263446e-06	5.57868819744438e-06	-0.369619854411981	FALSE	down_in_cellobiose
YDL089W	1510.94359705772	-0.40445630200601	0.0852175825111512	-4.74616024167413	2.07314495551542e-06	5.61596678724264e-06	-0.396735117870135	FALSE	down_in_cellobiose
YLR213C	1947.4031322291	0.378997696299813	0.0798657054508044	4.7454372832563	2.08056372462533e-06	5.63354072079617e-06	0.372278701049642	FALSE	up_in_cellobiose
YIR039C	1806.70074319609	-0.356115874081358	0.0751095862804098	-4.74128392548795	2.12368070323052e-06	5.74771569299392e-06	-0.350445193412477	FALSE	down_in_cellobiose
YKR003W	2343.73947616209	-0.361969728209926	0.0763891960356311	-4.73849375297899	2.15312665647253e-06	5.82480462656634e-06	-0.356127210674975	FALSE	down_in_cellobiose
YCL010C	3129.13308403474	-0.346859302244436	0.0732569350399436	-4.73483230024993	2.19236297671389e-06	5.92829845603144e-06	-0.341564396655901	FALSE	down_in_cellobiose
YJR075W	3254.48267925007	-0.328988692940334	0.0694968704338827	-4.73386342271807	2.20285985749895e-06	5.95402112511668e-06	-0.324645559055713	FALSE	down_in_cellobiose
YHR047C	2666.80825642133	-0.349854414514205	0.0739374417851352	-4.73176250174971	2.22578741744717e-06	6.01330419300488e-06	-0.344470124266161	FALSE	down_in_cellobiose
YBR284W	924.452385499435	0.494231205533111	0.104480361766373	4.73037417919988	2.24106388110829e-06	6.05187295393931e-06	0.481294899392473	FALSE	up_in_cellobiose
YLR285W	2426.12550240876	-0.325825014599972	0.0688868207937796	-4.72985994774481	2.24674776004219e-06	6.06451459192111e-06	-0.320865161424088	FALSE	down_in_cellobiose
YLR113W	6879.75849211647	0.285562650343126	0.0603778188526506	4.72959533434005	2.24967796426231e-06	6.06971543524652e-06	0.281729256332205	FALSE	up_in_cellobiose
YNL233W	2052.88764349985	0.341918258405374	0.0723786777991751	4.72401912831393	2.31228653471269e-06	6.23585432388634e-06	0.336874141448767	FALSE	up_in_cellobiose
YIL105C	3333.04027027918	0.311311666869533	0.0659102196961886	4.72326853566133	2.32084073136326e-06	6.25613439572922e-06	0.307532699816217	FALSE	up_in_cellobiose
YGL261C	155.093094487365	-0.894522840428112	0.189454631875099	-4.72156754139346	2.34033886308012e-06	6.30588409032145e-06	-0.847482418526451	FALSE	down_in_cellobiose
YBR225W	1532.04548529741	0.371454879058518	0.0787049444333391	4.71958759049922	2.36323271609697e-06	6.36473495087737e-06	0.365718095341325	FALSE	up_in_cellobiose
YOR347C	2022.68885963041	0.33837401098258	0.071699450161519	4.71933899381818	2.36612234742683e-06	6.36968138833329e-06	0.333472884262259	FALSE	up_in_cellobiose
YNL035C	1250.38814194604	-0.396489432731907	0.0840298907748062	-4.71843327506481	2.37667893742698e-06	6.39525395573657e-06	-0.389001409336354	FALSE	down_in_cellobiose
YOR075W	1541.70819892668	0.372048835402886	0.0788600170583215	4.71783863713514	2.38363430370661e-06	6.41111778707039e-06	0.365909119388415	FALSE	up_in_cellobiose
YLR440C	1692.80443616439	-0.362257509082647	0.07681703363881	-4.71584871118513	2.40705249239793e-06	6.47122690067336e-06	-0.356102679941347	FALSE	down_in_cellobiose
YLR035C	1213.83326025428	-0.421052961966285	0.0892957300769102	-4.71526423048037	2.41397274022847e-06	6.486948514279e-06	-0.411877277044779	FALSE	down_in_cellobiose
YDL244W	1375.78228277086	-0.551978078328215	0.117069415449886	-4.7149639912954	2.41753499214943e-06	6.49363639765182e-06	-0.534200837688595	FALSE	down_in_cellobiose
YMR050C	1515.39832583393	-1.35352367243425	0.287260825524161	-4.71182824864649	2.45504254947556e-06	6.59145689382053e-06	-1.25541087182612	FALSE	down_in_cellobiose
YDL020C	8851.35551707147	0.341047436822665	0.0723878795210332	4.71138868936712	2.46034468411453e-06	6.60276175430737e-06	0.33610841584543	FALSE	up_in_cellobiose
YOR206W	3933.5845461559	0.307241442075536	0.0652675207687998	4.70741708060111	2.50875275730828e-06	6.72968755164424e-06	0.303488300968956	FALSE	up_in_cellobiose
YGL237C	1625.32636860308	0.364731819972548	0.0774877766097317	4.70695941902585	2.51438937110028e-06	6.7418179546922e-06	0.358752243300895	FALSE	up_in_cellobiose
YJL070C	1821.09574292857	0.345315710164235	0.0733729312486825	4.70630931990243	2.52241697109758e-06	6.76034570587916e-06	0.340673485574494	FALSE	up_in_cellobiose
YGR123C	1080.16709828892	0.421524384892725	0.0895684727735968	4.70616916689221	2.52415083916811e-06	6.76199664576082e-06	0.412945286727312	FALSE	up_in_cellobiose
YDR030C	1201.57315271907	-0.426631605763554	0.0906579515319764	-4.70594800074513	2.52688926841384e-06	6.76633607110904e-06	-0.417698183419585	FALSE	down_in_cellobiose
YOL076W	1681.3834378862	-0.369389085001309	0.0785274009840387	-4.70395149173969	2.55173899665673e-06	6.82985362423742e-06	-0.362998601772507	FALSE	down_in_cellobiose
YHR024C	2777.73492116193	-0.317271620918768	0.0674724864163771	-4.70223698235847	2.57326584799414e-06	6.88442508381979e-06	-0.31284492306893	FALSE	down_in_cellobiose
YJL033W	3197.20305029178	0.334600504082608	0.0712202254611764	4.69811071105084	2.6257909527742e-06	7.02184326849299e-06	0.329861568199764	FALSE	up_in_cellobiose
YBR267W	2147.08432271626	0.380035736426971	0.0809081421281917	4.69712598053282	2.63847726626121e-06	7.05265089863635e-06	0.373621943470153	FALSE	up_in_cellobiose
YJL065C	1722.6715623186	-0.373290731914818	0.0795593300013062	-4.69197933050328	2.70574469381168e-06	7.2292622141638e-06	-0.366475260709351	FALSE	down_in_cellobiose
YLR011W	534.751769748187	-0.55351393911065	0.118032726502464	-4.68949549427798	2.73879464529773e-06	7.31433501519027e-06	-0.536347391565433	FALSE	down_in_cellobiose
YGR104C	1176.21476173032	-0.398722736448241	0.0850323814114767	-4.6890693854474	2.74450324620829e-06	7.32634604426919e-06	-0.390768687428051	FALSE	down_in_cellobiose
YJL109C	3475.26658044027	0.421020412173081	0.089806347554748	4.68809191818448	2.75764159441692e-06	7.35817115334272e-06	0.412712139892925	FALSE	up_in_cellobiose
YBL060W	1821.40778783233	-0.353422627773459	0.0753915069885956	-4.68783079010372	2.76116167602966e-06	7.36431524616551e-06	-0.347672832253277	FALSE	down_in_cellobiose
YML028W	34117.6003393534	-0.377116574658676	0.0804646305464522	-4.68673716759275	2.77595092198014e-06	7.4004967505764e-06	-0.368361082500788	FALSE	down_in_cellobiose
YGL106W	4687.3852342671	-0.30164173883106	0.0643795155971069	-4.68536825779745	2.79457006939104e-06	7.44685213645216e-06	-0.297743502224926	FALSE	down_in_cellobiose
YIL062C	4019.25553778814	-0.30754560798839	0.0656486844517482	-4.6847185218835	2.80344929641706e-06	7.46722359930727e-06	-0.302688437738755	FALSE	down_in_cellobiose
YMR177W	1747.25088838297	-0.366496579512097	0.0783129585730109	-4.67989699521329	2.87019080750111e-06	7.64163036733021e-06	-0.35969456906435	FALSE	down_in_cellobiose
YOL132W	1050.29623502718	-0.483939900074335	0.103459007067641	-4.67760046989372	2.90251371517912e-06	7.72428748927343e-06	-0.471328790500978	FALSE	down_in_cellobiose
YDR347W	2414.36713672886	0.386625372811166	0.0826699696645077	4.67673297063219	2.91481415447583e-06	7.75361073897286e-06	0.380203689398802	FALSE	up_in_cellobiose
YBL022C	5865.31289571127	0.295441789875116	0.0631772296166322	4.67639672818666	2.91959523749142e-06	7.76291498531235e-06	0.290294318299179	FALSE	up_in_cellobiose
YPR086W	3263.75892130777	-0.304749578953602	0.065172972809438	-4.67601163207136	2.92508022184647e-06	7.77408183741181e-06	-0.301233753963155	FALSE	down_in_cellobiose
YOL130W	4306.1266242657	0.297570055787964	0.06364568017058	4.67541638317685	2.93357790131027e-06	7.79324230348082e-06	0.294236715757525	FALSE	up_in_cellobiose
YMR232W	607.798438960922	-0.674049789177191	0.144247449124996	-4.67287146681604	2.97017657130356e-06	7.88700530281616e-06	-0.646921873706284	FALSE	down_in_cellobiose
YGR233C	2109.24444005151	0.340242125226418	0.0728225669005447	4.67220725261022	2.97980054236581e-06	7.9090888463233e-06	0.335181573204221	FALSE	up_in_cellobiose
YPR034W	3813.85875072713	-0.297114320912425	0.063618618433236	-4.67024164041268	3.00845638603681e-06	7.98164591190204e-06	-0.293193082720497	FALSE	down_in_cellobiose
YGL171W	1674.60442205942	0.38985980246215	0.083499522723095	4.66900635773717	3.02660013719644e-06	8.02626226650646e-06	0.382645359011098	FALSE	up_in_cellobiose
YGR109C	450.059615456832	-0.562126371387012	0.120437532056637	-4.66736873288526	3.05081534798338e-06	8.08693340926884e-06	-0.544066407528548	FALSE	down_in_cellobiose
YNL132W	2376.31858035979	0.34628243474048	0.0741970010918378	4.6670678011887	3.05528532892915e-06	8.09523475895419e-06	0.340562161692299	FALSE	up_in_cellobiose
YBR103W	3022.66978887398	-0.31102194123762	0.066652947670354	-4.66628937066435	3.06687714900043e-06	8.12239048787372e-06	-0.307053690774769	FALSE	down_in_cellobiose
YJL047C	1244.70276249876	-0.38271668606017	0.0820237526707223	-4.6659250960701	3.07231614044574e-06	8.13323428164389e-06	-0.37573338241823	FALSE	down_in_cellobiose
YLR015W	1110.13903277283	-0.393078645005499	0.0842716840978141	-4.66442137965645	3.09486625497735e-06	8.18934644635083e-06	-0.385685777102675	FALSE	down_in_cellobiose
YGR296W	3087.16427928496	0.992040559155078	0.212977586930049	4.65795755062671	3.19362041640329e-06	8.44696541269064e-06	0.93477861541824	FALSE	up_in_cellobiose
YOR017W	1570.12226591253	0.367183076836128	0.0788544592076501	4.65646560163722	3.21683996657482e-06	8.50466125778457e-06	0.361259032493738	FALSE	up_in_cellobiose
YGL113W	1200.74020925597	0.383056257903079	0.0822762665490523	4.65573213236049	3.22831440448755e-06	8.53126860320891e-06	0.376160861668395	FALSE	up_in_cellobiose
YBL005W-B	5921.68567569065	-1.70398969403894	0.366080026547791	-4.65469178995618	3.24465693313965e-06	8.57040670397381e-06	-1.55637619787243	FALSE	down_in_cellobiose
YNL291C	1370.69113116066	-0.370532832016732	0.0796055735396514	-4.65460916291458	3.24595830034782e-06	8.57040670397381e-06	-0.364103598975792	FALSE	down_in_cellobiose
YKL140W	2755.73848024493	-0.375462308819926	0.0806743957233516	-4.65404550543472	3.25484921113338e-06	8.59013214578787e-06	-0.368332293723718	FALSE	down_in_cellobiose
YJR069C	1156.99507450954	-0.401639940429286	0.0863857157556506	-4.64937908907717	3.32935789527872e-06	8.78294195749715e-06	-0.394527629178913	FALSE	down_in_cellobiose
YEL012W	3898.65502444153	0.349744652510177	0.0752308002894988	4.64895562940059	3.33619964706612e-06	8.79715416961769e-06	0.344343178104916	FALSE	up_in_cellobiose
YJR047C	16844.9322016531	0.29123552207838	0.0627250409577979	4.64305032936251	3.43302680703114e-06	9.0485312225409e-06	0.288097106589544	FALSE	up_in_cellobiose
YAR061W	159.652391704054	-0.879203598534666	0.189447162580895	-4.6408908244231	3.46910385166399e-06	9.13963815275063e-06	-0.832054234536317	FALSE	down_in_cellobiose
YLR250W	3046.35337754184	-0.323489734663281	0.0697195568021619	-4.63987078376336	3.48627096573402e-06	9.18086768468659e-06	-0.318604495823892	FALSE	down_in_cellobiose
YMR131C	5278.03876637107	0.355215989068998	0.0765617394570804	4.63960186364532	3.49081039725242e-06	9.18882162444729e-06	0.349375455074593	FALSE	up_in_cellobiose
YAL058W	1367.51455681954	-0.382124750667646	0.0823780058307394	-4.63867444731292	3.50650890769722e-06	9.2261297880211e-06	-0.375105761212669	FALSE	down_in_cellobiose
YGR221C	1552.06711759183	0.371189065171169	0.0800307122160193	4.63808274215096	3.51656013458227e-06	9.24855315395137e-06	0.364874133962921	FALSE	up_in_cellobiose
YOR090C	2454.23581305405	-0.318324162862512	0.0686740416264803	-4.63529093851625	3.56435801452325e-06	9.36611712851917e-06	-0.314142342598468	FALSE	down_in_cellobiose
YGR200C	3225.66977362786	0.316280895688726	0.0682321222305214	4.63536653044698	3.56305565552514e-06	9.36611712851917e-06	0.311814749945489	FALSE	up_in_cellobiose
YLR224W	3179.53146350761	0.406309889264286	0.0876779895178382	4.63411503273147	3.58467634045582e-06	9.41541779566532e-06	0.397933991011622	FALSE	up_in_cellobiose
YHR026W	5883.09125341035	-0.275611125323559	0.0594888053920347	-4.6329914259879	3.60419471557032e-06	9.46257544899516e-06	-0.272640350779103	FALSE	down_in_cellobiose
YNL070W	1390.37279547249	0.372160271246712	0.0803428617941204	4.6321510453583	3.61885968065131e-06	9.49695540488494e-06	0.365550294038444	FALSE	up_in_cellobiose
YBL027W	33719.4213266532	0.297016143855531	0.0641484742760299	4.63013574691543	3.65426086878987e-06	9.58569991123586e-06	0.28528319865272	FALSE	up_in_cellobiose
YMR142C	30539.5114069242	0.285597854527151	0.0617321773698948	4.6264017680094	3.72073212514149e-06	9.75583382097133e-06	0.279688616032669	FALSE	up_in_cellobiose
YIL038C	3524.68551982562	0.316255850141611	0.0683953334846954	4.62393900327101	3.76520628783541e-06	9.86816847275407e-06	0.312963592749471	FALSE	up_in_cellobiose
YJL173C	2071.08788047652	0.361913350930019	0.0783389411881383	4.61983970476254	3.84036625407483e-06	1.00607949202679e-05	0.355384065453504	FALSE	up_in_cellobiose
YCL044C	1359.89748554984	0.375649831080584	0.0813677654863921	4.61669100576945	3.8990715243781e-06	1.0210166082668e-05	0.368830596277607	FALSE	up_in_cellobiose
YPL026C	8826.91638676962	0.423094113570915	0.0917025684198837	4.61376514160072	3.95439245004538e-06	1.03505495155017e-05	0.410467805188149	FALSE	up_in_cellobiose
YHR070W	1839.0680947705	-0.343162947983328	0.0743847530652614	-4.61335063762669	3.96229028316513e-06	1.0366736125807e-05	-0.337445038687055	FALSE	down_in_cellobiose
YDR372C	5156.01389302164	-0.299267241206837	0.0648902816467673	-4.61189616707027	3.99012309543816e-06	1.04350430628212e-05	-0.29569749839031	FALSE	down_in_cellobiose
YAL046C	1120.89745199697	0.46650444708565	0.101158134526509	4.6116355275749	3.99513046168284e-06	1.04436232336731e-05	0.455807858185593	FALSE	up_in_cellobiose
YOL138C	1978.18146749977	-0.345074376795518	0.0748832117664253	-4.6081674203808	4.06233511711221e-06	1.06147149561174e-05	-0.339717575018713	FALSE	down_in_cellobiose
YIR018C-A	114.221063661454	-1.04051470776613	0.226030718413648	-4.60342167236726	4.15605548455505e-06	1.08549134827606e-05	-0.975076000602585	FALSE	down_in_cellobiose
YPL083C	987.531091662303	-0.431431485841907	0.0937257545128476	-4.60312630273643	4.16195650832014e-06	1.08656344060546e-05	-0.420900419646439	FALSE	down_in_cellobiose
YMR013C	1418.08208759004	-0.414479605621973	0.090261774116902	-4.59197273349804	4.39075744546189e-06	1.14580206158753e-05	-0.405677963298424	FALSE	down_in_cellobiose
YDR103W	3115.73666963308	-0.302131563234156	0.0658591935055346	-4.58753815758107	4.4850347145313e-06	1.16989974075894e-05	-0.298207137410139	FALSE	down_in_cellobiose
YFR051C	5577.70923173599	0.281025639532148	0.0612792836844497	4.58598114461089	4.51859382595583e-06	1.17814543332788e-05	0.276451245419022	FALSE	up_in_cellobiose
YPL160W	10860.3717562605	-0.279729296009516	0.0610271206334423	-4.58368825377986	4.56845199595203e-06	1.19063188813071e-05	-0.27846037863599	FALSE	down_in_cellobiose
YBR223C	902.426321089817	0.436975950647564	0.0953916577454909	4.58086127209819	4.63064947453196e-06	1.20580278396228e-05	0.427278396227629	FALSE	up_in_cellobiose
YOL031C	2476.79400377055	-0.326898728875294	0.0713613031017858	-4.58089629345787	4.62987401783122e-06	1.20580278396228e-05	-0.322100880675123	FALSE	down_in_cellobiose
YLR007W	3058.51364733943	0.3995490449934	0.0872333805600641	4.5802311274443	4.64462366255408e-06	1.20840122730278e-05	0.391141306297031	FALSE	up_in_cellobiose
YOR380W	1336.15195604297	-0.369086026522159	0.0805810393402673	-4.58030858802441	4.64290370930504e-06	1.20840122730278e-05	-0.362453070324873	FALSE	down_in_cellobiose
YDL119C	885.053301617799	-0.436436446357019	0.0953154296444501	-4.57886459710703	4.67506697587728e-06	1.21579880211013e-05	-0.426308342856511	FALSE	down_in_cellobiose
YGR016W	340.663202025216	-0.599575688536358	0.130996855150822	-4.57702353118355	4.71638425556475e-06	1.22601668938166e-05	-0.57794485542956	FALSE	down_in_cellobiose
YPL272C	36347.2099261856	-0.385017793497974	0.0841693795424497	-4.57432139325437	4.77765970813364e-06	1.24141166557132e-05	-0.377550826206648	FALSE	down_in_cellobiose
YJL036W	2842.16393461149	0.315982057882329	0.0691198975519481	4.5715064557908	4.84230368558664e-06	1.25766831232776e-05	0.311657016222483	FALSE	up_in_cellobiose
YKL040C	1533.98527290424	-0.360284846167053	0.0788135910799772	-4.57135427062889	4.84582232404311e-06	1.25804202738784e-05	-0.354078975684	FALSE	down_in_cellobiose
YOL059W	6260.90454796855	-0.276259570116592	0.0604372779759583	-4.57101278165583	4.85372672744597e-06	1.2595535381519e-05	-0.271286708534713	FALSE	down_in_cellobiose
YGR102C	2108.3543673908	0.32940997619467	0.07207098814792	4.57063215948396	4.86255149467263e-06	1.26130248676135e-05	0.324587067449212	FALSE	up_in_cellobiose
YCR089W	1594.45559828576	-0.352752885612781	0.077187542128436	-4.5700753759696	4.8754882680179e-06	1.26411609658124e-05	-0.346875237791708	FALSE	down_in_cellobiose
YDR239C	1882.01563483622	-0.363985121861614	0.0796553086204089	-4.56950237423793	4.88883628396547e-06	1.26649124975191e-05	-0.357624680027588	FALSE	down_in_cellobiose
YLR249W	98315.0779174606	0.281506093370455	0.0616042345202439	4.56958998943406	4.88679303282947e-06	1.26649124975191e-05	0.278396410741639	FALSE	up_in_cellobiose
YLR308W	211.008286536688	1.04195691908264	0.228065541591131	4.56867316216769	4.90821468149006e-06	1.27042321815718e-05	0.974541567425006	FALSE	up_in_cellobiose
YMR168C	983.30235298979	-0.422332178393221	0.0924400772719739	-4.5687129528316	4.90728310957599e-06	1.27042321815718e-05	-0.412917448807792	FALSE	down_in_cellobiose
YLR173W	1647.57195684101	0.343513159683044	0.0752123853598824	4.56724192484221	4.94183538906538e-06	1.27857836905289e-05	0.338116773262784	FALSE	up_in_cellobiose
YOR219C	2150.87017987694	-0.322822282356867	0.0706998506224108	-4.56609567792407	4.96892042450134e-06	1.28503632525903e-05	-0.318424937159137	FALSE	down_in_cellobiose
YDL148C	3086.76676047676	0.350566374079707	0.0767791182851282	4.56590778729495	4.97337369191924e-06	1.28563835309485e-05	0.344577958487949	FALSE	up_in_cellobiose
YER134C	1215.95372089827	-0.378602535915268	0.0829315546858854	-4.56524102736621	4.98920769171259e-06	1.28918057783723e-05	-0.371260778394365	FALSE	down_in_cellobiose
YER167W	3560.65272762092	0.291355944267032	0.0638390668676814	4.56391295428742	5.02089030929355e-06	1.29681321438585e-05	0.287944905659655	FALSE	up_in_cellobiose
YJL161W	1056.13113392047	0.395915240494568	0.0867534493212336	4.56368298427605	5.026396025886e-06	1.29768115922255e-05	0.387727518087517	FALSE	up_in_cellobiose
YPL164C	1336.30654082332	0.365594776342689	0.0801238544510116	4.56287055643606	5.04589270458653e-06	1.30215891510426e-05	0.359139852069535	FALSE	up_in_cellobiose
YPR178W	1434.47722203043	-0.372330503340818	0.081622649733773	-4.56160764879897	5.07634387462321e-06	1.3094585969124e-05	-0.366673458301454	FALSE	down_in_cellobiose
YER179W	721.443879745226	-0.495512012572219	0.108698720691818	-4.55858182523686	5.15001994505649e-06	1.32789729955868e-05	-0.481668259338071	FALSE	down_in_cellobiose
YOR144C	1201.48705970313	0.40478442737957	0.0888402579651692	4.55631755975168	5.20582140294624e-06	1.34171340717605e-05	0.396255671664176	FALSE	up_in_cellobiose
YDL241W	311.503103776196	-0.647766107371228	0.14219494703563	-4.55547908610926	5.22663159537261e-06	1.34650317378232e-05	-0.62243149183342	FALSE	down_in_cellobiose
YNL094W	4259.53223813142	-0.302845792470865	0.0665761881842016	-4.54886049698366	5.39371824225445e-06	1.38895707311184e-05	-0.297968945695992	FALSE	down_in_cellobiose
YDR302W	1576.0474753122	-0.350970854712991	0.0772573268040926	-4.54288116391828	5.54905365471266e-06	1.42835002371731e-05	-0.345086386313699	FALSE	down_in_cellobiose
YDR353W	8972.4313663658	-0.261532905161979	0.0576031335746309	-4.54025482525419	5.61862798310918e-06	1.44564358442482e-05	-0.25889116472371	FALSE	down_in_cellobiose
YGR129W	695.346734754791	-0.448824437305968	0.0989115618008642	-4.53763371171484	5.6888959844951e-06	1.46310084227087e-05	-0.438305714726004	FALSE	down_in_cellobiose
YJR073C	20453.7039320765	0.366072503847632	0.0807050024214237	4.53593324904548	5.7349318033025e-06	1.47431374747883e-05	0.359628934111032	FALSE	up_in_cellobiose
YNL087W	4032.01704093923	-0.28746971598749	0.0634321688997104	-4.53192317043415	5.84491093634016e-06	1.50194843899412e-05	-0.284176698405454	FALSE	down_in_cellobiose
YMR136W	2480.4379327531	-0.359374116445812	0.0793617388716622	-4.52830446453504	5.94588672105309e-06	1.52724708176858e-05	-0.352505910455774	FALSE	down_in_cellobiose
YBR236C	2483.8268122983	-0.339852324941748	0.075080939898283	-4.52647936216793	5.99744533110672e-06	1.53983645194671e-05	-0.334308927843205	FALSE	down_in_cellobiose
YOR274W	1747.74140845313	-0.338407326261082	0.0748083301134896	-4.52365833788422	6.07798111893187e-06	1.55985183658969e-05	-0.332334747515742	FALSE	down_in_cellobiose
YFR020W	868.236450862642	-0.413676229144263	0.0914978435281586	-4.5211582392863	6.15021910839104e-06	1.57772160248759e-05	-0.403666603433135	FALSE	down_in_cellobiose
YLL033W	530.596125945218	-0.522547250289075	0.115619410061958	-4.51954606937585	6.19723617016683e-06	1.58910901201098e-05	-0.505798377254244	FALSE	down_in_cellobiose
YKL018C-A	1135.10917600824	0.380826869197471	0.0842639792888256	4.51945033229605	6.20003902259264e-06	1.58915406981622e-05	0.373487452338525	FALSE	up_in_cellobiose
YMR217W	11815.4387251611	0.327848300740686	0.0726354353903775	4.51361376136418	6.37322383953396e-06	1.63285180031093e-05	0.32297892006987	FALSE	up_in_cellobiose
YBL025W	666.07199758124	-0.470535103045289	0.104338594943773	-4.50969368812046	6.49212972126734e-06	1.66261188331694e-05	-0.457923921223811	FALSE	down_in_cellobiose
YDR228C	2119.43747141062	-0.341906160512916	0.0758379878774208	-4.50837594828531	6.53257464460633e-06	1.67166628832011e-05	-0.337891651037927	FALSE	down_in_cellobiose
YIL023C	2920.66142533841	0.303134141670055	0.0672382030509273	4.50836173358851	6.53301224266613e-06	1.67166628832011e-05	0.299236853330993	FALSE	up_in_cellobiose
YGR193C	4071.46788672059	-0.286841038786611	0.0636285088625565	-4.50805847746982	6.54235463676842e-06	1.67334897242335e-05	-0.283284661924311	FALSE	down_in_cellobiose
YLR052W	1828.99347355689	0.343250235549953	0.0761769874486961	4.50595707504351	6.60744445630837e-06	1.68928281978907e-05	0.337843076663587	FALSE	up_in_cellobiose
YNL133C	839.504832155748	-0.415762092979813	0.0923157148641313	-4.50369791959824	6.67811147479446e-06	1.70662848800303e-05	-0.405669057488163	FALSE	down_in_cellobiose
YPR187W	4730.47003656285	0.289139527785031	0.0642173544729388	4.50251384782403	6.71543777532659e-06	1.71544269860433e-05	0.285921022882068	FALSE	up_in_cellobiose
YJR072C	4133.38948388742	0.283871234596432	0.0630699447542682	4.50089556447917	6.76677492219149e-06	1.7278269946955e-05	0.279551815922161	FALSE	up_in_cellobiose
YNL293W	2741.93348578895	-0.32943613247818	0.0732040277225323	-4.50024599366107	6.78748680244874e-06	1.73238428978955e-05	-0.324096086899853	FALSE	down_in_cellobiose
YKL222C	1109.32936550512	-0.394449541282919	0.0876531199308174	-4.50011980856185	6.79151730365818e-06	1.73268191353135e-05	-0.387020162930731	FALSE	down_in_cellobiose
YLR005W	4470.87901618807	-0.285662636734151	0.0634803659490288	-4.5000155947986	6.7948477405053e-06	1.73280075810778e-05	-0.282159705796691	FALSE	down_in_cellobiose
YDR245W	3419.00860774074	-0.303956992132388	0.0675613339564873	-4.49897854782072	6.8280746591619e-06	1.74054039668227e-05	-0.299614610560729	FALSE	down_in_cellobiose
YER093C-A	543.447820563326	0.490485920882306	0.109040386053049	4.49820418504096	6.8529864878252e-06	1.74615481317838e-05	0.477011898511247	FALSE	up_in_cellobiose
YHR104W	5058.93281588063	0.304276960090107	0.0676629889618086	4.49694825426426	6.89357566648902e-06	1.75575744027756e-05	0.300913343824986	FALSE	up_in_cellobiose
YKR022C	1657.0164745902	0.342973872311129	0.0763032222162584	4.49488058759922	6.96089989262894e-06	1.77215839438184e-05	0.337419718948795	FALSE	up_in_cellobiose
YOR352W	1296.31194531187	0.398826563034843	0.0887336702824772	4.49464742938287	6.96853097343214e-06	1.77335481103454e-05	0.390919117496528	FALSE	up_in_cellobiose
YNCA0001W	143.049923073048	-0.898245279983378	0.199871711528496	-4.49410911186056	6.98618024858443e-06	1.77709858383882e-05	-0.846052411432641	FALSE	down_in_cellobiose
YJL013C	1528.61011353293	0.346245998362372	0.0770832663416739	4.4918438825312	7.06091763155319e-06	1.79535480257525e-05	0.340184654494212	FALSE	up_in_cellobiose
YMR253C	2197.66522980182	-0.338318785721874	0.0753225167167977	-4.49160225213805	7.06893479900409e-06	1.79663809240234e-05	-0.33458048343716	FALSE	down_in_cellobiose
YOR110W	1771.79879575214	-0.33572174198766	0.0747496679922926	-4.49128071073541	7.07961687325931e-06	1.79859733163988e-05	-0.330360485138099	FALSE	down_in_cellobiose
YLR055C	2455.75860669701	0.333102111112827	0.0741809152811841	4.49040174080081	7.10889637813109e-06	1.80527767385873e-05	0.327206523833787	FALSE	up_in_cellobiose
YDR194C	5206.63737023164	0.280341370547256	0.0624679621133244	4.48776238351882	7.19751405205118e-06	1.82701479231463e-05	0.277157371268199	FALSE	up_in_cellobiose
YJR088C	3068.28970572025	-0.332556655690519	0.0741105575089723	-4.48730473590429	7.21298687080867e-06	1.83017439519806e-05	-0.327287995760395	FALSE	down_in_cellobiose
YNL119W	1765.43757525189	0.351274559544517	0.0783200475969279	4.4851167781759	7.28740116924305e-06	1.84828048942353e-05	0.34542906330766	FALSE	up_in_cellobiose
YGR261C	2719.2069078945	-0.303424598242627	0.0676623754637729	-4.48439174892823	7.31222157030329e-06	1.85379833523741e-05	-0.299094232702164	FALSE	down_in_cellobiose
YJL074C	1942.99129045472	0.32584416361684	0.0726730916720307	4.48369755737591	7.33606202747453e-06	1.85906322598213e-05	0.320971111356755	FALSE	up_in_cellobiose
YPL222W	2838.52891189464	0.300031519557146	0.0670116607415293	4.47730314749844	7.55918747329438e-06	1.91480423056774e-05	0.296271755983787	FALSE	up_in_cellobiose
YPL280W	637.987986257367	0.610592047172777	0.136502245761437	4.47312821680532	7.70835247405404e-06	1.95177162476153e-05	0.587135633663745	FALSE	up_in_cellobiose
YKL170W	1545.18241575323	0.352400107814145	0.0787837449640939	4.47300528776277	7.7127869442648e-06	1.95207733162585e-05	0.346467197412771	FALSE	up_in_cellobiose
YBR146W	2655.863240555	0.321589517008983	0.0719091128016925	4.47216638447268	7.74311423175982e-06	1.95893341647491e-05	0.31783774461147	FALSE	up_in_cellobiose
YIL061C	1153.24324839158	-0.375980745741189	0.0841026688343793	-4.47049720243238	7.80379647467742e-06	1.97346007003862e-05	-0.368447919135093	FALSE	down_in_cellobiose
YKR065C	2391.50364418884	0.319734223064291	0.0715314582404306	4.46984069567832	7.82778779309588e-06	1.97869988969649e-05	0.313442234100552	FALSE	up_in_cellobiose
YBR282W	1253.32214891628	0.380430936941421	0.0851697325685258	4.46673865783639	7.94210530346133e-06	2.00675835341009e-05	0.373302029853699	FALSE	up_in_cellobiose
YGL183C	278.307479518955	-0.665825243275625	0.149258942211642	-4.46087338828597	8.16263065633626e-06	2.06161807265879e-05	-0.636738523615165	FALSE	down_in_cellobiose
YJL140W	5191.01233888075	-0.282188143132224	0.0632824511853894	-4.45918477945076	8.22719722415881e-06	2.07705826414594e-05	-0.278979533750881	FALSE	down_in_cellobiose
YNL202W	1257.61009973815	0.370719199638729	0.0831592595094797	4.45794252889504	8.27500795882608e-06	2.08825711902123e-05	0.364048124626856	FALSE	up_in_cellobiose
YGL252C	3980.03603317648	-0.281351416930551	0.0631443989352999	-4.45568287408729	8.36265742773156e-06	2.10949602920551e-05	-0.280906903521458	FALSE	down_in_cellobiose
YKR011C	2675.60599211242	0.327620673574621	0.0735840266761617	4.45233413246678	8.49418503535225e-06	2.14178096201942e-05	0.323346250594867	FALSE	up_in_cellobiose
YMR235C	5190.23995097005	-0.273734582358163	0.0614896198726655	-4.45172019155461	8.51851211176132e-06	2.14701999016851e-05	-0.270672873590406	FALSE	down_in_cellobiose
YDR484W	1332.86594866629	-0.380554927694291	0.0855558480711505	-4.44802940154146	8.66616697643137e-06	2.18241648794477e-05	-0.372980097946543	FALSE	down_in_cellobiose
YBR239C	1297.88367986739	-0.379805104848935	0.0853864089409464	-4.44807446008896	8.66434969141512e-06	2.18241648794477e-05	-0.372405844114357	FALSE	down_in_cellobiose
YJL051W	1276.33915792962	-0.366806524039952	0.0824875566430041	-4.44681039138357	8.71547011214568e-06	2.19391921383143e-05	-0.359957425494081	FALSE	down_in_cellobiose
YLR430W	3215.14576765634	0.33110519714779	0.0744634723618913	4.44654522070397	8.7262304388658e-06	2.19571413996253e-05	0.325911241863685	FALSE	up_in_cellobiose
YLR310C	5758.76105091206	0.308865501078569	0.0694704210537144	4.44600013061321	8.74838946448585e-06	2.20037454763721e-05	0.304408794044955	FALSE	up_in_cellobiose
YPL233W	1066.39006277263	-0.384898103854092	0.0865877108354541	-4.44518165615359	8.78176314052974e-06	2.20785059173169e-05	-0.376532285793354	FALSE	down_in_cellobiose
YLR240W	1798.93797255896	-0.346605334545325	0.0780020449255612	-4.44354163889033	8.8490021009746e-06	2.22383106393001e-05	-0.340582652758015	FALSE	down_in_cellobiose
YPR046W	617.034606131188	-0.495779233664464	0.111583719900086	-4.44311440870043	8.86659868968089e-06	2.2273278851279e-05	-0.48116677961648	FALSE	down_in_cellobiose
YJR120W	100.189662632125	1.11305805910032	0.250531115838118	4.44279368403693	8.87983053815206e-06	2.2288006193063e-05	1.03497443397437	FALSE	up_in_cellobiose
YAL031C	2769.97960438186	-0.29724273142374	0.0669036178175932	-4.44284989541442	8.87751011309309e-06	2.2288006193063e-05	-0.292959377845434	FALSE	down_in_cellobiose
YJL194W	1259.24868589275	0.35923604883811	0.0809227050647895	4.4392491396635	9.02732683087531e-06	2.26488179178618e-05	0.352712697555252	FALSE	up_in_cellobiose
YDR419W	1785.80453552569	-0.33272964690139	0.0749551698502245	-4.43904866824063	9.03573845159812e-06	2.26605231731829e-05	-0.327338005795222	FALSE	down_in_cellobiose
YKL013C	4626.68035870725	-0.280940451672577	0.0633050980846013	-4.43788036308113	9.08490879952596e-06	2.27743942512775e-05	-0.2782170774542	FALSE	down_in_cellobiose
YLR383W	1573.91781793049	0.369348347958228	0.0832368243122311	4.43731907133745	9.10862265174435e-06	2.28243821128424e-05	0.362991588051335	FALSE	up_in_cellobiose
YBL069W	1020.10867499933	-0.457287316137258	0.103112653267252	-4.43483221163981	9.21440262565544e-06	2.30798846718798e-05	-0.446070247717765	FALSE	down_in_cellobiose
YPR194C	1659.01819493482	0.355950846813576	0.0802690448953634	4.43447218386096	9.22981352735555e-06	2.31089164018931e-05	0.349580143008579	FALSE	up_in_cellobiose
YGL155W	1688.2492487833	-0.354905146725264	0.0801042529735146	-4.43054062114041	9.39971381071855e-06	2.35245630289766e-05	-0.348553863763161	FALSE	down_in_cellobiose
YLR196W	4013.8289802441	0.319756053621992	0.0721979172303205	4.42888196624745	9.47228421873945e-06	2.36963801650765e-05	0.315372941953303	FALSE	up_in_cellobiose
YGL036W	2444.12865341348	0.30483774470462	0.0688493512750884	4.42760518522008	9.52851093231024e-06	2.382718587414e-05	0.300632166804335	FALSE	up_in_cellobiose
YLR175W	9254.03513055392	0.280882763794114	0.0634567043385537	4.42636860394688	9.58327117553833e-06	2.39542179094344e-05	0.278392888696165	FALSE	up_in_cellobiose
YHR064C	14979.5365509382	0.249869694368218	0.0564815614080973	4.42391619740874	9.69276312565501e-06	2.42178951454305e-05	0.247588359229264	FALSE	up_in_cellobiose
YJR030C	1393.37748344037	-0.374202246513983	0.0847002274554293	-4.41796034976287	9.96366929961944e-06	2.48844903358373e-05	-0.366896787259789	FALSE	down_in_cellobiose
YHR128W	864.28641717705	-0.406428516408503	0.0921454107479924	-4.41072987910424	1.03022770001478e-05	2.57195516194363e-05	-0.396595024666003	FALSE	down_in_cellobiose
YPL055C	2711.88116484361	0.303504850289874	0.0688261622299303	4.40973084153586	1.03499178775661e-05	2.5827827244801e-05	0.299574141128769	FALSE	up_in_cellobiose
YAL041W	3525.00399671854	-0.285341685155057	0.0647283138744631	-4.40829782324411	1.04186213680031e-05	2.59885528474437e-05	-0.281800056745914	FALSE	down_in_cellobiose
YPL179W	5887.19802613784	0.279871667819233	0.0634922757533725	4.40796403181953	1.04346868210878e-05	2.60178980135037e-05	0.277411288758202	FALSE	up_in_cellobiose
YOR328W	1649.24598811456	0.340948436839901	0.0774024217275854	4.40488074184364	1.05842089760554e-05	2.63798434677211e-05	0.335140825248039	FALSE	up_in_cellobiose
YNL153C	2182.47873299803	-0.3435888748619	0.0780169873170692	-4.40402643933838	1.06259984347211e-05	2.64730908285123e-05	-0.338432565047867	FALSE	down_in_cellobiose
YOR010C	17921.9394843481	-0.344069296987321	0.078141197732372	-4.40317408706396	1.06678494791474e-05	2.65664147794824e-05	-0.338244448967553	FALSE	down_in_cellobiose
YBL089W	1116.11224008205	-0.374616334498027	0.0850924989607816	-4.40246013541904	1.07030260512283e-05	2.66430471538602e-05	-0.367847801161342	FALSE	down_in_cellobiose
YCL032W	1720.37626817172	0.332834236947934	0.0756118642920958	4.40187846264659	1.07317670594183e-05	2.67036030203297e-05	0.327489368231141	FALSE	up_in_cellobiose
YDR235W	1773.56033308147	-0.341496246268902	0.0776105412693423	-4.40012710494779	1.08187489651063e-05	2.69089689514506e-05	-0.335600162696069	FALSE	down_in_cellobiose
YIL142W	6159.36857916218	0.266395793717901	0.0605560882127416	4.39915789774956	1.08671739545299e-05	2.70183046654136e-05	0.263369263099911	FALSE	up_in_cellobiose
YBL031W	963.837959272209	-0.389140101087107	0.0885936468748567	-4.39241542496595	1.12098242792872e-05	2.78587621468398e-05	-0.381070317301298	FALSE	down_in_cellobiose
YOL011W	2413.20948994537	0.326112522261889	0.0742512532469272	4.39201371022495	1.1230561535149e-05	2.78988364378302e-05	0.319952425826455	FALSE	up_in_cellobiose
YGL205W	383.216492840434	0.59227421571151	0.134874787959329	4.39128931857975	1.12680485651578e-05	2.79804703491951e-05	0.568427513832915	FALSE	up_in_cellobiose
YIR011C	3769.75336168305	0.338488806875573	0.0770850506094685	4.39110831736285	1.1277433954702e-05	2.79922847730784e-05	0.333557299033365	FALSE	up_in_cellobiose
YER117W	18576.3686076568	0.278878599509942	0.0635512453478503	4.38824759426016	1.14267646955261e-05	2.83513124049373e-05	0.273623254762183	FALSE	up_in_cellobiose
YDL121C	1530.04784042972	0.408729567973789	0.0931575113705408	4.38751059319348	1.14655411108135e-05	2.84358582120995e-05	0.398940832831623	FALSE	up_in_cellobiose
YER044C	4736.78785139269	0.297033091146927	0.0677154671400467	4.38648810518598	1.15195461432505e-05	2.85580879592304e-05	0.29312359015758	FALSE	up_in_cellobiose
YJR112W	2261.063868879	-0.322722326560686	0.073590287957205	-4.38539290331842	1.15776610245467e-05	2.86904021046632e-05	-0.317696174933171	FALSE	down_in_cellobiose
YHR006W	6642.69506413684	-0.258887505938767	0.0590385984630984	-4.38505507715571	1.15956435547515e-05	2.87231973229696e-05	-0.256155387154952	FALSE	down_in_cellobiose
YDL028C	2422.13996855805	0.309765050512471	0.0706787535125508	4.38271807463984	1.17207746222729e-05	2.90212712607978e-05	0.30521731169678	FALSE	up_in_cellobiose
YIL126W	4403.50861900117	0.346035775510154	0.0789866698035822	4.38093891501754	1.18168998942543e-05	2.92473107448218e-05	0.34009686613206	FALSE	up_in_cellobiose
YJR032W	1622.55561948536	-0.348842017660382	0.0796340320617271	-4.38056454795587	1.1837221973256e-05	2.9285626059806e-05	-0.342765119043976	FALSE	down_in_cellobiose
YNL231C	2160.56916186707	0.321619335102169	0.073465094840321	4.37785230933439	1.19854520885907e-05	2.96402288159791e-05	0.316689303816922	FALSE	up_in_cellobiose
YNL255C	7597.15547802656	-0.304890224034674	0.0696753118342996	-4.37587168263786	1.20948153500587e-05	2.98984626287312e-05	-0.302060025531729	FALSE	down_in_cellobiose
YKL010C	4631.85941539893	0.270153445898019	0.0617410147922824	4.37559127926398	1.21103749868587e-05	2.99246970161391e-05	0.268320492471283	FALSE	up_in_cellobiose
YER058W	741.683852708113	0.459403144375644	0.105011007362772	4.37480942153603	1.2153861381652e-05	3.00198887291191e-05	0.44748024563742	FALSE	up_in_cellobiose
YKR081C	2531.84271080105	0.324578870729788	0.0742409251528325	4.37196694493785	1.23132170992222e-05	3.04010817278348e-05	0.319357198845401	FALSE	up_in_cellobiose
YML079W	1851.20210048562	0.328303378630519	0.0750976181007546	4.37168830295058	1.23289452689732e-05	3.04274948723048e-05	0.323594818811973	FALSE	up_in_cellobiose
YPR007C	879.623758382825	0.412097479922678	0.0943172163182006	4.36927101975076	1.24661976793332e-05	3.07536826110468e-05	0.40256579838878	FALSE	up_in_cellobiose
YGL056C	4808.45888921617	0.299733256010246	0.0686101401936141	4.36864368975803	1.25020548205917e-05	3.0829567716983e-05	0.295658932270039	FALSE	up_in_cellobiose
YJL058C	719.655601403761	-0.430097381795728	0.0984547798873244	-4.36847639381195	1.25116337889998e-05	3.08319152002898e-05	-0.419140190052729	FALSE	down_in_cellobiose
YOL018C	2549.1806159799	-0.333935181915515	0.0764426125062188	-4.3684428222328	1.25135568613777e-05	3.08319152002898e-05	-0.328266965058006	FALSE	down_in_cellobiose
YEL025C	3493.05314899372	-0.31655004934656	0.072464275760347	-4.3683600784675	1.251829785616e-05	3.08319152002898e-05	-0.31159416013601	FALSE	down_in_cellobiose
YPL079W	20467.7695944107	0.287367806709732	0.0658121638336042	4.36648470389602	1.26262125554238e-05	3.10850467023845e-05	0.281109713432798	FALSE	up_in_cellobiose
YLR132C	303.148068397756	-0.597156595010851	0.136926835373217	-4.36113632059925	1.293887180702e-05	3.18418370873329e-05	-0.57351509739793	FALSE	down_in_cellobiose
YNL122C	842.814692055394	0.436817570651798	0.10016371782461	4.3610359133901	1.29448115263593e-05	3.18434993586609e-05	0.42574362547869	FALSE	up_in_cellobiose
YOR275C	2769.48798311183	-0.307809450917821	0.0705877555422562	-4.36066352518541	1.29668633601706e-05	3.18847790510862e-05	-0.303422317740263	FALSE	down_in_cellobiose
YBR029C	2289.25865708062	0.38175738089057	0.0876796136047414	4.35400391488411	1.33673317506563e-05	3.28561518731084e-05	0.373752315974882	FALSE	up_in_cellobiose
YNL020C	1631.19462435553	-0.330713323381371	0.0759730546429199	-4.35303444011503	1.34266047846977e-05	3.29884371822243e-05	-0.325370316935068	FALSE	down_in_cellobiose
YOR310C	7387.68056291446	0.325031824997183	0.0747055979482719	4.35083626828399	1.3561929634465e-05	3.33073943803812e-05	0.320009852549866	FALSE	up_in_cellobiose
YPL014W	1555.80491288353	0.361224893069043	0.0830724767895874	4.34831013867544	1.3719051037758e-05	3.36796021620935e-05	0.354828219287298	FALSE	up_in_cellobiose
YML096W	1803.77883874917	-0.32158103686251	0.0740258507468692	-4.3441721184962	1.39801875878772e-05	3.43067564783241e-05	-0.31646295199324	FALSE	down_in_cellobiose
YNR006W	2887.20192082384	-0.29374868842776	0.0676321169164476	-4.34333127248783	1.40338269729561e-05	3.4424419853776e-05	-0.289808339724318	FALSE	down_in_cellobiose
YPR164W	2458.61212960953	0.307095551453634	0.0707565455576018	4.34017162699997	1.42371474906964e-05	3.49090008801064e-05	0.302470755401618	FALSE	up_in_cellobiose
YER065C	3125.37771159908	0.295283104479251	0.068101878163166	4.33590251023297	1.45163275344686e-05	3.55791188233391e-05	0.291517550300063	FALSE	up_in_cellobiose
YOL135C	1336.17218297939	-0.354735675848729	0.0818469275347071	-4.33413552021612	1.46334012908225e-05	3.58515368198401e-05	-0.34806069348223	FALSE	down_in_cellobiose
YDR061W	2437.84630367067	-0.300669747126314	0.0694100138684776	-4.33179206239667	1.4790058996008e-05	3.62206748448795e-05	-0.295816887378375	FALSE	down_in_cellobiose
YDL060W	3325.13946741573	0.303289202240947	0.0700429109800312	4.33004850879788	1.49076498809111e-05	3.64938786441243e-05	0.297541787050598	FALSE	up_in_cellobiose
YDR262W	6115.29307865995	0.27804681666138	0.0642201732472988	4.3295868354431	1.49389355821513e-05	3.65556720616639e-05	0.269203763469906	FALSE	up_in_cellobiose
YHL046C	312.621305690234	0.652372131032186	0.150760782828984	4.32720047475614	1.51016500733125e-05	3.69365436125098e-05	0.623345877114102	FALSE	up_in_cellobiose
YBR108W	1458.23599596725	0.337680283562238	0.078039622394594	4.3270363592332	1.51129022054822e-05	3.69365436125098e-05	0.332080150271276	FALSE	up_in_cellobiose
YKR064W	3111.80315127795	-0.295909107755168	0.0683858825965907	-4.32704962661286	1.511199226696e-05	3.69365436125098e-05	-0.291234052043937	FALSE	down_in_cellobiose
YJR051W	3186.58944706899	-0.29859960774624	0.0690131423713293	-4.32670644294977	1.51355462047e-05	3.69769462811916e-05	-0.294038165512707	FALSE	down_in_cellobiose
YNL212W	3974.69730332053	0.274118580415974	0.0634175226226982	4.32244226957334	1.543114682336e-05	3.7683894684903e-05	0.27109096794561	FALSE	up_in_cellobiose
YDL149W	1637.89507765413	0.329171556965669	0.0761642402205633	4.32186490684375	1.54715912588278e-05	3.77549159374316e-05	0.323803888289195	FALSE	up_in_cellobiose
YOR207C	3287.58552679639	0.314249927380652	0.072713415467094	4.32175995807629	1.54789537981204e-05	3.77549159374316e-05	0.309495823521377	FALSE	up_in_cellobiose
YDR280W	2288.40625641381	-0.302583420069672	0.0700127363638208	-4.32183393743246	1.5473763528815e-05	3.77549159374316e-05	-0.298590172486362	FALSE	down_in_cellobiose
YLR103C	1477.46373520931	0.363236345420408	0.0841062567058652	4.3187791211623	1.56894705860238e-05	3.82529655682619e-05	0.356260930162426	FALSE	up_in_cellobiose
YMR106W-A	2463.28891849234	-0.418743675665252	0.0970970712353165	-4.31262931350853	1.61324469169269e-05	3.93171520549924e-05	-0.408512091387247	FALSE	down_in_cellobiose
YPR003C	1627.74106393042	-0.330204763924918	0.0766218254274036	-4.30953924789712	1.63595024639849e-05	3.98544625069048e-05	-0.32477472643532	FALSE	down_in_cellobiose
YBR020W	775.847425926414	0.443141811882317	0.102832885305735	4.30933947408749	1.63742860265674e-05	3.98744187498817e-05	0.431337566422706	FALSE	up_in_cellobiose
YCL016C	1288.85414921961	-0.359448224461099	0.0834549178571896	-4.30709458100716	1.65412893660106e-05	4.02648931086512e-05	-0.352510109603651	FALSE	down_in_cellobiose
YKR066C	9285.35658187508	0.255522690002055	0.0594155668047196	4.30060174031291	1.70334945294031e-05	4.14463428834914e-05	0.253030500468494	FALSE	up_in_cellobiose
YPL211W	1847.37437362729	0.320697956558653	0.0747256222046472	4.29167328550807	1.77331736067168e-05	4.31314705054404e-05	0.315973224641308	FALSE	up_in_cellobiose
YEL030W	967.223621042818	0.379499824523116	0.0884370637957123	4.29118525915506	1.77721965946214e-05	4.32090101289649e-05	0.371928702079426	FALSE	up_in_cellobiose
YHR017W	1566.95434444456	-0.345202859678517	0.0804536985555942	-4.29070217871934	1.78109046709709e-05	4.32857221192056e-05	-0.338997044318144	FALSE	down_in_cellobiose
YBR283C	4930.67458795606	-0.262535637082813	0.0612653389641474	-4.28522295839168	1.82556012810282e-05	4.43486474493734e-05	-0.259232138355308	FALSE	down_in_cellobiose
YOR133W	38445.6699651551	0.246119822679161	0.0574519278029447	4.28392626829392	1.83623786018123e-05	4.45901357536583e-05	0.245639191900165	FALSE	up_in_cellobiose
YEL048C	595.515190727152	-0.457739685255468	0.106891028639421	-4.28230218271709	1.84969550348032e-05	4.4898908910724e-05	-0.444671736980563	FALSE	down_in_cellobiose
YBR041W	2386.01761436871	-0.296238749156044	0.0692104369496802	-4.28026121799269	1.86674078158511e-05	4.52944845078554e-05	-0.291017143478157	FALSE	down_in_cellobiose
YDR255C	1058.85141709885	-0.394577557349229	0.0922192026480753	-4.27869192119353	1.87994852994705e-05	4.5596666630512e-05	-0.385697624985379	FALSE	down_in_cellobiose
YLR264W	4724.80438105432	0.273019148114171	0.0638322301973611	4.27713628789141	1.89312910349723e-05	4.58979476835862e-05	0.269482891360465	FALSE	up_in_cellobiose
YOR036W	3485.05080335177	0.313844726843938	0.0733831570382103	4.27679510545616	1.89603162100613e-05	4.59499009433737e-05	0.309044717907118	FALSE	up_in_cellobiose
YNL157W	4034.2042635482	0.268885435063721	0.0629262959584442	4.27302181017122	1.92841586148974e-05	4.67160093958808e-05	0.265944097684093	FALSE	up_in_cellobiose
YOR061W	3569.79041841893	0.29143065510154	0.0682746315816466	4.26850571508439	1.96786786790844e-05	4.76526530543561e-05	0.287515777719734	FALSE	up_in_cellobiose
YIL156W-B	1294.87769857237	0.350073082713136	0.0820192090580258	4.26818408435847	1.97070671747985e-05	4.77023006564051e-05	0.343485071922081	FALSE	up_in_cellobiose
YOR099W	8660.42849684417	-0.24745373003925	0.0579777434113689	-4.2680814305499	1.97161360438167e-05	4.77051627716188e-05	-0.243610673016935	FALSE	down_in_cellobiose
YNL125C	5665.3639413956	0.269799231450446	0.063225249909425	4.26727030477467	1.97879342054102e-05	4.78597417067279e-05	0.266111434741077	FALSE	up_in_cellobiose
YJL099W	1753.86472479535	-0.319892634648863	0.0750318615672399	-4.26342393707225	2.0131805011077e-05	4.86719778225439e-05	-0.3146601979172	FALSE	down_in_cellobiose
YDR267C	1984.83871898967	-0.31999160877627	0.0751137940274847	-4.26009114463294	2.04343557522464e-05	4.93837067300593e-05	-0.315902864144992	FALSE	down_in_cellobiose
YHL034C	14108.9192591892	0.244791140983741	0.0574803278390416	4.25869423830033	2.05624501632647e-05	4.96734269319443e-05	0.243121253841833	FALSE	up_in_cellobiose
YCL058C	1286.96656371671	0.3735732842354	0.0878942768054664	4.25025721597571	2.13525169714741e-05	5.15614272097593e-05	0.365764356064448	FALSE	up_in_cellobiose
YDR319C	1653.42838570167	-0.332920109569501	0.0783393723406793	-4.24971632554969	2.14041409919428e-05	5.16654624342626e-05	-0.326994270793466	FALSE	down_in_cellobiose
YDR282C	741.977885666956	0.41150506138177	0.0968637751950815	4.24828642650989	2.15411871996754e-05	5.19755250781158e-05	0.401141856728702	FALSE	up_in_cellobiose
YNL289W	6192.6929346696	-0.30888107804723	0.0727368516326189	-4.2465555095419	2.17082016270547e-05	5.23576202719514e-05	-0.303695285969773	FALSE	down_in_cellobiose
YIL043C	10592.7551904133	-0.245418770876189	0.0578286732743429	-4.24389419608343	2.19673956709602e-05	5.2961648630386e-05	-0.243061167348269	FALSE	down_in_cellobiose
YDR414C	1507.78016111197	-0.33553204277067	0.0790760519728954	-4.24315623250487	2.2039788385174e-05	5.31088106689513e-05	-0.329537079651868	FALSE	down_in_cellobiose
YBR170C	2430.46233255367	-0.297374220575574	0.0700843030366693	-4.24309307064069	2.20459949726792e-05	5.31088106689513e-05	-0.292350801541954	FALSE	down_in_cellobiose
YDR361C	2365.61548173546	0.293141938126007	0.069127641189439	4.24058933708838	2.22933682111996e-05	5.36833536264117e-05	0.289237943536572	FALSE	up_in_cellobiose
YMR017W	459.889496799634	-0.511651661296968	0.120699773866112	-4.23904407529815	2.24473587836638e-05	5.4032659483638e-05	-0.494325330397211	FALSE	down_in_cellobiose
YFR026C	548.029144063643	0.580023097942203	0.136875778160409	4.23758758297216	2.25934295491746e-05	5.43626314013353e-05	0.556805840295325	FALSE	up_in_cellobiose
YPL168W	1442.78618424789	-0.372417866804676	0.0879008652742923	-4.23679409346604	2.26733883559254e-05	5.45333304830985e-05	-0.364530115929086	FALSE	down_in_cellobiose
YKR020W	1317.63123784734	-0.361324919734839	0.0852920430055768	-4.23632623867637	2.27206595464365e-05	5.46253058809199e-05	-0.353878247040788	FALSE	down_in_cellobiose
YOR142W-B	13210.6636074524	-0.992178793416597	0.234396408073603	-4.23290954657053	2.3068730363155e-05	5.54401072573398e-05	-0.918076919398129	FALSE	down_in_cellobiose
YKR031C	2789.58152072592	0.303715239505223	0.071770122035433	4.23177822318984	2.31850964110675e-05	5.56976362948957e-05	0.294940442396548	FALSE	up_in_cellobiose
YDL185W	27402.3965480014	0.227217732910528	0.053709122720707	4.23052400412652	2.33147561412118e-05	5.59868836435847e-05	0.225217149072398	FALSE	up_in_cellobiose
YMR264W	3561.73454338579	-0.271765963781383	0.0642642605827737	-4.22888182820283	2.34855658066315e-05	5.63746776048865e-05	-0.268257743417374	FALSE	down_in_cellobiose
YGL258W-A	178.543480985421	-0.740412051867611	0.175097776433547	-4.22856341724369	2.35188226100571e-05	5.64321134344448e-05	-0.70024043914955	FALSE	down_in_cellobiose
YCR095C	1600.32645945268	-0.330658281438976	0.0782513931404552	-4.22558970733555	2.38315861962248e-05	5.71598988505011e-05	-0.324714420114103	FALSE	down_in_cellobiose
YMR190C	1348.17628048354	0.336234224749734	0.0795890368171615	4.22462990125334	2.39333769640197e-05	5.73812910247146e-05	0.330017901915161	FALSE	up_in_cellobiose
YMR244C-A	1963.44368490025	0.314890740187682	0.0746374155140652	4.2189394959468	2.45454125082601e-05	5.88253566808499e-05	0.309860591301131	FALSE	up_in_cellobiose
YGL121C	8767.02333510179	0.262853087615599	0.0623324826656961	4.21695200278388	2.47626655845411e-05	5.93225204439165e-05	0.259859085504271	FALSE	up_in_cellobiose
YKR001C	5696.47090813619	0.256045801888929	0.0607333608854881	4.21590042368477	2.48783525431931e-05	5.95760706784542e-05	0.25320819671024	FALSE	up_in_cellobiose
YOR320C	2719.7277056079	-0.310059179284864	0.0736415759746813	-4.21038218127577	2.54939049248591e-05	6.10259718601001e-05	-0.305179321471553	FALSE	down_in_cellobiose
YJL076W	5328.01355954246	-0.275880523607566	0.0655863510491115	-4.20637097802537	2.59504123424547e-05	6.20941630773372e-05	-0.272262708671107	FALSE	down_in_cellobiose
YNL262W	2654.46579765452	0.349566189006111	0.0831536347297904	4.20385940003746	2.62401969602293e-05	6.27627328637513e-05	0.344043057564703	FALSE	up_in_cellobiose
YBR296C-A	27.1342688879575	2.04401918724889	0.486803793203913	4.19885632730205	2.68266454825299e-05	6.41400705627762e-05	1.82151839142155	FALSE	up_in_cellobiose
YKR013W	4709.16816751801	-0.26822994174384	0.0639274768346717	-4.19584746692775	2.71853164322588e-05	6.49719395885949e-05	-0.265057563459225	FALSE	down_in_cellobiose
YLR380W	3997.43289652929	0.27115767238208	0.0646602813344082	4.19357396513192	2.74593484816302e-05	6.56009474586812e-05	0.268615595030558	FALSE	up_in_cellobiose
YOR336W	2118.09338426059	-0.299657785440416	0.0714628127907993	-4.1931988643889	2.75048121654634e-05	6.56836197350526e-05	-0.294969634401482	FALSE	down_in_cellobiose
YJL035C	715.696094914312	0.446739837479693	0.106550253326873	4.19276185209237	2.75578700378255e-05	6.57843551139726e-05	0.435827194015049	FALSE	up_in_cellobiose
YMR193W	1642.00767588851	0.342553577406314	0.0817328852293856	4.1911352626905	2.77562115015481e-05	6.62316857486644e-05	0.336409777585184	FALSE	up_in_cellobiose
YDR125C	623.15185882541	-0.439480039972773	0.104882581070202	-4.19020999949086	2.78696401741129e-05	6.64761251629372e-05	-0.427028512531188	FALSE	down_in_cellobiose
YGL140C	2930.86283773429	-0.289510598757109	0.0690986504273774	-4.18981553136677	2.79181321763834e-05	6.6565542583738e-05	-0.285087099857716	FALSE	down_in_cellobiose
YLR143W	1275.91052552506	-0.342391122708155	0.0817418181900884	-4.1886898320751	2.80569559757623e-05	6.6870183883919e-05	-0.335946738962579	FALSE	down_in_cellobiose
YDL195W	5381.13989951065	0.308816210537829	0.0737751520983046	4.18591086232306	2.84024801787515e-05	6.76670352899835e-05	0.302567798994517	FALSE	up_in_cellobiose
YMR099C	4406.80102056784	-0.272919836705428	0.0652232442109288	-4.18439530273622	2.85926186036219e-05	6.80932086351611e-05	-0.269272973741452	FALSE	down_in_cellobiose
YOL069W	770.348825079062	-0.455402815263449	0.108862481549957	-4.18328526761043	2.87326479400301e-05	6.83997589095797e-05	-0.441852050326596	FALSE	down_in_cellobiose
YDL171C	7366.86177250433	-0.320867412189037	0.0767257272530591	-4.1820054846889	2.889489976942e-05	6.87589491365938e-05	-0.315309659846905	FALSE	down_in_cellobiose
YNCG0047C	450.793765181496	-0.488849996304529	0.116935971776087	-4.18049287041112	2.90877932066908e-05	6.9190743652093e-05	-0.473028135979992	FALSE	down_in_cellobiose
YDL117W	1516.30145477415	-0.337208013158441	0.0806907919236544	-4.17901479362714	2.92774642895044e-05	6.96145367481181e-05	-0.331025623681094	FALSE	down_in_cellobiose
YGR247W	747.549767480571	-0.41882304192446	0.100238717833366	-4.17825617662729	2.93752681550038e-05	6.98196452139952e-05	-0.407873617405174	FALSE	down_in_cellobiose
YCR048W	9775.76369091929	-0.25252528132056	0.0604573425499754	-4.17691666007015	2.95487226111894e-05	7.0204329566019e-05	-0.249090843647664	FALSE	down_in_cellobiose
YAL011W	1757.89436804694	0.326711345477849	0.0782556670086413	4.17492250678501	2.98087506033014e-05	7.07943197484768e-05	0.321110613591462	FALSE	up_in_cellobiose
YLR051C	2416.66100541621	0.307026898117266	0.0735642417691175	4.17358883519625	2.99838670129917e-05	7.11688442917063e-05	0.303123296119661	FALSE	up_in_cellobiose
YBL067C	2770.48239963569	0.302158100599602	0.0723984735862588	4.1735424192279	2.99899791865696e-05	7.11688442917063e-05	0.297515225406243	FALSE	up_in_cellobiose
YMR115W	1853.92451116653	0.319248478684671	0.0765056402879716	4.17287506493641	3.00779891214963e-05	7.13497083121298e-05	0.314011078300786	FALSE	up_in_cellobiose
YBR281C	1682.45364249697	-0.319424399521474	0.0766029920021163	-4.16986844995101	3.04775511704022e-05	7.22691913091976e-05	-0.313962185303004	FALSE	down_in_cellobiose
YER178W	16662.1685000176	-0.231866613905066	0.0556219629671877	-4.16861616411934	3.06454564679003e-05	7.2638858218781e-05	-0.230021485912554	FALSE	down_in_cellobiose
Q0055	18.4706678421505	2.42575564318213	0.582871875263804	4.16173046964094	3.15845012017496e-05	7.48353496942356e-05	2.14804404080944	FALSE	up_in_cellobiose
YDR084C	1352.08416332996	-0.330362107483839	0.0794167879650618	-4.15985229255528	3.18453473636505e-05	7.5364830282755e-05	-0.324367690143417	FALSE	down_in_cellobiose
YOL063C	2105.61949604722	-0.296716156017761	0.0713278982477599	-4.15988923418306	3.18401971377261e-05	7.5364830282755e-05	-0.292279806966305	FALSE	down_in_cellobiose
YML051W	2481.52818869521	-0.289942572017625	0.069699188224671	-4.15991318411074	3.18368585756568e-05	7.5364830282755e-05	-0.285757464783445	FALSE	down_in_cellobiose
YLR002C	1940.49242427348	0.30677044038059	0.0738063618226521	4.15642273653487	3.23269426981601e-05	7.6474648565182e-05	0.302118443548969	FALSE	up_in_cellobiose
YDR050C	121833.042407834	-0.218743643730352	0.0526375082541136	-4.15566106728194	3.24348351143942e-05	7.66998896039759e-05	-0.216727303129938	FALSE	down_in_cellobiose
YJR036C	1094.6470486624	-0.35548511682654	0.0855500868021997	-4.15528645398638	3.24880254764655e-05	7.67956491235404e-05	-0.349023009145067	FALSE	down_in_cellobiose
YBR254C	703.266896359366	-0.413651837786637	0.0995641419472627	-4.1546266526933	3.25819105075253e-05	7.69874908828204e-05	-0.403275217479181	FALSE	down_in_cellobiose
YLR404W	700.262117197279	-0.410330518326329	0.098819785269364	-4.15231137375826	3.2913401482283e-05	7.77404004554198e-05	-0.400355002883055	FALSE	down_in_cellobiose
YLR316C	1840.40962367937	-0.318589287547849	0.0768826282438494	-4.14383970508106	3.41538518936014e-05	8.06388173709583e-05	-0.313038640017888	FALSE	down_in_cellobiose
YJL052W	253100.021960109	-0.847866566933722	0.204621920025419	-4.14357644004316	3.41931025022522e-05	8.06999910402355e-05	-0.792001646417421	FALSE	down_in_cellobiose
YLR370C	3955.92667739737	0.279494049498814	0.0675630862157862	4.1367863008234	3.52203834852483e-05	8.30920825671868e-05	0.275461336940396	FALSE	up_in_cellobiose
YOR168W	5939.75614514955	0.246544839573184	0.0596322025657686	4.13442450496891	3.55845201350548e-05	8.39184258467627e-05	0.243486690743679	FALSE	up_in_cellobiose
YMR226C	5614.47935683502	-0.256236405924507	0.0619873830478589	-4.1336864588504	3.5699041711022e-05	8.41556910794902e-05	-0.253229883007306	FALSE	down_in_cellobiose
YBR249C	15560.4456217373	-0.28005016126305	0.0677568349088809	-4.13316474477682	3.57802063922216e-05	8.43141676924614e-05	-0.276176603749261	FALSE	down_in_cellobiose
YOR386W	1886.60281315636	-0.331241125532657	0.0801579409733195	-4.13235571561038	3.59064162139278e-05	8.4578626042854e-05	-0.325167189763821	FALSE	down_in_cellobiose
YPR004C	5932.03698972201	0.250354174221764	0.0606095325147922	4.13060724665156	3.61806256451881e-05	8.51913602677084e-05	0.248114643266444	FALSE	up_in_cellobiose
YOR244W	2217.83168635339	0.296705467092628	0.0718928629467838	4.12705037650613	3.67445922127014e-05	8.6485618013475e-05	0.292268072235228	FALSE	up_in_cellobiose
YOR180C	576.950114208804	-0.441926324668845	0.107095381081736	-4.12647417848547	3.68367343253657e-05	8.66687693248297e-05	-0.428519759267818	FALSE	down_in_cellobiose
YIL051C	18307.0086596378	0.31853742081574	0.0772161054149388	4.12527178240867	3.70297212699128e-05	8.70889517736013e-05	0.314134366937627	FALSE	up_in_cellobiose
YKL090W	1139.46006213835	-0.36473322163529	0.0884401950776956	-4.12406622706867	3.72241787056142e-05	8.75122646678043e-05	-0.357234168546171	FALSE	down_in_cellobiose
YER038C	994.354825572295	-0.379721492664438	0.0920830608991209	-4.12368451870243	3.72859504998198e-05	8.7623432235202e-05	-0.370979287481576	FALSE	down_in_cellobiose
YDR137W	1740.97832108582	-0.311486296847417	0.0755692410232267	-4.12186615387178	3.75815545306398e-05	8.8283814895472e-05	-0.305767325526868	FALSE	down_in_cellobiose
YGR191W	5368.29393190923	-0.284569404226431	0.0690615291855168	-4.12051988397194	3.78018439432918e-05	8.87668299739798e-05	-0.280445438392137	FALSE	down_in_cellobiose
YLR077W	3891.89913419711	0.300648487010331	0.0730318872510561	4.11667421350916	3.84378805868223e-05	9.02253549358511e-05	0.296855887789132	FALSE	up_in_cellobiose
YBR197C	1483.27068052639	-0.322130937826147	0.0782548320880151	-4.11643510350694	3.8477760650525e-05	9.02839310221202e-05	-0.317269189536867	FALSE	down_in_cellobiose
YIL026C	3034.11841993582	0.277778504577086	0.067488999182755	4.11590789522427	3.85658301173338e-05	9.0455489096453e-05	0.273477783585361	FALSE	up_in_cellobiose
YBR084C-A	27206.0271888096	0.257211091961963	0.062502050052984	4.11524248794914	3.8677258707476e-05	9.06816813649312e-05	0.246500064950724	FALSE	up_in_cellobiose
YHL023C	2352.21549696546	-0.289767912780173	0.0704400498459418	-4.11368125681227	3.89399021219581e-05	9.12620952869914e-05	-0.285278398081612	FALSE	down_in_cellobiose
YOR341W	4791.84146009419	0.330258203388236	0.080290955972049	4.11326779448493	3.90097412276727e-05	9.13903658738157e-05	0.32578823334694	FALSE	up_in_cellobiose
YMR289W	1957.26796636651	0.326848939305585	0.0794830328518911	4.11218504853276	3.91931946922405e-05	9.17846049916233e-05	0.321021628740879	FALSE	up_in_cellobiose
YJL159W	88571.2086947858	-0.228135993863157	0.0554991366392714	-4.11062239302885	3.94594051434666e-05	9.23722684647174e-05	-0.225902545305073	FALSE	down_in_cellobiose
YPR154W	1765.91775665723	0.310542476531829	0.0755739378142087	4.10912128590239	3.97167457048027e-05	9.29387213804067e-05	0.305487738927175	FALSE	up_in_cellobiose
YDR101C	3565.07775038246	0.297411523664881	0.0724696826398611	4.10394406089607	4.06165711752807e-05	9.50075943694019e-05	0.293063419037695	FALSE	up_in_cellobiose
YGL001C	4357.61618858294	-0.354543213801362	0.086407227370114	-4.10316618866525	4.07534292280567e-05	9.52725765771817e-05	-0.347098769871756	FALSE	down_in_cellobiose
YNL037C	9345.47324466277	-0.261968076021629	0.0638460483433995	-4.10312122392633	4.0761353642213e-05	9.52725765771817e-05	-0.259189859800812	FALSE	down_in_cellobiose
YHR131C	2660.1250552454	0.279218856293226	0.0680726497456978	4.10177740012057	4.09988599908414e-05	9.57906929643105e-05	0.27600950251999	FALSE	up_in_cellobiose
YMR202W	7046.03958090025	-0.379527271129556	0.0925774740702443	-4.09956390516321	4.13929365599924e-05	9.66740823364456e-05	-0.371449966702601	FALSE	down_in_cellobiose
YBR126C	12771.5586913475	0.236721589559889	0.0577635062009852	4.0981167025462	4.16525275116646e-05	9.72428170274253e-05	0.234352254145934	FALSE	up_in_cellobiose
YOR056C	3532.27233495984	0.263557747640174	0.0643222315568452	4.09745963815409	4.17708971538216e-05	9.74815420075105e-05	0.260361316975596	FALSE	up_in_cellobiose
YNL192W	6557.46991663789	-0.243192148350049	0.0593613566228909	-4.09680913957195	4.18883983158079e-05	9.77180568501048e-05	-0.238402244091762	FALSE	down_in_cellobiose
YOL116W	898.599697755779	-0.392658465176314	0.0958785863256862	-4.09537186794253	4.21491291192089e-05	9.82883893762894e-05	-0.382910939816439	FALSE	down_in_cellobiose
YFR009W	4504.13450784411	-0.265170601270629	0.064769547051647	-4.09406292526924	4.23879191762678e-05	9.88071379950842e-05	-0.261483040485233	FALSE	down_in_cellobiose
YKL077W	3565.97159090001	-0.26844523592583	0.0656034831896994	-4.0919357155106	4.27787253061405e-05	9.96797031497857e-05	-0.264945996135622	FALSE	down_in_cellobiose
YLL032C	850.1487916943	-0.381905533727595	0.0934135932046892	-4.08832933865159	4.34491016841159e-05	0.000101202778624265	-0.372684494937251	FALSE	down_in_cellobiose
YGL118C	44.4097113057858	-1.40992490249796	0.344922312135793	-4.08765931599948	4.35747424701673e-05	0.000101456357660524	-1.2720609753236	FALSE	down_in_cellobiose
YLR466W	16614.5342012365	0.300162308698939	0.0734860846327115	4.0846142531497	4.41500989995857e-05	0.00010275642510523	0.295850513098798	FALSE	up_in_cellobiose
YHR118C	1001.6052431673	-0.387285811975605	0.094889094235023	-4.08145756999607	4.47541486672019e-05	0.000104122248187656	-0.376987474825465	FALSE	down_in_cellobiose
YAR071W	1426.41491563331	-0.365750780117845	0.0896385971516658	-4.08028228620095	4.49810420135963e-05	0.000104609889711743	-0.357349968578982	FALSE	down_in_cellobiose
YIL049W	733.834669111194	-0.408086876396669	0.100037491098	-4.07933937484391	4.51638632045732e-05	0.000104994699663514	-0.397190610429398	FALSE	down_in_cellobiose
YDR284C	4127.24188515125	-0.336899171643996	0.0826242176507727	-4.07748697927726	4.55250784836046e-05	0.000105793776314762	-0.330280770304018	FALSE	down_in_cellobiose
YPL245W	1749.33018345548	0.321259280407991	0.0789961503352141	4.06677134322055	4.76689740053729e-05	0.000110733342457181	0.315314045696239	FALSE	up_in_cellobiose
YER078C	2199.71468983191	-0.285114610880965	0.0701221168574513	-4.06597267251021	4.78325409607713e-05	0.000111070648856701	-0.281211004252588	FALSE	down_in_cellobiose
YDR056C	5786.26560807581	-0.352351677174504	0.086717346463712	-4.06322023843235	4.84003229772118e-05	0.000112345953065677	-0.344743676247275	FALSE	down_in_cellobiose
YKL009W	3948.2919592493	0.292900526330055	0.0721561191800955	4.05926108081007	4.92282481322736e-05	0.00011422388682475	0.288561620593137	FALSE	up_in_cellobiose
YNL090W	1161.43105059947	-0.341059157135152	0.0840856757544388	-4.05609105326299	4.99008129068103e-05	0.000115695675459293	-0.334219946720722	FALSE	down_in_cellobiose
YDR081C	2709.16768675678	-0.274659207471903	0.0677146130858026	-4.05612902378806	4.9892705648018e-05	0.000115695675459293	-0.270840814978565	FALSE	down_in_cellobiose
YBL078C	1735.65346813239	0.365387872061898	0.09009540539982	4.0555661017385	5.00130257330841e-05	0.00011591141481204	0.357808141303001	FALSE	up_in_cellobiose
YKR018C	5952.87997940643	0.247964354353905	0.0611471867861046	4.05520461998185	5.00904345255977e-05	0.000116046357121923	0.245139774798903	FALSE	up_in_cellobiose
YPR049C	2109.85179735362	0.30014085942777	0.0740469185293566	4.0533875735663	5.04812655262308e-05	0.000116907034903587	0.295585483502017	FALSE	up_in_cellobiose
NR_172474.1	325.170012163015	0.537943136368099	0.132777294087249	4.05146934245107	5.08969958680923e-05	0.000117824694988936	0.517093464151521	FALSE	up_in_cellobiose
YJL162C	1213.27138399733	-0.340254635354601	0.0839976253106188	-4.05076493646526	5.10504718492877e-05	0.000118134775905257	-0.333483619661787	FALSE	down_in_cellobiose
YPL216W	1589.73495838949	-0.327324546185092	0.0808315428407172	-4.04946552647279	5.13347388399216e-05	0.000118747164528752	-0.321037897200336	FALSE	down_in_cellobiose
YNL075W	2520.00292369959	0.291873240744857	0.0721113464879955	4.04753558156684	5.17597156837161e-05	0.000119684449606574	0.287468788831876	FALSE	up_in_cellobiose
YPR008W	6112.74058736744	0.265582320823876	0.0656215842470735	4.04717935220712	5.18385215601053e-05	0.000119820870048558	0.262980809312182	FALSE	up_in_cellobiose
YGR143W	6408.00136097059	0.238178684359229	0.0588836640131143	4.04490257783862	5.23448869233236e-05	0.000120945080595563	0.23549333307959	FALSE	up_in_cellobiose
YGL194C	831.483270654644	-0.379263925589335	0.0937983013355702	-4.04339865636256	5.26819329705267e-05	0.000121677362557738	-0.370182766111358	FALSE	down_in_cellobiose
YFR021W	1467.64129680238	-0.327792579104459	0.0811605464252797	-4.03881680868475	5.37214994953386e-05	0.000124031049789047	-0.321635125443293	FALSE	down_in_cellobiose
YBR278W	2834.15607854661	0.298173415274461	0.0738337407280456	4.03844383792951	5.38069721574394e-05	0.000124180989920012	0.293666508763386	FALSE	up_in_cellobiose
YGR120C	1170.48749523772	-0.33961981436575	0.0841189663676789	-4.0373750300413	5.40526221036074e-05	0.000124700347484638	-0.332620549779542	FALSE	down_in_cellobiose
YBR012W-A	2918.71649466	14.1352721728525	3.5020723836879	4.0362592842719	5.4310193423284e-05	0.000125246801379125	0.0450450324623453	FALSE	up_in_cellobiose
YPL032C	2448.24068665206	-0.346972491654773	0.0859893826614351	-4.03506201481761	5.45878778153563e-05	0.00012583920461322	-0.339790137523286	FALSE	down_in_cellobiose
YOR074C	1788.09800351513	0.343636717172547	0.085166631001014	4.03487508116242	5.46313548181011e-05	0.000125891453445597	0.336722211059155	FALSE	up_in_cellobiose
YGR079W	9533.23477001279	0.826571223678084	0.204863666035105	4.03473802688099	5.46632517247962e-05	0.000125916987693561	0.772818888611138	FALSE	up_in_cellobiose
YER171W	2181.05526503986	-0.293432522842384	0.0727561323223148	-4.03309677791086	5.50465960604305e-05	0.000126751754689587	-0.290002049954588	FALSE	down_in_cellobiose
YLR116W	1598.85526747253	0.33656410743523	0.0834611673964368	4.03258327117048	5.51670572855484e-05	0.000126980795099042	0.33016049276609	FALSE	up_in_cellobiose
YBR118W	282039.748602638	-0.2150769701729	0.0533839903930908	-4.02886649329114	5.60464341734319e-05	0.000128955831234344	-0.209363742962636	FALSE	down_in_cellobiose
YMR165C	2098.55217920172	0.287054021227202	0.0713283226491847	4.02440448009727	5.71196718317683e-05	0.000131375245213067	0.282341592658525	FALSE	up_in_cellobiose
YGR061C	12342.7753646754	-0.26448318320782	0.0657365341479789	-4.02338192355021	5.73683519805014e-05	0.000131897058582308	-0.261058354087798	FALSE	down_in_cellobiose
YER002W	3696.92608695613	0.269906160174521	0.0672070182629231	4.01604128781032	5.91838915636756e-05	0.000136019513703903	0.266290017178402	FALSE	up_in_cellobiose
YMR171C	4193.62065460615	-0.250481404182306	0.062375079049607	-4.01572884553938	5.92623616332377e-05	0.000136148129707351	-0.248491963694733	FALSE	down_in_cellobiose
YKL122C	2895.64103992798	0.29150333850291	0.0726708176279321	4.01128469470895	6.03892350093699e-05	0.000138684313808534	0.285824004920969	FALSE	up_in_cellobiose
YKL069W	1869.73572622801	0.294454961899495	0.0734319168815169	4.00990433593884	6.07433528225927e-05	0.00013944460767509	0.289857946245572	FALSE	up_in_cellobiose
YHR066W	2889.46650941262	0.318033470525695	0.0793627939065761	4.00733712701793	6.14071804674062e-05	0.000140915035905668	0.312472937551415	FALSE	up_in_cellobiose
YGL086W	1921.79692932781	0.315797031022022	0.0788122107122667	4.00695562487083	6.15064133520011e-05	0.000141089228049395	0.309847016420745	FALSE	up_in_cellobiose
YDR329C	3861.29342191903	0.256840151423347	0.0641067511105132	4.00644467195947	6.16395556527127e-05	0.000141341043268862	0.253500878403313	FALSE	up_in_cellobiose
YLR141W	899.825366394882	0.372463772350462	0.0929989939415753	4.00503012521248	6.20095780607828e-05	0.000142135633834663	0.363765801172621	FALSE	up_in_cellobiose
YDL154W	529.703022539858	-0.449278110857096	0.112210082871018	-4.00390142634088	6.23063347150348e-05	0.00014276174950426	-0.435288156978588	FALSE	down_in_cellobiose
YOL096C	1498.09887428389	0.312474701510778	0.0781979829798339	3.99594324052272	6.44371725072177e-05	0.000147588207685028	0.306875059225605	FALSE	up_in_cellobiose
YHR057C	2779.86671047084	0.273540036543777	0.0684595399710028	3.99564526229127	6.45182818833921e-05	0.000147718049626283	0.269809761463205	FALSE	up_in_cellobiose
YLR264C-A	1082.03327410933	0.341828185481215	0.0856037961255722	3.99314283889685	6.52032626855718e-05	0.000149229866055628	0.334919915117947	FALSE	up_in_cellobiose
YGR173W	2004.49788358244	0.290064012307179	0.0726630924398677	3.99190293954556	6.55452011731037e-05	0.000149955719325304	0.285587554606932	FALSE	up_in_cellobiose
YHL006C	400.981065640281	0.495165465173946	0.124055452208652	3.99148490741958	6.56608677981755e-05	0.000150163549834088	0.477426178970724	FALSE	up_in_cellobiose
YOR123C	4972.42664373508	0.242332498087218	0.0607599323962662	3.98836023231174	6.65315826389438e-05	0.00015209733310014	0.239719805202376	FALSE	up_in_cellobiose
YJL206C	1070.6810309952	-0.350097390998141	0.0877925021732256	-3.98778235420782	6.66938054500108e-05	0.000152410589031778	-0.342815906571082	FALSE	down_in_cellobiose
YLR312W-A	1839.40035582759	0.304595846273824	0.0763916020914873	3.98729491114792	6.68309321593026e-05	0.000152666279694721	0.299650871733541	FALSE	up_in_cellobiose
YEL015W	3481.7051544335	-0.256328280252721	0.0644246828887583	-3.97872785334964	6.9284992430987e-05	0.000158212502534934	-0.253027385129754	FALSE	down_in_cellobiose
YER162C	2585.80312427137	-0.270527249013732	0.0680134923521874	-3.977552683413	6.962819910884e-05	0.000158936217512971	-0.266760107179858	FALSE	down_in_cellobiose
YDL236W	3124.09266898563	-0.263417017743428	0.0662663757004678	-3.97512335568351	7.03427865630956e-05	0.000160506795895951	-0.259820951973354	FALSE	down_in_cellobiose
YML078W	3914.10602103732	0.257411232734795	0.0647578923767553	3.97497854373025	7.03856014102922e-05	0.000160543930215256	0.254616300082951	FALSE	up_in_cellobiose
YPR159W	5681.12524416122	-0.247561320896037	0.0623380646153264	-3.97127056195408	7.14903312029377e-05	0.000163002266659092	-0.24416421823879	FALSE	down_in_cellobiose
YHR003C	2284.89326303344	-0.277293949186691	0.0698671103182067	-3.96887674220055	7.22122196646307e-05	0.000164586178127864	-0.274731488473333	FALSE	down_in_cellobiose
YGL130W	2676.40520616066	-0.268641173570047	0.0676897976067306	-3.96870995435411	7.22627728646246e-05	0.000164639364616992	-0.26488420212563	FALSE	down_in_cellobiose
YER032W	1635.92725613424	-0.309229791558167	0.0779964317644262	-3.96466587717934	7.34988229016749e-05	0.000167368259090541	-0.303836764216475	FALSE	down_in_cellobiose
YJL186W	1922.60980724987	-0.29969793589634	0.0755932847567404	-3.96461057170316	7.35158645071199e-05	0.000167368259090541	-0.294821935654017	FALSE	down_in_cellobiose
YDR307W	1578.23708772709	-0.302687516472027	0.0763868953441028	-3.96255817321152	7.41509314108185e-05	0.000168750558353665	-0.297449041197544	FALSE	down_in_cellobiose
YDR532C	1366.99580023998	0.328083483856834	0.0828040162957156	3.96216872724094	7.42720205672458e-05	0.000168962562020034	0.321676298242036	FALSE	up_in_cellobiose
YMR209C	1686.92641467277	-0.299620435191359	0.0756378049579745	-3.96125238374954	7.45576743314342e-05	0.000169548636101822	-0.29443996453613	FALSE	down_in_cellobiose
YNCA0003W	160.299405290342	0.74426381912636	0.188507623625553	3.9481894939419	7.87444651696522e-05	0.000179002356186105	0.69847701049666	FALSE	up_in_cellobiose
YNL307C	4283.38668322755	-0.249290681453412	0.0631444552896401	-3.94794254396415	7.88257156810475e-05	0.000179119742357121	-0.245910852405828	FALSE	down_in_cellobiose
YOR034C	2661.94003729405	0.308876630373266	0.078251871920137	3.94721075412102	7.90669519747384e-05	0.000179600447801424	0.303296790763852	FALSE	up_in_cellobiose
YML121W	3433.09859005041	-0.281522293499522	0.0713592717072729	-3.94513966810607	7.97534789552273e-05	0.000181091889714778	-0.277447136165743	FALSE	down_in_cellobiose
YLR043C	6326.32900261465	0.251400011841776	0.0637601850573745	3.94289965776533	8.05023427966357e-05	0.000182723704156416	0.248540982427711	FALSE	up_in_cellobiose
YOR193W	1154.71974952401	-0.340983432213731	0.0865666380121816	-3.93897048613286	8.18319948261461e-05	0.000185672069281079	-0.333686525625275	FALSE	down_in_cellobiose
YJL078C	10998.4635322825	-0.256513885695971	0.0651261990578739	-3.93872035228131	8.191734039468e-05	0.000185796022514968	-0.252742648977214	FALSE	down_in_cellobiose
YPL263C	2160.33309588183	-0.305933229918017	0.077745842660558	-3.93504294826073	8.31818199338615e-05	0.000188593264160393	-0.300561768514555	FALSE	down_in_cellobiose
YLR203C	2396.7178715159	0.282023481655224	0.0716734069750334	3.93484129690478	8.32516887509618e-05	0.000188680953636031	0.277873669361971	FALSE	up_in_cellobiose
YPL221W	8800.22770120719	0.285452909087478	0.0725771442066814	3.9330964618087	8.38585653780548e-05	0.000189985191749758	0.281699864573617	FALSE	up_in_cellobiose
YOL034W	1783.28586788798	0.310560163955541	0.0789735021846731	3.93246032358197	8.40808607728509e-05	0.000190417494127658	0.305399206394718	FALSE	up_in_cellobiose
YLR085C	1578.09302862293	-0.330300904778794	0.0839959556629519	-3.9323429583227	8.41219342894053e-05	0.000190439214265199	-0.323601566300452	FALSE	down_in_cellobiose
YLR108C	668.609084861421	-0.395124710008954	0.100498215066472	-3.93165898267553	8.43616780540393e-05	0.000190910508996964	-0.384724451861171	FALSE	down_in_cellobiose
YPR033C	7811.18266149936	-0.257406312597806	0.0654717553242352	-3.93156272232286	8.43954705414473e-05	0.000190915557705765	-0.254501383542352	FALSE	down_in_cellobiose
YER057C	5778.55368776514	0.248285104288854	0.063205907061911	3.92819462341795	8.55859379660979e-05	0.000193536201404458	0.245586929665502	FALSE	up_in_cellobiose
YGR103W	5059.64506720273	0.262703724470671	0.0668868981736309	3.9275812101306	8.58044522363388e-05	0.000193957821964729	0.26101311698381	FALSE	up_in_cellobiose
YDR386W	1450.56100587746	-0.326999073157426	0.0832652924616777	-3.92719539546354	8.59421597118068e-05	0.000194196534963287	-0.321735765025155	FALSE	down_in_cellobiose
YKL006C-A	1391.67639419548	0.309642338748057	0.0788663749629777	3.92616420994895	8.6311242815916e-05	0.000194957695217877	0.304393116564356	FALSE	up_in_cellobiose
YLR299W	1997.5845084694	0.290696530079621	0.0740478867167068	3.92579103832863	8.64451775040675e-05	0.000195187338082159	0.286065789118558	FALSE	up_in_cellobiose
YPR107C	1030.79467454909	-0.355664735515263	0.0906638313621816	-3.92289549395351	8.74911081452889e-05	0.000197475266108527	-0.347697876429675	FALSE	down_in_cellobiose
YML006C	1398.72264406111	-0.32431527412412	0.0826858747076808	-3.9222572811943	8.77232463997249e-05	0.00019792537018722	-0.317912189650173	FALSE	down_in_cellobiose
YOL086W-A	792.098445528071	0.450083214016383	0.114798462960981	3.9206379807486	8.83148514380752e-05	0.000199111642321624	0.435378379789146	FALSE	up_in_cellobiose
YNR049C	1616.84094133469	0.305172546022794	0.0778358073029229	3.92072179369988	8.82841384359487e-05	0.000199111642321624	0.300012395128751	FALSE	up_in_cellobiose
YDR249C	723.72230663732	-0.426858578489274	0.108919531154207	-3.91902695472434	8.89071724450228e-05	0.000200372386780903	-0.413939786445633	FALSE	down_in_cellobiose
YJL177W	13757.2432967859	0.255428810811829	0.0652220677969908	3.91629427645369	8.99204784129243e-05	0.00020258062343381	0.25229462790829	FALSE	up_in_cellobiose
YDL213C	2678.79155708787	0.310705188874333	0.0793576124716316	3.91525373807588	9.03091812217867e-05	0.000203380579750777	0.305684309177035	FALSE	up_in_cellobiose
YDL220C	877.775742280341	0.396397472519876	0.101262098108704	3.91456902358815	9.05658279629839e-05	0.000203882654762966	0.386021521913809	FALSE	up_in_cellobiose
YPR127W	4026.43627046941	0.266185226624745	0.0680043083935405	3.91424062552527	9.06891634161116e-05	0.000204084356214308	0.261739441672525	FALSE	up_in_cellobiose
YDL124W	12776.1397546887	0.241123418653177	0.0616900879140449	3.90862498022605	9.28229239571498e-05	0.000208808429533953	0.238452158301558	FALSE	up_in_cellobiose
YCR047C	2873.79520768406	0.261641218036621	0.0669610183025992	3.90736617615723	9.3307690561311e-05	0.000209820899704599	0.258292277227816	FALSE	up_in_cellobiose
YKR062W	2078.882411428	-0.279431634845188	0.0715218297021383	-3.90694192261183	9.34716089889204e-05	0.000210111394564838	-0.275191228714791	FALSE	down_in_cellobiose
YDR229W	3318.16413636983	0.266520127010398	0.0682852402195164	3.90304150873038	9.49914040229508e-05	0.000213448366617693	0.260206652617929	FALSE	up_in_cellobiose
YFL045C	10108.1506815343	0.290045226893272	0.0743214238080664	3.90257898775336	9.51731649158312e-05	0.000213777376374253	0.285924159433748	FALSE	up_in_cellobiose
YHR115C	1882.60326310397	-0.301973198689076	0.0774063199205412	-3.90114397634529	9.57391862171431e-05	0.000214968944850593	-0.296766125150066	FALSE	down_in_cellobiose
YER120W	6121.63477638325	0.23282820644484	0.0596931248792012	3.90041913396234	9.60262975602006e-05	0.000215533608141615	0.230865990635621	FALSE	up_in_cellobiose
YGL084C	1964.89483348567	-0.314685750857875	0.0807008595554261	-3.8994101499222	9.64273116745579e-05	0.000216353415548739	-0.308750806057768	FALSE	down_in_cellobiose
YOR319W	1515.1673318395	-0.366193744121738	0.0939378012989559	-3.89825756040777	9.68873355719308e-05	0.000217304965841531	-0.357119580123825	FALSE	down_in_cellobiose
YOL066C	2428.0926757204	-0.277943250462951	0.0713042798562771	-3.89798832585058	9.69950911707495e-05	0.000217466014266814	-0.273696578691675	FALSE	down_in_cellobiose
YPL006W	3064.71373723557	-0.258623971005971	0.0663602693705678	-3.89727126575945	9.72826319997282e-05	0.000218029878090536	-0.255255904503776	FALSE	down_in_cellobiose
YNL088W	4101.92625329204	-0.249111924248937	0.0639299152779825	-3.89664092570338	9.75360626458992e-05	0.000218516904794461	-0.245144233191904	FALSE	down_in_cellobiose
YBR287W	2647.778180427	-0.278645656796686	0.0715176208297276	-3.89618185789622	9.77210247776636e-05	0.000218850232832317	-0.275169054630781	FALSE	down_in_cellobiose
YKL210W	12413.4495969805	0.223250579996358	0.0573342953670231	3.89384012774953	9.86696911324491e-05	0.000220893028001549	0.2206595528965	FALSE	up_in_cellobiose
YHR143W-A	1322.92333743171	0.371254052726694	0.0954181453039672	3.89081187382143	9.99093728619868e-05	0.000223585570270869	0.361013303500342	FALSE	up_in_cellobiose
YGL083W	1479.5485133552	-0.336511001668091	0.0865309883338621	-3.88890740932869	0.000100696522358769	0.000225263780971965	-0.329341193997421	FALSE	down_in_cellobiose
YBL026W	1386.89030769666	0.306868260635226	0.0789327986214425	3.88771544902329	0.000101192155700643	0.000226288853912455	0.301370459906544	FALSE	up_in_cellobiose
YHL033C	13797.5586809307	-0.253134185658533	0.0651140715992807	-3.88754964082648	0.00010126128317259	0.000226359756803769	-0.252740513752241	FALSE	down_in_cellobiose
YPL138C	1787.43418003661	-0.300358436517548	0.0772650146695672	-3.8873795313709	0.000101332250214832	0.000226434717971748	-0.294173294095471	FALSE	down_in_cellobiose
YML067C	2726.85383448148	-0.27335504928096	0.0703529993554277	-3.88547825658368	0.000102128633956781	0.000228130024669338	-0.269601879463693	FALSE	down_in_cellobiose
YGR169C	796.195338642824	0.376310445932709	0.0969146053805974	3.88290747772108	0.000103214849420695	0.000230471252914648	0.366828976984742	FALSE	up_in_cellobiose
YNL284C	3224.97728390647	-0.262599925607035	0.0676683332566009	-3.88069149880264	0.00010415989457224	0.000232495646593167	-0.258869215625669	FALSE	down_in_cellobiose
YOR213C	1439.48565863874	-0.322919189469703	0.0832460251987608	-3.87909439157834	0.000104846067772199	0.000233940931004807	-0.317629796263956	FALSE	down_in_cellobiose
YHL049C	3220.92719719002	0.305554339453575	0.0788105183414887	3.8770756224391	0.000105719506443893	0.000235802837197312	0.300102307797451	FALSE	up_in_cellobiose
YNL042W-B	73.9793380154629	-1.05077086067691	0.271054071630513	-3.87660976408154	0.000105922037057463	0.000236167490660006	-0.956663708625005	FALSE	down_in_cellobiose
YOL002C	7140.03343944589	-0.732774313336542	0.189046159453296	-3.87616609327403	0.000106115262039013	0.000236511134883563	-0.685482749000317	FALSE	down_in_cellobiose
YHR191C	667.022652869491	-0.398214336413268	0.102784550318024	-3.87426257332605	0.000106948053308131	0.000238279474939553	-0.387483576952389	FALSE	down_in_cellobiose
YOR191W	2896.95259971748	0.303278053860619	0.0782885677357103	3.87384854049747	0.000107130007700476	0.000238596986958828	0.297784639653766	FALSE	up_in_cellobiose
YPL141C	2016.84082764152	-0.298032311906836	0.0769917985429197	-3.870961810831	0.000108406776002937	0.000241351707045184	-0.294050144512829	FALSE	down_in_cellobiose
YGL150C	3675.85658955215	0.283553183799425	0.0732772741959367	3.8695924065247	0.000109017456363592	0.000242621999096162	0.279100367197016	FALSE	up_in_cellobiose
YNR003C	1192.14154350239	-0.319648961273475	0.0826097798087553	-3.86938401256454	0.000109110672866628	0.000242740147175517	-0.313422905575853	FALSE	down_in_cellobiose
YDL180W	2129.40539943449	-0.285172234351002	0.0737291702756495	-3.8678345800561	0.000109806109848529	0.000244197484732998	-0.28025846546501	FALSE	down_in_cellobiose
YKL039W	2967.92390832015	-0.259920033929732	0.0672182216916894	-3.86680913877653	0.000110268659391536	0.000245136023763102	-0.256386623275624	FALSE	down_in_cellobiose
YKL145W	11890.9430722023	0.231474871873109	0.0598733185684159	3.86607720112604	0.000110599940795721	0.000245782160864555	0.22966451201103	FALSE	up_in_cellobiose
YMR022W	3299.13674384066	-0.256591879232198	0.0663938252769931	-3.86469491947036	0.000111228136108154	0.000247087401879627	-0.252972332912851	FALSE	down_in_cellobiose
YML008C	9343.34989454124	0.341587702680443	0.0884447067564616	3.86216106319429	0.000112388428565552	0.000249573276208893	0.332699256762239	FALSE	up_in_cellobiose
YBR088C	2974.71154065325	0.261713953416264	0.0677975937211174	3.86022481111665	0.000113282754344552	0.00025146692881842	0.257419702945869	FALSE	up_in_cellobiose
YFL062W	308.519341837935	-0.540751697953041	0.140343874744665	-3.85304808590227	0.000116656469416724	0.000258860962399767	-0.516802736323633	FALSE	down_in_cellobiose
YHR080C	2417.48097623666	0.297440989551752	0.0772065689693006	3.85253474571604	0.000116901382157727	0.000259309299843084	0.292091561365494	FALSE	up_in_cellobiose
YKR048C	10236.610192383	0.217836397934849	0.056555359813221	3.85173745961961	0.000117282726059444	0.000260059827688262	0.215415748709631	FALSE	up_in_cellobiose
YER128W	1004.73353796461	-0.334993179093743	0.0869838592027911	-3.85121081271815	0.000117535265612745	0.000260524302561926	-0.327945569771788	FALSE	down_in_cellobiose
YNL021W	1872.31829606625	-0.297281686798662	0.0772265454689991	-3.84947539726478	0.000118371071811246	0.000262259463641926	-0.291625917784802	FALSE	down_in_cellobiose
YMR297W	29056.0351140937	-0.296699397516459	0.0770766779603022	-3.84940562266153	0.000118404793388345	0.000262259463641926	-0.28903668979913	FALSE	down_in_cellobiose
YHR196W	3297.58328473352	0.253592013849795	0.0658996685971577	3.84815309770363	0.000119011672920361	0.000263507177706905	0.249521922773324	FALSE	up_in_cellobiose
YER144C	1517.78175183941	-0.29709235183334	0.0772100610747928	-3.84784505668955	0.000119161375192399	0.000263742099721486	-0.291845329190949	FALSE	down_in_cellobiose
YKL006W	16530.3892138289	0.279466205736796	0.072662204192479	3.8461014063997	0.000120012109795164	0.000265527890325877	0.275115348732259	FALSE	up_in_cellobiose
YOR231W	2171.16428991846	-0.271884875391226	0.0706966667625132	-3.84579482798745	0.000120162281460318	0.000265762939873296	-0.26808157180781	FALSE	down_in_cellobiose
YPL077C	772.374275537512	-0.388083685996203	0.100913665665103	-3.84570001930282	0.000120208757565961	0.000265763202036288	-0.377995915025814	FALSE	down_in_cellobiose
YBR123C	2007.09344202349	-0.276109455608036	0.0717985106120062	-3.84561536520042	0.000120250270122883	0.000265763202036288	-0.273361775798377	FALSE	down_in_cellobiose
YPL203W	2504.0060925918	0.264907932583145	0.0690021930627319	3.83912337890926	0.00012347437527274	0.0002727890781683	0.260255560859427	FALSE	up_in_cellobiose
YDR022C	1226.29976357852	-0.323032635063054	0.084181427819677	-3.83733851313397	0.000124374970444835	0.000274678421402265	-0.316505220269799	FALSE	down_in_cellobiose
YDL178W	2083.58832117607	0.274829320430605	0.071631337394839	3.83671910124641	0.000124688953673165	0.000275271343346341	0.270159961682726	FALSE	up_in_cellobiose
YAL036C	2506.0985119024	0.266710093872459	0.0695623212544515	3.83411722125922	0.000126016040008258	0.000278099608175831	0.262872723406047	FALSE	up_in_cellobiose
YCR009C	4163.42826381928	-0.250657826235185	0.0653787200816384	-3.83393596451855	0.000126108984129952	0.000278203225748389	-0.246363031204312	FALSE	down_in_cellobiose
YPR134W	1307.11450077223	-0.321768740414874	0.0840074353427939	-3.83024120545867	0.000128017709347613	0.000282311018535805	-0.315248354321576	FALSE	down_in_cellobiose
YPL085W	3101.29568007562	0.307275180139336	0.0802300214703602	3.82992768178248	0.00012818092387249	0.00028246499399078	0.297557622617074	FALSE	up_in_cellobiose
YDR471W	14974.4920757336	0.253533753026891	0.0661974468775282	3.82996270983009	0.000128162679203518	0.00028246499399078	0.250162217673635	FALSE	up_in_cellobiose
YHR012W	2074.50231619861	-0.28131872114571	0.0735385599600509	-3.82545866139524	0.000130528837252777	0.000287534208500381	-0.276789861369307	FALSE	down_in_cellobiose
YDR130C	1248.38344390543	-0.324999998668972	0.0849781595174285	-3.82451209245496	0.000131031315160087	0.000288431013611123	-0.318142684586195	FALSE	down_in_cellobiose
YGR121C	2047.2421752899	0.279980497444598	0.0732057469037616	3.82456991816051	0.000131000566685471	0.000288431013611123	0.275628741363598	FALSE	up_in_cellobiose
YPL106C	18457.0124443611	0.229477844663416	0.0600300120678306	3.82271861621681	0.000131988368963511	0.000290432027595589	0.227691782390639	FALSE	up_in_cellobiose
YDR332W	1376.73022858497	0.301437705596823	0.078922727129257	3.81940306121377	0.000133775018718082	0.000294256395718429	0.295439653910869	FALSE	up_in_cellobiose
YJR124C	1890.53471584284	-0.279422722109285	0.0731869875656417	-3.81792899808411	0.000134576641326185	0.000295912069568191	-0.274584946500361	FALSE	down_in_cellobiose
YMR172W	2568.17612272679	-0.264411642540016	0.0692778242115932	-3.81668514490917	0.000135256590058698	0.000297299096389921	-0.260527638491421	FALSE	down_in_cellobiose
YNR046W	1494.01283996207	0.315206455263736	0.0826453987796097	3.81396254260078	0.000136756204822517	0.00030041706385906	0.308943035670154	FALSE	up_in_cellobiose
YKR085C	1733.63933108467	0.28979881753183	0.0759843120753607	3.81392960752753	0.000136774441042793	0.00030041706385906	0.28496549470056	FALSE	up_in_cellobiose
YBL040C	3403.34891975001	-0.250696043293142	0.0657885677504126	-3.81063233120119	0.00013861178997388	0.000304342184229401	-0.247412075995377	FALSE	down_in_cellobiose
YLL011W	2907.21676796484	0.270170958122351	0.0709010866021303	3.81053339335189	0.000138667278980647	0.000304353545193734	0.266770317539092	FALSE	up_in_cellobiose
YOL115W	1977.8931716244	-0.275575973010663	0.0723251005085927	-3.81023975179851	0.000138832090230032	0.000304604756547502	-0.271340492828995	FALSE	down_in_cellobiose
YJR122W	1650.03974030968	-0.295822794565124	0.0776430560560288	-3.81003543126448	0.000138946877400557	0.000304746070121816	-0.290559160677007	FALSE	down_in_cellobiose
YNCE0017W	4761.32806421535	0.354328670653169	0.0930256365992836	3.80893572574485	0.000139566228387373	0.000305993517765574	0.345649699085737	FALSE	up_in_cellobiose
YPL011C	1854.55024375382	-0.284676669833916	0.0747752092454757	-3.80709960836573	0.000140606123410424	0.000308161753807846	-0.27989594369548	FALSE	down_in_cellobiose
YJR066W	2292.41456302089	0.279094105504224	0.0733161302134434	3.806721722651	0.000140821044601318	0.00030852100644454	0.274880188632472	FALSE	up_in_cellobiose
YNR066C	865.089915340872	-0.370744981542568	0.0974446203210379	-3.80467367332464	0.0001419912585458	0.000310972166163485	-0.361143217681021	FALSE	down_in_cellobiose
YDR091C	4245.63711191614	0.256976905308519	0.0675443302456765	3.80456663607184	0.000142052668601958	0.000310994061662411	0.252908765870189	FALSE	up_in_cellobiose
YNR009W	1125.97110482181	-0.368435167860186	0.0968808450586854	-3.80297227627409	0.000142970360644733	0.000312889910108534	-0.358842204351983	FALSE	down_in_cellobiose
YNL108C	1426.4810945985	-0.315726111622522	0.0830483581497222	-3.80171406945001	0.000143698506109693	0.000314369715536177	-0.309463775045877	FALSE	down_in_cellobiose
YDR058C	1908.30568042078	-0.323470950581558	0.0851003540205758	-3.80105293690492	0.000144082512903258	0.000315095849801811	-0.316530640100001	FALSE	down_in_cellobiose
YHR132C	4271.87193307202	-0.238335359807074	0.062733801469853	-3.79915379305695	0.000145190978077146	0.000317405213729185	-0.234684564392102	FALSE	down_in_cellobiose
YML055W	2202.13260555872	0.271944294045527	0.0715820835078633	3.7990553043298	0.000145248681029657	0.000317416644345518	0.267824855646103	FALSE	up_in_cellobiose
YPL015C	2859.98605851965	0.255567071012951	0.0672864643235837	3.79819438548468	0.000145753999683685	0.000318405902523153	0.252119514981431	FALSE	up_in_cellobiose
YGR110W	793.588349906129	-0.375866055094842	0.098985791410348	-3.79717179344135	0.00014635636372899	0.000319491030024057	-0.365942976168015	FALSE	down_in_cellobiose
YIL122W	1621.96270292126	0.298432420241321	0.0785922493975632	3.79722456767568	0.000146325219467635	0.000319491030024057	0.293033502637323	FALSE	up_in_cellobiose
YMR183C	3800.64074166291	-0.259990725498905	0.0684755180651158	-3.79684203705726	0.000146551108022304	0.000319800740413751	-0.25616102843606	FALSE	down_in_cellobiose
YLR441C	33329.3626576716	0.224529058650705	0.0591402285368999	3.79655378758999	0.000146721539404468	0.000320057191438019	0.218793847657959	FALSE	up_in_cellobiose
YNL030W	21257.1216985008	-0.244898053423516	0.0645107313647923	-3.79623743588765	0.000146908801410613	0.000320350158519394	-0.241815580447627	FALSE	down_in_cellobiose
YAL063C	1247.07364780254	0.333096640060388	0.0877514698291708	3.79590952389562	0.000147103143957853	0.000320658348757137	0.325881156961346	FALSE	up_in_cellobiose
YAR023C	474.823564789046	-0.435723727821012	0.114843572225138	-3.79406282283544	0.000148202150512109	0.000322937611112302	-0.421143979939728	FALSE	down_in_cellobiose
YLR211C	1491.28879093911	-0.314174338443059	0.0828220898237486	-3.79336405434401	0.00014862001319112	0.00032373153035401	-0.307945010617943	FALSE	down_in_cellobiose
YJR143C	3749.32122705626	-0.250459494873662	0.066032613851157	-3.79296653981044	0.000148858221139499	0.00032413368598734	-0.246683600270692	FALSE	down_in_cellobiose
YCR011C	3854.73553002327	-0.24438724585162	0.064459810585013	-3.79131188307339	0.000149853630838232	0.000326183739813049	-0.24095636413122	FALSE	down_in_cellobiose
YML003W	549.918385273628	-0.426039291922887	0.11242355547038	-3.78959098153708	0.000150895538005062	0.000328255961013207	-0.412461106413414	FALSE	down_in_cellobiose
YDL012C	1890.59210263453	-0.281176892566789	0.07419776171518	-3.78956030568862	0.000150914172190069	0.000328255961013207	-0.276448344279036	FALSE	down_in_cellobiose
YKL037W	211.209557396461	-0.607645505835966	0.160406673791539	-3.78815601292032	0.000151769539548246	0.000329997823410258	-0.575127231557711	FALSE	down_in_cellobiose
YNL131W	3387.30582727949	0.271536058374388	0.0717022971584487	3.78699245540689	0.000152481728175643	0.000331427227356977	0.267114999647507	FALSE	up_in_cellobiose
YLR210W	1146.51358359599	-0.330588728362047	0.0873031706137241	-3.78667494018915	0.000152676618118195	0.000331731631823622	-0.32343717749878	FALSE	down_in_cellobiose
YIL095W	1647.90739293215	-0.296863709286198	0.0784595819724475	-3.78365142692765	0.000154544225854637	0.00033566894872341	-0.291523195450221	FALSE	down_in_cellobiose
YDR335W	4735.92734490515	0.236241393200204	0.0624531286641054	3.78269909376025	0.000155136916060171	0.000336835321338109	0.2341316171613	FALSE	up_in_cellobiose
YIR043C	266.44475542253	-0.60049386718052	0.158869281133293	-3.77979847895641	0.000156955339914488	0.000340661231124054	-0.56848990217323	FALSE	down_in_cellobiose
YNL330C	3531.75103065262	-0.242400055197485	0.0642137547773381	-3.77489302779459	0.00016007634105339	0.000347310540542309	-0.237599540518051	FALSE	down_in_cellobiose
YPL070W	2647.64753112828	-0.258985931622073	0.0687040870208761	-3.76958552033998	0.000163518872902304	0.000354652442519195	-0.255234786212793	FALSE	down_in_cellobiose
YHR125W	110.673841606366	-0.815862301387983	0.216445806677213	-3.76936062616674	0.000163666269998531	0.00035484489864556	-0.754595239473352	FALSE	down_in_cellobiose
YAL010C	1359.77776826153	-0.333733506447659	0.0885457961841842	-3.76904969890902	0.000163870259634338	0.000355159871203193	-0.325779631239668	FALSE	down_in_cellobiose
YCR027C	841.825562474821	-0.353001865674471	0.0936974625932481	-3.76746451722918	0.000164913971559219	0.000357190244701906	-0.344343099379384	FALSE	down_in_cellobiose
YDL215C	8991.47313400127	0.23724917563736	0.0629734513455953	3.7674475603274	0.000164925170020239	0.000357190244701906	0.233804643657725	FALSE	up_in_cellobiose
YML016C	3082.40903249894	-0.259847753119737	0.0690168028146523	-3.76499261806678	0.000166554002680439	0.00036058881969004	-0.256701386996516	FALSE	down_in_cellobiose
YOR353C	2310.19845088384	0.269715016030124	0.0716670121169131	3.76344719925156	0.000167587123794165	0.000362695710851845	0.266264093373383	FALSE	up_in_cellobiose
YPL063W	4106.43823910999	0.236822753255627	0.0629485685017101	3.76216264948412	0.000168450437336658	0.000364433725124979	0.23387526320607	FALSE	up_in_cellobiose
YAR015W	9851.51336785225	-0.269654704711526	0.0717058066003041	-3.76056999420718	0.000169526630129542	0.000366630885110331	-0.265679393996288	FALSE	down_in_cellobiose
YMR294W	1570.4772595045	0.2966353163254	0.0788947341453746	3.75988739348317	0.00016998985580881	0.000367501300138488	0.291249510034792	FALSE	up_in_cellobiose
YGR245C	2761.93913275947	0.276477767987308	0.0735360817310527	3.75975659130826	0.000170078756444673	0.000367562128522268	0.272683172609625	FALSE	up_in_cellobiose
YGR170W	2605.72110512001	-0.254412881594373	0.0676955610560244	-3.75819149181469	0.000171145885311568	0.000369736235803456	-0.250271900312105	FALSE	down_in_cellobiose
YKL149C	1336.53482042696	-0.30338700307894	0.0807302994563008	-3.75803143456892	0.000171255371082255	0.000369840678213696	-0.297572933848248	FALSE	down_in_cellobiose
YKL160W	3330.73822172725	0.274389555232747	0.0730704734255565	3.75513586226169	0.000173247474218065	0.000374009268931148	0.270456320019291	FALSE	up_in_cellobiose
YJR136C	1162.43164742868	0.320752402625488	0.0855327717766027	3.75005271036042	0.000176797403184052	0.000381400674700547	0.313910500218589	FALSE	up_in_cellobiose
YLR410W	4106.12758306689	-0.235801667971369	0.062879121687278	-3.75007890765557	0.000176778933636313	0.000381400674700547	-0.231592715267376	FALSE	down_in_cellobiose
YGL238W	4226.06079709588	-0.234773238679618	0.0626227339586088	-3.74900972600134	0.000177534201205048	0.000382853612509568	-0.231684291275259	FALSE	down_in_cellobiose
YBR290W	3371.19725634464	-0.264062951775536	0.0704485021892169	-3.74831179613006	0.000178028852998389	0.000383783510971937	-0.260767347980163	FALSE	down_in_cellobiose
YER102W	27814.8459996412	0.22683214377245	0.0605217554889261	3.74794389125006	0.00017829012375731	0.000384209817815451	0.222835533656713	FALSE	up_in_cellobiose
YHR114W	2394.94980821204	0.257647440041023	0.0687894182874112	3.74545164729462	0.000180069528163392	0.000387906187984458	0.253979815305366	FALSE	up_in_cellobiose
YNL181W	1488.62361774495	0.290206006038721	0.0775267781368996	3.74330022493988	0.000181619009178171	0.000391104801181472	0.285076597929057	FALSE	up_in_cellobiose
YNL270C	426.051761849414	0.4496416300305	0.12015174779768	3.74228122580153	0.000182357271691025	0.000392554852832388	0.433584049004266	FALSE	up_in_cellobiose
YPL161C	2218.61919372686	-0.265169554864381	0.0708882067420378	-3.74067234948309	0.000183528645257332	0.000394935885863252	-0.262052997867357	FALSE	down_in_cellobiose
YBR015C	3703.93099311665	0.239545299897199	0.0640812634794846	3.73814882682344	0.000185380203178229	0.000398778395812628	0.235929637251856	FALSE	up_in_cellobiose
YGR037C	6160.79620566458	0.285962757598379	0.0765195189436378	3.73712173764464	0.000186138814675742	0.000400267931025085	0.282605997636644	FALSE	up_in_cellobiose
YDR385W	62075.5665703234	0.218316726622271	0.0584360731041521	3.73599242771088	0.000186976294561279	0.000401925943781513	0.216433454106811	FALSE	up_in_cellobiose
YML119W	2068.54669048926	-0.266940732749978	0.071460076469186	-3.73552262940951	0.000187325732280437	0.000402534051355013	-0.262825218570823	FALSE	down_in_cellobiose
YGR153W	367.346802563614	-0.477212566530322	0.127798512607368	-3.73410110019394	0.000188386813480562	0.000404670395860767	-0.458342002737776	FALSE	down_in_cellobiose
YLR442C	2024.37809571792	0.284097759211619	0.0760987919553251	3.73327554763816	0.000189005626383771	0.000405855532124753	0.279284816293139	FALSE	up_in_cellobiose
YBR180W	467.327365798508	-0.565483370110943	0.151560532058175	-3.73107274322506	0.000190666154835721	0.000409130745158311	-0.536891388022363	FALSE	down_in_cellobiose
YDR538W	648.873951857713	-0.380359103930861	0.101942662082193	-3.73110821477458	0.000190639307225854	0.000409130745158311	-0.3700186493506	FALSE	down_in_cellobiose
YBR074W	2106.99518798876	-0.283599002263771	0.0760644006068167	-3.72840645559962	0.000192694410436048	0.000413336343520444	-0.278726676491429	FALSE	down_in_cellobiose
YPL029W	1628.70939575982	0.284953609256457	0.0764498814441243	3.72732571815333	0.000193522292476395	0.000414965029134956	0.280073450738306	FALSE	up_in_cellobiose
YPL081W	5430.55878120063	0.28276352331173	0.0758725150916578	3.72682417302415	0.000193907627762453	0.000415643954760835	0.276256215067321	FALSE	up_in_cellobiose
YLR087C	1401.15605729382	0.32498588557656	0.0872474770493851	3.72487430659579	0.000195412564044956	0.000418453749592454	0.318689205649693	FALSE	up_in_cellobiose
YOR138C	4900.63659800339	-0.255403573779791	0.0685644234321717	-3.7250159921851	0.000195302840256147	0.000418453749592454	-0.252023804817836	FALSE	down_in_cellobiose
YDR234W	5383.06031041128	0.230301304938002	0.0618282277345627	3.72485696867648	0.000195425994808842	0.000418453749592454	0.227826270761263	FALSE	up_in_cellobiose
YPL065W	1408.70280261726	0.296296909784915	0.0795708653759474	3.72368590419376	0.000196335166744182	0.000420251742263113	0.290767901686542	FALSE	up_in_cellobiose
YDR344C	58.7826282642042	-1.106950312451	0.297514495234611	-3.72066010289043	0.000198702724274916	0.000425169005708867	-0.994907980820835	FALSE	down_in_cellobiose
YBR094W	2186.8623482305	0.264753261226467	0.0711594983676866	3.72056109584228	0.000198780644329243	0.000425185331523194	0.26076208314123	FALSE	up_in_cellobiose
YOL142W	2820.29722237668	-0.253452257161851	0.0681390064573364	-3.71963535042949	0.000199510610545939	0.000426595858321805	-0.250057707855696	FALSE	down_in_cellobiose
YGL254W	987.625095142356	0.332174655682066	0.0893111636161577	3.71929602339176	0.000199778805952895	0.000427018373572106	0.325148916551656	FALSE	up_in_cellobiose
YIL138C	2864.93549814013	-0.272148379923556	0.0731930069756334	-3.71822925671241	0.000200624158964847	0.00042867380345403	-0.267346018937122	FALSE	down_in_cellobiose
YEL068C	1096.52264315244	-0.36293446458596	0.0976448639415989	-3.7168822807007	0.00020169636317321	0.00043081260622696	-0.353471593957588	FALSE	down_in_cellobiose
YKL024C	3418.91076494006	0.318676511279015	0.0857572851382715	3.71602844895561	0.000202378805643383	0.000432117682787443	0.311247567038242	FALSE	up_in_cellobiose
YNL190W	8592.37580721204	-0.21719250404422	0.0584518937135832	-3.71574794665289	0.000202603475799386	0.00043244475127399	-0.214195380886901	FALSE	down_in_cellobiose
YDR398W	4618.77633483839	0.286308651500749	0.0770589593698124	3.71544923318689	0.00020284298991177	0.0004328032613673	0.281244421197882	FALSE	up_in_cellobiose
YCR072C	1660.75227506604	0.295213589005651	0.079478072067694	3.7144029960139	0.000203683981664514	0.000434444430567223	0.289730265272463	FALSE	up_in_cellobiose
YOR208W	1933.35362975161	0.273810513026417	0.0737256519570746	3.71391104395846	0.00020408055625047	0.000435136864560837	0.269450520960246	FALSE	up_in_cellobiose
YHR028C	4702.71810967638	-0.237162424798948	0.0638595254992626	-3.71381439095858	0.000204158555798567	0.00043514979000195	-0.234261697038022	FALSE	down_in_cellobiose
YHR100C	918.92878596749	0.339764874497572	0.0915270668614722	3.71217920718263	0.000205482410798864	0.000437663064409271	0.331853920410464	FALSE	up_in_cellobiose
YLL015W	2641.34452393842	0.268440365327119	0.072312637276884	3.71221926672741	0.000205449882211746	0.000437663064409271	0.264245258564441	FALSE	up_in_cellobiose
YPL132W	1100.2275641177	0.314895579844742	0.0848613915536001	3.71070488098051	0.0002066829432088	0.000440065161376287	0.308322732212709	FALSE	up_in_cellobiose
YDR142C	1592.29040200028	0.285998012445974	0.0771141185861857	3.70876329379725	0.000208274015531394	0.000443296805049052	0.281024625687849	FALSE	up_in_cellobiose
YEL007W	2427.49077756272	0.265391998919136	0.0715807120878547	3.70759093026913	0.00020924029491469	0.000445196814610959	0.261157956150592	FALSE	up_in_cellobiose
YKL089W	1156.12820694861	-0.312415655602559	0.0843392179903958	-3.70427498673435	0.000211996190380845	0.00045090188312719	-0.30544406521097	FALSE	down_in_cellobiose
YDL176W	1917.33651369623	-0.293435370753066	0.0792589621942289	-3.70223584348713	0.000213707819361151	0.000454382635963305	-0.288006339612171	FALSE	down_in_cellobiose
YHR056C	6589.016112212	0.217258357153947	0.058694642746061	3.70150233461515	0.000214326683972879	0.000455538338493306	0.215430387997525	FALSE	up_in_cellobiose
YLR010C	760.633154215669	0.362961970302081	0.0980863818713722	3.70043183750074	0.000215232887803219	0.000457143166545531	0.353214064666513	FALSE	up_in_cellobiose
YDR221W	1569.66748398227	-0.292090088698267	0.078933577051683	-3.70045422503806	0.0002152138993884	0.000457143166545531	-0.28658967832528	FALSE	down_in_cellobiose
YLR032W	2017.29725075524	0.282634595087153	0.0764132430961007	3.69876455487826	0.000216651454677027	0.00045999461191342	0.27781031039208	FALSE	up_in_cellobiose
YER026C	2981.76330356652	-0.318561480072675	0.0861679170211894	-3.69698480693619	0.000218175394194728	0.000463067705082074	-0.311368456931683	FALSE	down_in_cellobiose
YFL047W	2889.18004832238	-0.246886130660579	0.0667893135685367	-3.69649151143368	0.000218599564881348	0.000463805250076209	-0.243136215889449	FALSE	down_in_cellobiose
YOL087C	4297.20488031647	0.239935058375312	0.064911484344212	3.69634219274646	0.000218728112322519	0.000463915270490504	0.237050717213327	FALSE	up_in_cellobiose
YDR387C	2197.22877579141	-0.267764755504518	0.0724533509525692	-3.69568490599983	0.000219294810273454	0.000464954191147607	-0.264774245124466	FALSE	down_in_cellobiose
YNL274C	1855.83007817318	0.285949554592143	0.0774507739240499	3.69201674953632	0.00022248280866469	0.00047154818136395	0.281002343242224	FALSE	up_in_cellobiose
YNL024C-A	1549.39254149673	0.295165286784036	0.0799545299746845	3.69166433568545	0.000222791371929103	0.000472036780665199	0.290068123010875	FALSE	up_in_cellobiose
YJL005W	3567.81419572899	0.242813115564818	0.0658244110640976	3.68880042585379	0.000225313866930573	0.000477214139027673	0.239450683890319	FALSE	up_in_cellobiose
YHR188C	3540.3890871634	-0.249783430937597	0.0677343643243183	-3.68769137245624	0.000226297888484681	0.000479130531131899	-0.246151849136081	FALSE	down_in_cellobiose
YBR070C	1011.44845305008	-0.356675837995377	0.0968293798679793	-3.683549749897	0.000230008367909071	0.000486816171267309	-0.347571910714688	FALSE	down_in_cellobiose
YPL225W	7142.16481359261	0.234302225925662	0.0636368476367885	3.68186411845787	0.000231534811328569	0.000489875506724908	0.230592997786625	FALSE	up_in_cellobiose
YAL008W	2970.7543257872	0.271178680276575	0.0736670857132141	3.68113761595338	0.000232195631544687	0.000491101879445388	0.266832965555844	FALSE	up_in_cellobiose
YNL067W	11939.6564882003	0.239854928273171	0.0651722158877216	3.68032489007881	0.000232936977111274	0.000492497649264627	0.236796242886936	FALSE	up_in_cellobiose
YOL112W	3663.59427705268	-0.241117950290319	0.0655273264572797	-3.67965493674635	0.00023354975916751	0.000493620717401911	-0.237531907587996	FALSE	down_in_cellobiose
YKL176C	4943.53561282712	-0.226374282781763	0.0615267657678208	-3.67928136570701	0.000233892107675293	0.000494171623935679	-0.224000092551155	FALSE	down_in_cellobiose
YMR073C	1507.99250386137	0.304974037259226	0.0829460392894528	3.67677637017692	0.000236199933720154	0.00049887339353115	0.299080872991257	FALSE	up_in_cellobiose
YDR448W	806.020424728039	-0.34985952125053	0.095171759158673	-3.67608547265828	0.000236840199594843	0.000500051088080001	-0.341301848527291	FALSE	down_in_cellobiose
YGR127W	742.832693318462	-0.353824634349258	0.0963301715930405	-3.67304063200506	0.000239681354176272	0.000505696725292038	-0.344548313214542	FALSE	down_in_cellobiose
YER118C	1322.92545078267	-0.298317813290283	0.0812168954106116	-3.67310042795978	0.000239625251788134	0.000505696725292038	-0.292549072505358	FALSE	down_in_cellobiose
YOR242C	542.540374662378	0.402925224465379	0.109738551831097	3.67168344890807	0.00024095802364081	0.00050821307008482	0.390341232236022	FALSE	up_in_cellobiose
YKL157W	7844.76254105291	0.221654514379858	0.0603710360117512	3.67153736332623	0.000241095822499641	0.00050832646577216	0.219059038522053	FALSE	up_in_cellobiose
YOR297C	909.139528933079	-0.344266012224782	0.0937896944256887	-3.67061663152714	0.000241966028524836	0.000509983451758445	-0.335402865382674	FALSE	down_in_cellobiose
YML108W	651.348971320421	-0.370189923091583	0.100858349326665	-3.6703944250822	0.000242176482170288	0.000510249230459099	-0.360203515059443	FALSE	down_in_cellobiose
YDR514C	1226.68292224391	0.321799510803584	0.0877307687994721	3.66803477510982	0.000244421946253088	0.000514800958525393	0.314861220374984	FALSE	up_in_cellobiose
YMR271C	2317.86264549579	-0.277730198864626	0.0757585290216886	-3.66599249551316	0.000246381150162387	0.00051874680728586	-0.272751622483266	FALSE	down_in_cellobiose
YNL036W	2866.82333942286	-0.265750061776042	0.0725558004745275	-3.66269905421745	0.000249571681826092	0.000525281525179551	-0.260689175119503	FALSE	down_in_cellobiose
YBR292C	60.0156021257677	1.07589159386961	0.293818417799267	3.66175681541056	0.000250491583156898	0.000527034290962113	0.966935355066682	FALSE	up_in_cellobiose
YGL206C	4044.14718165057	0.264475861296846	0.0722361113143431	3.66126936354522	0.000250968726304068	0.000527759238605228	0.261659802593446	FALSE	up_in_cellobiose
YPR019W	3805.14544902314	0.25700670277588	0.0701968852166189	3.66122659121966	0.000251010634727598	0.000527759238605228	0.253296316597245	FALSE	up_in_cellobiose
YGR133W	1013.36490735856	-0.321826461579309	0.0879500807657546	-3.65919461104827	0.000253009152932277	0.000531776360697478	-0.314686550936281	FALSE	down_in_cellobiose
YML097C	2220.76156569072	-0.255782340677089	0.0699240818669398	-3.65800070373213	0.000254190349115826	0.000534073435846347	-0.252349647277171	FALSE	down_in_cellobiose
YOR367W	2313.83117345202	0.255666868891502	0.0699174624043768	3.65669548206454	0.000255487590704272	0.000536612651447966	0.251915781163635	FALSE	up_in_cellobiose
YJR012C	738.507786206709	0.360172454581211	0.0985588951023381	3.65438811187187	0.00025779605428211	0.000541273284398641	0.350773499978323	FALSE	up_in_cellobiose
YBR004C	1197.22519688898	-0.310179844855935	0.0848925914442575	-3.65379168639947	0.000258395935644418	0.000542344557499336	-0.303506064465844	FALSE	down_in_cellobiose
YBR163W	1749.7762702981	-0.272540269566072	0.0746166528643689	-3.6525394681194	0.000259659671081981	0.000544807960587895	-0.267525300990206	FALSE	down_in_cellobiose
YKR067W	2584.53017703847	0.265393599693599	0.0726706742328653	3.65200409236846	0.000260201737390231	0.000545756001897887	0.261204327893624	FALSE	up_in_cellobiose
YOL060C	4250.18056741523	-0.228344006457485	0.0625316696859922	-3.65165375567504	0.00026055702634572	0.000546311768584146	-0.224547510219306	FALSE	down_in_cellobiose
YFR019W	2000.81082677918	0.305909005306107	0.0838049080559949	3.65025166666506	0.00026198349277977	0.000549112317333621	0.300450733543585	FALSE	up_in_cellobiose
YDR337W	1836.31071515616	0.267152373841931	0.0732032965073148	3.64945824284342	0.000262793952130457	0.000550620234304514	0.262938990952811	FALSE	up_in_cellobiose
YBR049C	4340.46052967528	0.228029049300873	0.062605352577984	3.64232513532817	0.000270186510428052	0.000565913504701969	0.225292409956139	FALSE	up_in_cellobiose
YHR105W	600.390282511217	-0.395532986924938	0.108611575481523	-3.64172037070052	0.000270822154380658	0.000567048533004014	-0.382931608708438	FALSE	down_in_cellobiose
YJR083C	1205.8176999925	-0.317264511959921	0.0871471073431386	-3.64056274077697	0.000272042804305255	0.000569407239876294	-0.309602333748495	FALSE	down_in_cellobiose
YDR259C	505.524881482119	-0.488694453069928	0.134262106455856	-3.63985390941715	0.000272792767025994	0.000570779469989705	-0.467118984274984	FALSE	down_in_cellobiose
YBR048W	11375.3369301556	0.254010247554556	0.0697914548894052	3.63956085966502	0.000273103387381515	0.000571231808530699	0.247805872945151	FALSE	up_in_cellobiose
YPL112C	2326.36776287045	-0.266633797064878	0.0732656235071939	-3.63927561523716	0.000273406052770532	0.000571667201247477	-0.261438936031509	FALSE	down_in_cellobiose
YDR252W	273.091049778401	-0.525239364753331	0.144330018975122	-3.63915537795271	0.000273533727567105	0.000571736530080655	-0.499947558012961	FALSE	down_in_cellobiose
YKL061W	1198.29153955816	0.334598673272062	0.0919496089503877	3.63893525042176	0.000273767616326754	0.000572027741333518	0.325960657710758	FALSE	up_in_cellobiose
YJL165C	3858.27537659638	0.232701005659061	0.0639524363455206	3.63865739847392	0.00027406310574614	0.000572447419426243	0.229235397672572	FALSE	up_in_cellobiose
YGR119C	4904.85268585223	-0.225401019387406	0.0619971190680514	-3.63566925005005	0.000277259885229891	0.000578924765535247	-0.22320718936931	FALSE	down_in_cellobiose
YBR218C	11867.9401238904	-0.243833072049582	0.0671385298102663	-3.63179045979492	0.000281461624546353	0.000587495295680086	-0.240619504469731	FALSE	down_in_cellobiose
YBL023C	2149.36414126	0.257564234174225	0.0709883249750724	3.62826189045409	0.000285335741409178	0.000595376302098695	0.252999326234713	FALSE	up_in_cellobiose
YOL086C	93720.8809040963	0.217218978347048	0.0598783189407095	3.62767329126482	0.000285986823113467	0.000596529066556332	0.215553809184562	FALSE	up_in_cellobiose
YMR187C	1157.70097335736	-0.307441335672667	0.0848056870797318	-3.62524432333907	0.000288688389149298	0.000601752995483596	-0.300128001262515	FALSE	down_in_cellobiose
YLR109W	25976.0280126666	-0.273545127213659	0.0754556733451481	-3.62524267674895	0.000288690228615208	0.000601752995483596	-0.266736220699346	FALSE	down_in_cellobiose
YGR213C	328.826665926234	-0.489430405801421	0.135039683959931	-3.62434501806629	0.000289694672205548	0.00060363867453371	-0.468131380607657	FALSE	down_in_cellobiose
YJR063W	1595.24022775286	0.280402755972492	0.0774241023789269	3.62164684325499	0.000292733565485461	0.000609760791191995	0.27544355227155	FALSE	up_in_cellobiose
YLR084C	2104.86551250945	-0.300144973332975	0.082894012610038	-3.62082813803405	0.000293661543346898	0.000611483193013902	-0.294168446987893	FALSE	down_in_cellobiose
YPR143W	2916.55810364365	0.247036089704355	0.0682799806470911	3.61798710783436	0.000296903181996543	0.000618020422538571	0.243844721577598	FALSE	up_in_cellobiose
YBR022W	1515.81737087466	0.280840951068158	0.0776393970618693	3.61724796554462	0.000297752026762877	0.000619574134808615	0.275456570850159	FALSE	up_in_cellobiose
YJL148W	2299.93732866237	0.268116943944572	0.0741246784031575	3.61710768559841	0.000297913383273265	0.0006196967178198	0.26282059458012	FALSE	up_in_cellobiose
YEL064C	1235.35595348435	-0.302229439347334	0.083568180023278	-3.61656122298162	0.000298542731197394	0.000620792361984543	-0.296055357256897	FALSE	down_in_cellobiose
YPR088C	5712.31999262277	0.230396221311496	0.063728120449886	3.61529917538794	0.000300000962990759	0.000623610249185946	0.228306456741201	FALSE	up_in_cellobiose
YMR246W	27603.3737849965	-0.315505114373034	0.0872863531782535	-3.61459842100081	0.000300813526614368	0.000625084514768228	-0.308861920843154	FALSE	down_in_cellobiose
YDR174W	7272.53692244003	0.224371023386506	0.062099401863365	3.61309475862878	0.000302564068149592	0.000628506197883545	0.221604372198661	FALSE	up_in_cellobiose
YOL125W	2336.35510864948	-0.287431133156466	0.0796268492741048	-3.60972631438704	0.000306520242860715	0.000636505646778052	-0.283235738991769	FALSE	down_in_cellobiose
YBL048W	961.468298097823	0.359217267075142	0.0995339479496841	3.6089924540794	0.000307388549833897	0.000638089683577639	0.348729402061222	FALSE	up_in_cellobiose
YDL157C	2513.10856043991	0.250339748666777	0.0693724298448165	3.60863457178561	0.000307812832818448	0.000638751226661678	0.24377529856593	FALSE	up_in_cellobiose
YMR200W	4155.85746707397	-0.236961209372201	0.0657049629960747	-3.6064430838559	0.000310422907583358	0.000643946559661088	-0.23282732310394	FALSE	down_in_cellobiose
YHL007C	4682.09348100711	0.223741038290487	0.0620539101881023	3.60559129331684	0.000311442975977842	0.000645841125022272	0.221751630988379	FALSE	up_in_cellobiose
YOR196C	3959.04634995785	0.252088762321047	0.0699220226097298	3.60528418532859	0.000311811524643245	0.000646383794574019	0.248071349454099	FALSE	up_in_cellobiose
YNCO0024C	102.168592139388	-0.888438244416697	0.246619253236303	-3.60246912095474	0.000315208853690618	0.000653202588549005	-0.808533278956563	FALSE	down_in_cellobiose
YMR153W	2660.99933216407	-0.263096236131081	0.0730684495571943	-3.60068179529583	0.000317383819809411	0.000657484495214769	-0.258835779358532	FALSE	down_in_cellobiose
YGR145W	2672.10395450694	0.268100706485626	0.0744621018005627	3.60049877726658	0.00031760732248978	0.000657722250510333	0.264301985304173	FALSE	up_in_cellobiose
YIR003W	3153.25375243381	0.234922994168812	0.0653034457531729	3.59740579473784	0.00032140684634351	0.000665362769860333	0.231491877378479	FALSE	up_in_cellobiose
YGR177C	1530.45616782571	-0.413598158312176	0.115065865107698	-3.59444704061505	0.000325081258464389	0.00067273914897403	-0.400935145778344	FALSE	down_in_cellobiose
YCL005W	1335.51785650518	-0.304972112496706	0.0849183811065996	-3.59135570559063	0.000328962292313762	0.000680537929618997	-0.298558152801727	FALSE	down_in_cellobiose
YDR023W	10029.7256396079	0.207946978622691	0.0579043971630685	3.5912122189456	0.00032914348221377	0.000680679973986699	0.207018180984044	FALSE	up_in_cellobiose
YBL039C	3357.0713774352	0.312122437110727	0.0869587438563028	3.58931630413731	0.000331546363236961	0.000685414884217491	0.304622246895686	FALSE	up_in_cellobiose
YOR109W	3003.58868269489	-0.239456883775251	0.0667868368329798	-3.58539040221479	0.00033657432970849	0.000695571616128	-0.236216566178483	FALSE	down_in_cellobiose
YIL144W	2731.41468704175	0.245068987488782	0.0683839105432933	3.58372291876509	0.000338731414435163	0.000699790411857343	0.241599626268118	FALSE	up_in_cellobiose
YDR223W	1541.26280598547	0.277073978826952	0.0773279347418063	3.58310330868252	0.000339536243348709	0.000701213634693185	0.272206142815637	FALSE	up_in_cellobiose
YLR410W-B	2148.44944900984	-0.25425316468145	0.0710492665763464	-3.57854735077723	0.000345509276931258	0.000713305671043407	-0.25034004231585	FALSE	down_in_cellobiose
YGR018C	720.51337742551	-0.358236156351254	0.100146190871899	-3.57713212287313	0.000347384611164102	0.000716932621266344	-0.348328232223811	FALSE	down_in_cellobiose
YFR045W	1046.81374572441	0.319957619179296	0.0895036587686848	3.57479932754707	0.000350496619934128	0.000723108476801343	0.312823495314431	FALSE	up_in_cellobiose
YIL139C	1580.77164178198	0.273464103750609	0.0765191035291604	3.57380171928433	0.000351835398522084	0.000725623022727613	0.268757992270991	FALSE	up_in_cellobiose
YML098W	2236.7740523319	-0.251092979598111	0.0702976333519039	-3.57185537585826	0.000354461147852057	0.000730789189964925	-0.248348168240159	FALSE	down_in_cellobiose
YIL029C	583.981249214141	-0.412691263244567	0.11556177668552	-3.5711744409021	0.000355384094631476	0.000732442381065007	-0.398607315331969	FALSE	down_in_cellobiose
YIL118W	3512.56766943205	-0.274844529447276	0.0769719008119297	-3.57071251389284	0.000356011474533455	0.000733485493682858	-0.270102474171952	FALSE	down_in_cellobiose
YDR496C	4193.82067274343	0.242165063477938	0.0679097490655924	3.5659837771457	0.000362493796074067	0.000746586643667699	0.235827345039262	FALSE	up_in_cellobiose
YML001W	4478.02518517339	-0.225628433580731	0.0632752904283348	-3.56582217249996	0.000362717267782144	0.000746792631999385	-0.222613656883307	FALSE	down_in_cellobiose
YKL212W	5494.92755385049	-0.218471812897976	0.0612838585856562	-3.56491607969852	0.000363972627646471	0.000749122294873598	-0.215885857941158	FALSE	down_in_cellobiose
YGL226W	930.866941273716	0.321654060385816	0.090335662479147	3.56065424837136	0.000369931925535521	0.000761128645430056	0.314422142145544	FALSE	up_in_cellobiose
YNL098C	6874.17528187252	0.227048029283131	0.0637705458801792	3.56039024206786	0.000370304068320292	0.000761635263267408	0.224264261231575	FALSE	up_in_cellobiose
YMR255W	2676.09159658513	0.255006219842307	0.071708801617229	3.55613556622369	0.000376349928990938	0.000773807178948397	0.250877156703292	FALSE	up_in_cellobiose
YIL030C	3653.16432209642	0.237931227365666	0.0669207227368152	3.55541927276246	0.000377376806150467	0.000775654876114229	0.234283362807103	FALSE	up_in_cellobiose
YIL159W	929.674863304404	0.326002409812524	0.0917591273979036	3.55280634261973	0.000381144942574631	0.000783133749196312	0.319040598486963	FALSE	up_in_cellobiose
YOR062C	2405.5410781773	-0.244954032338156	0.069018168884843	-3.54912389441775	0.000386515177485521	0.000793710119944691	-0.241688474138587	FALSE	down_in_cellobiose
YDR002W	10372.1306513585	-0.204568894757742	0.0576397039986073	-3.54909689964204	0.000386554804654829	0.000793710119944691	-0.20237582274934	FALSE	down_in_cellobiose
YAR008W	1182.76356197436	0.316471952710736	0.0892039909374976	3.54773311580284	0.000388561728977277	0.000797505961477674	0.309499717779189	FALSE	up_in_cellobiose
YOR358W	1577.10120910407	0.307753411711068	0.0867482418095976	3.54766166196833	0.000388667147369182	0.000797505961477674	0.301128761169158	FALSE	up_in_cellobiose
YJR010C-A	484.385738747242	-0.417962859519694	0.117856947187326	-3.54635742308317	0.000390596039939876	0.000801192080568434	-0.40277724794799	FALSE	down_in_cellobiose
YIL098C	1064.66499866726	0.305908429905368	0.0863864644312317	3.54116159191684	0.000398369518920789	0.00081686007455995	0.299497055089506	FALSE	up_in_cellobiose
YGL065C	1520.75094040694	-0.271992452028551	0.0768287576137985	-3.54024274863064	0.000399759150561401	0.000819431752540128	-0.267913534329509	FALSE	down_in_cellobiose
YKL180W	20681.925324772	0.226372983886988	0.0639684505713816	3.53882237048061	0.000401916202970527	0.000823574224853901	0.214802766875567	FALSE	up_in_cellobiose
YKL209C	1339.96084094191	-0.283971710437348	0.0802516462574679	-3.53851570254763	0.000402383348206511	0.000824252242905921	-0.278494496226501	FALSE	down_in_cellobiose
YBL019W	1563.56100404282	0.276798075895056	0.0782381029607352	3.53789349971805	0.000403332704666554	0.000825917241207848	0.271689142593178	FALSE	up_in_cellobiose
YGL190C	2519.38864697026	0.244481414322302	0.0691188183999724	3.53711796558142	0.000404518943351219	0.00082806601973994	0.23923163560247	FALSE	up_in_cellobiose
YCL024W	2104.33448901736	0.260729015981363	0.0738406098380286	3.53097051274738	0.000414037902392652	0.00084726497685154	0.256366738085586	FALSE	up_in_cellobiose
YJR097W	653.620902563592	-0.358604401120861	0.101587371230411	-3.53000965353761	0.000415544504521085	0.000849781682542173	-0.348561215204284	FALSE	down_in_cellobiose
YMR093W	2947.87494089822	0.252704340690706	0.071587490602336	3.53000696859822	0.000415548721600223	0.000849781682542173	0.248828734777998	FALSE	up_in_cellobiose
YOR112W	1644.11425362078	-0.269668461667648	0.0764351593129178	-3.52806828809832	0.000418604150623499	0.000855667126041885	-0.264768111430672	FALSE	down_in_cellobiose
YAL026C	3429.73237309769	-0.232972350005863	0.0660352169789022	-3.52800158255399	0.000418709653345012	0.000855667126041885	-0.229706487985751	FALSE	down_in_cellobiose
YIL016W	1551.70476210997	-0.279045823849211	0.0791217160029165	-3.52679185874741	0.000420627288786455	0.000859295666960239	-0.273857137527085	FALSE	down_in_cellobiose
YNR008W	1241.08680431964	-0.289403335884907	0.0820689535747202	-3.52634368149239	0.000421339812159681	0.000860460676486802	-0.283522905646505	FALSE	down_in_cellobiose
YGL115W	1895.75446449959	-0.256549214145954	0.0727616341465218	-3.52588582094424	0.000422068894054702	0.0008616587040624	-0.25249583648846	FALSE	down_in_cellobiose
YLR351C	5037.20453823163	-0.218959767065462	0.0621052512977205	-3.52562404128778	0.000422486272430284	0.000862219791474625	-0.216095280551357	FALSE	down_in_cellobiose
YPL128C	1471.74802300257	0.28182937522123	0.0799889354771607	3.52335449321864	0.000426121002332284	0.00086934433157099	0.276482727150806	FALSE	up_in_cellobiose
YDR122W	5250.94802731588	0.216680266795013	0.0615006725725983	3.52321784024774	0.00042634078427426	0.000869499461926836	0.214308019335303	FALSE	up_in_cellobiose
YBL016W	2184.7209456219	-0.281695900196748	0.0799896413078927	-3.52165474917504	0.00042886227851918	0.000874347125973213	-0.276543526638031	FALSE	down_in_cellobiose
YML039W	310.755685311572	-9.57576099845986	2.7193539200034	-3.52133678813234	0.000429376897414729	0.000875101365384669	-0.125843912675188	FALSE	down_in_cellobiose
YDL065C	2163.22707134284	0.255398480529207	0.0725588084262942	3.5198825072857	0.000431738003760215	0.000879617105000183	0.251359358320611	FALSE	up_in_cellobiose
YDR240C	1414.1110967504	-0.286760832598689	0.0815527190561907	-3.51626329468068	0.00043766672268649	0.000891395961458108	-0.281101772482868	FALSE	down_in_cellobiose
YDL177C	1553.62686199601	-0.281468625560063	0.0800683788680019	-3.51535312116264	0.000439169613740647	0.000894155837602548	-0.276002385911726	FALSE	down_in_cellobiose
YGL244W	4940.10831468583	0.21951774874795	0.0626113669931121	3.50603667177718	0.000454832549529522	0.000925734216724118	0.216343197569044	FALSE	up_in_cellobiose
YOR046C	4773.21735582581	0.216323577444599	0.0617351781905496	3.50405690539845	0.000458227428535438	0.000932330210296288	0.213629953855686	FALSE	up_in_cellobiose
YNL238W	3668.35639278371	-0.224501435741723	0.0640721736142815	-3.50388355939406	0.000458525803172474	0.000932623598987995	-0.221274133197622	FALSE	down_in_cellobiose
YBR119W	1542.80263931758	-0.282513751369386	0.0807309109007431	-3.49944956915859	0.000466219786958186	0.000947954114726074	-0.27696338251538	FALSE	down_in_cellobiose
YER105C	3250.23070860917	-0.238358955821239	0.0681160495068639	-3.49930680870182	0.000466469498939623	0.000948143144854092	-0.234906264225013	FALSE	down_in_cellobiose
YPL027W	559.418123463767	0.379935920292319	0.108584016673295	3.49900410698069	0.00046699938786622	0.000948901342694917	0.368614918501482	FALSE	up_in_cellobiose
YNCI0012	731.093371186775	-0.34153193877522	0.0977095364651603	-3.49537978718176	0.000473387641565803	0.000961558711830606	-0.332148283271409	FALSE	down_in_cellobiose
YFR018C	3025.29031237754	0.243608287390101	0.0696963145427735	3.49528219660159	0.000473560777240408	0.000961587492959795	0.238943270311057	FALSE	up_in_cellobiose
YLR165C	1223.53848564556	0.305100938412657	0.0875191524802457	3.48610480981889	0.000490108940443895	0.000994855362666148	0.298300641450795	FALSE	up_in_cellobiose
YDL086W	4248.66809850336	0.221186999542938	0.0634603075392079	3.48543850668043	0.000491331139274551	0.000997001697910688	0.218353138829628	FALSE	up_in_cellobiose
YIR029W	1359.70902657861	0.278281997159692	0.079876067500012	3.48392210419786	0.000494123276463724	0.00100233122043228	0.272747395261287	FALSE	up_in_cellobiose
YDR198C	1250.03480221419	-0.282809694152486	0.0812156949386725	-3.48220494038795	0.000497302934088751	0.00100844299306163	-0.277119730960062	FALSE	down_in_cellobiose
YGR281W	3329.13750451319	0.246928824419848	0.0709522037191575	3.48021360121865	0.000501014166959904	0.00101562824930981	0.243199388738933	FALSE	up_in_cellobiose
YPL010W	3798.95618742075	-0.252798310998955	0.0726700158697974	-3.47871550560677	0.000503823151052598	0.00102098031514813	-0.249308487700916	FALSE	down_in_cellobiose
YCR059C	2937.958470382	0.258880017101278	0.0744242058049872	3.47843842337556	0.000504344296638705	0.00102169412269509	0.254614964914811	FALSE	up_in_cellobiose
YPL097W	1426.30310832424	0.286102547410271	0.0822746033562013	3.47741023036736	0.000506282552453161	0.00102527725470009	0.280204374725038	FALSE	up_in_cellobiose
YDL160C	1282.27845007608	0.336635005947243	0.0969593697461129	3.47191825636572	0.000516753659919653	0.001046132158251	0.327177228957385	FALSE	up_in_cellobiose
YHR207C	2323.85715059086	-0.247979392111513	0.0714407825609939	-3.4711180816055	0.000518296029461558	0.00104890354038574	-0.244027486468545	FALSE	down_in_cellobiose
YNL290W	2492.2873804669	-0.236697737966544	0.0682334895393036	-3.46893790079727	0.000522520216376318	0.00105709859159209	-0.232804957940871	FALSE	down_in_cellobiose
YNL222W	435.60582279918	-0.435666762426137	0.125639607980932	-3.46759090884984	0.000525146079598384	0.00106172009351265	-0.418363160477493	FALSE	down_in_cellobiose
YLR096W	2921.31465048197	0.230890284300313	0.0665853084907021	3.46758601159826	0.000525155648832842	0.00106172009351265	0.227500645627151	FALSE	up_in_cellobiose
YKR052C	1031.44182888243	-0.329194457564416	0.0949422921970343	-3.46731103648979	0.000525693211265218	0.00106245179917919	-0.320336303669128	FALSE	down_in_cellobiose
YBR062C	1489.68885823021	0.287767112682111	0.0830255147329511	3.46600817360427	0.000528247220465028	0.00106725699285002	0.282938264884175	FALSE	up_in_cellobiose
YPL094C	6793.94878563403	0.229333368997111	0.0661686541387069	3.46589139498542	0.000528476705994435	0.00106736413841747	0.226613846223407	FALSE	up_in_cellobiose
YPL133C	2049.12353010177	0.269405923789432	0.0777329031405201	3.46579006964938	0.000528675899039292	0.00106741005116444	0.265374924819983	FALSE	up_in_cellobiose
YFL048C	2993.46011103685	-0.229314211968024	0.0661687681146169	-3.46559590728375	0.000529057793673441	0.00106782468933288	-0.225230610465585	FALSE	down_in_cellobiose
YIL157C	1778.57239348466	0.257300396302281	0.0743097403959244	3.46253929742423	0.000535103766756379	0.00107966733992973	0.253530758216462	FALSE	up_in_cellobiose
YJL176C	2542.8922556784	0.241616134929764	0.0698173928622004	3.46068687220454	0.000538799129171961	0.00108676089775298	0.23450717097297	FALSE	up_in_cellobiose
YNL134C	9658.97401585481	-0.206929471383558	0.0598064887996689	-3.45998361610394	0.000540208255652014	0.00108923991281301	-0.202768800031608	FALSE	down_in_cellobiose
YBR136W	886.553007059544	0.31961864703778	0.0924490868682109	3.45723963172732	0.000545739325166344	0.0011000257174046	0.311880000094798	FALSE	up_in_cellobiose
YNL027W	1996.51145027114	0.250290573715544	0.0724508469488858	3.45462591889539	0.000551056824373875	0.00111037399421638	0.246195375595795	FALSE	up_in_cellobiose
YPL178W	2525.89822361477	-0.237314511270508	0.0687551263942058	-3.45159006631552	0.000557293722839275	0.00112256734247578	-0.233832671982921	FALSE	down_in_cellobiose
YKR106W	1358.60889236725	-0.308816609135891	0.0894763619452398	-3.45137645767146	0.000557735030011166	0.00112308228912701	-0.301452746944731	FALSE	down_in_cellobiose
YKL025C	1953.69062882883	-0.256810180012459	0.0744350401684778	-3.45012482603878	0.000560327400356642	0.00112792693669129	-0.252245382832837	FALSE	down_in_cellobiose
YIL085C	2708.17627735266	-0.239262690391037	0.0694472485221819	-3.44524362710519	0.00057054490451738	0.00114811248417353	-0.236229116806501	FALSE	down_in_cellobiose
YBR122C	2540.07566672911	0.243207029255863	0.0705948705120446	3.44510907792327	0.000570828989572042	0.00114830214762929	0.239504942764551	FALSE	up_in_cellobiose
YNL310C	1271.4657073775	0.284782874927928	0.0826904297822715	3.44396414044258	0.000573251727624625	0.001152775374381	0.27894539684421	FALSE	up_in_cellobiose
YKR068C	3353.38146430002	-0.238192805151516	0.0691641185058433	-3.44387827528507	0.000573433807490897	0.001152775374381	-0.234467094956601	FALSE	down_in_cellobiose
YML081W	3009.54916625726	0.251229924048437	0.0729535774124423	3.44369574404982	0.000573821049857717	0.00115317060816921	0.24763930800321	FALSE	up_in_cellobiose
YHR007C-A	85.9136006809531	-0.846800905888348	0.245989196997377	-3.44243127838406	0.00057651032343809	0.00115819028444935	-0.767360445931825	FALSE	down_in_cellobiose
YOL068C	3559.29162298412	-0.22825189112058	0.0663081837587998	-3.44228839008562	0.000576814956055238	0.00115841755284799	-0.225063997822708	FALSE	down_in_cellobiose
YNL102W	1640.79936515831	0.308699764756266	0.089769368275453	3.43880959270021	0.000584278029842335	0.00117301619731705	0.301552315330987	FALSE	up_in_cellobiose
YOR153W	11273.3439529682	0.284640198305707	0.0828018245478826	3.4376078046578	0.000586877052654361	0.00117784316241083	0.279761513393468	FALSE	up_in_cellobiose
YFL050C	1741.22154970348	-0.268425035936738	0.0780915401619152	-3.4373126126106	0.000587517088238238	0.00117873660588826	-0.26345981578714	FALSE	down_in_cellobiose
YPR175W	1473.50987748976	-0.269760352747364	0.0785425662152747	-3.43457523412192	0.000593483303007265	0.00119031183683387	-0.265933576013975	FALSE	down_in_cellobiose
YNL258C	2348.17277147357	-0.266090095765212	0.0775056082103956	-3.4331721524317	0.000596563185872995	0.00119609238029358	-0.263317313153776	FALSE	down_in_cellobiose
YNL026W	1861.98609130606	-0.264292940634385	0.0771588738137539	-3.42530842625225	0.000614101848396993	0.00123084893338417	-0.259445338168405	FALSE	down_in_cellobiose
YDR523C	755.081945954047	-0.395050636399439	0.11542449838418	-3.42258915507303	0.000620277525107684	0.00124281508757085	-0.3810799123453	FALSE	down_in_cellobiose
YJL111W	6050.23094275714	0.203258084714735	0.0593970699368606	3.42202207837523	0.000621572660821301	0.00124499769049935	0.200818272454433	FALSE	up_in_cellobiose
YGL195W	5300.12188882114	0.248213194476674	0.0726013562076408	3.41885065847504	0.00062886230941257	0.00125918176419617	0.240512137743803	FALSE	up_in_cellobiose
YJR145C	33282.9334463975	0.209285075509256	0.0612791645240783	3.41527299098574	0.000637181166798514	0.00127541657113309	0.206144071355202	FALSE	up_in_cellobiose
YGL128C	605.049272164622	-0.353945224464465	0.103644056332993	-3.41500744941215	0.000637802671832269	0.00127623829371928	-0.343414812165528	FALSE	down_in_cellobiose
YFR038W	2107.31062211413	-0.241583459317136	0.0708160973257862	-3.41142012113069	0.000646254334429554	0.00129272237730303	-0.237865605964884	FALSE	down_in_cellobiose
YFL046W	1644.92960627037	-0.283236531280379	0.0830459532408377	-3.41060003801724	0.000648201003527036	0.00129618772573059	-0.277537237239678	FALSE	down_in_cellobiose
YDR520C	1736.84140346755	-0.26515978806202	0.0777721930200165	-3.40944208675939	0.000650958973752895	0.00130127258170233	-0.260156280770286	FALSE	down_in_cellobiose
YLR456W	949.781621292161	0.36465648316895	0.106993303204237	3.40821782530507	0.00065388674516306	0.00130669339989804	0.353719903289619	FALSE	up_in_cellobiose
YLL038C	749.689125142164	-0.355732879669981	0.10441877735808	-3.40679031751231	0.000657316034161204	0.00131311251342177	-0.345030894357925	FALSE	down_in_cellobiose
YGL004C	1736.71441162296	-0.266597774519494	0.0783178878393879	-3.40404704307432	0.000663953175253326	0.00132593356127678	-0.261610421348891	FALSE	down_in_cellobiose
YML118W	641.824294546326	0.349643512782826	0.102810270621603	3.4008617103023	0.00067173800760008	0.00134089861923018	0.339582232221948	FALSE	up_in_cellobiose
YDR071C	4028.25842899152	0.214791807168683	0.0631592038948885	3.40079978725105	0.000671890182656088	0.00134089861923018	0.212086413995141	FALSE	up_in_cellobiose
YGR280C	4000.99995008854	0.257065034398309	0.0756306487905313	3.39895318246288	0.000676442944619737	0.00134953937071398	0.251656757390231	FALSE	up_in_cellobiose
YGL147C	12905.1901119238	0.27472488080896	0.0808666332834803	3.39725879085264	0.000680645642973284	0.0013571548172975	0.269861275725912	FALSE	up_in_cellobiose
YDL193W	2133.36399979463	0.253050402167544	0.0744871997648931	3.39723338998186	0.000680708830497704	0.0013571548172975	0.248320850950048	FALSE	up_in_cellobiose
YDR104C	1318.33280927212	-0.28255309614088	0.083232215392208	-3.39475640302772	0.000686896873203868	0.00136904091796053	-0.276740615711921	FALSE	down_in_cellobiose
YHR048W	2165.51870099724	-0.239995248594946	0.0707105320786855	-3.39405236447497	0.000688665231184646	0.00137211330152698	-0.236886596282961	FALSE	down_in_cellobiose
YKL038W	2184.02971141167	0.268032824529422	0.0790901893179525	3.3889516113294	0.000701603903089841	0.00139743233776439	0.263268613255609	FALSE	up_in_cellobiose
YML054C-A	40.9918731672038	-1.2031428704433	0.355102968316275	-3.38815210739583	0.000703652302119777	0.00140105094651828	-1.04559711492182	FALSE	down_in_cellobiose
YBR161W	2064.87859567965	-0.260043263652585	0.0767877723160179	-3.38651917889198	0.00070785328594228	0.0014089518021273	-0.255072537490016	FALSE	down_in_cellobiose
YNCA0004W	14.7125501424707	2.18613214388622	0.646136186466566	3.38339221618466	0.00071596304211168	0.00142368850813069	1.79296435002711	FALSE	up_in_cellobiose
YNCE0016C	14.7125501424707	2.18613214388622	0.646136186466566	3.38339221618466	0.00071596304211168	0.00142368850813069	1.79296435002711	FALSE	up_in_cellobiose
YNCL0004C	14.7125501424707	2.18613214388622	0.646136186466566	3.38339221618466	0.00071596304211168	0.00142368850813069	1.79296435002711	FALSE	up_in_cellobiose
YMR293C	1203.66992440827	0.290182710414708	0.0858564051414359	3.37986094265971	0.000725225123217316	0.00144163219531434	0.284600428602121	FALSE	up_in_cellobiose
YNL167C	1426.00901864593	-0.267364430710437	0.0791342320633522	-3.37861913534959	0.000728508593256181	0.00144768346931887	-0.262921498226974	FALSE	down_in_cellobiose
YML047C	241.940661039803	0.611584068390888	0.181057397540762	3.37784634429643	0.000730558899952464	0.00145128104624383	0.571007860818621	FALSE	up_in_cellobiose
YGR178C	8268.45346528634	0.196039934782486	0.0580530044404353	3.37691281738278	0.000733042806153671	0.00145573733894404	0.193816488899214	FALSE	up_in_cellobiose
YHR141C	15877.183557171	0.23542181589962	0.0697539742896342	3.37503086092408	0.000738074136525343	0.00146524793299698	0.227990435399576	FALSE	up_in_cellobiose
YHL008C	1730.3986227992	0.272418953151686	0.0807776126099959	3.3724561094292	0.000745009595714393	0.00147853118257098	0.267181880260331	FALSE	up_in_cellobiose
YOR254C	5654.39120628622	0.20737134278762	0.0615345665122269	3.36999762152245	0.000751688324957265	0.00149129638493489	0.204979591273449	FALSE	up_in_cellobiose
YNL325C	1216.58998986479	0.291139908554478	0.086461316046746	3.3672851844757	0.000759121418701152	0.00150554933171255	0.284811540647601	FALSE	up_in_cellobiose
YGL170C	344.401705585207	0.565804864412985	0.168039246301409	3.36709951315843	0.000759632715265822	0.0015060695819872	0.531360506796689	FALSE	up_in_cellobiose
YER180C	1312.89391875752	-0.317978744830267	0.0944457356941316	-3.36678773788221	0.000760491992782475	0.00150637404906291	-0.309870555373103	FALSE	down_in_cellobiose
YHL004W	2867.12188830749	0.236121687473026	0.0701328943545465	3.36677517228004	0.000760526643496687	0.00150637404906291	0.232613475539481	FALSE	up_in_cellobiose
YKL135C	4126.10355065347	-0.209888024756442	0.0623410135944746	-3.36677273362531	0.0007605333684639	0.00150637404906291	-0.206550887311242	FALSE	down_in_cellobiose
YMR267W	1607.23355089903	0.254649308735054	0.0756473998472143	3.3662665108037	0.000761930552077127	0.00150864743355631	0.248535473520115	FALSE	up_in_cellobiose
YKL021C	1969.8252817911	-0.261021982831674	0.0775796825743608	-3.36456626490425	0.00076664072360721	0.00151747700821336	-0.255870495661768	FALSE	down_in_cellobiose
YHR041C	1530.33372543626	0.302749204599995	0.0900631854222927	3.36152006150404	0.000775147255124656	0.0015338128054462	0.295686480054298	FALSE	up_in_cellobiose
YDR152W	3185.22071756188	0.22365870690705	0.0665882163233848	3.35883312778427	0.000782723171446903	0.00154829707785557	0.219478814183022	FALSE	up_in_cellobiose
YFR036W	974.659416371161	0.341806169525701	0.101785692721184	3.35809641205657	0.000784812344202132	0.00155192215432452	0.332612447114768	FALSE	up_in_cellobiose
YOL163W	483.364312973104	-0.384219189911634	0.114536044220895	-3.35457010520308	0.000794884088202357	0.00157057501881364	-0.370741563290697	FALSE	down_in_cellobiose
YLR406C	8657.58359927836	0.260266790749351	0.0775889525325309	3.35443104016939	0.000795283729976223	0.00157057501881364	0.255222726996354	FALSE	up_in_cellobiose
YDR162C	1814.13130671225	-0.252147733162726	0.0751670562236929	-3.35449791212188	0.000795091531685862	0.00157057501881364	-0.247745590720904	FALSE	down_in_cellobiose
YOL041C	3998.73966037302	0.216396119892102	0.0645059163503768	3.35467089122032	0.00079459456824983	0.00157057501881364	0.214448575818267	FALSE	up_in_cellobiose
YNL142W	2730.84314623433	-0.263422847236115	0.0786471539348914	-3.34942631813723	0.000809790907759481	0.00159870274185284	-0.2580673994965	FALSE	down_in_cellobiose
YJR129C	360.262565584735	0.459721459845732	0.137264600105055	3.34916256262638	0.000810562225119811	0.0015997033930668	0.438620149825352	FALSE	up_in_cellobiose
YDL087C	563.750772622039	-0.358374050102751	0.107042531429518	-3.34795940750638	0.000814089344788392	0.00160614039355022	-0.347187369323546	FALSE	down_in_cellobiose
YBR205W	2169.32931712177	-0.246505738413504	0.0737071771542093	-3.3443926077615	0.000824629488293222	0.00162640488251898	-0.243137762964509	FALSE	down_in_cellobiose
YPL090C	32054.1040399288	0.210180009655715	0.0628886509177671	3.3420976056641	0.000831478168721243	0.00163937791479622	0.207819980523639	FALSE	up_in_cellobiose
YGR234W	3620.47477111599	-0.352154321105216	0.105396856930779	-3.34122222768465	0.000834104319632143	0.0016440198857787	-0.339280118652027	FALSE	down_in_cellobiose
YOR307C	1900.93140747433	-0.25305054394781	0.0757650876527724	-3.33993600202151	0.000837976982316398	0.00165111490750224	-0.248408377567769	FALSE	down_in_cellobiose
YLR277C	1780.11423857692	-0.247173676121534	0.0740531709356226	-3.33778652552788	0.000844486028511757	0.0016633982372086	-0.242377190102706	FALSE	down_in_cellobiose
YDR151C	2412.13679237731	-0.258329524367063	0.0774398452410099	-3.33587345846424	0.000850318588561977	0.00167434151764694	-0.252339477348737	FALSE	down_in_cellobiose
YBL088C	2207.21739495433	0.266711890634732	0.0799888105689128	3.33436500352698	0.000854943885863195	0.00168290125791945	0.261715083270622	FALSE	up_in_cellobiose
YGL098W	1077.49904874933	-0.301737768116149	0.0905231365441031	-3.33326682697458	0.000858325831854488	0.00168900876931939	-0.294754037178827	FALSE	down_in_cellobiose
YKL116C	1783.19833700892	-0.256356569932907	0.0769661902567454	-3.33076860213228	0.000866065632608932	0.00170368488183786	-0.250730044629752	FALSE	down_in_cellobiose
YCL026C-A	602.809513641126	0.354229891122372	0.10642800996714	3.32835210610196	0.000873613755238946	0.00171741618636347	0.343252686717372	FALSE	up_in_cellobiose
YGR271C-A	1639.25280254383	0.259133038617586	0.0778552336734753	3.32839587514937	0.000873476498373051	0.00171741618636347	0.254419604958933	FALSE	up_in_cellobiose
YDL037C	103.467309741904	0.747983252710952	0.224931848103486	3.32537725990151	0.000882989684326592	0.00173528414570876	0.683190122893923	FALSE	up_in_cellobiose
YPL109C	922.766895611546	0.300307557400112	0.0904880661370239	3.31875318172192	0.000904203121901521	0.00177639645481725	0.294277041999439	FALSE	up_in_cellobiose
YLL021W	5084.00155850208	0.254241039108949	0.0766247716041145	3.3180006124194	0.000906642856730776	0.00178061124687158	0.248185376365246	FALSE	up_in_cellobiose
YLR233C	1776.75886663835	0.300798174938631	0.0907067844346671	3.31615961047859	0.000912636893256246	0.00179180154732458	0.294177839667689	FALSE	up_in_cellobiose
YDR210W	1395.34429733135	-0.282541064263542	0.0852329602339655	-3.31492727095203	0.000916669708976635	0.00179913532433474	-0.27633825193342	FALSE	down_in_cellobiose
YDR182W	2420.70275991488	-0.243454369885151	0.0734986173582967	-3.31236666260457	0.000925102125670002	0.00181497641859309	-0.239435662336274	FALSE	down_in_cellobiose
YML110C	6714.34070715399	0.212437266366376	0.0641359845161845	3.3122944626003	0.000925340928242863	0.00181497641859309	0.211135489971972	FALSE	up_in_cellobiose
YNR015W	1640.38083573622	0.27721669395874	0.0836991556497606	3.31206081837616	0.000926114101482331	0.00181590411665044	0.271568355105792	FALSE	up_in_cellobiose
YGL139W	2568.76610982558	0.228564195026069	0.0690821613914645	3.30858488533495	0.00093768754581232	0.00183800128471119	0.22318189816886	FALSE	up_in_cellobiose
YER019C-A	4352.30442508361	0.241678313542828	0.0731263048124888	3.30494360630613	0.000949955119890661	0.00186144428902449	0.237819966900583	FALSE	up_in_cellobiose
YMR060C	1557.58988016653	0.257410277117123	0.0779419957619139	3.30258770770284	0.000957971241285271	0.0018765440539296	0.252754347963101	FALSE	up_in_cellobiose
YGR058W	1387.01920138837	-0.263531373174187	0.0798005641337602	-3.30237481444944	0.000958698704611778	0.00187706148611282	-0.25846561201976	FALSE	down_in_cellobiose
YDL058W	3763.30262665238	-0.228682461330981	0.0692488468731147	-3.30232879906286	0.000958856007949847	0.00187706148611282	-0.225142604291942	FALSE	down_in_cellobiose
YBL049W	3199.22319820044	0.261104205496487	0.0790993699602656	3.30096441511036	0.000963531023762684	0.00188560309373681	0.256278014666135	FALSE	up_in_cellobiose
YNCK0015C	33.5803709423014	1.33180795098007	0.403784825255319	3.2983110500449	0.000972683192889036	0.00190289800575219	1.1349143586704	FALSE	up_in_cellobiose
YKR053C	5312.28452546358	0.30344572318219	0.0920108561798775	3.29793391541718	0.000973990546535395	0.00190483957840045	0.296177909779063	FALSE	up_in_cellobiose
YML011C	1009.02115215031	-0.28927308470209	0.0877423917150421	-3.29684521982889	0.000977773691652373	0.00191162025236109	-0.28288546503206	FALSE	down_in_cellobiose
YOR283W	4118.04665177498	0.254566679779334	0.0773203615913242	3.29236276887637	0.000993493701617196	0.00194172646238527	0.250131222848817	FALSE	up_in_cellobiose
YDR237W	1513.15476283059	0.271210590871297	0.0824112447374269	3.29094156671713	0.000998526523622436	0.00195093247460986	0.265728134277176	FALSE	up_in_cellobiose
YJL179W	946.653878875853	0.291103544299966	0.0885132596676289	3.28881283316276	0.00100610905435176	0.00196511258307193	0.284970365285447	FALSE	up_in_cellobiose
YDL030W	1524.99101037179	-0.26495537502648	0.0805838228855237	-3.28794745072931	0.00100920675002359	0.00197052667233464	-0.259746936933802	FALSE	down_in_cellobiose
YGR212W	769.999069356873	-0.358253042068525	0.108978006326893	-3.28738847537639	0.00101121233111159	0.00197380554723911	-0.346492567963234	FALSE	down_in_cellobiose
YJR116W	1819.66691354659	-0.281692950145583	0.0856944344124103	-3.28717905750934	0.00101196466353862	0.00197463685475648	-0.27557874984688	FALSE	down_in_cellobiose
YMR008C	5830.14753053805	-0.1973174341535	0.060047715772917	-3.28601066025054	0.00101617164141604	0.00198220646853454	-0.195055959154299	FALSE	down_in_cellobiose
YLR268W	2243.85304367849	-0.247244040706806	0.0752571874665064	-3.28532129661161	0.00101866137893296	0.00198578236582839	-0.245905724980083	FALSE	down_in_cellobiose
YOL061W	5066.37413686806	0.203236866252042	0.0618608293702047	3.28538864288055	0.00101841789942256	0.00198578236582839	0.200844577631963	FALSE	up_in_cellobiose
YJL108C	251.133261477016	-0.489770902188477	0.149103811061182	-3.28476447853843	0.00102067652957867	0.00198906969311256	-0.463690059636755	FALSE	down_in_cellobiose
YDL098C	786.116861400307	0.332031051819506	0.10108705216306	3.28460514689771	0.00102125383681568	0.00198955377098166	0.322625703526694	FALSE	up_in_cellobiose
YNL162W-A	199.80422713518	-0.567905169832926	0.172989651826717	-3.28288521212698	0.00102750495461899	0.0020010874019608	-0.531654187643061	FALSE	down_in_cellobiose
YPL056C	313.695533395256	0.43980504878897	0.134070831209229	3.2803932430509	0.00103662488012284	0.00201819887346735	0.419940422388395	FALSE	up_in_cellobiose
YBR068C	22237.4462343736	0.190717609335365	0.0581421430168658	3.28019573134828	0.00103735091337609	0.00201896257239768	0.188388592407836	FALSE	up_in_cellobiose
YMR122W-A	16783.430842966	0.192290290267546	0.0586368241313632	3.27934353737783	0.00104048889149429	0.00202441856051752	0.190886019967487	FALSE	up_in_cellobiose
YOL070C	2593.55768520817	-0.229369379423589	0.0699612736369084	-3.27851920784049	0.00104353262175982	0.00202968772637465	-0.225862097984014	FALSE	down_in_cellobiose
YKL213C	3593.14782435475	-0.21472275908005	0.0654990441094744	-3.27825790436216	0.00104449916948399	0.00203091465001885	-0.211784450242792	FALSE	down_in_cellobiose
YBR247C	1892.36435921988	0.239598761187411	0.0730916509872149	3.2780592304492	0.00104523460804151	0.00203169156299586	0.235735358579445	FALSE	up_in_cellobiose
YJL225C	5070.37622033976	0.696691651636132	0.212765988190969	3.27445028953976	0.00105867764044584	0.00205716063188464	0.636639149651794	FALSE	up_in_cellobiose
YFL003C	755.986342385742	-0.337331942676758	0.103048342128996	-3.27353100212409	0.0010621273858652	0.00206320120651849	-0.327403476201346	FALSE	down_in_cellobiose
YDR246W-A	65.4019710138363	0.91287777322806	0.27896791420447	3.2723396732965	0.00106661347355892	0.00207125036968152	0.811828082384076	FALSE	up_in_cellobiose
YBR261C	1591.00311213538	-0.25968175803066	0.0794106172646603	-3.27011383333277	0.00107504213563245	0.00208694797125825	-0.254657095664419	FALSE	down_in_cellobiose
YMR284W	1014.86124774524	0.297542562826577	0.0910210214733788	3.26894334968104	0.00107949912235559	0.00209492787652517	0.290574822784999	FALSE	up_in_cellobiose
YJL156C	2935.21399304393	-0.217667579979377	0.0666147517005412	-3.26755822731091	0.00108479549183337	0.0021045310872675	-0.214733148502265	FALSE	down_in_cellobiose
YBL018C	1413.09999544864	0.27416388312196	0.0840197876258802	3.26308707590105	0.00110205653162552	0.0021373324654706	0.268717264791017	FALSE	up_in_cellobiose
YDL129W	831.271311622725	-0.338689108161889	0.103812447227426	-3.26250962391734	0.00110430423177828	0.00214100522372655	-0.329271392849064	FALSE	down_in_cellobiose
YCR031C	31133.637014062	0.204451627862371	0.0626947376855355	3.26106520913861	0.00110994511374908	0.00215125216054733	0.20282054483894	FALSE	up_in_cellobiose
YNR055C	2889.45879172462	-0.217445393120484	0.0667131893642518	-3.25940635116753	0.00111645632667159	0.00216317883409239	-0.214416346449399	FALSE	down_in_cellobiose
YGR141W	2627.64823144242	-0.224757846665278	0.0690743841297654	-3.25385234333817	0.00113851440101414	0.0022045049973542	-0.221389641289985	FALSE	down_in_cellobiose
YER068W	2993.23375786074	-0.219838388976484	0.0675615891537623	-3.25389606328171	0.00113833920251119	0.0022045049973542	-0.215614350296232	FALSE	down_in_cellobiose
YDR034C-A	114.646543629275	-0.705282580329753	0.216883602684094	-3.25189443370251	0.00114638591334128	0.00221903628473644	-0.645053375592765	FALSE	down_in_cellobiose
YDL109C	914.234914425472	-0.295303009679167	0.0908471475247268	-3.25054795582648	0.00115182840631472	0.00222885797498328	-0.287957750163804	FALSE	down_in_cellobiose
YHR074W	3880.49587892566	-0.214982287865229	0.0662274402887555	-3.24612104782993	0.00116989084514244	0.0022630859361262	-0.211481625488718	FALSE	down_in_cellobiose
YOR021C	2400.3071190559	0.225189593870903	0.0693758034429174	3.24593853613803	0.00117064110788645	0.00226381331892748	0.221858162689592	FALSE	up_in_cellobiose
YGR080W	3060.94314265912	-0.214178651278509	0.0659869955099191	-3.24577061924745	0.00117133176751605	0.00226442501173045	-0.211718811414582	FALSE	down_in_cellobiose
YER087C-B	2924.00421383871	0.2245048492918	0.0691874208017342	3.24487958490531	0.00117500298895447	0.00227079651124139	0.221118552965781	FALSE	up_in_cellobiose
YLR263W	913.968171322641	-0.292085520108151	0.0900775761612904	-3.24259968524409	0.00118444504740199	0.00228831302834068	-0.283781354510054	FALSE	down_in_cellobiose
YMR212C	2868.48964426038	-0.245438572821361	0.0757015051677798	-3.24218880823291	0.00118615410552838	0.00229088320061978	-0.241123087123636	FALSE	down_in_cellobiose
YKL156W	10359.4513982402	0.21725093708167	0.0670205712590921	3.24155603272626	0.00118879061565277	0.00229524239836693	0.215379918331049	FALSE	up_in_cellobiose
YHR010W	19467.1535148061	0.20468457839698	0.0632074130404578	3.23830020168624	0.001202442104294	0.00232085905835176	0.202174848308805	FALSE	up_in_cellobiose
YER169W	4572.11674795712	0.212764290320168	0.0657240092266688	3.23723845857283	0.00120692514371385	0.00232876880201756	0.209922483456111	FALSE	up_in_cellobiose
YPL111W	800.65744508323	-0.310309529383607	0.0958629713590147	-3.23701138181366	0.00120788594074298	0.00232987948200073	-0.301794027864898	FALSE	down_in_cellobiose
YOR126C	1734.60331987984	0.260174197337453	0.0803994700837836	3.23601880791412	0.00121209397461325	0.00233725102085927	0.255673075749233	FALSE	up_in_cellobiose
YNL275W	966.203772031257	0.307401186135065	0.095011272577469	3.23541804878385	0.00121464747722166	0.00234142848620582	0.299298040084504	FALSE	up_in_cellobiose
YOR232W	3747.91671629864	0.20632593043627	0.0637849779035311	3.23471038507403	0.00121766174697334	0.00234649120976162	0.202958939190237	FALSE	up_in_cellobiose
YMR254C	110.661053711105	-0.706004422015046	0.218325824699278	-3.2337192496009	0.00122189507106058	0.00235389913530109	-0.644387917499046	FALSE	down_in_cellobiose
YER129W	4321.68446352179	-0.201057160826216	0.0622675191031476	-3.22892518799664	0.00124256395365715	0.0023929542679631	-0.197839059574901	FALSE	down_in_cellobiose
YCL059C	2376.69436113469	0.23459210538094	0.0726737895920099	3.22801530920485	0.00124652302819013	0.00239981470322154	0.229178955345216	FALSE	up_in_cellobiose
YNL282W	547.819052640859	-0.351391314394555	0.10886109721627	-3.22788694382219	0.00124708250968044	0.00240012793543016	-0.339456455617204	FALSE	down_in_cellobiose
YJR062C	1537.70031847059	-0.264337876651914	0.081913412262108	-3.22704022884654	0.00125077873625916	0.00240647601006097	-0.258970274699843	FALSE	down_in_cellobiose
YPR016C	6562.82477134058	0.199603284998164	0.0618653001675856	3.22641746596982	0.00125350378169919	0.00241095210667675	0.197874226785249	FALSE	up_in_cellobiose
YLR067C	1257.27239531248	0.28683423226144	0.0889350927118071	3.22520867202469	0.00125880879693432	0.00242038601800881	0.280167251387172	FALSE	up_in_cellobiose
YNL322C	6525.35788349375	0.191379204196264	0.0593481238348466	3.22468836131758	0.00126109865178736	0.002424018349114	0.189855990616583	FALSE	up_in_cellobiose
YCR046C	2193.07446891952	0.240247888476069	0.0745413871242647	3.22301338551108	0.00126849625841106	0.00243746310899889	0.235666788465487	FALSE	up_in_cellobiose
YER019W	4153.14800352675	-0.209120411388767	0.0648880556862645	-3.22278744796838	0.00126949718255838	0.0024386117679567	-0.206771124087165	FALSE	down_in_cellobiose
YLR073C	873.581316898891	0.381549392142448	0.118415218389797	3.22213138928199	0.00127240771696501	0.00244342675553058	0.367058734863	FALSE	up_in_cellobiose
YGR009C	5017.78772973148	0.204540499302531	0.0635412943102266	3.21901688536445	0.00128630910523694	0.00246933791735267	0.201900341714233	FALSE	up_in_cellobiose
YOL152W	786.867001537791	-0.412630410608723	0.128236819041969	-3.21772181883019	0.00129213071030539	0.00247972673433925	-0.395136182340961	FALSE	down_in_cellobiose
YOR179C	1123.1576887549	-0.270201694043423	0.0840025801938738	-3.2165880312225	0.00129724728604416	0.00248875636957853	-0.26523956055519	FALSE	down_in_cellobiose
YBL086C	1715.72761165703	0.248521809114744	0.0772651537249518	3.2164798377213	0.00129773651958147	0.00248890558241861	0.244037231779247	FALSE	up_in_cellobiose
YPL066W	3257.05220591661	-0.216737797980768	0.0673946145230923	-3.21595129691711	0.00130012894453929	0.0024927036404178	-0.214015976011661	FALSE	down_in_cellobiose
YER163C	1616.66134975639	-0.266478155713836	0.0830052064943433	-3.21037880596075	0.00132560154366347	0.00254073629202165	-0.260945273141269	FALSE	down_in_cellobiose
YFL012W	498.489415191859	0.392337232204346	0.122363234459112	3.20633263691184	0.00134438483221794	0.00257592139692313	0.376808058918126	FALSE	up_in_cellobiose
YGL108C	909.051689151887	-0.294893719813882	0.092009061346922	-3.20505084495949	0.001350386238692	0.00258660112661428	-0.286926282446638	FALSE	down_in_cellobiose
YLR008C	1135.78418244302	0.267394749975412	0.0834331393793942	3.20489858064062	0.00135110078687496	0.00258715057290492	0.262018384065055	FALSE	up_in_cellobiose
YDR465C	2521.87811929078	0.254470554455448	0.0794308441904701	3.20367430371562	0.00135685878063084	0.00259735403925188	0.250147951487125	FALSE	up_in_cellobiose
YGR028W	2357.26389351208	-0.222677126260673	0.0695498664333823	-3.20169020703962	0.00136623842985154	0.00261448157613792	-0.218530751227995	FALSE	down_in_cellobiose
YIR041W	114.955406300271	-0.721172025697879	0.225321387246427	-3.20063725202062	0.00137124044197985	0.00262322372977106	-0.65516511312459	FALSE	down_in_cellobiose
YML070W	8906.98715835807	0.183513084171426	0.0573704161877395	3.19874068144975	0.00138029264233674	0.00263970603651437	0.181760836878161	FALSE	up_in_cellobiose
YBR192W	1792.72400402502	0.241552590172708	0.0755279108816508	3.19818974671775	0.00138293252705704	0.00264391872824527	0.237842842708864	FALSE	up_in_cellobiose
YGR152C	2146.21057502778	0.262109050656356	0.0819834978672395	3.19709523837106	0.00138819084343727	0.00265313314753619	0.256366371427488	FALSE	up_in_cellobiose
YNL039W	3203.44007193926	0.211687244027085	0.0662148009601524	3.19697772941245	0.00138875648317298	0.00265337585809013	0.207554906258517	FALSE	up_in_cellobiose
YBR098W	1220.76814786771	0.262973657729662	0.0822605243355471	3.19683906532096	0.00138942422838629	0.00265381343779875	0.25762538075964	FALSE	up_in_cellobiose
YGR112W	1564.5106956559	0.243476667555562	0.0761879006204844	3.1957392915759	0.00139473075026387	0.00266310805187694	0.239239980320381	FALSE	up_in_cellobiose
YGR007W	3525.42180976803	-0.223145156678972	0.0698851192913187	-3.19302820030662	0.00140789196495186	0.00268738986935745	-0.219750133991172	FALSE	down_in_cellobiose
YGL210W	2283.51408131751	0.231778834963791	0.0725959828492299	3.19272259795915	0.00140938269619189	0.00268938672847468	0.229029084011667	FALSE	up_in_cellobiose
YLR359W	16707.2851262205	-0.225764627915253	0.0707278912924436	-3.1920169510182	0.0014128304104524	0.0026951154691979	-0.221653134531611	FALSE	down_in_cellobiose
YDL139C	918.029512836574	-0.292491835480024	0.0916434557380468	-3.19162817600508	0.00141473324353293	0.00269789451139051	-0.284820712013782	FALSE	down_in_cellobiose
YDR086C	4485.78120568393	0.202120854373484	0.0633349229094867	3.19130181404561	0.00141633242409832	0.00270009291943609	0.200608993748496	FALSE	up_in_cellobiose
YHL021C	3338.00941375511	-0.242209483955659	0.0759224106523445	-3.19022383344435	0.00142162640316361	0.00270933147849297	-0.237793099381911	FALSE	down_in_cellobiose
YPL084W	3269.86796464587	-0.210769693445695	0.0661088848005499	-3.18822037433525	0.00143151390864366	0.00272731579004267	-0.208102471152282	FALSE	down_in_cellobiose
YER185W	290.417440625609	-0.465994220380113	0.146231743078989	-3.18668307282914	0.00143914376633467	0.00274098886730429	-0.441428128550785	FALSE	down_in_cellobiose
YKL152C	223624.210488842	-0.182045494998753	0.057144013366315	-3.18573170266798	0.00144388431771565	0.00274915210508719	-0.180086929829956	FALSE	down_in_cellobiose
YJR079W	122.506785797465	0.702877760052324	0.220803537924844	3.18327218240301	0.00145620656358445	0.00277174119040979	0.640513414419531	FALSE	up_in_cellobiose
YHL045W	93.8379319659857	-0.799781344817698	0.251252641174639	-3.18317587062415	0.00145669105366324	0.00277179118704276	-0.717217732480381	FALSE	down_in_cellobiose
YBR202W	6251.98063854895	0.254195191287095	0.079870152429297	3.18260556109636	0.0014595630040068	0.00277638258215003	0.249031431535465	FALSE	up_in_cellobiose
YDR263C	622.923615070658	-0.332512118545364	0.104623293681044	-3.17818438749468	0.00148200469502818	0.00281776867989493	-0.322110538228606	FALSE	down_in_cellobiose
YAL048C	1338.42443770189	-0.263455307375355	0.0828961693234539	-3.17813608910413	0.00148225160182272	0.00281776867989493	-0.257997351521155	FALSE	down_in_cellobiose
YJL024C	1253.08929975572	-0.260208626277872	0.0818797830199078	-3.17793497589761	0.00148328012267647	0.00281883803395223	-0.255148228782421	FALSE	down_in_cellobiose
YPR182W	970.199084485953	0.290101838943376	0.0912964658869335	3.17758016288006	0.00148509628933769	0.00282140309491322	0.282962040650043	FALSE	up_in_cellobiose
YML071C	2490.32476483588	-0.225271158956511	0.0709039470760472	-3.17713143268172	0.00148739612024892	0.00282488512759364	-0.221675740591535	FALSE	down_in_cellobiose
YLR154C	773.882733682357	0.366197290446193	0.115265143412742	3.17699939117683	0.00148807348365737	0.00282528452688117	0.353112511755427	FALSE	up_in_cellobiose
YDR217C	2619.31695425467	0.216686008759279	0.068223979468351	3.17609747258733	0.00149270786746049	0.00283319419211438	0.214102974045982	FALSE	up_in_cellobiose
YOR235W	78.8038950231305	-0.852073406234298	0.26855323742978	-3.17282865173835	0.00150961591043506	0.00286438727798673	-0.75788278605261	FALSE	down_in_cellobiose
YHR082C	3261.63192958805	0.215995181461809	0.0681496766867012	3.16942342154881	0.00152741701789694	0.00289725479500113	0.211247995973569	FALSE	up_in_cellobiose
YDL042C	1377.88919617578	0.251167749626561	0.0792772864802155	3.16821829780012	0.00153376307639226	0.00290816547355803	0.246553140830967	FALSE	up_in_cellobiose
YPR010C	7014.68150043295	0.240622082217408	0.0759503764537363	3.16814864458214	0.00153413060441786	0.00290816547355803	0.234996701968949	FALSE	up_in_cellobiose
YER152C	3071.86938665777	-0.20859272419833	0.0658563248199109	-3.16739090389181	0.00153813409818686	0.00291484121551764	-0.205418970205434	FALSE	down_in_cellobiose
YOR155C	2948.88614492488	-0.223468580461151	0.0706086277137072	-3.16489057636465	0.00155141284028553	0.00293908433162769	-0.219130537972142	FALSE	down_in_cellobiose
YNL049C	2898.16532264682	-0.222621009315533	0.0703804468708756	-3.16310877826575	0.00156093994783575	0.00295620718361254	-0.218749803773823	FALSE	down_in_cellobiose
YLR313C	1339.97256156521	0.253550650932563	0.0801976255259027	3.16157304246707	0.00156919457909817	0.00297091017494986	0.248063128256539	FALSE	up_in_cellobiose
YNL158W	1168.39427822805	-0.267752464124587	0.0847278139947166	-3.16014837986123	0.00157688810733611	0.00298454197787112	-0.262403649911876	FALSE	down_in_cellobiose
YLR283W	1487.30202558781	-0.247599907269656	0.078362958341319	-3.15965492511406	0.0015795609716356	0.00298866572331052	-0.242900643917351	FALSE	down_in_cellobiose
YOR351C	139.550502876214	-0.618618118604755	0.195854607340867	-3.15855790682579	0.00158551807026398	0.00299899900157187	-0.570558756695708	FALSE	down_in_cellobiose
YDL104C	764.26000410185	-0.303479209030258	0.0961450000037236	-3.15647416941603	0.0015968903056987	0.00301956532015363	-0.294969763358921	FALSE	down_in_cellobiose
YER189W	659.05352604819	0.362006509152807	0.11469235391984	3.15632644008527	0.00159769939900501	0.00302015114518166	0.349150622088733	FALSE	up_in_cellobiose
YER050C	2190.55255842695	0.224440700751123	0.0711251709837637	3.15557344392687	0.00160182932284806	0.00302701205058041	0.220943972498271	FALSE	up_in_cellobiose
YDL232W	672.023490212173	0.317894485161357	0.1008870904336	3.15099269683651	0.00162716558837434	0.00307393024487083	0.308876121603924	FALSE	up_in_cellobiose
YJL106W	767.203781712339	-0.338865354432541	0.107641727348929	-3.14808543841071	0.00164343650753313	0.00310369885546922	-0.327905582593945	FALSE	down_in_cellobiose
YAL014C	2440.80581362939	-0.243883915226008	0.0775333668134844	-3.14553495158671	0.00165783384641885	0.00312991165324208	-0.239308975584293	FALSE	down_in_cellobiose
YDR047W	5132.96436329179	-0.201893055474969	0.0641995516909976	-3.14477360288607	0.00166215405038245	0.00313708887699327	-0.19942909736757	FALSE	down_in_cellobiose
YKR089C	3194.71861053965	0.224525596355285	0.071401948641209	3.14453037526349	0.00166353640505064	0.00313871856336597	0.220308278283071	FALSE	up_in_cellobiose
YPR094W	677.014105558059	0.312361476991033	0.0993391866895213	3.14439333963243	0.00166431569619683	0.00313920974315393	0.303561187253318	FALSE	up_in_cellobiose
YBL010C	1032.54130679569	-0.276177336371901	0.0879587739587888	-3.13984977213641	0.0016903449256965	0.00318731186269891	-0.270109551554222	FALSE	down_in_cellobiose
YPR089W	3142.12191211211	-0.204698554515486	0.0652128105954104	-3.13893164006478	0.00169564999695749	0.0031963187384219	-0.202054485283132	FALSE	down_in_cellobiose
YDR475C	4488.91159183912	-0.21265675952445	0.0677743335844569	-3.13771819326631	0.00170268492689791	0.00320857978903597	-0.20954096361967	FALSE	down_in_cellobiose
YLL016W	2054.82117793404	0.238678211382098	0.0761503504521717	3.13430220563471	0.00172263344562725	0.00324516029666747	0.234618606048687	FALSE	up_in_cellobiose
YGR146C	3090.17562455333	0.208103210018332	0.0664256902172059	3.13287237720607	0.00173104691971031	0.00325999465047561	0.203280151798674	FALSE	up_in_cellobiose
YOL100W	3164.89615847454	0.207745302727029	0.0663350999972813	3.13175532614776	0.00173764620649992	0.00327140426489823	0.20427112397446	FALSE	up_in_cellobiose
YDR479C	2671.13227012314	0.211468677672315	0.0675305605988557	3.13145153537935	0.00173944493110325	0.00327377174494198	0.208527355585499	FALSE	up_in_cellobiose
YDR049W	2394.19270141628	-0.224088488074127	0.0715822725442149	-3.13050256871507	0.00174507473155749	0.00328334589461626	-0.219624568024276	FALSE	down_in_cellobiose
YHR045W	3457.97550456572	-0.227792228712189	0.0728065871266293	-3.12873103522899	0.00175562931231341	0.003302177148689	-0.224084726676736	FALSE	down_in_cellobiose
YBR130C	2389.41057966521	-0.219387101274446	0.0701350336048797	-3.12806724397408	0.00175959919262194	0.00330861532986326	-0.215410889921459	FALSE	down_in_cellobiose
YNL164C	1463.7663370941	0.245328336429932	0.0784915700977906	3.12553738094784	0.00177480511645453	0.00333617033854365	0.240560348512241	FALSE	up_in_cellobiose
YLR053C	199.857862271969	0.519395237958948	0.166192754449432	3.12525801548698	0.00177649164805066	0.00333830319324587	0.487496842296848	FALSE	up_in_cellobiose
YIR026C	1451.80669138043	-0.2559322090569	0.0818944242436594	-3.12514815777235	0.00177715526346709	0.0033385131020846	-0.25065556052317	FALSE	down_in_cellobiose
YPR196W	825.294586329483	-0.29679221496638	0.0950325893621958	-3.12305722656069	0.00178982943555812	0.00336127856432507	-0.2885354592766	FALSE	down_in_cellobiose
YAL013W	3188.16472383048	0.203902166076657	0.0653124646092595	3.12194873209162	0.00179658221849504	0.00337291304769599	0.199651931444733	FALSE	up_in_cellobiose
YPL098C	1454.86113363854	0.262792372670771	0.084340382527225	3.11585464514513	0.00183412655373751	0.00344233059992497	0.257099862083449	FALSE	up_in_cellobiose
YDR153C	2829.30400311121	0.219365927761845	0.0704276193868762	3.11477130238939	0.00184087578286488	0.0034539260578628	0.216025355612864	FALSE	up_in_cellobiose
YIL079C	1742.58212284181	-0.236274057083555	0.0758595886709809	-3.11462349352203	0.00184179839967956	0.00345458558749199	-0.232040831113304	FALSE	down_in_cellobiose
YLR126C	1985.89244588023	-0.239914675180767	0.0770677800969184	-3.11303471929588	0.00185174232437121	0.00347216035961607	-0.235302292559986	FALSE	down_in_cellobiose
YOR321W	2598.0973310657	-0.286800504770188	0.0921919295131715	-3.11090684710328	0.00186513766586496	0.00349562262726418	-0.277998599172526	FALSE	down_in_cellobiose
YOR279C	1058.78897101793	0.275775054578246	0.0886490342693063	3.11086360783662	0.00186541078538746	0.00349562262726418	0.269968083397381	FALSE	up_in_cellobiose
YIL002C	2336.15899428808	-0.221452970276401	0.0712185309396092	-3.10948523305241	0.00187413652525168	0.00351088629335627	-0.217657315279825	FALSE	down_in_cellobiose
YOR157C	4780.45478918134	0.200038612826066	0.0644128621932389	3.10556938497701	0.00189913059026257	0.00355660710232145	0.197542452475169	FALSE	up_in_cellobiose
YJL006C	1215.1371230742	-0.300839337348859	0.096920116461667	-3.10399273475744	0.00190928019323359	0.00357450816740018	-0.29186614750588	FALSE	down_in_cellobiose
YPL148C	639.022553251332	0.318754540894728	0.102742630917976	3.10245647835515	0.00191921765711088	0.00359200111629447	0.309458743309562	FALSE	up_in_cellobiose
YKL179C	2814.15275812435	-0.206951299076232	0.066736485645293	-3.1010218334868	0.00192854070041369	0.00360833365196487	-0.203895283650616	FALSE	down_in_cellobiose
YPL104W	1477.97232654534	0.242167654177949	0.0782383816334746	3.09525387823636	0.00196644499428389	0.00367811557527002	0.237590203519152	FALSE	up_in_cellobiose
YKR051W	1853.65590021381	-0.23913184089975	0.0773435472826906	-3.09181372333135	0.00198937643589247	0.00371985720578471	-0.234659278861242	FALSE	down_in_cellobiose
YOR171C	2656.0578773562	0.216599050362978	0.0700894836325533	3.09032167362663	0.00199939826652628	0.00373744132083358	0.21335651166988	FALSE	up_in_cellobiose
YOL108C	1120.15301063937	-0.281728273816772	0.0912513378684109	-3.08738787175963	0.00201923934052676	0.00377336384641531	-0.275362571720412	FALSE	down_in_cellobiose
YDR493W	941.03336934417	0.299326226487814	0.0969772078167133	3.08656263906401	0.00202485279430854	0.00378268516144915	0.291070556432301	FALSE	up_in_cellobiose
YCR017C	4759.07884403703	-0.196870411068249	0.0638189912106354	-3.08482486691894	0.00203672044116923	0.0038036807498094	-0.194155300610911	FALSE	down_in_cellobiose
YFL041W	2792.21659855174	-0.2165913692687	0.0702306881242985	-3.08399896189773	0.00204238308131851	0.00381307878360978	-0.213374891265626	FALSE	down_in_cellobiose
YGR131W	1062.41955919453	0.26904316997786	0.0872950620773915	3.08199757896202	0.00205616509778204	0.00383762501588509	0.262953985603714	FALSE	up_in_cellobiose
YNL147W	1990.6013043599	0.234549452758443	0.0761364973391907	3.08064411885823	0.00206553366189082	0.00385392138210289	0.230487797581209	FALSE	up_in_cellobiose
YNL304W	1536.64052001992	0.239497534597493	0.0777588334838939	3.08000421131703	0.0020699766804904	0.0038610203331133	0.235111080284206	FALSE	up_in_cellobiose
YOR174W	1606.4334867925	-0.25265535536082	0.0820806357896591	-3.07813594436912	0.00208299867903325	0.00388411190181016	-0.247094580064874	FALSE	down_in_cellobiose
YKR105C	2624.2030805866	0.329101539906141	0.106994197719932	3.07588212182867	0.00209880802220605	0.00391238512367469	0.318939306740855	FALSE	up_in_cellobiose
YLR157W-D	432.054510681385	-1.09200899517304	0.355142656092091	-3.07484605535494	0.00210611232407383	0.00392479157372847	-0.927075540731443	FALSE	down_in_cellobiose
YIR036C	3001.82210868339	0.206681581046437	0.0672240690967445	3.07451756228851	0.00210843307382841	0.00392790627150849	0.203865569741573	FALSE	up_in_cellobiose
YKR005C	317.332488392905	0.410818677782168	0.133651866304842	3.07379679117347	0.00211353342446009	0.00393619571568936	0.392229379945871	FALSE	up_in_cellobiose
YMR269W	1621.5376230408	0.265416633764684	0.0863706982113932	3.07299395814856	0.00211922778361504	0.00394558598432976	0.259074256784514	FALSE	up_in_cellobiose
YLR063W	821.956087398514	-0.296555748424721	0.096518930512462	-3.07251382552805	0.00212264000273177	0.00395072288508445	-0.288101153050501	FALSE	down_in_cellobiose
YJL023C	1389.90150408261	0.251392282874161	0.0818316134852063	3.07206802074859	0.00212581276980543	0.00395541108722025	0.247461705697626	FALSE	up_in_cellobiose
YBL091C-A	1664.4952555506	0.241377032335732	0.0786355943505468	3.06956454426613	0.00214371079112904	0.00398748664684488	0.236885074577436	FALSE	up_in_cellobiose
YJL124C	2803.23118032042	0.204429366110695	0.0666122488197591	3.06894557281566	0.00214815723490041	0.0039945290851253	0.201637069801397	FALSE	up_in_cellobiose
YMR205C	18157.5022743912	0.172884968273667	0.0563604981387371	3.06748474522161	0.00215868478525122	0.00401287162445747	0.170953732337382	FALSE	up_in_cellobiose
YDR352W	1269.76422473193	-0.26108267913588	0.085140833451663	-3.06648018995614	0.00216595160300854	0.00402514324012247	-0.255421275796351	FALSE	down_in_cellobiose
YJR003C	1773.4965745764	-0.233777292333284	0.0763508056096849	-3.06188376751888	0.00219948842441826	0.00408621175654363	-0.228845167695801	FALSE	down_in_cellobiose
YFL004W	2976.55608321325	-0.20340535797375	0.0664884759879638	-3.05925733672361	0.00221886463570641	0.00412094325495489	-0.200618251267778	FALSE	down_in_cellobiose
YGL159W	1413.03904168791	-0.262417281459064	0.0857846206963683	-3.05902479172672	0.00222058772775936	0.00412287758293934	-0.256508967070821	FALSE	down_in_cellobiose
YGL131C	1190.17994080138	-0.269455292870968	0.0881094330250518	-3.0581889318747	0.00222679134086301	0.00413312697787061	-0.263132774604558	FALSE	down_in_cellobiose
YOL029C	635.382006653869	-0.335730067156596	0.109819679900327	-3.0571029478624	0.00223487505542232	0.0041468586534508	-0.324892327171902	FALSE	down_in_cellobiose
YDR248C	1355.49061745133	-0.244986512709194	0.0801821806565529	-3.05537353440851	0.00224780377524364	0.00416956916174449	-0.240143239292381	FALSE	down_in_cellobiose
YBR080C	4120.01421370945	-0.204469051912718	0.0669304107066409	-3.05494990623792	0.00225098115936634	0.0041741830266729	-0.201244753039985	FALSE	down_in_cellobiose
YMR304W	3775.46094476915	0.198611141090482	0.0650216127256154	3.0545403715008	0.00225405674859407	0.00417860535465692	0.195863040038524	FALSE	up_in_cellobiose
YMR034C	782.447264860859	0.288383133183381	0.0944422187400649	3.05354042959435	0.00226158245585165	0.00418998844577233	0.280161627791063	FALSE	up_in_cellobiose
YNL038W	1430.38051135926	-0.243733650125584	0.0798198336416592	-3.05354745813922	0.00226152947776788	0.00418998844577233	-0.240087324756923	FALSE	down_in_cellobiose
YKL108W	1543.39970177552	0.243238961847706	0.079704112757461	3.05177428657766	0.00227493096383267	0.00421342847526754	0.238507041567015	FALSE	up_in_cellobiose
YML013W	3453.89425788083	0.203417451608325	0.06667153804338	3.05103883273206	0.00228051077884637	0.00422247006465922	0.200674585468516	FALSE	up_in_cellobiose
YJL055W	9978.9107089356	-0.19407211958437	0.0636514603456433	-3.04898141425994	0.00229618686759932	0.00425019411325222	-0.190942005547088	FALSE	down_in_cellobiose
YLR414C	2965.4156596817	0.232045492619896	0.0761475298564834	3.04731477248488	0.00230895780629289	0.00427252547270288	0.228108795451346	FALSE	up_in_cellobiose
YDR524W-C	6075.31844282613	-0.218057062778218	0.0715762863042101	-3.04649869443411	0.00231523484645032	0.00428283045448868	-0.217601415683254	FALSE	down_in_cellobiose
YER107C	1900.49023339211	-0.222797709352408	0.0732437524061543	-3.04186639861023	0.00235116224635834	0.00434796099915059	-0.21903900472664	FALSE	down_in_cellobiose
YMR210W	1720.29286271795	-0.249636144236929	0.0820790861156203	-3.04140988954581	0.00235473035611431	0.00435322858317098	-0.244260692368826	FALSE	down_in_cellobiose
YDR423C	2101.94898443784	-0.22052677728332	0.0725630175207306	-3.03910703851749	0.0023728053226484	0.00438530381811799	-0.216933562805569	FALSE	down_in_cellobiose
YGR054W	4031.18052116407	0.243903782750876	0.080295998667893	3.03755836900006	0.00238503209651047	0.00440655441410868	0.239989243350809	FALSE	up_in_cellobiose
YBR032W	76.5740622492545	-0.795602819408353	0.261942799168128	-3.03731510060597	0.00238695793806794	0.00440876597477037	-0.705759801629583	FALSE	down_in_cellobiose
YMR251W	703.806600994269	-0.310562872065269	0.102271739756515	-3.03664407004953	0.00239227755329705	0.00441724264954026	-0.30114768081801	FALSE	down_in_cellobiose
YML068W	1233.3209752428	-0.275745311824372	0.0908700148784673	-3.03450276962278	0.00240932543273174	0.0044473633025921	-0.269044477027606	FALSE	down_in_cellobiose
YPL276W	103.117121926227	-0.694436429728523	0.228917114516992	-3.03357147932676	0.00241677450388485	0.0044583924897833	-0.626898957746848	FALSE	down_in_cellobiose
YIL103W	1796.75770946092	-0.232686375511586	0.0767015612634561	-3.03365892008834	0.00241607419962848	0.0044583924897833	-0.227688284183862	FALSE	down_in_cellobiose
YJR059W	7721.05868225367	0.184163450832618	0.0607531195013185	3.03134147422045	0.00243469729873626	0.00449008657318769	0.182254070623276	FALSE	up_in_cellobiose
YER027C	2273.3383264774	-0.211152288410569	0.0697019270072769	-3.02936084376153	0.00245071775461538	0.00451825409864932	-0.210639086802203	FALSE	down_in_cellobiose
YPL237W	8991.35976856143	0.182190218388366	0.0602065774150925	3.02608495965915	0.0024774268025245	0.00456610442671259	0.180357833748296	FALSE	up_in_cellobiose
YLL040C	3484.41699290623	0.212401515159882	0.0702283750491865	3.02444012140564	0.00249093774862281	0.00458960781036228	0.210176048695005	FALSE	up_in_cellobiose
YGL063W	832.505102394852	-0.326735578979913	0.108036365571	-3.02431109426009	0.00249200044300945	0.00459016768567727	-0.316051608735932	FALSE	down_in_cellobiose
YBR058C	2958.39073935618	0.202152052101022	0.0668778825691564	3.02270413379165	0.00250527050000173	0.00461320586134261	0.198910442607344	FALSE	up_in_cellobiose
YKL191W	2702.35963533944	0.251446808896915	0.0832373870973964	3.02083976522108	0.00252074718463506	0.00464029206325548	0.247213472488391	FALSE	up_in_cellobiose
YNL300W	2113.99199526577	-0.255023504270255	0.0844445604471776	-3.02001103350854	0.00252765477291599	0.00465159224866712	-0.249540375071514	FALSE	down_in_cellobiose
YIL059C	1558.84629820511	0.845771389489036	0.280249058956846	3.01792766989906	0.00254509642472908	0.00468226528989849	0.741951175959148	FALSE	up_in_cellobiose
YML125C	3481.4488418094	-0.207997731905552	0.0689678749601302	-3.01586400952318	0.00256248157479975	0.00471281576344289	-0.20520323891715	FALSE	down_in_cellobiose
YOR043W	5731.22206280792	-0.182463876370454	0.0605138602570212	-3.01524106370794	0.00256775083392247	0.00472107136607812	-0.180338675685237	FALSE	down_in_cellobiose
YIL153W	2075.50577359992	0.236142657076446	0.0783388535804008	3.01437468489487	0.00257509567286785	0.004733136956906	0.23178806502662	FALSE	up_in_cellobiose
YOR217W	3343.71437378727	0.199102775554093	0.0660761283195629	3.01323307853595	0.00258480312453698	0.00474809416954879	0.196398627207868	FALSE	up_in_cellobiose
YBR143C	9856.9675295637	0.17435038233885	0.0578606135472066	3.0132826399534	0.00258438099377817	0.00474809416954879	0.172515481108442	FALSE	up_in_cellobiose
YNL240C	3653.8769423376	0.192359155768194	0.0639474025121067	3.00808395981019	0.00262900494849178	0.00482782359849021	0.189527592948772	FALSE	up_in_cellobiose
YMR061W	4098.89766984267	-0.204397907396995	0.0679620451885389	-3.00753025942581	0.00263379902293275	0.00483515942024892	-0.201020008336232	FALSE	down_in_cellobiose
YNR032C-A	1017.59955919018	0.29152917552606	0.096951583865392	3.00695629615314	0.00263877697264171	0.00484282824863764	0.283916638518527	FALSE	up_in_cellobiose
YNL033W	165.116941444104	-0.730356002106539	0.243173207990128	-3.00343943373971	0.00266946676779013	0.00489766590183879	-0.6508645891154	FALSE	down_in_cellobiose
YNL118C	6076.12000688037	-0.183929560074804	0.0612628453013969	-3.00230195267489	0.00267946256158388	0.00491451456489414	-0.181839814030934	FALSE	down_in_cellobiose
YDL064W	1297.89606858392	0.24060811690683	0.0802263754958324	2.99911488484642	0.00270765187994837	0.00496471240430667	0.235541711708944	FALSE	up_in_cellobiose
YDR435C	1560.96410648743	-0.233224715957396	0.0777842939600186	-2.9983522904672	0.00271443701062681	0.00497564529614592	-0.228857725820665	FALSE	down_in_cellobiose
YGR264C	7451.55521564041	-0.18878610055512	0.0630018396931985	-2.99651726797909	0.00273082771151991	0.00500417353134927	-0.185998507263554	FALSE	down_in_cellobiose
YOL124C	2394.26371061429	0.325403763635915	0.108638897451342	2.99527859054037	0.00274194283285469	0.00502302004722532	0.31442378047427	FALSE	up_in_cellobiose
YGR240C	22874.6134384377	0.168510803116453	0.056297864505339	2.99320062309775	0.00276068208132102	0.00505581771417223	0.16714534857216	FALSE	up_in_cellobiose
YBR258C	483.081825581764	-0.34809693158142	0.116440622440331	-2.98948016839912	0.00279452587789498	0.00511624910271995	-0.334461244639712	FALSE	down_in_cellobiose
YGR084C	2093.67104428332	0.213875736359648	0.0715458178398755	2.98935343556093	0.00279568537163531	0.005116823241459	0.210510297903026	FALSE	up_in_cellobiose
YAL056W	5401.09013663241	0.186199632861692	0.0623528095203826	2.98622683234225	0.00282443053132483	0.00516787062431454	0.181082894169141	FALSE	up_in_cellobiose
YER088C	6055.57496240114	-0.177481481772148	0.0594469750794418	-2.98554268800004	0.00283075625107858	0.00517787860985011	-0.175431645702886	FALSE	down_in_cellobiose
YDR099W	10140.8388885771	0.185133438666892	0.0620177273533969	2.9851696695034	0.00283421069309371	0.00518263013377384	0.182841663298833	FALSE	up_in_cellobiose
YIL060W	1296.64600619572	0.786382948455567	0.263620938077908	2.98300641136163	0.00285432015076501	0.00521782489935858	0.695568832018819	FALSE	up_in_cellobiose
YBL058W	7103.00931388316	0.180474855528745	0.0605929876322678	2.97847758595478	0.00289684216173962	0.00529395717110664	0.176994360818534	FALSE	up_in_cellobiose
YML063W	35894.7937425698	0.182405900888694	0.061269761331122	2.97709501270802	0.0029099381424232	0.00531628384884262	0.179331774552178	FALSE	up_in_cellobiose
YGL231C	3183.22053617428	0.19373748358857	0.0651541003581624	2.97352710763504	0.00294398401294215	0.00537685969030407	0.19048395163681	FALSE	up_in_cellobiose
YDR407C	2236.25671988571	-0.22718214260873	0.0764241875157888	-2.9726471421341	0.00295243656215138	0.00539066971459515	-0.22305374510581	FALSE	down_in_cellobiose
YGR229C	6331.08829406003	0.245462056906705	0.0826130110450217	2.97122758027709	0.00296611891674933	0.00541401729855663	0.239948321445527	FALSE	up_in_cellobiose
YNL277W-A	133.015456271776	-0.745594000146163	0.251274718245302	-2.96724638814754	0.00300480060277167	0.00548296797772724	-0.662037166557738	FALSE	down_in_cellobiose
YOR172W	1339.06521858206	0.246527212168714	0.083112804936523	2.96617605863498	0.00301527823911766	0.00550042764427706	0.241053237509769	FALSE	up_in_cellobiose
YMR194W	7787.16322838319	0.197075911407872	0.0664510902833844	2.96572878740486	0.00301966651763956	0.00550677201242137	0.193636021625727	FALSE	up_in_cellobiose
YHR060W	1505.96837536957	0.239528748479823	0.0807815775940343	2.96514076122119	0.00302544463859866	0.00551564635891599	0.235153776563333	FALSE	up_in_cellobiose
YNL097C-B	44.258293007875	-1.0622647517546	0.358316089610436	-2.96460243498834	0.00303074323365623	0.00552364140415382	-0.894541934704149	FALSE	down_in_cellobiose
YHR180W	1317.97814751833	0.283407053092143	0.0956066252333902	2.96430349256972	0.00303368929448015	0.0055269735700635	0.276671126075424	FALSE	up_in_cellobiose
YOL110W	2797.79328605743	-0.212999687306172	0.0718566298533732	-2.96423152241913	0.00303439894630201	0.0055269735700635	-0.210701223601964	FALSE	down_in_cellobiose
YNCP0025W	371.65926174105	0.378367911413782	0.127650452537683	2.96409377242188	0.00303575763355898	0.00552778384268461	0.362067511698985	FALSE	up_in_cellobiose
YNR032W	1468.15338821929	-0.242984722126143	0.0820031831275905	-2.96311329461538	0.00304544454867437	0.00554375385944366	-0.239406079486904	FALSE	down_in_cellobiose
YDR287W	1797.65991364074	0.219902635111296	0.0742572475563265	2.96136259217651	0.00306281125951384	0.00557368992442817	0.216202259107423	FALSE	up_in_cellobiose
YLR207W	2789.4629462841	-0.202107381127028	0.0682658897967283	-2.96059103204883	0.0030704936564837	0.00558598981295335	-0.199342899150864	FALSE	down_in_cellobiose
YKL173W	2045.61909333878	0.213835834376223	0.0722998139234801	2.95762634468935	0.00310017670824924	0.00563829492128672	0.209996916785095	FALSE	up_in_cellobiose
YMR130W	1222.29361177887	-0.263137852878071	0.0891265798846771	-2.95240604114453	0.0031530801239793	0.00573278679589744	-0.256714520673608	FALSE	down_in_cellobiose
YKL196C	4105.94210565206	0.20026140313535	0.0678708284998973	2.95062558630256	0.00317131089727098	0.00576420060624764	0.197644255487268	FALSE	up_in_cellobiose
YMR282C	1346.68875919118	0.243535087246351	0.0825567329256633	2.94991188018109	0.00317864574971528	0.00577406250451283	0.238742942770561	FALSE	up_in_cellobiose
YMR048W	1524.00101344843	0.238731809593056	0.0809268254091006	2.94997126584691	0.00317803484611901	0.00577406250451283	0.234911350164311	FALSE	up_in_cellobiose
YBR237W	2915.8445816885	-0.196126502284217	0.0665013607001588	-2.94921036531135	0.0031858703758978	0.00578544878529145	-0.193375760901953	FALSE	down_in_cellobiose
YCL017C	3561.16818808359	0.192525717961619	0.0652849894791186	2.94900434996927	0.00318799488804795	0.00578756935108105	0.189917621948495	FALSE	up_in_cellobiose
Q0020	18.0991697630051	1.64446939394709	0.557933221139318	2.94743050178842	0.00320426769478123	0.00581536612233173	1.2866319241939	FALSE	up_in_cellobiose
YML031W	3196.01947774838	-0.199340514945091	0.067665939669188	-2.94595059079423	0.00321963825470524	0.00584150923896581	-0.197088650699729	FALSE	down_in_cellobiose
YPR105C	2804.64667242811	-0.19797052102153	0.0672175079008291	-2.9452225648355	0.0032272242617987	0.00585351710933144	-0.195084227116158	FALSE	down_in_cellobiose
YLR003C	1572.85815490178	0.236713121852261	0.0803767836634706	2.94504346980784	0.00322909292060662	0.00585515080238292	0.232131627059093	FALSE	up_in_cellobiose
YMR140W	2095.16745441341	0.216143465719378	0.0734268303703799	2.94365785134815	0.00324358367350571	0.0058796636622823	0.212551284632413	FALSE	up_in_cellobiose
YDL052C	4637.20836491639	-0.228307567746131	0.077609282605083	-2.94175593540635	0.00326357033086981	0.00591412130959601	-0.227023317285249	FALSE	down_in_cellobiose
YPL096W	2001.89401581942	-0.228476403203648	0.0776795663925098	-2.94126774664487	0.00326871862233479	0.00592167683333428	-0.22394060547153	FALSE	down_in_cellobiose
YPL162C	1127.89819443185	-0.267688067712945	0.0910377924062573	-2.94040596369454	0.0032778247870088	0.00593639584928631	-0.261117987990603	FALSE	down_in_cellobiose
YOR259C	7920.82423836302	0.178495255455686	0.0607190785536692	2.93968979285341	0.00328540989455019	0.005948352125751	0.177094512576281	FALSE	up_in_cellobiose
YNL029C	1071.63066980786	-0.25180671435614	0.0857371551698366	-2.93696138922893	0.00331445367434972	0.00599914131542234	-0.246398960329493	FALSE	down_in_cellobiose
YMR270C	1871.73543718057	-0.220535158572195	0.0750986123482922	-2.93660763729425	0.00331823643081106	0.00600419149565543	-0.216575856644902	FALSE	down_in_cellobiose
YLR017W	2795.64033424372	0.201234725970268	0.068553152193311	2.93545547552375	0.00333058405505812	0.00602473174313593	0.198284697930148	FALSE	up_in_cellobiose
YGL047W	725.866880968785	0.289728836335897	0.0987181028184514	2.93491090351206	0.00333643474006714	0.00603351083487776	0.281560229460275	FALSE	up_in_cellobiose
YOR278W	919.16156876654	-0.263326697177108	0.0897617188187836	-2.93361914903532	0.00335035033553132	0.00605686466814972	-0.256021181173708	FALSE	down_in_cellobiose
YOL043C	1585.43756406983	0.223920720148472	0.0763499480776702	2.93282085693993	0.00335897644527956	0.00607064491111326	0.219500756122638	FALSE	up_in_cellobiose
YLR209C	2420.35424363505	-0.215052374220443	0.073348103098869	-2.93194186536174	0.00336849796037554	0.00608603469603095	-0.211431654441218	FALSE	down_in_cellobiose
YOR093C	1749.28012771692	0.219560780582876	0.075031801117401	2.92623630664727	0.00343090222915564	0.00619323413433676	0.216155850178096	FALSE	up_in_cellobiose
YGL025C	2181.5454628545	-0.208329028209299	0.0711934114046422	-2.92624028121393	0.00343085839363877	0.00619323413433676	-0.205488793472001	FALSE	down_in_cellobiose
YKL207W	4835.32348657672	0.18883593873725	0.0645291002468079	2.9263686928068	0.00342944241579019	0.00619323413433676	0.186479566000541	FALSE	up_in_cellobiose
YBR235W	2390.21956190484	-0.206091450184929	0.0704318784281114	-2.92611037479688	0.00343229139621981	0.00619389339371528	-0.202245779016729	FALSE	down_in_cellobiose
YLR333C	10085.6195012743	0.190004315681197	0.0649787690852506	2.92409841485172	0.0034545550769641	0.00623221105295432	0.187554162227915	FALSE	up_in_cellobiose
YNL041C	2869.00379725304	-0.203579500280565	0.0696312083640156	-2.92368185277353	0.00345918100701304	0.00623869585910014	-0.200115172733894	FALSE	down_in_cellobiose
YNCO0028W	60.1436815626129	0.850066720942065	0.290800686826363	2.92319364929712	0.00346460969161946	0.0062466241504042	0.740350874704058	FALSE	up_in_cellobiose
YDR065W	643.017714777819	-0.297289479877302	0.101816060363294	-2.91986822920207	0.00350179418740275	0.00631178576865293	-0.288555387653476	FALSE	down_in_cellobiose
YDR306C	2325.36315620464	0.204200002560335	0.0699370785026677	2.91976740996617	0.00350292718829608	0.00631194714387935	0.201219579228956	FALSE	up_in_cellobiose
YPL120W	1085.92595440325	-0.259270901919316	0.0888317277482528	-2.91867453770666	0.00351523024918944	0.00633222983244399	-0.253532968367638	FALSE	down_in_cellobiose
YDL230W	2224.32587228981	-0.203837991626987	0.0698853508788526	-2.91674848968482	0.00353700857171625	0.00636956381372777	-0.201087410160603	FALSE	down_in_cellobiose
YBR251W	2100.12876364386	0.211503617730204	0.0725573139754762	2.91498687233227	0.0035570350450952	0.00640372172255383	0.207099343903298	FALSE	up_in_cellobiose
YJL190C	13970.5049410201	0.196887402803955	0.0675495960526433	2.91470881114545	0.00356020551840938	0.00640752251736338	0.194065408346126	FALSE	up_in_cellobiose
YPL189W	229.720620872883	-0.479885973191227	0.164880235509241	-2.91051241956973	0.00360836625647322	0.00649226873450521	-0.448697928368655	FALSE	down_in_cellobiose
YAR029W	329.634836452365	-0.40585688661927	0.139456394417905	-2.91027807160315	0.00361107318733335	0.00649520716924753	-0.385551650142319	FALSE	down_in_cellobiose
YDR328C	6176.86970291908	0.174869362258578	0.0601072418160409	2.9092894129757	0.00362251343163364	0.00651384772531269	0.173027339464319	FALSE	up_in_cellobiose
YKL130C	1247.34719107844	-0.237085630006938	0.081538541206835	-2.90765111195127	0.00364154358748145	0.0065461209987148	-0.232044600522354	FALSE	down_in_cellobiose
YBR002C	2917.3051257179	0.194976265568014	0.0670691780110554	2.9070919213573	0.00364805980809124	0.00655588644656683	0.191865487513979	FALSE	up_in_cellobiose
YDL216C	966.241558684153	-0.267954679261309	0.0922189314764642	-2.90563634788693	0.00366507128626513	0.00658450139905488	-0.26068295816686	FALSE	down_in_cellobiose
YBR295W	1569.50370502105	-0.220912427800409	0.076044921157837	-2.90502540389105	0.00367223293560433	0.00659540885613735	-0.216898645048175	FALSE	down_in_cellobiose
YJR031C	1434.40771392026	-0.249424116278399	0.085894496103815	-2.90384282570255	0.00368613159732725	0.00661840606477665	-0.243788350370411	FALSE	down_in_cellobiose
YLR409C	2575.5823899024	0.220423325584226	0.0759285616043791	2.9030357078635	0.0036956449726757	0.00663351823136953	0.214703381380422	FALSE	up_in_cellobiose
NR_132177.1	876.289550974242	-0.286545446244772	0.0987574648158885	-2.90150670411572	0.00371372832856257	0.0066639996023361	-0.278468642079962	FALSE	down_in_cellobiose
YKL094W	7083.14216696456	-0.262315557720091	0.0904329139583727	-2.90066466110821	0.00372372138892437	0.00667994978695241	-0.257794129398723	FALSE	down_in_cellobiose
YCL052C	3023.18739996484	-0.192748796941677	0.0664693806257494	-2.8998133445373	0.00373384934767441	0.00669613243524533	-0.189942655913881	FALSE	down_in_cellobiose
YKL119C	1138.01213825088	-0.252073607379084	0.0869328541694547	-2.89963569915382	0.00373596591764779	0.0066979424528309	-0.246562193200773	FALSE	down_in_cellobiose
YKL047W	1882.52228287597	-0.23463548224889	0.0809616654014711	-2.89810592563016	0.00375423770792274	0.00672870633932583	-0.229930434572972	FALSE	down_in_cellobiose
YGR053C	768.434059785863	0.274515022527716	0.0947710926172114	2.89661135000844	0.00377216749438435	0.00675883921016911	0.266706297849529	FALSE	up_in_cellobiose
YDR363W	1495.78817500999	-0.229004684887015	0.0791358741296692	-2.89381633052762	0.00380590714815336	0.00681727341995253	-0.224567981673214	FALSE	down_in_cellobiose
YBL037W	1710.02046643271	0.235224457726944	0.081315627919448	2.89273370624352	0.00381904939651628	0.00683878916504648	0.23087865972888	FALSE	up_in_cellobiose
YGR065C	17130.7448993879	-0.5992277893232	0.207170776867784	-2.89243395416539	0.00382269544434515	0.00684329231809524	-0.545032675581925	FALSE	down_in_cellobiose
YGL020C	2316.39775549862	-0.210559390501184	0.0728209704360798	-2.8914664174382	0.00383448571158667	0.00686236806786621	-0.206242866971605	FALSE	down_in_cellobiose
YAL027W	703.070477358942	0.298317049426392	0.103230453614037	2.88981631856191	0.00385466983272065	0.00689645010888117	0.288968846477325	FALSE	up_in_cellobiose
YDR129C	8378.15314297522	-0.167166257052757	0.0579523506315445	-2.88454661857608	0.00391977718170097	0.0070108610798667	-0.163755430105993	FALSE	down_in_cellobiose
YMR065W	1342.25181533111	-0.268985821599317	0.0932657008012634	-2.88408084953427	0.00392557954760056	0.00701916366640136	-0.26198047484243	FALSE	down_in_cellobiose
YLR095C	3382.95149037208	-0.185967056723624	0.0645153954613878	-2.8825221544976	0.00394505392938413	0.00705190047838197	-0.183610771434851	FALSE	down_in_cellobiose
YER137C	395.861074800628	0.367998652145996	0.127687580613937	2.88202384583228	0.00395129829524003	0.00705889054574924	0.352232811040836	FALSE	up_in_cellobiose
YBR257W	1356.23082114333	-0.229546384852222	0.0796456169018069	-2.88209689097172	0.00395038239674706	0.00705889054574924	-0.225018895888797	FALSE	down_in_cellobiose
YOR117W	5987.09101330616	0.186650365176233	0.0647679471572921	2.88183234714763	0.00395370037474303	0.00706109641772088	0.184225595930239	FALSE	up_in_cellobiose
YDR374W-A	1497.4128003806	0.249652308930327	0.0866340845981768	2.88168692597441	0.00395552536295411	0.00706227063769464	0.244728629500872	FALSE	up_in_cellobiose
YCR020W-B	535.010031157003	-0.314775882450676	0.109251614365331	-2.88120120036014	0.00396162660679867	0.00707107682045594	-0.304321834198229	FALSE	down_in_cellobiose
YLR429W	6426.87025106544	-0.189351999028579	0.0657470109226456	-2.88000924104915	0.00397663514980254	0.00709577168765651	-0.186759534844755	FALSE	down_in_cellobiose
YJR041C	1455.26044996721	0.2232999284939	0.0775904889625594	2.87792913125797	0.00400295054481116	0.007140621599989	0.219413381834693	FALSE	up_in_cellobiose
YDL091C	2063.52885211766	0.208160719764488	0.0723467229585063	2.87726535843062	0.00401138112667563	0.00715173140717959	0.20392489570153	FALSE	up_in_cellobiose
YOL103W	3069.33549990212	-0.188647706352098	0.065565222029957	-2.8772526121532	0.00401154317483226	0.00715173140717959	-0.186713066461997	FALSE	down_in_cellobiose
YHR002W	1104.5065728076	0.244403864970394	0.0851006936366244	2.87193740175592	0.00407963770203725	0.00727098658209291	0.239464203705206	FALSE	up_in_cellobiose
YAL059W	1215.65140009956	0.239701288329437	0.0834792510364376	2.87138762451056	0.00408674057348608	0.00728150036200805	0.234617804284983	FALSE	up_in_cellobiose
YPL218W	8311.0384914355	0.194254756431601	0.0676635613633207	2.87089169587965	0.00409315737171127	0.00729078590738559	0.191459728200829	FALSE	up_in_cellobiose
YIL147C	2421.99324038716	0.204134299944759	0.071127665497564	2.86997047515569	0.00410510127853825	0.00730990804647568	0.200844298017882	FALSE	up_in_cellobiose
YDR461W	110.502673871204	0.70371820299419	0.245272693912889	2.86912575455352	0.00411608112656507	0.0073273027470842	0.626172494423559	FALSE	up_in_cellobiose
YJL008C	5169.75729825156	0.192667265739647	0.0671617240062075	2.8687063739138	0.00412154221416512	0.00733486579978959	0.188147905892448	FALSE	up_in_cellobiose
YDR075W	1468.18587874235	0.23841714202658	0.0832038574221411	2.86545779743062	0.00416406772511097	0.00740836637329301	0.233070131607197	FALSE	up_in_cellobiose
YHR036W	1199.02480589673	-0.236886901796863	0.0827381929836069	-2.86309010693281	0.00419531236940925	0.00746175963615306	-0.231735977704664	FALSE	down_in_cellobiose
YDR180W	861.284641370235	0.281957363185269	0.0984962216120225	2.86262110942592	0.00420152655731312	0.00747061556295916	0.273985219186183	FALSE	up_in_cellobiose
YJR099W	1006.92308286919	-0.250687714885244	0.0875905539633048	-2.862040523117	0.00420923085541279	0.00748211502920716	-0.245077706575207	FALSE	down_in_cellobiose
YOL015W	1043.2802056421	-0.289725599574605	0.101363912217552	-2.85827167910394	0.00425955525502703	0.00756934481129802	-0.281483120071166	FALSE	down_in_cellobiose
YDR085C	2118.99810274041	0.207292652198917	0.0725530313575956	2.85711910750115	0.00427505383592463	0.00759465511116244	0.203199798604522	FALSE	up_in_cellobiose
YER142C	1166.77605881384	0.251089245802462	0.0878964469789751	2.8566484133599	0.00428139793311724	0.00760369233629659	0.245535808092762	FALSE	up_in_cellobiose
YBR044C	1965.17817912665	-0.21160098944641	0.0741123272963709	-2.85513891096997	0.00430180090058498	0.0076376852502608	-0.208026979174771	FALSE	down_in_cellobiose
YPR070W	1574.79929761087	-0.216849952112928	0.0759896176142761	-2.85367868560228	0.00432162167405242	0.00766837474518718	-0.212886474978811	FALSE	down_in_cellobiose
YOL111C	2515.97682131798	-0.199494823369131	0.0699067910152512	-2.85372594667675	0.00432097886836673	0.00766837474518718	-0.196352382677309	FALSE	down_in_cellobiose
YBR252W	1508.04988325043	-0.255135550578207	0.0894937909834348	-2.85087432071609	0.00435991986765306	0.00773406313179864	-0.249056992041459	FALSE	down_in_cellobiose
YJL081C	3630.20297923694	0.181217008804923	0.0636638432291005	2.84646668522345	0.00442073546215398	0.00783964491661373	0.178843892415205	FALSE	up_in_cellobiose
YPR040W	2074.35613118479	0.217038949790102	0.0762600034064946	2.84603907808924	0.00442667621478919	0.00784787937375726	0.213203051910261	FALSE	up_in_cellobiose
YHR171W	1511.1570838481	0.228734512372265	0.0803991165571904	2.8449878825417	0.00444131125844198	0.00787151825441417	0.224177746157441	FALSE	up_in_cellobiose
YDR542W	52.4747004472288	0.915805524814182	0.321915144800811	2.84486623138171	0.00444300774821451	0.00787221847362319	0.781086763712909	FALSE	up_in_cellobiose
YLR350W	3595.9130440244	-0.184055988532308	0.0647235680853341	-2.84372438011515	0.0044589601162067	0.00789816976367037	-0.181431323189874	FALSE	down_in_cellobiose
YGR240C-A	145.717791787226	-0.599728579509801	0.211055992777885	-2.84156148146409	0.00448931948557959	0.00794961755511444	-0.54360574981773	FALSE	down_in_cellobiose
YDL074C	3876.7599620873	-0.179006314030714	0.0630211163147317	-2.84041801380896	0.00450544525192289	0.00797583796572477	-0.176758873537823	FALSE	down_in_cellobiose
YNL083W	1590.26454226403	0.228136699642129	0.0803310153388287	2.83995787529723	0.0045119491551043	0.00798501475694145	0.223960528694104	FALSE	up_in_cellobiose
YFL049W	2044.28071759159	-0.202256766035602	0.0712587189233844	-2.83834412253556	0.00453482628849233	0.00802315420271719	-0.199077514561157	FALSE	down_in_cellobiose
YDR285W	1451.22920535927	-0.332090642398103	0.117024665660543	-2.83778330426005	0.00454280121826448	0.00803491361674908	-0.31946637259937	FALSE	down_in_cellobiose
YEL058W	6151.16480800098	-0.180098141163173	0.0635001909540059	-2.83618267059418	0.00456563241857787	0.00807293496053128	-0.177738067663814	FALSE	down_in_cellobiose
YOR239W	4655.98074060825	-0.182860189202476	0.0645623212706769	-2.83230505972417	0.00462137355432557	0.00816910830804072	-0.180303754483664	FALSE	down_in_cellobiose
YDR381W	9920.67007620152	0.161634099042494	0.057076761978938	2.83187226181715	0.00462763315568542	0.00817778351117181	0.160113895242585	FALSE	up_in_cellobiose
YIR025W	981.019874730323	-0.254127058418535	0.0897747543276713	-2.83071850568357	0.00464435758298913	0.00820494130242443	-0.24784366533189	FALSE	down_in_cellobiose
YLR151C	1178.54888912687	0.244483557834091	0.0863846474633317	2.83017370578341	0.00465227381017498	0.00821652679642291	0.239375996563293	FALSE	up_in_cellobiose
YPL129W	4067.95610549039	-0.185083333572135	0.0654672968941698	-2.82711128078694	0.0046970002387147	0.00829309820314804	-0.181918213772998	FALSE	down_in_cellobiose
YML032C	2695.81972181884	0.190887433506898	0.0675239328323655	2.82695964971108	0.00469922487699396	0.00829460498422424	0.188221628407268	FALSE	up_in_cellobiose
YLR047C	1208.80828382536	-0.234634026333478	0.0830056518179167	-2.82672349646958	0.00470269147234899	0.00829830242597405	-0.229275438871886	FALSE	down_in_cellobiose
YOL042W	1367.87794102904	0.22494671922398	0.0795825082380528	2.8265849393827	0.00470472648907782	0.00829947230458785	0.220631342967039	FALSE	up_in_cellobiose
YGL145W	2214.17115781626	-0.198431694875134	0.070218086800877	-2.82593422742837	0.00471429429805337	0.00831392600843289	-0.195876677378061	FALSE	down_in_cellobiose
YGR179C	1293.11878592262	-0.245845479318188	0.0870347451956748	-2.82468201366557	0.00473275592556983	0.00834405147005884	-0.24022174899182	FALSE	down_in_cellobiose
YJR057W	1306.92211278538	-0.229206358755716	0.0811565556637728	-2.8242494630416	0.00473914829317726	0.0083528869537964	-0.224555401799928	FALSE	down_in_cellobiose
YPL089C	2333.16251432838	0.195145254172915	0.0691816733335401	2.82076516467123	0.00479092603578045	0.00844168703479055	0.192630763587546	FALSE	up_in_cellobiose
YDR121W	1433.25021100066	-0.225035185394518	0.0797920279848402	-2.82027153686673	0.00479830275238809	0.00845222287396493	-0.221369654714632	FALSE	down_in_cellobiose
YIL048W	3062.61030683866	-0.185523770710465	0.0657978640956954	-2.81960171899566	0.00480832886875966	0.00846741814472407	-0.183627589153691	FALSE	down_in_cellobiose
YPL050C	4296.26729049775	0.182434544938979	0.0647156353176827	2.81901806330767	0.00481708072525189	0.00848036126514805	0.180058088855687	FALSE	up_in_cellobiose
YJL187C	1862.54623634112	-0.225081434312917	0.0799094453745451	-2.81670625115634	0.00485188790225927	0.00853915330834051	-0.221021271578778	FALSE	down_in_cellobiose
YNL218W	1762.8381593079	-0.211821222378842	0.0752712437767451	-2.81410551693692	0.00489131701831954	0.00860604323554826	-0.207746361724442	FALSE	down_in_cellobiose
YNCM0030W	182.687483008517	0.48539309968865	0.172500524253249	2.81386448991912	0.00489498580828717	0.00860999393844987	0.451610368802015	FALSE	up_in_cellobiose
YGL120C	4280.76691515249	0.195903417555509	0.0696952343124078	2.81085815247245	0.00494095635812616	0.00868832703787941	0.192312947398778	FALSE	up_in_cellobiose
YER014W	3820.8315431494	-0.182682016842954	0.0649986536890731	-2.8105507802797	0.00494567838553611	0.0086941030381017	-0.179932342861982	FALSE	down_in_cellobiose
YLR394W	890.645222911334	0.257627221735365	0.0917333193290388	2.80843671219701	0.00497826663402147	0.00874884801545493	0.251227722937072	FALSE	up_in_cellobiose
YDR227W	2216.87812809686	0.21716821032632	0.0773473597908319	2.8077003651269	0.00498966290180324	0.00876632904240714	0.212941146831309	FALSE	up_in_cellobiose
YPL115C	2075.2732306982	-0.204965086538941	0.0730559229552194	-2.80559163785497	0.00502242980275456	0.00882133503973936	-0.201785937239872	FALSE	down_in_cellobiose
YDR114C	219.203427273628	0.458550401113799	0.163522890281988	2.80419701683996	0.00504420716701395	0.00885701281662333	0.428605695421859	FALSE	up_in_cellobiose
YDL165W	1498.10419191427	-0.223562104344362	0.0797408606282588	-2.80360786907704	0.00505343248182121	0.0088706364139688	-0.219071756010442	FALSE	down_in_cellobiose
YHR199C-A	346.564967525984	-0.361304001365096	0.128883154274228	-2.80334542865347	0.00505754687807563	0.00887528316375965	-0.344930890713419	FALSE	down_in_cellobiose
YBR179C	2453.76658177115	0.199760755688024	0.0712782997369775	2.8025465874629	0.0050700893148116	0.00889471295397197	0.196585702695487	FALSE	up_in_cellobiose
YGR285C	14130.6685851741	0.156732721946119	0.0559360192241407	2.8019999299213	0.00507868846655842	0.00890721557964971	0.155801211059374	FALSE	up_in_cellobiose
YOR106W	1824.80639199245	-0.25372757261739	0.0905969170554016	-2.80062038382864	0.00510044795034184	0.00894278540626603	-0.247789283250904	FALSE	down_in_cellobiose
YNL273W	1431.00335085248	0.259118214473088	0.092559623899404	2.79947350212554	0.00511860174401526	0.0089720144739346	0.251060879608377	FALSE	up_in_cellobiose
YML086C	3033.46194426126	0.186652420468899	0.0666819439158492	2.79914485853095	0.00512381454119836	0.00897854987245332	0.183047399765371	FALSE	up_in_cellobiose
YDR195W	2107.51763891405	0.206724965136919	0.0738838164765558	2.79797356167321	0.00514243217249739	0.00900856420835121	0.20322464524544	FALSE	up_in_cellobiose
YGR038W	1068.98714482067	-0.240119618912665	0.0859141476103251	-2.79487867355397	0.00519191961196046	0.00909262354740846	-0.23498781349999	FALSE	down_in_cellobiose
YGR275W	1469.34932558479	0.218450976384345	0.0781659575384706	2.79470735424473	0.00519467154553095	0.00909480989259529	0.214202070877043	FALSE	up_in_cellobiose
YDR406W	3375.06250779639	0.248810681867051	0.089130543268291	2.79153108175396	0.00524593190015239	0.00918189874537668	0.245280090432481	FALSE	up_in_cellobiose
YBR086C	4723.42055103765	0.170568624823545	0.0611328194896322	2.79013181867838	0.00526865859258697	0.00921900949567793	0.164081031249215	FALSE	up_in_cellobiose
YJL141C	3694.16611446526	-0.177322381476721	0.0636295332834468	-2.78679368410285	0.00532323583307077	0.00931181421464578	-0.174874136386903	FALSE	down_in_cellobiose
YNCP0026W	630.170672325304	0.314728265843419	0.113129466150789	2.7820184833536	0.00540219633386892	0.00944720602011365	0.303266644351171	FALSE	up_in_cellobiose
YJL143W	3913.37987714218	0.181042147135217	0.0650879367783363	2.78150078334446	0.0054108200089325	0.00945955209076089	0.178897499023273	FALSE	up_in_cellobiose
YCR071C	1228.33476152882	0.228681304448669	0.0822504109180077	2.78030592061884	0.00543077110146129	0.00949168864280246	0.223464340037904	FALSE	up_in_cellobiose
YLL067C	160.707707627905	7.85025523752937	2.82478397791308	2.77906392096186	0.0054515796301666	0.00952530478997047	0.0860016178089624	FALSE	up_in_cellobiose
YGL219C	5586.99521460012	-0.166478984006526	0.0599142645886942	-2.77862016915986	0.00545903170540006	0.00953557111925063	-0.16467583936793	FALSE	down_in_cellobiose
YMR176W	2268.49136255547	-0.214027406122013	0.0770767015968443	-2.77681065338654	0.00548951481267957	0.00958604939431257	-0.210745383981871	FALSE	down_in_cellobiose
YNR070W	990.351703877357	-0.246507352331956	0.0887994857286969	-2.77599977420019	0.00550322466812563	0.00960721674386491	-0.240586284579462	FALSE	down_in_cellobiose
YHR013C	1316.42811001931	-0.238238274396846	0.0858494271864293	-2.77507121718461	0.00551896209935167	0.0096319104844138	-0.232800693749955	FALSE	down_in_cellobiose
YGL076C	30029.693734737	0.190936159288763	0.0688074598578389	2.77493399237889	0.00552129126339369	0.00963319609237624	0.179384250739849	FALSE	up_in_cellobiose
YJR005W	2837.24629780983	0.188012917733192	0.0678044465118465	2.77287003147122	0.00555643076276888	0.00969170982813984	0.185287852831558	FALSE	up_in_cellobiose
YGL127C	1392.02117087624	-0.220116626560337	0.0793921839414724	-2.77252262921254	0.00556236518436141	0.00969926405309949	-0.215733551460806	FALSE	down_in_cellobiose
YER147C	1952.08327191305	0.203587691492935	0.0734476915686171	2.77187324945042	0.00557347340855841	0.00971583303987603	0.200164335611057	FALSE	up_in_cellobiose
YLR147C	858.861151417982	0.264284985692322	0.0953920180925841	2.77051467173927	0.0055967778697176	0.009753647171974	0.257171029232909	FALSE	up_in_cellobiose
YGR235C	2724.01101108213	0.18651628513302	0.0673601454536044	2.76894124674192	0.00562387757630163	0.00979805168751399	0.183858172863515	FALSE	up_in_cellobiose
YPR113W	9613.19531740879	0.157807010895181	0.0570667131519256	2.76530751780044	0.00568691561246991	0.00990502520582507	0.156831852990888	FALSE	up_in_cellobiose
YBR038W	2166.51671373344	-0.247486503506337	0.0895113080375864	-2.76486299811881	0.00569467074427236	0.00991567741281045	-0.240781224527132	FALSE	down_in_cellobiose
YPR193C	109.415031372163	0.604840595854304	0.218796709875211	2.76439529734826	0.00570284059189547	0.00992418951104019	0.546185953362829	FALSE	up_in_cellobiose
YHR168W	1000.28130538048	0.248546843040338	0.0899095034734417	2.76441125173999	0.00570256172479394	0.00992418951104019	0.242567086654541	FALSE	up_in_cellobiose
YPR042C	1344.22660354772	-0.221580264047321	0.0801621069665902	-2.76415219649442	0.00570709127790258	0.00992873026748136	-0.217123227561329	FALSE	down_in_cellobiose
YOR339C	740.569615612375	-0.268031233332019	0.096987648825096	-2.76356047990582	0.00571744955168769	0.00994348634888161	-0.260805401780079	FALSE	down_in_cellobiose
YGR116W	6775.92793424938	0.164751539122317	0.0596174182133876	2.76347993689738	0.0057188608047213	0.00994348634888161	0.161962084920501	FALSE	up_in_cellobiose
YNL069C	23494.7348213072	0.161866166679049	0.0586226475917753	2.76115414994936	0.00575974837659009	0.0100117005545958	0.159093567336166	FALSE	up_in_cellobiose
YGR099W	1460.81032252126	-0.217615882214812	0.0788802630591635	-2.75881283574816	0.00580117498516522	0.0100795324220055	-0.214597426382217	FALSE	down_in_cellobiose
YLR083C	3269.05436384232	-0.187342946854942	0.0679083775669169	-2.7587604588305	0.00580210479309357	0.0100795324220055	-0.184238089184919	FALSE	down_in_cellobiose
YJR058C	2028.18417136112	-0.202710974464334	0.0735074252067007	-2.75769385057791	0.00582106873681775	0.0101095735828339	-0.200125567849933	FALSE	down_in_cellobiose
YMR148W	817.789373237059	-0.259884797180189	0.0943388693709149	-2.754800846281	0.00587278705394692	0.0101962092567912	-0.252751485273158	FALSE	down_in_cellobiose
YMR214W	2967.45045884131	0.182118402454325	0.0661115177590732	2.7547151937732	0.00587432455941762	0.0101962092567912	0.179179798593327	FALSE	up_in_cellobiose
YDR400W	1492.97220187964	-0.223446563621735	0.0811267306220345	-2.7542902556096	0.00588195777905923	0.0102047798784416	-0.218877996885537	FALSE	down_in_cellobiose
YBR289W	1581.67672041627	0.221678075010054	0.0804857487866981	2.7542525024839	0.00588263637562007	0.0102047798784416	0.217234353234936	FALSE	up_in_cellobiose
YDL160C-A	419.47347260329	-0.359094913502489	0.130412013866562	-2.75354166273298	0.00589542660096263	0.0102240354097543	-0.342511479934147	FALSE	down_in_cellobiose
YDR281C	281.535843280946	0.401180837870985	0.145790812980027	2.7517566413869	0.00592765527312309	0.0102769810109262	0.379193595558971	FALSE	up_in_cellobiose
YLR029C	44737.8785499678	0.18205625954633	0.0661735152016457	2.75119523258758	0.00593782431663226	0.010291661688054	0.179591266964414	FALSE	up_in_cellobiose
YAL029C	2873.44059919353	-0.198849135088246	0.0723667424227891	-2.74779723987722	0.00599970989585767	0.0103959453337276	-0.194869448425982	FALSE	down_in_cellobiose
YDR293C	11056.5021371077	0.163184758463592	0.0594558997091661	2.74463525506846	0.0060578185582373	0.0104936267064082	0.162398092233634	FALSE	up_in_cellobiose
YOR015W	559.86697829535	0.308450948842975	0.112411739399474	2.74393893814633	0.00607068288160562	0.0105129003008395	0.297283041188289	FALSE	up_in_cellobiose
YGR186W	6027.33585543793	0.16314072627588	0.0594750679528625	2.74301033846954	0.00608787687435161	0.0105396586184754	0.161742760887604	FALSE	up_in_cellobiose
YIL063C	2926.89612079902	-0.207293816265949	0.0756457176691836	-2.74032453723942	0.00613785446951694	0.0106231421133356	-0.20582661739818	FALSE	down_in_cellobiose
YCR032W	1731.89580925549	0.218649666421463	0.0798026727138293	2.73987899134076	0.00614618086069803	0.0106345103050236	0.214440966845819	FALSE	up_in_cellobiose
YNL172W	1414.54123373811	-0.221977350471536	0.0810278680259198	-2.73951858637733	0.00615292357293741	0.0106431325972829	-0.217434902474772	FALSE	down_in_cellobiose
YNL317W	1306.70407260896	0.238411359582193	0.0870403684206514	2.73908950419409	0.00616095983325934	0.0106539868586009	0.233129068354752	FALSE	up_in_cellobiose
YOR001W	2739.40608804607	0.188069002732497	0.0687139402306888	2.73698469482474	0.00620051777389301	0.0107193289552097	0.18530759047538	FALSE	up_in_cellobiose
YDR391C	1611.06742425646	0.220240022482878	0.0804871147976223	2.73633889146917	0.00621270081521793	0.0107350951920844	0.215859253972364	FALSE	up_in_cellobiose
YEL006W	2093.78966801261	-0.200286309712386	0.0731956831301612	-2.73631314235054	0.00621318701727349	0.0107350951920844	-0.196896421909498	FALSE	down_in_cellobiose
YBR268W	1122.2867420706	0.241184531168983	0.0881903373815785	2.7348181028658	0.00624147557804829	0.0107808925675654	0.235566783099901	FALSE	up_in_cellobiose
YOR267C	3049.20521959279	-0.188425351736416	0.0689085134862228	-2.73442775360534	0.00624888068052641	0.0107906021228959	-0.184788839093072	FALSE	down_in_cellobiose
YDR368W	6089.9971453813	0.17383241132179	0.0635979009724863	2.73330422331067	0.00627023872421445	0.0108243932770472	0.171657398032707	FALSE	up_in_cellobiose
YKL092C	1335.93817848428	0.21843249659919	0.0799241409704117	2.73299773944464	0.00627607630606131	0.0108313796220727	0.213282324457817	FALSE	up_in_cellobiose
YBL034C	1280.05028624083	0.242869666870984	0.0888987560960716	2.731980485852	0.00629548696353217	0.0108617799892773	0.237431580240828	FALSE	up_in_cellobiose
YLL045C	36613.5000745756	0.179668772152049	0.0657913847254961	2.73088601040527	0.00631643145466519	0.0108948086311006	0.167938683248316	FALSE	up_in_cellobiose
YPR155C	1664.07127319786	0.214884215979107	0.0787066215418831	2.73019234937886	0.00632973818672324	0.0109146483157038	0.211039593710989	FALSE	up_in_cellobiose
YPR005C	1135.15341490569	0.232286788059717	0.0850875233866508	2.72997472266492	0.00633391818935841	0.0109187435529863	0.22767042229386	FALSE	up_in_cellobiose
YHR197W	1215.39474120472	0.236643440571983	0.0867322717334289	2.72843586178977	0.00636354637868687	0.0109666928902213	0.231650782111915	FALSE	up_in_cellobiose
YLR145W	1137.81707909869	-0.227198425287515	0.0833185840274801	-2.72686373561726	0.00639394377115226	0.0110159401514383	-0.222574573753906	FALSE	down_in_cellobiose
YIR012W	5030.99687384652	0.227431139077163	0.0834346822818262	2.72585851419611	0.00641344835568701	0.0110463978085281	0.223015823669677	FALSE	up_in_cellobiose
YDR066C	452.257107679638	-0.327762107542345	0.120264788506938	-2.72533724634985	0.00642358372103721	0.0110607053596795	-0.314535419391142	FALSE	down_in_cellobiose
YDR486C	2227.85000664635	0.19604282091759	0.0719719755411951	2.7238771680705	0.00645204977619713	0.0111065592191851	0.193315331747311	FALSE	up_in_cellobiose
YER077C	1872.34605062147	0.201262197842879	0.0739430296712367	2.72185490285866	0.00649166381500762	0.0111715716691269	0.19784513525657	FALSE	up_in_cellobiose
YER158C	8170.36348772365	0.171116374092897	0.0628954972489152	2.72064585825098	0.00651545209368752	0.0112093201691456	0.168882416631286	FALSE	up_in_cellobiose
YJL083W	800.090980811375	0.289967171905781	0.106703614530507	2.7175009317316	0.00657769701975215	0.0113131900120787	0.280539971888903	FALSE	up_in_cellobiose
YLR127C	1845.83598578253	-0.22706241723616	0.0835688144851381	-2.7170711782269	0.00658624417701356	0.0113246705590549	-0.222100239082304	FALSE	down_in_cellobiose
YOR249C	1584.89746460024	0.210364463926794	0.0774293169478201	2.71685806125036	0.00659048645967353	0.0113287446986545	0.206498427607461	FALSE	up_in_cellobiose
YLR449W	2499.86538566092	0.202491610098704	0.0745431380531041	2.71643528012532	0.00659890956647026	0.011340001127153	0.199251469639748	FALSE	up_in_cellobiose
YBL079W	2894.438719308	0.198691609467038	0.0731597682903661	2.71585892233071	0.00661040798879639	0.0113565344857226	0.19556371045694	FALSE	up_in_cellobiose
YNCJ0007C	95.4005017119391	-0.629870825597865	0.232123893272469	-2.71351137841945	0.00665742818865291	0.0114340667555825	-0.562429118717857	FALSE	down_in_cellobiose
YJR049C	4691.19794012149	0.168253759429894	0.0620168317685818	2.71303377859964	0.00666703101868425	0.0114473092909512	0.161937816074516	FALSE	up_in_cellobiose
YER187W	889.123258693965	-0.281278646930006	0.103689234200287	-2.71270830669542	0.00667358223133858	0.0114553061627035	-0.272612972919436	FALSE	down_in_cellobiose
YER153C	467.810445019938	0.324090668606385	0.119568746557518	2.71049649626028	0.00671825583526519	0.0115287176021331	0.311146936078489	FALSE	up_in_cellobiose
YHR137W	1512.44702455101	-0.315093005343114	0.116280751169606	-2.70976066265279	0.00673317750272084	0.0115510467141118	-0.301695480546722	FALSE	down_in_cellobiose
YMR025W	511.140370559487	0.306598725197492	0.113168161787914	2.70923129220814	0.00674393080564085	0.0115629357832544	0.295526323742293	FALSE	up_in_cellobiose
YGL200C	9506.84571343847	0.178297458113248	0.0658109877758721	2.7092354048911	0.00674384720368955	0.0115629357832544	0.176024309464768	FALSE	up_in_cellobiose
YBR216C	1955.5521473783	-0.208578167139018	0.077034329725512	-2.70760020736498	0.0067771607707766	0.0116166181644737	-0.204179489054389	FALSE	down_in_cellobiose
YPL190C	3744.34875916197	0.171229273791705	0.0633259439306249	2.70393559359006	0.00685235695181053	0.0117421833432017	0.168573623713365	FALSE	up_in_cellobiose
YMR298W	3011.92704953169	-0.187814765380975	0.0695070149158901	-2.7020979912351	0.00689034518950793	0.0118039360100066	-0.185494719271299	FALSE	down_in_cellobiose
YMR127C	1509.98419160819	-0.215447524028546	0.0798101275750322	-2.69950106051387	0.00694435344484195	0.0118930900305348	-0.21114092459685	FALSE	down_in_cellobiose
YJR064W	6214.80320592371	0.164012377701865	0.0607790461158053	2.69850200329509	0.00696523186980099	0.011925470586025	0.162132405924856	FALSE	up_in_cellobiose
YER106W	938.04304337026	0.256896140768894	0.0952181642376873	2.69797409796328	0.00697628685420065	0.0119390073795973	0.249847013396698	FALSE	up_in_cellobiose
YGL179C	1253.91041824831	-0.2377578676566	0.0881258373804169	-2.69793598250033	0.0069770856483512	0.0119390073795973	-0.232378496728965	FALSE	down_in_cellobiose
YMR117C	439.191409342013	-0.322154842080566	0.119445648394446	-2.6970831203219	0.00699498076583329	0.0119662439628183	-0.309190133489381	FALSE	down_in_cellobiose
YHR202W	723.610626215202	0.289992419517512	0.107534519498701	2.69673794860835	0.00700223501563514	0.01197526706519	0.280674729683264	FALSE	up_in_cellobiose
YJL025W	840.080401136766	-0.264263966867743	0.098002354300931	-2.69650631102474	0.00700710698000201	0.0119768268217101	-0.256519649643013	FALSE	down_in_cellobiose
YGL044C	1424.84685640268	-0.213820898554352	0.0792950575078627	-2.69652239716391	0.00700676854668557	0.0119768268217101	-0.209549057505996	FALSE	down_in_cellobiose
YNR063W	467.923248477178	-0.31348256729351	0.11627279229556	-2.69609563083901	0.00701575217783675	0.011988216080151	-0.30121642884556	FALSE	down_in_cellobiose
YGR167W	4808.606811929	0.169255011253277	0.062794319159397	2.69538731399635	0.00703068541255091	0.0120103405988479	0.167941747729052	FALSE	up_in_cellobiose
YLR212C	2135.18239081066	-0.20129034198624	0.0746834702289523	-2.6952462354676	0.00703366313601803	0.0120120350959269	-0.197717884591818	FALSE	down_in_cellobiose
YBR196C	44478.3034071372	-0.144645610614355	0.0536727985499528	-2.69495190342524	0.00703987920492678	0.0120192574966419	-0.142913039872158	FALSE	down_in_cellobiose
YJR152W	1493.95841671407	-0.212746317010028	0.0789892718791237	-2.69335710975525	0.00707364589123414	0.0120734999988926	-0.208507997762788	FALSE	down_in_cellobiose
YMR141C	274.248290028788	0.42097650098816	0.156363936603956	2.692286406516	0.00709639748912595	0.0121089163361701	0.395179863587597	FALSE	up_in_cellobiose
YFL015C	61.9000344633197	-0.772615302210999	0.287156671244404	-2.69057061729697	0.00713299367909051	0.0121679297137108	-0.665780272432914	FALSE	down_in_cellobiose
YFR027W	702.219872438201	0.272437264040054	0.101262515768102	2.69040584241413	0.00713651707542731	0.0121705079755455	0.26429395173631	FALSE	up_in_cellobiose
YDR214W	6142.20976961093	-0.172172230768444	0.0640372505558006	-2.68862621792946	0.0071746706285513	0.012232125882781	-0.169782241549996	FALSE	down_in_cellobiose
YDL197C	2345.03689331314	-0.194326898171736	0.0722927841078732	-2.68805387107193	0.00718698008565043	0.0122496597740489	-0.190872137783243	FALSE	down_in_cellobiose
YDR082W	2336.27608109664	0.18706332062893	0.0696075529905633	2.68739975178111	0.00720107143078357	0.0122702200238901	0.182757902654197	FALSE	up_in_cellobiose
YMR181C	5363.39768015561	0.269562265536664	0.100373429937372	2.68559384395708	0.00724010397103474	0.0123332551170907	0.261471265635071	FALSE	up_in_cellobiose
YEL061C	2296.21608688433	0.188167629779729	0.0701434180825349	2.68261277998058	0.00730495165555334	0.0124402175012506	0.185103772956142	FALSE	up_in_cellobiose
YPR024W	4523.98447241043	0.170580347731883	0.0636053963927716	2.68185338675555	0.007321553957641	0.0124649816745765	0.168811642840833	FALSE	up_in_cellobiose
YBR141C	1091.05328589016	-0.233210598312202	0.086997221262128	-2.68066720900802	0.00734755462115504	0.0125057281663947	-0.227960819064117	FALSE	down_in_cellobiose
YGL043W	2596.29505543769	-0.182075567993257	0.0679543511864173	-2.67938056672448	0.00737585106894652	0.0125503581198474	-0.179334485880172	FALSE	down_in_cellobiose
YJR055W	517.802019820752	-0.297136275577084	0.110914407044688	-2.67896915733739	0.00738491958386036	0.0125622549389121	-0.286429375929828	FALSE	down_in_cellobiose
YBL021C	1041.5313837619	0.239319812250762	0.0893389493304212	2.67878471869682	0.00738898832914607	0.0125656425085759	0.233442934728936	FALSE	up_in_cellobiose
YDL245C	1559.22400996292	-0.269929810347604	0.100808406011056	-2.67765180532663	0.00741402471611732	0.0126046755221455	-0.262165341261832	FALSE	down_in_cellobiose
YOR188W	1699.26820306325	-0.199933314285491	0.074705650355537	-2.67628102203748	0.00744441953430339	0.0126527939766792	-0.19628265835054	FALSE	down_in_cellobiose
YLR335W	4572.3201406407	-0.165312364638666	0.0617895939928961	-2.67540784711535	0.00746383894328244	0.0126822364516616	-0.163050671820581	FALSE	down_in_cellobiose
YDL199C	1229.94879400216	-0.222868135266075	0.0833261178636075	-2.67464920939767	0.00748074791462283	0.0127073979599982	-0.21787651404324	FALSE	down_in_cellobiose
YGL129C	2051.60183335246	0.191009545699614	0.0715293381850371	2.67036646145805	0.00757685032531333	0.0128670318971983	0.187216622699374	FALSE	up_in_cellobiose
YER033C	1023.18106950696	-0.271021168918229	0.101504214977371	-2.6700484209316	0.00758403093001654	0.012875611309478	-0.263477592514468	FALSE	down_in_cellobiose
YBL108C-A	480.520897302706	-0.348795309738665	0.130659762190548	-2.66949291726094	0.00759658752758696	0.012893310312675	-0.331738818592538	FALSE	down_in_cellobiose
YGR278W	1318.4239521339	-0.225090624372011	0.0843231668221441	-2.66938058489639	0.00759912895115518	0.0128940058977665	-0.220365115472713	FALSE	down_in_cellobiose
YDR146C	2934.67117932217	-0.215095826240345	0.0805879145317104	-2.66908292006622	0.00760586704935087	0.0129018199050823	-0.210802012277207	FALSE	down_in_cellobiose
YDR338C	1677.80391797372	0.200368778118378	0.075134312951021	2.66680788375606	0.00765754312519146	0.0129858363791094	0.196973225722345	FALSE	up_in_cellobiose
YJR014W	3093.73128274193	-0.200426214086205	0.0752009297163857	-2.66520925794531	0.00769404297401281	0.0130440767796534	-0.198155524697386	FALSE	down_in_cellobiose
YGR225W	669.321403299988	0.319355294377081	0.119880724356562	2.66394198142498	0.00772308816257882	0.0130859832760334	0.306620099768309	FALSE	up_in_cellobiose
YER031C	4102.45955971252	-0.181246631366834	0.0680355334914472	-2.66399956119429	0.00772176634229224	0.0130859832760334	-0.177982324140638	FALSE	down_in_cellobiose
YKL172W	7467.80357829769	0.173307182988713	0.0651137584780801	2.66160619567146	0.00777688048403887	0.0131734388260855	0.172252284040409	FALSE	up_in_cellobiose
YOR372C	2593.12552502233	0.18810106470844	0.0707244937867806	2.65963112122831	0.00782262743674182	0.0132472209868005	0.182783629810548	FALSE	up_in_cellobiose
YHR211W	914.040065763576	-0.253527714515575	0.0954527510392762	-2.65605455846166	0.00790608223073593	0.0133848002837172	-0.246804627162277	FALSE	down_in_cellobiose
YJR108W	145.384616236971	-0.543771807782352	0.204775990086667	-2.65544709393036	0.00792033564255302	0.0134051791555129	-0.493491914215552	FALSE	down_in_cellobiose
YNL159C	1444.21063645201	-0.206561100636801	0.0778845923223819	-2.65214331201475	0.00799825855469437	0.0135332772020549	-0.203529812575131	FALSE	down_in_cellobiose
YDR296W	2078.84557863007	0.189449678304588	0.0714715214785592	2.65070162752057	0.00803247670142493	0.0135873745992504	0.185696676831777	FALSE	up_in_cellobiose
YKL091C	1356.76422778178	-0.211372029360101	0.0797539038476137	-2.65030323486072	0.00804195557245779	0.0135996056074356	-0.207110803945186	FALSE	down_in_cellobiose
YBL071C	563.731375668985	-0.282729288984138	0.106710721521334	-2.64949280590905	0.00806126884836704	0.0136284559149727	-0.273081957985064	FALSE	down_in_cellobiose
YLR242C	844.056833864266	-0.285197378715816	0.107756625858005	-2.64668066993514	0.00812860710667953	0.013738458895866	-0.275672044774576	FALSE	down_in_cellobiose
YNL249C	982.732123274338	-0.240595952062823	0.090915965120408	-2.64635536502506	0.00813642912636323	0.0137478379288746	-0.233394558164197	FALSE	down_in_cellobiose
YOL045W	2543.89304129163	-0.207171290463396	0.0783309207203631	-2.6448213369403	0.00817340599939781	0.0138064598967767	-0.20313789595839	FALSE	down_in_cellobiose
YGR268C	1437.69227835334	-0.212749826711805	0.080458848795285	-2.64420669568755	0.00818826373015076	0.0138276960646795	-0.209294102615811	FALSE	down_in_cellobiose
YDR124W	563.477010111689	-0.310414452331223	0.117401693131938	-2.64403727110115	0.00819236348030067	0.013830758217231	-0.298108768095896	FALSE	down_in_cellobiose
YER034W	1855.27334093893	-0.21525017208635	0.0814176741616945	-2.64377697229309	0.00819866579175158	0.0138375360977414	-0.210838374778787	FALSE	down_in_cellobiose
YGR218W	6073.24199408311	-0.163366281342402	0.0618156477622373	-2.64279817904297	0.00822240302213864	0.0138737282791957	-0.161447456481587	FALSE	down_in_cellobiose
YNL006W	2308.07008095324	-0.198273185310024	0.0750499827293034	-2.64188182461244	0.00824468173710276	0.0139074399965796	-0.195885199514981	FALSE	down_in_cellobiose
YPL235W	3222.57778698045	0.177266702791494	0.0671189465082568	2.64108291344661	0.00826414919043532	0.01393639209728	0.173780228736857	FALSE	up_in_cellobiose
YLL003W	2576.8622031664	0.185433645908363	0.070220822080019	2.64072166083523	0.00827296550297219	0.0139473713287288	0.182801321397058	FALSE	up_in_cellobiose
YER039C-A	211.155508541546	-0.447122603096464	0.16939437791654	-2.63953626204029	0.00830195411497095	0.0139923433941096	-0.415376227905406	FALSE	down_in_cellobiose
YGR156W	1034.27604719707	-0.260162351468425	0.0986150085321979	-2.63816183094972	0.00833567920743592	0.0140452711770975	-0.251988312374892	FALSE	down_in_cellobiose
YCR030C	2357.68822646814	0.208348735204276	0.0789865523535153	2.63777477299911	0.00834519873030202	0.0140539289863409	0.204291380949708	FALSE	up_in_cellobiose
YOR355W	4079.3550034345	0.179965093054601	0.0682263819195105	2.63776398500676	0.00834546419555902	0.0140539289863409	0.176360338341942	FALSE	up_in_cellobiose
YPL052W	1471.66314477641	-0.205731004324544	0.0780039246336718	-2.63744427335823	0.00835333492223279	0.0140632682840485	-0.202979449697635	FALSE	down_in_cellobiose
YMR305C	3083.48613473245	-0.187910107771217	0.0712744217067795	-2.63643118065935	0.00837831932206074	0.0141014061155107	-0.184408799806284	FALSE	down_in_cellobiose
YPR045C	1624.31000279856	-0.211502848115762	0.0802458578670399	-2.63568555109976	0.00839675035540952	0.0141284959387683	-0.207107268363169	FALSE	down_in_cellobiose
YPR133C	4032.90610281213	0.167643324944842	0.0636079041387611	2.63557378936942	0.00839951608915431	0.0141292193613166	0.165440784344904	FALSE	up_in_cellobiose
YCR063W	222.927108732591	-0.431688759572219	0.164276978274485	-2.62781044615348	0.00859363873883792	0.0144517433225551	-0.402417633183474	FALSE	down_in_cellobiose
YKL018W	986.685631820253	-0.228789997195526	0.0871735081882497	-2.62453584753591	0.00867671584483073	0.0145873969275656	-0.223435069330659	FALSE	down_in_cellobiose
YLR275W	1122.27956235349	-0.239517267434075	0.0912643716558577	-2.62443342443921	0.00867932587319424	0.0145877305381917	-0.233472619101502	FALSE	down_in_cellobiose
YKR094C	16257.4523820782	0.177949631283214	0.0678194661632354	2.62387248603381	0.00869363260902516	0.0146077176811092	0.175730505289699	FALSE	up_in_cellobiose
YPR195C	280.477910256787	0.376948611035813	0.143669998014724	2.62371139586973	0.0086977451077768	0.0146105693298922	0.356481033240438	FALSE	up_in_cellobiose
YER072W	3739.25282820261	-0.17925505371076	0.0683308729310044	-2.62333914410487	0.0087072550392694	0.014622483545958	-0.176399264879157	FALSE	down_in_cellobiose
YPR009W	1752.14595209029	-0.303733653928974	0.115947591102268	-2.61957709549201	0.008803887015669	0.0147806584950824	-0.29178294429566	FALSE	down_in_cellobiose
YJL168C	1821.76866595093	-0.209481555057024	0.0799773562288466	-2.61926081249316	0.00881205455942892	0.0147902658240803	-0.205348018699548	FALSE	down_in_cellobiose
YNCJ0030W	68.201163454937	0.776960224998676	0.296765978998422	2.61809061679138	0.00884233203369942	0.0148369671211783	0.662732481374154	FALSE	up_in_cellobiose
YFL024C	2702.36440867248	-0.177272543412784	0.0677458389819744	-2.61672961877337	0.00887766317563967	0.0148879912806888	-0.174623128363896	FALSE	down_in_cellobiose
YBR191W	20648.7687955112	0.168299325204547	0.064315563642802	2.61677447373786	0.00887649674624238	0.0148879912806888	0.166314773257358	FALSE	up_in_cellobiose
YGR014W	3007.6530660277	-0.210227385288232	0.0803933847561608	-2.61498363237059	0.00892317314439331	0.0149601647312736	-0.204784897033778	FALSE	down_in_cellobiose
YKR028W	5439.53265915397	-0.160857652787867	0.061529378369088	-2.61432273576619	0.00894045402151957	0.0149849837562128	-0.159211317223518	FALSE	down_in_cellobiose
YJL151C	9049.00478103223	0.151033269227658	0.0577769198280211	2.61407616877507	0.00894690881480491	0.0149916485930069	0.149492164310972	FALSE	up_in_cellobiose
YER175W-A	58.4104979962776	-0.784920227954049	0.300300535362383	-2.61378231313127	0.00895460699736051	0.0150003926134128	-0.667781408597481	FALSE	down_in_cellobiose
YLR090W	2314.1423734065	-0.183708660317988	0.070299292624175	-2.61323625687255	0.00896892783045425	0.0150202227149551	-0.179842504276136	FALSE	down_in_cellobiose
YMR164C	1073.14896977846	-0.227059004607783	0.0869245334252112	-2.61213946926895	0.0089977539190265	0.0150643270014368	-0.221789245067677	FALSE	down_in_cellobiose
YKL070W	882.81350900792	-0.250969612378518	0.0962257715020033	-2.60813302362863	0.00910375684272547	0.0152375830497085	-0.24365354917681	FALSE	down_in_cellobiose
YDR079C-A	651.721149266797	0.269510431990308	0.103355658157043	2.60760210709318	0.00911788722035097	0.0152570123916744	0.261532167210225	FALSE	up_in_cellobiose
YGL233W	1950.0522071439	-0.201497883033206	0.0772998538313052	-2.60670458023043	0.00914181948691402	0.0152928280078382	-0.197688051113699	FALSE	down_in_cellobiose
YCR054C	988.286272309134	-0.27140562723746	0.104177874698933	-2.60521370801433	0.00918169706690035	0.0153552904500083	-0.261938382613353	FALSE	down_in_cellobiose
YLR221C	2043.31255687107	-0.187304796293455	0.0719004771819619	-2.60505637284484	0.00918591448337669	0.0153580974875471	-0.184091396765226	FALSE	down_in_cellobiose
YOL052C	1726.04459580562	0.193708643889956	0.0743868133351768	2.60407235106484	0.00921233072816694	0.0153980073431008	0.190681739279972	FALSE	up_in_cellobiose
YLR044C	189118.619535434	0.170910211833715	0.0656858807430547	2.60193225546094	0.00927001618165949	0.015490145823994	0.168628712322113	FALSE	up_in_cellobiose
YLR049C	1804.75702733743	-0.194778801680648	0.0748747955849185	-2.60139343498763	0.00928459057894593	0.015510214971567	-0.191199214945744	FALSE	down_in_cellobiose
YAL043C	3093.28177480081	-0.191538470248693	0.0736409953506475	-2.60097611848764	0.00929589249749633	0.0155248077629363	-0.187795514112609	FALSE	down_in_cellobiose
YHR124W	1237.33455806474	-0.211479593928825	0.081435606109663	-2.59689347242092	0.00940710938221186	0.0157062116072314	-0.207106189875042	FALSE	down_in_cellobiose
YIL089W	605.19588690391	0.276701849010396	0.10662024539785	2.5952092679762	0.00945333418722311	0.0157790338020178	0.268878267819477	FALSE	up_in_cellobiose
YIR014W	662.624242501096	0.271082597807297	0.104469138250084	2.5948581786744	0.00946299569070823	0.015790803016026	0.263050750349764	FALSE	up_in_cellobiose
YBR132C	1862.78770636294	-0.200871604815622	0.0774434821456663	-2.59378322423306	0.00949263177052462	0.0158358879150313	-0.196908737957398	FALSE	down_in_cellobiose
YNL229C	4308.66582140681	-0.170636361225891	0.0658031948410666	-2.59313186294414	0.0095106297985357	0.0158615383654101	-0.16935340232848	FALSE	down_in_cellobiose
YDL242W	198.401584315977	-0.447468684349869	0.172807598405059	-2.58940398732356	0.00961422293094612	0.0160298882329915	-0.414709398804811	FALSE	down_in_cellobiose
YKL007W	3861.30029117069	0.164737015925917	0.0636228811030551	2.58927312108169	0.00961787775270042	0.016031563109971	0.162576495658221	FALSE	up_in_cellobiose
YNL196C	218.417443160082	-0.410336576145358	0.158607461116636	-2.58712026065159	0.00967818072305083	0.0161276350395963	-0.38381735076345	FALSE	down_in_cellobiose
YOR060C	664.206588651447	-0.259233582769135	0.100234472594104	-2.58627172927713	0.00970204106607901	0.0161629431034734	-0.251678739521712	FALSE	down_in_cellobiose
YMR097C	1391.93687122181	-0.228561378984589	0.0884565566648489	-2.58388284150128	0.00976949742698619	0.0162708397400439	-0.223291422724942	FALSE	down_in_cellobiose
YDL005C	3312.20184803816	0.172730768425534	0.0669290770699617	2.5808030827166	0.00985707893297726	0.0164121856497604	0.170296629749372	FALSE	up_in_cellobiose
YBL050W	4773.79688712723	0.160901807768717	0.0623728327654542	2.57967773203071	0.00988925550635227	0.0164612291023459	0.16004195061126	FALSE	up_in_cellobiose
YDR363W-A	2949.82985817621	0.186878266891647	0.0724566740487349	2.57917257927063	0.00990372948584181	0.0164807867014738	0.183753857829933	FALSE	up_in_cellobiose
YFL038C	15795.9406063213	0.141771390344724	0.0549787079978111	2.57865991231312	0.00991843806054039	0.0165007238251399	0.14151949538497	FALSE	up_in_cellobiose
YNR019W	644.149662454632	0.266429825703741	0.103535835709823	2.57331023482975	0.0100730869584329	0.0167533964837944	0.258083033631133	FALSE	up_in_cellobiose
YFR012W	336.284326081574	0.338372384575726	0.131549448451352	2.57220679036795	0.0101052512746375	0.0168022718417489	0.322284609339939	FALSE	up_in_cellobiose
YJR056C	1479.65336077862	0.206742746315318	0.0803907779282778	2.57172217564268	0.0101194061943391	0.0168165626564717	0.202898882600192	FALSE	up_in_cellobiose
YDR389W	2029.75184044162	-0.186214081377546	0.0724074426940657	-2.57175332326448	0.0101184958851626	0.0168165626564717	-0.1831315136039	FALSE	down_in_cellobiose
YOR037W	1130.7137193286	0.215880813351934	0.0839482775863821	2.57159312327515	0.0101231786093774	0.0168182113178038	0.211283261836797	FALSE	up_in_cellobiose
YKR024C	1871.78227392715	0.21445013576022	0.08344221809005	2.57004356630102	0.0101685726155405	0.0168889883996168	0.209669713241852	FALSE	up_in_cellobiose
YBR018C	527.221786367653	-0.292014464334301	0.113635227500064	-2.56975297853067	0.0101771054855699	0.0168985207472447	-0.280742752571723	FALSE	down_in_cellobiose
YMR001C-A	76.7838218585339	-0.660866958540446	0.257303648785962	-2.56843212934842	0.0102159715273618	0.0169584005952283	-0.577329838765624	FALSE	down_in_cellobiose
YKR029C	2363.29665227814	-0.177482510951088	0.0691616404246716	-2.56619868848246	0.0102819912991357	0.0170633101148072	-0.174044785444619	FALSE	down_in_cellobiose
YOL056W	1480.14236292717	-0.201111773002114	0.0783879848425175	-2.56559437528788	0.0102999197489061	0.0170836892133625	-0.198455136278805	FALSE	down_in_cellobiose
YLR059C	2459.25635108687	0.1861561491564	0.0725571913841134	2.56564712064033	0.0102983538196837	0.0170836892133625	0.182557476540049	FALSE	up_in_cellobiose
YCL002C	1247.15463062528	-0.209979492942028	0.0819285270420086	-2.56295945409054	0.0103784167771299	0.0172091675122969	-0.205625911181864	FALSE	down_in_cellobiose
YPR124W	3773.9259043992	-0.221774129423774	0.0865659813472728	-2.56190856930383	0.0104098719237304	0.0172565950305961	-0.21583833020207	FALSE	down_in_cellobiose
YFL022C	7071.49439725974	0.16256146610757	0.0635074913397805	2.55972110814182	0.0104756193351269	0.0173608277693651	0.16193831443763	FALSE	up_in_cellobiose
YDR489W	641.202714210071	-0.270947156638785	0.105863305528174	-2.55940578547943	0.0104851272309324	0.0173718254231471	-0.261434288235328	FALSE	down_in_cellobiose
YKL062W	9281.57200529915	0.163870780522365	0.0640609207311085	2.55804597642612	0.0105262174278282	0.0174351284832784	0.163161085569276	FALSE	up_in_cellobiose
YOR210W	2098.98131886356	0.181159200943776	0.0708655574020844	2.55637869206187	0.0105767942433682	0.0175141057700888	0.178308867343429	FALSE	up_in_cellobiose
YGR146C-A	34.4364264363955	-1.01474714938573	0.39722123754207	-2.55461454091627	0.0106305447343998	0.0175982936777187	-0.807581982186258	FALSE	down_in_cellobiose
YGR222W	1478.46761727954	0.213098998063635	0.0834921615529624	2.55232340497567	0.0107007140400759	0.0177096085440271	0.208774629920378	FALSE	up_in_cellobiose
YDL043C	891.891926025641	0.238018202180904	0.0932919208007214	2.55132706174341	0.010731356746583	0.0177554641575712	0.232530756280859	FALSE	up_in_cellobiose
YHL037C	17.7891581491323	-1.48112577789281	0.580629777174495	-2.55089531422308	0.0107446594265623	0.0177722072030388	-1.05178169312211	FALSE	down_in_cellobiose
YIL175W	319.240684614489	-0.432572874921157	0.169582688854416	-2.55080797364	0.0107473522811565	0.0177722072030388	-0.400971851747787	FALSE	down_in_cellobiose
YLR291C	2246.88236263467	-0.185420436796175	0.0726966164070176	-2.55060614868282	0.0107535771736614	0.0177776409738939	-0.18376931235571	FALSE	down_in_cellobiose
YLR227C	1248.27502068373	-0.216294832861082	0.0848440675271601	-2.54932182255221	0.0107932648337094	0.0178383767702482	-0.211652102705381	FALSE	down_in_cellobiose
YIL156W	1355.36577659682	0.204519620379476	0.0802584535513723	2.5482626605628	0.0108260924872968	0.0178877447297619	0.200651709734205	FALSE	up_in_cellobiose
YOR291W	2297.53258138585	0.188568111959327	0.0740292824103141	2.54720977726315	0.0108588134737581	0.0179369095310658	0.185049694762755	FALSE	up_in_cellobiose
YML092C	4912.81399003881	0.160765765808644	0.0631283581049146	2.54664893297974	0.0108762789727111	0.0179608549019737	0.158901908717053	FALSE	up_in_cellobiose
YDL145C	7293.7921731355	0.169220414788634	0.0664547844500246	2.54639927266473	0.0108840617823761	0.0179688017799108	0.166966516066999	FALSE	up_in_cellobiose
YBR259W	1163.72471175677	-0.219142128595957	0.0861221061331936	-2.54455143325268	0.0109418196393041	0.0180592270117737	-0.213400490325762	FALSE	down_in_cellobiose
YNL065W	10250.3201464444	0.670429446571043	0.263947556690438	2.54001004963776	0.0110849283653734	0.0182904341740709	0.57543008833064	FALSE	up_in_cellobiose
YLR148W	1789.54587784857	-0.203255640988843	0.0801220805640216	-2.53682430059254	0.0111863080569945	0.0184526799663921	-0.198922398517797	FALSE	down_in_cellobiose
YOR019W	1618.12362160067	-0.223450041033824	0.0881840442893345	-2.53390557027162	0.0112799124087278	0.0186020147656474	-0.217687660398579	FALSE	down_in_cellobiose
YJL027C	23.9528773822727	1.1718969528611	0.462665789590679	2.53292328766707	0.011311570494239	0.0186491387079999	0.897117888078957	FALSE	up_in_cellobiose
YOR286W	2314.19330506768	0.193917762959775	0.0766427722415926	2.53015068855428	0.011401354880319	0.0187872236268588	0.190364861731995	FALSE	up_in_cellobiose
YPL101W	1989.23387776717	-0.183596586344881	0.0725636595753921	-2.53014508114944	0.0114015371026944	0.0187872236268588	-0.180464187844029	FALSE	down_in_cellobiose
YMR024W	1805.2262469703	-0.187806638008734	0.0743105888524375	-2.52732000794223	0.0114936721915906	0.0189338842829334	-0.184415505957088	FALSE	down_in_cellobiose
YOL131W	171.421206504574	-0.547453154364436	0.216903905920653	-2.52394327359279	0.0116046652833551	0.0191109166368353	-0.490799501374203	FALSE	down_in_cellobiose
YLR352W	1405.81525545467	-0.209805661890941	0.0831289251942094	-2.52385870983877	0.0116074570546756	0.0191109166368353	-0.205231987027559	FALSE	down_in_cellobiose
YGL181W	3797.96460700918	-0.161101408234159	0.0638444597816398	-2.52334202192574	0.0116245278366589	0.0191338146622992	-0.158859858608649	FALSE	down_in_cellobiose
YGL123W	50803.5024412745	0.162492557741819	0.0644404785553778	2.52159141869468	0.0116825314823661	0.0192240568380938	0.156833457336198	FALSE	up_in_cellobiose
YPR017C	761.6733959333	-0.245251322999913	0.0973114586479271	-2.52027177896112	0.0117264253676125	0.0192910380877585	-0.237997380754979	FALSE	down_in_cellobiose
YEL018W	1754.99129335232	0.190029694366448	0.0754346381462096	2.51913045566848	0.0117645059966486	0.0193484221788274	0.186988114265558	FALSE	up_in_cellobiose
YOR298C-A	8567.78513294063	0.149520768463937	0.0594256652646231	2.51609751103534	0.0118662347369105	0.0195104250947463	0.147731221121086	FALSE	up_in_cellobiose
YJR013W	1164.88703301869	-0.224596989705782	0.0893139864858245	-2.51469001152949	0.0119137084528321	0.0195831582693427	-0.21960901008452	FALSE	down_in_cellobiose
YJL113W	1239.03238691658	-0.210756536809257	0.0838331465588606	-2.51400007586834	0.0119370408213211	0.0196161803662513	-0.206217233707136	FALSE	down_in_cellobiose
YER047C	2028.44948846906	0.19861249484811	0.0790228819849035	2.51335423182937	0.0119589187952008	0.0196467951635441	0.195148487755264	FALSE	up_in_cellobiose
YDR141C	2396.56671094435	-0.18440586572883	0.0734453267368373	-2.51079100498221	0.0120460990537031	0.0197846465315911	-0.180337162065859	FALSE	down_in_cellobiose
YOL092W	3261.83803008204	-0.163548449116	0.0651487072847826	-2.51038671268005	0.012059901124118	0.0198019386264359	-0.16094989298406	FALSE	down_in_cellobiose
YMR157C	1114.93635475289	0.217778547924376	0.0868398493023236	2.50781812352303	0.0121479176588821	0.0199410458395055	0.212576859217169	FALSE	up_in_cellobiose
YPL034W	1014.52564402977	-0.230413039444319	0.0920297206000475	-2.50368074511138	0.0122908883898791	0.0201702614949482	-0.223750031745782	FALSE	down_in_cellobiose
YER082C	2635.33744596947	0.190351883683707	0.0760600141196629	2.50265380419509	0.0123266053394561	0.020223389123507	0.187072631911397	FALSE	up_in_cellobiose
YLL002W	865.94207836441	-0.236069767953778	0.0943546488694369	-2.50194103610559	0.0123514493991295	0.0202586543967827	-0.229635055896413	FALSE	down_in_cellobiose
YDL214C	1519.29737888524	0.1993006736985	0.0797489878044733	2.49909972759956	0.0124509266805621	0.0204162796125562	0.195216283267218	FALSE	up_in_cellobiose
YFR006W	4913.37024716733	0.155827298088659	0.0624035695210348	2.49708949799952	0.0125217349225286	0.0205268223702914	0.153935239361296	FALSE	up_in_cellobiose
YML082W	4225.41577506623	-0.172392772760118	0.0690807018226105	-2.49552723425999	0.0125770100268164	0.0206118487272317	-0.169557148924825	FALSE	down_in_cellobiose
YPR018W	2881.77225542834	0.166937654374294	0.0669308502741284	2.49418098964181	0.0126248152427136	0.0206845903042185	0.164166239018034	FALSE	up_in_cellobiose
YBR162C	15799.9356107236	-0.186667047088392	0.0748673257112257	-2.49330459336018	0.0126560224984748	0.020730105630456	-0.183344297904732	FALSE	down_in_cellobiose
YGL075C	580.987539879975	-0.267621351635957	0.107370591406321	-2.49250142083322	0.012684682303805	0.0207658033168379	-0.258406316349262	FALSE	down_in_cellobiose
YMR158W	1054.82432731261	0.218600114895346	0.0877025655905786	2.49251676303103	0.0126841343065934	0.0207658033168379	0.213817973725158	FALSE	up_in_cellobiose
YMR147W	1022.7823732736	-0.230147489486972	0.0923491741762919	-2.49214453231198	0.0126974356697547	0.0207769462118361	-0.223815742601363	FALSE	down_in_cellobiose
YGR134W	1574.75693863928	-0.190581249772968	0.0764735837319442	-2.49211872221125	0.0126983584303452	0.0207769462118361	-0.187016154952899	FALSE	down_in_cellobiose
YDL111C	2320.59201850636	-0.234080509696361	0.0939406576201104	-2.49179126085072	0.012710070956677	0.0207904865378419	-0.227008215275361	FALSE	down_in_cellobiose
YGR066C	2026.86256889346	0.284219097186111	0.114128392761006	2.49034521831293	0.0127619069330931	0.0208696336951284	0.274254922154551	FALSE	up_in_cellobiose
YLR246W	2026.24960914565	-0.194055190100974	0.0779326698931193	-2.49003646823741	0.0127729988383107	0.0208821270197139	-0.190168051980299	FALSE	down_in_cellobiose
YLR229C	3828.5864993072	0.160080436572334	0.064314605031998	2.48902152928857	0.0128095208556441	0.0209361771563877	0.157680599446069	FALSE	up_in_cellobiose
YOR236W	1727.83663916962	-0.211885875799688	0.0852498998732604	-2.48546773796445	0.0129381313912735	0.021140669039928	-0.207101311797866	FALSE	down_in_cellobiose
YMR163C	1135.29143773181	0.210731933798075	0.0848004307888212	2.48503376501543	0.012953914735826	0.021160742705107	0.206700301474624	FALSE	up_in_cellobiose
YPL113C	1320.58292047617	0.207970380031094	0.0837235837953542	2.48401191878547	0.0129911459796298	0.0212158320817443	0.20381064712083	FALSE	up_in_cellobiose
YDR365C	5827.20745317686	-0.218513794710643	0.0879715736282147	-2.48391367459363	0.012994730516193	0.0212159581356144	-0.213211430138978	FALSE	down_in_cellobiose
YLR057W	2068.73429781914	-0.17740440659351	0.0715072958387394	-2.48092735870736	0.0131041075037544	0.0213887604668674	-0.175169940195819	FALSE	down_in_cellobiose
YGR224W	1081.10291353437	-0.210324277347679	0.0847809046175977	-2.48079774916701	0.0131088729707624	0.0213907668195688	-0.205520298171246	FALSE	down_in_cellobiose
YMR203W	3343.28452689478	0.171139724168212	0.0690423723632308	2.47876366802474	0.0131838628246191	0.0215073317761923	0.16945404456615	FALSE	up_in_cellobiose
YJL049W	1730.45403186421	0.195005682285413	0.0788164783678962	2.47417400933817	0.0133544634222411	0.0217797652308267	0.190304180321143	FALSE	up_in_cellobiose
YHR164C	1155.02643072884	-0.214103187663404	0.0866230075186052	-2.47166652136175	0.0134484901794434	0.0219272013734376	-0.209095363874545	FALSE	down_in_cellobiose
YER183C	1332.37200485571	0.202300378649961	0.0818578595690154	2.47136169593341	0.0134599604316488	0.0219286405245358	0.197644321224909	FALSE	up_in_cellobiose
YBR291C	1607.26862420043	-0.186717612986637	0.0755481696436365	-2.4715041260085	0.0134545998659353	0.0219286405245358	-0.183292986947512	FALSE	down_in_cellobiose
YGL137W	8352.30120643887	0.15781320453132	0.0638569794153316	2.47135404737653	0.013460248349744	0.0219286405245358	0.156323173305653	FALSE	up_in_cellobiose
YGR100W	3448.16042816023	-0.15987466445576	0.0647261752154976	-2.47001563005195	0.0135107148793293	0.0220049311537595	-0.158003777008217	FALSE	down_in_cellobiose
YGL241W	2204.17889988105	-0.173768405731497	0.0703596770868154	-2.4697157935658	0.0135220434467881	0.0220174537845548	-0.171837093108055	FALSE	down_in_cellobiose
YNCE0019W	402.195496427659	-0.350894056742166	0.142101374979387	-2.46932203712361	0.0135369332911598	0.0220343757654973	-0.331417312331828	FALSE	down_in_cellobiose
YML060W	801.64374723959	0.235209146837811	0.0952553625911051	2.4692483492764	0.0135397213953304	0.0220343757654973	0.228738862458024	FALSE	up_in_cellobiose
YOR014W	4247.90669625993	0.161070845401249	0.0652614110463661	2.46808707961913	0.0135837270442006	0.0221000443492118	0.158890935282721	FALSE	up_in_cellobiose
YHR119W	1966.44123234549	-0.179242980888521	0.0726945547613486	-2.46570023679165	0.0136745720183553	0.022241862365967	-0.176234974573732	FALSE	down_in_cellobiose
YBR085C-A	7376.50439073976	0.203430213351095	0.0825307715924529	2.4649013867901	0.0137050964662081	0.0222855184204551	0.199259037316949	FALSE	up_in_cellobiose
YPL193W	1452.43836549132	0.191804787027581	0.0779085157640445	2.46192325892186	0.0138194232113462	0.0224653832317746	0.187934875513784	FALSE	up_in_cellobiose
YDR312W	2108.01762297771	0.17631678233449	0.071628886727018	2.4615317980083	0.0138345133753372	0.0224838719525563	0.173477951815692	FALSE	up_in_cellobiose
YHR030C	4844.76778734089	-0.15146008345953	0.0615653408528296	-2.46015178932561	0.0138878265218347	0.0225644541043724	-0.150255244028185	FALSE	down_in_cellobiose
YDR157W	122.962484016623	0.528284740160837	0.214785404391452	2.45959329339727	0.0139094541067915	0.0225935252126697	0.474623138415761	FALSE	up_in_cellobiose
YEL046C	11398.3438004779	-0.167197089797984	0.0679954167660074	-2.45894646654434	0.0139345394366511	0.022628195718739	-0.164644054796151	FALSE	down_in_cellobiose
YNL182C	1919.85741142378	0.179539015208186	0.0730415918792499	2.45803809294017	0.0139698355349591	0.0226794243561374	0.176577020223601	FALSE	up_in_cellobiose
YOL032W	1106.48072989625	-0.227895484355121	0.0927333861103026	-2.4575343780076	0.0139894420636861	0.0227051609989905	-0.221773477534369	FALSE	down_in_cellobiose
YDL002C	1664.76491193121	-0.184128448202215	0.0749470644393367	-2.45677998971196	0.0140188511966202	0.0227467894013829	-0.180688742865969	FALSE	down_in_cellobiose
YMR216C	2573.62544927659	0.195226686155425	0.0796039087316061	2.45247613171427	0.0141876791511356	0.0230145538174362	0.191542008374083	FALSE	up_in_cellobiose
YIL078W	10511.5243628296	0.165285557854653	0.0674135930997277	2.45181350310374	0.0142138309062234	0.0230507944106557	0.162843732993121	FALSE	up_in_cellobiose
YML127W	3044.48425294799	0.167141705107948	0.0682620291807474	2.44853115434618	0.014344002457134	0.0232556609121424	0.16246922226164	FALSE	up_in_cellobiose
YJL137C	878.867232953335	0.221324708919688	0.0904673471274039	2.44645958953565	0.0144266968905833	0.0233834644938741	0.216069702929834	FALSE	up_in_cellobiose
YDL189W	3172.22356039229	-0.166563025234429	0.0681018712636101	-2.44579219548452	0.0144534278775123	0.0234205157329419	-0.163684702195258	FALSE	down_in_cellobiose
YAL017W	3614.57276655774	0.159517543602605	0.0652351145897321	2.44527114891759	0.0144743275929088	0.0234481005917261	0.156781440112176	FALSE	up_in_cellobiose
YDR215C	46.7690841400021	0.824929275790579	0.337370897330601	2.44517023346624	0.0144783784949646	0.0234483832706936	0.677898319644852	FALSE	up_in_cellobiose
YPL053C	3775.07296815533	-0.155180379572289	0.0636136133646877	-2.4394209252454	0.014710821825083	0.0238184585706443	-0.152925993748839	FALSE	down_in_cellobiose
YER168C	2138.27110719922	-0.175978398948461	0.0721425664439958	-2.43931436907049	0.0147151607374097	0.0238191081885446	-0.173038939098191	FALSE	down_in_cellobiose
YHL019C	1924.37770400143	-0.186425190130232	0.0764338104121103	-2.43904090513188	0.0147263012099477	0.0238307640500198	-0.182854753045816	FALSE	down_in_cellobiose
YDR379W	3941.23746753265	0.153764851366822	0.0631335727872702	2.43554807019929	0.0148692487822761	0.0240556528173277	0.151767458379263	FALSE	up_in_cellobiose
YOR237W	4833.05607382098	-0.206338752523723	0.0847318036285077	-2.43519839880171	0.0148836265215433	0.0240724750879185	-0.199996086956673	FALSE	down_in_cellobiose
YOR228C	1437.83387081641	0.19007018998977	0.0781377518090097	2.43250139131663	0.0149949339036426	0.0242460184932194	0.186181228583854	FALSE	up_in_cellobiose
YIL115C	4802.92855854357	0.168091038829935	0.0691072766711558	2.43232039991663	0.0150024297330575	0.0242516561879382	0.165142372867824	FALSE	up_in_cellobiose
YLR247C	2783.36246963394	0.164580111301862	0.0677553309064848	2.42903560649735	0.0151390454664684	0.0244659593979875	0.162198133375783	FALSE	up_in_cellobiose
YMR077C	1338.6190380035	-0.200486585605769	0.0826147488347315	-2.42676505628355	0.0152341177189754	0.0246130283338895	-0.196163628719695	FALSE	down_in_cellobiose
YGL246C	2194.74686556392	-0.175240010720549	0.0722508926461891	-2.42543731021698	0.015289956220749	0.0246966475779201	-0.174643930573527	FALSE	down_in_cellobiose
YPR173C	5735.8005967643	-0.150367557491374	0.0620202958764469	-2.42448952179988	0.0153299257075953	0.0247545970649343	-0.148243572594938	FALSE	down_in_cellobiose
YPR091C	2414.39007839031	0.172400338933829	0.0711593650738897	2.42273576717293	0.0154041264693555	0.0248677771585619	0.169637358748422	FALSE	up_in_cellobiose
YDR160W	2733.43071155263	0.162963904769338	0.0672849327300967	2.4219969933394	0.0154354782526268	0.0249117417156188	0.160709061367894	FALSE	up_in_cellobiose
YER081W	9492.4372962032	0.176470805623659	0.0728713163079538	2.4216772053066	0.015449066694635	0.0249270217220185	0.173653774896878	FALSE	up_in_cellobiose
YNCL0041C	19.9361113247993	1.24909863288435	0.516056514031398	2.42046868690113	0.0155005142151026	0.0250033627965748	0.909315976503578	FALSE	up_in_cellobiose
YJL183W	2549.68488663093	-0.174452283308831	0.0720769543212215	-2.42036147270261	0.0155050856756988	0.0250040691155164	-0.171422646863694	FALSE	down_in_cellobiose
YBR241C	3319.96131888822	0.156974772106689	0.0649122147302155	2.41826246044906	0.0155948238719	0.0251420814501927	0.155649804876899	FALSE	up_in_cellobiose
YHR069C	3179.24455000992	-0.160591852026653	0.0664194708821229	-2.41784298931953	0.0156128120342644	0.0251643751652719	-0.157897995756896	FALSE	down_in_cellobiose
YIR001C	1853.13131077168	-0.191053730561381	0.0790542088483998	-2.41674331252571	0.0156600561161242	0.0252337984673509	-0.188027784481238	FALSE	down_in_cellobiose
YNL076W	2767.22184412599	-0.161744575833223	0.0669429261104664	-2.41615634736848	0.0156853246344817	0.0252677839451344	-0.159196884262832	FALSE	down_in_cellobiose
YDR499W	1493.24955241992	0.192896672734099	0.0798528461072323	2.41565181628045	0.0157070730714566	0.0252960822708309	0.189056899683173	FALSE	up_in_cellobiose
YIL140W	1853.19655606778	-0.202774545840595	0.0839514047487984	-2.41538002189889	0.0157188000953722	0.0253082304436802	-0.198074249544145	FALSE	down_in_cellobiose
YOR272W	2801.33808358965	0.176506391171601	0.0730844691458095	2.41510122786082	0.0157308371324457	0.0253208711586386	0.1731235634428	FALSE	up_in_cellobiose
YDL120W	1450.38337454046	-0.187952269476753	0.0778708143694473	-2.41364201721378	0.0157939714717314	0.0254157311605489	-0.185386322348712	FALSE	down_in_cellobiose
YMR125W	4273.18636093146	0.151692854274639	0.0628583332516422	2.41324970656418	0.0158109831865479	0.025436339706231	0.14995644498253	FALSE	up_in_cellobiose
YKR045C	533.607636472117	0.262334006644482	0.108717389085276	2.41299031232907	0.0158222401129407	0.0254476815855301	0.25334590930212	FALSE	up_in_cellobiose
YJL149W	2117.55561942946	-0.181706213854929	0.0753700982781772	-2.41085281837215	0.0159152695638414	0.0255864391822101	-0.17826797872204	FALSE	down_in_cellobiose
YPR129W	3897.22913959167	-0.155898793303625	0.0646664602273629	-2.41081377820118	0.015916973159639	0.0255864391822101	-0.153863865246982	FALSE	down_in_cellobiose
YKR083C	570.800577811023	0.26444132602236	0.109706641217349	2.41044045363172	0.0159332720223005	0.0256058348732454	0.255120201433739	FALSE	up_in_cellobiose
YHR032W	3102.43115703582	-0.163730542275802	0.0679800716110317	-2.40850794057169	0.0160178778356894	0.0257349649476985	-0.16088345883516	FALSE	down_in_cellobiose
YKL181W	6913.42542210166	0.154551455614895	0.0642168683721873	2.40671118870431	0.0160968940582574	0.0258550483691979	0.152085437295278	FALSE	up_in_cellobiose
YPR023C	3083.81367704399	-0.158971062557903	0.066141188397127	-2.40351082903747	0.0162384860586251	0.0260755514118989	-0.156484586426641	FALSE	down_in_cellobiose
YIL097W	1603.46615098014	0.204267275492651	0.0849940675752569	2.40331215248388	0.0162473119835247	0.0260827999438272	0.200785390639493	FALSE	up_in_cellobiose
YJR119C	1865.90223056704	-0.180793553873529	0.0752715502031002	-2.40188428942549	0.0163108668891568	0.0261778810858342	-0.177476129758195	FALSE	down_in_cellobiose
YBR003W	3026.04839600771	-0.180706796737644	0.0752527643172745	-2.40133101258265	0.0163355521798986	0.0262105451289672	-0.177966822821337	FALSE	down_in_cellobiose
YBL093C	6316.22611271087	0.180901859687154	0.0753491600370625	2.40084772807251	0.0163571415083559	0.0262382256653526	0.178328754294216	FALSE	up_in_cellobiose
YDR326C	3095.084193479	-0.160393568567549	0.0668348126703531	-2.39985064907195	0.016401762335938	0.0263028261850712	-0.157806833343505	FALSE	down_in_cellobiose
YKL074C	1860.28944038126	-0.17476963688169	0.0729119451886846	-2.39699594393503	0.0165301066933296	0.0265016208290354	-0.171740123599703	FALSE	down_in_cellobiose
YGR208W	2489.70971199102	0.175681783253285	0.0733970403239188	2.39358130079849	0.0166847831291829	0.0267425154076385	0.172586027147964	FALSE	up_in_cellobiose
YNCM0013W	26.0669498371369	1.05452249119203	0.440655239950729	2.39307829701501	0.0167076752464219	0.0267650231900439	0.80249916692632	FALSE	up_in_cellobiose
YOL003C	910.640572361726	-0.220048865579377	0.0919509240489917	-2.39311206336692	0.0167061376488538	0.0267650231900439	-0.214397456597119	FALSE	down_in_cellobiose
YNCM0012W	17.7800897833351	1.27319078260033	0.532340160626993	2.39168651318879	0.0167711602538198	0.0268596103720826	0.909564851700962	FALSE	up_in_cellobiose
YNR029C	2116.39682789966	0.171133366982116	0.0716551157508291	2.38829238064745	0.016926869370139	0.0271018085812523	0.168373181889653	FALSE	up_in_cellobiose
YJL030W	967.453723725444	-0.210273078206816	0.0881257543047858	-2.38605705977369	0.0170301085176633	0.027259890559234	-0.205104655571279	FALSE	down_in_cellobiose
YGL064C	1240.10893293411	0.204606862182635	0.085800928280989	2.38466956339411	0.0170944681233701	0.0273556713434566	0.200190301384173	FALSE	up_in_cellobiose
YDL134C	5491.43830168167	0.14716431033674	0.0617591183341971	2.38287582961255	0.0171779874263549	0.027482053938646	0.145307622634071	FALSE	up_in_cellobiose
YDR226W	15965.7664882841	0.130930249679188	0.0549497968766381	2.38272490748466	0.0171850309167927	0.0274860528862186	0.128488659907402	FALSE	up_in_cellobiose
YER094C	5742.67270509253	0.146597016927454	0.0615353784497937	2.38232087980188	0.0172038992383385	0.0275089575714273	0.145088792099099	FALSE	up_in_cellobiose
YBR171W	3011.6902862797	0.160683233479091	0.0676559999630166	2.37500345227218	0.0175487860580057	0.0280530144991746	0.158387959733081	FALSE	up_in_cellobiose
YLR393W	502.35502777292	0.273362216635302	0.115243429845154	2.37204166001135	0.0176900959842041	0.0282598665711705	0.262899599743176	FALSE	up_in_cellobiose
YNL048W	2484.47250996248	-0.162833592845796	0.0686469919510151	-2.37204265209451	0.0176900484844951	0.0282598665711705	-0.159484920511777	FALSE	down_in_cellobiose
YPL131W	51869.3971165107	0.142959866676691	0.0602698160147525	2.37199772837697	0.0176921994883489	0.0282598665711705	0.141331845728759	FALSE	up_in_cellobiose
YFL067W	961.610812725653	0.271455094895525	0.11446843604931	2.3714405845345	0.0177188952891644	0.02828794307678	0.261263070297578	FALSE	up_in_cellobiose
YJL004C	1577.3295120618	-0.199538592700944	0.0841425273689409	-2.37143569298822	0.0177191298260736	0.02828794307678	-0.195076782543277	FALSE	down_in_cellobiose
YML025C	2679.22284880146	0.161319623286938	0.0680427733635231	2.37085608526091	0.0177469397752524	0.0283248650924807	0.159006960472801	FALSE	up_in_cellobiose
YDR176W	3786.10843728084	0.151895002374154	0.0640916889600623	2.369964106716	0.017789812201239	0.028385801636849	0.149783753199654	FALSE	up_in_cellobiose
YDL207W	3911.57254655421	-0.155387295854502	0.0656096672217057	-2.36835976212809	0.0178671525350285	0.0285016892627603	-0.152858040589484	FALSE	down_in_cellobiose
YLR343W	1239.82908629219	-0.252667604247115	0.106751674429986	-2.36687251601687	0.0179391108809072	0.0286089326967065	-0.24424412294269	FALSE	down_in_cellobiose
YJL170C	221.050801808154	-0.377361044675646	0.159476282623917	-2.36625182420105	0.017969217202116	0.0286493924237216	-0.35200055309918	FALSE	down_in_cellobiose
YHL014C	1185.80773594161	0.197315577463004	0.0834006856735036	2.36587476313388	0.0179875279476648	0.0286710293953687	0.193007113161343	FALSE	up_in_cellobiose
YDL219W	819.532921489092	-0.256016442501403	0.108249571233326	-2.36505733541959	0.0180272797998607	0.0287268217885557	-0.247164875365371	FALSE	down_in_cellobiose
YPL261C	83.0047218595428	0.587215843454901	0.248349109346598	2.36447734803582	0.018055531475561	0.0287642638650693	0.513143076820605	FALSE	up_in_cellobiose
YMR197C	2368.65065209385	-0.164261094277417	0.0694903838730906	-2.36379604086524	0.0180887680478184	0.0288096255716834	-0.160988584208086	FALSE	down_in_cellobiose
YER180C-A	343.542870660424	-0.350054017144006	0.148192666002658	-2.36215479879232	0.0181690537331465	0.0289220747592295	-0.328853267242261	FALSE	down_in_cellobiose
YGL176C	1224.1411054003	0.192639586835005	0.081555765709955	2.36205969201624	0.018173715681903	0.0289220747592295	0.188270841286734	FALSE	up_in_cellobiose
YPR140W	1556.36539820109	0.18221315352723	0.0771358678380463	2.36223638411384	0.0181650554142177	0.0289220747592295	0.178845232787154	FALSE	up_in_cellobiose
YML036W	577.509562248721	-0.290060981664465	0.122926766479417	-2.35962427038243	0.018293452664272	0.0291049697964706	-0.277266614440743	FALSE	down_in_cellobiose
YDR179C	694.740805916613	0.233477069004157	0.0990337012801928	2.35755168176122	0.0183958944292172	0.0292602591118419	0.226121688054631	FALSE	up_in_cellobiose
YGR048W	2633.46282782872	0.169750048169268	0.0720065145310968	2.35742625892494	0.0184021097805104	0.0292624505947181	0.163853192241194	FALSE	up_in_cellobiose
YIL002W-A	1424.29079828139	0.185973276999677	0.0790760591589527	2.3518278348425	0.0186814193515033	0.029698792551181	0.1825301571198	FALSE	up_in_cellobiose
YJL129C	3009.41790532769	-0.159610180582659	0.0678780407019347	-2.35142586515626	0.018701615884088	0.0297230884085256	-0.156930093139795	FALSE	down_in_cellobiose
YPR073C	1533.47945542343	-0.180190197925801	0.0767295347806844	-2.34838121253879	0.0188552124040155	0.0299514652919879	-0.176794619488345	FALSE	down_in_cellobiose
YDR454C	5950.28575307649	-0.148042665349327	0.0630396303578905	-2.34840630423838	0.0188539420836527	0.0299514652919879	-0.146195707323559	FALSE	down_in_cellobiose
YMR242C	16319.0905609895	0.15768564800517	0.0671794340646641	2.3472309673432	0.0189135264266743	0.0300362093344587	0.155483458580711	FALSE	up_in_cellobiose
YMR043W	2982.1879631975	-0.156682144246018	0.0667726671356816	-2.3465012102578	0.018950604665651	0.0300871936017121	-0.153872820512463	FALSE	down_in_cellobiose
YNL328C	215.863963277314	-0.376087051310404	0.160341545213606	-2.34553715201748	0.0189996849557562	0.0301413832408522	-0.350554293362552	FALSE	down_in_cellobiose
YDR165W	1630.28626014415	0.192505026193006	0.0820708598852917	2.34559533629921	0.0189967196403893	0.0301413832408522	0.189395686612603	FALSE	up_in_cellobiose
YOL145C	4380.10535612558	0.145815948489908	0.0621643679668197	2.34565158882878	0.0189938531599653	0.0301413832408522	0.144205404318845	FALSE	up_in_cellobiose
Q0050	14.1699405540636	1.40908899918322	0.601105321100553	2.34416324347843	0.0190698228120722	0.0302447189801323	0.952706593038526	FALSE	up_in_cellobiose
YGR024C	2777.95042833009	-0.164626666909315	0.0703645307109548	-2.33962573538041	0.0193030728163131	0.0306066284314227	-0.161956386419528	FALSE	down_in_cellobiose
YBR165W	1741.40098134559	-0.177945858368153	0.0760808815122942	-2.3389037407433	0.0193404158618892	0.0306578028167106	-0.174636024173819	FALSE	down_in_cellobiose
YBR243C	1045.77368848261	-0.199759331633155	0.0856096912781246	-2.33337287695836	0.0196285835358624	0.0311064453257615	-0.195306029912788	FALSE	down_in_cellobiose
YCL037C	91.6019190869479	-0.589286139518021	0.252790245491699	-2.33112689285858	0.0197466696186381	0.031285386203023	-0.51128673519156	FALSE	down_in_cellobiose
YOL028C	686.568179965642	-0.23499108600324	0.10083963393258	-2.33034449689051	0.0197879507400236	0.0313425802635251	-0.227659676588788	FALSE	down_in_cellobiose
YOR295W	853.187497976932	0.214099092236713	0.0918971784475764	2.32976785417681	0.0198184240335873	0.031382630099259	0.209132623457595	FALSE	up_in_cellobiose
YFR035W-A	935.399056222367	0.244294410138058	0.105191363441391	2.32238086992921	0.0202124365008831	0.0319981754498408	0.236544891125565	FALSE	up_in_cellobiose
YEL052W	2704.92315166078	-0.16759721731355	0.0722701875924885	-2.31903669959437	0.0203930464934924	0.0322756510306477	-0.164987066626108	FALSE	down_in_cellobiose
YMR287C	1519.2272756345	0.190535680658562	0.0821659142605805	2.3189138996774	0.0203997053100152	0.0322777445514732	0.186614409526088	FALSE	up_in_cellobiose
YOL013C	2420.52365375191	-0.18698289525215	0.0806753086722924	-2.31772147301827	0.0204644632409269	0.0323717411465394	-0.183188189861523	FALSE	down_in_cellobiose
YJR054W	1291.20893949985	-0.200397382835953	0.0865299458946564	-2.31593098509413	0.0205620372139458	0.0325175851260545	-0.19657510030357	FALSE	down_in_cellobiose
YLL018C-A	394.952090440421	0.287436295734341	0.124120548842101	2.31578331239898	0.0205701028275425	0.032521837951857	0.275003002228904	FALSE	up_in_cellobiose
YIL037C	1110.822202459	0.216194498422808	0.0933790035823672	2.31523672483942	0.0205999804531263	0.0325605648709069	0.210619554926471	FALSE	up_in_cellobiose
YFL061W	345.076065547429	-0.360656395874844	0.155788471209828	-2.31503905952762	0.020610794567643	0.0325691474241568	-0.337311469243151	FALSE	down_in_cellobiose
YMR071C	3873.91131962649	-0.159630168870655	0.069001203453197	-2.31344035874578	0.020698440303678	0.0326991030025982	-0.155914783663853	FALSE	down_in_cellobiose
YPL152W	1335.8124964334	-0.200005959458353	0.0866419744314653	-2.30841876320073	0.0209758563882967	0.0331287089537354	-0.195539517659636	FALSE	down_in_cellobiose
YLR014C	1062.24304920347	-0.19710202543855	0.0855244719593596	-2.30462721280771	0.0211874605520036	0.0334541761626389	-0.192775509780823	FALSE	down_in_cellobiose
YMR087W	1043.09720383009	-0.205106244568014	0.0890877774604748	-2.30229387705864	0.0213186048932003	0.0336497255768585	-0.200130422091576	FALSE	down_in_cellobiose
YGR171C	1322.33562482634	0.185355500960117	0.0805114288549048	2.3022259522205	0.0213224331519422	0.0336497255768585	0.180689082704339	FALSE	up_in_cellobiose
YIL132C	329.694392158231	-0.316524680707663	0.137507438927653	-2.30187314356277	0.0213423271577979	0.0336723361965362	-0.29955074959305	FALSE	down_in_cellobiose
YDL231C	3219.78839695761	0.152101542205005	0.0660938530463275	2.301296341407	0.0213748864195345	0.0337149121125852	0.150363184834386	FALSE	up_in_cellobiose
YPL071C	1446.73391992944	0.181462977284948	0.0789267683559359	2.29913096741279	0.0214975035118179	0.0338646915962197	0.178039866355782	FALSE	up_in_cellobiose
YLR115W	1570.7351266005	-0.178162191488327	0.0774785298931074	-2.29950402691077	0.0214763349718707	0.0338646915962197	-0.174717448288135	FALSE	down_in_cellobiose
YMR029C	2325.19571797853	0.170345415727254	0.074091380220782	2.29912596066707	0.0214977877334212	0.0338646915962197	0.166126325063879	FALSE	up_in_cellobiose
YJR093C	1971.11486580781	-0.165455223678668	0.0719644286153176	-2.2991250936362	0.0214978369531301	0.0338646915962197	-0.162822969685391	FALSE	down_in_cellobiose
YJR052W	2562.63926674885	0.157145327841803	0.0683458085961756	2.29926795906832	0.0214897280754554	0.0338646915962197	0.155802258370058	FALSE	up_in_cellobiose
YMR033W	2880.85470700345	-0.159263410430668	0.0693062328916305	-2.29796662992343	0.0215636884637541	0.0339595812333373	-0.157301660944325	FALSE	down_in_cellobiose
YHR178W	1147.02914837388	0.20159915654022	0.0877786268247223	2.29667703668658	0.0216372003615758	0.034066482297546	0.197197375729309	FALSE	up_in_cellobiose
YPL080C	39.3255195121768	0.8170780825824	0.355826930375994	2.29627949104081	0.0216599059760353	0.0340933570775533	0.654795965993827	FALSE	up_in_cellobiose
YHR187W	1597.27858283228	-0.17370453987139	0.0756804231763332	-2.29523742839894	0.0217195213042223	0.0341782997838815	-0.170483584756824	FALSE	down_in_cellobiose
YDL132W	3425.14920126711	0.1472975381074	0.0642327366678578	2.29318484231901	0.0218373654329764	0.034354804552425	0.145367023693803	FALSE	up_in_cellobiose
YGL085W	1173.97605595293	-0.205350651666004	0.0895656208328973	-2.29273966680951	0.0218629973757906	0.0343861859402385	-0.200949682472072	FALSE	down_in_cellobiose
YLR329W	165.305433967483	-0.47248815438605	0.206273057753522	-2.29059558011028	0.0219868148096368	0.0345719372975027	-0.424678083275612	FALSE	down_in_cellobiose
YOR340C	1700.77941900301	0.178269467641872	0.0778738879460499	2.28920723420635	0.022067314479333	0.0346894972155627	0.172675423370679	FALSE	up_in_cellobiose
YPL219W	1200.72400009796	0.223957549277069	0.0979213606039531	2.28711639519465	0.0221890301649391	0.0348717701916644	0.216801859815518	FALSE	up_in_cellobiose
YFR031C-A	23413.4729295627	0.151522913732241	0.0663399404718887	2.28403752934401	0.0223693254299771	0.0351459868898523	0.150985008086056	FALSE	up_in_cellobiose
YBR024W	1474.23500248104	0.182994061913833	0.0802045943285778	2.28159076728389	0.0225135123193942	0.035363343552328	0.179209385282023	FALSE	up_in_cellobiose
YBR208C	2797.56743838357	-0.157611088766012	0.0690948538365274	-2.28108288844357	0.0225435424955299	0.0354013210164746	-0.155302102258315	FALSE	down_in_cellobiose
YMR028W	1743.51820008209	0.173186363272706	0.0759341477863155	2.28074414899691	0.0225635910417906	0.0354236081525542	0.17039999616668	FALSE	up_in_cellobiose
YDR510W	4644.39118125852	0.144427483029011	0.0633440030499979	2.28004982436953	0.0226047336029586	0.0354789915838859	0.14175927940933	FALSE	up_in_cellobiose
YPR202W	1015.75552339531	0.199637014327308	0.0875656210469123	2.27985608895932	0.0226162251218418	0.0354878199123271	0.194815826997091	FALSE	up_in_cellobiose
YLR013W	7.79104772076663	-1.9211220546759	0.84314910940474	-2.27850807555523	0.0226963239094534	0.0356042695353433	-1.04618121483894	FALSE	down_in_cellobiose
YDL029W	7498.34599297299	-0.134377452790067	0.0589794668348387	-2.27837686573815	0.0227041335294241	0.0356072864193639	-0.132699959867781	FALSE	down_in_cellobiose
YDR067C	1789.54391964336	-0.185353363645638	0.0813850971158044	-2.27748531628457	0.0227572604971701	0.0356813552999953	-0.181471569772168	FALSE	down_in_cellobiose
YER063W	4680.8656087986	0.146789895819561	0.0645189145032507	2.27514515626523	0.0228972235758927	0.0358915017907682	0.138908429746339	FALSE	up_in_cellobiose
YGR230W	809.724406374529	0.219163338438718	0.0964840587247751	2.27149791722476	0.0231168529111954	0.0362263842642024	0.212914227433841	FALSE	up_in_cellobiose
YAL042W	8118.76736838669	0.130809071256287	0.0576046021404512	2.27080938667625	0.0231585194742086	0.0362822803158476	0.126997474367112	FALSE	up_in_cellobiose
YLR348C	14130.0408410853	-0.183769678478482	0.0809427697671952	-2.27036558060756	0.0231854110375187	0.0363150055323539	-0.179544633506049	FALSE	down_in_cellobiose
YEL031W	7834.93734764638	0.130846830889892	0.0576885871747529	2.26815800660059	0.023319577918176	0.036515694234286	0.129491487024948	FALSE	up_in_cellobiose
YGR192C	348981.819243955	0.122619757835798	0.0540696743439328	2.26781017869321	0.0233407787535312	0.0365394334058256	0.118795251673697	FALSE	up_in_cellobiose
YPR032W	1664.66010856783	-0.171557965016479	0.0756800695330106	-2.26688434716154	0.0233972916730887	0.0366145435842686	-0.168248774804801	FALSE	down_in_cellobiose
YLR276C	4034.02410496485	0.144692657708386	0.0638305122220361	2.2668258904937	0.0234008638612634	0.0366145435842686	0.143022450697773	FALSE	up_in_cellobiose
YGR258C	3228.00094895554	-0.151682337438527	0.0669445829371535	-2.26578956479457	0.0234642706053296	0.0366977136757764	-0.148988233646031	FALSE	down_in_cellobiose
YFR050C	5586.22813451881	0.136601484596054	0.0602895074012023	2.26575884402283	0.0234661525041995	0.0366977136757764	0.134193723198184	FALSE	up_in_cellobiose
YDR404C	1712.50458628702	-0.177863650487364	0.0785276470254292	-2.26498128015687	0.0235138282967672	0.0367571513944778	-0.17437569285703	FALSE	down_in_cellobiose
YIL143C	3961.88578457302	0.143821374358546	0.0634989552555182	2.26494079752671	0.0235163127618828	0.0367571513944778	0.14190000002045	FALSE	up_in_cellobiose
YJL131C	1354.46164870451	-0.192755386984822	0.0851132849945223	-2.26469213351626	0.0235315785533964	0.0367715108936953	-0.188691873006337	FALSE	down_in_cellobiose
YBR149W	7359.23756683778	-0.134359561284621	0.0593467326168902	-2.26397571290018	0.023575608593246	0.0368307996850582	-0.131239918713801	FALSE	down_in_cellobiose
YMR070W	793.845127670987	0.224307215410079	0.0992025281786028	2.26110381991717	0.0237528289005973	0.037098079530006	0.217812857065008	FALSE	up_in_cellobiose
YML061C	2044.19973312586	0.16109534615589	0.071257238123486	2.2607576493032	0.0237742684331207	0.0371219798017416	0.158371930807947	FALSE	up_in_cellobiose
YDR524C	1500.79826764979	-0.179293533533219	0.0794337797431332	-2.25714468218691	0.0239990356609882	0.0374632688292433	-0.175599609231657	FALSE	down_in_cellobiose
YKR103W	626.566622273464	-0.232101453408642	0.102856854123528	-2.25654824256918	0.0240363175902646	0.0375117866624125	-0.225014753224757	FALSE	down_in_cellobiose
YGL066W	2789.56565189907	-0.160151518494403	0.0710526576350171	-2.25398350779598	0.0241972055199053	0.0377531328836489	-0.157474685654507	FALSE	down_in_cellobiose
YOL101C	3861.16280057312	-0.654333638827689	0.290386378126516	-2.25332070687767	0.0242389350687233	0.0378084884555717	-0.546733079903752	FALSE	down_in_cellobiose
YDL209C	1696.53677407929	0.167997247792893	0.0745878563466145	2.25234047499904	0.024300764230669	0.037895159275926	0.165237093868465	FALSE	up_in_cellobiose
YNL161W	3605.93341011076	0.145395963999889	0.0645706851452392	2.25173333181844	0.0243391289491754	0.0379452038694747	0.143337113288846	FALSE	up_in_cellobiose
YER014C-A	1127.15985225725	-0.198417678182294	0.0881562575751816	-2.25074978952095	0.0244013893232395	0.0380324668941705	-0.1941761168918	FALSE	down_in_cellobiose
YNR034W	1828.35377838675	0.176459054310309	0.0784444652982193	2.24947743144747	0.0244821371057025	0.0381484923628012	0.173613992484795	FALSE	up_in_cellobiose
YIL086C	105.048264086105	0.550003292650016	0.244622276501722	2.24837778682902	0.0245521103880669	0.0382476733807408	0.47959737823219	FALSE	up_in_cellobiose
YML095C	480.981863092452	-0.253897288373688	0.112972769037779	-2.24742024592478	0.0246131823118642	0.0383329402174219	-0.244201246700325	FALSE	down_in_cellobiose
YMR006C	8261.96554065436	-0.19549133391924	0.0870081465290647	-2.24681643866459	0.0246517607424858	0.0383831404713762	-0.192320074078818	FALSE	down_in_cellobiose
YPL236C	1689.69063178923	-0.168960359485511	0.0752169695503164	-2.24630639197029	0.0246843894295851	0.0384240534378694	-0.165702375548545	FALSE	down_in_cellobiose
YDL047W	3384.61182999048	0.155266168429677	0.0691673428171292	2.24479012935604	0.024781608736127	0.0385654621159847	0.152954279084929	FALSE	up_in_cellobiose
YLR181C	1932.03138683643	0.161940066824083	0.0721584284887111	2.24422940210536	0.0248176451981242	0.0386116090029458	0.159275992475044	FALSE	up_in_cellobiose
YHR175W-A	257.139944363881	-0.335865948403527	0.149724050117162	-2.24323312213839	0.0248817854509039	0.0387014451510717	-0.315054889233163	FALSE	down_in_cellobiose
YGR217W	1336.62722892693	0.192715727178996	0.0861054967096416	2.23813501510661	0.0252122518652498	0.0392053757153974	0.188284979329668	FALSE	up_in_cellobiose
YER010C	2779.79848889647	-0.152233667080442	0.0680752981705146	-2.2362541358119	0.0253351288965686	0.0393863260589421	-0.150174155850506	FALSE	down_in_cellobiose
YLR245C	483.669542069486	-0.251671467024332	0.112654745141001	-2.23400680290329	0.0254826254485096	0.0396054474147057	-0.24183373476333	FALSE	down_in_cellobiose
YJL193W	1390.93022882909	-0.17930354178489	0.0803355449048139	-2.23193285111016	0.0256194012886843	0.0398077982006811	-0.17554707217881	FALSE	down_in_cellobiose
YER016W	1580.61252147087	-0.171922567659481	0.077047746228034	-2.23137698474204	0.0256561680709788	0.0398546894353752	-0.168600770090949	FALSE	down_in_cellobiose
YOL162W	400.953383864757	-0.303926752208637	0.136392758964383	-2.2283202899943	0.0258591642556935	0.0401597136284185	-0.287742797025696	FALSE	down_in_cellobiose
YDR005C	2977.20839001023	0.167094637458235	0.0750433967981945	2.22664011208852	0.0259713358794512	0.0403204550506312	0.160613848203199	FALSE	up_in_cellobiose
YDL084W	13812.1672108033	0.123087798470161	0.0552813411122414	2.22657041225262	0.0259759982364539	0.0403204550506312	0.121824911765225	FALSE	up_in_cellobiose
YOL005C	2457.46311783941	0.171378301834111	0.0770764244464278	2.22348536618	0.02618308907505	0.0406314791726468	0.168659441032603	FALSE	up_in_cellobiose
YLR324W	2897.59931224754	0.154843663547917	0.0696906500244917	2.2218714202479	0.0262919963470025	0.040790019467304	0.151962009654505	FALSE	up_in_cellobiose
YJL090C	1567.23481697163	-0.173983322264543	0.0783569521630818	-2.22039420193932	0.0263920202912456	0.0409347001901909	-0.170530597393129	FALSE	down_in_cellobiose
YDR128W	2260.12772805886	0.154602172177803	0.0696697277467532	2.219072431857	0.0264817972198829	0.0410634174270883	0.1525754322819	FALSE	up_in_cellobiose
YAL007C	2551.68803355408	-0.179423615653955	0.0808933665354351	-2.21802631462196	0.0265530382475096	0.04116333376709	-0.175660439376765	FALSE	down_in_cellobiose
YBR019C	1153.37654401489	-0.197343276570127	0.0890253378251501	-2.21670910092718	0.0266429764775764	0.0412921764573045	-0.192455216764859	FALSE	down_in_cellobiose
YEL059C-A	817.021387090249	0.210343094210201	0.0949101958793012	2.21623285318785	0.0266755589688919	0.0413312113920741	0.204511945711017	FALSE	up_in_cellobiose
YOL073C	1899.68055061169	-0.164231540968478	0.0741069818466855	-2.2161412713885	0.0266818284817407	0.0413312113920741	-0.161286247041257	FALSE	down_in_cellobiose
YIL091C	2496.82921868018	0.155904520791957	0.070404285172157	2.21441806291662	0.0268000334754119	0.0415036872741337	0.150445896492728	FALSE	up_in_cellobiose
YDL082W	12502.5683432766	0.135105591104766	0.0610738336415445	2.21216817496229	0.0269550469351795	0.0417330634530077	0.132843974859832	FALSE	up_in_cellobiose
YIL005W	2157.33698912078	-0.15733841150567	0.0712024580819625	-2.20973286237611	0.027123707619179	0.0419834461075777	-0.15477442954001	FALSE	down_in_cellobiose
YNCI0001W	55.204274322507	0.675442582055335	0.30573566535642	2.20923712406244	0.0271581519669524	0.0420260069706051	0.559792774692926	FALSE	up_in_cellobiose
YDL114W	284.495064713716	0.384309973651467	0.174089048535452	2.20754824547855	0.0272757803090767	0.0421972365958068	0.354094924407357	FALSE	up_in_cellobiose
YKL104C	6928.60695979603	-0.133437684951961	0.0604633229745745	-2.20691947427489	0.0273196856291713	0.0422543539685138	-0.133764506187885	FALSE	down_in_cellobiose
YKL183W	1398.61448563061	-0.174185248596455	0.078979741594457	-2.2054421181935	0.0274230852695288	0.0424034362973875	-0.170663579860605	FALSE	down_in_cellobiose
YIL102C-A	416.885267074382	-0.269338200263373	0.122143603913555	-2.20509459057711	0.027447457601245	0.0424302762662742	-0.2574777326884	FALSE	down_in_cellobiose
YFR024C-A	5782.70447841115	-0.135248011703471	0.06137232186846	-2.20372975285748	0.0275433554212181	0.0425676435725468	-0.134664744915441	FALSE	down_in_cellobiose
YCL001W-A	134.452564324875	-0.45511826682119	0.206670924430331	-2.20213979337288	0.027655435326776	0.0427299433695192	-0.409313383916766	FALSE	down_in_cellobiose
YJL104W	1704.58737382481	0.164431901309091	0.0747063326328267	2.20104368015567	0.0277329317291879	0.0428387395377573	0.161894269725283	FALSE	up_in_cellobiose
YKL002W	3462.62200064055	0.143061659834298	0.0650410739653103	2.19955869594958	0.0278382203929521	0.0429903995805379	0.141169030532563	FALSE	up_in_cellobiose
YDR131C	1216.6590452288	-0.198280573169958	0.0902857825722468	-2.19614392788027	0.0280816432706298	0.0433552476120571	-0.193119465674424	FALSE	down_in_cellobiose
YOL089C	1424.87196573539	0.171657662801001	0.0781706678072793	2.1959344549058	0.0280966351596091	0.0433673248482969	0.168767089623995	FALSE	up_in_cellobiose
YKL014C	1484.77506342992	0.221837003713226	0.101273472607764	2.19047493880663	0.028489810391988	0.0439545831003681	0.214923532483639	FALSE	up_in_cellobiose
YIR004W	3566.27026915384	0.140991906718359	0.0643666486280067	2.1904497084071	0.0284916383429564	0.0439545831003681	0.139123508937607	FALSE	up_in_cellobiose
YNR060W	815.077829177201	-0.216212893144552	0.0987143969261489	-2.19028733272116	0.0285034049337013	0.0439615238255888	-0.209776473652567	FALSE	down_in_cellobiose
YPL255W	937.048158553642	0.195061368326771	0.0892425442070193	2.18574414322253	0.0288343293656094	0.0444605807628272	0.190437258796377	FALSE	up_in_cellobiose
YER059W	2062.2628483209	-0.156510335765276	0.0716716503078392	-2.18371329658301	0.0289833221018732	0.0446789284898652	-0.153964371575216	FALSE	down_in_cellobiose
YLR226W	1354.02311558038	-0.204768471437386	0.0938018873622408	-2.18298882032744	0.0290366333207862	0.0447477898053133	-0.198972928251142	FALSE	down_in_cellobiose
YGR241C	2213.22323861789	0.154586616305722	0.0708169150651575	2.1829052587717	0.0290427876964226	0.0447477898053133	0.152024811641634	FALSE	up_in_cellobiose
YGR250C	3640.44421838731	0.148564160083454	0.0680975505476642	2.18163735536226	0.0291363076505939	0.0448804494470187	0.146466978218933	FALSE	up_in_cellobiose
YPL144W	596.522574550699	-0.253199514520957	0.116079522667012	-2.1812590946578	0.0291642581241594	0.0449120665460897	-0.242931120656259	FALSE	down_in_cellobiose
YLR036C	978.746302387428	-0.206663053731517	0.0947872508391113	-2.18028323326203	0.0292364731346196	0.0450003628476625	-0.200829654942553	FALSE	down_in_cellobiose
YER029C	1738.79178310352	-0.162907027959213	0.0747182111242309	-2.18028544190324	0.0292363095187345	0.0450003628476625	-0.159911550808307	FALSE	down_in_cellobiose
YPL140C	1628.95180853132	-0.166637293376129	0.0764549917937054	-2.17954759351434	0.0292910130951018	0.0450613779787058	-0.163255239327201	FALSE	down_in_cellobiose
YGR032W	18267.9565911091	0.1500741922964	0.0688542756345709	2.17959147653933	0.0292877571762037	0.0450613779787058	0.148038705126636	FALSE	up_in_cellobiose
YKR037C	950.831892704015	-0.197974339823422	0.0908416709666094	-2.17933397434082	0.0293068671049543	0.0450743043777952	-0.192524419225816	FALSE	down_in_cellobiose
YDR390C	2104.18427249887	-0.164378320332431	0.0754347793106502	-2.17907869333719	0.0293258227816464	0.0450805341820024	-0.161389459782645	FALSE	down_in_cellobiose
YMR184W	2730.22961981795	-0.161368589039786	0.0740528642613867	-2.17909989909639	0.0293242477641644	0.0450805341820024	-0.158501347133679	FALSE	down_in_cellobiose
YML037C	543.121796462601	-0.250143853627806	0.115027460411101	-2.17464466948855	0.0296567541769079	0.045567785024213	-0.240139705073831	FALSE	down_in_cellobiose
YLR455W	1026.90382964299	-0.196462891561602	0.0903449270248289	-2.17458686426975	0.0296610895637509	0.045567785024213	-0.190778353009717	FALSE	down_in_cellobiose
YNL127W	1250.47932993715	-0.182743729788322	0.0840384781412111	-2.17452450151769	0.0296657673763813	0.045567785024213	-0.178292100004039	FALSE	down_in_cellobiose
YDR528W	4445.70083452052	-0.141915354708993	0.065265568977491	-2.17442913518362	0.0296729220053521	0.045567785024213	-0.138690591038186	FALSE	down_in_cellobiose
YPL040C	1477.63293515329	0.170262151386332	0.0783251495474738	2.17378648326914	0.0297211741154786	0.0456303000569873	0.166990637208873	FALSE	up_in_cellobiose
YOL006C	4180.65625170782	-0.135483956398786	0.0624759610211342	-2.16857738855677	0.03011478338168	0.046222868479011	-0.136775739322543	FALSE	down_in_cellobiose
YGR062C	1357.89938359683	-0.1785960748996	0.0823652284922871	-2.16834310022371	0.0301325914439184	0.0462384692146785	-0.174724458219642	FALSE	down_in_cellobiose
YPR097W	2715.82054705454	0.146925636414888	0.0678302770766831	2.16607749145394	0.0303052658851712	0.0464798563233774	0.144730581530824	FALSE	up_in_cellobiose
YPL075W	4972.61272143064	-0.136560629886131	0.0630440849183054	-2.16611328506221	0.0303025312627569	0.0464798563233774	-0.134090612185596	FALSE	down_in_cellobiose
YFR028C	2994.95055821126	-0.144747643232128	0.0668973158022078	-2.16372871611316	0.0304851757744013	0.0467439361874154	-0.142081936702551	FALSE	down_in_cellobiose
YCR060W	1086.94819185107	-0.186360209123752	0.0862784546680228	-2.15998547772811	0.0307737938084617	0.0471745257849429	-0.182033419416541	FALSE	down_in_cellobiose
YDR038C	2460.86281610715	0.166170136303935	0.0769615417176566	2.15913211449884	0.0308399188120256	0.0472639140851134	0.163532964211297	FALSE	up_in_cellobiose
YDL045C	1820.8914981281	0.159450975412986	0.0738688144344112	2.15856957545411	0.0308835752496718	0.0473188314805636	0.156701078162193	FALSE	up_in_cellobiose
YPL023C	2688.91737354931	-0.153637176153895	0.0711878888168764	-2.15819261825717	0.0309128590898591	0.0473517054025216	-0.15142581032056	FALSE	down_in_cellobiose
YIL067C	1932.35996030482	-0.156746937096613	0.0726544660195526	-2.15743017166253	0.0309721624634142	0.0474305343648588	-0.153756368136245	FALSE	down_in_cellobiose
YBR053C	3763.3272614563	0.141768465341546	0.065722467321473	2.1570776496887	0.0309996147483968	0.0474605592541261	0.139490061451612	FALSE	up_in_cellobiose
YBR065C	1307.12617861585	-0.173418036809621	0.0804049076715221	-2.15680910322147	0.0310205415404616	0.0474805809155497	-0.169804290802986	FALSE	down_in_cellobiose
YHR085W	1428.30447040811	-0.17060106435317	0.0791341188635738	-2.1558471466307	0.0310956026535278	0.0475834304202351	-0.167115730693842	FALSE	down_in_cellobiose
YJR160C	745.463270097827	-0.305454559488742	0.141790555239457	-2.15426590983361	0.0312193246778553	0.047760671465945	-0.28758837166689	FALSE	down_in_cellobiose
YJL107C	178.06869589018	-0.408472504930547	0.189766451382926	-2.15250115051315	0.0313579047647215	0.047960547641416	-0.371351032421562	FALSE	down_in_cellobiose
YJL181W	1423.82236968211	0.176214715298018	0.082042492320602	2.14784693045908	0.0317259174251571	0.0485111411791646	0.1724131863851	FALSE	up_in_cellobiose
YKL035W	12156.4480024152	0.135121292659556	0.0629307352899505	2.1471430778139	0.0317818927154694	0.048584450097517	0.133985840255337	FALSE	up_in_cellobiose
YIL018W	40879.4113247778	0.125575077169098	0.0585082475340713	2.14627992568008	0.0318506521931277	0.0486772600091534	0.125726113629842	FALSE	up_in_cellobiose
YIL007C	1243.02787967452	0.182941931111734	0.0852504841809287	2.1459342180799	0.0318782273213457	0.0487070970110684	0.178732887808307	FALSE	up_in_cellobiose
YJL038C	961.552045997774	0.192583777166877	0.0898223891551607	2.14405093182508	0.0320288060624289	0.0489124584376754	0.187949350786635	FALSE	up_in_cellobiose
YGR085C	20780.3473031038	0.133867743740058	0.0624353095295004	2.14410314850454	0.032024622858494	0.0489124584376754	0.131070170526235	FALSE	up_in_cellobiose
YDR279W	1239.9082745248	-0.177525412116877	0.0828112945512179	-2.14373429468706	0.0320541826585577	0.0489388568656273	-0.173707335220312	FALSE	down_in_cellobiose
YMR316W	1486.78821505041	0.1999620847148	0.0933329871731517	2.14245885373657	0.0321565763054904	0.0490827984032076	0.194470058288378	FALSE	up_in_cellobiose
YMR192W	1552.14643475158	0.181970450607317	0.0849860726106021	2.14117966647415	0.0322595521276623	0.049227555706415	0.178752412320031	FALSE	up_in_cellobiose
YLR028C	12377.7598611374	-0.121159652110675	0.0565951510034691	-2.14081330224295	0.0322890968078496	0.049260213515935	-0.119695157381169	FALSE	down_in_cellobiose
YEL042W	1976.49541857378	0.165257969195669	0.0772139918307163	2.14025936591881	0.0323338118758325	0.0493159929492967	0.16207859696736	FALSE	up_in_cellobiose
YLR419W	1667.18781190596	0.166113905571551	0.0776354294750989	2.13966621547229	0.0323817512127755	0.0493766607224803	0.162988827228256	FALSE	up_in_cellobiose
YNL063W	1836.74056086321	-0.15761918520131	0.0736826297426159	-2.13916340597366	0.0324224367299962	0.0494262398638475	-0.154774008548165	FALSE	down_in_cellobiose
YPR189W	2479.54896723322	-0.163499415617526	0.0764587544501528	-2.13840019750935	0.0324842764667267	0.0495080343530436	-0.16038954773365	FALSE	down_in_cellobiose
YPL110C	2471.32408377434	0.158559240268169	0.0741907082008356	2.13718461669008	0.0325829787383233	0.049645954253934	0.155698666136335	FALSE	up_in_cellobiose
YBR111C	6544.64568013387	0.138950837722731	0.0650235786837017	2.13693002654681	0.03260368335348	0.0496649913385043	0.138443687545295	FALSE	up_in_cellobiose
YGL160W	1119.72378319088	0.182494682970188	0.0854122136423985	2.13663450679609	0.0326277307107497	0.0496891095340697	0.179365990737988	FALSE	up_in_cellobiose
YJR154W	3100.96074903559	-0.5041050738313	0.236070106697426	-2.13540410043283	0.0327280160394214	0.0498292899628643	-0.440049316185115	FALSE	down_in_cellobiose
YCL056C	1188.85617999003	0.175728395168435	0.0823139789904674	2.13485482446166	0.0327728703985068	0.0498724762366208	0.17166870689343	FALSE	up_in_cellobiose
YGL092W	2856.46254589667	0.160790284152371	0.0753165719113356	2.13485930216868	0.0327725045323133	0.0498724762366208	0.157894723230934	FALSE	up_in_cellobiose
YGR118W	26942.6482790176	-0.121784168844821	0.0570529503214083	-2.13458143985103	0.0327952148389511	0.0498939272034244	-0.120625061439112	FALSE	down_in_cellobiose
YPR180W	1813.13208977616	-0.158547416110378	0.0743375985003978	-2.13280250248505	0.032940930891357	0.0501030150771482	-0.154850286529483	FALSE	down_in_cellobiose
YNL096C	6481.38194314994	-0.136698983376832	0.064101092241101	-2.13255310631324	0.0329614036269812	0.0501215511663171	-0.134992824783833	FALSE	down_in_cellobiose
YBR109C	6620.68759337492	0.126296260018905	0.0592556869470074	2.13137787317953	0.0330580242536688	0.0502558403393925	0.12499103954905	FALSE	up_in_cellobiose
YLR153C	9134.45069816349	-0.121658341540395	0.0571169498155568	-2.12998666653694	0.0331727141810301	0.0504175246434802	-0.120251024026564	FALSE	down_in_cellobiose
YJR068W	2660.7755554541	-0.144543624717227	0.0678777827306121	-2.12946886156963	0.0332154884689592	0.0504698542448465	-0.14231996475778	FALSE	down_in_cellobiose
YBR160W	1943.1037748119	-0.16043399121652	0.0753445114629652	-2.12933879457669	0.033226240320395	0.0504735127318104	-0.157534058309086	FALSE	down_in_cellobiose
YOR378W	677.756113703843	-0.218423203686687	0.102586193854609	-2.1291676343529	0.0332403936389723	0.0504823352051578	-0.21121070574906	FALSE	down_in_cellobiose
YCL039W	2967.28425649874	0.14751190806137	0.0693180227528983	2.12804552413755	0.0333333092952975	0.0506107399415799	0.145253365684119	FALSE	up_in_cellobiose
YOR288C	1590.5983641088	-0.162172096471021	0.076275732192733	-2.12612965892279	0.0334924649978225	0.0508396288009606	-0.159081729565042	FALSE	down_in_cellobiose
YDR062W	5017.77937613666	-0.130682854055295	0.0614857189314058	-2.12541800480671	0.0335517492394497	0.0509168417334247	-0.129580818869782	FALSE	down_in_cellobiose
YFL065C	194.059983394262	-0.483571008214128	0.228143060917689	-2.11959551287248	0.0340401712189177	0.0516450954861382	-0.42455604455212	FALSE	down_in_cellobiose
YMR064W	2107.22684024078	-0.154863207408529	0.0730842866439366	-2.11896721607225	0.0340932376539911	0.0516996727422893	-0.152231417295623	FALSE	down_in_cellobiose
YLR314C	4917.66035512095	-0.143034218846112	0.0675017831972251	-2.11896948600895	0.0340930458061747	0.0516996727422893	-0.142059362151838	FALSE	down_in_cellobiose
YNL165W	1253.58217839364	0.18572880302954	0.0876722411442925	2.11844479627097	0.034137415462737	0.0517536907604251	0.181673027984607	FALSE	up_in_cellobiose
YDR525W	37.3784581643675	0.790825395010516	0.373364761188325	2.11810400235287	0.0341662606568632	0.0517844426743588	0.613516660164751	FALSE	up_in_cellobiose
YAL040C	1654.91722687184	-0.17879163003109	0.0845187707698772	-2.11540736338788	0.0343952427581688	0.0521184427465338	-0.174649726974246	FALSE	down_in_cellobiose
YNL001W	1792.52980622416	-0.1611036495552	0.0762019364146178	-2.11416739698882	0.0345009724329498	0.0522655602922397	-0.157953195816663	FALSE	down_in_cellobiose
YBR200W	2932.20196344005	0.140438889520451	0.0664556881909225	2.11327116374116	0.0345775653698914	0.052368475944535	0.138193815986234	FALSE	up_in_cellobiose
YLR265C	1413.70391936288	0.170474541417319	0.0807224575982759	2.11186015006758	0.0346984462682519	0.0525383983671228	0.166959783426865	FALSE	up_in_cellobiose
YFR048W	2248.06135348869	-0.147317085052459	0.0697751400831021	-2.11131192107969	0.0347455100602797	0.0525964940827408	-0.145813019176126	FALSE	down_in_cellobiose
YLR119W	1078.51969868866	-0.184175425013025	0.0872435227574077	-2.11104984292243	0.0347680279269516	0.052617413292502	-0.180302928414156	FALSE	down_in_cellobiose
YOL025W	1438.4631364314	-0.175850877995912	0.083383812218769	-2.10893305686891	0.0349503603529325	0.0528801225049747	-0.171914524638817	FALSE	down_in_cellobiose
YDR497C	17161.9679055526	0.384882140691327	0.182722642234035	2.10637355056612	0.0351719169404571	0.0532020319011816	0.357419737792387	FALSE	up_in_cellobiose
YML102W	1989.29150895399	0.155801150947139	0.0740634226719654	2.10361802528623	0.035411780309807	0.0535514647735056	0.152795698926182	FALSE	up_in_cellobiose
YGL079W	947.168392116622	0.2019992402014	0.0961198334684819	2.10153547829061	0.0355939870008293	0.0538135534536407	0.196044148161747	FALSE	up_in_cellobiose
YKL166C	1441.05538244683	-0.165992706441998	0.0790709165318834	-2.09928901450214	0.035791431232197	0.0540985426095851	-0.162632003402271	FALSE	down_in_cellobiose
YAL019W	3068.41566086102	0.148559648400753	0.0707757118328592	2.09902019426643	0.0358151206044287	0.0541208255149111	0.145766092990691	FALSE	up_in_cellobiose
YKL167C	1389.86807083374	0.16507137840008	0.0786951357991343	2.09760586501074	0.0359399765727168	0.0542959336384525	0.162071311312997	FALSE	up_in_cellobiose
YOL148C	2010.43760626667	-0.151728025812819	0.0724260868065602	-2.09493612733853	0.0361766707950923	0.0546398705716637	-0.148930669064085	FALSE	down_in_cellobiose
YLR234W	571.116475682027	0.248468876121314	0.118679669212538	2.09360944271207	0.0362947857085766	0.0547909056029897	0.238143207146306	FALSE	up_in_cellobiose
YLR437C	3500.15033742242	-0.141408298599969	0.0675420135012205	-2.09363463227838	0.0362925400206439	0.0547909056029897	-0.13881042609504	FALSE	down_in_cellobiose
YER133W	7781.13168574682	0.134846546471963	0.064470253688567	2.09160874600183	0.0364735295190094	0.0550470010130957	0.133030128611885	FALSE	up_in_cellobiose
YGL050W	1594.89223446706	-0.159127471548093	0.0760969491914986	-2.09111499526279	0.0365177568195486	0.0551000027441879	-0.156106724755057	FALSE	down_in_cellobiose
YHR072W	4745.97111729312	-0.157690476307177	0.0754816419591465	-2.08912355659308	0.0366966023574045	0.0553560467979899	-0.1547999729643	FALSE	down_in_cellobiose
YPL064C	3366.14099235555	0.136587554119598	0.065394943191555	2.08865620877604	0.0367386814909537	0.0554057053948588	0.134704161833653	FALSE	up_in_cellobiose
YNL128W	422.083770670125	0.26313953541823	0.126126259692422	2.08631839285439	0.0369497916761944	0.055710191886665	0.250968238528748	FALSE	up_in_cellobiose
YML046W	1904.99556247341	-0.154638379093491	0.0741833714236463	-2.08454234589019	0.0371108625602581	0.0559314350150369	-0.151824695934956	FALSE	down_in_cellobiose
YER159C	7449.84657685989	-0.120887230104229	0.057993490219096	-2.08449654689732	0.0371150239957609	0.0559314350150369	-0.119129257834493	FALSE	down_in_cellobiose
YOR280C	1199.89094003752	-0.178262120261106	0.0856620048922802	-2.08099402395811	0.0374344530571485	0.0563987562995495	-0.174401237112539	FALSE	down_in_cellobiose
YOR204W	3730.60531030159	0.18410816039622	0.0885011910354373	2.08029019996466	0.0374989231366603	0.0564818192364687	0.179676555399043	FALSE	up_in_cellobiose
YLR346C	379.589715657432	0.322658151609249	0.155222608385598	2.0786801289134	0.0376467605808524	0.0566903795751995	0.301290122865899	FALSE	up_in_cellobiose
YFR003C	1918.26074754138	0.165225173695592	0.0795819841050317	2.07616303556253	0.0378788747572108	0.057025712644691	0.162789982053578	FALSE	up_in_cellobiose
YJL146W	1682.21094615861	-0.163686981573835	0.0788629774367843	-2.07558713726025	0.037932152096806	0.057091711379343	-0.160381160444635	FALSE	down_in_cellobiose
YGL103W	34474.0561369849	0.128660798586523	0.0620029821424566	2.07507436159949	0.0379796434788959	0.0571489709959804	0.122574176489364	FALSE	up_in_cellobiose
YER011W	125521.213990271	0.14663113123555	0.0707959472521275	2.07117973453125	0.0383420027061796	0.057679874252594	0.143931587382873	FALSE	up_in_cellobiose
YGR113W	1993.44444490494	-0.150302952739411	0.0725961503239812	-2.0703983898408	0.0384150525104238	0.0577753984673182	-0.147780078253052	FALSE	down_in_cellobiose
YMR005W	2917.51258121003	-0.139492780630168	0.0674990593580783	-2.06658851185122	0.0387729442352601	0.0582991647226171	-0.137083139658309	FALSE	down_in_cellobiose
YIR006C	6864.96584023675	0.141712643178323	0.0686350320207601	2.06472757433055	0.0389487840129467	0.0585490045960027	0.140150102432074	FALSE	up_in_cellobiose
YJR021C	1544.79745632865	-0.169985971641932	0.0824848211798861	-2.06081518042234	0.039320675668769	0.0590933582907786	-0.167459680046071	FALSE	down_in_cellobiose
YOR189W	1566.04870436011	-0.162655455256485	0.078987763793015	-2.05924876772962	0.039470413576905	0.0593036591472177	-0.159308696917717	FALSE	down_in_cellobiose
YDR117C	1915.47262703002	-0.15155012102036	0.0736463745013577	-2.05780830416256	0.0396085386115289	0.0594964117360661	-0.14882795302278	FALSE	down_in_cellobiose
YDR123C	885.03531754449	-0.195143551741954	0.0948754198766441	-2.05683992751418	0.0397016259919102	0.0596214338691819	-0.189561886244211	FALSE	down_in_cellobiose
YBL024W	3483.68187439416	0.137907545148272	0.0670727973730236	2.05608757275029	0.039774075879623	0.0597154095298684	0.135957675310512	FALSE	up_in_cellobiose
YNCC0012C	16.370783813159	-1.15901096443332	0.563770893982647	-2.05581908680265	0.0397999575545357	0.0597394400117585	-0.742474189106647	FALSE	down_in_cellobiose
YKL052C	2375.04882358298	0.171158286553699	0.0832852961569879	2.0550840838829	0.0398708839447552	0.0598310535802094	0.167002034048664	FALSE	up_in_cellobiose
YML072C	6654.97332251298	0.123137122165112	0.0599425673728135	2.05425172063885	0.0399513348867961	0.0599369108953943	0.122155067118218	FALSE	up_in_cellobiose
YAL034W-A	689.4975828548	0.204431335018824	0.0995622864637609	2.0533009262823	0.0400434010952344	0.060060137174578	0.197800701024685	FALSE	up_in_cellobiose
YPL244C	2734.03993600628	-0.142146188925898	0.0692477716186873	-2.05271860167032	0.0400998768932156	0.0601299343894549	-0.140159738659701	FALSE	down_in_cellobiose
YDL045W-A	1355.29346097891	0.163920960177188	0.0799486883348291	2.05032707341837	0.0403325243652053	0.0604638017063511	0.160598535611483	FALSE	up_in_cellobiose
YDR256C	1445.12987496095	0.181206845177801	0.0884039166018196	2.04976037423744	0.0403878202048514	0.0605316958422066	0.176865762104953	FALSE	up_in_cellobiose
YOR125C	1937.78255091334	0.1535151781961	0.0749601606733461	2.04795689893293	0.0405642228311074	0.0607810215272155	0.150778161499154	FALSE	up_in_cellobiose
YER039C	1050.35882990738	-0.181830516732617	0.0888094901193594	-2.04742214473068	0.0406166539193649	0.060844512025319	-0.177356582051594	FALSE	down_in_cellobiose
YJR053W	580.850839172645	-0.216442844750319	0.105725913508719	-2.04720713746747	0.0406377509403207	0.0608610436835851	-0.208948878782595	FALSE	down_in_cellobiose
YGL228W	4356.19218018367	0.134266994159709	0.0656233611027046	2.04602434108141	0.0407539758945387	0.0610200000460557	0.132556993294666	FALSE	up_in_cellobiose
YCL001W-B	128.149982700442	-0.434345624740038	0.212355747090721	-2.04536788238879	0.040818602888386	0.0611016404038226	-0.386549526360801	FALSE	down_in_cellobiose
YPR201W	506.10345425764	0.231813911585001	0.113451234425584	2.0432912233939	0.0410236178965573	0.0613933361346549	0.223139503222069	FALSE	up_in_cellobiose
YGL243W	1366.71881614938	-0.164276039963567	0.0804152410126167	-2.04284707593916	0.0410675787485689	0.0614439237818682	-0.160856796236847	FALSE	down_in_cellobiose
YLR284C	1071.6820473993	0.173877625296036	0.0851255257274765	2.04260266013149	0.0410917875706778	0.0614497461100197	0.170037655138975	FALSE	up_in_cellobiose
YFR001W	2351.0628867514	0.151799126380259	0.0743155561784125	2.04262921770819	0.0410891565186103	0.0614497461100197	0.149193357087828	FALSE	up_in_cellobiose
YLR088W	1851.08768606494	-0.150550137062697	0.0737865075817677	-2.04034778168438	0.0413156989009307	0.0617693185001804	-0.147847299714837	FALSE	down_in_cellobiose
YCR042C	3383.65574646558	-0.13216194878305	0.0648032780920478	-2.03943307613736	0.0414068241098984	0.0618902592144244	-0.130498287958389	FALSE	down_in_cellobiose
YER041W	2500.86371806381	0.149164270167365	0.0732435740671102	2.03655094753693	0.0416950626542011	0.0623056902162209	0.146052921073571	FALSE	up_in_cellobiose
YKL073W	2842.3466114106	-0.137041789796815	0.0673719013883157	-2.03410898271875	0.0419406084921192	0.0626571352849665	-0.135096682325912	FALSE	down_in_cellobiose
YPL192C	210.025530622848	0.324829333296741	0.160025719384752	2.02985704139064	0.0423710728226127	0.0632689754391469	0.303006704851348	FALSE	up_in_cellobiose
YAR042W	3005.55119570906	0.150136741970325	0.0739623871662532	2.02990665556598	0.0423660284409874	0.0632689754391469	0.148963792641892	FALSE	up_in_cellobiose
YGL011C	7882.61840158119	-0.124418974720098	0.0613171844941719	-2.02910449568871	0.0424476481060576	0.0633676760596106	-0.122735959068523	FALSE	down_in_cellobiose
YAL024C	1036.99713623602	0.17744882917135	0.0874690953619914	2.02870314866042	0.0424885350081175	0.0634130639684438	0.173452900551183	FALSE	up_in_cellobiose
YKL059C	2225.9986462137	0.141629077908	0.0698794074840924	2.02676414994275	0.042686538418058	0.0636928640579263	0.139376116526011	FALSE	up_in_cellobiose
YMR207C	2093.9746636336	0.15026460634981	0.074147672050179	2.02655865241621	0.0427075687218004	0.0637085285322246	0.147570959150884	FALSE	up_in_cellobiose
YOR073W	925.508230212487	-0.189840657939889	0.0937528039309779	-2.02490645591413	0.0428769705721041	0.0639454622758032	-0.184853937330855	FALSE	down_in_cellobiose
YGR081C	1405.10025541576	0.184967223160444	0.091514935138246	2.02116980010995	0.0432621907776741	0.0645040650762018	0.180130137860798	FALSE	up_in_cellobiose
YDR478W	467.948176473283	-0.238914352270152	0.118312946923618	-2.01934241756646	0.0434516420060449	0.0647546150516299	-0.228857273852553	FALSE	down_in_cellobiose
YCR026C	3206.74662185502	-0.134475219149614	0.0665908854241258	-2.01942380392038	0.0434431895065918	0.0647546150516299	-0.132382464520959	FALSE	down_in_cellobiose
YOR250C	1134.43475343044	-0.177173097930122	0.0878169264877497	-2.01752788461388	0.0436404540845294	0.0650199770338222	-0.173291066258475	FALSE	down_in_cellobiose
YNR075C-A	75.7455455695773	-0.559553780332466	0.277487407216928	-2.01650152684237	0.0437475587234676	0.0651635022699473	-0.468736564874781	FALSE	down_in_cellobiose
YNL335W	256.227803359168	-0.324020137373521	0.160817074779112	-2.01483665723043	0.04392176675089	0.0654068850507468	-0.300546192006105	FALSE	down_in_cellobiose
YGL166W	1727.59246347125	0.150694585509921	0.074911505079996	2.01163473286243	0.0442584552751885	0.0658920492147712	0.148297292028985	FALSE	up_in_cellobiose
YHR172W	821.380622916405	-0.206284954418497	0.102783155862724	-2.00699183331175	0.044750532563329	0.0666082606977306	-0.199661749208504	FALSE	down_in_cellobiose
YDL202W	1648.40209665811	0.153780130320361	0.0766315856195968	2.00674603137842	0.0447767119743193	0.0666308316685504	0.150972775003753	FALSE	up_in_cellobiose
YPR013C	3137.66663848817	0.166652385527679	0.083083359981374	2.00584552147433	0.0448727321700274	0.0667572938751835	0.163136393485507	FALSE	up_in_cellobiose
YDR428C	972.833398159904	0.189851905822728	0.0946920388609176	2.00494052199657	0.0449694059803334	0.0668846660376289	0.18464925400979	FALSE	up_in_cellobiose
YGR284C	3919.06670930822	-0.126705005767054	0.0632101766065838	-2.00450327097894	0.0450161768783157	0.0669377713709271	-0.124842215378255	FALSE	down_in_cellobiose
YBR233W	1029.29422713474	0.18372987626016	0.0917238410227056	2.00307656342781	0.0451690711340979	0.0671486142271217	0.178972611337733	FALSE	up_in_cellobiose
YER154W	2803.04531208846	0.146408414537625	0.0730999365193603	2.00285282735984	0.045193087654828	0.0671678101287604	0.144009781375296	FALSE	up_in_cellobiose
YOR154W	958.872750524545	-0.17593623443858	0.0878562028544693	-2.0025476713353	0.045225861399133	0.0672000087456044	-0.171426478984473	FALSE	down_in_cellobiose
YPL087W	3573.34033187768	0.133964373023403	0.0669153147535274	2.00199869815812	0.0452848715403811	0.06727116599896	0.131326629964123	FALSE	up_in_cellobiose
YMR318C	3757.65828158721	-0.155510494102567	0.0776904006555249	-2.00166935413414	0.0453203044768689	0.0673072727180407	-0.151862700958875	FALSE	down_in_cellobiose
YLR072W	2981.29312576766	-0.13629710772148	0.0681089120186397	-2.00116407209939	0.0453747113781496	0.0673715339043758	-0.133909688337001	FALSE	down_in_cellobiose
YMR242W-A	14.5642239683769	-1.19171813344055	0.595617620622671	-2.00081074195673	0.0454127893607137	0.0674115246240386	-0.727252028150454	FALSE	down_in_cellobiose
YER112W	2466.01138845827	0.138691386014257	0.0693976830998736	1.99850167641273	0.0456622983718515	0.0677652705719652	0.136299892286426	FALSE	up_in_cellobiose
YNCK0013W	48.6574169615073	0.651082906438429	0.326056359176334	1.99684161377241	0.0458423914117597	0.0680158512753825	0.521241720772051	FALSE	up_in_cellobiose
YOR258W	567.535691886376	0.224840465114825	0.112684773173553	1.99530476729569	0.0460096502770111	0.0682309156272376	0.216463246193395	FALSE	up_in_cellobiose
YGR189C	11526.2381731557	-0.117333662104802	0.0588049507591244	-1.9953024463097	0.0460099032639283	0.0682309156272376	-0.116046788720745	FALSE	down_in_cellobiose
YJR011C	852.836520754164	-0.18885582646432	0.0947440380624883	-1.99332676046339	0.0462256779285792	0.0685340994583274	-0.18340786828676	FALSE	down_in_cellobiose
YJL184W	1728.97081354312	0.178444815597008	0.08952645775169	1.99320759559081	0.0462387197293872	0.0685366370112872	0.174017780853754	FALSE	up_in_cellobiose
YHR007C	20028.2076918345	0.169161647197954	0.0849377806952592	1.99159485700332	0.0464155281266429	0.0687818543944299	0.164718514107125	FALSE	up_in_cellobiose
YOR152C	1205.95911598927	0.193531285557292	0.0972063405659967	1.99093273577043	0.0464882826891198	0.0688727950003639	0.18852652484425	FALSE	up_in_cellobiose
YBR164C	2153.7507020984	-0.149997065525807	0.075346679680024	-1.99075879869958	0.046507410986725	0.0688729294813416	-0.147230455129325	FALSE	down_in_cellobiose
YOL062C	3753.47407979454	-0.126612698821758	0.0636013052204321	-1.99072485042466	0.0465111451365978	0.0688729294813416	-0.124789767402082	FALSE	down_in_cellobiose
YPL108W	515.801963523669	-0.218454098218775	0.109780953860145	-1.98990890985584	0.0466009707002342	0.0689890532955743	-0.210792406159414	FALSE	down_in_cellobiose
YGR216C	1096.31015961844	-0.185441705760246	0.0932750508154262	-1.98811690949599	0.0467987616492372	0.0692649153942344	-0.179164756220568	FALSE	down_in_cellobiose
YKL063C	2572.97764184222	0.144920229682283	0.0730026186670584	1.98513741463464	0.047129185111989	0.0697368984203576	0.139051245364212	FALSE	up_in_cellobiose
YNCN0018W	61.4733400246064	-0.573572821114426	0.289086565591877	-1.98408673865591	0.04724617122791	0.0698929052965585	-0.475799074125629	FALSE	down_in_cellobiose
YDR167W	1989.2667462326	0.143729635001198	0.072609134752074	1.97949797214865	0.0477599677306585	0.0706357077757344	0.141143950768099	FALSE	up_in_cellobiose
YBR260C	1743.49775853459	-0.161982877939414	0.0819633240222676	-1.9762848795079	0.0481225211567064	0.0711545173495275	-0.157943047970105	FALSE	down_in_cellobiose
YHR065C	3080.59684585517	0.1293546468286	0.0654618777694939	1.97603019094697	0.0481513579126713	0.0711797566016004	0.127097684669088	FALSE	up_in_cellobiose
YLR144C	1605.60042665816	-0.161986671417998	0.0820003950219101	-1.97543769605885	0.0482184984924844	0.0712615923237327	-0.158455943248256	FALSE	down_in_cellobiose
YNR012W	1474.08044686497	-0.160446945149343	0.0812768856117895	-1.97407841038227	0.0483728278168656	0.0714547583551209	-0.157021993982682	FALSE	down_in_cellobiose
YJR091C	4139.89566168033	0.126581000312484	0.0641207739282066	1.97410281501298	0.0483700533331774	0.0714547583551209	0.12575569762244	FALSE	up_in_cellobiose
YOR271C	4977.93296679298	-0.146896212629565	0.0745486962135067	-1.97047326232045	0.0487841563908284	0.0720447661152639	-0.141091609040643	FALSE	down_in_cellobiose
YDR266C	2578.15126785455	-0.153777855477376	0.0781511652143669	-1.96769753919301	0.0491028491470454	0.0724977140567434	-0.153019576075618	FALSE	down_in_cellobiose
YOR018W	1667.88041807095	0.150990461717983	0.0767464833280308	1.96739257840151	0.0491379692989889	0.0725318634186393	0.148236693738644	FALSE	up_in_cellobiose
YOR233W	2704.70054656065	-0.133734339295977	0.0681176051536165	-1.9632859815665	0.0496129534132825	0.0732115420054607	-0.131517063715763	FALSE	down_in_cellobiose
YAL023C	8995.29303058275	-0.125754629326613	0.0640558586750645	-1.96320261608743	0.0496226355137029	0.0732115420054607	-0.124366715541358	FALSE	down_in_cellobiose
YEL005C	1500.84845949561	0.151414631304579	0.0771343948746902	1.96299759077078	0.0496464539784996	0.0732170222348414	0.148581841238105	FALSE	up_in_cellobiose
YGL091C	1800.1721108347	-0.149503717642872	0.0761622980389683	-1.9629622725719	0.049650557977735	0.0732170222348414	-0.146634332342072	FALSE	down_in_cellobiose
YOL024W	83.1470362303485	0.484289803851845	0.246744299637236	1.96271931940819	0.0496787970155976	0.0732408099311114	0.417858182029347	FALSE	up_in_cellobiose
YGR232W	2272.32288851242	0.136476009047109	0.0695472299156873	1.96235003482611	0.0497217456587263	0.0732862669321724	0.134332865857997	FALSE	up_in_cellobiose
YLR016C	1726.70375323218	-0.164001079709104	0.0835933685869472	-1.96189102654145	0.0497751727766406	0.0733471425398048	-0.160246197424834	FALSE	down_in_cellobiose
YER030W	2652.46347596829	0.140257812963199	0.0716102325009386	1.95862809077405	0.0501563573685466	0.0738786404948812	0.137967623565331	FALSE	up_in_cellobiose
YIL133C	16204.7882656535	0.123367040512431	0.0629875334954855	1.95859456095821	0.050160287074306	0.0738786404948812	0.118013841910799	FALSE	up_in_cellobiose
YCR033W	4229.08719123801	0.129037985269264	0.0659409055753925	1.95687311454542	0.0503623882135585	0.0741582488568197	0.128537759080669	FALSE	up_in_cellobiose
YGR122W	1635.91323936324	0.149896788620126	0.0767504390691778	1.9530414475547	0.0508146841179286	0.0747878404450973	0.147149355776512	FALSE	up_in_cellobiose
YDR224C	28439.2813833878	0.120784723479295	0.0618413409594406	1.95313881628979	0.0508031485712801	0.0747878404450973	0.118216453312631	FALSE	up_in_cellobiose
YDL237W	2482.5061706556	-0.152441615228389	0.0780953747915882	-1.95199287582917	0.050939050437244	0.0749526431755994	-0.153484080204818	FALSE	down_in_cellobiose
YOR335C	10699.1352198421	0.126853109012893	0.065030184721345	1.95068043488512	0.051095072195893	0.0751639328095712	0.125850655359889	FALSE	up_in_cellobiose
YLR065C	2351.115134402	0.143997002170697	0.0739155677609178	1.94812820266037	0.0513996249881827	0.0755935646859997	0.140437826044085	FALSE	up_in_cellobiose
YBL044W	22.8650133301238	-0.920688269005712	0.472771366538666	-1.94742815273778	0.0514834256110398	0.0756984058145794	-0.632903343403081	FALSE	down_in_cellobiose
YPL051W	1200.79746900985	-0.163659839858755	0.0840699506028842	-1.94671031307993	0.051569474502044	0.0758065009144262	-0.16069435744423	FALSE	down_in_cellobiose
YJR106W	730.491740585734	-0.193003940138627	0.0992138247874838	-1.94533312824137	0.0517348974179633	0.0760311939944752	-0.187040918284327	FALSE	down_in_cellobiose
YER135C	54.9906039816017	-0.592022950963708	0.304456995255984	-1.94452077038316	0.051832683206984	0.0761564004661274	-0.48229034451987	FALSE	down_in_cellobiose
YPL228W	2160.25521019584	-0.138388404964437	0.0712082983265972	-1.9434308671402	0.0519641207783329	0.0763309778018785	-0.136103527596945	FALSE	down_in_cellobiose
YGL017W	1732.70219500877	-0.154499443579641	0.0795928336052137	-1.94112254309187	0.0522434153069841	0.0767226072328106	-0.15142384248601	FALSE	down_in_cellobiose
YDR351W	2439.26296209879	0.135578702166639	0.0698962591657066	1.93971328058081	0.0524145446811706	0.0769552380525245	0.1308353010657	FALSE	up_in_cellobiose
YDL009C	472.959041816771	0.236438685024008	0.121930387597167	1.9391284624236	0.0524856977165154	0.0770410059420533	0.226219438797784	FALSE	up_in_cellobiose
YMR109W	4580.02548673626	0.147530882678755	0.0760950449857545	1.93877121311084	0.0525292028663655	0.0770861591796809	0.144972721295221	FALSE	up_in_cellobiose
YOL151W	2145.77234379196	0.155682551925718	0.0804621698264413	1.93485400979776	0.0530082131652823	0.0777702356140656	0.152325324908428	FALSE	up_in_cellobiose
YOR322C	3361.35257144792	-0.128038446384915	0.0662737363692207	-1.9319636012612	0.0533639986325189	0.0782732365975041	-0.126003549980942	FALSE	down_in_cellobiose
YCL025C	8622.2785863665	-0.141214501350835	0.0731592543036625	-1.93023429086217	0.0535778145427889	0.0785678061016557	-0.13804575373433	FALSE	down_in_cellobiose
YBL020W	2550.75346294846	0.134012761033993	0.0694436712844475	1.92980524438382	0.0536309734549817	0.0786266986013535	0.133007155966873	FALSE	up_in_cellobiose
YFR008W	826.043061954685	-0.180856819835472	0.0937257395882483	-1.9296387591072	0.0536516128581778	0.0786378982745621	-0.175786355015729	FALSE	down_in_cellobiose
YNCC0003C	80.7999931799746	0.487020110638322	0.252628495224638	1.92781146958605	0.0538785805667325	0.0789514374632183	0.417500782132143	FALSE	up_in_cellobiose
YLR312C	1436.48332038371	0.167907357036601	0.0871220399789065	1.92726613239605	0.0539464720140691	0.0790317774795601	0.163946023941267	FALSE	up_in_cellobiose
YGR042W	2322.79644999867	0.142620329733403	0.0740284500463036	1.92656106732204	0.0540343545228578	0.0791413584766991	0.138600418134203	FALSE	up_in_cellobiose
YDR139C	1975.596992097	0.140284176661964	0.072827048392146	1.92626475683303	0.0540713236497977	0.0791763342429499	0.13771790208978	FALSE	up_in_cellobiose
YGR096W	1212.26877202819	0.164623306859235	0.0855178226058495	1.925017520827	0.0542271663414942	0.0793735382278604	0.160770430993653	FALSE	up_in_cellobiose
YLR319C	1787.1225676944	-0.14328923284711	0.0744368565166077	-1.92497694761116	0.0542322422707468	0.0793735382278604	-0.140288175414293	FALSE	down_in_cellobiose
YML107C	1739.52119108442	-0.142823464152265	0.0743186111021395	-1.92177251477394	0.0546343881939578	0.0799427707269595	-0.140015955372795	FALSE	down_in_cellobiose
YFR002W	2956.3498195157	-0.1299404553275	0.0676328586781329	-1.92126220696793	0.0546986591784511	0.0800174581307014	-0.128781344107155	FALSE	down_in_cellobiose
YPR066W	659.113331904878	-0.206824317774559	0.107661481030561	-1.92106142136247	0.0547239645071245	0.0800351212049314	-0.19976405638689	FALSE	down_in_cellobiose
YHL030W	1613.59186617668	-0.147842407225361	0.0770209714965544	-1.91950847091009	0.0549200152853809	0.0803024347259534	-0.144841969848668	FALSE	down_in_cellobiose
YDR480W	1277.69313236795	-0.154487407259972	0.080587222842054	-1.91702110845485	0.0552352500386152	0.080743844244462	-0.150804386203519	FALSE	down_in_cellobiose
YMR167W	1044.16371755318	-0.168875096014403	0.0881757908540292	-1.91520931515054	0.055465815004394	0.0810612986135732	-0.16474816619736	FALSE	down_in_cellobiose
YJL053W	2672.09797803924	0.131225688664782	0.0686041823771166	1.91279429501012	0.055774391800249	0.0814925835748083	0.129226267133589	FALSE	up_in_cellobiose
YMR007W	90.4214835047857	-0.458978582170289	0.240072289855404	-1.911834899591	0.0558973738618439	0.0816525511930194	-0.396902576636783	FALSE	down_in_cellobiose
YOL067C	783.173185574896	0.183990966704704	0.0962700409037874	1.91119651531659	0.0559793315368477	0.0817525293255413	0.178671920734692	FALSE	up_in_cellobiose
YLL031C	2462.90096853365	-0.130677545111977	0.0684128680765657	-1.91013107308593	0.0561163390736545	0.0819328349158909	-0.128118645866922	FALSE	down_in_cellobiose
YJR125C	4444.86251956924	0.120106571321758	0.0628860389333212	1.9099083573877	0.0561450138269299	0.0819549200383926	0.119094103491213	FALSE	up_in_cellobiose
YBL054W	1555.43169184757	0.14742654462658	0.0772147525192161	1.90930540883221	0.0562227049762276	0.0820485265141618	0.144580530593067	FALSE	up_in_cellobiose
YHR107C	2846.09866256059	0.127832187112498	0.0669702952254954	1.90878936224001	0.056289269700588	0.0821258544184411	0.125722525245999	FALSE	up_in_cellobiose
YGR252W	2601.97123094566	-0.137541340838849	0.0720776737673315	-1.90823778917776	0.0563604895067078	0.0822099351401195	-0.135236142011069	FALSE	down_in_cellobiose
YPR104C	2303.61632552315	-0.136714747319106	0.0716736697329163	-1.90746124523214	0.0564608849739258	0.0823365219882539	-0.134990735857381	FALSE	down_in_cellobiose
YPL279C	901.885787761072	0.184955882012754	0.0971023808519633	1.90475125728099	0.0568124126342458	0.0828291839056526	0.179387253245793	FALSE	up_in_cellobiose
YBR162W-A	1921.16013383595	0.16072337359839	0.0844513661106762	1.90314711295205	0.0570213518642316	0.0831137728739125	0.157055818818173	FALSE	up_in_cellobiose
YDR200C	1914.61634791768	0.140068657091117	0.0736441803899113	1.9019650480122	0.0571757241487865	0.0833187076309346	0.137638883730346	FALSE	up_in_cellobiose
YER023W	6333.23752232714	-0.122736465143268	0.0645925611530677	-1.90016408936649	0.0574115892735757	0.0836422696329142	-0.12106492548476	FALSE	down_in_cellobiose
YOL057W	3799.86413388935	-0.122310472143132	0.0644405853982427	-1.89803477710908	0.0576915009560948	0.0840298312746009	-0.120204267762294	FALSE	down_in_cellobiose
YLR218C	1076.19570379941	0.166405752104356	0.0877069265548154	1.89729316304745	0.0577892568419666	0.0841519534513856	0.163078181355504	FALSE	up_in_cellobiose
YBR181C	24298.2154714839	0.114269363771603	0.0602543324917223	1.89645057950481	0.057900489062617	0.0842936361828568	0.112979839326841	FALSE	up_in_cellobiose
YGL034C	41.7083092511216	-0.707069826115621	0.372892218230223	-1.89617747849883	0.057936580185052	0.0843258839122665	-0.53387703732745	FALSE	down_in_cellobiose
YBR245C	2349.74624870681	0.132496089299047	0.0699218600742511	1.89491654195623	0.0581034592848237	0.0845484304098866	0.130412358012247	FALSE	up_in_cellobiose
YDR028C	4891.29755524511	0.117405608900838	0.0619707621644899	1.89453227296458	0.0581543948384695	0.0846021968200822	0.116042228652316	FALSE	up_in_cellobiose
YDR483W	9271.28899730382	0.118454131937183	0.0625677746163624	1.89321312230603	0.0583295330260221	0.0848365821770637	0.117563116114485	FALSE	up_in_cellobiose
YMR100W	1692.662473739	0.152889801655276	0.0808225420751158	1.89167276516966	0.0585345941971054	0.0851143654563199	0.149731059316095	FALSE	up_in_cellobiose
YDR288W	1332.51646815248	-0.166555638186434	0.088074128714569	-1.89108471031497	0.0586130371898222	0.0852079456768167	-0.161604033291382	FALSE	down_in_cellobiose
YGL194C-A	275.200152796125	-0.276151679266317	0.146072298234533	-1.89051368811169	0.0586892916547549	0.0852983001488737	-0.259365492283803	FALSE	down_in_cellobiose
YKR063C	1882.77190065019	-0.147857774899762	0.0783240842496784	-1.88776895786521	0.0590569742535974	0.085812067561857	-0.145449746453704	FALSE	down_in_cellobiose
YBR001C	3157.21581541368	-0.134510745095237	0.0713196176120755	-1.88602728953025	0.0592912773245596	0.0861318291393518	-0.132234645340513	FALSE	down_in_cellobiose
YNCL0042C	18.7127401991538	0.968385386887133	0.513546535875274	1.88568185984673	0.0593378388247363	0.0861787724011596	0.632017059439814	FALSE	up_in_cellobiose
YKL162C	795.899705477434	0.177248125489511	0.0940415660227458	1.88478491996444	0.0594588817339967	0.0863338395604767	0.172344634371217	FALSE	up_in_cellobiose
YNCP0005C	41.4610194377676	0.653542840221141	0.346916601980452	1.88386152893878	0.0595837082026599	0.0864943246743195	0.509971460377623	FALSE	up_in_cellobiose
YHR200W	5806.20658400915	0.116698635535498	0.0619788569766883	1.88287814955012	0.0597168830317953	0.0866668487186492	0.115078154994274	FALSE	up_in_cellobiose
YEL077C	3534.81771376795	0.133829503051242	0.0711456804917429	1.88106294192764	0.0599633572906589	0.0870036815186366	0.131658598737857	FALSE	up_in_cellobiose
YLR306W	1106.54085891051	-0.170668842376072	0.0907511307395287	-1.88062496836454	0.0600229528000934	0.0870692665438286	-0.166131611272513	FALSE	down_in_cellobiose
YML106W	4612.42854637839	0.12559410649469	0.066803179895441	1.8800617978256	0.0600996561632064	0.0871596308154485	0.124658152862535	FALSE	up_in_cellobiose
YDR422C	1897.2297937346	0.138857158304848	0.0738720612649122	1.87969789832849	0.0601492621864353	0.087210663222854	0.136469424524859	FALSE	up_in_cellobiose
YDL125C	8943.40983801132	0.114735742570719	0.0611052799577724	1.87767313479308	0.0604258940595676	0.0875907580077461	0.113335298776436	FALSE	up_in_cellobiose
YGR194C	1822.85287681099	0.141186527161675	0.0752041117628796	1.87737776368983	0.0604663369268236	0.0876283833422032	0.138650507931986	FALSE	up_in_cellobiose
YER140W	1131.87508495764	-0.163523268558473	0.0871256532941586	-1.87686705781564	0.0605363168394324	0.0876877827015629	-0.15986607663876	FALSE	down_in_cellobiose
YHR144C	1178.26385700541	-0.156232581877273	0.0832388219715797	-1.87691966532894	0.0605291051499385	0.0876877827015629	-0.153367329655693	FALSE	down_in_cellobiose
YPR188C	1794.62894717575	0.146017553591906	0.077810212350594	1.87658597992235	0.060574860408809	0.0877226072810355	0.143548844150288	FALSE	up_in_cellobiose
YOR334W	1980.57090635557	0.135322416921886	0.0722024031290445	1.87420932070681	0.060901579958266	0.0881746426920897	0.13331844135695	FALSE	up_in_cellobiose
YLR357W	2911.51442004149	0.128669156973272	0.0686822667440159	1.87339706554578	0.0610135749374556	0.0883156532176762	0.126339446245408	FALSE	up_in_cellobiose
YBL013W	302.641850249999	0.262231556435489	0.140145706834759	1.87113513755136	0.0613263523599727	0.0887471544080083	0.247665977908982	FALSE	up_in_cellobiose
YOR006C	1943.1165710165	0.134851696240602	0.0720980415850027	1.87039333213529	0.061429217237649	0.0888747512725518	0.132593866973634	FALSE	up_in_cellobiose
YPR056W	1473.8528096272	-0.160223603945536	0.0857159816377693	-1.8692383950362	0.0615896547067516	0.0890855622480011	-0.156649486026757	FALSE	down_in_cellobiose
YPL021W	229.57131874687	-0.331450284559428	0.177367924472095	-1.86871603502118	0.0616623319123415	0.0891693630738115	-0.303107852177182	FALSE	down_in_cellobiose
YDR208W	3563.61171208344	0.122662100138522	0.0656560615239898	1.8682524856247	0.0617268860946022	0.0892413800158338	0.12083064921099	FALSE	up_in_cellobiose
YIL035C	2911.64235225071	-0.133947440309087	0.0717308950532937	-1.86736050358173	0.0618512614658508	0.0893998281020147	-0.13219569834309	FALSE	down_in_cellobiose
YGL225W	3888.25522402709	-0.123047452033779	0.0659321598215149	-1.86627364198111	0.0620030905337449	0.0895978725844775	-0.121122423970484	FALSE	down_in_cellobiose
YNL019C	339.401201903595	-0.314011724428166	0.168270672367876	-1.86611083208647	0.062025860790293	0.08960936993563	-0.289035706562479	FALSE	down_in_cellobiose
YEL054C	10455.7554685205	0.11803598989423	0.0632679184271091	1.86565312766247	0.0620899114610652	0.0896804857755453	0.116781042509481	FALSE	up_in_cellobiose
YMR273C	1921.12988928885	0.137752719004299	0.0738482442372658	1.86534860005223	0.0621325570429054	0.0897206582842051	0.135305842788103	FALSE	up_in_cellobiose
YGL101W	485.416824735704	-0.220419555122799	0.118197966735563	-1.86483372946617	0.0622047138572869	0.0898034162584078	-0.210640266674472	FALSE	down_in_cellobiose
YEL036C	3745.40449913467	0.124406606256389	0.0667164849618738	1.86470564699989	0.062222674807672	0.0898079121717032	0.122283646273355	FALSE	up_in_cellobiose
YPL062W	41.992860141459	0.642764584022944	0.34494156320949	1.86340137744601	0.0624058163865451	0.0900507593802986	0.500934521123492	FALSE	up_in_cellobiose
YPR006C	967.49170374763	0.168226449462835	0.0904294803828521	1.86030538659089	0.0628423318956723	0.0906590187543338	0.163868862479347	FALSE	up_in_cellobiose
YDL225W	2965.75343365238	-0.127371165862909	0.0684815452125499	-1.859934168652	0.0628948404026646	0.0907131353351737	-0.124986004315638	FALSE	down_in_cellobiose
YLR272C	1020.87548840131	-0.169641153112327	0.09123570112784	-1.85937249360999	0.0629743578840626	0.0908061718333003	-0.165082692184921	FALSE	down_in_cellobiose
YGL175C	316.525946371098	-0.256618993419546	0.138054371752056	-1.85882554940331	0.063051869738918	0.0908962726526966	-0.242077469182016	FALSE	down_in_cellobiose
YOR072W	83.9719940799964	-0.476699413948978	0.256665661463693	-1.85727771775349	0.0632716528608075	0.0911913814998867	-0.405180598797365	FALSE	down_in_cellobiose
YDL201W	1947.96545223422	0.134223921298454	0.0723201059426472	1.8559696442494	0.0634578849713029	0.0914380052861866	0.131954784528501	FALSE	up_in_cellobiose
YGR016C-A	32.3940391794436	-0.724265605201505	0.390391126161323	-1.85523070752949	0.0635632883808782	0.0915680713064854	-0.536835809196667	FALSE	down_in_cellobiose
YLR396C	1692.77724378322	-0.141033303663461	0.0760334405043758	-1.85488520219395	0.0636126215540015	0.0916173209000369	-0.138293460127979	FALSE	down_in_cellobiose
YNL097C	2125.01891186984	0.137411559156142	0.0740937356578795	1.85456378917952	0.063658543086553	0.091661634641885	0.135006130449125	FALSE	up_in_cellobiose
YMR308C	6003.33757832445	0.111808913812287	0.0603331110469122	1.85319324450798	0.0638546656074896	0.0919221495144466	0.11086608743863	FALSE	up_in_cellobiose
YDR415C	1026.88468680792	-0.164466699942726	0.0887761248650543	-1.85260057467845	0.0639396300349326	0.0920105634489185	-0.160192923302732	FALSE	down_in_cellobiose
YLR293C	15084.8852377056	0.125440955559707	0.0677124916141713	1.85255264677713	0.06394650499905	0.0920105634489185	0.123988789233397	FALSE	up_in_cellobiose
YKL124W	2848.60613417678	0.135797781852199	0.0733342656375259	1.85176439242489	0.0640596628708451	0.0921514627124238	0.134110964623137	FALSE	up_in_cellobiose
YHR140W	338.060326319015	0.256784405428984	0.138725170869693	1.85102965683269	0.0641652866921686	0.0922814596293219	0.242379846678604	FALSE	up_in_cellobiose
YIL013C	4653.77153023984	0.12659668041867	0.0684038910035905	1.85072338080921	0.0642093586386463	0.0923228928940269	0.124420966031196	FALSE	up_in_cellobiose
YPR060C	1161.94935161082	-0.156916384813289	0.0848137318270144	-1.85012947117261	0.0642948911783477	0.0924239060688748	-0.153053545475896	FALSE	down_in_cellobiose
YER188W	4446.44334105649	0.15262471071827	0.082569037675665	1.84844967332412	0.0645373184386157	0.0927503538216172	0.149767343368046	FALSE	up_in_cellobiose
YMR231W	1778.39436479005	-0.139086513147676	0.0752949880620276	-1.84722139849597	0.0647150592903533	0.0929837039542393	-0.136471597865551	FALSE	down_in_cellobiose
YKL102C	25.939253071118	-0.80765486982244	0.437297611958188	-1.84692266259086	0.0647583496961757	0.0930238084331908	-0.568053286108299	FALSE	down_in_cellobiose
YNL211C	359.375965122015	0.235570041419577	0.127636520194934	1.84563196379688	0.0649456621141911	0.0932707289004611	0.224210925985046	FALSE	up_in_cellobiose
YAL002W	3158.37813364202	0.123208100338696	0.0667846935024271	1.84485536845683	0.0650585805816004	0.0934107177636128	0.120441622619373	FALSE	up_in_cellobiose
YDL027C	2097.96579561438	0.169272630447058	0.0917740815803306	1.84444919014409	0.0651177041660711	0.0934734201472625	0.164483381520946	FALSE	up_in_cellobiose
YMR106C	1143.34362193413	-0.158440326132542	0.085930230308756	-1.84382522382693	0.0652086154432817	0.0935817117002162	-0.154532474314715	FALSE	down_in_cellobiose
YNL189W	6613.91352327988	-0.114940306486918	0.0623532071759715	-1.84337440995675	0.0652743636946051	0.0936538486690385	-0.113274458512237	FALSE	down_in_cellobiose
YDR213W	3748.5878716688	0.14272634739975	0.0774623519704385	1.8425253528865	0.0653983415533597	0.093809477841184	0.138883288870952	FALSE	up_in_cellobiose
YDR459C	1609.28578575033	-0.139763139026442	0.0758649307620567	-1.84226279023171	0.0654367197857963	0.093842275482286	-0.137087513359124	FALSE	down_in_cellobiose
YKR009C	1719.46616831428	0.160549669157256	0.0871537763002309	1.84214242885114	0.0654543189628657	0.0938452655620703	0.156789102915429	FALSE	up_in_cellobiose
YIR033W	11672.7391813254	-0.166135293921394	0.0903867630353578	-1.83804893927227	0.0660551942072912	0.0946843293269915	-0.161481168611538	FALSE	down_in_cellobiose
YOR381W-A	25.0479034604104	-0.844858836702817	0.45979874489307	-1.83745355133428	0.0661429674808022	0.0947686060745165	-0.576791773164558	FALSE	down_in_cellobiose
YGL097W	3627.91532554874	-0.11779594083896	0.0641088120173082	-1.8374375866949	0.0661453223419753	0.0947686060745165	-0.115964316091224	FALSE	down_in_cellobiose
YKL041W	2131.18062548787	-0.137744889567178	0.0750287750514614	-1.8358941549119	0.0663733123421474	0.0950727365279777	-0.135122171086556	FALSE	down_in_cellobiose
YOL008W	627.817584368021	-0.209590304064145	0.114180859684109	-1.83559928208628	0.0664169434252913	0.0951127108853189	-0.201217369525543	FALSE	down_in_cellobiose
YHR037W	4542.27228469648	-0.122974072392742	0.0670017967809555	-1.83538469564888	0.0664487097214993	0.0951356793148755	-0.120198295439837	FALSE	down_in_cellobiose
YER051W	1699.95089885869	-0.145673471897217	0.079432123200566	-1.83393652375868	0.0666634171604299	0.0954204946529675	-0.142529847413937	FALSE	down_in_cellobiose
YDR051C	1516.35941185504	0.147224903707743	0.0803187335015079	1.83300828199661	0.0668013394523328	0.0955952927246655	0.144940480454718	FALSE	up_in_cellobiose
YBR063C	1808.83913669604	-0.136285044362722	0.0743588462440368	-1.83280203024467	0.0668320171372714	0.0956165732410962	-0.133049301436251	FALSE	down_in_cellobiose
YLR342W-A	34.064076535486	-0.696936443557703	0.38053581986239	-1.8314608170388	0.0670317909735527	0.0958797123667581	-0.520714455352418	FALSE	down_in_cellobiose
YBR139W	3374.71404775919	-0.137328908649562	0.0749918685684656	-1.83125065785211	0.0670631387083302	0.0959018737699029	-0.13479806499346	FALSE	down_in_cellobiose
YNL267W	3583.27572781552	-0.129180620634792	0.0706515817507924	-1.82841795517682	0.0674868486755875	0.0964849793520748	-0.126836392564065	FALSE	down_in_cellobiose
YGL100W	2817.83171045618	0.127846621773035	0.0699328829701715	1.8281331520047	0.0675295705565157	0.0965232448715415	0.125800925534963	FALSE	up_in_cellobiose
YDR233C	20424.480993929	0.168986198693543	0.0925028185795314	1.82682215837838	0.0677265131232577	0.0967818752380312	0.164495338466763	FALSE	up_in_cellobiose
YNL091W	5082.18267620023	0.111599197892643	0.0611050229427472	1.82635064219199	0.0677974615451757	0.0968603790474179	0.11082877645777	FALSE	up_in_cellobiose
YDL238C	729.038317245978	-0.176993601446809	0.0969915188080753	-1.82483585804075	0.0680258029152353	0.0971636556869559	-0.17191945190659	FALSE	down_in_cellobiose
YBL082C	1338.38671394282	-0.159729035213189	0.0875707452431445	-1.82399995306301	0.0681520793350001	0.0973210405801264	-0.156027319652932	FALSE	down_in_cellobiose
YBR016W	2318.34748843457	0.126797470141426	0.0695639728388428	1.82274624301828	0.0683418329642239	0.0975689751240478	0.124785713142068	FALSE	up_in_cellobiose
YCL043C	22467.6431444935	0.114983445408085	0.0630970460551928	1.82232691697653	0.0684053963514209	0.0976366782750696	0.114184198683708	FALSE	up_in_cellobiose
YOR159C	857.884627678748	0.173482277912244	0.0953686786081576	1.8190697453724	0.0689007901286028	0.0983205660504643	0.168788139877177	FALSE	up_in_cellobiose
YMR091C	2568.96928029317	-0.125884591795127	0.0692163806792235	-1.81871098372691	0.0689555351159082	0.0983754792255021	-0.123840809724561	FALSE	down_in_cellobiose
YHR086W	1842.20845732194	0.150611747141089	0.083019228729365	1.81417906967155	0.0696501614176739	0.0992962117406339	0.147264423263434	FALSE	up_in_cellobiose
YLL004W	1577.19830619351	-0.146060958432029	0.0805048074642007	-1.81431349297966	0.0696294754061313	0.0992962117406339	-0.142959632324389	FALSE	down_in_cellobiose
YCR067C	2254.5299844691	-0.128988004627729	0.0710993445813113	-1.81419400399977	0.0696478629682717	0.0992962117406339	-0.128253403071791	FALSE	down_in_cellobiose
YOR261C	6321.18843755708	0.111892608853586	0.0616988994532188	1.81352681887664	0.069750606042507	0.0994159792533282	0.110925909167285	FALSE	up_in_cellobiose
YDR473C	1824.78523211746	0.138845838968549	0.0765697502204322	1.81332495625013	0.0697817163540674	0.0994368909836876	0.136265358028729	FALSE	up_in_cellobiose
YMR027W	5989.66455369788	0.118922185308664	0.0657025345279539	1.81000909878244	0.070294376178876	0.100143825130952	0.117471909643962	FALSE	up_in_cellobiose
YDL055C	44792.2698059409	0.101464652518933	0.0561531777242151	1.80692627970684	0.0707737743929176	0.100803051872559	0.101489561920033	FALSE	up_in_cellobiose
YHR011W	657.307855153071	-0.190748903876987	0.105725924891926	-1.80418288203176	0.071202641948244	0.101390014393815	-0.183941460583687	FALSE	down_in_cellobiose
YKL215C	1641.65250384904	-0.141108398130777	0.0782177592228188	-1.80404552026096	0.0712241712037608	0.101396801979654	-0.138294141119192	FALSE	down_in_cellobiose
YDR409W	1378.89708647065	-0.141913637561655	0.0787394326197231	-1.80231978870149	0.0714951068746848	0.101758565055287	-0.139006269547487	FALSE	down_in_cellobiose
YLR046C	725.9424385069	-0.178546598881864	0.0991027596189343	-1.80163094921276	0.0716034885857695	0.101888850260014	-0.172998656981633	FALSE	down_in_cellobiose
YFR010W	5708.184090773	-0.122263247583286	0.0678708340172889	-1.80141071424201	0.0716381686506781	0.101914224404504	-0.12016608210432	FALSE	down_in_cellobiose
YDR243C	909.900046235262	-0.161031390958696	0.0894002165441673	-1.80124162092091	0.0716648048569266	0.101928145915718	-0.156693492561385	FALSE	down_in_cellobiose
YLL043W	4996.44234156181	0.113043459033655	0.062821944687883	1.79942629275943	0.0719512735660853	0.102311531217971	0.111969949558699	FALSE	up_in_cellobiose
YNR056C	7239.27873627303	-0.618713433909854	0.343967072486281	-1.79875773991283	0.0720570109059656	0.102427898543105	-0.473266722272881	FALSE	down_in_cellobiose
YJL126W	960.393287977008	0.158317911928249	0.0880182196756185	1.79869477605559	0.0720669757314355	0.102427898543105	0.154077502344262	FALSE	up_in_cellobiose
YMR161W	1678.02187989519	0.135005256447343	0.0751110643707919	1.79740837888914	0.0722708115297335	0.102693478727592	0.132750790362782	FALSE	up_in_cellobiose
YKR010C	1485.80359204848	-0.140162537608213	0.0780057029070473	-1.79682423700781	0.072363527345251	0.102801074896999	-0.138630057887825	FALSE	down_in_cellobiose
YBR084W	2871.20137612671	0.147553060794492	0.0821732934559112	1.79563279733529	0.072552936212988	0.103045952372004	0.143050029627894	FALSE	up_in_cellobiose
YDR286C	713.354567749922	0.192737480274861	0.107361049906146	1.79522723039082	0.0726175036457175	0.103113445904447	0.185354591294904	FALSE	up_in_cellobiose
YJL037W	888.9606433473	0.162475118979556	0.0905463252796067	1.79438666867853	0.072751473270452	0.103279432483681	0.158650687183108	FALSE	up_in_cellobiose
YLR097C	2234.2292992414	-0.128441901351537	0.0716014222090456	-1.79384567217871	0.0728378048161749	0.103377729078611	-0.12738158133562	FALSE	down_in_cellobiose
YGR071C	1394.94994246448	0.145809408257194	0.0814211591357714	1.79080486945726	0.0733246135850168	0.1040442382303	0.142755602525014	FALSE	up_in_cellobiose
YNCO0022C	73.7772355814018	-0.467664534826813	0.261240298910792	-1.79016995760869	0.0734265931309898	0.104140084841584	-0.394758157402206	FALSE	down_in_cellobiose
YLL057C	663.243108642258	-0.179856351918788	0.100463621019947	-1.79026348137579	0.0734115640614594	0.104140084841584	-0.174341163688447	FALSE	down_in_cellobiose
YKR078W	1348.4924333909	-0.143355794135294	0.0801616717088997	-1.78833339025013	0.0737222358582124	0.104534881553288	-0.140354889100045	FALSE	down_in_cellobiose
YGR105W	1131.29184593972	-0.153339950766532	0.0859854585478595	-1.78332421965492	0.0745335410561781	0.10566050851859	-0.150047026584204	FALSE	down_in_cellobiose
YGL002W	1811.92679624917	-0.133926162002749	0.0751215409538213	-1.78279306178073	0.0746199956117508	0.105758283377573	-0.130539120366888	FALSE	down_in_cellobiose
YOR370C	5419.32559898294	0.109225016989282	0.0612767354780701	1.7824875319667	0.0746697626462287	0.105804027699001	0.10789087699415	FALSE	up_in_cellobiose
YML094W	1271.20088098244	0.145689989271698	0.0817402764022179	1.78235254007222	0.0746917597938726	0.105810411005418	0.14235353806692	FALSE	up_in_cellobiose
YDR488C	877.667628937927	0.176501994388119	0.0990487355004418	1.78197120333083	0.0747539278320807	0.105873685192287	0.17103349466566	FALSE	up_in_cellobiose
YOR089C	4315.90616429506	0.116837664658648	0.0656235072477193	1.78042396023734	0.075006603425947	0.106206681676862	0.115525133314509	FALSE	up_in_cellobiose
YJR006W	2453.09890378144	-0.127310718015893	0.0715299603164851	-1.77982369139596	0.0751048191068687	0.106320863743845	-0.125142229223786	FALSE	down_in_cellobiose
YNCF0013W	25.1385833051012	-0.815820369113887	0.458819949011126	-1.77808391041451	0.0753900745638383	0.106699710116204	-0.551312516990915	FALSE	down_in_cellobiose
YAL009W	1393.89258480324	-0.139773560883044	0.0786383276168749	-1.77742285624409	0.0754986929754813	0.106828442996184	-0.136897283103955	FALSE	down_in_cellobiose
YOR166C	1679.48512901129	0.146168051146662	0.082273281285918	1.77661628249268	0.0756313948106274	0.106991185034959	0.142838181291514	FALSE	up_in_cellobiose
YLL027W	4087.98263786533	-0.114747399956184	0.0646541720839206	-1.77478724508672	0.0759330231726636	0.107392765296105	-0.112450592283662	FALSE	down_in_cellobiose
YIL104C	1063.45402164098	-0.151271637769799	0.0853177356610286	-1.77303859036776	0.0762223125348105	0.107776710734705	-0.148008672167484	FALSE	down_in_cellobiose
YNL309W	1165.66907687931	0.149680684601716	0.0845224196583541	1.77089919108725	0.076577466904504	0.10825358665701	0.146324832485033	FALSE	up_in_cellobiose
YIL099W	753.429335727492	-0.187074078426543	0.105736999689995	-1.76923951856981	0.0768539118571763	0.108618998323378	-0.180560564965228	FALSE	down_in_cellobiose
YOL137W	1756.73336418527	-0.135499415219579	0.0765915191994936	-1.76911773830536	0.0768742282979531	0.108622332860154	-0.132937432187409	FALSE	down_in_cellobiose
YNL334C	736.524496636012	0.173889451551489	0.098313611268736	1.76872204476519	0.0769402715520905	0.108690262171554	0.168231039542455	FALSE	up_in_cellobiose
YLL048C	5606.39187313828	-0.132262241904248	0.0748382332363386	-1.76730844896571	0.0771765856438088	0.108998638001261	-0.129383628145205	FALSE	down_in_cellobiose
YMR075C-A	366.603068811166	0.232900818514918	0.131792262315225	1.76718127774343	0.077197874118471	0.109003254094919	0.220724699866519	FALSE	up_in_cellobiose
YFL064C	529.499082977442	0.209688921526484	0.118691149610213	1.76667697814969	0.0772823410336838	0.109097055055485	0.20066649436166	FALSE	up_in_cellobiose
YLR388W	7073.56226678843	0.119096494021232	0.0675110011823631	1.76410498934128	0.0777143046235787	0.109678189681514	0.116114632308447	FALSE	up_in_cellobiose
YDL143W	6203.54274285895	0.106696964102932	0.0604854590779975	1.76401015598383	0.0777302693279301	0.109678189681514	0.105170477575017	FALSE	up_in_cellobiose
YLL036C	2412.02662824417	-0.123815311425829	0.0702033945798135	-1.76366559148454	0.0777882974603181	0.10973447092758	-0.12126772974208	FALSE	down_in_cellobiose
YDR119W	1973.13395174996	-0.133733482957651	0.0759859550288068	-1.75997633913993	0.0784118184217418	0.110562491755971	-0.131051266334787	FALSE	down_in_cellobiose
YLR172C	2916.12374649253	0.126330667563775	0.071777037982925	1.76004292060405	0.0784005295445525	0.110562491755971	0.124214771236908	FALSE	up_in_cellobiose
YNL092W	541.302672706438	0.197413392268289	0.112192371134443	1.75959729054771	0.0784761112604283	0.110601583647328	0.190549889735447	FALSE	up_in_cellobiose
YER125W	4807.19020174924	0.114600815365603	0.0651273693528479	1.75964139968125	0.0784686274251489	0.110601583647328	0.113865421862353	FALSE	up_in_cellobiose
YOR253W	1499.8450162755	-0.146871070473939	0.0834863464475373	-1.75922263607777	0.0785397009369173	0.110665420677245	-0.143269079512612	FALSE	down_in_cellobiose
YKR004C	882.330877961079	-0.172033416182909	0.0978468817380396	-1.75819007337899	0.0787151736881931	0.110886838761034	-0.166236478057222	FALSE	down_in_cellobiose
YER071C	1112.02693123315	0.159067029391768	0.0905563447345197	1.75655311461718	0.0789940105278219	0.111247187172519	0.15459134369586	FALSE	up_in_cellobiose
YCR028C	1395.95566531383	-0.13796853534701	0.0785534639194027	-1.75636475418281	0.0790261470127813	0.111247187172519	-0.135151756407118	FALSE	down_in_cellobiose
YJR103W	3324.52498202971	-0.117199874173993	0.0667249700100935	-1.75646199850317	0.0790095546709694	0.111247187172519	-0.115524731356226	FALSE	down_in_cellobiose
YIL011W	48563.1375488837	0.115571605288288	0.0658284886191922	1.75564725413723	0.0791486582992138	0.111393725931118	0.102226601203746	FALSE	up_in_cellobiose
YDL007W	8853.88879565762	0.104873781642925	0.059785269043334	1.75417428609227	0.0794006478577334	0.111722381691423	0.103727147923636	FALSE	up_in_cellobiose
YKL005C	2997.96452247313	0.116651926606288	0.0665093407128653	1.75391795131302	0.0794445671674999	0.111758182975862	0.113771070862741	FALSE	up_in_cellobiose
YCR075W-A	548.47532496781	0.224683799484631	0.128173968152291	1.75295969004931	0.0796089265416886	0.111963356580022	0.213862213069231	FALSE	up_in_cellobiose
YOL165C	181.023940631197	0.308665964330828	0.176101973226453	1.75276834595094	0.0796417786488233	0.111983523720765	0.282275245677964	FALSE	up_in_cellobiose
YDR501W	631.372127933315	-0.177989513867519	0.101557057855	-1.75260604852936	0.0796696523332047	0.111996683003383	-0.173143953420642	FALSE	down_in_cellobiose
YOL144W	1466.11221514478	0.138033035427309	0.0789012108289399	1.74944128204279	0.0802147702450796	0.112736790244537	0.13540099644482	FALSE	up_in_cellobiose
YNCO0014C	345.988094222334	0.225481854870471	0.128926158746368	1.74892246122102	0.0803044234229143	0.112836575443719	0.214351718690234	FALSE	up_in_cellobiose
YGL188C-A	163.761634971454	0.321288800382164	0.183814869983625	1.74789341259924	0.0804824857368623	0.113060510037687	0.292257548276331	FALSE	up_in_cellobiose
YDL100C	7331.78599159828	-0.116579265630707	0.0667490682219146	-1.74653023234911	0.0807188584608455	0.113366235158963	-0.115484644077666	FALSE	down_in_cellobiose
YGR161C	16347.3631976087	-0.0998854328949196	0.0571991376803064	-1.74627515283871	0.0807631512890596	0.113402112847614	-0.102344090310774	FALSE	down_in_cellobiose
YGL185C	1640.83445380544	-0.132853165848426	0.0760994606370935	-1.74578327804426	0.0808486177354208	0.113495773655503	-0.130078992865557	FALSE	down_in_cellobiose
YER174C	2315.9283798193	0.164452943168742	0.0943615993686064	1.74279520768121	0.0813693937424426	0.114200339384695	0.160189711724457	FALSE	up_in_cellobiose
YDR184C	991.389752212545	0.158084431971597	0.0907328181411768	1.74230708590605	0.0814547241895237	0.114293580752129	0.154184616090158	FALSE	up_in_cellobiose
YCL034W	4602.0602504749	0.107309752903082	0.0616191875548238	1.74149899019046	0.0815961501195211	0.114465471259968	0.106074577089323	FALSE	up_in_cellobiose
YIL027C	1609.1080599787	-0.13945303452732	0.080109171081209	-1.74078738607784	0.0817208538321348	0.114613829081981	-0.13633069328574	FALSE	down_in_cellobiose
YDL239C	761.769176355029	-0.166213468674379	0.0955754021872956	-1.73908207415812	0.0820203272856375	0.115007176576454	-0.161136672481062	FALSE	down_in_cellobiose
YNL022C	2089.55217810849	-0.128293806028698	0.0737769859529001	-1.73894073296247	0.0820451884050273	0.115015375356202	-0.126126765107368	FALSE	down_in_cellobiose
YJL092W	1926.33709236352	0.127263643387796	0.0732067608433902	1.73841380115217	0.0821379266077669	0.115118702050598	0.12505812144205	FALSE	up_in_cellobiose
YMR201C	1424.69646798133	0.138243688860344	0.0795446935190361	1.73793728713356	0.0822218646301695	0.115209650022677	0.135253464267229	FALSE	up_in_cellobiose
YHR130C	102.663729961685	0.40935704146432	0.235668045358901	1.73700698726849	0.0823859375522963	0.115412815251005	0.353534651602024	FALSE	up_in_cellobiose
YOR192C-C	397.913525784191	-0.220285663633737	0.126869095180708	-1.73632249303875	0.0825068282353831	0.115528658332369	-0.209999282726991	FALSE	down_in_cellobiose
YLR425W	2098.52665402613	0.124154867002343	0.0715029006474881	1.73636126476087	0.0824999767994408	0.115528658332369	0.122321162523287	FALSE	up_in_cellobiose
YKL168C	1908.44270115304	0.130488233183623	0.0751831289828383	1.73560524746727	0.0826336574851298	0.115679470985316	0.128223433076963	FALSE	up_in_cellobiose
YKL184W	1935.81291118532	-0.153482625310756	0.0884942400011019	-1.73437983431289	0.082850710699211	0.115956489824046	-0.149121718089857	FALSE	down_in_cellobiose
YJL154C	3677.73287253299	-0.120362571690742	0.0694239792119352	-1.73373196202573	0.082965652663505	0.116090500338085	-0.117718028877114	FALSE	down_in_cellobiose
YKL075C	2546.22932383453	-0.123129967189412	0.0711704474405	-1.73007156224992	0.0836174903315626	0.116975531687239	-0.12092339471625	FALSE	down_in_cellobiose
YJL031C	1738.48644886227	-0.130922496945157	0.0756882147313353	-1.72976066894804	0.0836730442217738	0.117026183698846	-0.128422296080546	FALSE	down_in_cellobiose
YOR343C	94.6044169062899	-0.404901273345049	0.234167132444882	-1.72911231869979	0.083788994845857	0.117161264406516	-0.35031007808663	FALSE	down_in_cellobiose
YML083C	3211.12561030082	0.145131006853012	0.0840466614646335	1.72679086026614	0.0842052305298159	0.117716071059592	0.14173251673121	FALSE	up_in_cellobiose
YNL278W	1027.4078510431	-0.176535648319614	0.102246426977001	-1.72657034127288	0.0842448562945483	0.117744255019807	-0.171331454398342	FALSE	down_in_cellobiose
YNR027W	2272.92110752807	-0.148281436378703	0.0859076342316766	-1.7260565688355	0.0843372362511462	0.117846140467356	-0.144247401912952	FALSE	down_in_cellobiose
YDL108W	1554.8653526143	-0.134220595361329	0.0778442907537769	-1.72421887413518	0.084668338100891	0.118281472788058	-0.13150884731524	FALSE	down_in_cellobiose
YDR292C	3383.56644054794	-0.111191845696503	0.0645873302761704	-1.72157364642655	0.0851467805309017	0.118922391002407	-0.108408096138815	FALSE	down_in_cellobiose
YJL003W	935.594995848299	0.153590199465001	0.0893274087496875	1.71940730862786	0.0855402323661538	0.119444336468805	0.149796213027992	FALSE	up_in_cellobiose
YGR237C	3325.92195161045	-0.112682922101103	0.0656004996366203	-1.7177143882331	0.0858487236367158	0.119847433482228	-0.110846003960491	FALSE	down_in_cellobiose
YHR213W-B	33.1555780779664	0.666258432036349	0.388001671360403	1.71715351044837	0.08595112725195	0.119908383591072	0.488344991838117	FALSE	up_in_cellobiose
YLR191W	1288.54308114002	-0.146086727469747	0.0850744721676188	-1.7171629014861	0.0859494118485066	0.119908383591072	-0.142747017993299	FALSE	down_in_cellobiose
YFL005W	5017.9967341159	0.111233851746277	0.0647781971713915	1.71714954418957	0.0859518517525023	0.119908383591072	0.109778633251819	FALSE	up_in_cellobiose
YOR132W	2565.6452743896	0.117441010403138	0.0684826930822888	1.71490058461955	0.086363455464053	0.120454817178247	0.115683433196367	FALSE	up_in_cellobiose
YBR157C	7243.84744134143	0.132203401470352	0.0771382500841523	1.71385014990783	0.08655625031116	0.120695887075198	0.129385227924233	FALSE	up_in_cellobiose
YCR094W	1340.048473731	-0.143961028710518	0.0840429289714826	-1.71294635339716	0.0867224094779565	0.120899713051892	-0.140627592845316	FALSE	down_in_cellobiose
YOR365C	782.78312289472	-0.173467236455587	0.101403053822833	-1.71067073343434	0.0871419132948706	0.121456551502459	-0.167742087470082	FALSE	down_in_cellobiose
YCR024C	994.079929477654	-0.154515434377836	0.0903428627343798	-1.71032253906025	0.0872062461299832	0.12151821765498	-0.149689864472329	FALSE	down_in_cellobiose
YHL020C	3900.93649251936	0.141500503072689	0.0828036776564778	1.70886737253052	0.0874755194671615	0.121865365558927	0.137827635207925	FALSE	up_in_cellobiose
YPL278C	191.898776078473	-0.318156345379866	0.186199846904379	-1.70868209974014	0.0875098516222883	0.121885123753908	-0.288318111342302	FALSE	down_in_cellobiose
YHR042W	10118.0644813317	-0.121253354418421	0.0709984180156879	-1.70783177720423	0.0876675609361311	0.122076674977591	-0.119270659974284	FALSE	down_in_cellobiose
YFR032C-B	199.223194769755	0.296333903114901	0.173578758021522	1.70720142540805	0.0877846201932136	0.122211546041139	0.271642038131334	FALSE	up_in_cellobiose
YMR310C	1345.85599315872	0.135746705392716	0.0795307477370988	1.70684558180501	0.0878507576565285	0.122275479306107	0.132906084318128	FALSE	up_in_cellobiose
YDR321W	3006.87450926978	-0.117940160397956	0.0691280536013869	-1.70611140128484	0.0879873402084641	0.122437409919715	-0.11537839519995	FALSE	down_in_cellobiose
YNL188W	1733.59398610797	0.126951129763347	0.0744487629285079	1.7052147647538	0.0881543773195477	0.122641634867972	0.124871509258149	FALSE	up_in_cellobiose
YDL057W	1220.27958503805	-0.141149658987327	0.0828281768707669	-1.70412611166797	0.0883575293465106	0.122895997934478	-0.138091398884923	FALSE	down_in_cellobiose
YNL272C	2995.17552264213	-0.121357802208001	0.0712470345588244	-1.70333829273699	0.0885047783814455	0.123072506765371	-0.119361722226876	FALSE	down_in_cellobiose
YLR060W	9933.74518604374	0.102924039342123	0.0604481072330365	1.7026842369991	0.0886271763252615	0.12321438510492	0.101121297704832	FALSE	up_in_cellobiose
YER007W	864.162624417332	-0.186804120249741	0.109786164483911	-1.7015269740762	0.0888440770922097	0.123487551087035	-0.179980444812812	FALSE	down_in_cellobiose
YOR119C	1887.74004523815	0.126885767108247	0.074672462848341	1.69923104539824	0.0892756590233693	0.12405891601938	0.12470114384521	FALSE	up_in_cellobiose
YDR403W	729.442557116655	0.189618542753667	0.111755198303521	1.69673129869693	0.0897474725295997	0.12465728159163	0.182588973824304	FALSE	up_in_cellobiose
YLR223C	4666.45322900552	0.11128723764487	0.065588388506061	1.69675212609601	0.0897435331950566	0.12465728159163	0.109983585988911	FALSE	up_in_cellobiose
YMR021C	2396.09556280718	-0.124413723262515	0.0733710543380255	-1.69567855314348	0.0899467722854062	0.124905423680997	-0.121545876732485	FALSE	down_in_cellobiose
YBR250W	699.277758214302	0.166924275862399	0.0984875050676008	1.69487769791532	0.0900986240675812	0.125087577917099	0.161385683398493	FALSE	up_in_cellobiose
YDR371W	1523.08397594665	0.136641315527877	0.0807076787033804	1.6930398411044	0.0904478838994484	0.125543655279432	0.133516603454461	FALSE	up_in_cellobiose
YPL257W	397.104627179793	-0.21268598836289	0.12566357392957	-1.69250309944307	0.0905500896501848	0.12565668554576	-0.202908192157458	FALSE	down_in_cellobiose
YGL257C	7390.93179596006	0.114774456495835	0.067830085134809	1.69208775527447	0.0906292427739933	0.12573768108713	0.112704971286212	FALSE	up_in_cellobiose
YLR018C	2041.801101801	0.121781805347282	0.0719776979734519	1.69193804158893	0.0906577877095525	0.125748442525816	0.119080964947519	FALSE	up_in_cellobiose
YIR023W	2231.08575456482	-0.128977505849205	0.076259183057502	-1.69130458363227	0.0907786450658549	0.125887213205721	-0.126559483326455	FALSE	down_in_cellobiose
YKL081W	12309.4856243716	-0.111217065159401	0.065806270379771	-1.69006789957191	0.0910149652773705	0.126186001595878	-0.110118435367649	FALSE	down_in_cellobiose
YLL005C	1387.6626957121	0.138142141196014	0.0817590664705173	1.6896247371639	0.0910997702927825	0.126274635770174	0.135694034491501	FALSE	up_in_cellobiose
YGL153W	1458.22960118672	-0.137783950127598	0.0816130594556193	-1.68825860771123	0.0913615971953777	0.126608545574992	-0.134761741912641	FALSE	down_in_cellobiose
YDR021W	830.210363296019	-0.159277437230982	0.0944065441976808	-1.68714402782784	0.0915756609096004	0.12687612754058	-0.15425812707673	FALSE	down_in_cellobiose
YPR011C	1389.56653098646	0.134232449769331	0.0796814820356618	1.68461286537385	0.0920632875417427	0.127522515763683	0.131366996822642	FALSE	up_in_cellobiose
YEL053C	2166.85930495616	-0.120336795581798	0.0714395859671552	-1.68445538916089	0.0920936940129464	0.127535429277544	-0.118289629603973	FALSE	down_in_cellobiose
YDR170C	3993.7896028816	0.119746569439787	0.0711103928016791	1.68395314273892	0.0921907247244281	0.127640579962936	0.117622008966192	FALSE	up_in_cellobiose
YNCG0048W	59.9207596499393	0.493544400451604	0.293566624713268	1.68120065056325	0.0927239472027305	0.128349463759569	0.401382421275443	FALSE	up_in_cellobiose
YPL076W	1197.89453237538	0.147791756552709	0.0879399562562437	1.68059847701159	0.0928409318491163	0.128481994224503	0.144572853901865	FALSE	up_in_cellobiose
YNL040C-A	31.7894905717181	-0.683846404048603	0.407015900397914	-1.68014665613813	0.0929287851585437	0.12857415860568	-0.486764440019158	FALSE	down_in_cellobiose
YDR440W	1634.26780711102	0.133154146839126	0.0792754942314359	1.67963817986927	0.0930277344928486	0.12868162953287	0.130473585256795	FALSE	up_in_cellobiose
YBR276C	3253.97923997121	0.108988402155705	0.0649076716256926	1.67912974577513	0.09312676015383	0.128789156874833	0.106980011193235	FALSE	up_in_cellobiose
YJR134C	2908.72443995608	0.112297253051961	0.0668891389495528	1.67885631083777	0.0931800509460834	0.128833400725225	0.11067745156537	FALSE	up_in_cellobiose
YDR068W	3169.42390594129	0.123250697074696	0.0734519917353299	1.67797624220737	0.093351737078944	0.12904128372727	0.121088617728695	FALSE	up_in_cellobiose
YNL154C	6239.15169014605	-0.103601166357574	0.0617614472467873	-1.67744071708039	0.0934563329010236	0.1291563531456	-0.102934174087862	FALSE	down_in_cellobiose
YHL009W-A	347.235254198095	-0.26303386371778	0.156926294584596	-1.67616182115346	0.0937065002151157	0.129472503380821	-0.245164241237832	FALSE	down_in_cellobiose
YJL147C	882.817890789304	-0.153042242307293	0.0915143515637572	-1.67233051092178	0.0944591663568728	0.130482643821129	-0.148891569795237	FALSE	down_in_cellobiose
YAR035W	8196.62291451959	0.0979525373328806	0.0586036410802105	1.67144115156281	0.0946345733541349	0.130695099136795	0.0968651102901075	FALSE	up_in_cellobiose
YOL141W	362.502362461809	-0.218076367146319	0.130484326889246	-1.67128399513775	0.0946655961992006	0.130708101211816	-0.206655978434779	FALSE	down_in_cellobiose
YKR014C	3926.15897699645	-0.123243685396343	0.0737847374217297	-1.67031407446668	0.0948572399714742	0.130942821676734	-0.122115014157448	FALSE	down_in_cellobiose
YGL212W	874.924357662786	-0.156619832463516	0.093790762038494	-1.66988548828759	0.0949420220224223	0.131000066426467	-0.151870438235312	FALSE	down_in_cellobiose
YER100W	4972.10238891022	0.119349629858937	0.0714709069500284	1.66990506979833	0.0949381471245104	0.131000066426467	0.117690426323213	FALSE	up_in_cellobiose
YGR083C	4018.90961829358	0.105938619196326	0.0634503147483338	1.6696311061106	0.0949923720937938	0.131039648528018	0.104618993120994	FALSE	up_in_cellobiose
YHR203C	24276.4150926887	0.101088527494994	0.060553202560999	1.66941669836803	0.0950348266043115	0.131068323330935	0.0975788174223762	FALSE	up_in_cellobiose
YJL077W-B	76.4924264577166	0.426498426848548	0.255501109299731	1.66926252499444	0.0950653636039501	0.131080552641964	0.360845360888762	FALSE	up_in_cellobiose
YNL136W	3043.10314733369	-0.111841130402555	0.0670962664666395	-1.66687561457928	0.0955391407025762	0.131703797199153	-0.109798464762391	FALSE	down_in_cellobiose
YBR184W	336.579548474084	-0.236840482420924	0.142255990985545	-1.66488933633023	0.0959348360807554	0.132211593806363	-0.222619960510575	FALSE	down_in_cellobiose
YPL082C	3867.41005578024	0.121652875583389	0.0730732489709831	1.66480726252772	0.0959512145495013	0.132211593806363	0.11967764482349	FALSE	up_in_cellobiose
YKL112W	5073.04448494808	-0.109857483054981	0.06604291950876	-1.66342560068698	0.0962272720903102	0.132561778381755	-0.109319091674671	FALSE	down_in_cellobiose
YMR112C	658.68866418039	0.182355919607145	0.109644562144695	1.66315516282964	0.0962813801712459	0.132606117635671	0.175601472329696	FALSE	up_in_cellobiose
YNCB0009C	13.8170335144841	-1.1248894363119	0.676564974213988	-1.66264805182792	0.0963829064537978	0.132715729829051	-0.527804490593817	FALSE	down_in_cellobiose
YPL124W	604.925068815282	0.172451292760239	0.103762109292965	1.66198715441814	0.096515350120209	0.13286785454646	0.166201847353199	FALSE	up_in_cellobiose
YKL095W	997.289299523019	0.167444691726201	0.100822812292717	1.66078180045268	0.0967572776246958	0.133140303082754	0.162171443854899	FALSE	up_in_cellobiose
YGR276C	2804.40192020981	0.121779940504133	0.0733265100438933	1.66079008030295	0.0967556141168013	0.133140303082754	0.120289210405049	FALSE	up_in_cellobiose
YER172C	2403.41324487376	0.124692485998408	0.0751112695854588	1.66010355951363	0.0968936209733133	0.133297592282823	0.122397768624351	FALSE	up_in_cellobiose
YLR176C	727.161593728099	-0.16408856631416	0.0990619706771124	-1.65642340034804	0.097636105500851	0.134265019611304	-0.159405970608696	FALSE	down_in_cellobiose
YOR038C	1474.78655784989	-0.128984930740143	0.077870732742158	-1.65639806122324	0.0976412334716692	0.134265019611304	-0.127678612634633	FALSE	down_in_cellobiose
YOR350C	1693.25793008579	-0.134607373214693	0.0814386158389229	-1.65286911900531	0.0983575032206301	0.135219212950362	-0.131201752610361	FALSE	down_in_cellobiose
YOR284W	666.141616702893	-0.172046875105376	0.10410816839101	-1.65257806149468	0.0984167660270801	0.135239213470651	-0.166011194461676	FALSE	down_in_cellobiose
YDR468C	1875.50292609493	-0.122142783348393	0.0739080659782614	-1.65263130257418	0.0984059233730854	0.135239213470651	-0.119850671427294	FALSE	down_in_cellobiose
YFL037W	8066.68035043667	-0.102366991870886	0.0619778190397211	-1.65167141175587	0.0986015535857868	0.135462366032347	-0.10102307772682	FALSE	down_in_cellobiose
YAL016W	6868.36354492098	0.097730478962489	0.0592098248734462	1.65057875397159	0.0988246201129606	0.135737994337715	0.0968317218612987	FALSE	up_in_cellobiose
YPR081C	1937.68037315132	0.12986585952155	0.0787026363750875	1.65008271009658	0.0989260205380118	0.135846424116784	0.127332392179492	FALSE	up_in_cellobiose
YOL090W	2523.71809017338	0.128123157348129	0.0778812665497566	1.64510880503303	0.0999473751357739	0.13721781030329	0.124134985173908	FALSE	up_in_cellobiose
YLR344W	11398.808798319	0.111129817206045	0.0676489656034499	1.64274229790111	0.100436263318569	0.137838954953346	0.105168557668608	FALSE	up_in_cellobiose
YJR042W	3575.94033492668	0.109985975181812	0.0669544606660843	1.64269824725099	0.100445381622475	0.137838954953346	0.108452147525342	FALSE	up_in_cellobiose
YCL073C	370.533350904945	-0.917580655427287	0.559402212515719	-1.64028785531753	0.10094532956603	0.138493603661809	-0.506294322916295	FALSE	down_in_cellobiose
YDL164C	2264.14910904585	0.116743326025415	0.0711889820964602	1.6399072242279	0.10102445855755	0.138570736919414	0.113964759672779	FALSE	up_in_cellobiose
YNR023W	2052.56128604929	-0.119526597498021	0.0728940579840736	-1.63973032649843	0.101061250453695	0.138589776466652	-0.116910319707254	FALSE	down_in_cellobiose
YML130C	5064.89893812661	0.144526367215784	0.0881802781527033	1.63898742716036	0.101215878182398	0.138770364262313	0.141535058221847	FALSE	up_in_cellobiose
YLR462W	394.279996715543	-0.200062241090893	0.12214808648422	-1.63786635426941	0.101449575985634	0.139059253373464	-0.190813552737115	FALSE	down_in_cellobiose
YLR177W	5005.87806662129	0.115449386614684	0.0705908350994914	1.63547274163804	0.101949984357302	0.139713515037907	0.113668692221466	FALSE	up_in_cellobiose
YGL201C	2776.77811643549	0.121772434786767	0.0745077313453663	1.6343597179508	0.102183341207504	0.14000159251737	0.119870684421608	FALSE	up_in_cellobiose
YIL015W	529.678899337017	-0.201647112463543	0.123549811084013	-1.63211186398679	0.10265592292083	0.140617227750929	-0.192137390026942	FALSE	down_in_cellobiose
YGL245W	13313.6126313302	-0.0922288684966579	0.0565824307926893	-1.62999127475758	0.103103341070327	0.141198123190945	-0.0916466584269409	FALSE	down_in_cellobiose
NR_132251.1	137.661523417549	0.325608272738367	0.199838945080803	1.62935344062545	0.103238219108243	0.141350834627832	0.291444743719379	FALSE	up_in_cellobiose
YOR376W-A	140.841475741529	-0.326171967374943	0.200491336555924	-1.62686315018885	0.103766165837457	0.142041533639009	-0.291043804462639	FALSE	down_in_cellobiose
YDR197W	1638.36598292918	0.127019954743948	0.0780940991324081	1.62649875157132	0.103843598723145	0.142115368478801	0.124543646116066	FALSE	up_in_cellobiose
YGR077C	1685.42431301894	-0.126521349296384	0.0778070900942945	-1.6260902334614	0.103930461362818	0.142202072106693	-0.124005717740181	FALSE	down_in_cellobiose
YKL017C	1352.18878672771	-0.134888024341203	0.0829791170256225	-1.62556591557309	0.104042030934736	0.142322533949393	-0.131988453706252	FALSE	down_in_cellobiose
YOL021C	3792.89007933518	0.103901777439569	0.0640724189815094	1.62163032223824	0.104882526108562	0.143439837311935	0.102096275271379	FALSE	up_in_cellobiose
YCR034W	2500.94652545853	0.121104434526441	0.0746858431496673	1.62151793993612	0.104906605679149	0.143440338551802	0.118834597517256	FALSE	up_in_cellobiose
YBR246W	1722.22128759693	-0.127282201481731	0.0785685266556766	-1.62001512437086	0.10522902804968	0.143848675858195	-0.124765679966679	FALSE	down_in_cellobiose
YGR095C	2826.83744868504	0.107766214598165	0.0665687069246963	1.61887198319883	0.105474810105184	0.144152084574392	0.105983841985609	FALSE	up_in_cellobiose
YMR037C	3285.74918073543	-0.108266166456641	0.0669006976087773	-1.61831147247166	0.105595489507153	0.144284417444944	-0.106236516780773	FALSE	down_in_cellobiose
YDR258C	10913.872253232	0.109155350678046	0.0674672347352941	1.61790165413351	0.105683793755349	0.144372463510865	0.101459879011363	FALSE	up_in_cellobiose
YGL234W	18134.3009648491	0.124896235860698	0.0772028183952124	1.61776782838855	0.105712642098643	0.144379266663963	0.122887652635107	FALSE	up_in_cellobiose
YNCM0032C	38.6582508679807	-0.602947882238154	0.373082535248057	-1.61612465144546	0.106067365404328	0.14483103686925	-0.443598307291658	FALSE	down_in_cellobiose
YLR315W	326.651808296421	-0.221247765545727	0.13731223831783	-1.61127491807115	0.107119815058273	0.146235107489843	-0.208827403064368	FALSE	down_in_cellobiose
YBR167C	805.575315528101	0.157266208374935	0.0976909721772485	1.60983358922454	0.107434190221648	0.146598108876776	0.152519827722408	FALSE	up_in_cellobiose
YFR005C	1926.30945751761	-0.118127396349104	0.073377153352864	-1.60986616339612	0.107427077250589	0.146598108876776	-0.116031501653203	FALSE	down_in_cellobiose
YGL232W	1746.23999180956	0.119274152501794	0.0742103934859016	1.60724322967582	0.108001022327789	0.147338336504465	0.11726767335583	FALSE	up_in_cellobiose
YLR407W	4773.00727230921	0.138053497933817	0.085904766119465	1.60705283501768	0.108042778418118	0.147362066888658	0.135063822278091	FALSE	up_in_cellobiose
YIL046W-A	21.7996026211997	0.764553015298056	0.475795860409895	1.60689295329177	0.108077852485507	0.147376674861323	0.496246293721967	FALSE	up_in_cellobiose
YPL210C	4821.97209044826	-0.116904708033415	0.072834905145064	-1.60506432733835	0.108479648803873	0.1478912318266	-0.115356482364378	FALSE	down_in_cellobiose
YDR196C	1942.13657820814	-0.116591281618423	0.0726619288248952	-1.60457179576655	0.108588072506247	0.148005689632782	-0.114292520709281	FALSE	down_in_cellobiose
YBL032W	2897.17245174557	0.107394100331066	0.0669397159658705	1.60434054404744	0.108639008797494	0.148041758102285	0.10566342472078	FALSE	up_in_cellobiose
YDL115C	2993.3027806236	0.121968470369964	0.07605120572139	1.60376774060348	0.108765257835862	0.148180415461516	0.118569566074591	FALSE	up_in_cellobiose
YCR091W	1725.11005765254	-0.127897000398796	0.0797743780014646	-1.60323406591084	0.108882987092877	0.148307405747538	-0.125139972538282	FALSE	down_in_cellobiose
YKL057C	2761.4982591206	0.125796322810267	0.0784742008858788	1.60302776441401	0.108928524447059	0.14833602980195	0.120984363157693	FALSE	up_in_cellobiose
YDR503C	748.103252236482	-0.153435849116995	0.0957428177635544	-1.60258338642089	0.109026664084866	0.148436257269717	-0.149021716067372	FALSE	down_in_cellobiose
YKL027W	1758.09381874794	-0.120796163574977	0.0754909179287997	-1.60014167119954	0.109567158385566	0.149138555597275	-0.118519307867986	FALSE	down_in_cellobiose
YEL008W	117.231276402592	-0.348673996329815	0.218203871587975	-1.59792763433731	0.110059083165116	0.14977444185957	-0.305312740529335	FALSE	down_in_cellobiose
YPL047W	880.679474369614	-0.16268377150866	0.101836026996137	-1.59750705430439	0.110152726484647	0.149834459749411	-0.157343589344893	FALSE	down_in_cellobiose
YMR041C	1593.74150764461	-0.124882449629634	0.0781679395219604	-1.59761726346323	0.110128182023177	0.149834459749411	-0.122072980722006	FALSE	down_in_cellobiose
YFR016C	5586.75956228975	0.0981110008762707	0.0614238264257039	1.5972792088253	0.110203483199333	0.149869799881466	0.0972967395836288	FALSE	up_in_cellobiose
YGR158C	1752.35923838122	-0.126351857578111	0.0791924444074976	-1.59550394641119	0.110599588206637	0.150374670501673	-0.123826582897832	FALSE	down_in_cellobiose
YJL118W	471.405279109883	0.193324364470478	0.121304894236164	1.59370622008129	0.111001850426718	0.150869499516269	0.184777656791985	FALSE	up_in_cellobiose
YPL122C	1383.74555291558	-0.133514247671378	0.0837786595789857	-1.59365461732534	0.111013414175386	0.150869499516269	-0.130666159698173	FALSE	down_in_cellobiose
YJL016W	4448.85459583047	-0.108011905777744	0.0677950134099381	-1.59321313390153	0.111112385818513	0.150970085762844	-0.106865368433912	FALSE	down_in_cellobiose
YLR411W	335.653815723882	0.213916639706386	0.134295292300817	1.59288263975196	0.111186521491025	0.151036889400227	0.202484647040465	FALSE	up_in_cellobiose
YGL093W	2541.50523269163	0.113341805703646	0.0711878659914029	1.59215063023991	0.111350863154361	0.151226172254318	0.111574870016834	FALSE	up_in_cellobiose
YMR323W	222.396599763423	0.27167409990272	0.170648706604922	1.59200796365652	0.111382915191031	0.151235747248159	0.249662308238997	FALSE	up_in_cellobiose
YOR077W	486.513711237977	0.185418400202788	0.116500816085522	1.5915631017269	0.111482906376067	0.1513375450334	0.177770389703479	FALSE	up_in_cellobiose
YMR281W	1129.95704280732	0.138085876490787	0.0868582989878264	1.58978333791847	0.111883650907585	0.151847476854382	0.135114400856128	FALSE	up_in_cellobiose
YDR014W-A	63.1122273538269	0.454739042565342	0.286157775728492	1.58911999300973	0.112033304831739	0.152016478449347	0.371541470933661	FALSE	up_in_cellobiose
YFR046C	1263.67953500067	-0.13082157933162	0.082446719154645	-1.58674087547667	0.112571344552409	0.152712281497538	-0.128136834652677	FALSE	down_in_cellobiose
YCR104W	162.708887796322	-0.303596606159648	0.191501041854406	-1.58535224257665	0.112886325433615	0.153105242723752	-0.273013770659757	FALSE	down_in_cellobiose
YDR432W	9556.13648835895	0.0959228517131337	0.0605414771144979	1.58441545011731	0.113099208293813	0.153359585512055	0.0948671937611502	FALSE	up_in_cellobiose
YNL152W	1384.18169195292	-0.125085229411196	0.0791716796026179	-1.57992390762744	0.114124293406897	0.154714892608319	-0.122627276306143	FALSE	down_in_cellobiose
YGL018C	958.491639514781	0.152684007463163	0.0967411108443893	1.5782742841227	0.11450261106245	0.15519298550678	0.148144977556139	FALSE	up_in_cellobiose
YBR061C	1649.35292882685	0.126629030152381	0.0802597075447646	1.57774098643151	0.114625126176801	0.155324235717623	0.12405229301768	FALSE	up_in_cellobiose
YBL014C	1709.4947731047	0.12688384133034	0.0805941302972311	1.57435586018972	0.115405202307737	0.156346263999889	0.124237853491977	FALSE	up_in_cellobiose
YDL167C	1969.82488679925	0.124057634236799	0.0789249505912983	1.5718430395885	0.115986957217859	0.157099217243803	0.121661114098621	FALSE	up_in_cellobiose
YJL095W	1708.96552245974	0.118435193671273	0.0754706289286092	1.56928854777804	0.116580719578366	0.157868093290695	0.116551816449315	FALSE	up_in_cellobiose
YNR054C	1403.10257845807	0.128268558955649	0.0817774447656466	1.56850778748632	0.116762673983089	0.158079099132432	0.125856806960754	FALSE	up_in_cellobiose
YPL227C	1228.05481676219	-0.129694246917541	0.0828575127874897	-1.56526840541517	0.117519988012872	0.159068786639039	-0.126401165138235	FALSE	down_in_cellobiose
YNCM0026C	42.2384566461019	0.565130813966885	0.361319061896344	1.56407694352149	0.117799499882241	0.159411448498361	0.420934492700382	FALSE	up_in_cellobiose
YOR067C	2358.15712468137	-0.129519062923994	0.0828380896513413	-1.5635206397097	0.117930184889737	0.159552603086115	-0.126620244291492	FALSE	down_in_cellobiose
YLR422W	2385.70910228337	0.107982205480827	0.0691068528278687	1.56253976360041	0.118160886042258	0.159828980248126	0.103584877615786	FALSE	up_in_cellobiose
YDL205C	1471.97275513256	0.127884480946128	0.0818871122327275	1.56171682526396	0.118354713342258	0.160055367987328	0.125910679247012	FALSE	up_in_cellobiose
YOL159C-A	554.073853708135	0.182708896627734	0.117035766266385	1.56113726988269	0.118491366043608	0.160204352525209	0.175082407182368	FALSE	up_in_cellobiose
YJL178C	2828.93835488193	-0.105435434055561	0.0676115865833316	-1.55942848531754	0.118894998664078	0.160714155736091	-0.104001728943388	FALSE	down_in_cellobiose
YLR170C	1819.24211654605	0.117896998630165	0.075611396399397	1.55924905826902	0.118937443644421	0.160735611395242	0.115713763050345	FALSE	up_in_cellobiose
YML023C	1843.70252076824	-0.115938602604302	0.0744426477560074	-1.55742180187224	0.119370373220917	0.161284652136102	-0.112856676581159	FALSE	down_in_cellobiose
YOL146W	1127.51494585554	0.137820383323659	0.088520634064986	1.55692946372797	0.119487233199234	0.161406492546263	0.134946609148089	FALSE	up_in_cellobiose
YGL053W	1830.9632058007	-0.114564744374339	0.0736235264461377	-1.55608879259748	0.119686979665546	0.161640218798144	-0.111584189271052	FALSE	down_in_cellobiose
YDL159W	1901.2320734368	0.118299866231495	0.0760351554991296	1.55585749058999	0.119741983708467	0.161642325251622	0.116111129269487	FALSE	up_in_cellobiose
YJR065C	6957.39624895219	-0.0936644863284798	0.0601974414314928	-1.55595460705874	0.119718886822576	0.161642325251622	-0.0927728782296601	FALSE	down_in_cellobiose
YHL026C	1313.12700941744	0.146992618846406	0.0945247205287278	1.55507065267368	0.119929243464145	0.16185899011928	0.142917118811507	FALSE	up_in_cellobiose
YNL333W	1388.25852796611	-0.122662965417682	0.0789152836784529	-1.55436259872653	0.120097949382517	0.162050523268982	-0.120544471203024	FALSE	down_in_cellobiose
YER111C	1681.71041644354	0.126828662061111	0.0816321608927596	1.55366047736659	0.120265425207556	0.162240311570139	0.124556730798917	FALSE	up_in_cellobiose
YNR033W	2850.47883742904	0.10576430205432	0.0681724626302887	1.55142264154221	0.120800432738181	0.16292571184688	0.103637645004836	FALSE	up_in_cellobiose
YMR288W	1502.39725196442	0.127357161347779	0.0822118012144229	1.54913478924526	0.121349321444706	0.163629524168307	0.125013255314093	FALSE	up_in_cellobiose
YOR216C	1947.68458561911	-0.118777436793768	0.0767097251518004	-1.54840128235006	0.12152571268115	0.16383085268738	-0.117189142010126	FALSE	down_in_cellobiose
YJL048C	1278.60887257007	-0.126770689309902	0.0820693464203778	-1.54467770049677	0.122424241338105	0.164979456982896	-0.124006428914395	FALSE	down_in_cellobiose
YPR171W	1816.68174857371	-0.113236192748129	0.0733089004879884	-1.5446445383079	0.122432266886464	0.164979456982896	-0.11054953979458	FALSE	down_in_cellobiose
YDR251W	3597.70002709935	-0.0992259467135884	0.0642832142755598	-1.54357475480677	0.122691384738316	0.165291800953691	-0.0979419525388003	FALSE	down_in_cellobiose
YGR246C	2344.61592005596	-0.109813214164362	0.0712283038425203	-1.5417075550072	0.123144675208974	0.165865540044329	-0.107029623907267	FALSE	down_in_cellobiose
YER127W	2748.77118946891	0.117793556353667	0.0764520776694725	1.54075023131389	0.123377586352159	0.166142257311711	0.115245451090562	FALSE	up_in_cellobiose
YHR120W	1556.35897058332	0.119350918728685	0.0774805092227712	1.5403992555796	0.123463062765653	0.166220357593909	0.11557579741958	FALSE	up_in_cellobiose
YDR031W	840.01371671004	0.143945782749114	0.0935249562019102	1.53911628077484	0.123775911086674	0.166604469551244	0.140137515953451	FALSE	up_in_cellobiose
YPR174C	1118.24298740532	-0.133769612999659	0.0869959909901491	-1.53765261453033	0.124133575483763	0.167048720378483	-0.130906461581815	FALSE	down_in_cellobiose
YBR023C	3671.04803356731	0.113741216376564	0.0739822726370596	1.53741176530968	0.124192507064964	0.16709085303291	0.1104377582551	FALSE	up_in_cellobiose
YLR321C	1986.26759310729	-0.111743818116871	0.0727278515760169	-1.53646527011833	0.12442430930274	0.167365498548426	-0.109457905557875	FALSE	down_in_cellobiose
YNL085W	3361.97361830199	-0.100632897901747	0.065508014394251	-1.53619215652151	0.124491259131078	0.167418325140927	-0.0993672386944156	FALSE	down_in_cellobiose
YBR279W	4934.22992105111	0.0988827370076283	0.0644527232949307	1.53419020876974	0.124982865705839	0.168042088165063	0.097589088614706	FALSE	up_in_cellobiose
YOL044W	1287.35604745737	-0.125259723819224	0.0816587763182011	-1.53394074056562	0.125044232058291	0.168087235493467	-0.121977119048696	FALSE	down_in_cellobiose
YDR350C	2794.29448541154	0.102597560206317	0.0669298014496915	1.53291296229881	0.125297301641024	0.168389997250956	0.101141522274081	FALSE	up_in_cellobiose
YCR015C	661.252868949951	-0.153822711343226	0.100381644777388	-1.53237886950698	0.125428968706208	0.168492078992639	-0.149094068021416	FALSE	down_in_cellobiose
YHR098C	3785.71110215701	-0.102560238273477	0.0669278574767681	-1.53239984275722	0.125423796248752	0.168492078992639	-0.100824040817931	FALSE	down_in_cellobiose
YOR048C	3840.27472203014	-0.0989719091494562	0.0646341936873541	-1.53126237836584	0.125704559639931	0.168824796017305	-0.09728547750715	FALSE	down_in_cellobiose
YKL064W	4049.35718446028	0.10641171433095	0.0695782619405315	1.52938161091032	0.126169868469636	0.169412105299185	0.103123015518492	FALSE	up_in_cellobiose
YGR063C	1253.93743829551	0.141282871331175	0.0924085784190929	1.5288934614969	0.126290857440597	0.169499311439576	0.136869167414622	FALSE	up_in_cellobiose
YIL130W	3681.43427334038	-0.10090550320676	0.0659988238608387	-1.52889850612374	0.126289606656207	0.169499311439576	-0.100024480016648	FALSE	down_in_cellobiose
YJR022W	534.945832583607	-0.165395045919472	0.108212730954523	-1.52842502412198	0.126407045669684	0.169617617403708	-0.159590168494027	FALSE	down_in_cellobiose
YLR307W	1558.76294322514	0.138537530006976	0.0908219737883538	1.52537457873152	0.12716569567909	0.170597758519143	0.134801026428388	FALSE	up_in_cellobiose
YLR157C-B	136.852239299539	-2.04540826868451	1.3410276899163	-1.52525431358705	0.127195678225048	0.170600145805613	-0.253974443805325	FALSE	down_in_cellobiose
YPL126W	3387.63404649966	0.105367053670137	0.0691743889263428	1.5232090272938	0.127706418320219	0.171247201156951	0.103779143296955	FALSE	up_in_cellobiose
YPL146C	3455.92584961282	0.100035533372511	0.0658010318846932	1.52027301863303	0.128442372299789	0.172195902048187	0.0986884925037229	FALSE	up_in_cellobiose
YOR394C-A	15.7245832574829	-0.865492649817027	0.569832796438192	-1.51885369748265	0.12879932608879	0.172597944951505	-0.480989813999391	FALSE	down_in_cellobiose
YGL019W	3439.30170915472	0.102849596586601	0.0677151844820205	1.51885573927528	0.128798812032764	0.172597944951505	0.101338879984606	FALSE	up_in_cellobiose
YCR035C	3302.71365942985	-0.105764727200639	0.0697180597238745	-1.51703486326973	0.12925788209741	0.173174070610684	-0.103995696639331	FALSE	down_in_cellobiose
YBR227C	2183.55550087858	-0.108348126608448	0.0714524867546317	-1.51636607107204	0.12942681336197	0.17336200044875	-0.106562057523124	FALSE	down_in_cellobiose
YHL015W-A	23.867409031639	-0.717690839763699	0.473822912196771	-1.51468158522831	0.129853060034761	0.173883937663727	-0.456666706599902	FALSE	down_in_cellobiose
YEL019C	513.29712217369	0.16691302668704	0.110211032997096	1.51448563857883	0.129902713556354	0.173883937663727	0.160834446107618	FALSE	up_in_cellobiose
YLR178C	13550.7925823176	-0.119890000889645	0.0791620220763445	-1.51448886404167	0.129901896094235	0.173883937663727	-0.128652067289099	FALSE	down_in_cellobiose
YHR159W	1377.84223326372	0.127781198885308	0.084410587547491	1.51380534833282	0.13007521574498	0.174076323018005	0.124590748872615	FALSE	up_in_cellobiose
YLR162W	11.0373505702423	1.00582967460426	0.665321278738046	1.51179543890746	0.130585910103388	0.174721117057155	0.486146118026727	FALSE	up_in_cellobiose
YDR175C	2315.18671791385	0.111467502487931	0.0737604731022207	1.51120915850763	0.130735169728401	0.174882141018819	0.109359387530335	FALSE	up_in_cellobiose
YFL042C	3606.63126317851	0.100571357140845	0.0665737462137649	1.51067594751113	0.130871033428086	0.175025178245964	0.0985178875776827	FALSE	up_in_cellobiose
YJR033C	2324.52725533295	0.104876970819749	0.0694328037879327	1.51048157496379	0.130920587340525	0.175034959268861	0.103205959109981	FALSE	up_in_cellobiose
YDR188W	11756.9326959263	0.0891648369979498	0.0590344889679512	1.51038551458209	0.130945082630939	0.175034959268861	0.0879791230939356	FALSE	up_in_cellobiose
YDL126C	21905.5057354289	0.0828153916809434	0.0548334889779719	1.5103068074733	0.130965155505185	0.175034959268861	0.0823151002994902	FALSE	up_in_cellobiose
YLL054C	924.926743723916	0.134730934866796	0.0893468039567398	1.50795472138019	0.131566115893251	0.175799300869953	0.131533550551774	FALSE	up_in_cellobiose
YMR218C	1443.22448851718	-0.127008750188636	0.0842981278591166	-1.50666157617283	0.131897425227473	0.176203075353574	-0.123881617217623	FALSE	down_in_cellobiose
YBR073W	3124.19241955885	-0.101131941132143	0.0671786175946326	-1.50541861016537	0.132216487435045	0.1765903140858	-0.0989639243972647	FALSE	down_in_cellobiose
YKR030W	1986.62414700771	-0.117737339643259	0.07822899257069	-1.50503458851101	0.132315184384629	0.176683123695942	-0.115359551903635	FALSE	down_in_cellobiose
YHR129C	840.805827764749	-0.138596013485786	0.0921084276250826	-1.50470502058646	0.132399931742123	0.176757269280093	-0.134549433457796	FALSE	down_in_cellobiose
YGL048C	5936.30225163615	-0.0965358683518644	0.0642091701954567	-1.50345921085732	0.132720667694355	0.177146363389928	-0.0954873678948279	FALSE	down_in_cellobiose
YML104C	1689.69983187835	-0.128671283828696	0.0856096822177295	-1.50299919933645	0.132839250461235	0.177265525268037	-0.125222316645021	FALSE	down_in_cellobiose
YMR004W	2589.48067932385	-0.104212928804773	0.0693751448963867	-1.50216520571477	0.133054448303288	0.177513532815745	-0.102465593935846	FALSE	down_in_cellobiose
YIL131C	1228.88266681163	-0.132383923979196	0.0882897083064815	-1.49942645092505	0.133763035851143	0.178419537786894	-0.130056814155714	FALSE	down_in_cellobiose
YBR238C	1999.03436316358	-0.130016105788814	0.0867674945279135	-1.49844255036069	0.134018308253239	0.178699139802905	-0.126261202953207	FALSE	down_in_cellobiose
YPR029C	4028.35067537543	-0.0940894609181386	0.0627936715329904	-1.49839081902873	0.134031740334895	0.178699139802905	-0.0929014233646143	FALSE	down_in_cellobiose
YGL058W	2014.36411634646	-0.112169550850163	0.0749143893057004	-1.49730314682854	0.13431439644835	0.179036532418702	-0.109821703419697	FALSE	down_in_cellobiose
YIL036W	2514.36373443146	0.108758484313458	0.0726754453684321	1.49649560125983	0.134524553328132	0.179277158643285	0.104531804930501	FALSE	up_in_cellobiose
YDR311W	3111.0812539559	0.0976778956201522	0.0652930210878016	1.49599289468934	0.134655506772906	0.179412149883107	0.0959240054185976	FALSE	up_in_cellobiose
YGL260W	70.7427517941093	-0.400393781957752	0.267829805577175	-1.49495602662632	0.134925918778386	0.17973285238724	-0.331214503594086	FALSE	down_in_cellobiose
YIR024C	994.949636234604	0.137240926511861	0.0918446754421298	1.49427199618485	0.135104541444722	0.179886268486929	0.134221977419624	FALSE	up_in_cellobiose
YBR030W	1786.41017519182	0.119136531396528	0.079734073299851	1.49417339997793	0.135130303191371	0.179886268486929	0.116788907537793	FALSE	up_in_cellobiose
YPR165W	6577.6599939143	0.0897755128795214	0.0600826210724417	1.49420100649868	0.135123089628744	0.179886268486929	0.0888611783392727	FALSE	up_in_cellobiose
YER166W	3964.63899046933	0.100141637140098	0.0670844790242925	1.49276909646768	0.135497639316226	0.180335582007448	0.0988642440663192	FALSE	up_in_cellobiose
YIL096C	972.646395162215	0.135914433638424	0.0911174438524413	1.49164010635031	0.135793518212663	0.180651549117226	0.132878004268465	FALSE	up_in_cellobiose
YDL093W	2865.51163322179	-0.111031800412071	0.0744362910286929	-1.491635314947	0.135794774977025	0.180651549117226	-0.109096578427769	FALSE	down_in_cellobiose
YLR389C	3781.70748261585	-0.10176558723578	0.0682816605000511	-1.49037950293701	0.136124478832278	0.181050345746801	-0.100078882919144	FALSE	down_in_cellobiose
YDL033C	939.941067351549	0.141361623728532	0.0949608291378441	1.48863089141032	0.136584592367662	0.181582461369668	0.137181566735266	FALSE	up_in_cellobiose
YJR105W	9807.59121083903	0.0902263467548232	0.0606073351724541	1.48870341350746	0.136565485745104	0.181582461369668	0.0889963762772958	FALSE	up_in_cellobiose
YDR087C	1833.17841675207	-0.125359810561903	0.0842335876792219	-1.48824019035373	0.136687561698168	0.181679424458848	-0.122315272977492	FALSE	down_in_cellobiose
YNCP0003W	23.3679293490264	0.691112692042149	0.464450364322692	1.48802271487072	0.136744903343938	0.181715711846986	0.446764567544204	FALSE	up_in_cellobiose
YAL064W-B	86.0489974543362	-0.391740558248766	0.26332640508933	-1.48766151315465	0.136840182221867	0.181802385736893	-0.325742696440786	FALSE	down_in_cellobiose
YFL041W-A	179.435720549536	0.254188750159473	0.170982650018954	1.48663475581467	0.137111303113281	0.182104003080222	0.233512000583042	FALSE	up_in_cellobiose
YDR191W	1841.2717870104	0.122235061860982	0.0822260306732866	1.48657378764476	0.137127415114963	0.182104003080222	0.119626929491558	FALSE	up_in_cellobiose
YML015C	2058.46600135817	0.106543658329727	0.0716794535494561	1.48639049342384	0.137175862903757	0.182128357046714	0.104929842639801	FALSE	up_in_cellobiose
YPR051W	1538.31197782438	0.119982222463549	0.0808085080326973	1.48477215313765	0.137604190893543	0.18265695648783	0.117649765678369	FALSE	up_in_cellobiose
YOR122C	13003.6725962552	0.0855598782928942	0.0576808063861835	1.48333360182337	0.137985798981378	0.183123321201921	0.0844840198186963	FALSE	up_in_cellobiose
YKR055W	1041.56129597566	-0.128002655241774	0.0863732245841367	-1.48197147736548	0.138347884464335	0.183563578224339	-0.125099747066866	FALSE	down_in_cellobiose
YNL099C	2131.60052585521	-0.105928964905408	0.0715420472044472	-1.4806532528024	0.138698996953686	0.183989086090537	-0.104121994023535	FALSE	down_in_cellobiose
YJR107W	784.50706406457	-0.154657390393334	0.10480336423673	-1.47569108606088	0.140026840018874	0.185709790676204	-0.149281619657329	FALSE	down_in_cellobiose
YAL038W	193221.48219019	0.0948075940709505	0.0642831024719387	1.47484471696643	0.140254295956341	0.185970678702303	0.0917673015537141	FALSE	up_in_cellobiose
YNL332W	975.234746406657	0.188987168023322	0.128216467337924	1.47396954499793	0.140489791241652	0.186242109844566	0.17954911175772	FALSE	up_in_cellobiose
YOR094W	1008.24770279074	-0.129023501920222	0.08754286235598	-1.47383234278503	0.140526737799878	0.186250271023545	-0.125647058367193	FALSE	down_in_cellobiose
YKL154W	1693.98048412607	-0.11773009401331	0.0799177476500851	-1.47314079131439	0.140713076301466	0.186420865254553	-0.114903640631051	FALSE	down_in_cellobiose
YJL057C	2143.08716995932	0.106346184428894	0.0721908316903192	1.47312590724946	0.14071708889937	0.186420865254553	0.104934651490181	FALSE	up_in_cellobiose
YML088W	2901.28369074143	0.098359688481269	0.0667757225834975	1.47298576003095	0.140754875529307	0.186430094608447	0.0966226160135884	FALSE	up_in_cellobiose
YKL105C	3181.95381396852	0.0967211142114416	0.0657284723703365	1.47152536371882	0.141149093371671	0.186911310377679	0.0951593814485359	FALSE	up_in_cellobiose
YJL046W	1104.39757785915	-0.124453142735774	0.0846560814375565	-1.47010280445797	0.14153391292634	0.18737987290248	-0.121820911311194	FALSE	down_in_cellobiose
YER021W	6910.00367643355	0.0956900901152091	0.0651255278666782	1.46931768923395	0.141746641076771	0.187620444611245	0.0943383037556983	FALSE	up_in_cellobiose
YLL056C	1124.92103788112	-0.130966344741779	0.0892177972723446	-1.46793967959098	0.142120608646575	0.188074286086881	-0.127580002373787	FALSE	down_in_cellobiose
YJR141W	1140.86502609922	0.128265762298549	0.0875283361932849	1.46541986146413	0.142806401886854	0.188940491035342	0.125207336611337	FALSE	up_in_cellobiose
YNCG0024W	176.427683586068	-0.254557960703284	0.173758959501267	-1.46500624447759	0.142919214077075	0.189048398415094	-0.232394175722021	FALSE	down_in_cellobiose
YGL049C	3318.68484165303	-0.0951298837358424	0.0649410990059206	-1.46486408748903	0.142958002550593	0.189058364107682	-0.0931171217825807	FALSE	down_in_cellobiose
YKL042W	1483.42997524773	-0.118088346242053	0.0806586118536827	-1.46405130869682	0.143179929770159	0.189310468891736	-0.116877021616979	FALSE	down_in_cellobiose
YLR195C	3575.44868821643	-0.0943179639113937	0.0645043769877208	-1.46219478919002	0.143687839159314	0.189940502420169	-0.0940241094842949	FALSE	down_in_cellobiose
YOR156C	667.821714275197	0.156608148662758	0.107226363873014	1.46053771671513	0.144142349592988	0.190499688155557	0.150800226403363	FALSE	up_in_cellobiose
YPL181W	4824.72611217563	0.105981837651037	0.0725911929859133	1.4599820348951	0.144295011401626	0.190659791168291	0.10459257215434	FALSE	up_in_cellobiose
YNL246W	2607.13120561182	0.103463483323546	0.0709250083481882	1.45877294530046	0.144627611326586	0.191057528044228	0.102843763583034	FALSE	up_in_cellobiose
YHR083W	2179.255942841	-0.107096851903085	0.0734252502891509	-1.45858340940391	0.14467980263997	0.191084743705061	-0.105173992571314	FALSE	down_in_cellobiose
YOR118W	2649.91900150086	0.106104911546793	0.0727923417109921	1.45763838685204	0.144940242972524	0.191353897841809	0.104899684229163	FALSE	up_in_cellobiose
YPL224C	2681.77336067739	-0.105226578654947	0.0721909575565249	-1.45761439128378	0.144946860623436	0.191353897841809	-0.103346152131454	FALSE	down_in_cellobiose
YHR076W	2189.2198992565	-0.102975395794325	0.0706926113770408	-1.45666419429753	0.145209098114433	0.191658266309013	-0.101272479304601	FALSE	down_in_cellobiose
YKR050W	1383.91374271418	-0.128834179014626	0.0886796891254707	-1.452803683517	0.146278268947077	0.193027323049928	-0.126002439165205	FALSE	down_in_cellobiose
YNCD0030W	17.1390522291128	-0.775337528756382	0.534012656385792	-1.45190852592124	0.146527041576476	0.19331342955204	-0.44990414587585	FALSE	down_in_cellobiose
YNCM0016W	10.5895626078006	0.990066894690795	0.682339999976058	1.45098762306993	0.146783306682469	0.193567085703565	0.457827535359924	FALSE	up_in_cellobiose
YER190W	311.973170977742	0.768045839026605	0.529308924407919	1.45103512072035	0.146770080850404	0.193567085703565	0.433756926563492	FALSE	up_in_cellobiose
YGL263W	614.008383903654	0.218632645109597	0.15073031951333	1.45048883207775	0.146922251257244	0.19370808584461	0.204144641003129	FALSE	up_in_cellobiose
YKR091W	4420.61852241356	-0.0898481530239048	0.0621030770613234	-1.44675847438581	0.147964580812282	0.195039823345716	-0.087902303769314	FALSE	down_in_cellobiose
YPL154C	24038.3294733151	0.0959688975479752	0.066367787043677	1.44601623502705	0.148172648252625	0.195271535790878	0.0967325029383332	FALSE	up_in_cellobiose
YHR113W	3919.0410825448	-0.0959626156792298	0.066376557944285	-1.44573052070248	0.148252800361085	0.195334608883512	-0.0943132370676578	FALSE	down_in_cellobiose
YDL017W	1026.95418083029	0.125911877875557	0.0872213994867604	1.44358928676293	0.148854540257028	0.19607600612054	0.122828593299529	FALSE	up_in_cellobiose
YGL099W	2354.19397235774	0.103347797577029	0.0715954028147483	1.44349767602314	0.148880326684021	0.19607600612054	0.101644421649041	FALSE	up_in_cellobiose
YLR405W	1198.65537524769	-0.120590982312722	0.083581553303072	-1.44279422369014	0.149078446835184	0.196251474408276	-0.118808812728504	FALSE	down_in_cellobiose
YGL211W	2273.5205251915	-0.104664984221153	0.0725380372817651	-1.44289793525285	0.149049224893521	0.196251474408276	-0.104153708613497	FALSE	down_in_cellobiose
YLR050C	1276.99206416089	-0.11684686179777	0.0810145334721216	-1.44229506472414	0.149219151869991	0.196393962067358	-0.114318982651008	FALSE	down_in_cellobiose
YCR095W-A	77.2966888561476	-0.373228754670274	0.258826186571012	-1.4420053844431	0.149300854635564	0.196458749116929	-0.311329735401228	FALSE	down_in_cellobiose
YPR063C	3876.43220635012	-0.097147681398253	0.0674229552302628	-1.44086952383612	0.149621547425706	0.196837916567659	-0.0953549569456112	FALSE	down_in_cellobiose
YMR059W	576.540426066462	0.169932737653646	0.117956678613599	1.44063684778976	0.149687304739792	0.196881606081974	0.162730302091024	FALSE	up_in_cellobiose
YOL153C	2661.98008383335	-0.114972901584622	0.0798868310981273	-1.43919717435527	0.150094665762487	0.19737448547767	-0.112533127485175	FALSE	down_in_cellobiose
YPR158W	1307.15151914979	-0.115538121319224	0.0803860224301442	-1.43729118354658	0.150635272940628	0.198042331236222	-0.11306263209556	FALSE	down_in_cellobiose
YMR219W	3682.3644596703	0.0914277682312859	0.0636388661708894	1.43666557455274	0.150813041201926	0.198232960936648	0.0902156452823753	FALSE	up_in_cellobiose
YGR128C	2159.14008371444	0.109668076510306	0.0764091414041497	1.43527429434445	0.151208949859559	0.19871017547262	0.107362467260227	FALSE	up_in_cellobiose
YJR086W	1346.38091942997	-0.119246323563267	0.0831020260392342	-1.43493882455969	0.151304530961861	0.198792595088683	-0.116788202829934	FALSE	down_in_cellobiose
YBL035C	1590.73670363313	0.118012310070681	0.0823402996275101	1.43322662905701	0.1517930819722	0.199391173257293	0.115963945722695	FALSE	up_in_cellobiose
YLR157W-E	128.483674707844	-2.7404971912031	1.91341843179759	-1.43225190353607	0.152071742334495	0.199713844850491	-0.134574749201159	FALSE	down_in_cellobiose
YGL249W	210.966254787714	-1.23558115692417	0.863040649017869	-1.43166044186939	0.152241022698122	0.199890501406253	-0.347221937091643	FALSE	down_in_cellobiose
YNL183C	2664.60132329609	-0.0971915803699225	0.0678925005714891	-1.4315510483751	0.152272347574808	0.199890501406253	-0.0956570264985609	FALSE	down_in_cellobiose
YHR214W	107.498770211533	-0.870825434943066	0.608732493491118	-1.4305552015941	0.152557734410684	0.200178250639963	-0.418478970437066	FALSE	down_in_cellobiose
YOL159C	1249.36844439175	0.123443292392177	0.0862854986763162	1.43063775820837	0.15253406011723	0.200178250639963	0.12050149612982	FALSE	up_in_cellobiose
YPL149W	1721.17922024763	0.108228027002851	0.075671805023905	1.43022922432816	0.152651240387097	0.200257504467913	0.106505354789508	FALSE	up_in_cellobiose
YOL160W	194.233914951889	-0.237029144688826	0.165795949222091	-1.4296437627153	0.152819288460956	0.200434491739012	-0.218283199103626	FALSE	down_in_cellobiose
YBR087W	1499.19866355287	0.116107347649496	0.0813159766696547	1.42785406269152	0.153333868113569	0.201065807114455	0.113628255436008	FALSE	up_in_cellobiose
YGR283C	1425.7770940799	-0.115813256844694	0.0811181783334994	-1.42771027683282	0.153375266950482	0.201076504070972	-0.113486429316323	FALSE	down_in_cellobiose
YBR058C-A	2806.44537043983	-0.104254607484728	0.073065618137129	-1.42686273164848	0.15361946496925	0.20135301053066	-0.10239744901339	FALSE	down_in_cellobiose
YOR315W	3443.17369702023	-0.15454475914348	0.108355016035844	-1.42628154004754	0.153787090936664	0.201441774161083	-0.150074775947948	FALSE	down_in_cellobiose
YHR101C	899.161332546181	-0.136720536493412	0.0958578556676506	-1.42628411141844	0.153786349001575	0.201441774161083	-0.13233170101065	FALSE	down_in_cellobiose
YDR164C	2428.73345251761	0.103008357753605	0.0722209317580794	1.42629505388624	0.15378319172754	0.201441774161083	0.101272949110936	FALSE	up_in_cellobiose
YOL054W	1669.61756654441	0.113859874516478	0.0798591970235317	1.42575781826265	0.153938260659054	0.201596133086516	0.11154582511004	FALSE	up_in_cellobiose
YGR263C	984.134345094986	-0.12821656264776	0.0900317489893606	-1.42412608981874	0.154409975240567	0.202170116932942	-0.124229321799297	FALSE	down_in_cellobiose
YLR336C	1850.6771097583	0.10486747600715	0.0736498199766134	1.42386601950214	0.154485260044793	0.202224916254264	0.103014608964592	FALSE	up_in_cellobiose
YOR120W	3447.81659435767	-0.0954264864930238	0.0670441888487799	-1.42333717704097	0.154638434650819	0.202381629425098	-0.0943813918089743	FALSE	down_in_cellobiose
YNL047C	1652.94368007322	0.110627620940489	0.0777821706924281	1.42227479582617	0.154946492736395	0.20274093328195	0.108520170099367	FALSE	up_in_cellobiose
YOL038W	8197.4969050424	0.085561320700281	0.0602304425472463	1.42056603076035	0.155442959718861	0.203346553490353	0.0843085375466915	FALSE	up_in_cellobiose
YGR109W-B	3098.71881715013	-0.0963890311423636	0.0680748696323134	-1.41592678271704	0.156796942439553	0.205073449690131	-0.095257370482719	FALSE	down_in_cellobiose
YKL046C	4445.77584334952	-0.0898111166061996	0.0634411285507151	-1.41566076546706	0.156874850841388	0.205130992810107	-0.0876500195079397	FALSE	down_in_cellobiose
YAR019C	1243.25933791855	-0.114813203324481	0.0812666070112967	-1.41279681220752	0.157715475841983	0.206185630725773	-0.112161733623409	FALSE	down_in_cellobiose
YEL041W	1094.27084794823	0.121761191460992	0.0862723752609085	1.41135781984392	0.158139133602213	0.20669481831456	0.119621880909692	FALSE	up_in_cellobiose
YIL129C	3071.20110402856	0.10737752649106	0.076103651916082	1.41093789571968	0.158262926941272	0.206811934557735	0.105627454762403	FALSE	up_in_cellobiose
YOL012C	2933.88643426744	0.0944348638373211	0.0670400594191998	1.40863335527229	0.158943610600572	0.207656565987659	0.0930359936763071	FALSE	up_in_cellobiose
YOR033C	1878.48861805952	-0.105048242070676	0.0746340681880576	-1.40751059966319	0.159276036394795	0.208045939138872	-0.103032208149958	FALSE	down_in_cellobiose
YJR050W	1381.82798230816	-0.118660915128689	0.0843784403619923	-1.40629424553975	0.159636768190648	0.208472109409592	-0.115839427877854	FALSE	down_in_cellobiose
YOL038C-A	39.7734558854739	0.493482922372125	0.351028694140632	1.40581932648053	0.159777781630178	0.208611224062367	0.368617738717783	FALSE	up_in_cellobiose
YDR393W	2081.29532839285	-0.105716857286265	0.0752866474907937	-1.40419132488523	0.160261884438863	0.209198130982021	-0.10331420797845	FALSE	down_in_cellobiose
YLR433C	1609.48362222281	-0.108262263436615	0.0771712981990225	-1.40288249599494	0.160651881352984	0.209661969860669	-0.105892964206176	FALSE	down_in_cellobiose
YLR236C	94.0781744388214	0.329086756730604	0.234634281520607	1.40255189735223	0.160750504497425	0.209745427460079	0.282960890434709	FALSE	up_in_cellobiose
YMR075W	1904.51117725483	0.107217798640444	0.0765546696955107	1.40053897517804	0.161351980578096	0.210484824351284	0.105328724152868	FALSE	up_in_cellobiose
YLR205C	169.610118684388	0.247615288884222	0.176818360597329	1.40039353406357	0.161395505212073	0.210496207638601	0.225571401118201	FALSE	up_in_cellobiose
YPR110C	4488.49149797469	0.0907934733158878	0.0648595185409118	1.39984809259134	0.161558812727458	0.210663776285491	0.0899409053857516	FALSE	up_in_cellobiose
YLR021W	1213.27660847708	-0.116864445318056	0.0835357295771227	-1.39897557499828	0.161820307620884	0.210924568949902	-0.115117461515955	FALSE	down_in_cellobiose
YKL101W	2761.41413135041	-0.114132238631441	0.0815843279442399	-1.39894807627081	0.16182855422326	0.210924568949902	-0.111837494693667	FALSE	down_in_cellobiose
YNCL0011C	51.3998205936093	-2.40652059920689	1.72174418145712	-1.39772251018746	0.162196411870838	0.211312964765604	-0.151058535758198	FALSE	down_in_cellobiose
YKL205W	2077.91916771814	-0.101568748927508	0.0726663005360142	-1.39774211950104	0.162190521108187	0.211312964765604	-0.0998532031288783	FALSE	down_in_cellobiose
YHR182W	1202.06408762141	-0.12198081884284	0.087372287778418	-1.3961042104356	0.162683116108753	0.211901414586961	-0.119100581845187	FALSE	down_in_cellobiose
YLR373C	1734.32940448215	0.111440036400541	0.0798627918314278	1.39539369767796	0.162897150776166	0.212088903323824	0.106837882754566	FALSE	up_in_cellobiose
YAR002C-A	5814.26935784216	0.0849068978053418	0.0608479914647489	1.39539359905628	0.162897180499667	0.212088903323824	0.0838632566883093	FALSE	up_in_cellobiose
YDR315C	725.964687430069	-0.134922566673874	0.0967678753560152	-1.39429088607646	0.163229781981512	0.212476210717918	-0.130967073240112	FALSE	down_in_cellobiose
YML014W	1504.12898449149	-0.109951572855584	0.0788659522973051	-1.3941576770809	0.16326999526051	0.212482831611624	-0.109191626513072	FALSE	down_in_cellobiose
YGR056W	2148.55831715651	0.0990445000122363	0.0710657993296502	1.39370134363511	0.163407810328399	0.212570719285265	0.0972781511784142	FALSE	up_in_cellobiose
YGL197W	3629.79426972496	-0.0953549691156368	0.0684134298737349	-1.39380483176513	0.163376548690068	0.212570719285265	-0.0939706150995178	FALSE	down_in_cellobiose
YLR288C	1406.87658888335	0.122787543991165	0.0884006733961008	1.38898878565083	0.164836160176999	0.214382698970257	0.119726999030676	FALSE	up_in_cellobiose
YJR153W	443.142037674894	-0.162970998043928	0.117471741333982	-1.38732086707209	0.165343942882936	0.214996885317902	-0.155771449527214	FALSE	down_in_cellobiose
YNL146C-A	37.282044727588	0.503058095586061	0.362681877526963	1.38705054417466	0.165426350981866	0.215011602296801	0.369453211493454	FALSE	up_in_cellobiose
YNL107W	1257.32265655351	-0.11364216046169	0.0819304484729273	-1.38705649218119	0.165424537395972	0.215011602296801	-0.110698007938928	FALSE	down_in_cellobiose
YBL011W	3613.63279807942	-0.0897008909247739	0.0647162382603577	-1.38606466222436	0.165727159621183	0.215356302588299	-0.0864221285539331	FALSE	down_in_cellobiose
YNL146W	155.380165504913	-0.261975646054831	0.189526459396359	-1.38226423312725	0.166890583840635	0.216694666355399	-0.235448277328371	FALSE	down_in_cellobiose
YBR095C	1762.135550961	-0.106272152467627	0.0768844377683326	-1.38223228981455	0.166900388584857	0.216694666355399	-0.104177867359817	FALSE	down_in_cellobiose
YDR291W	1849.09546676138	-0.101502156490564	0.073418672644641	-1.3825114624702	0.166814713412781	0.216694666355399	-0.0989280013645306	FALSE	down_in_cellobiose
YDR088C	2025.43577882277	-0.0988912308837498	0.0715375778222814	-1.3823676156526	0.166858854369502	0.216694666355399	-0.0971306186533579	FALSE	down_in_cellobiose
YKL188C	1523.73302978104	0.118792106706226	0.0860197436235008	1.38098652358424	0.167283104315287	0.217144956653041	0.11594170867198	FALSE	up_in_cellobiose
YPL208W	1830.5846751802	-0.101107155308124	0.0733410339064112	-1.37858917338341	0.168021456505874	0.218056595237938	-0.0985538225152094	FALSE	down_in_cellobiose
YLR300W	75128.0936913383	-0.0757489243652857	0.0549703202437424	-1.37799678134327	0.168204281895164	0.218247040150975	-0.0750563388726756	FALSE	down_in_cellobiose
YGL193C	630.89229443597	-0.142824437067715	0.103694613460753	-1.37735637658529	0.168402093026907	0.218456843388326	-0.138510032465083	FALSE	down_in_cellobiose
YCR081W	1253.89816443163	-0.111820427556842	0.0812373801417652	-1.37646521049433	0.16867765094349	0.218767390771263	-0.109350118181601	FALSE	down_in_cellobiose
YCR084C	5319.20064485744	0.0977824937626114	0.0711103319591962	1.37508138506117	0.169106214748983	0.219276204290804	0.0957758839781808	FALSE	up_in_cellobiose
YBL052C	2134.57956144537	-0.098292591619724	0.0715088505302593	-1.37455141413763	0.169270560218766	0.21944226720174	-0.0966127093299781	FALSE	down_in_cellobiose
YKL012W	2794.43471173784	-0.0919767863687036	0.0670178600084131	-1.3724220134328	0.169932101110447	0.220252684726182	-0.0907020583359362	FALSE	down_in_cellobiose
YER038W-A	17.6339038475009	-1.02085864357029	0.746325580328627	-1.36784624630015	0.17136020842267	0.222056105558854	-0.338278979805463	FALSE	down_in_cellobiose
YDR181C	1759.41466564991	-0.105307418207253	0.0771265810046529	-1.36538424023878	0.172132314559586	0.223008860734834	-0.10321946743769	FALSE	down_in_cellobiose
YDR073W	1503.81344884911	0.107225557666158	0.0785771888128683	1.36458887478802	0.172382303384004	0.223284915025662	0.105122101176893	FALSE	up_in_cellobiose
YPL009C	5321.19077706064	-0.0848995071469278	0.0622967970451089	-1.3628229888842	0.172938304108194	0.223909204098986	-0.0844888613938695	FALSE	down_in_cellobiose
YBL056W	5612.67087991463	-0.0823599818338686	0.0604314962055515	-1.36286517801462	0.172925004969619	0.223909204098986	-0.0813731725486716	FALSE	down_in_cellobiose
YJL019W	1115.79192439253	-0.11786385680938	0.0865579034503027	-1.3616764282773	0.173300023417862	0.224329518864679	-0.115332260775301	FALSE	down_in_cellobiose
YPL172C	1710.6924494232	0.114394361630934	0.0840199564812109	1.3615141737965	0.173351257436514	0.224347829746144	0.11231761866134	FALSE	up_in_cellobiose
YCL068C	151.337277727877	-0.270660560257528	0.1991433227486	-1.35912445630534	0.174107154315698	0.225181564348013	-0.240955533427482	FALSE	down_in_cellobiose
YCR052W	3278.06137259299	-0.0941803779269337	0.069289259902696	-1.35923486640199	0.174072176096585	0.225181564348013	-0.0926114919957488	FALSE	down_in_cellobiose
YGR090W	3554.701000893	0.0934031360427804	0.0687183845369986	1.3592161205782	0.174078114454634	0.225181564348013	0.0916334013177485	FALSE	up_in_cellobiose
YLL024C	42397.5212888271	0.076511404211183	0.0563149120780478	1.3586348870641	0.174262314430072	0.2253340615621	0.0755294896386906	FALSE	up_in_cellobiose
YLR376C	725.186143371339	0.139700764941148	0.102900854643803	1.35762492376501	0.174582730232495	0.225651909225718	0.135122850789108	FALSE	up_in_cellobiose
YHR109W	681.058679466873	0.138719750716056	0.102174581323556	1.35767378656314	0.174567218152198	0.225651909225718	0.134178394128304	FALSE	up_in_cellobiose
YER161C	3334.57172648434	-0.0886963394245992	0.0653578777603112	-1.35708720148285	0.174753504590249	0.225824385658281	-0.0872276507307714	FALSE	down_in_cellobiose
YPL239W	2270.018724226	0.0971579448822528	0.0716688904667824	1.35565018865869	0.17521049504843	0.226319818866756	0.0954630011453684	FALSE	up_in_cellobiose
YOR142W	5472.89912025222	0.0814041757402061	0.0600482396113241	1.35564633146805	0.17521172288858	0.226319818866756	0.0802958704822255	FALSE	up_in_cellobiose
YMR084W	245.169478159882	0.209288276803014	0.154750305948605	1.35242560924256	0.17623920158226	0.227598405288448	0.194654724000988	FALSE	up_in_cellobiose
YNCO0027C	431.642711971479	0.159812218549977	0.118248982793032	1.35148916105005	0.176538789670505	0.227936635798695	0.152709684794369	FALSE	up_in_cellobiose
YDR110W	1798.21209059465	0.107778484418997	0.0797549794607397	1.3513699727307	0.176576947557339	0.227937250485348	0.105662327102062	FALSE	up_in_cellobiose
YMR156C	532.827146675687	0.150906964066243	0.1117951085412	1.34985301267121	0.177063136186602	0.228516089351985	0.145243321840957	FALSE	up_in_cellobiose
YGL143C	1235.81766817585	-0.111038982713161	0.0823237166563115	-1.34880915516402	0.177398273309233	0.228899777143249	-0.108512687608475	FALSE	down_in_cellobiose
YBR142W	1550.92776563461	-0.106353876309862	0.078871295344629	-1.34844845447443	0.177514188327897	0.229000495883013	-0.104103716129735	FALSE	down_in_cellobiose
YDR244W	2163.09046439622	0.0990501241890976	0.0735137187105846	1.34736925197659	0.177861338399035	0.229399410655813	0.0978384162882771	FALSE	up_in_cellobiose
YGL235W	12.0048295621845	0.906582780624349	0.673424670500364	1.34622745547879	0.178229173214002	0.229824828132914	0.404389786955772	FALSE	up_in_cellobiose
YMR182W-A	16.4996844169095	-0.725416350443451	0.540033496466404	-1.34328028759338	0.179181232589207	0.231003255740007	-0.408994573671793	FALSE	down_in_cellobiose
YLR332W	1622.36306046378	-0.102831275988305	0.0765675094533937	-1.34301450735966	0.17926727634562	0.231064938123727	-0.100708435045787	FALSE	down_in_cellobiose
YDR412W	2249.16841306508	0.0963795100267936	0.0718384225698531	1.34161506585251	0.179720838689196	0.231600203074339	0.0946344669775744	FALSE	up_in_cellobiose
YNL139C	1725.43658003191	-0.107434978535681	0.0801496001565435	-1.34043062380655	0.18010538516471	0.232046320524245	-0.105262096839561	FALSE	down_in_cellobiose
YML111W	2727.32099043484	-0.0896950069626208	0.0669417891584807	-1.33989557330584	0.180279297478382	0.232220926415403	-0.0883196688867165	FALSE	down_in_cellobiose
YDR449C	1678.43223551642	0.101711055669303	0.0759552428346318	1.33909196881571	0.180540734679978	0.232508176299593	0.099918423837923	FALSE	up_in_cellobiose
YDL088C	2709.94771766933	-0.0922751023470379	0.0689310220580967	-1.3386585544788	0.180681854503131	0.232640386949646	-0.0911495936304179	FALSE	down_in_cellobiose
YKL019W	2654.85768208681	0.0994802398028374	0.0743583318768623	1.33784926708115	0.180945577951106	0.232930368381835	0.0948879055439382	FALSE	up_in_cellobiose
YAR050W	785.962049659961	0.12547033815564	0.093809028863315	1.33750812342868	0.181056832428017	0.233023995607888	0.122026673809728	FALSE	up_in_cellobiose
YNL023C	2754.05894107478	0.0925093047887208	0.069200294540987	1.33683397451333	0.181276836594414	0.233257516392174	0.0910837595476866	FALSE	up_in_cellobiose
YOR070C	2747.65849426139	-0.0891972894994437	0.0669778875356938	-1.33174235230857	0.182944866983768	0.235353785704979	-0.0878166663863734	FALSE	down_in_cellobiose
YGR121W-A	14.4911885524454	-0.789369961187931	0.59310696613422	-1.33090657547478	0.183219753374577	0.235657301331664	-0.405362079827874	FALSE	down_in_cellobiose
YLL049W	1606.34598889917	-0.104293818759932	0.0783733037401914	-1.33073143255091	0.183277396522667	0.235681328989288	-0.101920686331043	FALSE	down_in_cellobiose
YFR044C	7178.25268508024	0.0831350438688863	0.0626084373772768	1.32785687283515	0.184225394376539	0.236850034130432	0.0825209626106164	FALSE	up_in_cellobiose
YPR084W	1455.21753680717	0.105787862646949	0.0797576268726759	1.32636672873714	0.184718253784208	0.237397619553021	0.103798849773074	FALSE	up_in_cellobiose
YDR303C	2376.75245783423	0.0927662771090136	0.0699419817314975	1.32633183693789	0.184729805792044	0.237397619553021	0.0884484616209808	FALSE	up_in_cellobiose
YER186C	2649.24535994223	0.0900721393380861	0.0679553022744906	1.32546153608823	0.185018118769026	0.237717629658844	0.0887162294739101	FALSE	up_in_cellobiose
YLR445W	60.1875845508652	0.390611682757995	0.2951250896205	1.32354617243922	0.185653812130678	0.238483735310782	0.311698581250989	FALSE	up_in_cellobiose
YBR111W-A	1177.35677131534	0.114236998438631	0.0863564194770549	1.32285473541412	0.185883690656001	0.238728332224661	0.111463521665301	FALSE	up_in_cellobiose
YGR253C	6384.65815367886	-0.0814180437608601	0.0615745610978223	-1.32226754538311	0.186079075890857	0.238928535356356	-0.0804773441941469	FALSE	down_in_cellobiose
YPL045W	2766.08907353782	-0.0882456134338884	0.0667638361997776	-1.32175768285439	0.186248853791719	0.23909578026021	-0.0866290842394492	FALSE	down_in_cellobiose
YJL138C	24647.542083969	-0.0716832117772837	0.0542493115768528	-1.32136629375901	0.186379259158075	0.239212420676256	-0.070845450950639	FALSE	down_in_cellobiose
YIL012W	145.303508524923	-0.285832523032821	0.216335975144235	-1.32124360195872	0.186420152235287	0.239214149527206	-0.249937302225948	FALSE	down_in_cellobiose
YHL001W	10026.2074995376	0.0887829284170262	0.0672198503091036	1.32078438152967	0.186573268878225	0.239359852268162	0.0877963618044925	FALSE	up_in_cellobiose
YBR233W-A	590.413895936236	0.139717614541696	0.105850758712571	1.31994910798029	0.18685201008411	0.239615817044473	0.134386409856795	FALSE	up_in_cellobiose
YEL020C	2032.61524052661	-0.0942073963281788	0.0713716303861082	-1.3199557838112	0.186849781057271	0.239615817044473	-0.0925633692400147	FALSE	down_in_cellobiose
YEL004W	857.824487402479	-0.121930228096454	0.0923843357853498	-1.31981495629035	0.186896806831449	0.239622463866773	-0.118470245504769	FALSE	down_in_cellobiose
YLL060C	1462.24262536956	0.102418691472171	0.0778159130766434	1.31616641664662	0.188118192882535	0.241137306367123	0.100455602743764	FALSE	up_in_cellobiose
YGR126W	168.973766604001	-0.236370314353995	0.180062862214049	-1.3127099694384	0.18928069696591	0.242524663407496	-0.214380414334659	FALSE	down_in_cellobiose
YNCL0003W	547.865390185552	-0.161768519613956	0.123224797558188	-1.31279192840684	0.189253070620599	0.242524663407496	-0.154103244643579	FALSE	down_in_cellobiose
YIL111W	11299.1971248443	-0.0744780003281116	0.0567582865312929	-1.31219606650827	0.189453988715664	0.242695293888405	-0.0741494387090861	FALSE	down_in_cellobiose
YER078W-A	16.0648189722547	-0.718633805644221	0.547909971652269	-1.31159103287922	0.189658160221838	0.242905401478277	-0.397573692755647	FALSE	down_in_cellobiose
YLR330W	6775.67177029686	0.0791744465504599	0.0603898976620557	1.31105449115882	0.189839354404024	0.243085998050369	0.0784742626306627	FALSE	up_in_cellobiose
YOL155W-A	78.4282321113574	0.33444251960309	0.2553455532846	1.30976441649771	0.190275544261397	0.243592966611046	0.279751840327311	FALSE	up_in_cellobiose
YIL174W	58.1564347718651	-0.397208620669481	0.303405316829355	-1.30916829283148	0.190477350037447	0.243799722889656	-0.312778405656363	FALSE	down_in_cellobiose
YMR306W	625.852211784921	-0.136988032144492	0.104716350328965	-1.30818188099707	0.190811626166146	0.244175910023063	-0.132216768143683	FALSE	down_in_cellobiose
YOL136C	2325.29998358334	0.112426256424776	0.0859667450899081	1.30778775335969	0.190945309165458	0.244295299310883	0.110302351919214	FALSE	up_in_cellobiose
YHL024W	1188.34292399955	-0.12004022484016	0.0918245707185208	-1.30727782227408	0.19111837347377	0.244465011872031	-0.116181208374985	FALSE	down_in_cellobiose
YGL055W	54703.8227229705	0.67522415600285	0.516705726071321	1.30678667166473	0.191285173029751	0.244626640942276	0.390231456991806	FALSE	up_in_cellobiose
YJL087C	1204.22779531188	-0.106772728036278	0.0819858488625202	-1.30233118907291	0.19280319417331	0.246515857441207	-0.104239229132023	FALSE	down_in_cellobiose
YDR069C	1668.92549790656	0.099751585822216	0.0769127239346568	1.29694517004706	0.194650053080785	0.248772062346433	0.0980025526183251	FALSE	up_in_cellobiose
YCL029C	1956.6261082442	0.093811264731166	0.0723286187886435	1.29701446401594	0.194626210139803	0.248772062346433	0.0921517771265283	FALSE	up_in_cellobiose
YHR090C	1801.79475705359	0.099198853154734	0.0765307433153506	1.29619612795315	0.194907923219898	0.249049013003203	0.0974555707331152	FALSE	up_in_cellobiose
YOR039W	2143.39074140413	-0.0927729843933529	0.0718317851023141	-1.2915310995155	0.196519578319873	0.251055317688893	-0.0911714214358367	FALSE	down_in_cellobiose
YOR105W	128.585238459506	0.259244864571162	0.200803841431723	1.29103538419762	0.196691408086003	0.251195530648235	0.23052992664567	FALSE	up_in_cellobiose
YLR281C	711.538166304215	-0.138553631340208	0.107324807868734	-1.29097488354853	0.196712386953329	0.251195530648235	-0.132397357682128	FALSE	down_in_cellobiose
YDR373W	2560.18542114858	0.0971426440719157	0.0753207635994688	1.2897193208036	0.197148128821433	0.251698824660373	0.0953320343874932	FALSE	up_in_cellobiose
YER113C	1488.74945478455	-0.100657178920447	0.0782591575190465	-1.28620320115189	0.198372154167854	0.253208094653164	-0.0999920595904183	FALSE	down_in_cellobiose
YOR296W	1248.45518473806	-0.105575212962624	0.0821232402562716	-1.28557047473004	0.198593006503568	0.253436518215208	-0.103031420149775	FALSE	down_in_cellobiose
YLR033W	2779.25470277248	-0.0872895795652493	0.0679334063460902	-1.28492864203729	0.198817220987529	0.253669135151563	-0.0864966992074333	FALSE	down_in_cellobiose
YBL008W-A	11.6370691062476	-0.907442601655473	0.708044643014716	-1.28161777736466	0.199976760858048	0.255094775712849	-0.367643975546599	FALSE	down_in_cellobiose
YGR204C-A	49.9544020233834	-0.40450716607251	0.31567784409367	-1.28139232334748	0.200055899183378	0.255141921602415	-0.312908223406045	FALSE	down_in_cellobiose
YPR055W	1530.62771589543	-0.0981878946653221	0.0766378741985809	-1.28119282655077	0.200125945136281	0.255177454074486	-0.0962432260029354	FALSE	down_in_cellobiose
YMR154C	634.232363469236	-0.135168001416408	0.105672022189908	-1.27912761216485	0.200852121554874	0.256049416920007	-0.130692729343162	FALSE	down_in_cellobiose
YGR097W	3594.53011065112	0.0869511014487681	0.0680350572127434	1.27803378156756	0.201237515291297	0.256474744506025	0.0849435915822152	FALSE	up_in_cellobiose
YNL287W	6236.33256175635	0.0776903381392374	0.0607934128794465	1.27794006717961	0.201270559128798	0.256474744506025	0.0765061361644505	FALSE	up_in_cellobiose
YMR102C	2316.68408053513	-0.107164658180275	0.0839141272648684	-1.27707528723999	0.201575668651778	0.256755363165847	-0.104341285935133	FALSE	down_in_cellobiose
YDL056W	2882.26937172692	0.0920523206519063	0.072076676315404	1.27714436011297	0.201551286144165	0.256755363165847	0.0907829513384006	FALSE	up_in_cellobiose
YDR201W	608.302858581084	0.14178680709389	0.111052777834257	1.27675155776385	0.201689972806871	0.256846872738688	0.136413236459643	FALSE	up_in_cellobiose
YIL010W	1403.25428585838	0.10007036448655	0.0785336117134315	1.27423611754551	0.202579748723548	0.257925678810512	0.0979374191549073	FALSE	up_in_cellobiose
YNL323W	1767.77094111391	-0.0977661267018848	0.0767501121525926	-1.27382389367078	0.202725835238038	0.25805736055448	-0.0957860922687748	FALSE	down_in_cellobiose
YLR255C	23.4582555470837	0.587154137899575	0.461337404811649	1.27272172552168	0.203116805467826	0.258500643020173	0.370189219996923	FALSE	up_in_cellobiose
YOR114W	469.992600083232	-0.159626406878493	0.125605958139232	-1.27085059692431	0.20378180462503	0.259292414004376	-0.15171324210336	FALSE	down_in_cellobiose
YDR317W	962.245477170907	0.116808526317821	0.091992144867255	1.26976630979064	0.204167884749573	0.259729029411181	0.11374545952066	FALSE	up_in_cellobiose
YHR167W	886.624205712661	0.118227534139039	0.0931475410916777	1.26925018903802	0.204351845755583	0.259908392551623	0.115884263495052	FALSE	up_in_cellobiose
YMR119W	2806.44178438879	-0.0911235296679763	0.0718170787508941	-1.2688281290868	0.204502370250328	0.260045162422584	-0.089541262035875	FALSE	down_in_cellobiose
YOR197W	3895.88838972894	0.0809701544037403	0.0638439874315888	1.2682502716564	0.204708589512543	0.260252681370613	0.0798378905815487	FALSE	up_in_cellobiose
YFL034W	2043.9126565846	-0.0963971871048061	0.0760477833582084	-1.26758707286373	0.204945450770944	0.260447068724671	-0.0939292236436381	FALSE	down_in_cellobiose
YLR403W	2647.76497925526	0.0907272484921907	0.0715751063252041	1.26758105087498	0.20494760243502	0.260447068724671	0.089335494202713	FALSE	up_in_cellobiose
YIL076W	4815.60773553132	-0.0794284538356659	0.062829901417301	-1.26418237246819	0.206164576295975	0.261938567950925	-0.0780774003752211	FALSE	down_in_cellobiose
YLR290C	2552.37679527	0.101245660356422	0.0801156493759272	1.26374386458938	0.206321975463793	0.262083500541891	0.0988169274191203	FALSE	up_in_cellobiose
YGR026W	4219.17818482661	-0.0841982044869841	0.0666658033860125	-1.26298942201978	0.206592981252702	0.262372652445433	-0.0823495058068223	FALSE	down_in_cellobiose
YLR098C	1332.88921665346	-0.111505163395459	0.0883146436506959	-1.26258974487274	0.20673665527136	0.262500005822094	-0.10754836228235	FALSE	down_in_cellobiose
YGL216W	1390.51204859781	0.100556624818454	0.0797218704300823	1.26134302012701	0.207185287875226	0.263014439949054	0.0983937710958572	FALSE	up_in_cellobiose
YLR066W	2367.9676251941	-0.0895038942894625	0.0710827370930867	-1.25915092678905	0.207975822752674	0.263962600048453	-0.0870722959728585	FALSE	down_in_cellobiose
YDR376W	1854.19298528765	-0.0950780367795975	0.0756138417174861	-1.25741576700778	0.208603122825426	0.26470322843948	-0.0932741940383014	FALSE	down_in_cellobiose
YJL007C	15.4133178919687	-0.702012405818521	0.558904998804381	-1.25604961007734	0.209097983908984	0.26527552530735	-0.378329352048157	FALSE	down_in_cellobiose
YJR096W	3570.92120495813	0.0949436894983532	0.0757544461910873	1.25330847589938	0.210093464995128	0.266482568621416	0.093185188478518	FALSE	up_in_cellobiose
YOL009C	859.48828392712	0.114018959291202	0.0910237082763008	1.25262924847118	0.210340665357328	0.266740185481441	0.111234497090692	FALSE	up_in_cellobiose
YPR015C	1826.41989568999	-0.105927958048439	0.0846371536403834	-1.25155388020867	0.210732468874974	0.26718103211585	-0.103437600516718	FALSE	down_in_cellobiose
YDR369C	949.118254820444	-0.119584147548918	0.095613422812613	-1.25070459806971	0.211042272282826	0.267517750427245	-0.115448816653165	FALSE	down_in_cellobiose
YJR067C	568.136745288839	-0.134576908853757	0.107640189226756	-1.25024779146622	0.211209043582303	0.267673057747611	-0.12973405746681	FALSE	down_in_cellobiose
YGR255C	4562.28202395817	0.0843547072649422	0.0675996127364985	1.24785784785121	0.212083119610026	0.268724505764778	0.0830103606567388	FALSE	up_in_cellobiose
YGL198W	3260.03764542256	0.0875064980739331	0.0701381012332012	1.24763140911078	0.212166070584664	0.268773311197201	0.0868688760154271	FALSE	up_in_cellobiose
YDR308C	906.885465501732	-0.112051196214097	0.0900143610300081	-1.2448146599268	0.213199886111309	0.270026405169035	-0.109106832733417	FALSE	down_in_cellobiose
YMR086W	3340.35044258467	-0.0834201332417055	0.0671262378054728	-1.24273512070572	0.21396545742995	0.270939303327144	-0.0817564043057697	FALSE	down_in_cellobiose
YOR058C	1832.91489494084	-0.0916475356774514	0.0737778553834974	-1.24220926728037	0.214159361313773	0.271128082165553	-0.0894566077378898	FALSE	down_in_cellobiose
YIL093C	1507.20068364989	0.0987561172639471	0.0795263393726544	1.24180388589475	0.214308928664781	0.271260663212652	0.0967513831887573	FALSE	up_in_cellobiose
YOR393W	1270.53179978161	0.100282715382804	0.0808983926624322	1.2396131997487	0.215118496034511	0.272228406383422	0.0975922759008878	FALSE	up_in_cellobiose
YKR074W	1910.90526481735	-0.0950780179176178	0.076765731956264	-1.23854766306126	0.215513060444941	0.272670676141278	-0.0933864810174868	FALSE	down_in_cellobiose
YNL219C	3022.13664365964	0.0834135866068674	0.0673989814410172	1.23760900867419	0.21586107246884	0.27305387439649	0.0815521336198924	FALSE	up_in_cellobiose
YLR296W	23.7721870341893	0.644575712373221	0.521169510278364	1.23678707150183	0.216166143038743	0.273382604900974	0.359940245680311	FALSE	up_in_cellobiose
YDL044C	1172.46110042985	0.117941434388993	0.0954415188161265	1.23574557333076	0.216553151658443	0.273814802337358	0.114894068354695	FALSE	up_in_cellobiose
YNCJ0003C	26.3876579933039	0.567049363825221	0.45895721779219	1.23551682344818	0.216638219205329	0.273865117653716	0.355231145794228	FALSE	up_in_cellobiose
YGR206W	852.452269303664	0.11393041023099	0.0923313810549671	1.23392944987105	0.217229194480805	0.274497471780737	0.111144383316281	FALSE	up_in_cellobiose
YPL165C	1318.74931342546	0.0997369284363612	0.0808224958148426	1.23402435709051	0.217193828197211	0.274497471780737	0.0972706258169626	FALSE	up_in_cellobiose
YNR010W	487.605211858263	0.146695286895864	0.11910683904872	1.23162773915828	0.218088174055883	0.275525347715964	0.140143448023922	FALSE	up_in_cellobiose
YHR086W-A	11.6469075676003	-0.795570056863622	0.646173922172798	-1.23120112026259	0.218247652537427	0.275669252495071	-0.3681025307284	FALSE	down_in_cellobiose
YGL174W	721.767207985519	-0.126292856867522	0.102667289057257	-1.23011777195256	0.218653005884068	0.276123597618523	-0.122025618111786	FALSE	down_in_cellobiose
YNR038W	1863.35156839469	-0.0894949239567004	0.072832735736284	-1.22877334006438	0.219156799812911	0.276673316531431	-0.0878359672119311	FALSE	down_in_cellobiose
YLR231C	5326.65030288938	0.0798300376625065	0.0649705012315493	1.22871204853413	0.219179787207574	0.276673316531431	0.0801690478935668	FALSE	up_in_cellobiose
YPR186C	1167.50779389427	-0.102073615792792	0.0831378423294717	-1.2277635903549	0.219535727248673	0.277064805784941	-0.0998103341265631	FALSE	down_in_cellobiose
YER043C	18974.7773872824	0.105249986973519	0.0861115061318733	1.22225230635655	0.221612229089864	0.279627111757319	0.102266404975714	FALSE	up_in_cellobiose
YDR504C	251.930796399802	0.191703939806309	0.156867768731669	1.22207347855013	0.221679841459407	0.279642052063099	0.177783065162243	FALSE	up_in_cellobiose
YML027W	3671.89842166839	0.084905359915862	0.0694819930006059	1.22197646108282	0.221716528631943	0.279642052063099	0.0830977982666677	FALSE	up_in_cellobiose
YOR268C	16.8972803474406	0.664867047880307	0.544424900860492	1.22122821132804	0.221999625560839	0.279940741091832	0.364778887398011	FALSE	up_in_cellobiose
YGR020C	5571.05889053838	-0.0753556838573655	0.0617158925614957	-1.22100938234473	0.222082467431426	0.279986837326531	-0.0743814172028363	FALSE	down_in_cellobiose
YDR416W	1409.71854818849	-0.0966375683188609	0.0791673626540386	-1.22067434204127	0.222209346200563	0.280088421580997	-0.0945919647841671	FALSE	down_in_cellobiose
YOL097W-A	52.9232046232444	0.377550354975183	0.309330438661093	1.22054058633665	0.222260013584722	0.280093921286247	0.294529854065885	FALSE	up_in_cellobiose
YAR031W	499.909234361785	-0.152965715133504	0.125533089380265	-1.21852904193364	0.223022995412188	0.280996896323334	-0.145423913552427	FALSE	down_in_cellobiose
YBR125C	2209.05444475986	0.0953690596088434	0.0783268012563837	1.21757888844045	0.223384041088611	0.281393182953979	0.0934682337769195	FALSE	up_in_cellobiose
YPR141C	1317.80845650681	0.0988337319449837	0.0812962027339122	1.21572384221282	0.224090138595096	0.282223870156513	0.0968561463096541	FALSE	up_in_cellobiose
YJR155W	5065.23647157815	0.108795818880442	0.0895335566851673	1.21514014307516	0.224312645217459	0.282445293697004	0.108972052091611	FALSE	up_in_cellobiose
YJL112W	1940.90880894125	-0.0888462049089712	0.0732666894577607	-1.2126411820503	0.225267036593419	0.283587992581393	-0.0871393226196379	FALSE	down_in_cellobiose
YPL257W-B	710.963583253319	-2.79177335051583	2.30347505070578	-1.21198332478593	0.225518763838433	0.283845818239425	-0.0927201335377085	FALSE	down_in_cellobiose
YBR045C	1038.31599980727	0.127250388674605	0.105128622967835	1.21042571549271	0.226115579278613	0.284480858659775	0.123520025046979	FALSE	up_in_cellobiose
YLR435W	1251.95523372363	-0.100688923022292	0.083185039807498	-1.21042104752609	0.22611736955467	0.284480858659775	-0.09956409488683	FALSE	down_in_cellobiose
YKL151C	8099.2484242192	-0.0905506115188265	0.0751018036050705	-1.20570488553104	0.227931300602322	0.286703355654698	-0.0886045250527657	FALSE	down_in_cellobiose
YOR314W	60.6710765495607	0.357303774637018	0.296417092090266	1.20540881133875	0.228045521590434	0.286787392952294	0.283011249779478	FALSE	up_in_cellobiose
YFR013W	2463.88272534936	-0.0825100646793707	0.068462798252272	-1.20518101488253	0.228133429802809	0.286838311552108	-0.080473619813752	FALSE	down_in_cellobiose
YJL098W	3172.11778147051	-0.079172417155559	0.0657477225663243	-1.20418493698686	0.228518106638034	0.287262266636216	-0.0779279134206804	FALSE	down_in_cellobiose
YER045C	3861.6417854656	0.0897444505475782	0.0748373797970196	1.19919284709046	0.230452967950607	0.289634324357619	0.0883040676812771	FALSE	up_in_cellobiose
YIR002C	2634.1087159515	0.08365519080643	0.0699237935800555	1.196376605492	0.231549626522974	0.290952158462291	0.0823492402782324	FALSE	up_in_cellobiose
YPL125W	2340.26555926448	-0.0853975866722423	0.0714213798031191	-1.19568659843383	0.231818883084724	0.291229994554413	-0.0838242232390985	FALSE	down_in_cellobiose
YER157W	2399.90305141823	0.0832116522060755	0.0696364260562291	1.19494432610434	0.23210878287913	0.291533643612097	0.0794159293282417	FALSE	up_in_cellobiose
YNR035C	8122.0481682454	-0.074428530607812	0.0624322790789739	-1.19214822373637	0.233203131004243	0.292847361312988	-0.0733838044204372	FALSE	down_in_cellobiose
YDR331W	1742.42806764792	-0.0895662839197794	0.0752513166017529	-1.19022879551443	0.233956478270553	0.293732407027516	-0.0878085432135592	FALSE	down_in_cellobiose
YEL023C	1923.49269730793	-0.0871986932801168	0.0735075041388223	-1.18625566602613	0.235521348949272	0.29563574181244	-0.0854994044425342	FALSE	down_in_cellobiose
YBR112C	4117.75421856437	-0.0854264225815097	0.0721375041320067	-1.18421649888504	0.23632737266916	0.296585949642271	-0.083740738528127	FALSE	down_in_cellobiose
YLR331C	54.7611642657146	-0.423843699312893	0.358143532288809	-1.18344647076051	0.236632249299651	0.296845391126834	-0.304680027635319	FALSE	down_in_cellobiose
YPL039W	1723.25871386866	-0.088108316324055	0.0744472686929989	-1.18349964842083	0.236611185776258	0.296845391126834	-0.0862705785956101	FALSE	down_in_cellobiose
YMR126C	1200.66305509396	0.0974036815142101	0.0825031017513036	1.18060629778287	0.237759160627595	0.298197213899299	0.0949197604947292	FALSE	up_in_cellobiose
YPR181C	7507.77787265887	0.0765418178236093	0.0648600009603639	1.18010818208874	0.237957190801403	0.298383716243302	0.0753750887464116	FALSE	up_in_cellobiose
YHR214C-E	80.8974008437288	0.31546904166757	0.267441850554382	1.17957993864323	0.238167325741662	0.298523446624806	0.258954512719851	FALSE	up_in_cellobiose
YMR039C	3299.27300586837	0.0789732866816765	0.0669485867041621	1.17961096073096	0.238154981553069	0.298523446624806	0.0778343051600159	FALSE	up_in_cellobiose
YLR292C	2372.30016106997	-0.0818789377373947	0.0695187841536915	-1.17779588256862	0.238877990526247	0.299352178308114	-0.0800321335225209	FALSE	down_in_cellobiose
YML041C	1479.11662451014	-0.0959387680048837	0.081512238757337	-1.17698605102106	0.239201073822668	0.299694965938964	-0.0937691344980989	FALSE	down_in_cellobiose
YDR079W	912.962420464048	0.105681838225783	0.0898724650853514	1.17590897418266	0.239631252353464	0.300109616042671	0.103475272845324	FALSE	up_in_cellobiose
YOR005C	1464.92256645884	-0.100785044226971	0.0857012039336862	-1.17600499877407	0.239592878529882	0.300109616042671	-0.0978296460751172	FALSE	down_in_cellobiose
YDR320C	1315.20025656896	0.0948240345374451	0.0807513069256476	1.17427244397116	0.24028591702808	0.300867214262649	0.092905320903337	FALSE	up_in_cellobiose
YLR187W	949.350551367231	-0.10454177347574	0.0891230809774577	-1.17300448244358	0.240794008170137	0.301441008986167	-0.100156441650487	FALSE	down_in_cellobiose
YDR211W	4265.49304657227	-0.0729109456496791	0.0622164705949581	-1.17189138105156	0.241240667882782	0.301937678465332	-0.0769255044568635	FALSE	down_in_cellobiose
YCR008W	2534.15918060096	0.0810549000297422	0.0692613376221499	1.17027627262891	0.241889807221455	0.302687514249603	0.080194717481885	FALSE	up_in_cellobiose
YDR394W	7205.99642193726	0.0724350092947032	0.0619205171497973	1.1698062714733	0.242078939284068	0.302861531278041	0.0719650094113865	FALSE	up_in_cellobiose
YIL176C	631.355489235199	0.144047853536036	0.123152288406889	1.16967256881261	0.242132761260979	0.302866226812999	0.137326339383887	FALSE	up_in_cellobiose
YHR127W	990.638302958161	-0.107940829402139	0.0924754465735105	-1.16723771986691	0.243114382003384	0.304031196348661	-0.104871787965597	FALSE	down_in_cellobiose
YDL099W	5053.12609499008	0.079655966645312	0.0683037521745619	1.16620191584406	0.243532818163851	0.304491528952694	0.0780761981121335	FALSE	up_in_cellobiose
YDL001W	1275.60184335441	-0.093882050642446	0.0805226900340408	-1.1659080267035	0.243651633343542	0.304577129591876	-0.0916719337595284	FALSE	down_in_cellobiose
YJL029C	1811.82436927257	-0.0887173629236227	0.0761028391957661	-1.16575628269804	0.243712997216132	0.30459089259512	-0.0869560687992647	FALSE	down_in_cellobiose
YNL053W	1580.64321567871	-0.0925776896017107	0.0794329430753383	-1.16548230516783	0.243823818691411	0.304666448928806	-0.0906014279079325	FALSE	down_in_cellobiose
YIL069C	11999.456595593	0.0797000184458736	0.0683919109114741	1.1653427632551	0.243880275758009	0.304674057839776	0.0784953471824593	FALSE	up_in_cellobiose
YBR066C	11866.6332263001	-0.0674914122395925	0.0579346774807953	-1.16495707190163	0.244036369842561	0.304806112157268	-0.0663313340600585	FALSE	down_in_cellobiose
YGR013W	1974.94105641923	-0.0858304048169319	0.073723375182501	-1.16422240035077	0.244333894635276	0.30511472515458	-0.0842004932683849	FALSE	down_in_cellobiose
YCR073C	2715.56285823155	-0.094054700666477	0.080839002811646	-1.16348170307869	0.244634117433102	0.305363552693528	-0.09208591310734	FALSE	down_in_cellobiose
YEL022W	2172.46072697121	0.0877422699544307	0.0754080691661403	1.1635660602994	0.244599912319778	0.305363552693528	0.0862616231970925	FALSE	up_in_cellobiose
YDR325W	1299.6614186949	-0.095337214876292	0.0819768932070531	-1.16297667728751	0.24483896519457	0.305556199806469	-0.0933885430638286	FALSE	down_in_cellobiose
YGR279C	14249.8573468644	0.0747547185071138	0.0643162992803836	1.16229819413621	0.245114359909983	0.305836791067551	0.0740656543404578	FALSE	up_in_cellobiose
YBR097W	1015.30665398001	0.100337120729103	0.0864421918050522	1.16074244109158	0.245746656731954	0.306562492590553	0.0986610967086421	FALSE	up_in_cellobiose
YOR266W	1293.39381038845	0.0968233787774929	0.083547841286983	1.1588974327285	0.246497995502448	0.307436365936971	0.0939739704696159	FALSE	up_in_cellobiose
YIL134C-A	14.8636159408647	0.668552787184817	0.577615778567764	1.15743511862252	0.247094632915596	0.308116972687372	0.34357359699903	FALSE	up_in_cellobiose
YBR059C	4611.62032947345	0.0722893490117371	0.0625527580033898	1.15565406417124	0.247822684462798	0.30896113320599	0.0726604107027966	FALSE	up_in_cellobiose
YPL175W	1721.70091242549	-0.0881252594257557	0.0762956778912258	-1.15504917003811	0.248070291615624	0.309206098080138	-0.086364893406082	FALSE	down_in_cellobiose
YPL046C	395.79443025655	-0.142642217121027	0.123615579875545	-1.15391779308594	0.248533873633243	0.30966081833266	-0.13567982110585	FALSE	down_in_cellobiose
YGR149W	1297.07751970291	-0.0969447001573828	0.0840141660052505	-1.15390897472367	0.248537489337918	0.30966081833266	-0.0943815798710787	FALSE	down_in_cellobiose
YJL028W	35.3124409649613	0.441764521985253	0.382974373427097	1.15350935372533	0.248701380543246	0.309801204881816	0.309170423910939	FALSE	up_in_cellobiose
YDR485C	3222.64653519869	0.0759457278657927	0.0658507404534944	1.15330104631743	0.248786840829645	0.309843854267762	0.0751788882588629	FALSE	up_in_cellobiose
YML050W	691.536684510933	0.115248354306519	0.0999880207723695	1.15262161823255	0.249065726002274	0.310127331533091	0.111642416165486	FALSE	up_in_cellobiose
YBR148W	902.408700321158	-0.111238227031405	0.0965815935357555	-1.15175390008681	0.249422216393532	0.310507303347288	-0.107723982445541	FALSE	down_in_cellobiose
YMR085W	689.683292044167	0.115779231998383	0.100577049527885	1.15114961655624	0.249670688747001	0.310752674121525	0.112585646898554	FALSE	up_in_cellobiose
YKR104W	246.387327655812	-0.170778005525145	0.148417595772417	-1.15065875199201	0.249872652185413	0.310940068518734	-0.15876099774093	FALSE	down_in_cellobiose
YGL178W	1848.74674506263	-0.0882358177281489	0.0766946678777348	-1.15048177624047	0.24994549583864	0.310966742971603	-0.0865391738240203	FALSE	down_in_cellobiose
YBR152W	552.857448183348	-0.123608732978758	0.107497184581575	-1.14987879412746	0.250193796123805	0.311147671207421	-0.118962696281373	FALSE	down_in_cellobiose
YER083C	3086.65943865567	-0.075347067945658	0.0655232538587494	-1.14992866666979	0.250173252719105	0.311147671207421	-0.072691158330303	FALSE	down_in_cellobiose
YGL126W	3564.19016845266	-0.0810171896658438	0.0705161788879725	-1.14891633300996	0.250590482089046	0.31157694268379	-0.0787742677931986	FALSE	down_in_cellobiose
YGR035C	336.227763568998	0.156998303601762	0.136739911120134	1.14815273986707	0.25090551527208	0.311904533884261	0.148097998551337	FALSE	up_in_cellobiose
YER076C	1049.46129993301	-0.102133941992254	0.0891227129502216	-1.14599229098086	0.251798341820864	0.312950106775098	-0.0993431421294351	FALSE	down_in_cellobiose
YER022W	1969.72119128201	-0.0865964674923006	0.075619068965514	-1.14516706800229	0.252139957336736	0.313310312639671	-0.0848749752414742	FALSE	down_in_cellobiose
YAL033W	706.728178667947	0.123675845458316	0.108058872633972	1.14452281838293	0.252406880259907	0.313452490375212	0.119148013941029	FALSE	up_in_cellobiose
YEL038W	3503.47019367625	0.106223233203782	0.0928106392655617	1.14451569393723	0.252409833132362	0.313452490375212	0.103086885538835	FALSE	up_in_cellobiose
YMR188C	2364.5557602733	0.0813357672561554	0.0710638333350903	1.14454517071475	0.252397616034402	0.313452490375212	0.0768175405723967	FALSE	up_in_cellobiose
YMR233W	901.894498585098	0.108394534369547	0.0947566603881946	1.14392522832148	0.252654647398319	0.313692110450007	0.105349302628404	FALSE	up_in_cellobiose
YNL143C	125.952011925588	-0.233363611880245	0.204135667615452	-1.14317901720072	0.252964272275032	0.314012083519735	-0.206358670717289	FALSE	down_in_cellobiose
YDR166C	2153.91972292995	-0.0837469872749247	0.0733526326112202	-1.14170390746296	0.253577116075656	0.314514655554981	-0.082248681415189	FALSE	down_in_cellobiose
YOR220W	3001.39046799831	-0.0776286347698585	0.0679796077823042	-1.14194002146135	0.25347895157189	0.314514655554981	-0.0760320270084032	FALSE	down_in_cellobiose
YJL001W	5799.05362826695	-0.0710990540575148	0.0622741988508937	-1.14170965455133	0.253574726406763	0.314514655554981	-0.0699319321585747	FALSE	down_in_cellobiose
YDL192W	13870.9659235882	0.0636185062549759	0.0557099129915483	1.14196025157367	0.253470542124244	0.314514655554981	0.0628841087457045	FALSE	up_in_cellobiose
YGL172W	3131.95701942435	-0.0770766001479801	0.067520209594822	-1.14153378093025	0.253647862664789	0.314537909237251	-0.0766296720387532	FALSE	down_in_cellobiose
YLR358C	628.624964511221	0.134146427910127	0.117537021713741	1.14131212407983	0.253740058590223	0.314587746343976	0.128476152922359	FALSE	up_in_cellobiose
YOR246C	4399.55130004398	-0.0766001742994886	0.067153547223474	-1.14067204885809	0.254006422348055	0.314853452619546	-0.0761356876038941	FALSE	down_in_cellobiose
YPL060W	997.006001142551	-0.100176306209394	0.0878660157883684	-1.14010297736358	0.254243401669731	0.315082634029954	-0.0975252415741097	FALSE	down_in_cellobiose
YKL099C	1479.18784312583	0.0894417939581116	0.0784782044228643	1.13970234940866	0.254410328038861	0.315224923045283	0.0876224026344161	FALSE	up_in_cellobiose
YDR524C-B	34356.0197473885	0.0876656636437208	0.0769384798277203	1.13942547136388	0.254525737095691	0.315303334772033	0.0859037898300577	FALSE	up_in_cellobiose
YIL102C	58.0315356371044	-0.344199728455522	0.302146119497372	-1.13918301856104	0.254626826835042	0.315363979427758	-0.268918208939743	FALSE	down_in_cellobiose
YNL080C	3009.10619501625	-0.0754678122894904	0.0662985982393995	-1.138301778523	0.254994491608584	0.315754693907948	-0.0740000800185728	FALSE	down_in_cellobiose
YKL055C	113.8832179903	-0.260318781888053	0.228738492550717	-1.13806285503229	0.255094237167543	0.315813557230141	-0.223184353586868	FALSE	down_in_cellobiose
YLR431C	1116.57281777456	0.112637157804442	0.0990132327435254	1.13759701287814	0.255288794526156	0.315989752013243	0.108296664606768	FALSE	up_in_cellobiose
YNCC0015W	45.8993931475454	0.401049191221859	0.352624358794739	1.13732696343677	0.2554016269586	0.316064738435469	0.292578591662007	FALSE	up_in_cellobiose
YOL036W	4543.23007651015	-0.0747351182153848	0.0657968830906133	-1.13584587452968	0.256021073977083	0.316766511860785	-0.073359090658887	FALSE	down_in_cellobiose
YDR492W	6689.13430112194	0.101918938726005	0.0897775016434177	1.13523919534775	0.256275111084415	0.317015980971294	0.0995664163035146	FALSE	up_in_cellobiose
YDR169C-A	19.2304056002707	-0.581111222905509	0.5127175462576	-1.13339445304169	0.257048642461597	0.317907838529994	-0.329985848276503	FALSE	down_in_cellobiose
YPR116W	143.476066784135	0.245896528430689	0.21711289893717	1.13257447915081	0.257392990971411	0.318263405604936	0.214267415827184	FALSE	up_in_cellobiose
YLR341W	214.423601937886	0.197425527994853	0.174333436137696	1.13245933980741	0.257441369420557	0.318263405604936	0.179954462110548	FALSE	up_in_cellobiose
YEL009C-A	39.0218104012023	-0.425504006601784	0.375791942994495	-1.13228613474562	0.257514157402653	0.318288340443124	-0.29855246019647	FALSE	down_in_cellobiose
YOR100C	1086.86911997687	-0.0972741392661616	0.0860466153249902	-1.13048187774459	0.258273230403286	0.319161342330843	-0.0953382113956766	FALSE	down_in_cellobiose
YGL104C	1295.66917661899	-0.10159529843395	0.0900001889627016	-1.12883427918194	0.258967749099094	0.319954230862014	-0.0988387869604739	FALSE	down_in_cellobiose
YGR207C	3962.36799036015	-0.0733167682665693	0.0649620296555092	-1.12860956862593	0.2590625724042	0.320006024192976	-0.0723169738141048	FALSE	down_in_cellobiose
YBR217W	783.677312524798	0.109438551031211	0.0973487500370442	1.12419061353706	0.260932170613332	0.322183853855898	0.105940909696616	FALSE	up_in_cellobiose
YAL051W	2133.96545255406	-0.0808934370125486	0.0719566275008932	-1.12419717018484	0.260929389692364	0.322183853855898	-0.0805953864374535	FALSE	down_in_cellobiose
YDR364C	1642.77787535008	0.0881252152822487	0.0784555682880714	1.12324997709114	0.261331342342127	0.322610875475006	0.0864227782079202	FALSE	up_in_cellobiose
YOR373W	1529.3913288954	-0.0864797739525085	0.0770054206665042	-1.1230348877261	0.261422677681303	0.322657779492798	-0.0847376666374274	FALSE	down_in_cellobiose
YMR285C	3292.00511850544	0.0728713434854731	0.0650417347329536	1.12037822768206	0.262552618924038	0.32398628965147	0.0723679711465471	FALSE	up_in_cellobiose
YBR067C	101030.591489599	0.213044722535436	0.190179560507043	1.12022933467419	0.262616046349521	0.323998463056956	0.189442380360666	FALSE	up_in_cellobiose
YER013W	2582.74534960133	0.0815140812180108	0.0728772514074519	1.11851201360862	0.263348378494469	0.324835714011632	0.080403922322628	FALSE	up_in_cellobiose
YPL183C	2851.0044782009	0.0846251940036811	0.0756691898550765	1.11835734155153	0.263414405755221	0.324850915476725	0.0821496425104116	FALSE	up_in_cellobiose
YOL149W	2123.55665807459	-0.0815212393951944	0.0729122104258056	-1.11807389899596	0.263535432921881	0.324933924530057	-0.0801513150142038	FALSE	down_in_cellobiose
YMR129W	2357.46213300433	0.0790745245981322	0.0708432677132869	1.11618968393946	0.264340949321365	0.325860689310157	0.074712827105605	FALSE	up_in_cellobiose
YFL034C-B	1616.94236496346	0.0872351946614094	0.0782058669875327	1.1154558861334	0.264655112312452	0.32618149437205	0.0835369100795213	FALSE	up_in_cellobiose
YOL098C	3052.16703915665	-0.078676665883771	0.0705623991994754	-1.11499420054237	0.264852906952579	0.326358776564708	-0.0771226329206431	FALSE	down_in_cellobiose
YIR021W	1258.64027473186	0.0948425587361607	0.0851604868564137	1.11369206820144	0.265411313242641	0.32698025128406	0.0922079539070104	FALSE	up_in_cellobiose
YNL138W-A	661.662090576586	-0.114083209909521	0.102471924406988	-1.11331187122452	0.265574509712129	0.327114683210887	-0.110804406270604	FALSE	down_in_cellobiose
YEL062W	815.037030516137	-0.108292990091585	0.0974756490600358	-1.11097480381882	0.266579194850869	0.328285331769728	-0.104801252033013	FALSE	down_in_cellobiose
YDR519W	2619.06332967854	0.0775339256929434	0.0698096487611098	1.11064769797462	0.266720023181016	0.328391903159366	0.0763450616269552	FALSE	up_in_cellobiose
YJL208C	1248.83355007836	0.107799832545514	0.0972421096276365	1.10857151246827	0.267615073150702	0.329426857445787	0.104247251043885	FALSE	up_in_cellobiose
YOL085C	47.1703723975963	-0.357229553252218	0.322510941914885	-1.10765095637126	0.268012587623181	0.329849062570218	-0.270907107107985	FALSE	down_in_cellobiose
YDR106W	94.1099294089176	-0.256068064777218	0.231494896401445	-1.10614993573405	0.268661628014028	0.330580591508717	-0.218825953600669	FALSE	down_in_cellobiose
YKL100C	2916.50558978311	-0.0737276603946941	0.0666601575200709	-1.10602289489783	0.268716609892478	0.330580999235225	-0.0726152497165503	FALSE	down_in_cellobiose
YOR097C	1003.94916146632	0.0993485383838358	0.0899100185354585	1.10497739853824	0.269169382671082	0.331040631865337	0.0967789982584504	FALSE	up_in_cellobiose
YLR186W	2483.19792938921	0.0774886909880659	0.0701313841574425	1.10490748070944	0.269199680632434	0.331040631865337	0.0775706370124433	FALSE	up_in_cellobiose
YDL247W	459.463087401365	-0.380886869277249	0.345568976383536	-1.10220215154533	0.27037379682716	0.332349338957018	-0.276966066528323	FALSE	down_in_cellobiose
YDR470C	1649.48621986866	0.0879330745680982	0.0797729367279864	1.10229205761769	0.270334721166148	0.332349338957018	0.0861343493802501	FALSE	up_in_cellobiose
YNR011C	1630.37326233444	-0.0903618135689918	0.0820712382236072	-1.10101681813057	0.270889337555597	0.332915400827673	-0.088303511703018	FALSE	down_in_cellobiose
YLR413W	37315.0497969044	0.0709292442590968	0.0644933579190947	1.09979145989073	0.271422994148093	0.333503492098682	0.0700606462307479	FALSE	up_in_cellobiose
YGR168C	1251.82615922429	0.0927573796072168	0.0844718985140896	1.09808565024433	0.272167090730566	0.334349864303248	0.0906241220083323	FALSE	up_in_cellobiose
YNCG0026W	12.0285850020245	0.710338789311393	0.647459063524933	1.09711768562498	0.272589950022685	0.33480134166238	0.319353969042342	FALSE	up_in_cellobiose
YHR073W	5565.47766440557	-0.0657143983671809	0.0599772769516635	-1.09565491644679	0.273229819248273	0.335519118277061	-0.0642577745739207	FALSE	down_in_cellobiose
YIL110W	1431.91793553633	-0.0868385422937642	0.0794070158525575	-1.09358778139964	0.274135810478459	0.33654149484091	-0.0849420670130347	FALSE	down_in_cellobiose
YKR008W	2870.92154698471	-0.0736480445764413	0.0673563829142079	-1.09340854407588	0.274214463833812	0.33654149484091	-0.072571909023285	FALSE	down_in_cellobiose
YOR260W	3168.68417153675	-0.0715672002950545	0.0654553261166228	-1.09337474184365	0.274229298738774	0.33654149484091	-0.0703716257061211	FALSE	down_in_cellobiose
YLR253W	2195.4062254905	0.0830649517877577	0.0760992875732486	1.09153389521294	0.275038025673541	0.337465520750355	0.0815055279962643	FALSE	up_in_cellobiose
YMR014W	2656.64723939431	0.0782775978249398	0.0717224734612344	1.09139568181859	0.275098811690717	0.33747165116957	0.0771041041207704	FALSE	up_in_cellobiose
YER114C	2781.58116436289	-0.0770309244776682	0.070650102037141	-1.09031582767103	0.275574045436891	0.337986091007249	-0.0761108753061992	FALSE	down_in_cellobiose
YOL094C	1651.16163001406	0.0850091755344567	0.0781442280962449	1.08784970567189	0.276661462192175	0.339182242561911	0.0833784123645945	FALSE	up_in_cellobiose
YER149C	1656.0810831849	-0.081870233415252	0.0752582837077523	-1.08785676980325	0.276658343148709	0.339182242561911	-0.0801358142105227	FALSE	down_in_cellobiose
YMR316C-A	133.321739272789	0.212986524883327	0.196011305337516	1.08660326768694	0.277212180308621	0.339719707999767	0.189683927991336	FALSE	up_in_cellobiose
YDR395W	3235.73813771314	-0.0808384445741903	0.074389086962117	-1.08669763100275	0.277170461317745	0.339719707999767	-0.0814138399615829	FALSE	down_in_cellobiose
YDL073W	2618.4571800076	-0.0739822150829833	0.0681402070353912	-1.08573510856164	0.277596203107275	0.340121416365385	-0.0727789556141242	FALSE	down_in_cellobiose
YMR162C	2849.95008206455	-0.0757664730962675	0.0697920856491744	-1.08560264951996	0.277654827077919	0.340124351760699	-0.0743970077921709	FALSE	down_in_cellobiose
YPL020C	2232.22117047366	0.0789073127311575	0.0728040649258491	1.08383114063101	0.278439675213541	0.341016723095102	0.0774940886844027	FALSE	up_in_cellobiose
YNL123W	3482.30350448441	0.0721998571147763	0.0666335755261628	1.08353568819713	0.278570719015354	0.341108153709286	0.0710484843355473	FALSE	up_in_cellobiose
YKR023W	1993.86002365543	-0.0787492909731108	0.0727959457367026	-1.08178127471468	0.279349728995839	0.341992817384301	-0.0770989585531753	FALSE	down_in_cellobiose
YER089C	2698.00087444766	0.0849547010049363	0.0785619449003499	1.08137217214639	0.279531595049464	0.342146219840997	0.0835836516098713	FALSE	up_in_cellobiose
YMR055C	836.682430618474	-0.103096333468912	0.0955524003134065	-1.07895074462558	0.28060968568979	0.343396315747025	-0.0996846317084848	FALSE	down_in_cellobiose
YDR477W	4392.91443129767	0.0676279896742352	0.0627781623080071	1.07725341405238	0.281367068383007	0.344253518739645	0.0674052292964833	FALSE	up_in_cellobiose
YNL084C	2872.07241257239	0.0713586299368593	0.0663463463504322	1.07554724355058	0.282129792583101	0.34511690906677	0.0698120075472601	FALSE	up_in_cellobiose
YHR169W	1998.43933961649	0.0794468428096903	0.0739980661148867	1.07363404181866	0.282986734004643	0.346095178729091	0.0776021071243747	FALSE	up_in_cellobiose
YLR102C	1127.04534993442	-0.0935898795512621	0.0872028715763294	-1.07324309233718	0.283162060832155	0.34623960096497	-0.0913658382994803	FALSE	down_in_cellobiose
YNR024W	1204.71601263201	0.0909803882099085	0.0849368628297922	1.07115315045515	0.284100572985553	0.347316969682622	0.0888394275632534	FALSE	up_in_cellobiose
YOR308C	977.276560322553	-0.0946308542567293	0.0883799133448827	-1.07072807242358	0.284291716495636	0.347480418889089	-0.0913895932952383	FALSE	down_in_cellobiose
YER074W-A	1595.03255016257	0.085242145325073	0.0796281838459396	1.07050219166112	0.284393322997467	0.347534386022561	0.082214953622707	FALSE	up_in_cellobiose
YPL105C	6672.65693655498	0.0637609206706784	0.0595881899223044	1.07002613695457	0.284607544113781	0.34772592089361	0.0630948472578176	FALSE	up_in_cellobiose
YHL010C	783.69984542759	0.103777311629211	0.0971447857560528	1.06827464615356	0.285396641683984	0.348619605320359	0.100596030081578	FALSE	up_in_cellobiose
YNL230C	907.97442842287	0.0978044294388883	0.0916492306432064	1.06716039788314	0.28589941206192	0.349163243198577	0.0955450371653662	FALSE	up_in_cellobiose
YJR100C	1762.02179287465	0.0823436953136122	0.0772363142129399	1.06612668085884	0.286366380084024	0.349592378027904	0.0807672345287844	FALSE	up_in_cellobiose
YGL094C	2306.14574698971	-0.0746774374792928	0.0700441737509902	-1.06614773906498	0.286356862179643	0.349592378027904	-0.0752642927284079	FALSE	down_in_cellobiose
YFR039C	2304.14188439384	-0.0763818396675277	0.0716651562248857	-1.06581557469631	0.286507018987583	0.349693494321204	-0.0778131843654151	FALSE	down_in_cellobiose
YNL177C	2497.05310054437	0.0782227320772097	0.0734034381294345	1.06565488035148	0.286579680870548	0.349711617830532	0.0732540453553995	FALSE	up_in_cellobiose
YOR357C	1864.3048243981	-0.0777032324825115	0.0731463244634728	-1.06229852357536	0.288100184463375	0.351496171000192	-0.0762608228004373	FALSE	down_in_cellobiose
YNCO0015C	44.584785809743	0.350623552504121	0.33010524380378	1.062156869924	0.288164476116469	0.351503713657697	0.26378925777297	FALSE	up_in_cellobiose
YLR156W	235.095964405599	-0.209566744628715	0.197412203273209	-1.06156935161037	0.288431233463844	0.351758171617498	-0.186073570912519	FALSE	down_in_cellobiose
YCL050C	5491.43905509944	-0.0637701965489072	0.0600989635786301	-1.06108646059218	0.288650610347229	0.351954755490906	-0.0630098236014407	FALSE	down_in_cellobiose
YOR209C	8766.10386909853	-0.0630279282098379	0.0596025067742666	-1.05747109678699	0.290296638879754	0.35389044106885	-0.0613802958396588	FALSE	down_in_cellobiose
YDR427W	4478.19212062833	0.0769023837307976	0.0727619269662842	1.05690416591677	0.290555327003132	0.354134429385844	0.0721674690096804	FALSE	up_in_cellobiose
YHL012W	781.804716093282	0.108495096376055	0.102683691303832	1.05659520999326	0.290696367536633	0.354234957137206	0.104810906981828	FALSE	up_in_cellobiose
YEL076C	29.895719175765	0.448941937504577	0.426545317036494	1.05250701290941	0.292566994715018	0.356442648747461	0.290889142499621	FALSE	up_in_cellobiose
YGR002C	1919.77516446358	0.078038649392782	0.0742720888720381	1.05071300104718	0.293390423043425	0.357373876155796	0.0766412014488827	FALSE	up_in_cellobiose
YDL103C	2214.20626762245	0.0740313761260038	0.0704745101187281	1.05047024805541	0.293501962868023	0.357437763919604	0.0723808432599626	FALSE	up_in_cellobiose
YDR460W	1503.17259198036	0.0817819303204911	0.0779981613538382	1.04851100206693	0.294403236001052	0.35846319939017	0.0802164769456011	FALSE	up_in_cellobiose
YCL004W	849.891010459448	-0.0982490373498346	0.09392184525735	-1.04607226445166	0.295527669467497	0.359759885813824	-0.0953084649878339	FALSE	down_in_cellobiose
YJR107C-A	481.078760286559	0.1200829871098	0.114832940128962	1.04571899818068	0.295690788777026	0.359886032457189	0.115319901202007	FALSE	up_in_cellobiose
YPL008W	1744.01911305957	0.0818136650629214	0.0783210093306331	1.04459411034329	0.296210602826436	0.36044617511509	0.0804741068219857	FALSE	up_in_cellobiose
YCR068W	2465.36503115715	0.0781727607293556	0.0748695961840912	1.04411890424976	0.296430380614597	0.360641064428338	0.0767435357754042	FALSE	up_in_cellobiose
YDL008W	1142.95936781914	-0.0892665101507875	0.0855628132062569	-1.04328629232424	0.296815717797593	0.361037256577044	-0.0873389328291795	FALSE	down_in_cellobiose
YGR238C	1228.78792546131	-0.0879185241551901	0.0847787509041189	-1.03703490812954	0.299719588738144	0.364496138374957	-0.0864032334723364	FALSE	down_in_cellobiose
YLR285C-A	158.85045418149	-0.215980567661441	0.208426498913429	-1.03624332216582	0.300088640460729	0.364871595205417	-0.189334432211446	FALSE	down_in_cellobiose
YKR026C	1646.99463052757	-0.0808459372251867	0.078104454274004	-1.03510021261483	0.300622113295609	0.365446777195567	-0.0788710132686185	FALSE	down_in_cellobiose
YJR089W	2034.09697722909	0.0778257041198003	0.075305676785555	1.03346397564982	0.301386820698532	0.366302768415796	0.0764052147985097	FALSE	up_in_cellobiose
YMR068W	752.835354045512	-0.100791717157647	0.0976962156388919	-1.03168496853755	0.302219721310298	0.36724128047529	-0.0976291093148812	FALSE	down_in_cellobiose
YLR048W	24911.3008598245	0.0579740665920534	0.0562285658351284	1.0310429535415	0.302520677438345	0.367533154815133	0.0573022807577829	FALSE	up_in_cellobiose
YFL031W	4547.73111341791	0.0684826536823015	0.0664666516440129	1.03033103050062	0.302854637238805	0.367865000132034	0.0677601473770152	FALSE	up_in_cellobiose
YER177W	32671.7206019165	-0.0622218061341682	0.0604246463668724	-1.02974216442053	0.303131056767105	0.368126834447745	-0.0614042134392878	FALSE	down_in_cellobiose
YPR153W	159.337331380305	0.189188906179933	0.183773151980815	1.02946977913119	0.303258973814664	0.368208256243457	0.170825612416972	FALSE	up_in_cellobiose
YBR209W	138.209835573147	-0.209880907104491	0.20414449941245	-1.02809974164649	0.303902912163478	0.368916057731663	-0.18501813237978	FALSE	down_in_cellobiose
YOR227W	5299.06660459453	0.0626497776226857	0.0609610361648316	1.02770198087329	0.304090035753852	0.369069146523886	0.0619306199436027	FALSE	up_in_cellobiose
YER104W	716.316094900803	-0.100101516567691	0.0974998175413759	-1.02668414251351	0.304569218604692	0.369576570379093	-0.0975388060617458	FALSE	down_in_cellobiose
YJR060W	1868.65375817695	-0.0749169563666797	0.0731259527183764	-1.02449203848599	0.305602929375098	0.370756542276368	-0.0735333108364137	FALSE	down_in_cellobiose
YJL054W	3456.03300553879	-0.0657000456631763	0.0641597950263387	-1.02400647689422	0.305832215693011	0.370960311354927	-0.0643362680234736	FALSE	down_in_cellobiose
YHR001W	2180.48062574634	-0.072208302497977	0.0705364150629449	-1.02370247245398	0.305975827225359	0.371060100017281	-0.0709995061552461	FALSE	down_in_cellobiose
YDL013W	2758.54195793138	0.0686784662687678	0.0671812765990182	1.0222858175007	0.306645643759913	0.371797855101967	0.0676349192792334	FALSE	up_in_cellobiose
YLR135W	1670.07695996625	0.0770311610358458	0.0753686293910289	1.02205866894821	0.306753133437417	0.371853648128845	0.0759912175669733	FALSE	up_in_cellobiose
YDR063W	2567.94143438473	0.0741791417949089	0.0725969834773693	1.02179371981802	0.306878542377739	0.371931136614495	0.073752201491518	FALSE	up_in_cellobiose
YML057W	3152.73158857969	0.0677036334417695	0.0664311629024645	1.01915472323092	0.308129517825532	0.373372486643959	0.0662004537992515	FALSE	up_in_cellobiose
YDR359C	1731.8289220929	0.0763334890575242	0.0750500365828584	1.01710129046038	0.309105246478754	0.374479798908469	0.0749916169727214	FALSE	up_in_cellobiose
YML112W	1357.54075608112	-0.0872787614252413	0.0860119912155983	-1.01472783261659	0.310235582954293	0.375773936982482	-0.0850875422891693	FALSE	down_in_cellobiose
YNCC0011W	14.7121906850821	0.611751923954639	0.603506995659505	1.01366169465215	0.310744208031605	0.376287961797375	0.290656321577001	FALSE	up_in_cellobiose
YGR148C	14756.1200110012	0.0629028029951345	0.0620601773085507	1.01357755847835	0.310784370497551	0.376287961797375	0.0632398750584656	FALSE	up_in_cellobiose
YOR211C	2059.7420378935	0.0727193510028196	0.0717909724254045	1.01293168968257	0.311092790519583	0.376586009576337	0.0715795884956555	FALSE	up_in_cellobiose
YER181C	15.5025563346723	-0.564550018690036	0.557469911253969	-1.01270042973286	0.311203272547365	0.376644376878554	-0.292802747933227	FALSE	down_in_cellobiose
YMR088C	2774.71140636575	-0.0732061232374119	0.0723279433372092	-1.01214164069492	0.311470334985424	0.376892189703306	-0.0720047739562591	FALSE	down_in_cellobiose
YMR044W	2707.03714671236	0.0687886690773255	0.0680068957388659	1.01149550100715	0.311779333340326	0.377190637475126	0.0677889168067091	FALSE	up_in_cellobiose
YKR054C	2553.52864910057	0.100629415750495	0.0995326508875694	1.01101914651268	0.312007266009224	0.377390912235512	0.0983557359384552	FALSE	up_in_cellobiose
YBR013C	756.790269576206	0.100166928833894	0.0992997920873374	1.00873251321406	0.313102934440261	0.37864047389627	0.0969337338030602	FALSE	up_in_cellobiose
YBR186W	415.374261946826	0.124756051834504	0.123730538192026	1.00828828240354	0.313316086606709	0.378822508071953	0.118912346475378	FALSE	up_in_cellobiose
YHR102W	2391.70348344031	-0.0707229038097166	0.0705858698493869	-1.00194137949454	0.316371905833235	0.382440779053805	-0.0685366381459306	FALSE	down_in_cellobiose
YKR058W	4067.89447609412	0.0632929462532984	0.0631791105880115	1.00180179277972	0.316439331201408	0.382445857030433	0.0626529170865985	FALSE	up_in_cellobiose
YCR022C	51.3406715052334	0.319745832704647	0.319410532830834	1.00104974582661	0.316802758989999	0.382808607497104	0.243366829809386	FALSE	up_in_cellobiose
YER139C	752.647889938721	-0.10403448319804	0.104082290639973	-0.999540676500885	0.317532844593169	0.383614175543056	-0.100464220743806	FALSE	down_in_cellobiose
YER164W	2838.14744418379	-0.0682003496456199	0.0683414608282867	-0.99793520388712	0.318310779898887	0.384477217972917	-0.0671388780233797	FALSE	down_in_cellobiose
YNL245C	1167.00758562937	-0.0841499480732728	0.0844290478506625	-0.996694268329505	0.318912932655502	0.3851276361815	-0.0823618316333415	FALSE	down_in_cellobiose
YDR161W	2786.99123265273	-0.0666463403596537	0.067076383754679	-0.993588751048386	0.320423122894512	0.386874145786208	-0.0657334968631583	FALSE	down_in_cellobiose
YPL127C	2932.68091731069	0.0688149264406708	0.0692957213975155	0.993061693461756	0.320679890383614	0.387106896214424	0.0677496036343662	FALSE	up_in_cellobiose
YDR236C	1825.92764359904	-0.0738751636110897	0.0744070698745469	-0.992851401562325	0.320782376143149	0.387153350616502	-0.0724521341387806	FALSE	down_in_cellobiose
YDR202C	2286.74038005666	0.0749641818870527	0.0755474632317897	0.992279272926115	0.321061311351684	0.387406416760751	0.0721134681919708	FALSE	up_in_cellobiose
YPR108W	4570.07264228036	-0.0702790056033478	0.0708344443985112	-0.992158634123837	0.321120147733246	0.387406416760751	-0.068390630842583	FALSE	down_in_cellobiose
YHL018W	104.824845930581	-0.231568342023778	0.234002242939355	-0.98959881373356	0.322370250067807	0.388759498137992	-0.196619986818879	FALSE	down_in_cellobiose
YKL129C	2656.01723420757	0.0668458632946158	0.0675430511416677	0.989677874551601	0.322331592829873	0.388759498137992	0.0658611014083481	FALSE	up_in_cellobiose
YLR099W-A	598.725587480308	0.113944890020423	0.115442749085064	0.987025091861445	0.32363033790862	0.390201298387332	0.109179021456043	FALSE	up_in_cellobiose
YHR173C	141.780333571214	-0.190721577688245	0.193521817517983	-0.985530107841828	0.324363749961227	0.391007637209139	-0.169988981071453	FALSE	down_in_cellobiose
YIL072W	436.77881268508	0.115916804935345	0.118103891149185	0.981481675222053	0.326355266651626	0.393329947793522	0.111040942479393	FALSE	up_in_cellobiose
YDR275W	4514.21439479968	-0.10093251194712	0.102887218548097	-0.981001463266663	0.326592019962951	0.393462372683601	-0.0979450029793507	FALSE	down_in_cellobiose
YDR439W	882.704032566038	-0.0927772005685292	0.0945810045238209	-0.980928475391299	0.326628014092183	0.393462372683601	-0.0895124862213128	FALSE	down_in_cellobiose
YHR198C	1977.17023701252	-0.0717159060280407	0.0731171978264388	-0.980834990398232	0.326674120183863	0.393462372683601	-0.070437840412932	FALSE	down_in_cellobiose
YOR008C	4359.52831522984	0.0622606315605095	0.0634838915651519	0.980731174877852	0.326725326167917	0.393462372683601	0.0622314480142025	FALSE	up_in_cellobiose
YNCG0013W	188.192992782984	-0.16581364134638	0.169181916473124	-0.98009080877578	0.327041295714552	0.393764490003449	-0.150811596246511	FALSE	down_in_cellobiose
YNL140C	248.645121783964	0.144445209378332	0.147854355629993	0.976942537559109	0.328597601103741	0.395559579915728	0.135194749665794	FALSE	up_in_cellobiose
YIR008C	1546.73325893181	-0.0753188913844636	0.0771136364728915	-0.976725970003259	0.328704834593318	0.395609937217465	-0.073768370012726	FALSE	down_in_cellobiose
YNL206C	3574.08559020579	0.0670445159539755	0.0687807189957431	0.974757416509777	0.329680604686494	0.396705386462821	0.0654903716454401	FALSE	up_in_cellobiose
YJR007W	3374.87543428093	0.0649255667948658	0.0667600463142863	0.972521296483463	0.330791275391	0.397962693882291	0.0640235904282407	FALSE	up_in_cellobiose
YKL193C	2551.17479580072	-0.0836582479533177	0.0861252102143672	-0.97135609591072	0.331370983517247	0.398580846946874	-0.0813698938308786	FALSE	down_in_cellobiose
YGR049W	1628.20017087944	0.092632434366147	0.0954873047380158	0.970102094936058	0.331995604884436	0.399252766192038	0.0893653413026238	FALSE	up_in_cellobiose
YMR003W	611.439577302949	-0.114997041800346	0.118768435521684	-0.968245824702729	0.332921613981874	0.400286790494207	-0.109752989197366	FALSE	down_in_cellobiose
YOR371C	1507.9982746186	-0.0865322409409304	0.0894504489274009	-0.967376262260696	0.333355972244007	0.400729387143084	-0.0841561545918527	FALSE	down_in_cellobiose
YBR131W	1294.42664452341	-0.0825299074434265	0.0854159340728212	-0.966212081378936	0.33393806870309	0.401349369677129	-0.0811824646050519	FALSE	down_in_cellobiose
YCR038C	542.559182209804	-0.106105073778663	0.109849113761702	-0.96591652080907	0.33408595479382	0.401447346155704	-0.101598897714992	FALSE	down_in_cellobiose
YIL004C	1018.92269836442	0.0902517431712019	0.0935697266206944	0.964539989916368	0.334775269287787	0.402195750530651	0.087350688834782	FALSE	up_in_cellobiose
YBR144C	22.7205621395035	-0.488847957179424	0.507271586746281	-0.963680935324942	0.335205915381874	0.402633157693597	-0.2705760279675	FALSE	down_in_cellobiose
YMR230W-A	20.9899885902402	0.492306362381877	0.511705227064106	0.962089766419761	0.33600451420888	0.40351227048829	0.273205266403968	FALSE	up_in_cellobiose
YLR320W	1324.96652358761	0.0827371665593515	0.0860730825060906	0.961243215072458	0.336429892250608	0.403942917471999	0.0806289775687634	FALSE	up_in_cellobiose
YJR061W	1953.76713295471	0.0700732412690949	0.072959720152769	0.960437363553066	0.336835141018771	0.404349229613523	0.0688848969673363	FALSE	up_in_cellobiose
YNCL0048W	60.7924838608195	-0.279465801034171	0.29158038532568	-0.958451991624959	0.337834888906095	0.40546889741924	-0.219851565798475	FALSE	down_in_cellobiose
YDL141W	1705.85051518216	-0.0765963781998983	0.07995344274936	-0.958012257708709	0.338056577585471	0.405654480820178	-0.0746571343915986	FALSE	down_in_cellobiose
YCR001W	163.499741796435	-0.174922208060592	0.183639458833091	-0.952530622623853	0.340827943213621	0.408898894981989	-0.157383191145856	FALSE	down_in_cellobiose
YNCH0012W	48.7124863889535	0.31002164880792	0.32598011812138	0.951044654485593	0.341581708153073	0.409721941823902	0.233214994954652	FALSE	up_in_cellobiose
YDR305C	1027.99047610168	-0.0815755049004231	0.08588370929972	-0.949836768411319	0.342195199974566	0.410376440254986	-0.0795319110278809	FALSE	down_in_cellobiose
YJL117W	3328.06126806586	-0.0636858845592686	0.067165033587263	-0.94819999570946	0.34302764934926	0.411293211281203	-0.0626818233934349	FALSE	down_in_cellobiose
YOL114C	250.310653333111	-0.1592988930087	0.168407763128325	-0.945911815759442	0.344193566347651	0.412552231247803	-0.145514902680328	FALSE	down_in_cellobiose
YGR205W	794.353698490554	-0.0892982708772669	0.0944084536588153	-0.945871555104417	0.344214103340662	0.412552231247803	-0.0863861646243284	FALSE	down_in_cellobiose
YNL232W	2936.50009238932	0.0716616991011873	0.0757936256264324	0.945484511512745	0.34441157449151	0.412707134330258	0.0713826047649833	FALSE	up_in_cellobiose
YDR003W	1676.55941854692	0.0720820133816588	0.0762495383661483	0.945343603728103	0.344483484139639	0.412711545961711	0.0709765981093307	FALSE	up_in_cellobiose
YDL076C	1847.82771852821	-0.0706662985536227	0.0747978920824413	-0.944763235783907	0.344779765028054	0.412984712604891	-0.0693051277485257	FALSE	down_in_cellobiose
YPR109W	1823.5565306928	-0.0718419668781386	0.0761517362709976	-0.943405500597885	0.345473530715991	0.413733792773912	-0.0704142918938257	FALSE	down_in_cellobiose
YGR166W	1542.84503769104	-0.0728569792045572	0.0772732217259367	-0.94284899189214	0.345758148439527	0.413992684067834	-0.0713650056530444	FALSE	down_in_cellobiose
YPL209C	424.076302344669	-0.119068129826663	0.126330103596775	-0.942515888427585	0.345928580492574	0.414114780011791	-0.113035849974204	FALSE	down_in_cellobiose
YIL158W	1405.24331629589	0.0964204993019274	0.102487521765717	0.940802330281159	0.346806166504145	0.4150832016588	0.092362233112623	FALSE	up_in_cellobiose
YIR009W	532.137000116031	0.103228056010884	0.109771252716984	0.940392438419463	0.347016299427698	0.415252541095578	0.0994349187137728	FALSE	up_in_cellobiose
YGL133W	2814.9458820389	-0.0644909948118107	0.0686550243862564	-0.939348509279982	0.347551840336342	0.415811131763159	-0.0636480695542476	FALSE	down_in_cellobiose
YNL224C	2102.74443052998	0.0684613262911838	0.0729620456064634	0.938314238891338	0.348082944403926	0.41636419432457	0.0674428395012367	FALSE	up_in_cellobiose
YGL061C	848.43200293423	-0.0910867751274075	0.097121777244082	-0.937861494219699	0.348315593792794	0.416560108116372	-0.0883616105304666	FALSE	down_in_cellobiose
YOR385W	1172.98272600947	0.0787199133185305	0.0839478348489517	0.937724164776521	0.348386182041776	0.41656216943481	0.0764361392250773	FALSE	up_in_cellobiose
YNCL0043C	22.8276438762731	0.432625421892569	0.462707525628743	0.934986785236965	0.349795109731685	0.417833850467409	0.262286161146568	FALSE	up_in_cellobiose
NR_172478.1	320.285767966432	0.125757485122996	0.134497510152489	0.93501719831405	0.34977943630096	0.417833850467409	0.118944858350669	FALSE	up_in_cellobiose
YOR129C	1155.40868445878	-0.0780881901325698	0.0834930110396607	-0.935266187674996	0.349651135973686	0.417833850467409	-0.0764364428759375	FALSE	down_in_cellobiose
YBL068W	1651.55654563999	-0.0720461745416399	0.0770475645118145	-0.935086981634471	0.349743475033312	0.417833850467409	-0.0705045463638577	FALSE	down_in_cellobiose
YLR188W	4359.20890609375	0.0667024558872077	0.0713123391738513	0.935356442657067	0.349604636368689	0.417833850467409	0.0664408961875295	FALSE	up_in_cellobiose
YGL010W	1147.95212416686	0.0841880529537684	0.0900778129320283	0.934614753771784	0.349986872848133	0.417980373910831	0.0821185034325485	FALSE	up_in_cellobiose
YAL063C-A	69.3069416297173	0.274081764470251	0.293524671094378	0.933760570954272	0.350427412559571	0.418423888387849	0.215753654300229	FALSE	up_in_cellobiose
YDR143C	2122.48190652094	-0.0711272220919606	0.0764024556699151	-0.930954659353551	0.35187701845137	0.420071854077825	-0.0694825598371919	FALSE	down_in_cellobiose
YOR316C-A	35.8593190485085	-0.353563147531761	0.380334317202282	-0.929611480059313	0.352572281341167	0.420818810148524	-0.243537225379221	FALSE	down_in_cellobiose
YGR249W	89.8105688486196	-0.232496674211165	0.250956801953472	-0.926441014554649	0.35421683769709	0.422698293791616	-0.192974564275046	FALSE	down_in_cellobiose
YBR057C	2799.67787647761	0.0632514159106384	0.0683236340941758	0.925761879461125	0.354569741944679	0.423035970221571	0.0620231781736541	FALSE	up_in_cellobiose
YLR200W	1563.91469372935	-0.071390636753769	0.0771904444320025	-0.924863657400722	0.355036832946708	0.423509722440275	-0.0699074101834776	FALSE	down_in_cellobiose
YBL028C	936.976476472856	-0.083632809852777	0.0905234425399986	-0.923880129899203	0.355548729491131	0.424015873820362	-0.0813697369110835	FALSE	down_in_cellobiose
YGL169W	1836.67422545497	-0.0679297352955519	0.0735346101387777	-0.923779090789384	0.355601343675103	0.424015873820362	-0.0666633455691961	FALSE	down_in_cellobiose
YGL041C-B	89.2631912045622	0.218766744018108	0.236955665268078	0.923239137458931	0.35588259729224	0.42426760564067	0.18565643967688	FALSE	up_in_cellobiose
YLR342W	12281.668989983	0.0667516456936936	0.0723131444299964	0.92309145480893	0.35595954740149	0.424275724577657	0.0609827720320384	FALSE	up_in_cellobiose
YMR179W	1396.7155111202	-0.0732861632823326	0.079468083368576	-0.922208768297942	0.356419690322339	0.424740485965294	-0.0717268287515454	FALSE	down_in_cellobiose
YOR161C	3233.21998278679	-0.0673475368818508	0.0731042526384278	-0.921253339596403	0.356918175928966	0.425250747723915	-0.066015605858911	FALSE	down_in_cellobiose
YDR219C	2047.36951054216	-0.0741878525501264	0.0806033939185021	-0.920406064106154	0.357360600889255	0.425694028117193	-0.0727286329383039	FALSE	down_in_cellobiose
YML021C	1508.80252218631	-0.0714547682439882	0.0776507065592821	-0.920207573249014	0.357464297493233	0.425733714419485	-0.0714067556147581	FALSE	down_in_cellobiose
YGR164W	15.2904226023012	-0.521965533807552	0.567919472482943	-0.919083706578188	0.358051790880881	0.426349465165049	-0.262299594511735	FALSE	down_in_cellobiose
YJL077C	1591.60436536339	0.0788508601709114	0.0858898851108982	0.918045938344216	0.358594816082821	0.426912033553431	0.0777218151320007	FALSE	up_in_cellobiose
YDR380W	2965.88556606251	-0.231385698660296	0.252084928751633	-0.917887871385874	0.358677572019846	0.4269265315128	-0.190202656929692	FALSE	down_in_cellobiose
YGL136C	1397.81238125017	-0.0733374243596685	0.0800441044296931	-0.916212691517895	0.359555350131749	0.427887136129638	-0.0717228522329386	FALSE	down_in_cellobiose
YMR111C	1329.91059750568	0.0797406403258346	0.0871760120083314	0.914708513142512	0.360344673966046	0.428742118965502	0.0777857733803845	FALSE	up_in_cellobiose
YJL011C	713.563934540565	-0.0893928319820658	0.0978258200632997	-0.913795886650608	0.360824108232033	0.429228127963731	-0.0865591587665276	FALSE	down_in_cellobiose
YDR506C	794.049539729093	-0.0882281453443293	0.0966339134715644	-0.913014304965424	0.361235018094044	0.429632446805126	-0.0854497182956186	FALSE	down_in_cellobiose
YER070W	12682.7986839562	-0.0811208964665216	0.0889185869922814	-0.912305280712156	0.361608035255848	0.429991548115318	-0.079052528911744	FALSE	down_in_cellobiose
YEL014C	58.1659505082074	-0.26918668243796	0.296225793972522	-0.908721279224354	0.363497268866053	0.432153101291421	-0.210458285806602	FALSE	down_in_cellobiose
YGL003C	3078.44982600499	-0.062606933641622	0.0690489228488635	-0.90670398694934	0.364563354505439	0.433335376577598	-0.0614411594491032	FALSE	down_in_cellobiose
YOR256C	2558.11769392627	0.0616389394067857	0.0680901296460424	0.905255133559116	0.365330239545162	0.434161614736481	0.0607147710870012	FALSE	up_in_cellobiose
YMR092C	6913.54516373516	0.0531624600269432	0.058747782297222	0.904927095936643	0.365504011179004	0.434282805661323	0.0524961045373465	FALSE	up_in_cellobiose
YBL097W	365.41132883946	0.11358373632542	0.125641815775439	0.904028134458268	0.3659804831731	0.434763539417534	0.10802964551396	FALSE	up_in_cellobiose
YIL077C	3152.32764710991	0.0596241918442296	0.0659650241881066	0.903875842964973	0.366061239834405	0.434774089879898	0.0585454326758122	FALSE	up_in_cellobiose
YPR199C	2214.41200168252	0.0633546679278392	0.0702302781867054	0.902099059887139	0.367004248246285	0.435808538995245	0.0617824549927133	FALSE	up_in_cellobiose
YPL060C-A	932.399780298821	-0.512930747393512	0.569362778068845	-0.900885634170294	0.367649130159217	0.436488633627695	-0.243713441213239	FALSE	down_in_cellobiose
YLR399C	11723.3864069105	-0.0517134167635786	0.0574696746514246	-0.899838342173331	0.368206286478168	0.437064330240667	-0.0511997563637467	FALSE	down_in_cellobiose
YNCM0002C	18.9521968132248	-0.512731691418143	0.570126691631663	-0.899329392824497	0.368477235740215	0.437300137138034	-0.248827812247141	FALSE	down_in_cellobiose
YDR238C	5768.57246727695	0.0558309799326174	0.062236191697797	0.897082202646947	0.369675054742424	0.438635623016265	0.0544433250180647	FALSE	up_in_cellobiose
YKL049C	1194.47490913372	0.0769760084209082	0.0859231233838875	0.895870696843674	0.370321826171035	0.439231583748212	0.0751010807926797	FALSE	up_in_cellobiose
YML075C	1360.32034350379	0.0760237311153705	0.0848602880384668	0.89586935034806	0.370322545398559	0.439231583748212	0.0741070050325087	FALSE	up_in_cellobiose
YPL184C	2108.37004288463	0.0710681915663069	0.07937373973657	0.895361511277809	0.370593868333101	0.439467223984891	0.069626464816549	FALSE	up_in_cellobiose
YNL326C	1303.23761196997	0.0730333494326058	0.0816465370656641	0.894506393747831	0.371051010382624	0.439923081498333	0.072103318092657	FALSE	up_in_cellobiose
YPL243W	6071.09738977227	-0.0562693823139452	0.0629751423109654	-0.893517350641181	0.37158018472228	0.440464146068013	-0.0561088335386731	FALSE	down_in_cellobiose
YEL044W	3216.60745102935	-0.0606408092123878	0.0679854085870824	-0.891968004203624	0.372410082348108	0.441361400494457	-0.0591503246814117	FALSE	down_in_cellobiose
YLR166C	2350.14779199167	0.062945826992382	0.0706470363811292	0.89099034038455	0.372934352416649	0.441896160189679	0.0589618152272682	FALSE	up_in_cellobiose
YDR383C	1917.96091501712	-0.0654927149401046	0.0736202881804336	-0.889601447628005	0.373679928638753	0.442692888432396	-0.0642050328283359	FALSE	down_in_cellobiose
YOR111W	770.575435218788	0.0870008717322338	0.0978603268410097	0.889031076644381	0.373986378431936	0.442969180171291	0.0843547410028451	FALSE	up_in_cellobiose
YGL240W	232.1991788567	-0.135523491920944	0.152639155091699	-0.887868462319043	0.374611510924923	0.443617562810288	-0.125763830838655	FALSE	down_in_cellobiose
YLR137W	1027.52600164011	-0.080698866743881	0.0909036877151214	-0.887740297145912	0.374680464274717	0.443617562810288	-0.0783090013953324	FALSE	down_in_cellobiose
YNL187W	771.814414624337	-0.0921854011414114	0.104114945725058	-0.885419480358281	0.375930429632449	0.445010404862365	-0.088991175709833	FALSE	down_in_cellobiose
YNL016W	6961.64322563701	0.0528937358931751	0.0597512306806734	0.885232576645214	0.376031205723902	0.445042606813517	0.052350685165651	FALSE	up_in_cellobiose
YGR101W	1293.79194403605	0.078898769640598	0.0891791462581003	0.884722190681787	0.376306484245444	0.4452812838812	0.0772701624845276	FALSE	up_in_cellobiose
YNCF0003C	372.681599852209	0.112033547102779	0.126828284571757	0.883348280559553	0.377048125423506	0.446071603889456	0.105975090448411	FALSE	up_in_cellobiose
YBR198C	3646.15561141465	-0.0566151690251858	0.064102603044114	-0.883196100261708	0.377130328255496	0.446081610406237	-0.0558497009969743	FALSE	down_in_cellobiose
YNR053C	2380.00049068616	0.0611516296990501	0.0692577044847258	0.882957790097368	0.377259077830426	0.446146659197702	0.0577224669643397	FALSE	up_in_cellobiose
YGL161C	3208.5631141106	-0.0582566860982518	0.0660873767583691	-0.881510039523158	0.378041822531459	0.446984946147927	-0.0569709227016509	FALSE	down_in_cellobiose
YJR132W	1885.59737659264	-0.0648437754849978	0.0736160964820868	-0.88083691724644	0.378406095061284	0.447328213606743	-0.063619222305234	FALSE	down_in_cellobiose
YNR026C	2488.57658541345	-0.0605523113415167	0.0688328395857798	-0.879700905932496	0.379021358490069	0.447967994823452	-0.0587115160758063	FALSE	down_in_cellobiose
YBR201W	1415.6965618886	0.0688149657353434	0.0782854644664797	0.87902609001967	0.379387129870356	0.44827139640539	0.0674603939628132	FALSE	up_in_cellobiose
YJL034W	21511.9852192602	-0.0486514350892179	0.0553515213966361	-0.878953890726744	0.379426277003736	0.44827139640539	-0.0488186618282494	FALSE	down_in_cellobiose
YBR182C	676.240051316851	0.0869036977745997	0.0989454467827053	0.878299109260171	0.379781419078914	0.448603359501728	0.0841025862157262	FALSE	up_in_cellobiose
YGL013C	2270.67939554113	-0.0632201488160982	0.0721282674935838	-0.876496150718191	0.380760368076421	0.449671898964129	-0.0640434890534908	FALSE	down_in_cellobiose
YBR060C	1651.37472209291	0.0661282762801108	0.0755213146563957	0.875624008678596	0.381234469042896	0.450143920210907	0.0650538572196617	FALSE	up_in_cellobiose
YER132C	1806.84722193267	-0.0661947255402742	0.0756576457794353	-0.874924468747702	0.381615004372513	0.450505300829299	-0.064887242883131	FALSE	down_in_cellobiose
YPL270W	4272.74083986902	-0.057520649762824	0.0657751125518426	-0.874504771352347	0.381843422941944	0.450661110375295	-0.0562290100615354	FALSE	down_in_cellobiose
YHR179W	24809.8229550717	-0.0505547287890833	0.0578159360544593	-0.874408203673528	0.38189599136779	0.450661110375295	-0.0492751267377274	FALSE	down_in_cellobiose
YFR007W	1203.93686796153	-0.0736525667900488	0.0842586872733816	-0.87412430899949	0.382050560461739	0.450755576405902	-0.0722026702428838	FALSE	down_in_cellobiose
YNL062C	1599.34529240089	-0.0717760144719676	0.0821753624875312	-0.873449319835474	0.382418218617458	0.451101365915952	-0.0701347631981724	FALSE	down_in_cellobiose
YDL156W	1074.46245576373	-0.0837892347148233	0.0960654830779754	-0.872209580696246	0.383094053826254	0.451810476037241	-0.0811127076353739	FALSE	down_in_cellobiose
YIL151C	2756.9712945819	0.059290134812531	0.0680071930955903	0.871821525249444	0.383305749833405	0.451972023536504	0.0583564871994843	FALSE	up_in_cellobiose
YJL209W	1851.91459358854	-0.0704150989025031	0.0809881653382927	-0.869449241236356	0.384601459843182	0.453411465716509	-0.0689037452472554	FALSE	down_in_cellobiose
YIL031W	1781.13906272928	-0.0655257733818335	0.0753908398064563	-0.86914767828627	0.384766361211006	0.453517482261375	-0.0642841692253976	FALSE	down_in_cellobiose
YGL222C	482.178613729468	0.0978059713057331	0.112888413491661	0.866395126661584	0.38627351552255	0.455205239703078	0.0938314007307086	FALSE	up_in_cellobiose
YMR247W-A	35.2555043411838	0.325863210646234	0.376316090941972	0.865929516408805	0.38652881543421	0.455328686380046	0.226489698068178	FALSE	up_in_cellobiose
YNL116W	2759.12763067823	0.0644544903638566	0.07443245884146	0.865946004835655	0.386519772865562	0.455328686380046	0.0645389620927947	FALSE	up_in_cellobiose
YAL065C	87.9867065157776	-0.219479093467436	0.253775217237442	-0.864856292338756	0.387117669709362	0.455933563876933	-0.181464163385679	FALSE	down_in_cellobiose
YBR036C	6231.27827218013	0.0511241186613085	0.0591755492169348	0.863939909943038	0.387620901228094	0.45643738203791	0.0504001725460597	FALSE	up_in_cellobiose
YDR301W	2181.80335495997	0.067515652481562	0.0782320232456382	0.863018105380859	0.388127512440252	0.456944983018895	0.0662247732472665	FALSE	up_in_cellobiose
YGR006W	566.88104850277	-0.0931939942935414	0.10806031975761	-0.862425675794639	0.38845331649366	0.457150605344387	-0.0889754428370752	FALSE	down_in_cellobiose
YIR015W	955.293338561517	-0.0776172050268392	0.0899888047811921	-0.862520679273	0.388401058536911	0.457150605344387	-0.0751487247885783	FALSE	down_in_cellobiose
YOR376W	88.5733877283862	-0.207836904147265	0.241604643453865	-0.860235553324341	0.389659210066988	0.458480560532038	-0.174442514973808	FALSE	down_in_cellobiose
YER170W	702.836700201585	-0.0837276037899267	0.097615072501774	-0.857732332149884	0.391040282391626	0.460016077049192	-0.0813960112454334	FALSE	down_in_cellobiose
YBR272C	1194.69802683884	-0.0719965685209837	0.0840064242282899	-0.857036460989352	0.391424734478355	0.46037880981131	-0.070621305648566	FALSE	down_in_cellobiose
YGL149W	83.7714912945753	0.209065555403665	0.244359063468292	0.855567018617232	0.392237319505622	0.461244857249127	0.175464784706058	FALSE	up_in_cellobiose
YBR091C	641.474233994762	0.087953604038267	0.102988892851463	0.854010579229349	0.393099127690554	0.462168439922285	0.0852724660545183	FALSE	up_in_cellobiose
YNR064C	427.568565539434	0.101884817544858	0.119574065502577	0.852064510114547	0.394178288356196	0.463347156289668	0.0970157485305398	FALSE	up_in_cellobiose
YPL232W	4503.76821786916	-0.0584089578790031	0.0685734361808981	-0.851772364519098	0.394340447533215	0.463447710730215	-0.0617293878807327	FALSE	down_in_cellobiose
YLR215C	1499.7319494069	-0.0717929831380204	0.0843154532042635	-0.851480723991295	0.394502366618298	0.463547943992635	-0.0703278059463208	FALSE	down_in_cellobiose
YKL098W	2594.34551184526	0.0575495660600668	0.0676123470726335	0.851169476460319	0.394675215889197	0.463660979008303	0.0567498682799535	FALSE	up_in_cellobiose
YNCD0002C	86.895272878873	-0.216395776425565	0.254354024027801	-0.850766081852564	0.394899306576363	0.463834156403965	-0.178583299363574	FALSE	down_in_cellobiose
YOL164W-A	147.667221802313	0.162202885692907	0.190968947396712	0.849367857466128	0.395676632800811	0.464656950458572	0.144740160365375	FALSE	up_in_cellobiose
YBR037C	1815.57327977521	0.0694703810022899	0.0818152619974417	0.849112736502172	0.395818563926095	0.464733403181085	0.0679575562361576	FALSE	up_in_cellobiose
YOR332W	13907.1266196257	-0.0484592020005895	0.0571591142356352	-0.847794838121865	0.396552238318515	0.465504461398932	-0.0477980899117476	FALSE	down_in_cellobiose
YGR031C-A	666.455935001049	-1.9552843338485	2.30773042208789	-0.847275884190787	0.396841365210521	0.46575347655383	-0.0617614835579376	FALSE	down_in_cellobiose
YCR006C	166.877638443333	-0.151044152013969	0.178735783953346	-0.845069457682826	0.398072059825162	0.467107253129467	-0.136651487004714	FALSE	down_in_cellobiose
YOR026W	1588.36454384453	0.0658418052345405	0.0779681123448724	0.844470941444699	0.398406294696703	0.467408781346074	0.064569155651497	FALSE	up_in_cellobiose
YGL090W	1295.23585008119	-0.0679871201542463	0.080603473616487	-0.843476305720154	0.398962111895464	0.467970101775386	-0.0665552425490922	FALSE	down_in_cellobiose
YDL077C	1312.60846147788	-0.0679047778295058	0.0806129398306477	-0.842355805062571	0.399588823061395	0.468614344842648	-0.0663031888902218	FALSE	down_in_cellobiose
YKR100C	2184.52136053074	-0.0610246105487786	0.0727779064422856	-0.838504616743439	0.401747355903547	0.471054420597122	-0.0599906982026695	FALSE	down_in_cellobiose
YDL190C	3174.53207090265	0.0556689529215658	0.0665076502362818	0.837030818616965	0.402575245123485	0.471933654603093	0.0551160568854781	FALSE	up_in_cellobiose
YDL101C	1025.96300848077	-0.0730853381782326	0.0875235373044853	-0.835036384829561	0.40369722256363	0.473157236831505	-0.0709636767193307	FALSE	down_in_cellobiose
YPR101W	1584.1767212658	0.0649947612049517	0.0779965459057492	0.833303070670479	0.404673824950518	0.47420998975701	0.0626811413067084	FALSE	up_in_cellobiose
YJL114W	16.6406647604581	-0.45509885517438	0.546271443202238	-0.833100212060501	0.404788214004575	0.47425216085874	-0.234989923642408	FALSE	down_in_cellobiose
YNCM0005C	13.4109482789965	-0.519936188872284	0.625038617244552	-0.83184650440383	0.405495590639368	0.474988928694333	-0.231366142786208	FALSE	down_in_cellobiose
YKL190W	3860.54962526945	-0.0550297491748439	0.0661979509485815	-0.831290823753557	0.405809357171487	0.475264433984574	-0.0539106004014675	FALSE	down_in_cellobiose
YMR158C-A	69.929307519609	0.221535808631208	0.267673849864389	0.827633363301812	0.407878167728718	0.477538033454149	0.180310550877172	FALSE	up_in_cellobiose
YOR141C	3144.86194242222	0.0569633229415464	0.0688312251922274	0.82757967452218	0.407908583048039	0.477538033454149	0.0565362058158914	FALSE	up_in_cellobiose
YML043C	1972.29738372739	0.0936056506028833	0.113212937569304	0.826810544913051	0.40834445227602	0.477955803370287	0.0898646609580606	FALSE	up_in_cellobiose
YLR318W	1368.37971327565	-0.0676653775721878	0.0819898492687487	-0.825289693488669	0.409207141764585	0.478872896214737	-0.0662018888810892	FALSE	down_in_cellobiose
YBR128C	1003.6649479621	0.0796520975848628	0.0965777747973976	0.82474562860822	0.409516020907819	0.479141665468356	0.0767672289497652	FALSE	up_in_cellobiose
YLR309C	3454.69530552487	0.0541526207902104	0.0657507864478438	0.823604153133081	0.410164515383783	0.479807610434442	0.0534367202567768	FALSE	up_in_cellobiose
YGL220W	2067.61117538049	0.0657053823865393	0.0799127719142498	0.822213781509723	0.410955236537942	0.480630270261527	0.0644752108584561	FALSE	up_in_cellobiose
YIL001W	1474.49194822479	-0.0655712703809106	0.0797683193156986	-0.822021460943656	0.411064682786719	0.480630270261527	-0.0641615733521265	FALSE	down_in_cellobiose
YMR227C	2240.6142643275	0.0585157705201729	0.0711915181254537	0.821948626198087	0.411106136275937	0.480630270261527	0.057480164445115	FALSE	up_in_cellobiose
YMR299C	1471.98550135986	0.066927875617179	0.0814711933017554	0.821491289188432	0.41136648379707	0.480814696850764	0.0658107669110682	FALSE	up_in_cellobiose
YMR185W	1934.90137024293	-0.0603449966072586	0.0734667197950737	-0.821392281778518	0.411422858472401	0.480814696850764	-0.0591441516444005	FALSE	down_in_cellobiose
YIL021W	3015.93590397537	0.0591454022411225	0.0720606849018197	0.820772135620223	0.411776073083219	0.481062169212665	0.0580167793684663	FALSE	up_in_cellobiose
YML049C	2672.41748299927	0.0559287483472921	0.0681441909844139	0.820741247923601	0.41179367038902	0.481062169212665	0.0551648099449396	FALSE	up_in_cellobiose
YGL144C	2264.7719867701	-0.0572705017350178	0.0698440710126381	-0.81997656930185	0.412229464501698	0.48147828360123	-0.0579513518982599	FALSE	down_in_cellobiose
YDR443C	1393.10563482447	-0.0668373452073031	0.0815886392082343	-0.819199166157407	0.41267279057919	0.481903032859752	-0.0653007699490033	FALSE	down_in_cellobiose
YOR162C	1755.99639187136	-0.0692765565037315	0.0846125457101378	-0.818750410146697	0.412928829156778	0.481922918689822	-0.0676118417496703	FALSE	down_in_cellobiose
YDR463W	5637.25637689657	-0.0511607463479883	0.0624805837829329	-0.818826317720214	0.412885513337175	0.481922918689822	-0.0503550525993324	FALSE	down_in_cellobiose
YPL206C	6625.78802023809	0.0483224725239658	0.0590003610112571	0.819019946585513	0.412775033353648	0.481922918689822	0.0477756559257736	FALSE	up_in_cellobiose
YJR140C	1490.61699564453	0.0734524553039168	0.0899052191578238	0.81699879041477	0.413929119293966	0.482997153281096	0.0716440098900281	FALSE	up_in_cellobiose
YCL075W	21.5886217413146	-0.453501252970608	0.556635971163151	-0.814717834391782	0.415233842408275	0.484426135530888	-0.222472079062837	FALSE	down_in_cellobiose
YAL028W	1390.96496910292	-0.0646180374586366	0.0794498442962844	-0.813318616681777	0.416035406044204	0.485267676660507	-0.063225966857716	FALSE	down_in_cellobiose
YBR006W	3940.94066463604	-0.0556762173645511	0.0685226528311278	-0.81252279449489	0.416491712382833	0.485706259534174	-0.0545811449860927	FALSE	down_in_cellobiose
YML122C	171.507726261601	-0.1445069069556	0.178292754587351	-0.810503529939023	0.417650837077806	0.486964131357681	-0.131166252034437	FALSE	down_in_cellobiose
YCL014W	1750.75314639308	0.0629474149073527	0.07778495630056	0.809249216058241	0.418371810842009	0.48771075039185	0.0618419265372471	FALSE	up_in_cellobiose
YLR305C	3011.36232000897	-0.0576000292796044	0.071202452943153	-0.808961305386368	0.418537403888224	0.487809779599203	-0.0562073058424534	FALSE	down_in_cellobiose
YNL126W	1378.15686905812	-0.066143538101458	0.0818383399969725	-0.808221893355912	0.418962856584233	0.488211581482956	-0.0649532691175665	FALSE	down_in_cellobiose
YGR057C	1473.49737303243	-0.0625015330844398	0.0775311772919305	-0.806147091628712	0.420158041337114	0.489510013876773	-0.062393372334187	FALSE	down_in_cellobiose
YFR041C	1636.14049830014	-0.0608650181238987	0.0756652606026702	-0.804398447043092	0.421166897776732	0.490590904034557	-0.0594868818648824	FALSE	down_in_cellobiose
YGL015C	78.9813037477536	-0.272717533870696	0.339202857961715	-0.803995389394615	0.421399637765722	0.490767502665547	-0.196897863887395	FALSE	down_in_cellobiose
YPR075C	5558.42369440293	0.0481708656531019	0.0599287642108485	0.803802085483049	0.421511285164333	0.490803034448325	0.048022620463179	FALSE	up_in_cellobiose
YPR145C-A	1794.29785194488	-0.174177424054252	0.217301458316113	-0.80154742358366	0.422814801151595	0.492226083942648	-0.150725355235074	FALSE	down_in_cellobiose
YGR075C	1018.68051863948	-0.0700320731271819	0.0879273837182144	-0.796476253081946	0.425755272703101	0.495490744696916	-0.0677644781782489	FALSE	down_in_cellobiose
YLL029W	8654.21227135397	-0.0493625286500965	0.0619798491420239	-0.796428667275142	0.425782921298491	0.495490744696916	-0.0485323716032456	FALSE	down_in_cellobiose
YDL161W	3614.45607102328	-0.0507643485019596	0.0637888078858896	-0.795819050150158	0.426137217446119	0.495807660767758	-0.0500920300846538	FALSE	down_in_cellobiose
YOR338W	2334.93230933205	0.249958090745949	0.314818520914631	0.793975176618436	0.42720988267969	0.496938548758389	0.190590137893834	FALSE	up_in_cellobiose
YAL068C	634.507913415287	0.116024405548758	0.146265187154215	0.79324689494587	0.427633990318167	0.496938548758389	0.108734816908336	FALSE	up_in_cellobiose
YKL023C-A	1033.0193576634	0.087685375204158	0.110551854395396	0.793160600368994	0.427684259354633	0.496938548758389	0.0843981665072979	FALSE	up_in_cellobiose
YDL203C	1991.89636589654	-0.0582250665982167	0.0734068676311483	-0.793182824402527	0.427671312896344	0.496938548758389	-0.0566239254824777	FALSE	down_in_cellobiose
YGR187C	2909.63512304213	0.0555117507593737	0.0699549598444865	0.793535596086098	0.427465838735895	0.496938548758389	0.0539012481394966	FALSE	up_in_cellobiose
YDR300C	2784.46493980478	0.0554978784065319	0.0699495738201497	0.793398377940441	0.427545755502918	0.496938548758389	0.0546461948104219	FALSE	up_in_cellobiose
YGL054C	3642.69213812974	0.0508332510475082	0.0640546736373203	0.793591601689015	0.427433223198163	0.496938548758389	0.0498961909880055	FALSE	up_in_cellobiose
YBR253W	1505.82147962827	-0.063253264643908	0.0798192183017144	-0.792456578625118	0.428094500502269	0.497319691480358	-0.0634447435630339	FALSE	down_in_cellobiose
YPR139C	1689.2315526277	-0.0689882485018371	0.0873703811347236	-0.789606816473175	0.429757426138853	0.499155658739232	-0.067161610850155	FALSE	down_in_cellobiose
YGL164C	2213.83244191811	-0.0586063495127462	0.0742881171264737	-0.78890611015178	0.430166884253562	0.499535320186177	-0.0583940118706281	FALSE	down_in_cellobiose
YGR165W	1862.90863507505	0.061642767139391	0.0782108271034486	0.788161555405325	0.430602213320075	0.499944873008279	0.0602383617260227	FALSE	up_in_cellobiose
YPL150W	2792.99392117497	0.0531785698317632	0.0677966147212025	0.78438385235675	0.432814910475512	0.502417461805099	0.0517642005779741	FALSE	up_in_cellobiose
YNCC0004C	22.978165961026	-0.365610048169796	0.467100995656478	-0.782721620312447	0.433790603234547	0.503356869166655	-0.215631180715776	FALSE	down_in_cellobiose
YNCN0016C	22.978165961026	-0.365610048169796	0.467100995656478	-0.782721620312447	0.433790603234547	0.503356869166655	-0.215631180715776	FALSE	down_in_cellobiose
YPR095C	2999.85721909892	0.0528500621795279	0.0675679199725499	0.782176840740381	0.434110653000181	0.503631634061775	0.0505362423565475	FALSE	up_in_cellobiose
YOR098C	3312.20654415582	-0.0510933669211055	0.0654819339482183	-0.780266614628534	0.435233959437557	0.504838009710026	-0.0508317472863745	FALSE	down_in_cellobiose
YMR208W	2638.06123617214	-0.0562737091608204	0.0721979343268428	-0.779436554321169	0.435722597837166	0.505307897683477	-0.0551546512215991	FALSE	down_in_cellobiose
YOL078W	1821.30340166993	-0.058703044756523	0.0754231826795707	-0.778315667291821	0.436382941413709	0.505976694002592	-0.0575084887060779	FALSE	down_in_cellobiose
YNL113W	3125.23009552228	0.0561941134950522	0.0722383047508817	0.777899117218228	0.43662848875544	0.50616437878146	0.0552549337638453	FALSE	up_in_cellobiose
YPL159C	4970.53020399084	-0.0614438340030359	0.0791023430573636	-0.776763767395334	0.437298157136981	0.506843562468212	-0.0602252108292177	FALSE	down_in_cellobiose
YNL130C-A	22.8865680940822	-0.368114354727253	0.475136412355808	-0.774755091705304	0.438484390301185	0.508023764974501	-0.213542657689814	FALSE	down_in_cellobiose
YLR193C	1681.77308440307	-0.05832209889284	0.0752672759762002	-0.774866608847139	0.438418484857864	0.508023764974501	-0.0570305086150667	FALSE	down_in_cellobiose
YOR251C	3367.8768090554	0.0497380131718205	0.0643808910685943	0.77255863263569	0.439783634417481	0.509431483069963	0.0487324501096726	FALSE	up_in_cellobiose
YFL034C-A	3964.97573785319	0.0557798495425472	0.0722685371180128	0.771841409373764	0.440208362593325	0.509825844404944	0.0540802964926176	FALSE	up_in_cellobiose
YGR093W	2048.30583843402	-0.0548137778660905	0.0713920096161979	-0.767785893138017	0.442614396782106	0.512514258448499	-0.0538731413505172	FALSE	down_in_cellobiose
YKL155C	2475.33223680983	0.0590194450157889	0.077004481282412	0.766441693170252	0.443413532767767	0.513341332002339	0.0583252710659519	FALSE	up_in_cellobiose
YJR076C	3627.18922168628	0.049578103653428	0.0647901719374633	0.765210249808901	0.444146357187613	0.514091334601583	0.0485838062583436	FALSE	up_in_cellobiose
YDR265W	2297.04235778936	0.0600481912975515	0.07851779957998	0.764771702961251	0.444407500589592	0.514295192474927	0.0588669616849675	FALSE	up_in_cellobiose
YNL298W	2175.22474807533	-0.0547887142872259	0.0719005841488332	-0.762006525201715	0.446056109696239	0.516104324321452	-0.0542717531511962	FALSE	down_in_cellobiose
YPR067W	1052.49926288546	-0.0649120799591196	0.0853310197458014	-0.760709061634219	0.446830861177601	0.516803036188013	-0.0635941164386818	FALSE	down_in_cellobiose
YGL208W	1713.10730295224	0.0592724664702282	0.0779118338187275	0.76076333420843	0.44679843818283	0.516803036188013	0.0584876223497486	FALSE	up_in_cellobiose
YFR052W	4255.16073929217	-0.0532609619415057	0.0700421086724908	-0.760413456290245	0.44700748235509	0.516908480360531	-0.0523425589471771	FALSE	down_in_cellobiose
YMR066W	1883.66176596282	-0.0557329479743487	0.0734264665814414	-0.759030776900209	0.447834146292646	0.517765434045149	-0.0538625442350761	FALSE	down_in_cellobiose
YGR257C	2790.50878360742	-0.0553059096758496	0.0729235865921884	-0.758409072569861	0.448206128232759	0.518096478058467	-0.054514665375367	FALSE	down_in_cellobiose
YPR031W	1112.09763259623	0.0652163256499894	0.0861107483826506	0.757354068741656	0.448837765992325	0.518727483088952	0.0637195911617131	FALSE	up_in_cellobiose
YER148W	4607.99292212488	0.050297860873306	0.066452196838462	0.756902905641699	0.449108034458865	0.518940687763453	0.0491301264057289	FALSE	up_in_cellobiose
YMR321C	687.8685275118	0.0809693841531229	0.107011283959529	0.756643422610881	0.449263519129216	0.518972697865975	0.0779797786406597	FALSE	up_in_cellobiose
YKR087C	776.684967910085	0.07248076678722	0.0958017577276995	0.756570322991719	0.449307326619956	0.518972697865975	0.0703365370231184	FALSE	up_in_cellobiose
YLR238W	1278.49592410531	-0.0635733281213099	0.0841291138288792	-0.755663827038756	0.449850777150819	0.519501212482875	-0.0621699454944916	FALSE	down_in_cellobiose
YLR369W	2443.46975090379	0.056279148156361	0.0745815690761573	0.754598607316679	0.450489859563971	0.520139942833071	0.0552359204962254	FALSE	up_in_cellobiose
YMR069W	171.332626112662	-0.138699869376889	0.183996686668466	-0.753817212082762	0.450958987227009	0.520582235445836	-0.124608392322566	FALSE	down_in_cellobiose
YGR023W	1356.31161107467	0.064582247512365	0.0857035861495992	0.753553619094001	0.451117303379282	0.520665630250196	0.0629695625544322	FALSE	up_in_cellobiose
YBR266C	879.227559807192	0.0707588227351201	0.0939409889544383	0.753226291554567	0.451313942810294	0.520693885191583	0.0689146605411423	FALSE	up_in_cellobiose
YJL125C	2001.23181963909	-0.0546096089723023	0.0724971597913371	-0.753265495220514	0.4512903889619	0.520693885191583	-0.0535651029326584	FALSE	down_in_cellobiose
YNL288W	2406.79874246177	-0.0518522104141966	0.0688567736803164	-0.75304443764578	0.451423211060921	0.520720633811501	-0.0501862049982004	FALSE	down_in_cellobiose
YNCE0015C	17.3497557748768	0.395385912690071	0.526690738848263	0.750698433685539	0.452834165888801	0.522149041071551	0.211392536312112	FALSE	up_in_cellobiose
YNCP0012W	17.3497557748768	0.395385912690071	0.526690738848263	0.750698433685539	0.452834165888801	0.522149041071551	0.211392536312112	FALSE	up_in_cellobiose
YDR246W	1787.92822994845	0.0566028116711058	0.0755257449481268	0.74945055768708	0.453585688222982	0.52291591920351	0.0556508973816122	FALSE	up_in_cellobiose
YNL299W	2197.7667376328	-0.0536079869368016	0.0716546314451837	-0.748144060692184	0.454373268020562	0.523724065978731	-0.0526528282412538	FALSE	down_in_cellobiose
YPL069C	891.381872804582	0.0736177280746239	0.0984253050653	0.747955294888671	0.454487123121818	0.523755497764122	0.0711504019951907	FALSE	up_in_cellobiose
YIL127C	1486.67767910993	-0.0583363057433809	0.0780391630142156	-0.747526030395205	0.454746096134601	0.523954121051086	-0.0584609901384012	FALSE	down_in_cellobiose
YNL263C	3335.73846195971	0.0508208307333381	0.0680075097917816	0.747282629358671	0.454892975626741	0.524023540195421	0.0501296227444871	FALSE	up_in_cellobiose
YDR093W	2279.51805577162	-0.0523223007849721	0.0702253067048108	-0.745063328878103	0.45623343657547	0.525467642392425	-0.0527203386779777	FALSE	down_in_cellobiose
YBL084C	1758.09241536527	-0.056227440350072	0.0756706996283596	-0.743054321239542	0.457448793371187	0.526666873068578	-0.0551217668866729	FALSE	down_in_cellobiose
YGR047C	2735.45141198937	0.0531797275427544	0.0715567221000574	0.743182834289047	0.45737099453372	0.526666873068578	0.0524220713273677	FALSE	up_in_cellobiose
YMR047C	6530.58469436227	-0.0450302908201259	0.0606148930152381	-0.742891533419117	0.457547352030717	0.526680101319468	-0.0445285634068087	FALSE	down_in_cellobiose
YMR155W	1446.59699760652	-0.0642035099427443	0.0865040502197081	-0.742202356764526	0.457964740882898	0.527060258295405	-0.0624718239763214	FALSE	down_in_cellobiose
YJL219W	632.398197831022	0.0887812675018237	0.119782751652559	0.741185740659405	0.458580828041069	0.527668904093671	0.0850298527724408	FALSE	up_in_cellobiose
YJR092W	3191.97776637262	-0.0603257845158763	0.0814190679676965	-0.740929440997911	0.45873622343265	0.527702885556791	-0.0589696639022533	FALSE	down_in_cellobiose
YGR019W	6750.83340183933	-0.049785621342494	0.0672007427657879	-0.740849271800609	0.458784836360252	0.527702885556791	-0.0481442420307997	FALSE	down_in_cellobiose
YNL225C	1877.92354301817	-0.0538686489170533	0.0727671470143238	-0.74028804381254	0.459125234145984	0.527994019267881	-0.0528090918506021	FALSE	down_in_cellobiose
YCR066W	823.559088654731	-0.06832122267201	0.092525693248969	-0.738402710349553	0.460269768063961	0.529209623079054	-0.065937467494743	FALSE	down_in_cellobiose
YDL135C	2464.1958152632	-0.0505908157262895	0.0685602666471233	-0.73790284373715	0.460573490780682	0.529458199493034	-0.0488815460801838	FALSE	down_in_cellobiose
YLR104W	1402.48147428893	0.0587292820311649	0.079701394274174	0.736866432086938	0.461203579267307	0.530081788141353	0.0572032548962712	FALSE	up_in_cellobiose
YDL024C	809.106590447928	0.0689025951291103	0.0940265237218402	0.732799559121697	0.463680690251915	0.532827601697157	0.0669677127264374	FALSE	up_in_cellobiose
YHR155W	2071.99986380779	0.0524952632948966	0.0719070071654745	0.73004377965687	0.465363424503139	0.534659706518421	0.0517298907835892	FALSE	up_in_cellobiose
YNL210W	427.931042242075	-0.0857092544303207	0.117710993142896	-0.728132964830851	0.466532196252338	0.535900732079451	-0.0819915467127495	FALSE	down_in_cellobiose
YBR204C	2126.64656312079	-0.0565450043914434	0.077715424530651	-0.727590497419751	0.466864299299466	0.536180396138688	-0.0553558120763992	FALSE	down_in_cellobiose
YLR189C	4968.6668784537	-0.0469373415567229	0.0646321781707513	-0.726222492961934	0.467702385065227	0.537040950504851	-0.0466741234208988	FALSE	down_in_cellobiose
YDL147W	7028.42224678598	0.05008752362488	0.0690347097297336	0.72554116358234	0.46812010127735	0.537418578976408	0.0495208565600489	FALSE	up_in_cellobiose
YDR444W	2224.02463642218	0.0511361619433905	0.0705741570174747	0.7245734714299	0.468713738611524	0.537997989537212	0.0503023825457743	FALSE	up_in_cellobiose
YJL207C	1859.08276124329	0.0552801778160358	0.076310332370905	0.724412751176964	0.468812373871798	0.538009115832006	0.0542399831308301	FALSE	up_in_cellobiose
YGR025W	185.15002966317	-0.131843810072356	0.182645764817605	-0.721855282021015	0.470383457001294	0.539607345230576	-0.11851560369166	FALSE	down_in_cellobiose
YJR035W	1905.26719858054	-0.056443325028222	0.0781891936519686	-0.72188140575358	0.470367394203708	0.539607345230576	-0.0553911261154687	FALSE	down_in_cellobiose
YLR125W	183.867769507532	-0.123767125133207	0.171648118797725	-0.721051451073914	0.470877859587271	0.540072084308571	-0.112277856052982	FALSE	down_in_cellobiose
YDL112W	2077.10587409604	-0.0645425700964641	0.089693876612525	-0.71958725092557	0.471779163961856	0.541003253612373	-0.061789272654678	FALSE	down_in_cellobiose
YGL229C	828.331160216755	-0.0702277517604803	0.0978676876053113	-0.717578533618782	0.473017197472227	0.542320134099603	-0.0678675207065251	FALSE	down_in_cellobiose
YLR117C	2864.34234578356	0.0494087421208385	0.0689105591915751	0.71699813062726	0.473375250121316	0.542627797609217	0.0481637741443946	FALSE	up_in_cellobiose
YMR166C	584.291917183381	-0.0773573749928106	0.108220490737948	-0.714812642830541	0.474724821899145	0.544071702854856	-0.0746367672995625	FALSE	down_in_cellobiose
YDR016C	893.875432213768	-0.0676327913889501	0.0946903421634837	-0.714252265264619	0.475071203516781	0.544365544624552	-0.0654657420096788	FALSE	down_in_cellobiose
YLR368W	1794.07839795223	-0.0527326054745048	0.0739570142368058	-0.713016960171732	0.475835262273758	0.545137784373857	-0.0517471792768077	FALSE	down_in_cellobiose
YFR057W	15.565187942639	-0.423288336990714	0.59582837848554	-0.710419899882271	0.477443786444248	0.546829935915623	-0.194646970640229	FALSE	down_in_cellobiose
YCR098C	442.911940093228	-0.0847308193966953	0.11928199969242	-0.710340366653659	0.477493093322255	0.546829935915623	-0.080787646784377	FALSE	down_in_cellobiose
YOR161C-C	19.4581225684243	-0.354870408160422	0.500046293866127	-0.709675109111854	0.477905630937825	0.547198781287697	-0.19644949470784	FALSE	down_in_cellobiose
YDR078C	857.534942940342	0.0650276435231758	0.0916729025538236	0.709344219629093	0.478110893734643	0.547330203671623	0.0637055411525495	FALSE	up_in_cellobiose
YDR204W	2482.13583422222	0.0534064125955062	0.0754066049258665	0.708245818095258	0.478792617598288	0.548006914636149	0.0524241497216763	FALSE	up_in_cellobiose
YCR007C	987.250035958887	-0.064376440927575	0.0910948102984482	-0.70669712925097	0.479754713946224	0.549004212005431	-0.062303809091062	FALSE	down_in_cellobiose
YKR090W	2005.08436173372	-0.0543703279250041	0.0769660678151183	-0.706419458190435	0.479927323738706	0.549097859144209	-0.0533494307183142	FALSE	down_in_cellobiose
YER115C	1239.4610192007	-0.0624977572295014	0.0885522480008298	-0.705772678169793	0.480329515521928	0.549454092169467	-0.0609266820448576	FALSE	down_in_cellobiose
YLL034C	1866.38035889745	0.0603660020347218	0.0855693156498902	0.705463185912475	0.480522034240322	0.54957038856489	0.059450482910033	FALSE	up_in_cellobiose
YGL007W	75.7982602403376	-0.182099906591867	0.25818838672362	-0.705298595737372	0.480624434182009	0.549583592129863	-0.150049179303176	FALSE	down_in_cellobiose
YDR508C	11086.4236808984	-0.0536647745352755	0.0761664974914428	-0.704571908945986	0.481076685185242	0.549908268915043	-0.0518601122742729	FALSE	down_in_cellobiose
YJR046W	2778.37028664173	-0.0480484892233517	0.0681973948878366	-0.704550214892761	0.481090189965021	0.549908268915043	-0.0477270222022766	FALSE	down_in_cellobiose
YFR012W-A	18.6384613417904	-0.358018344350923	0.50982625891779	-0.702235983511108	0.482532008552052	0.551452129176528	-0.194673813482704	FALSE	down_in_cellobiose
YGR227C-A	18.273004108505	-0.363252201823692	0.517960234104515	-0.701312915366384	0.483107755364176	0.552005820211164	-0.194935105335807	FALSE	down_in_cellobiose
YNL297C	2625.71304547174	0.0500841426728019	0.0715463060961276	0.700024157858132	0.483912217801262	0.552716201941057	0.0492712483659204	FALSE	up_in_cellobiose
YLR432W	14617.0853974796	-0.0394137047748356	0.0563000985177935	-0.700064579147744	0.483886975171939	0.552716201941057	-0.0389831669550269	FALSE	down_in_cellobiose
YOL102C	1838.42850242883	0.0550738856838805	0.0787010177674846	0.699786193954843	0.484060837994633	0.55278157618077	0.0540222342758118	FALSE	up_in_cellobiose
YOL033W	1089.86317570614	0.0645360561002224	0.092596624471623	0.696959057292634	0.485828416853715	0.554669395392253	0.0624328412777612	FALSE	up_in_cellobiose
YHR117W	2185.28849379627	-0.0526026579612042	0.0754864618251427	-0.696848900973175	0.485897359263275	0.554669395392253	-0.0514926883057868	FALSE	down_in_cellobiose
YNCG0015C	14.1949719657153	-0.400479953123008	0.577118069002537	-0.693930713025808	0.487725661560716	0.556232026369725	-0.193320172351552	FALSE	down_in_cellobiose
YMR026C	2401.12980187481	0.0525764573075344	0.0757302662404463	0.694259507032528	0.487519480221418	0.556232026369725	0.0522542649842496	FALSE	up_in_cellobiose
YNL201C	2553.8148682152	-0.0494679569613233	0.0712566774732824	-0.694222053503284	0.487542964341727	0.556232026369725	-0.0485978123352507	FALSE	down_in_cellobiose
YLR201C	2936.75950573065	-0.0459489873339289	0.0662155800895738	-0.693930148641316	0.487726015517444	0.556232026369725	-0.0452913129549978	FALSE	down_in_cellobiose
YML085C	7604.15810999888	-0.0407143216884296	0.0586421991849675	-0.694283677186281	0.487504325370375	0.556232026369725	-0.0400029255159203	FALSE	down_in_cellobiose
YNL269W	78.6459109139815	0.187458812888752	0.270852668572889	0.69210620621338	0.488870634489026	0.557432321964961	0.151155886704201	FALSE	up_in_cellobiose
YNCO0007W	9.63536554436476	0.484541377588413	0.701532115884546	0.690690228739515	0.489760231196203	0.558341432059147	0.187961464033501	FALSE	up_in_cellobiose
YBR010W	32992.4476901937	0.0392469396374367	0.056877602127728	0.690024511745436	0.490178772941505	0.558713283874725	0.0392028083213012	FALSE	up_in_cellobiose
YOR375C	36390.1477780608	0.0481157294548692	0.0697544427983874	0.689787309948688	0.49032795013316	0.558778027572623	0.0483663012491184	FALSE	up_in_cellobiose
YHL039W	2579.21362288831	0.0475707320371465	0.0690557046755876	0.688874760754756	0.490902083655254	0.559326936151936	0.0468520569385892	FALSE	up_in_cellobiose
YJL110C	1839.58545973178	-0.0554559543652593	0.0805707284753877	-0.688289102191743	0.491270743011717	0.559641567698282	-0.0544233137271173	FALSE	down_in_cellobiose
YEL066W	3351.52483793621	-0.0447217885158852	0.0650278497191555	-0.687732851524865	0.491621028366185	0.559935153565629	-0.0432141714566341	FALSE	down_in_cellobiose
YDL022C-A	38.8180793403346	0.251886972464953	0.366716810422267	0.686870536899878	0.492164314982845	0.560448407630126	0.175786070450125	FALSE	up_in_cellobiose
YJR110W	1831.95542089248	-0.0533696127196776	0.077776424772002	-0.686192671829904	0.492591618285454	0.560829418221101	-0.0522459443660008	FALSE	down_in_cellobiose
YDR043C	2631.11867209815	-0.060302171487528	0.0879729851465726	-0.685462376740519	0.493052194167301	0.561248160052316	-0.0588120869495121	FALSE	down_in_cellobiose
YCL057W	5856.9816557618	0.040774384316373	0.0595077569224857	0.685194442289018	0.493221230469534	0.561334943200416	0.041028777831607	FALSE	up_in_cellobiose
YOR390W	892.623713963061	0.0791942812152922	0.115735803434561	0.684267779417718	0.493806089066575	0.56189485191191	0.0761141004823175	FALSE	up_in_cellobiose
YHR079C	2216.07623400033	0.0533394235210064	0.0780040034864109	0.683803665670809	0.49409915155991	0.562122581866822	0.0523365247888539	FALSE	up_in_cellobiose
YDL116W	2608.03709168199	-0.0459869679015742	0.0677704704354952	-0.678569406499032	0.49741073285136	0.565783663598698	-0.0452420739083521	FALSE	down_in_cellobiose
YNL339C	712.35858628874	-1.56255999240035	2.30499186832851	-0.677902605154724	0.497833448092892	0.566158023597274	-0.046884794906892	FALSE	down_in_cellobiose
YBR288C	1346.41547381975	-0.0608253049762565	0.0900375947917001	-0.675554529382693	0.499323519314099	0.567744699396505	-0.0591697135615385	FALSE	down_in_cellobiose
YBR199W	7643.76765588525	-0.041738441606479	0.061797342541834	-0.675408357215748	0.499416357329939	0.567744699396505	-0.0396040685085334	FALSE	down_in_cellobiose
YGL110C	2395.20293541813	-0.052534756473243	0.0778505543938394	-0.674815444569272	0.499793026654877	0.567959424804687	-0.0510485722992224	FALSE	down_in_cellobiose
YCR016W	2499.39434653459	-0.0497698496663598	0.0737394079633242	-0.674942354990345	0.499712389511927	0.567959424804687	-0.0480546650127668	FALSE	down_in_cellobiose
YOR362C	6958.61204380445	0.0407089870204698	0.0604144565979295	0.673828572048515	0.500420307533478	0.568565447083022	0.0400832161950981	FALSE	up_in_cellobiose
YIL109C	7402.53747526237	0.0425027134297475	0.0631244759957029	0.673315900992839	0.50074633879955	0.568829033502062	0.0418349406074081	FALSE	up_in_cellobiose
YFR004W	5595.34566937442	0.0443446428375927	0.0659304721764322	0.672597076491806	0.501203662134972	0.56924163579693	0.0450916971215057	FALSE	up_in_cellobiose
YDR469W	1329.29874141489	0.0584976943580204	0.0870134302428846	0.672283510657299	0.501403225141239	0.569361387062015	0.0572530248145295	FALSE	up_in_cellobiose
YCR086W	888.431532296651	0.0652864381416323	0.0971572380846105	0.671966797623218	0.50160483383161	0.569483415887277	0.0630582864227397	FALSE	up_in_cellobiose
YKL078W	794.809996967092	-0.0642699132792864	0.0957072693882865	-0.67152593204328	0.501885545225959	0.569593941751643	-0.0622436327865444	FALSE	down_in_cellobiose
YOL022C	1965.89525627753	0.0500377434215298	0.074514359372239	0.671518132116853	0.501890512404738	0.569593941751643	0.048789007467091	FALSE	up_in_cellobiose
YBR188C	823.44269791054	-0.0625226338247834	0.0931542038106837	-0.671173508732332	0.502110002744428	0.569736148302579	-0.0604808252943861	FALSE	down_in_cellobiose
YLR244C	9871.77577093347	-0.0448916406971587	0.0669143683330478	-0.670881931870342	0.502295747452419	0.569840018068207	-0.0437820832275847	FALSE	down_in_cellobiose
YNL223W	1747.69745170699	0.0535108991214538	0.0798435970441569	0.67019649793408	0.502732536058237	0.570228597527897	0.0527092299646746	FALSE	up_in_cellobiose
YNL197C	2541.67242762308	-0.0486022105766254	0.0726464625529893	-0.669023774436013	0.503480312341991	0.570969705541189	-0.0467975344396765	FALSE	down_in_cellobiose
YIL128W	2227.9649122048	-0.0490320318697148	0.0733395109693048	-0.668562296389411	0.503774730500153	0.571196503241879	-0.0481362660220164	FALSE	down_in_cellobiose
YHR023W	1864.17670450981	-0.0532682755369933	0.0798268328752844	-0.667297869880616	0.504581886742281	0.572004466436293	-0.0521956431165693	FALSE	down_in_cellobiose
YDR323C	1353.93987413745	-0.0532304488634363	0.0798990567061083	-0.666221242876912	0.505269696823939	0.57267685892599	-0.0520527729372024	FALSE	down_in_cellobiose
YML105C	2476.68975870991	0.0456448335600391	0.0685459014800664	0.665901718037991	0.505473922310767	0.572801003382883	0.045630104124398	FALSE	up_in_cellobiose
YLR138W	4274.73007556356	0.044806140666983	0.0674664074754617	0.664125189758763	0.50661018914492	0.573981088993748	0.0443883523820863	FALSE	up_in_cellobiose
YPR071W	902.263896530088	-0.0656354448045142	0.0989298299725437	-0.663454539674537	0.507039485575875	0.574359896675743	-0.0632859195960105	FALSE	down_in_cellobiose
YMR036C	1240.97299663736	-0.0552821937812972	0.0833753240880695	-0.663052220617487	0.50729710968174	0.574544133395403	-0.0546784845210793	FALSE	down_in_cellobiose
YGR091W	1094.0903100298	-0.0590261558783946	0.0890519807169364	-0.662828107844307	0.507440649602846	0.574599118204346	-0.0572676956573944	FALSE	down_in_cellobiose
YKL174C	1782.86122709942	0.0558891893812544	0.0845021342474474	0.661393820156	0.508359788045032	0.575532165054164	0.0545592522487426	FALSE	up_in_cellobiose
YLR365W	14.0386859044741	-0.403735704209109	0.611335920712204	-0.660415477858325	0.508987242291139	0.576134698469143	-0.17964351815778	FALSE	down_in_cellobiose
YDR163W	1673.84767963913	-0.0493800455063702	0.0751669693550997	-0.656938093021839	0.511220723248335	0.578554565936235	-0.0481821702637159	FALSE	down_in_cellobiose
YLR326W	914.464167764193	0.0594472049160438	0.090560329658664	0.656437594033829	0.51154260838269	0.578810557071996	0.0582285010652561	FALSE	up_in_cellobiose
YOR360C	6366.80431176442	0.131302506189077	0.200152112334389	0.65601359215092	0.511815378812405	0.579010889552316	0.116213953793616	FALSE	up_in_cellobiose
YPL248C	1546.02608205088	0.0499957397305374	0.0763836954625213	0.654534183346346	0.512767711553728	0.579979784440632	0.0476582579667689	FALSE	up_in_cellobiose
YDR370C	2060.20130820242	0.0484825868107174	0.0740953104028176	0.654327332555095	0.512900940167881	0.580022020391758	0.0473142073988281	FALSE	up_in_cellobiose
YBR126W-A	2735.77280986657	0.043931147630356	0.0672075877984689	0.653663508383748	0.513328618325303	0.580397161168179	0.043285744566613	FALSE	up_in_cellobiose
YEL003W	1300.10624792306	0.053823425095643	0.0823943819833571	0.653241444380453	0.513600635591452	0.580596195980694	0.0527084081016913	FALSE	up_in_cellobiose
YNL051W	1141.35960071793	-0.0651807932893339	0.100206374314388	-0.650465539096695	0.515391554594712	0.582511867291371	-0.0627657508217339	FALSE	down_in_cellobiose
YNCO0003C	13.272614271311	0.406819359465038	0.625958990474666	0.649913757379769	0.51574793113824	0.582805760406354	0.178213090661438	FALSE	up_in_cellobiose
YMR247C	2086.5241574819	0.0478461516424299	0.0737543204436178	0.648723374503956	0.516517193121481	0.583457049709027	0.0472864825259033	FALSE	up_in_cellobiose
YDR498C	1975.20749685265	-0.0466187332436941	0.0718566931608959	-0.648773707681052	0.516484654239054	0.583457049709027	-0.0455435871002285	FALSE	down_in_cellobiose
YIL167W	977.321654512499	-0.0575342708290596	0.0887839561755396	-0.648025536452841	0.516968433855641	0.583857740177889	-0.0558009119440308	FALSE	down_in_cellobiose
YDL007C-A	25.1521197269554	0.317198095013224	0.490261733506207	0.646997457347358	0.517633589088566	0.584499828336146	0.176542841665232	FALSE	up_in_cellobiose
YJL127C	1331.40717830884	-0.0539361832261615	0.0834226062060927	-0.646541575228591	0.517928681186304	0.58472388811048	-0.0526977004836645	FALSE	down_in_cellobiose
YGL070C	1178.75282657571	0.0553012119015527	0.085928610739465	0.643571581405239	0.519853283413698	0.586787182565677	0.0537100204177868	FALSE	up_in_cellobiose
YBR222C	5461.8964441234	0.0394597776836412	0.0613713094803876	0.642967830045265	0.520244974364804	0.587119748121772	0.0383863496132529	FALSE	up_in_cellobiose
YMR150C	1097.33647352975	0.0547386819756337	0.0852820428744922	0.641854722642978	0.520967514766467	0.587825498381339	0.0533763380479385	FALSE	up_in_cellobiose
YGR005C	2627.67022851731	0.0467189800444352	0.0728182142023868	0.641583710286924	0.521143512529215	0.587914417622011	0.0471286784363077	FALSE	up_in_cellobiose
YLR079W	5801.36483679429	-0.0424525534250372	0.0662379369653251	-0.640909958401342	0.521581185419617	0.588298450606613	-0.0399931680833775	FALSE	down_in_cellobiose
YKR096W	2962.18356241715	0.042290270632056	0.0660771905283295	0.640013146653453	0.522164052459806	0.588846076310471	0.0417301504139003	FALSE	up_in_cellobiose
YKL138C-A	652.417029279935	0.0649159232764372	0.101541227438287	0.639306072165524	0.522623839048951	0.589254725518566	0.0627527655593484	FALSE	up_in_cellobiose
YDR490C	2702.13636592239	-0.057634738988665	0.0902222045028405	-0.638808808832093	0.522947317068813	0.589509564097885	-0.0561247193571408	FALSE	down_in_cellobiose
YFL055W	620.235842749083	0.067463759138614	0.105684588568436	0.638350019169806	0.523245858482074	0.589736202339867	0.0651739689269717	FALSE	up_in_cellobiose
YNL103W	5661.70387892204	-0.0397844275521742	0.062366428615703	-0.637914154060716	0.52352956354149	0.589946037604782	-0.0390278337808055	FALSE	down_in_cellobiose
YKR073C	43.6572421289639	0.216720453418412	0.3400099361538	0.637394471085047	0.523867928845511	0.590025448435322	0.15708795010901	FALSE	up_in_cellobiose
YGL251C	865.6113303384	-0.0608922519117881	0.0955244296955968	-0.637452137697451	0.523830376614996	0.590025448435322	-0.058482860691273	FALSE	down_in_cellobiose
YDR206W	4339.99780289643	-0.0429329360014908	0.0673609449468814	-0.637356498418279	0.523892657223692	0.590025448435322	-0.0414715103164458	FALSE	down_in_cellobiose
YLR183C	1500.02406343175	-0.0511359630597773	0.0803524322015012	-0.636395957891389	0.524518374813217	0.590510264143895	-0.0500115432301658	FALSE	down_in_cellobiose
YBR234C	6292.36725770521	-0.0397321572744929	0.0624259646792396	-0.636468454731084	0.524471135396638	0.590510264143895	-0.0390801207202398	FALSE	down_in_cellobiose
YJL010C	1641.96511799882	0.0495314502604702	0.0778608221212403	0.636153702350365	0.524676245923096	0.590578081799182	0.0486434921927678	FALSE	up_in_cellobiose
YMR052W	693.294095003314	0.0680415117298455	0.107271691592311	0.634291402697731	0.525890666184692	0.591724821382293	0.0659382961896663	FALSE	up_in_cellobiose
YGL014W	3012.49413014488	0.0422480387319171	0.0665987164671441	0.634367161606783	0.525841235178806	0.591724821382293	0.0404046227844999	FALSE	up_in_cellobiose
YGL041W-A	1252.50720512864	-0.0513086927518068	0.0811911239291611	-0.631949531781003	0.527419855742667	0.593335076694698	-0.0501966924726401	FALSE	down_in_cellobiose
YGR277C	2131.32176549537	0.0459637289375843	0.0729870525480777	0.629751816698	0.528856974809544	0.594841175273881	0.0457772750818796	FALSE	up_in_cellobiose
YNL166C	3346.3840190103	0.0409740627683875	0.0652432460829685	0.62801999024208	0.529990844671431	0.596005692399607	0.0409595959110268	FALSE	up_in_cellobiose
YIL171W	118.638062829861	-0.129013635925784	0.20641093352188	-0.62503295598006	0.531949428587491	0.59809704340627	-0.11259697286712	FALSE	down_in_cellobiose
YHR139C-A	126.777451398527	-0.126292466378729	0.202314469280567	-0.624238428560386	0.532471013066948	0.598572227846491	-0.110811961987288	FALSE	down_in_cellobiose
YNCN0008C	19.7402666568138	-0.461554046793035	0.74120440205638	-0.622708183481521	0.533476304025788	0.599590888712745	-0.138066979955269	FALSE	down_in_cellobiose
YOR224C	3777.29120298256	0.0432743607547137	0.0695875975645252	0.621868871311263	0.534028095292735	0.600067028832189	0.0430984010871856	FALSE	up_in_cellobiose
YIL022W	5539.95336347558	0.0388747332276796	0.0625234899008644	0.62176204958038	0.534098344062242	0.600067028832189	0.0376784686827323	FALSE	up_in_cellobiose
YHL009C	870.478627155107	0.0593392770402978	0.0958179736474959	0.619291713041236	0.535724202714799	0.601781931703216	0.0576432959195949	FALSE	up_in_cellobiose
YPL072W	1065.07615815175	0.0574019083652989	0.0930243635225639	0.617063167020493	0.537193062157046	0.603319872444852	0.0563784607740583	FALSE	up_in_cellobiose
YMR238W	2308.27408211759	0.045907192980473	0.074588691159454	0.615471223142039	0.538243567984467	0.604387477768339	0.0457902705799235	FALSE	up_in_cellobiose
YHR154W	1927.33603883144	0.0503084138414492	0.0818090073718902	0.614949569217426	0.538588025621294	0.60466202059822	0.0493427253440818	FALSE	up_in_cellobiose
YLL050C	17271.0625388972	-0.0338789588438686	0.0551383724173926	-0.614435235545363	0.538927757762794	0.604931157303237	-0.0337887220560461	FALSE	down_in_cellobiose
YAL030W	2244.41464514922	-0.0448329908273713	0.0730711346118316	-0.613552684867055	0.53951095797733	0.60547342946287	-0.0440453303054708	FALSE	down_in_cellobiose
YNCO0026W	66.7903142747268	-0.171397611803019	0.279506731770685	-0.613214611029973	0.539734444971144	0.605611882328037	-0.135781659649032	FALSE	down_in_cellobiose
YKL033W	1245.55029604303	-0.0537413155724763	0.0877859045894428	-0.612186157035275	0.540414599293552	0.606262594793527	-0.0523813085090366	FALSE	down_in_cellobiose
YNR077C	17.5197151755383	-0.336079508748275	0.550109052030646	-0.610932518757304	0.541244255511291	0.607080753122158	-0.167652072735823	FALSE	down_in_cellobiose
YBR155W	2069.65584952027	-0.0449161438862421	0.0735447881112204	-0.610731841640718	0.541377122414766	0.607086670538653	-0.0439823102637402	FALSE	down_in_cellobiose
YCL051W	2020.47397609446	-0.0440950885202854	0.0722134677217093	-0.610621396693145	0.541450254183507	0.607086670538653	-0.0430835857664538	FALSE	down_in_cellobiose
YHL005C	120.78241508181	-0.131792376031893	0.215928912211826	-0.610350761655323	0.541629477607874	0.607175075991481	-0.113895089881609	FALSE	down_in_cellobiose
YOL156W	498.319051353881	-0.0810117115596781	0.13278413868852	-0.610100817460679	0.541795025173666	0.607248120673616	-0.0762843120186577	FALSE	down_in_cellobiose
YDL240W	1705.15902664899	-0.0466187138334754	0.0765044691336062	-0.609359353269431	0.54228627367505	0.607686118832971	-0.0458079960761631	FALSE	down_in_cellobiose
YCR069W	9167.20670754281	0.0384314916008406	0.0631180554620887	0.608882693224352	0.542602196504754	0.607927521144149	0.0379651422930517	FALSE	up_in_cellobiose
YLR142W	800.63558626866	-0.0592560823661549	0.0975415749780948	-0.607495648696078	0.543522029463361	0.608809172086567	-0.0574480333800905	FALSE	down_in_cellobiose
YPL180W	2374.40666889901	-0.0418611610757315	0.0689194458595597	-0.607392595132496	0.543590401461324	0.608809172086567	-0.0411194425035568	FALSE	down_in_cellobiose
YOR301W	1141.5254946139	-0.0515952944742799	0.08500849157907	-0.606942830249952	0.543888852916193	0.609030668509821	-0.0506296452190042	FALSE	down_in_cellobiose
YDR013W	1192.97090158902	-0.0501203795735783	0.0829243973577621	-0.604410537436203	0.545570731710247	0.610800917289521	-0.0496617195215749	FALSE	down_in_cellobiose
YOR163W	2014.91584624065	-0.044406351981825	0.0735084038297122	-0.604098982814206	0.545777835778391	0.610919712920705	-0.0432234698134441	FALSE	down_in_cellobiose
YBR031W	37494.2974084996	-0.037520654968435	0.0623553627638539	-0.601722984284921	0.547358547896407	0.612575736581936	-0.0369664953760416	FALSE	down_in_cellobiose
YDL018C	1023.95479762312	0.0547729491703229	0.0910847211122574	0.601340691407705	0.547613092320876	0.612747242961336	0.0533542738828114	FALSE	up_in_cellobiose
YLR446W	507.576805645754	-0.0685482180306395	0.114046770610149	-0.601053564812993	0.547804310077715	0.612847840144276	-0.0654904630107074	FALSE	down_in_cellobiose
YLR260W	1949.91887335734	-0.0448572238174798	0.0746760915253514	-0.600690567773641	0.548046102524924	0.613004969336772	-0.0448279031883142	FALSE	down_in_cellobiose
YLR251W	1733.91663138342	-0.0449873976851981	0.0751141199445006	-0.598920651915217	0.549225799007023	0.614210918504988	-0.0440887200813719	FALSE	down_in_cellobiose
YLR412C-A	22.4622511591254	0.278402832197499	0.46512647769634	0.598552964725555	0.549471029439569	0.614371581715334	0.163860077154178	FALSE	up_in_cellobiose
YOR124C	3340.85508201916	0.0388148355292823	0.0650495791612373	0.596696182047121	0.550710242112618	0.615643366205734	0.038842731153964	FALSE	up_in_cellobiose
YDR145W	4242.35761500646	0.0403930423131663	0.0678379928999361	0.59543392406594	0.551553454843119	0.616472071017374	0.0404529855401815	FALSE	up_in_cellobiose
YDR314C	592.117467729296	-0.0683671566348668	0.115196493151375	-0.59348296779337	0.55285797825363	0.617815981979717	-0.0653109210138246	FALSE	down_in_cellobiose
YPL267W	975.025320713082	-0.0519180182425816	0.0875595539393069	-0.592945211650681	0.5532178192843	0.618103913714579	-0.050201335039233	FALSE	down_in_cellobiose
YCL074W	75.793978986917	-0.199850307245075	0.337292647589803	-0.592513085218868	0.553507061059938	0.618312873933807	-0.143522399611231	FALSE	down_in_cellobiose
YNCM0014W	10.6856857167902	0.397597227259482	0.673001996781187	0.590781645761971	0.554666734423321	0.619493921072132	0.160556171757351	FALSE	up_in_cellobiose
YDR004W	1842.46394123538	0.044662948167698	0.0756470502722129	0.590412289798216	0.554914273165779	0.619655979025253	0.0438581386752772	FALSE	up_in_cellobiose
YOR042W	5750.87709687058	-0.0360295862614285	0.061149931433667	-0.589200763054197	0.555726605352383	0.620448548500658	-0.0365098800027935	FALSE	down_in_cellobiose
YBR244W	403.362128029784	0.0715848711350053	0.121891122617428	0.587285354321366	0.557012075643513	0.621768969471786	0.0679757218919096	FALSE	up_in_cellobiose
YNR057C	3751.20130053839	-0.160086020805079	0.273435716364471	-0.585461266485376	0.558237603645297	0.623022004511144	-0.12722053835745	FALSE	down_in_cellobiose
YOR008C-A	11.168174258702	-0.401215725962003	0.686235480722212	-0.584661879534054	0.558775090998495	0.623506830003671	-0.154861339913426	FALSE	down_in_cellobiose
YDR210W-B	1542.82986020198	0.0612145681861315	0.104728710961219	0.584506078842117	0.558879876666509	0.623508737358118	0.0588974664318797	FALSE	up_in_cellobiose
YJR015W	3331.03333865628	0.0404881000927283	0.0693009321250617	0.584236010269858	0.559061537207222	0.623596392875988	0.039874255319917	FALSE	up_in_cellobiose
YLR443W	1919.85512226808	-0.0423655666475106	0.072597613025778	-0.58356693673203	0.559511710293861	0.623983468946822	-0.0415411468461359	FALSE	down_in_cellobiose
YPR120C	1586.88948524906	0.0444906653960462	0.0768641832896127	0.578821806099364	0.56270941585241	0.627433964330181	0.0436814916965495	FALSE	up_in_cellobiose
YPR053C	1525.99397725448	0.0523381418710267	0.0904859994021285	0.578411491466553	0.562986337413206	0.627627046629651	0.0511834869526296	FALSE	up_in_cellobiose
YLR208W	5915.35721097916	0.0348799197231798	0.0603236525090807	0.578212993948422	0.563120327084644	0.627660744156073	0.0347454807700778	FALSE	up_in_cellobiose
YFL027C	1258.4517175922	-0.0469326783349404	0.0814942582311324	-0.575901656799315	0.564681655691708	0.629285065453047	-0.0454918280856103	FALSE	down_in_cellobiose
YBR242W	1228.15538886948	-0.0502284734357817	0.0875750058091981	-0.573548045719982	0.566273677751066	0.630942987054006	-0.0489094059329766	FALSE	down_in_cellobiose
YJL069C	3256.72708411148	0.0379365665535696	0.0661843924575245	0.573195056189665	0.566512631394714	0.631092984771017	0.0378959669872587	FALSE	up_in_cellobiose
YNR052C	3207.27079166425	-0.0375723744724298	0.0655793356661419	-0.572930086753351	0.566692032260325	0.63117659789039	-0.0367978742383192	FALSE	down_in_cellobiose
YDR346C	6597.1136260303	0.0387425121995049	0.0676520277961201	0.572673332368712	0.566865897005855	0.631254015277691	0.038163072336232	FALSE	up_in_cellobiose
YGR039W	125.335081739464	0.119183463872511	0.208372901480983	0.57197199360104	0.567340948426436	0.631666739744435	0.104579989520237	FALSE	up_in_cellobiose
YJR074W	2000.64327087594	-0.0492404200809158	0.0861761869333172	-0.57139242095984	0.567733665473805	0.63198765963398	-0.0504237977749296	FALSE	down_in_cellobiose
YGL230C	192.935827954663	0.098278382291981	0.172158639142035	0.570859428151608	0.568094934952995	0.63221897472496	0.0891107166099712	FALSE	up_in_cellobiose
YKR056W	3439.14135475893	0.0401847718533227	0.070403570212357	0.570777472394001	0.568150495388474	0.63221897472496	0.0396091883439696	FALSE	up_in_cellobiose
YLR086W	2782.01411849035	-0.0385811309057114	0.0676232919555354	-0.570530209193007	0.568318138788236	0.632289207564841	-0.0383345507364426	FALSE	down_in_cellobiose
YDR120C	3562.7063842167	-0.0386659147134693	0.0685001052428107	-0.564465040986596	0.572437685380758	0.636755343668298	-0.0383887488638528	FALSE	down_in_cellobiose
YNCO0025W	711.462903021053	0.0591012351266997	0.105172646318824	0.561944927652941	0.574153541950787	0.638546566512284	0.0570735317018874	FALSE	up_in_cellobiose
YPL121C	12.316298948216	-0.348902927085507	0.621103607381026	-0.561746740703547	0.574288583708855	0.638579346113027	-0.153885930223023	FALSE	down_in_cellobiose
YJL142C	142.138881013715	-0.106478911490712	0.190091196785944	-0.56014646280866	0.575379540747031	0.639674846899245	-0.0949603525365661	FALSE	down_in_cellobiose
YPR115W	3912.94472284291	-0.0384231515752268	0.0686255422517245	-0.559895780994886	0.575550526677954	0.639747360506238	-0.0376813115276307	FALSE	down_in_cellobiose
YER080W	4435.3783294401	-0.0396385676527301	0.0709922528951826	-0.558350609203161	0.576604992492263	0.640801690168234	-0.0388887975604889	FALSE	down_in_cellobiose
YLR375W	4697.94235474302	0.0359587065020543	0.0644416655133656	0.558003990362357	0.576841659336022	0.640946950279867	0.0366084353903323	FALSE	up_in_cellobiose
YDR027C	2538.67406726662	-0.0379713239826574	0.0681375753492424	-0.557274364226106	0.577339988169286	0.64138284452452	-0.037349473036704	FALSE	down_in_cellobiose
YNL247W	6254.90854769829	0.0365235246816594	0.0656332986577275	0.556478577621501	0.577883735129759	0.6418690256702	0.0359159538844904	FALSE	up_in_cellobiose
YIR019C	707.937364521805	-0.0550501535221396	0.0990181719141418	-0.555960107705011	0.578238126074256	0.642144744744478	-0.0531837163304115	FALSE	down_in_cellobiose
YDR424C	1243.28828303368	0.0510916391280851	0.0920935488857946	0.55477978366806	0.579045296642047	0.642705575386743	0.0507345663389972	FALSE	up_in_cellobiose
YER109C	1770.71165797579	-0.0417869425178757	0.0753249687464692	-0.554755524141314	0.579061892190073	0.642705575386743	-0.0409634747696211	FALSE	down_in_cellobiose
YOR035C	1922.76722039366	-0.0401510062079004	0.0723377927474846	-0.5550488158805	0.578861271051592	0.642705575386743	-0.0393752180948763	FALSE	down_in_cellobiose
YBR182C-A	24.8652088105405	-0.256593774741911	0.463250833686468	-0.553898139157102	0.579648558709765	0.643238695952187	-0.149135054805301	FALSE	down_in_cellobiose
YHL022C	241.295990205751	0.0853959611271623	0.155081441494514	0.55065235597635	0.581872010922394	0.645526650872322	0.0791235542814863	FALSE	up_in_cellobiose
YER099C	2872.12212784596	0.0371258542295912	0.0674308266162495	0.550576881414718	0.581923760490456	0.645526650872322	0.0362430598885836	FALSE	up_in_cellobiose
YOR368W	1211.62893464611	0.0475606304662485	0.0864253911597172	0.550308535813911	0.58210777061164	0.645612377049837	0.0463984411167221	FALSE	up_in_cellobiose
YDR388W	7462.63491368587	-0.0319236245876838	0.0581038458581012	-0.549423607271131	0.582714776914968	0.646167128425049	-0.0313105053265869	FALSE	down_in_cellobiose
YLR239C	1232.30555909664	-0.0461551877684424	0.0842111369233268	-0.548088880577234	0.583630875252283	0.646975160606854	-0.0456533881608458	FALSE	down_in_cellobiose
YNL059C	3686.39365718217	-0.0352065444390033	0.0642396239848077	-0.5480502882042	0.583657373356191	0.646975160606854	-0.0347652429381563	FALSE	down_in_cellobiose
YNR040W	1558.59034604132	-0.0480567712771307	0.087751801643248	-0.547644269145652	0.583936186109917	0.64716562656264	-0.0470393962133418	FALSE	down_in_cellobiose
YAR064W	33.4089388822994	-0.226869160356467	0.414617886817997	-0.547176490859053	0.584257485708248	0.647403101492799	-0.143307619078737	FALSE	down_in_cellobiose
YNR047W	1117.85328929659	-0.0483914289420207	0.0885380899066254	-0.546560570631867	0.584680663962504	0.647753358298386	-0.0470116629375455	FALSE	down_in_cellobiose
YLR262C	1380.60441431066	-0.0436403897038037	0.0800718878494454	-0.545015121734836	0.585743117410654	0.648811594436375	-0.0427041779575476	FALSE	down_in_cellobiose
YNL250W	946.506506844145	0.0503255506343753	0.0924630202291378	0.54427759886775	0.586250459696835	0.649135828428731	0.0489444145885984	FALSE	up_in_cellobiose
YDR333C	3538.86657894095	-0.0351416987364727	0.0645555554008351	-0.544363665036614	0.586191244241494	0.649135828428731	-0.0352133758166955	FALSE	down_in_cellobiose
YKL144C	1188.57633333785	-0.044907493834969	0.0825483026290026	-0.544014745364264	0.586431325976714	0.649217256741059	-0.0439441454519797	FALSE	down_in_cellobiose
YLL001W	2789.73643547785	-0.0362209198485713	0.0669892184702017	-0.540697752201472	0.588715928073646	0.651627200167883	-0.0357012453581593	FALSE	down_in_cellobiose
YOR004W	1529.28207311943	-0.0420378755240571	0.0779434242257584	-0.539338320604147	0.589653431864311	0.652545482866304	-0.0427021375048513	FALSE	down_in_cellobiose
YJL167W	8789.34619811508	0.0362457539314325	0.0675255738351736	0.536770765101626	0.591425968036363	0.654387356987738	0.0337152179477524	FALSE	up_in_cellobiose
YFL039C	38720.8198954431	-0.0285396364833735	0.0531936869151707	-0.536522999973407	0.591597144494103	0.654457045911636	-0.0287935605159782	FALSE	down_in_cellobiose
YMR320W	1537.11600431082	-0.0493191687616887	0.092096310861878	-0.535517311172815	0.59229219031531	0.65498637280024	-0.0475831068471049	FALSE	down_in_cellobiose
YHR031C	1719.13809752075	-0.0423982704906524	0.0791630142267559	-0.535581810581467	0.592247602615289	0.65498637280024	-0.0414944056046467	FALSE	down_in_cellobiose
YMR105W-A	80.2784323130383	0.135946365513763	0.254142298631091	0.534922231545174	0.592703634659355	0.655321565720059	0.112576402325825	FALSE	up_in_cellobiose
YOL129W	5867.9318915189	0.0319860671120466	0.059955883343028	0.53349338427796	0.59369208943085	0.656294489942838	0.0306839024267112	FALSE	up_in_cellobiose
YLR105C	1303.86049311005	0.0448921612141886	0.0844625391072644	0.531503808536672	0.595069702817859	0.657619443008181	0.0434706626575079	FALSE	up_in_cellobiose
YLR064W	1834.53050511354	-0.0412309361957153	0.0775822001896872	-0.531448400469519	0.595108089110065	0.657619443008181	-0.0403148760827646	FALSE	down_in_cellobiose
YHR134W	1292.78855111293	-0.0430377385554439	0.0812067207265127	-0.529977545828824	0.596127499155101	0.658505340100293	-0.042016721297385	FALSE	down_in_cellobiose
YIL146C	1677.01373082323	-0.0411193682837076	0.0775807097520949	-0.530020522048617	0.596097702203471	0.658505340100293	-0.0399190436723749	FALSE	down_in_cellobiose
YDR374C	67.8996304038666	-0.146668268671668	0.278748300771498	-0.526167400001116	0.598771902354145	0.661305685108677	-0.116094170299984	FALSE	down_in_cellobiose
YPL002C	1745.70241169162	0.0404523501669913	0.0770500769326661	0.525013754396929	0.599573629375548	0.662039564938821	0.0396774838083863	FALSE	up_in_cellobiose
YBR255W	2235.03988186206	-0.038508408404687	0.0733638396992286	-0.524896305353711	0.599655277946735	0.662039564938821	-0.0378045580956361	FALSE	down_in_cellobiose
YKR086W	2193.16297895697	0.0373372644045298	0.0713953633734889	0.522964834693932	0.600998724848682	0.663401694636802	0.0368948355491979	FALSE	up_in_cellobiose
YBL085W	3606.36939512718	-0.0359907459860447	0.0689077620398309	-0.522303219849759	0.601459227701676	0.663788883117577	-0.0356527394731668	FALSE	down_in_cellobiose
YIL112W	6312.68725868819	-0.0325236105345526	0.0622928937357696	-0.522107877545541	0.601595221971954	0.663817858027791	-0.0319706163285818	FALSE	down_in_cellobiose
YOL117W	1001.582113977	0.0471014994354681	0.0902797312943073	0.521728396398519	0.601859450479929	0.663949752772963	0.0458707951463619	FALSE	up_in_cellobiose
YMR170C	3171.37058894596	0.0441927117784388	0.0847218890088117	0.521620944663337	0.601934277435432	0.663949752772963	0.0432347755952618	FALSE	up_in_cellobiose
YPL116W	2334.46352850869	0.0377792159186429	0.0724878275208238	0.521180137558819	0.602241289410746	0.664167285258998	0.0371624677043511	FALSE	up_in_cellobiose
YHL048C-A	29.2600737632964	0.220882075787533	0.424188781753071	0.520716448168855	0.602564314497699	0.664402394895476	0.138777068637981	FALSE	up_in_cellobiose
YEL035C	42.2028755241509	0.18951072116309	0.365477155129122	0.518529594814582	0.604088817025764	0.665840607541699	0.130982527226113	FALSE	up_in_cellobiose
YHR214C-D	72.5457512310815	-0.138515979003877	0.267062216486468	-0.518665578479146	0.603993969398217	0.665840607541699	-0.112051088497536	FALSE	down_in_cellobiose
YPL099C	877.585951939043	0.0501143806416123	0.0968378613779897	0.517508130895204	0.604801494477946	0.666383285992185	0.048410506836403	FALSE	up_in_cellobiose
YAL047C	1126.11207111579	-0.0443517814418121	0.0856779363287101	-0.517656976139726	0.604697621380661	0.666383285992185	-0.0438310666173907	FALSE	down_in_cellobiose
YPL038W-A	45.8173325130246	0.169491589609785	0.327731256893955	0.517166385703113	0.605040014947147	0.666524685925203	0.125628104428605	FALSE	up_in_cellobiose
YHR213W-A	38.7036140983581	-0.185143055241058	0.358652718979025	-0.516218183896957	0.605702031471312	0.667027191878443	-0.129224783021034	FALSE	down_in_cellobiose
YPL195W	3607.41153477611	-0.0341198108955075	0.0660984077009989	-0.516197168468128	0.605716707718348	0.667027191878443	-0.0340261724628298	FALSE	down_in_cellobiose
YLR307C-A	362.811049826606	0.0696185817384962	0.135378606476487	0.514250985074127	0.607076525664458	0.66828132916184	0.0652872427344346	FALSE	up_in_cellobiose
YOR103C	2312.66878664085	-0.0378174938418353	0.0735363975767053	-0.514269057066443	0.60706389231226	0.66828132916184	-0.0371370329524848	FALSE	down_in_cellobiose
YKR095W-A	598.822498022506	-0.0549258380963706	0.107020264021859	-0.51322839275702	0.607791567141473	0.668946723005599	-0.05282873277939	FALSE	down_in_cellobiose
YIL152W	1489.30176482537	-0.0396935485917387	0.0777124214687043	-0.510774826489273	0.609508738235125	0.670714636635304	-0.0401508060283868	FALSE	down_in_cellobiose
YBL107C	2270.96035603158	-0.0382456715529001	0.0749413577527245	-0.51034132153163	0.609812358290099	0.670926692487597	-0.0375529035348094	FALSE	down_in_cellobiose
YGL111W	1736.09412224136	0.0396990666334898	0.0782246173252513	0.507500937568342	0.611803378710905	0.672994842302649	0.0392143941418704	FALSE	up_in_cellobiose
YBR076W	750.492676613476	0.052117609433582	0.102835771065789	0.50680428505991	0.612292149419053	0.673410038515609	0.0507800669804574	FALSE	up_in_cellobiose
YDL234C	4285.34168442104	0.0342346935396265	0.0676719803381162	0.505891705379041	0.612932675524589	0.673991956780265	0.0339831404468378	FALSE	up_in_cellobiose
YNCP0021W	38.6956795140815	-0.187403203294989	0.372088246178811	-0.503652574945703	0.614505540255482	0.675310486000085	-0.12813249738886	FALSE	down_in_cellobiose
YDL105W	633.09343536372	-0.0521894352735968	0.103601650607243	-0.503751001723406	0.614436363576325	0.675310486000085	-0.0503508751086992	FALSE	down_in_cellobiose
YDR367W	1519.3803593666	-0.0396051507655451	0.0786520240431042	-0.503549034464008	0.614578314668617	0.675310486000085	-0.0403599127896	FALSE	down_in_cellobiose
YNL175C	2043.60385318687	-0.0359257689269922	0.0713005079228922	-0.503864137487549	0.614356853308886	0.675310486000085	-0.0348886873003451	FALSE	down_in_cellobiose
YIL071C	1250.50122566017	0.0449822343171013	0.0894174044267095	0.503059047682051	0.614922757998101	0.675566248298313	0.0440485338323086	FALSE	up_in_cellobiose
YER146W	1059.46513832132	-0.0435772652254025	0.0866956942534626	-0.502646245590935	0.615213009132749	0.675762391909206	-0.0426606462250079	FALSE	down_in_cellobiose
YOR298W	808.114648150802	0.0529730147038453	0.105641016680721	0.501443628320483	0.616058941626964	0.676568725109206	0.0510452031550229	FALSE	up_in_cellobiose
YLR082C	2141.77390623472	0.0375742004008943	0.0756084100882292	0.496957948951024	0.61921870538332	0.67991540186308	0.036793802248288	FALSE	up_in_cellobiose
YHR150W	2418.52579386258	0.0343505265300149	0.0692642975546324	0.495934092205596	0.619940911939983	0.680584859587107	0.0340893717980963	FALSE	up_in_cellobiose
YBL111C	790.128535428107	0.0503059281929963	0.101473022537083	0.495756674387147	0.620066095962063	0.680598768730633	0.0487425180029213	FALSE	up_in_cellobiose
YER151C	4514.81926546105	-0.030797945995945	0.0622926110137808	-0.49440769129314	0.621018283234435	0.681520245879009	-0.0303296549748435	FALSE	down_in_cellobiose
YLR256W	14369.4140773829	-0.0292558576009391	0.0593600006119336	-0.492854738870363	0.622115229932302	0.682600222358152	-0.028293168732248	FALSE	down_in_cellobiose
YKR025W	2817.52775583309	0.043328589368589	0.0880313627834217	0.492194917795238	0.622581556874267	0.682988001003344	0.0427776213070885	FALSE	up_in_cellobiose
YBL046W	1820.18127126781	-0.036083964931888	0.0734299683048983	-0.491406516506435	0.623138956177496	0.683475529631491	-0.0353916110172469	FALSE	down_in_cellobiose
YLR381W	1367.93269538877	0.0399210897620557	0.0813520794681265	0.490719967123847	0.623624522184475	0.683884107087362	0.0397310774916622	FALSE	up_in_cellobiose
YPR062W	2513.69398646178	0.0428255893089046	0.0873579513641716	0.490231154006534	0.623970337805316	0.684015326818478	0.0427664331619372	FALSE	up_in_cellobiose
YNL308C	8796.01529600615	-0.0295508058966766	0.06026785910026	-0.490324467101389	0.623904316141259	0.684015326818478	-0.0286795960721647	FALSE	down_in_cellobiose
YNCE0011C	45.7005862904542	0.160015082049162	0.326973708847783	0.489382105408525	0.624571202504726	0.684425942744763	0.118340166287823	FALSE	up_in_cellobiose
YIR027C	980.120979231907	-0.0460793541854684	0.0941550468618858	-0.489398664450365	0.624559481418512	0.684425942744763	-0.0451210151994107	FALSE	down_in_cellobiose
YHL009W-B	1375.61332423158	-0.149541191452027	0.305880833500392	-0.488887092861397	0.624921634064037	0.684523311221091	-0.112967209760867	FALSE	down_in_cellobiose
YNR041C	1179.53844302584	-0.0412921284467549	0.0844442729455674	-0.488986724693239	0.624851095419649	0.684523311221091	-0.0405515150696021	FALSE	down_in_cellobiose
YGR094W	17132.1820182315	0.0306632683001742	0.0627346723192095	0.488777053686548	0.624999545027952	0.684523311221091	0.0312690618333234	FALSE	up_in_cellobiose
YDL155W	2655.57675159337	-0.0362479043364933	0.0741890928753261	-0.488588051580675	0.625133373843157	0.684545941053088	-0.0355472741456734	FALSE	down_in_cellobiose
YDL003W	2440.56307722657	-0.0428692428222414	0.0879821443351431	-0.487249352083795	0.626081635200469	0.685460237344368	-0.0410537745881312	FALSE	down_in_cellobiose
YIR022W	2843.13808648539	0.0342315723091816	0.070681832997186	0.484305101574608	0.628169355913666	0.68762150450991	0.0333900029457887	FALSE	up_in_cellobiose
YOR346W	2108.50679556308	0.0373385014336394	0.0771871456860747	0.483739890907452	0.62857047897751	0.687936100476742	0.0366125226507027	FALSE	up_in_cellobiose
YHR016C	3652.80868885178	-0.0307473393156674	0.0636964303851077	-0.482716835618095	0.629296807628118	0.688606438014198	-0.0303861011363463	FALSE	down_in_cellobiose
YDR102C	110.099580990335	-0.108462509368967	0.224845882152861	-0.482386016281271	0.629531753022	0.688738935436802	-0.0923906421125841	FALSE	down_in_cellobiose
YOR265W	1098.47919414939	-0.040966420948211	0.084995363775114	-0.481984182767927	0.629817182579261	0.688926607128743	-0.0403463192225102	FALSE	down_in_cellobiose
YLR406C-A	10.2926707645338	-0.331067102105387	0.687183649481956	-0.481773834920209	0.629966618478677	0.688931057393224	-0.127763255922728	FALSE	down_in_cellobiose
YBL100W-C	24.7733643105943	0.21872289317832	0.454315265840411	0.481434170550527	0.630207955749223	0.688931057393224	0.130199512851482	FALSE	up_in_cellobiose
YNCO0006W	26.9251888321469	0.203976140649951	0.423634711105278	0.481490622233882	0.630167843139648	0.688931057393224	0.128261836646235	FALSE	up_in_cellobiose
YJR128W	41.246285395291	-0.168565160400286	0.350492303996249	-0.4809382644878	0.630560376251246	0.688931057393224	-0.119194010248221	FALSE	down_in_cellobiose
YPL166W	719.173761967666	0.0498618318910908	0.103689306602665	0.480877281609765	0.630603720136628	0.688931057393224	0.0486833026512891	FALSE	up_in_cellobiose
YDL206W	2203.48133925452	-0.0339448480272294	0.0705924703736663	-0.480856497124262	0.630618493104031	0.688931057393224	-0.0333595142156428	FALSE	down_in_cellobiose
YGL173C	6112.93551231543	0.0305043141278375	0.0634326818039691	0.480892707990927	0.630592755639004	0.688931057393224	0.029993784558868	FALSE	up_in_cellobiose
YEL055C	2680.53750914732	0.0357881065447364	0.0745005336799107	0.480373827904359	0.630961600925745	0.689181423618604	0.0356754095410842	FALSE	up_in_cellobiose
YHR157W	196.874507214995	-0.0807253677134313	0.168470276005066	-0.47916682769015	0.631819951160728	0.689994382482622	-0.0739519608868913	FALSE	down_in_cellobiose
YNCN0014W	31.8040623390557	-0.208372310616108	0.435576732203579	-0.478382556299449	0.632377946799658	0.690479097507424	-0.126253515129289	FALSE	down_in_cellobiose
YDR458C	2606.0556754207	0.0326836238500379	0.0683783427089134	0.477982100109857	0.632662945278808	0.690665611981864	0.0322219510301715	FALSE	up_in_cellobiose
YDR375C	2157.91227340768	0.0340152146704975	0.0712321609614667	0.477526081075908	0.632987553410077	0.690770649571993	0.033350023840439	FALSE	up_in_cellobiose
YML069W	6353.34077170575	0.0288847015226439	0.0604823797807218	0.477572172711541	0.632954740778284	0.690770649571993	0.0264028289587504	FALSE	up_in_cellobiose
YGL087C	2950.74480507178	-0.0315660572926111	0.0665605346901701	-0.474245849128866	0.6353246016803	0.693195980440861	-0.03114214081886	FALSE	down_in_cellobiose
YML054C	869.450916543127	-0.0490190227437207	0.103570015970531	-0.47329357135243	0.636003747949613	0.693811843344853	-0.0473604464633658	FALSE	down_in_cellobiose
YIL134W	704.947995158446	0.0469585572079586	0.099430651865378	0.472274457895912	0.636730899284626	0.6944798430892	0.0455604029959741	FALSE	up_in_cellobiose
YNL286W	1483.37523338514	0.0403723940303132	0.0855617318737047	0.471851061756274	0.63703310116076	0.694558981420591	0.0396763759517257	FALSE	up_in_cellobiose
YNCH0007W	55548.4921544177	0.0292947405550499	0.0620812339409993	0.471877549709966	0.637014193432563	0.694558981420591	0.0262778024941388	FALSE	up_in_cellobiose
YIL150C	573.384348640168	0.050230373674661	0.106572322489594	0.471326630603977	0.63740750117186	0.694841948925676	0.0484668994743871	FALSE	up_in_cellobiose
YJR135C	544.865973854442	0.051954790746476	0.110339954058724	0.47086108735214	0.637739937695505	0.695079078039659	0.0498039166471879	FALSE	up_in_cellobiose
YPR103W	6516.98129638691	0.0287169930282488	0.0610917546387711	0.470063320296647	0.638309779011181	0.695574824939404	0.0288504104073816	FALSE	up_in_cellobiose
YPL096C-A	536.214758447589	0.0529009951594203	0.112633137747012	0.469675232507884	0.638587065616561	0.695626356908802	0.0506552576041615	FALSE	up_in_cellobiose
YPL100W	2348.97860946953	-0.0338073164114817	0.0719567722984489	-0.469828138917376	0.638477808785921	0.695626356908802	-0.0362371968055462	FALSE	down_in_cellobiose
YDR011W	5694.13152125638	-0.0344158189485422	0.0734593961053215	-0.468501250666408	0.639426176824942	0.696415006052228	-0.0342128757840459	FALSE	down_in_cellobiose
YML029W	1915.30571171878	-0.0353280068648758	0.0754756115687993	-0.468071819897383	0.639733230644592	0.696623998590304	-0.0343441332788796	FALSE	down_in_cellobiose
YKL088W	2722.12724956811	-0.0322467926227102	0.0689878778973225	-0.467426939421219	0.640194452365635	0.697000763563666	-0.0318463376557213	FALSE	down_in_cellobiose
YMR283C	948.167762791855	0.0419373035152747	0.0898487444672849	0.46675447457749	0.640675550659062	0.697399029320977	0.0409376953989504	FALSE	up_in_cellobiose
YDL166C	1643.31528786715	0.0382382548045533	0.0826225400097419	0.46280657554276	0.643503017544852	0.700350801210653	0.0373423335006039	FALSE	up_in_cellobiose
YHR075C	2347.51700867884	-0.0362165254122888	0.0784697529961654	-0.46153484660591	0.644414926661677	0.701217105842145	-0.0353307299118893	FALSE	down_in_cellobiose
YLR120C	2516.61750739815	-0.0315447944486482	0.0684759811373082	-0.460669477453628	0.645035756605782	0.701766419372009	-0.0300003185100639	FALSE	down_in_cellobiose
YLR287C	1588.64090023445	0.0355679528490528	0.0772501342270169	0.460425774077342	0.64521063807093	0.701830453100351	0.0349259174849302	FALSE	up_in_cellobiose
YLR415C	39.939490691031	-0.160272627624659	0.348584905789428	-0.459780744842338	0.645673605530709	0.702207774155926	-0.113636607165149	FALSE	down_in_cellobiose
YPR085C	1635.46350268731	-0.0345267779819702	0.0751720074967053	-0.459303657461635	0.646016121672094	0.702453985258763	-0.0337154260704851	FALSE	down_in_cellobiose
YKL126W	4811.03302045691	0.0284840056126535	0.0620438175608801	0.459094986937316	0.646165956450028	0.702490630942886	0.0283806980681846	FALSE	up_in_cellobiose
YBR193C	1334.72104171653	0.0372251929369275	0.0813422944934166	0.457636376853621	0.647213704359929	0.703503270022141	0.0363253864133207	FALSE	up_in_cellobiose
YGR210C	3318.13567642039	0.0315314190058373	0.0690234145489401	0.456822068451574	0.647798942306625	0.704012900110093	0.0310991392378577	FALSE	up_in_cellobiose
YDR182W-A	48.7073778000573	-0.148552144460494	0.325905581749992	-0.455813440392228	0.648524138330916	0.704591917896457	-0.109184882452973	FALSE	down_in_cellobiose
YGR195W	1859.42473498645	-0.0346996509165449	0.0761362889841344	-0.455757055926061	0.648564688187712	0.704591917896457	-0.0340077468581692	FALSE	down_in_cellobiose
YJR102C	952.358527873857	-0.0405748056782731	0.0892358490013212	-0.454691764939362	0.649331006201903	0.705257570316626	-0.0395795530915838	FALSE	down_in_cellobiose
YOR326W	7056.32845528163	0.0283676540540118	0.0624039369708211	0.454581159955917	0.6494105912818	0.705257570316626	0.0278144512771996	FALSE	up_in_cellobiose
YLR078C	2177.83063044513	-0.0323222060426608	0.0711590637764871	-0.454224723138374	0.649667090244556	0.705409482837788	-0.0317578548693011	FALSE	down_in_cellobiose
YNCL0018W	845.698900710517	-0.0601855771660277	0.13262352063508	-0.453807717347749	0.649967228549702	0.70548210398298	-0.0571301622654154	FALSE	down_in_cellobiose
YNCL0031W	845.698900710517	-0.0601855771660277	0.13262352063508	-0.453807717347749	0.649967228549702	0.70548210398298	-0.0571301622654154	FALSE	down_in_cellobiose
YPL229W	1746.30936684388	0.0385024018841683	0.0849128692435829	0.453434234729714	0.650236089441026	0.705530380796542	0.0373448256098748	FALSE	up_in_cellobiose
YLR386W	1766.65897181866	-0.034052297951428	0.0751006928346976	-0.453421888215861	0.650244978168412	0.705530380796542	-0.0333560278699531	FALSE	down_in_cellobiose
YOR304C-A	670.334674078616	-0.0459454856188939	0.101437305914181	-0.452944655862264	0.650588594110936	0.705776615096315	-0.043044443050651	FALSE	down_in_cellobiose
YAR066W	90.9924984941166	0.140703322623208	0.311016525270434	0.45239822064395	0.650982128589133	0.705950321949742	0.1059362440955	FALSE	up_in_cellobiose
YDL150W	2299.64119554056	0.0321481573507413	0.0710553308873213	0.452438359645689	0.650953217767781	0.705950321949742	0.0316274770231283	FALSE	up_in_cellobiose
YGL032C	102.01933011135	0.100705549342212	0.223368201346266	0.450849981041386	0.652097675679772	0.706653321423673	0.0865850859367424	FALSE	up_in_cellobiose
YDR029W	186.913801434483	0.0844853473650363	0.187245873212772	0.451200050048812	0.651845373584553	0.706653321423673	0.0757978986089148	FALSE	up_in_cellobiose
YOR238W	1818.75556775607	0.0364779692559255	0.0808614279941742	0.451117054951758	0.651905186293454	0.706653321423673	0.0358099430270149	FALSE	up_in_cellobiose
YPL017C	1838.62187886286	-0.0354908518157583	0.0787074261075739	-0.45092126081281	0.652046299619935	0.706653321423673	-0.0344402735328351	FALSE	down_in_cellobiose
YLR039C	1712.63346571937	0.0343152849631939	0.0768718269071808	0.446396116026071	0.655311137900424	0.709881281009969	0.0338973321789713	FALSE	up_in_cellobiose
YMR080C	3591.82296752738	0.0323796428106846	0.0725217264394967	0.446481963411313	0.655249138428441	0.709881281009969	0.0318096499489595	FALSE	up_in_cellobiose
YPR001W	1087.00260061764	-0.0401640827706821	0.0906629695829985	-0.44300427126329	0.657762645256807	0.7124093538332	-0.038133730551362	FALSE	down_in_cellobiose
YIL090W	2006.34242347537	0.0322178734190361	0.0733609656301356	0.439169156816571	0.660538971854425	0.715288263649735	0.0316832918582917	FALSE	up_in_cellobiose
YNL005C	3642.21780233478	-0.0281452712225831	0.0641425081989061	-0.438792807030628	0.660811672725486	0.715455487438064	-0.0277166823480596	FALSE	down_in_cellobiose
YML103C	2817.82992732044	-0.0328136870679478	0.0748375397603931	-0.438465603933629	0.661048798791457	0.715584141712513	-0.0320040095992033	FALSE	down_in_cellobiose
YCL001W	2437.12510941252	-0.0303071169856365	0.0691773329950219	-0.438107623892026	0.661308268067854	0.715736932106361	-0.0292578756069096	FALSE	down_in_cellobiose
YBL006C	2144.63727831762	0.032643745006891	0.0745408398780918	0.43793100614748	0.661436298238972	0.715747436144462	0.0322305327265053	FALSE	up_in_cellobiose
YDL010W	1903.46182447635	0.0341101968653736	0.0779684727953814	0.437487046269222	0.661758168400439	0.715925733206494	0.0336041211861685	FALSE	up_in_cellobiose
YKL029C	15174.0525804225	0.0267460000019701	0.0611508704553775	0.437377257311276	0.661837774853813	0.715925733206494	0.0254221947785062	FALSE	up_in_cellobiose
YDR362C	2623.61382934356	-0.0306082231722303	0.0703378800470149	-0.435159876182951	0.663446384412828	0.717474496414172	-0.0299644625702605	FALSE	down_in_cellobiose
YFR031C	2491.69319790925	0.0303700517300243	0.0698039018464133	0.435076706698234	0.663506750362189	0.717474496414172	0.0301990695017391	FALSE	up_in_cellobiose
YBR215W	2049.90151166589	0.0314392295411305	0.0723298401171793	0.434664717773423	0.663805811743474	0.717669589854562	0.0312162335044229	FALSE	up_in_cellobiose
YKL183C-A	13.5723364865982	-0.263043266482151	0.606760832734489	-0.433520511363091	0.664636668153674	0.718439457766543	-0.116692118348483	FALSE	down_in_cellobiose
YNL176C	3059.55139138852	0.0294152231944874	0.0678798824441497	0.433342282504535	0.664766124755643	0.71845100744093	0.029490219625049	FALSE	up_in_cellobiose
YML026C	18002.1196146506	0.0277439085040272	0.064204514396426	0.432117722014445	0.665655854932017	0.719284077614107	0.0274029292092471	FALSE	up_in_cellobiose
YDR113C	2076.92485216741	0.0305944762639088	0.071355417219507	0.428761787907323	0.668096589942565	0.721792511620392	0.0303113087965541	FALSE	up_in_cellobiose
YMR010W	2039.98497702685	-0.0334269287490162	0.0781481608111529	-0.427737881506813	0.66884196688013	0.722468760296055	-0.0332305646240141	FALSE	down_in_cellobiose
YDR446W	50.1263732905124	-0.135589280999101	0.318277250660466	-0.42600996683783	0.670100583453141	0.723699058973049	-0.100745316956032	FALSE	down_in_cellobiose
YMR312W	824.666965243814	0.0406684260843486	0.0955190957417491	0.425762260085691	0.670281089585216	0.723764782381466	0.0395026273715611	FALSE	up_in_cellobiose
YKL096C-B	33.0525278233651	0.164182537640482	0.387871455869818	0.42329110625657	0.672082882378091	0.725557311986639	0.109725930136953	FALSE	up_in_cellobiose
YLL017W	124.376631436149	0.0854402481568017	0.201911679246094	0.423156542879649	0.672181050813875	0.725557311986639	0.075397025254398	FALSE	up_in_cellobiose
YDL069C	524.081356375977	-0.046203743347268	0.109365222083329	-0.422471993080799	0.672680539063208	0.725966918964023	-0.0437023086368406	FALSE	down_in_cellobiose
YNCE0023W	11.0573926097426	0.273110885190029	0.650116421425768	0.420095349369995	0.674415799959882	0.727012908688241	0.114102821195802	FALSE	up_in_cellobiose
YNCE0026W	11.0573926097426	0.273110885190029	0.650116421425768	0.420095349369995	0.674415799959882	0.727012908688241	0.114102821195802	FALSE	up_in_cellobiose
YNCG0002C	11.0573926097426	0.273110885190029	0.650116421425768	0.420095349369995	0.674415799959882	0.727012908688241	0.114102821195802	FALSE	up_in_cellobiose
YNCG0018C	11.0573926097426	0.273110885190029	0.650116421425768	0.420095349369995	0.674415799959882	0.727012908688241	0.114102821195802	FALSE	up_in_cellobiose
YNCK0014W	11.0573926097426	0.273110885190029	0.650116421425768	0.420095349369995	0.674415799959882	0.727012908688241	0.114102821195802	FALSE	up_in_cellobiose
YMR259C	1942.0821458576	0.0314216265750097	0.0748147645104844	0.419992320775217	0.674491063573881	0.727012908688241	0.0301593671060191	FALSE	up_in_cellobiose
YMR078C	2051.88194623897	-0.0312922796019505	0.0744889170708814	-0.420093093475553	0.674417447882726	0.727012908688241	-0.0303527337671872	FALSE	down_in_cellobiose
YOL016C	5446.90867627126	0.0306506886446542	0.0731623584951467	0.41894068582668	0.6752594815783	0.727711491905779	0.0302090593656748	FALSE	up_in_cellobiose
YBR017C	3872.22595263611	0.026824756910939	0.0640789258471671	0.418620576988416	0.675493448815305	0.727833963641571	0.0267915776190335	FALSE	up_in_cellobiose
YJR117W	2767.12203377815	-0.028853117710585	0.0693854260658465	-0.415838301305572	0.677528329859622	0.729896503529983	-0.0291327239381088	FALSE	down_in_cellobiose
YHR151C	1787.23006143578	-0.0313101880252294	0.0754990031745583	-0.414709952565047	0.678354245678893	0.730656131074007	-0.0307242611780332	FALSE	down_in_cellobiose
YDR045C	941.56016207035	-0.0371297509057728	0.089617964888453	-0.414311471500028	0.678646013705801	0.730840259374469	-0.0360332950215182	FALSE	down_in_cellobiose
YNCF0010C	9.97148320233224	0.290047142977032	0.700781244238725	0.413891132734463	0.6789538381604	0.730911508637171	0.109622412433156	FALSE	up_in_cellobiose
YLR045C	2365.89969144212	-0.0308561825025242	0.0745321812332105	-0.413998114532239	0.678875487666153	0.730911508637171	-0.0302509820310061	FALSE	down_in_cellobiose
YMR292W	1211.96353150269	0.0357761818602715	0.0870798218439789	0.410843535306856	0.681187268044833	0.733185370890248	0.034883429253607	FALSE	up_in_cellobiose
YPL151C	1969.04144099461	-0.0305674393530551	0.0745327951308308	-0.410120662983304	0.681717435795075	0.73362547040107	-0.0299534967218724	FALSE	down_in_cellobiose
YGL057C	687.722991367733	0.040817615533057	0.0996321197124276	0.409683299430651	0.682038282547105	0.733736207988679	0.040966987125207	FALSE	up_in_cellobiose
YFL017C	1468.83102921454	-0.0330055621341315	0.0806352933944383	-0.409319055524241	0.682305533135447	0.733736207988679	-0.0321627686800067	FALSE	down_in_cellobiose
YOR245C	1841.18268877436	-0.030664186018084	0.074903096568436	-0.409384757412096	0.682257323841879	0.733736207988679	-0.0300433209703717	FALSE	down_in_cellobiose
YKL204W	2628.85790760386	-0.0290249728270559	0.0708599042175567	-0.409610669779377	0.682091568704132	0.733736207988679	-0.0283841892858397	FALSE	down_in_cellobiose
YOR281C	2117.19727043611	0.02967011773599	0.0729401926220271	0.406773229812255	0.684174550159669	0.735615331303917	0.0292471494216626	FALSE	up_in_cellobiose
YMR160W	1422.71056690188	-0.0324319090625955	0.0799458661158791	-0.405673371723642	0.684982610197767	0.7363532626775	-0.0316993472149881	FALSE	down_in_cellobiose
YLR228C	4352.37112037718	0.029304842709978	0.0723260768019946	0.405176721947814	0.685347614450837	0.736614733442273	0.0297206499321453	FALSE	up_in_cellobiose
YGR147C	2929.74558769071	-0.026974043944767	0.0671299239237432	-0.401818479273244	0.687817621292991	0.739138175733043	-0.0264112461859272	FALSE	down_in_cellobiose
YAL037C-A	11.1219748873598	-0.260095226315838	0.650601466956558	-0.399776575255102	0.689321085455918	0.740622246167468	-0.107039929558156	FALSE	down_in_cellobiose
YIL075C	10573.2235474637	0.0242771680108294	0.0610372331270319	0.397743586448345	0.690819205068873	0.74210004820842	0.0240788199607892	FALSE	up_in_cellobiose
YIR020C	51.7819707576201	-0.125071867037562	0.314673897271619	-0.397465020524415	0.691024576211815	0.742188860352498	-0.093385918231829	FALSE	down_in_cellobiose
YMR268C	970.424703523333	0.0366677136169896	0.0924151070121856	0.396771856923292	0.691535705797958	0.742521733255002	0.0361344355118869	FALSE	up_in_cellobiose
YMR224C	1276.40230766006	0.0331521332427823	0.0835672999563391	0.396711791096554	0.691580004159148	0.742521733255002	0.0322392084571113	FALSE	up_in_cellobiose
YLL014W	2059.73921631265	-0.0288993310393074	0.0729692103863847	-0.396048290591065	0.69206940392821	0.742915319318854	-0.0283079406407623	FALSE	down_in_cellobiose
YDR348C	5263.52363047969	0.023852753479626	0.0603107181863578	0.395497752255608	0.692475580140444	0.74321944362483	0.0235664914307585	FALSE	up_in_cellobiose
YPR179C	2043.38706993627	-0.0289761844528978	0.0732993970282875	-0.395312725993032	0.692612108693065	0.743234104219328	-0.0283078373518176	FALSE	down_in_cellobiose
YKR017C	1453.00624125032	0.0329760409040952	0.0834968419089847	0.39493758266978	0.692888952880283	0.743399304003694	0.032689264573002	FALSE	up_in_cellobiose
YCR108C	13.709357493411	0.229958859581181	0.58469943643116	0.39329413584659	0.694102248918536	0.74456898451999	0.108113943302806	FALSE	up_in_cellobiose
YIL106W	2184.31516203515	-0.03361977416195	0.0855954765333564	-0.392775126952514	0.694485577120758	0.744848095036075	-0.0327340802327793	FALSE	down_in_cellobiose
YLR054C	759.916114879994	0.037655614177368	0.0963991590211041	0.390621812054649	0.696076800443882	0.746422365872194	0.0365571990258599	FALSE	up_in_cellobiose
YLR026C	2274.00393541783	-0.028282799195963	0.0725883340725743	-0.389632846067051	0.69680806030716	0.747074079545907	-0.027755572127851	FALSE	down_in_cellobiose
YKL194C	1191.96207714461	0.0339136358677861	0.0871230360693995	0.389261410045118	0.697082779852872	0.747103780178955	0.0330229082170688	FALSE	up_in_cellobiose
YPL001W	1703.89640650965	-0.0305078381905176	0.0783435860477638	-0.389410795823386	0.696972287156576	0.747103780178955	-0.0296119973856478	FALSE	down_in_cellobiose
NR_132176.1	449.556681252026	0.914424120276928	2.36604918813758	0.386477223238419	0.6991432679805	0.748401107405748	0.0279562937418325	FALSE	up_in_cellobiose
YER188C-A	58.2473896560462	0.116302828283926	0.300805657542713	0.386637768830568	0.699024392892274	0.748401107405748	0.0895733198512311	FALSE	up_in_cellobiose
YJR094C	262.229691998655	-0.0567479560473405	0.146710050999204	-0.38680346479907	0.698901711974202	0.748401107405748	-0.0526612490845226	FALSE	down_in_cellobiose
YIR030C	418.593799426462	-0.051446255653088	0.133122042273141	-0.386459332914454	0.699156515227912	0.748401107405748	-0.0480584205622342	FALSE	down_in_cellobiose
YDR274C	2381.56330053991	0.0372954260230085	0.0964978867538336	0.386489562389581	0.699134131263144	0.748401107405748	0.0360456669593605	FALSE	up_in_cellobiose
YER098W	1270.18187834382	-0.0314881293878256	0.0812742557809717	-0.38743054716716	0.698437492824632	0.748401107405748	-0.0308887778158125	FALSE	down_in_cellobiose
YPL059W	2051.77918179042	0.0287900325913428	0.0744976539035363	0.386455560447873	0.699159308637772	0.748401107405748	0.0282896970153458	FALSE	up_in_cellobiose
YLL018C	12967.0524277329	-0.0223593023677625	0.0583036065340903	-0.38349775763338	0.701350732555199	0.750614044802972	-0.0229737621981676	FALSE	down_in_cellobiose
YBL071W-A	652.566352456493	0.0407631099033639	0.106723184088766	0.381951777876676	0.702497133354235	0.75170797092867	0.0393595385841702	FALSE	up_in_cellobiose
YMR113W	1689.03415884488	-0.0295325236657475	0.0775763916021866	-0.380689576504034	0.703433604263219	0.752460231485092	-0.0287161385587322	FALSE	down_in_cellobiose
YFR034C	3948.32657233075	0.024293547172711	0.0638180477005395	0.380668918088913	0.703448935203867	0.752460231485092	0.0239879926637688	FALSE	up_in_cellobiose
YOR069W	3066.42016563458	0.0251211899522432	0.066038168483688	0.380404098554737	0.703645472697158	0.752537387614058	0.0244929162049048	FALSE	up_in_cellobiose
YER066W	939.069176389693	-0.0380759495433836	0.100608948198396	-0.378454901131653	0.705092690344441	0.753951862098909	-0.0369836259918451	FALSE	down_in_cellobiose
YEL043W	2221.18949074579	-0.0292864546504248	0.0781222509963224	-0.374879810513953	0.707749854813964	0.756659397626311	-0.0276659114435611	FALSE	down_in_cellobiose
YPL022W	3119.95193320594	0.0260180539087922	0.0694666575697775	0.374540172494376	0.708002474529306	0.756795718046965	0.0247293991731231	FALSE	up_in_cellobiose
YLL039C	27987.6679873394	0.0246514833223236	0.0659008667536076	0.374069182041132	0.708352846186359	0.757036460526729	0.024636435273272	FALSE	up_in_cellobiose
YNCH0014W	18.1056641334843	0.199931781773509	0.535209810750634	0.373557766986939	0.708733359771767	0.757175572811624	0.101981161942081	FALSE	up_in_cellobiose
YDR185C	388.771955739492	-0.0474345899992626	0.126973292977324	-0.373579269206903	0.708717359781524	0.757175572811624	-0.0446763240573524	FALSE	down_in_cellobiose
YMR204C	1006.40040286597	-0.032373722636547	0.0867753049050184	-0.373075296848363	0.709092403810815	0.757425384187112	-0.0311190296037421	FALSE	down_in_cellobiose
YNCP0015C	58.3362921063014	0.108890764701725	0.292117867150367	0.372763110192344	0.709324760941176	0.757491576001795	0.085043567723045	FALSE	up_in_cellobiose
YGR045C	138.375852252344	-0.0725804440179462	0.194853461357971	-0.372487322073312	0.709530049533174	0.757491576001795	-0.0640957061752599	FALSE	down_in_cellobiose
YOR011W-A	168.492909382644	-0.0674558004093476	0.181036787419586	-0.372608249244981	0.709440032294043	0.757491576001795	-0.0605172673415396	FALSE	down_in_cellobiose
YOL080C	869.785214640794	-0.0344429813016819	0.092709110709266	-0.371516683076536	0.710252732394154	0.758129306202971	-0.0330296183556266	FALSE	down_in_cellobiose
YBR196C-A	18.1383523699756	-0.192776275704126	0.520249847269334	-0.370545569049106	0.710976029779967	0.75876746720872	-0.100171019590919	FALSE	down_in_cellobiose
YDR092W	3959.62831770259	-0.0233708588937916	0.0632875782875496	-0.369280347363035	0.711918772508596	0.759505582875573	-0.0228968222281905	FALSE	down_in_cellobiose
YHR135C	5134.25840146485	0.022390642552373	0.0606179172823464	0.369373339702217	0.711849466985336	0.759505582875573	0.0207124271155195	FALSE	up_in_cellobiose
YHR022C-A	14.0702430552416	-0.217353778664152	0.591367017296348	-0.367544642002296	0.713212798826785	0.760483733492547	-0.098993224480778	FALSE	down_in_cellobiose
YLR385C	92.4035730055031	0.08946188776349	0.243287406363841	0.367720997566549	0.713081282117591	0.760483733492547	0.0748911014513979	FALSE	up_in_cellobiose
YHR058C	1677.55727135858	-0.0281355818273932	0.0765206146028025	-0.367686302226364	0.71310715540467	0.760483733492547	-0.0272958595879119	FALSE	down_in_cellobiose
YNL163C	3335.67616537721	-0.023783245101719	0.0648885809849823	-0.366524352061625	0.713973844649802	0.761161047988482	-0.0228282809943865	FALSE	down_in_cellobiose
YDL210W	471.257066593261	0.0433312870470159	0.118760505236211	0.364862771178275	0.715213845599804	0.762348643530081	0.0414070638094819	FALSE	up_in_cellobiose
YCR085W	40.9615821842816	-0.12553574790108	0.345075121477039	-0.363792519622232	0.716012948951166	0.763065949296265	-0.0892032184418649	FALSE	down_in_cellobiose
YLL064C	1923.70740171294	-0.0342284499629644	0.0946831246711302	-0.361505284937021	0.717721754935279	0.764752315589837	-0.0335546354287668	FALSE	down_in_cellobiose
YFL001W	1481.51324084227	-0.0281052583337003	0.0778154327889243	-0.361178461988849	0.71796604180984	0.764877877229257	-0.0274803904112354	FALSE	down_in_cellobiose
YNL149C	3209.61753566715	-0.0242882363965745	0.0674235134210533	-0.360233917875161	0.718672212182201	0.765495370926243	-0.0233336813233061	FALSE	down_in_cellobiose
YHR186C	2075.04398897108	0.025547474832439	0.0713085937573314	0.358266423250176	0.720143942997818	0.766927942111585	0.0250722570504519	FALSE	up_in_cellobiose
YJL014W	5676.75660248403	0.0220210810374842	0.0617737043769517	0.356479852707367	0.721481237621719	0.768216864350251	0.0215969915072405	FALSE	up_in_cellobiose
YIR013C	34.333712613608	-0.133540459392745	0.378005427112136	-0.353276566458212	0.723881111625494	0.770636544213765	-0.0896018260507749	FALSE	down_in_cellobiose
YML115C	2680.1323088673	0.0242453276395934	0.0687435855763584	0.352692217554792	0.724319194404725	0.770967236838674	0.0239453761247959	FALSE	up_in_cellobiose
YLR118C	1660.1541907271	-0.0264811467888146	0.0751729242477053	-0.352269744110998	0.724635976395117	0.771168722944065	-0.0257530747146107	FALSE	down_in_cellobiose
YDR003W-A	223.595735157012	-0.0559338430313136	0.158865028095644	-0.352084053374156	0.724775227240092	0.771181240030838	-0.0514564064185138	FALSE	down_in_cellobiose
YBR173C	3159.42960156793	-0.0234244887968941	0.0666917960893634	-0.351234936985451	0.725412101783364	0.771723145214135	-0.0236509757373769	FALSE	down_in_cellobiose
YGR010W	2210.83546608506	0.02479633261064	0.0706860519325034	0.350795269119253	0.725741946646208	0.771938286488995	0.0243939070944286	FALSE	up_in_cellobiose
YFL059W	1262.57917817005	0.0348632662938228	0.0996603500524838	0.349820829201009	0.726473166089783	0.772496315195324	0.0329323377376841	FALSE	up_in_cellobiose
YOR022C	1079.53665858444	-0.0332438423006806	0.0950487308053412	-0.34975577284418	0.726521993246189	0.772496315195324	-0.0316600864905893	FALSE	down_in_cellobiose
YER087W	1082.65902437478	-0.0303899526359838	0.0871069909328682	-0.348880753548297	0.727178834872378	0.772985855401777	-0.0295376641797917	FALSE	down_in_cellobiose
YNL321W	1985.91025472305	-0.0250364347539292	0.07177836105386	-0.348801984140355	0.727237973729792	0.772985855401777	-0.0244598697866162	FALSE	down_in_cellobiose
YPL194W	754.794975824395	-0.0346241771492855	0.0994680970550319	-0.348093289953353	0.727770123437133	0.77341557917625	-0.0334429284678922	FALSE	down_in_cellobiose
YJR138W	2133.51352139755	0.0258349548033284	0.074339537745001	0.347526438648937	0.728195859594019	0.773732084082948	0.0255240949615423	FALSE	up_in_cellobiose
NR_172475.1	1261.05329963043	-0.0402964808648398	0.116498913130459	-0.345895766595818	0.729421050272652	0.774897775395025	-0.038292502788158	FALSE	down_in_cellobiose
YOR304W	3310.78191221552	0.0222789483316457	0.0645998822372044	0.344875989863877	0.73018760178357	0.775575909251767	0.0223295921077415	FALSE	up_in_cellobiose
YBR081C	2721.37641186916	0.0241657083482498	0.0701318316600091	0.344575462757088	0.730413555161665	0.775679704208727	0.0238310809483848	FALSE	up_in_cellobiose
YKL079W	2021.40334051761	-0.0274354233502292	0.0798499341375924	-0.343587300935706	0.731156676309713	0.776332584693251	-0.0269775218063624	FALSE	down_in_cellobiose
YKR002W	2334.02680943039	-0.0250161473871411	0.0731119321342623	-0.342162307257886	0.732228749552858	0.777334451745391	-0.0245758870842229	FALSE	down_in_cellobiose
YNCN0001W	13.6987310308435	0.20944229569191	0.613453393638586	0.341415171655733	0.732791055197226	0.777522029975095	0.0913529912185293	FALSE	up_in_cellobiose
YOR313C	627.426242107349	0.035735232613574	0.104578822231326	0.341706206391657	0.73257200094645	0.777522029975095	0.0344589859479636	FALSE	up_in_cellobiose
YNL010W	4909.99394929304	0.0209175236519768	0.0612367364772069	0.341584559454154	0.732663558773037	0.777522029975095	0.0209830141986472	FALSE	up_in_cellobiose
YIL124W	5748.48243087292	0.0221968217158823	0.065190903518859	0.340489554795954	0.733487887476509	0.778124909039881	0.0209093396654451	FALSE	up_in_cellobiose
YDL204W-A	92.4902643079731	-0.0790184258155502	0.232601942239927	-0.339715245086145	0.734070979920304	0.778606936268266	-0.0664266055447335	FALSE	down_in_cellobiose
YNCD0010C	10.0722740622287	-0.233578551339726	0.689196860221581	-0.33891412573271	0.734674422769625	0.778666732114718	-0.0890204208810762	FALSE	down_in_cellobiose
YDR039C	1888.80879335084	-0.034167620114941	0.100887213830762	-0.338671461105638	0.734857242158841	0.778666732114718	-0.0325055015429561	FALSE	down_in_cellobiose
YPR047W	956.06798757266	0.0317618215044239	0.0937365978596314	0.338841202152296	0.734729360570976	0.778666732114718	0.0306934652156813	FALSE	up_in_cellobiose
YMR315W	6012.97432618295	0.024231198293533	0.0714241003715161	0.339258011896449	0.734415370554234	0.778666732114718	0.0243366637448859	FALSE	up_in_cellobiose
YOR165W	3927.94971381017	-0.0220342885273601	0.0649137408529331	-0.339439512156299	0.734278657130092	0.778666732114718	-0.021608012277566	FALSE	down_in_cellobiose
YER012W	5239.47478877841	-0.0205217140325949	0.0606354361368148	-0.338444238881876	0.735028441126639	0.778666732114718	-0.0202416476028685	FALSE	down_in_cellobiose
YOL027C	6091.0757164272	0.0202535559620683	0.0598143547881611	0.338606945336088	0.734905849767493	0.778666732114718	0.02000460772763	FALSE	up_in_cellobiose
YER048C	3529.64565026447	0.0222335842315185	0.0661623696045132	0.336045766867484	0.736836354255953	0.780445299753854	0.0217752794856308	FALSE	up_in_cellobiose
YHR079C-A	95.1357746234578	-0.0863839187532677	0.257227919307266	-0.335826371359323	0.737001802463194	0.780483876593113	-0.0700294538007457	FALSE	down_in_cellobiose
YPR068C	1007.1564208845	0.0296814531616031	0.0887209266803353	0.334548502503208	0.737965697389628	0.781367845879549	0.0287772083971097	FALSE	up_in_cellobiose
YCL005W-A	2581.57235974499	0.0244240183739895	0.0730805272256874	0.334206926265916	0.738223417798724	0.781503929692769	0.025096588023852	FALSE	up_in_cellobiose
YNL204C	459.752549300775	-0.0385071075682645	0.115950339813493	-0.332099997552432	0.739813751977367	0.783050461191793	-0.0362978344357432	FALSE	down_in_cellobiose
YKL045W	2367.35043116965	0.0264275029427881	0.0801651031133074	0.329663431049727	0.741654288191568	0.78472394424887	0.0252033600834653	FALSE	up_in_cellobiose
YDR189W	4082.76797765166	-0.0224961797101406	0.0682224217025111	-0.329747598351711	0.741590685086421	0.78472394424887	-0.021645921751768	FALSE	down_in_cellobiose
YGL262W	247.782543081603	0.0592487973034902	0.181110021785956	0.327142566265676	0.743560058250471	0.786602796844543	0.0532119384087509	FALSE	up_in_cellobiose
YML005W	1155.34130153409	-0.0271578670950513	0.083176440859897	-0.326509127035096	0.744039184980303	0.786972028317162	-0.0267070620755936	FALSE	down_in_cellobiose
YDR042C	483.040366003798	-0.0411038134586083	0.126360348123053	-0.325290441733988	0.744961264246566	0.787809560739069	-0.0388210775072995	FALSE	down_in_cellobiose
YCR061W	1580.35816421891	-0.0249269206202387	0.0771144710297886	-0.323245692894783	0.746509178786159	0.789308516426757	-0.0243638470419517	FALSE	down_in_cellobiose
YNL214W	523.882571131036	0.0379269966609987	0.118311154472826	0.32056991439222	0.748536340065669	0.79131358284817	0.0362554717357364	FALSE	up_in_cellobiose
YGL250W	1040.8574785146	-0.0307046744186377	0.0961368548303823	-0.319385052411077	0.749434544210359	0.792124682496674	-0.0300622366716634	FALSE	down_in_cellobiose
YMR133W	472.644436272637	0.0379630883870353	0.119263498153015	0.318312719104789	0.750247737241212	0.792815070232899	0.0363440061047296	FALSE	up_in_cellobiose
YLR025W	4423.64219759886	0.0199927340459242	0.062835044344632	0.318178084450292	0.750349855692403	0.792815070232899	0.015444452958615	FALSE	up_in_cellobiose
YBR056W	5247.615223451	0.0220478269603207	0.0694728892749159	0.317358716334277	0.750971428900768	0.793333247191887	0.0227247745508373	FALSE	up_in_cellobiose
YDR159W	2120.21858118012	0.0233997399480327	0.074267355668785	0.315074365275507	0.752705191543588	0.795025965365316	0.0235347562622868	FALSE	up_in_cellobiose
YGR270W	5463.83208419338	0.0194375336718953	0.0617871379350849	0.314588672035867	0.753073981193252	0.795276625739872	0.0184540710438547	FALSE	up_in_cellobiose
YNL111C	2252.64646738219	-0.0363054949204504	0.115510076061518	-0.314305869741744	0.753288740553672	0.795364564777302	-0.0316666410525406	FALSE	down_in_cellobiose
YBR042C	2393.91673823764	-0.0233294618059352	0.0748273279415769	-0.311777293773609	0.755209781458242	0.797253746603998	-0.0228735194020023	FALSE	down_in_cellobiose
YGL081W	314.05049905728	0.0425376023646315	0.13675391435108	0.311052174019878	0.755760958395637	0.797696394579516	0.0395712798105067	FALSE	up_in_cellobiose
YNCG0014C	66.1488607757999	-0.0944152430450012	0.305229569998693	-0.309325348279348	0.757074050698908	0.798942940104273	-0.071088813033755	FALSE	down_in_cellobiose
YFL002C	2029.45355365794	0.0220507493232961	0.0720522242028306	0.306038426533818	0.759575388364536	0.801442791595513	0.0217460657996615	FALSE	up_in_cellobiose
YGR068C	1527.57008718576	0.0251412827134137	0.082233115534464	0.30573185206484	0.759808819351905	0.801549275943438	0.0246432113502909	FALSE	up_in_cellobiose
YHR004C	4765.48324573074	-0.0233224727239464	0.0763740842261123	-0.305371553194643	0.760083184973695	0.801659897577299	-0.0233161217900251	FALSE	down_in_cellobiose
YMR067C	1772.23415438121	-0.0228913498848105	0.0749930991507699	-0.305246084560241	0.760178735742004	0.801659897577299	-0.0224530682496343	FALSE	down_in_cellobiose
YDR192C	1613.71142650402	0.0262852644096814	0.0866813858060625	0.30324001128098	0.761706959010209	0.803018255122705	0.0254367792404501	FALSE	up_in_cellobiose
YDR283C	2370.10232453367	0.0222686786646222	0.0734438768176367	0.303206742747473	0.761732310777663	0.803018255122705	0.021890693050059	FALSE	up_in_cellobiose
YBR228W	1345.35697388666	-0.0246218728453546	0.0815344559236765	-0.301981200051214	0.762666394504	0.803862871642219	-0.0240501748958396	FALSE	down_in_cellobiose
YKL028W	4691.19514709513	-0.0186599155190434	0.0618873346380969	-0.301514286051619	0.763022357889039	0.804097951719651	-0.0180565055532377	FALSE	down_in_cellobiose
YNL032W	2043.66898189421	-0.0231111959640895	0.0771248322077107	-0.299659594744362	0.764436821709248	0.805307964911049	-0.0226172277847272	FALSE	down_in_cellobiose
YLR248W	5850.2071541163	0.0181844735461137	0.060674674588685	0.299704508831513	0.764402559071851	0.805307964911049	0.0183060144919958	FALSE	up_in_cellobiose
YFR043C	993.454067682704	0.0264963194473928	0.0888727028575243	0.298137882560748	0.7655979294159	0.806390714789618	0.0260342541075046	FALSE	up_in_cellobiose
YJR118C	1654.9204058287	0.0228707217278948	0.0767929899404668	0.297823040171052	0.765838228571633	0.806503385207139	0.0226930557139496	FALSE	up_in_cellobiose
YHR195W	2299.49284150506	0.0211168067822319	0.0719868173849005	0.29334269175041	0.769260224838598	0.809885237199805	0.0207741668667585	FALSE	up_in_cellobiose
YGL023C	4547.08027599261	-0.019762217394423	0.0673862122524853	-0.293267965861877	0.769317337237573	0.809885237199805	-0.0229151070839181	FALSE	down_in_cellobiose
YMR121C	2648.85912671733	-0.0197099444740088	0.0674798969483006	-0.292086167367883	0.770220742606353	0.810695192626732	-0.0193257592447337	FALSE	down_in_cellobiose
YDL133W	3066.06142002252	-0.0192162062677215	0.0658360861725541	-0.291879535751206	0.770378730630117	0.810720414332216	-0.0197577177450049	FALSE	down_in_cellobiose
YBR014C	2353.7805131005	-0.0203135810068433	0.0697471551632415	-0.291246015114163	0.770863172178804	0.811089116108816	-0.0195227367795278	FALSE	down_in_cellobiose
YMR144W	1154.00084373213	-0.0245013215528433	0.0845089777157606	-0.289925664883222	0.771873106745719	0.811899202136812	-0.0242144797194388	FALSE	down_in_cellobiose
YDL188C	2697.9933319387	-0.019829687435287	0.0684045276807159	-0.289888522114265	0.771901522811837	0.811899202136812	-0.0195168328182123	FALSE	down_in_cellobiose
YLR162W-A	23.3344383532174	0.14641934406355	0.505761861291495	0.28950254115575	0.772196835551463	0.812068612352365	0.0781829714023247	FALSE	up_in_cellobiose
YKR084C	3041.61244714626	-0.0190543115364036	0.0659096638404	-0.289097386121458	0.77250685381215	0.812253425814305	-0.0204109403398057	FALSE	down_in_cellobiose
YDL217C	1455.40387517957	0.0260357392273978	0.0903109582186718	0.288289923403945	0.773124819845092	0.812479505775358	0.0253682451635067	FALSE	up_in_cellobiose
YLL010C	2486.42775831923	0.0230771312812971	0.0800006390620546	0.288461836703539	0.772993239375605	0.812479505775358	0.0227281281412255	FALSE	up_in_cellobiose
YNL050C	2092.64886044604	0.0206962090313053	0.0717664105729264	0.288382947761816	0.773053619257689	0.812479505775358	0.0202370393670427	FALSE	up_in_cellobiose
YOR104W	1618.77595209953	-0.0229253091720915	0.0797729539561904	-0.287381976411223	0.773819860157718	0.813068670157033	-0.0223849339035182	FALSE	down_in_cellobiose
YLR362W	2014.30326959324	0.0217935685375466	0.0759045676572581	0.287118011605758	0.774021961273795	0.813139778351022	0.0214169852299791	FALSE	up_in_cellobiose
YBL017C	7419.70006257997	-0.0164872720890521	0.0579597236988619	-0.28446084689282	0.776057234829338	0.815136345456271	-0.0182593512214199	FALSE	down_in_cellobiose
YGR271W	2234.63877924711	-0.0205542070490748	0.0724600326639908	-0.283662679871924	0.776668897509995	0.815637180735757	-0.020155573866843	FALSE	down_in_cellobiose
YIL084C	794.698869738494	-0.0264234472894915	0.0936307925900794	-0.282208945994666	0.777783299092538	0.816665713627975	-0.0253973679456584	FALSE	down_in_cellobiose
YOR030W	1698.89446923383	-0.0214946443795772	0.0763913391650276	-0.281375410020532	0.778422476511309	0.81719499486583	-0.0210446423942606	FALSE	down_in_cellobiose
YDR052C	3108.06485405095	0.0190017884088331	0.0676248309803327	0.280988331258962	0.778719349740521	0.817364800725388	0.0185704839718973	FALSE	up_in_cellobiose
YHR156C	848.015988888178	-0.027303228413993	0.097571073697884	-0.279829127416737	0.7796086036201	0.818156218476403	-0.0263542473571872	FALSE	down_in_cellobiose
YHR153C	182.439526824613	-0.0538634048570595	0.192725641954045	-0.279482295718092	0.779874722899802	0.818293529717415	-0.0475361946501491	FALSE	down_in_cellobiose
YOL072W	1524.00362048734	-0.0217752419588515	0.0781385056833549	-0.278674921774068	0.780494309897804	0.818801609533787	-0.0228133962040033	FALSE	down_in_cellobiose
YMR272W-B	12.2841800619043	0.175387181322702	0.632725231151055	0.277193278674279	0.781631700343165	0.819852636617965	0.0748114217416225	FALSE	up_in_cellobiose
YOR344C	3506.23859549251	-0.0194039150956393	0.070233455503516	-0.276277380295888	0.782335027961153	0.82044809017632	-0.0196543773219289	FALSE	down_in_cellobiose
YNL054W	2462.62114779498	-0.0194210552652867	0.0703923601830738	-0.275897202690422	0.782627022491927	0.820612040050905	-0.0186949730747288	FALSE	down_in_cellobiose
YDR168W	2863.18949322961	0.0212647741818733	0.0774466859315709	0.274573068248035	0.783644259752969	0.821536243890071	0.0207878498305981	FALSE	up_in_cellobiose
YMR213W	1407.27719813312	0.02226808874432	0.0811569514958957	0.274383011360969	0.783790297186334	0.821546960263409	0.0217023062647497	FALSE	up_in_cellobiose
YKL214C	1563.9263727649	0.0213795213972223	0.0786787256915525	0.271731922566175	0.785828153864923	0.823540281138067	0.0209729501368436	FALSE	up_in_cellobiose
YNL106C	1615.57947062349	0.0221339195734836	0.0815597122558353	0.271383002235887	0.786096473927457	0.823678775469806	0.0217134850442738	FALSE	up_in_cellobiose
YHR194W	1973.60665411021	0.0195210059565858	0.072118730683643	0.270678723426469	0.78663814236628	0.824103589049814	0.0192568586540456	FALSE	up_in_cellobiose
YNL241C	13251.1636240787	-0.016062432701274	0.0600366844845353	-0.267543633349897	0.789050623564087	0.826487830638815	-0.0159447794053989	FALSE	down_in_cellobiose
YAL064W	11.0080829673325	-0.174117494569462	0.654017094505915	-0.266227742412454	0.790063818408115	0.827405823675674	-0.0705147970572709	FALSE	down_in_cellobiose
YDR392W	1743.10575292568	-0.0204794625261113	0.0772777577735043	-0.26501108619294	0.791000921523456	0.828243824527503	-0.0199754374563032	FALSE	down_in_cellobiose
YBL063W	823.801505041257	0.0255339422764409	0.0969977470255967	0.263242632529421	0.792363573189015	0.829527042959562	0.0247372820863636	FALSE	up_in_cellobiose
YBL112C	191.075772944542	0.0469273176047792	0.179056029152791	0.262081750761575	0.793258415954347	0.830320151948061	0.0424490986553781	FALSE	up_in_cellobiose
YNL137C	2661.29616628097	0.0176319780710319	0.0673881596488302	0.26164801298796	0.793592824078325	0.830382804506104	0.0174487978262443	FALSE	up_in_cellobiose
YDR366C	3617.63901569956	0.0169025120156534	0.0645720015510206	0.261762243846479	0.793504749376818	0.830382804506104	0.0164503455051906	FALSE	up_in_cellobiose
YPL266W	2339.14213907728	0.0194083806311355	0.0744606548859917	0.260652832839733	0.794360242828946	0.831042045809805	0.0190205350448194	FALSE	up_in_cellobiose
YMR137C	1326.00238402181	0.0225721985434438	0.0866919644624363	0.260372442629609	0.794576497656103	0.831124543372258	0.0219422641209012	FALSE	up_in_cellobiose
YDR260C	1329.56432905452	0.0206254318481841	0.0795711933144104	0.259207270735361	0.795475321540506	0.83183210094001	0.0203107744336046	FALSE	up_in_cellobiose
YDR026C	2824.15963039458	0.0174248814972897	0.0672414400951142	0.259139029036884	0.795527972216558	0.83183210094001	0.0168121654099711	FALSE	up_in_cellobiose
YGL051W	602.304085230388	0.0269502060434604	0.104190376310883	0.258663103039829	0.795895190383338	0.832072244491671	0.0260733037744856	FALSE	up_in_cellobiose
YML007C-A	33.6233074768036	-0.0989637167020346	0.384941181399913	-0.257087891563417	0.797110924613326	0.833199236735097	-0.0653936551742054	FALSE	down_in_cellobiose
YER007C-A	2636.83723339003	0.0176977540681559	0.0691020449347897	0.256110424588114	0.797865572716916	0.833843961535008	0.0175129864191779	FALSE	up_in_cellobiose
YPL028W	9569.53380797987	-0.0157247934840536	0.0617985476617177	-0.254452476296537	0.799146014421122	0.835037872038931	-0.0153431637310997	FALSE	down_in_cellobiose
YKR098C	1703.07790580341	0.0212610049096903	0.0843725534746556	0.251989587064907	0.801049112470474	0.836881879332279	0.0207375716531345	FALSE	up_in_cellobiose
YGL119W	1677.73636697889	-0.0194003253049181	0.0777949552609944	-0.249377678023362	0.803068650176185	0.838846877036047	-0.0188539662291166	FALSE	down_in_cellobiose
YJR101W	1532.47287001033	-0.0193655141575893	0.0778892146557832	-0.248628956437314	0.803647807698387	0.83923978879918	-0.0205172828436754	FALSE	down_in_cellobiose
YER008C	3617.28443304465	0.016252736639836	0.0653947653945983	0.248532685173889	0.803722284098801	0.83923978879918	0.0161382771824331	FALSE	up_in_cellobiose
YOR034C-A	67.1757616748765	-0.0677496678218965	0.274681452107889	-0.246648134782999	0.805180548957373	0.840617387063022	-0.053541427143394	FALSE	down_in_cellobiose
YHR192W	1884.14902034239	0.0185385119608511	0.0753897595179071	0.24590225621356	0.805757897244163	0.841074981955124	0.0182021243843747	FALSE	up_in_cellobiose
YHR149C	1874.18034242242	-0.0191230412293126	0.0778991026116353	-0.24548474357465	0.806081119701723	0.841267200323624	-0.0186928099927555	FALSE	down_in_cellobiose
YBR090C	572.115770640177	0.0258100922625319	0.105815847834492	0.243915186531433	0.807296507201594	0.84239030051103	0.0249417994499665	FALSE	up_in_cellobiose
YLR418C	1961.70418437654	0.0180627302649467	0.0742218616783448	0.243361320458723	0.807725504983083	0.842692580138439	0.0176535937020396	FALSE	up_in_cellobiose
YOR198C	6504.61942077243	-0.0146367084178986	0.0602313864910547	-0.243007994180449	0.807999204591344	0.842832762299196	-0.0144521404970987	FALSE	down_in_cellobiose
YMR098C	1290.29860682036	0.0210765852838438	0.0869700712446174	0.242342969049232	0.808514421382902	0.843224781887099	0.0207687062806952	FALSE	up_in_cellobiose
YIL135C	3947.84639442212	-0.0159911468509025	0.0661412654887687	-0.241772617030104	0.808956357966002	0.843540253290182	-0.0156670173221072	FALSE	down_in_cellobiose
YKR082W	2539.69239081876	0.0172369306706784	0.0715995020611526	0.240740929398593	0.809755914633038	0.844228460464537	0.0175200804716138	FALSE	up_in_cellobiose
YNCN0019C	37.3608619139713	-0.0915637183283689	0.384826597971442	-0.237935004521605	0.811931505337501	0.846350797137091	-0.0601426490477684	FALSE	down_in_cellobiose
YOR003W	916.258381792523	-0.021818919370807	0.0926002838104114	-0.235624756998356	0.813723860974817	0.848072990185505	-0.0211089611616662	FALSE	down_in_cellobiose
YPR080W	322164.368136394	-0.0145208347599735	0.0619575383537018	-0.234367522432497	0.814699669897354	0.848943721483048	-0.0142572176238019	FALSE	down_in_cellobiose
YDR169C	2025.11786183862	-0.0166056096670465	0.0715811076742299	-0.231983133631009	0.816551113906901	0.85072643610452	-0.0161431921091569	FALSE	down_in_cellobiose
YDR507C	2801.42751782051	-0.0167414800150925	0.0723039946731432	-0.231542947118951	0.816893024785568	0.850936095561891	-0.0166150507268017	FALSE	down_in_cellobiose
YGL107C	2207.98974617412	0.0165887217651783	0.072441153518829	0.228995825706538	0.818872160536239	0.852850843506148	0.0146395075069143	FALSE	up_in_cellobiose
YML042W	1845.38626980448	0.0168032521822676	0.0745597656931327	0.225366214956	0.821694392165927	0.855495590053647	0.0165614998451099	FALSE	up_in_cellobiose
YLR071C	2805.90164115653	-0.0153466815255333	0.0680671846530756	-0.225463732689286	0.821618536156298	0.855495590053647	-0.015571033661622	FALSE	down_in_cellobiose
YHR111W	2370.40201091162	-0.015617966157573	0.0693922783594717	-0.225067781701409	0.821926544461047	0.855590030536031	-0.0152752408554409	FALSE	down_in_cellobiose
YOR071C	8612.35847907982	-0.0140523770520511	0.0625413687689115	-0.224689310909939	0.822220980667194	0.855749262225715	-0.013362656257142	FALSE	down_in_cellobiose
YDR054C	3922.85606828391	-0.0144290338169087	0.0643004201323997	-0.224400303873569	0.822445834260479	0.855836031557137	-0.0140943659175914	FALSE	down_in_cellobiose
YKL197C	1364.76106948442	0.0179056992418932	0.0801201729100119	0.223485529193806	0.823157644374912	0.856429410186419	0.0172945891017024	FALSE	up_in_cellobiose
YFL017W-A	757.981497150588	-0.0219364023005168	0.0983514921327286	-0.223040869282521	0.823503698487343	0.856541202103481	-0.0212091258468455	FALSE	down_in_cellobiose
YLR298C	1773.02560472928	0.0170946967493377	0.0766634814502293	0.222983569568723	0.82354829416992	0.856541202103481	0.0166959787621372	FALSE	up_in_cellobiose
YAL061W	2285.60524307527	0.0156537536489553	0.0705627871881106	0.221841487174034	0.824437281929249	0.857318397522782	0.0134439887301966	FALSE	up_in_cellobiose
YOR205C	1900.68601872095	-0.0167684723690595	0.0763849528724166	-0.219525858673597	0.826240438779052	0.858948841543273	-0.0164861700227279	FALSE	down_in_cellobiose
YKL125W	2473.33393443702	-0.0163446079287461	0.0744753690638706	-0.219463268650993	0.826289189773567	0.858948841543273	-0.019306816867425	FALSE	down_in_cellobiose
YMR315W-A	39.9014926664718	-0.0790852005513046	0.362143530196164	-0.218380818534757	0.827132409478806	0.859677653769295	-0.0541504579629404	FALSE	down_in_cellobiose
YPL196W	2501.88076139993	0.0169228685735549	0.0782654266929422	0.216224063275706	0.828813097396911	0.861276486197202	0.017240265320683	FALSE	up_in_cellobiose
YBL051C	2770.15114354738	0.0156579329306798	0.0726051469827061	0.215658718167864	0.829253782094184	0.861586418393631	0.0154845502330601	FALSE	up_in_cellobiose
YPL198W	5783.28772870588	-0.0151586520113834	0.0704912468584036	-0.215043039908667	0.829733762437831	0.861937064912663	-0.0148582416342451	FALSE	down_in_cellobiose
YGR015C	1133.67908758675	-0.0194795213218701	0.0913943465493553	-0.21313704903345	0.831220067546259	0.863332793370076	-0.0185533940133396	FALSE	down_in_cellobiose
YPL268W	2526.60048561013	0.0148995519492874	0.0700805294248957	0.212606155683441	0.831634169674604	0.863614608130761	0.0156661489123726	FALSE	up_in_cellobiose
YDR212W	5035.75668417393	0.0133197086622119	0.0631002701436071	0.211087981587055	0.832818618246113	0.864696158903319	0.0132151194826015	FALSE	up_in_cellobiose
YBR220C	1856.77788957052	0.0155357849117136	0.0738849202879501	0.210270036851449	0.833456919637563	0.865210383883236	0.0153073909798911	FALSE	up_in_cellobiose
YDL035C	3447.2206662564	-0.0135168848156948	0.0643406186770293	-0.210083227261856	0.833602716076979	0.865213251466994	-0.012901040884307	FALSE	down_in_cellobiose
YDL243C	1444.00248526148	-0.0184033285369885	0.0879054628432077	-0.209353639031667	0.834172181474883	0.865655777275959	-0.0179413124593327	FALSE	down_in_cellobiose
YKR070W	2677.27917690478	-0.0157261794054333	0.0766595836117625	-0.205143031888583	0.837460376717857	0.868769991213568	-0.017091288552673	FALSE	down_in_cellobiose
YLR457C	1581.12486363449	0.0157235902037499	0.0765976006225417	0.20527523154717	0.837357094357767	0.868769991213568	0.0155018351811889	FALSE	up_in_cellobiose
YOR127W	3083.34474472133	0.0138441456947817	0.0676908404622576	0.204520221646543	0.837946991359305	0.869125746010363	0.013874930734819	FALSE	up_in_cellobiose
YLR361C	1339.35775470302	0.0162264152732003	0.079944208688023	0.202971741662023	0.839157119352725	0.869933404449808	0.0162744703042187	FALSE	up_in_cellobiose
YNL207W	2123.30795188179	-0.0143806281550814	0.0708108780043228	-0.203085014059613	0.839068584711495	0.869933404449808	-0.0142064350652082	FALSE	down_in_cellobiose
YER122C	6911.88941070337	0.0118642993133442	0.0584189910585284	0.20308976752881	0.839064869405241	0.869933404449808	0.0122574681731602	FALSE	up_in_cellobiose
YBL008W	1481.10856577599	-0.0159178346272243	0.0786728982944317	-0.202329327790265	0.839659273815582	0.870304823048399	-0.0155458386078824	FALSE	down_in_cellobiose
YHR053C	43536.7380183716	-0.0117182326574856	0.0580655101078916	-0.201810552179977	0.840064831835541	0.870576009555112	-0.0111828192099803	FALSE	down_in_cellobiose
YGL168W	271.640799368538	0.0297573415083117	0.149609275587825	0.198900378277971	0.842340673603714	0.872784983663731	0.0278251217076134	FALSE	up_in_cellobiose
YOR243C	2967.61069960972	0.0144412513547502	0.0734437973877899	0.196629965611651	0.844117119206658	0.874475844165281	0.0127998689538695	FALSE	up_in_cellobiose
YFL060C	943.334603636447	0.0179281055445999	0.0915718096544051	0.195781929092164	0.844780854842863	0.875013594339808	0.0176697338560721	FALSE	up_in_cellobiose
YOR029W	29.1419904939153	-0.0807494263057225	0.413908861769693	-0.195089870655277	0.845322592269363	0.875424817777329	-0.0504793861315246	FALSE	down_in_cellobiose
YLR450W	4051.60641176759	-0.0149263711823344	0.0767288096614072	-0.194534116301324	0.845757684992826	0.875725476980761	-0.0142619052650128	FALSE	down_in_cellobiose
YBR271W	1110.20434492429	-0.016476113450703	0.0849996869915759	-0.193837342628519	0.846303246319024	0.875990475185451	-0.016420725376825	FALSE	down_in_cellobiose
YDR318W	1223.30290573732	-0.0158872331987263	0.0819309001067055	-0.193910150847055	0.846246235333765	0.875990475185451	-0.0162229892389021	FALSE	down_in_cellobiose
YOR349W	910.879519493069	-0.0172232398207637	0.089904701173821	-0.191572182498716	0.848077334043331	0.877676611399163	-0.0166528868494486	FALSE	down_in_cellobiose
YDR017C	3026.6196390423	-0.0126456989498033	0.0664182828609998	-0.190394849205425	0.848999733591477	0.87848090805591	-0.0130635995624478	FALSE	down_in_cellobiose
YJL203W	1151.78372485346	-0.0181962960811744	0.0958250499753171	-0.189890807110055	0.849394696270419	0.878739271034678	-0.017009545407468	FALSE	down_in_cellobiose
YDL211C	624.398576439827	0.0196430131427445	0.104181028072674	0.188546931299641	0.850447929310657	0.879528043152704	0.0189550337655824	FALSE	up_in_cellobiose
YMR074C	3288.54007110307	-0.012634837959008	0.0669760776397219	-0.188647027480072	0.85036947191361	0.879528043152704	-0.0124065332858695	FALSE	down_in_cellobiose
YHR121W	2069.07509491649	0.0139475690586674	0.0752290654722738	0.185401333528567	0.852914262549036	0.881927927206687	0.0138630942138199	FALSE	up_in_cellobiose
YOR063W	84531.0309418543	-0.0116741645315843	0.0631175452369352	-0.184959102698957	0.853261113366826	0.882135784439571	-0.0114474242332509	FALSE	down_in_cellobiose
YBR027C	31.5146687485905	-0.0723470217142563	0.39265559324659	-0.184250582338762	0.853816879703963	0.882559519024141	-0.0469909712144271	FALSE	down_in_cellobiose
YDL046W	4856.15683699767	-0.0110984078456196	0.0609779114379168	-0.182007018343342	0.855577218057217	0.884228018456878	-0.0105693444481331	FALSE	down_in_cellobiose
YCL069W	259.765313066521	-0.130561144633732	0.721882963560543	-0.180861928074553	0.856475952959873	0.884916652360737	-0.0427635320979481	FALSE	down_in_cellobiose
YLR081W	664.696474294128	0.0195561445312874	0.10817332630737	0.180785274881161	0.856536121602267	0.884916652360737	0.0196280489601172	FALSE	up_in_cellobiose
YBR089C-A	3442.53282824082	-0.0117221488301011	0.0650267283403369	-0.1802666246524	0.856943256082932	0.885186092220911	-0.01118948380772	FALSE	down_in_cellobiose
YPR065W	1295.67010739374	0.0164598224824636	0.0922120381444027	0.178499714502436	0.858330545389274	0.886467725637651	0.016035137378114	FALSE	up_in_cellobiose
YDR014W	778.430074408798	0.0170734382595378	0.0959324397430236	0.177973564575996	0.858743736692532	0.886591715865016	0.0165688147255261	FALSE	up_in_cellobiose
YOL065C	1662.6083304671	0.0150360170484418	0.08441438416081	0.178121503792506	0.858627554489524	0.886591715865016	0.0147200234579639	FALSE	up_in_cellobiose
YKL071W	637.31394001435	-0.0186030208561602	0.105599470692875	-0.17616585323865	0.860163646374347	0.88778233043472	-0.0178497844379659	FALSE	down_in_cellobiose
YDL019C	4756.23429125551	-0.011051785845937	0.0627472874039058	-0.176131691156566	0.860190484159017	0.88778233043472	-0.0106356466462431	FALSE	down_in_cellobiose
YMR234W	1388.02912900358	-0.0142427188778559	0.0823839216653653	-0.172882263795457	0.862743973167091	0.890113984937359	-0.0140478528063772	FALSE	down_in_cellobiose
YPL157W	1243.09011220711	-0.0141969940137327	0.0820916160518201	-0.172940851898577	0.862697920250254	0.890113984937359	-0.0148199515808523	FALSE	down_in_cellobiose
YGR111W	2209.26646139726	0.012669338095813	0.0736134373965273	0.172106323843677	0.863353941240898	0.890287758364506	0.012371033660931	FALSE	up_in_cellobiose
YBR263W	5086.4074181227	0.0115206538275743	0.0669284120714639	0.172133978246383	0.863332200653093	0.890287758364506	0.0115933745320401	FALSE	up_in_cellobiose
YCL011C	6536.24132161014	-0.0104842230815873	0.0608848776797373	-0.172197489444517	0.863282271534767	0.890287758364506	-0.0103326212366872	FALSE	down_in_cellobiose
YNL081C	1988.49804127845	0.0124630069575518	0.0733469880019543	0.169918456054661	0.86507426635402	0.891909704648963	0.0123259901519808	FALSE	up_in_cellobiose
YOR194C	2993.45216393508	0.0120463816234535	0.0711189444552402	0.169383582893796	0.86549493587426	0.8921913543121	0.00937272547880736	FALSE	up_in_cellobiose
YFL066C	184.872486760002	0.101745645768053	0.611298630146321	0.16644180233759	0.867809279207975	0.894424660066288	0.0440364239109634	FALSE	up_in_cellobiose
YOR190W	1092.0337418904	0.0187235367700482	0.113027239958274	0.165655082588591	0.86842839645247	0.894910284521464	0.018223591280492	FALSE	up_in_cellobiose
YML062C	2550.83870973272	0.0120323940904348	0.0729162215842195	0.165016697643023	0.868930839410389	0.89527553186739	0.0117916246541853	FALSE	up_in_cellobiose
YOL113W	1442.95046349278	-0.0128023506794601	0.0780603953122787	-0.164005711580688	0.869726647505796	0.895942862868283	-0.0128704465087568	FALSE	down_in_cellobiose
YJL039C	2405.9781139287	0.0116854622601089	0.0718584762271521	0.162617729649178	0.870819426573087	0.896763144593224	0.00954989216413454	FALSE	up_in_cellobiose
YJR142W	2382.42367294731	0.0112647055877463	0.0692017561792902	0.16278063173081	0.870691158495663	0.896763144593224	0.0113264098122074	FALSE	up_in_cellobiose
YNL045W	3782.04551736357	0.0103815182857266	0.0647555658972936	0.160318547786184	0.872630148826719	0.898474854511119	0.0101867176803455	FALSE	up_in_cellobiose
YPL246C	2446.17002322113	0.0119699950630677	0.0750008309684981	0.159598165893593	0.873197623866768	0.89890613117258	0.0117821451834387	FALSE	up_in_cellobiose
YBR196C-B	36.6268928340944	-0.0588282858184936	0.373418953342394	-0.157539635553937	0.874819573216129	0.900422596287964	-0.0387420152957331	FALSE	down_in_cellobiose
YPL038W	1279.15688509674	0.0129126729159071	0.0823237056614091	0.1568524255822	0.875361154526808	0.900826747827945	0.0125539172980723	FALSE	up_in_cellobiose
YDR183W	923.807472182397	0.0149455092235028	0.0959285447504126	0.155798352433972	0.876191969334998	0.901411014474527	0.014673614145767	FALSE	up_in_cellobiose
YER136W	5229.37185882155	0.00940100849660787	0.06035805997853	0.15575398712205	0.876226940834885	0.901411014474527	0.00924908857881585	FALSE	up_in_cellobiose
YLL006W	1052.85307988506	0.0131203818144916	0.0860030070533913	0.152557244961753	0.878747443800166	0.903850244439246	0.0129249640194143	FALSE	up_in_cellobiose
YMR082C	11.6897043272639	0.0978561547651448	0.651552664137888	0.150189171422735	0.880615368945366	0.905617539399952	0.0404500734472499	FALSE	up_in_cellobiose
YFL056C	1257.49925995021	-0.0130174297805749	0.0867882037210179	-0.14999077319793	0.880771894829966	0.905624543910669	-0.012403147755198	FALSE	down_in_cellobiose
YHR103W	2344.06962557306	-0.0103689376264571	0.0697145027200869	-0.148734298056887	0.881763296303616	0.906489833334564	-0.0124890647386333	FALSE	down_in_cellobiose
YNCP0014C	131.503094926706	-0.0300479854513122	0.202283900317305	-0.148543633003805	0.881913753722726	0.906490449663342	-0.0263767708569548	FALSE	down_in_cellobiose
YNL215W	2331.3146466895	0.0101605069900684	0.0692831540718164	0.146651911654258	0.883406777033522	0.907870811123984	0.00757549397050626	FALSE	up_in_cellobiose
YDL212W	3536.0106090071	0.00937680554955011	0.0640501191458227	0.146397940778252	0.8836072528186	0.907922587446868	0.00942509676990835	FALSE	up_in_cellobiose
YPR083W	2236.26775615039	-0.0107483232872188	0.0746141082165828	-0.144052157750376	0.885459283171626	0.90967106044585	-0.0105248378503547	FALSE	down_in_cellobiose
YPL242C	3232.54202501024	-0.00921212212741231	0.0648387016455466	-0.142077523047457	0.887018772064233	0.911118450028281	-0.00885461052801977	FALSE	down_in_cellobiose
YGR135W	5767.24993829446	0.00916998480390712	0.0648398968258838	0.141425036941862	0.88753417642656	0.911493078642489	0.0087822112560351	FALSE	up_in_cellobiose
YDR539W	2893.59041772539	-0.00913581316806072	0.0664384216039074	-0.137507980284761	0.890629285310039	0.914516473746465	-0.00914110821774693	FALSE	down_in_cellobiose
YDR109C	2328.33545704828	-0.00967075644217901	0.0705574123517028	-0.137062232299193	0.890981604930601	0.914722968130551	-0.0118131961344575	FALSE	down_in_cellobiose
YPR096C	41.7147253761888	-0.0469598393647916	0.34393612686643	-0.136536512731705	0.891397161823305	0.914994303728011	-0.0333810637774382	FALSE	down_in_cellobiose
YJL084C	1759.70664734701	-0.0102212474377111	0.0749745619493361	-0.136329538605616	0.891560773443719	0.915006976342222	-0.00998861184468445	FALSE	down_in_cellobiose
YCR092C	1442.46467168142	-0.0105352880217177	0.0784658248115335	-0.134265943766249	0.893192282296795	0.916525888992928	-0.0102712269162458	FALSE	down_in_cellobiose
YPL003W	1188.56691118727	-0.0111490809810379	0.0831649555714835	-0.134059844130559	0.893355252686298	0.916537639670865	-0.0114305906848036	FALSE	down_in_cellobiose
YHR093W	131.871936537519	0.0268498854514537	0.200810735490344	0.133707420501653	0.893633937145716	0.916668083058239	0.0234685697745916	FALSE	up_in_cellobiose
YNR058W	13308.422569115	-0.040444570932237	0.304276272068378	-0.132920554919735	0.894256210671484	0.917150867811429	-0.0297680930985488	FALSE	down_in_cellobiose
YNCK0009W	14.8769659965765	-0.0737779490493048	0.563797078861582	-0.130859048078569	0.895886810932283	0.918667455387249	-0.0346674470569485	FALSE	down_in_cellobiose
YDL106C	1582.32673741344	0.0105345634218401	0.0807423292192781	0.130471383767374	0.896193493039487	0.918826176168789	0.0103351804347123	FALSE	up_in_cellobiose
YMR159C	323.866971852446	0.0179598540693362	0.140275886864146	0.128032368718723	0.898123357299988	0.920648735520696	0.0168472103224102	FALSE	up_in_cellobiose
YCR003W	1214.61033238664	0.0104917546714192	0.0822286976316219	0.127592373144732	0.89847156714679	0.920849628883587	0.00979742783319106	FALSE	up_in_cellobiose
YFL040W	516.288961877108	0.0150468687535686	0.118532535913488	0.126942941341867	0.898985559265935	0.921220336777849	0.0144698188650435	FALSE	up_in_cellobiose
YJR044C	2096.96961133715	-0.0088963086587635	0.0726166148599282	-0.12251064960717	0.90249461235778	0.924659537627407	-0.0088311214483746	FALSE	down_in_cellobiose
YHR152W	1456.30198170472	0.0104916534430141	0.0865485476230116	0.121222755680588	0.903514600601858	0.925547810167763	0.0103643534911243	FALSE	up_in_cellobiose
YML100W-A	13.7840091480484	-0.0720217907668271	0.612660673742367	-0.117555759417183	0.906419660670479	0.928209332553873	-0.030376990430994	FALSE	down_in_cellobiose
YLR448W	6073.51893123295	0.00807224348823968	0.0686249026146673	0.1176284873374	0.906362032008301	0.928209332553873	0.00808459927426003	FALSE	up_in_cellobiose
YLR182W	2722.29703857834	0.00802557556154534	0.0687377908496899	0.116756379021476	0.907053111747971	0.928700790955226	0.00787248131900893	FALSE	up_in_cellobiose
YBR270C	1443.15343314019	-0.00908326426873654	0.0782560912806237	-0.116071019138488	0.907596256916905	0.929099637517407	-0.00881616375441127	FALSE	down_in_cellobiose
YOR363C	2325.41454641718	0.00878480927631737	0.0769414062071224	0.114175314819034	0.909098819846535	0.930480331853078	0.00872989988592549	FALSE	up_in_cellobiose
YPL259C	2322.07427587715	0.00789338314436902	0.0693137639630706	0.113879014687105	0.909333701185591	0.930563281758017	0.00570304156495204	FALSE	up_in_cellobiose
YCR019W	1142.04915640239	-0.0096107392144724	0.0849820106382849	-0.113091454794819	0.909958049615687	0.931019557041343	-0.00977924071842577	FALSE	down_in_cellobiose
YHR146W	7538.75337590655	-0.00822614720416348	0.0728439779754349	-0.112928308321349	0.910087393087363	0.931019557041343	-0.00765272815398901	FALSE	down_in_cellobiose
YBL080C	1365.18731361958	0.00964492221775745	0.0859759880066903	0.112181580478109	0.910679433621519	0.931467685826271	0.00860913614661774	FALSE	up_in_cellobiose
YLR146C	1099.13800124347	-0.0107006332841303	0.0974637581584491	-0.109790895470438	0.912575211754668	0.93324893590938	-0.0107510183665294	FALSE	down_in_cellobiose
YMR124W	2330.33802579866	0.00745898263603383	0.0693575346675552	0.107543941286066	0.914357467329298	0.934913509106647	0.00520547595212855	FALSE	up_in_cellobiose
YNCC0005W	12.1905412611391	-0.0657160108845096	0.624906523186752	-0.105161345651165	0.91624778230202	0.935897135282829	-0.0274449008129246	FALSE	down_in_cellobiose
YNCG0031W	12.1905412611391	-0.0657160108845096	0.624906523186752	-0.105161345651165	0.91624778230202	0.935897135282829	-0.0274449008129246	FALSE	down_in_cellobiose
YNCL0050C	12.1905412611391	-0.0657160108845096	0.624906523186752	-0.105161345651165	0.91624778230202	0.935897135282829	-0.0274449008129246	FALSE	down_in_cellobiose
YNCO0005W	12.1905412611391	-0.0657160108845096	0.624906523186752	-0.105161345651165	0.91624778230202	0.935897135282829	-0.0274449008129246	FALSE	down_in_cellobiose
YER116C	1504.11912422111	0.00886582571516853	0.0836173141863176	0.106028587517336	0.915559670467557	0.935897135282829	0.00849599929376259	FALSE	up_in_cellobiose
YLR199C	1886.27490311091	-0.00828293046239509	0.0782410598893479	-0.105864241539023	0.915690065708686	0.935897135282829	-0.00810682827542827	FALSE	down_in_cellobiose
YGR223C	2229.92922514363	-0.00923287548335223	0.0886407004793754	-0.104160678259763	0.917041838383353	0.936550072662655	-0.0077176610700575	FALSE	down_in_cellobiose
YGR196C	3507.44465210922	-0.00664056290402837	0.0641536152906005	-0.103510345815247	0.917557938828867	0.936918968935824	-0.00695205174343342	FALSE	down_in_cellobiose
YGR262C	2134.0225963154	0.00730675953930101	0.0709234980250127	0.103023112829603	0.917944627169609	0.937155620210796	0.00714507866192024	FALSE	up_in_cellobiose
YBR129C	3164.04567133324	-0.00687031107952382	0.0673147297811616	-0.102062521856049	0.918707048848601	0.93777572367283	-0.00625142541744645	FALSE	down_in_cellobiose
YER173W	1786.85680025141	0.00781301054119733	0.0772123073326627	0.101188668116543	0.919400692078687	0.938325423719247	0.00769426253422787	FALSE	up_in_cellobiose
YPL139C	1813.37120839952	0.00762194859550697	0.0766136106585989	0.0994855682950574	0.920752745884619	0.939388321783785	0.00757235103118347	FALSE	up_in_cellobiose
YML065W	2266.94964072265	0.00693670764227604	0.0696668248584696	0.0995697400644881	0.920685918338994	0.939388321783785	0.00680555694749383	FALSE	up_in_cellobiose
YIL040W	977.270203157897	-0.00852502110150098	0.0876181262799093	-0.0972974595949076	0.922490173379903	0.940843543883836	-0.00788753778645215	FALSE	down_in_cellobiose
YNL044W	2505.89082699584	0.00803145874160819	0.0824633039445491	0.0973943361159625	0.922413242471636	0.940843543883836	0.00778793488520783	FALSE	up_in_cellobiose
YBR168W	1007.38677543624	0.00831374519219072	0.0879634883190825	0.0945135913895671	0.924701186407026	0.942780629795399	0.00900963730527711	FALSE	up_in_cellobiose
YML080W	1142.71169423759	-0.00788380224704748	0.0833716929224784	-0.0945620986055553	0.924662655815329	0.942780629795399	-0.00803908138411812	FALSE	down_in_cellobiose
YKL189W	1405.92466145542	-0.0086021766221454	0.0914164170692351	-0.0940988161418583	0.925030660792038	0.942944534939995	-0.00805298285039337	FALSE	down_in_cellobiose
YDL095W	6644.46919280263	-0.00581181338024182	0.0618813044951696	-0.0939187275972098	0.925173717121652	0.942944534939995	-0.0057538841452671	FALSE	down_in_cellobiose
YDR482C	1306.93298336856	0.00882461970277346	0.0946087555733974	0.093274873443688	0.925685193130346	0.943306895762376	0.00866963572338822	FALSE	up_in_cellobiose
YAL067W-A	13.7392101706507	0.0593342417689199	0.640819573597998	0.092591182001163	0.926228349397122	0.943701412414215	0.0249320464210904	FALSE	up_in_cellobiose
YDL144C	1732.16976854082	-0.00697995691746667	0.0771431517386968	-0.0904805774738052	0.927905327569649	0.94525081281051	-0.00676104310193064	FALSE	down_in_cellobiose
YMR138W	459.905226147335	-0.0115354342611338	0.127935501280607	-0.090166014481255	0.928155290804069	0.945346245845061	-0.0107887515905279	FALSE	down_in_cellobiose
YCR025C	133.384055201137	0.0176626906617132	0.196810926077375	0.0897444619246862	0.928490282963413	0.945369082923024	0.0156128951262371	FALSE	up_in_cellobiose
YGR188C	897.644228707237	-0.00820219500794525	0.0913653368758162	-0.089773597826205	0.928467129336265	0.945369082923024	-0.00748727899842084	FALSE	down_in_cellobiose
YLR424W	871.651624810821	0.00851894604356532	0.0955643441615784	0.089143562050315	0.928967817668965	0.945687022514603	0.00840890281134705	FALSE	up_in_cellobiose
YJR043C	1288.1806458844	0.00736983301226463	0.0828461294972663	0.0889580847890766	0.929115221491864	0.945687022514603	0.00740978890603256	FALSE	up_in_cellobiose
YHR050W	3238.60493382323	-0.0057807750941744	0.0652125097155196	-0.0886451866274158	0.929363895678825	0.945780990067499	-0.00515404675199207	FALSE	down_in_cellobiose
YER044C-A	113.552981276749	0.0189325522051877	0.214137873364766	0.0884129085046887	0.929548501971108	0.945809737329391	0.0167017412072519	FALSE	up_in_cellobiose
YKL186C	3432.58213547601	0.00583241495395076	0.0671373233135856	0.0868729145889338	0.930772529133004	0.946895901232011	0.00579406151644064	FALSE	up_in_cellobiose
YLR363W-A	631.427573224296	-0.00856227274611001	0.102347404004922	-0.0836589147458808	0.933327623865988	0.949335597236483	-0.00833402145218299	FALSE	down_in_cellobiose
YBR151W	4333.01280372822	0.00595659961992654	0.0723146174578154	0.0823706164718539	0.934352001286171	0.950217763244797	0.00710438699657768	FALSE	up_in_cellobiose
YPR022C	2473.1088961088	-0.00566104085160811	0.0690063637450924	-0.0820365042348824	0.934617685092959	0.950328185766903	-0.00484221063509345	FALSE	down_in_cellobiose
YMR223W	794.716589230468	-0.00818635926136113	0.102260134306577	-0.0800542588455665	0.936194102084465	0.951771113194778	-0.00773531478314428	FALSE	down_in_cellobiose
YLR139C	746.23452625715	0.00773419574867577	0.0969034469116022	0.0798134224856944	0.93638564878266	0.951805879597767	0.00714067327210994	FALSE	up_in_cellobiose
YGL247W	732.612909624747	-0.00854297109685911	0.107418171447258	-0.0795300365083358	0.936611041591654	0.951854207415894	-0.00808452412979077	FALSE	down_in_cellobiose
YML066C	1455.49333222831	-0.00674635422835784	0.0850116918716772	-0.079357957474147	0.936747908207442	0.951854207415894	-0.00639766635571689	FALSE	down_in_cellobiose
YGR140W	1261.77676407164	-0.00693386665100009	0.0876831508303095	-0.0790786666005991	0.936970051951901	0.95192002758768	-0.00712070339022092	FALSE	down_in_cellobiose
YOR229W	2294.79744326046	-0.00606279740312731	0.0772789894675849	-0.0784533732246898	0.937467418626176	0.952265392992399	-0.00698657826941811	FALSE	down_in_cellobiose
YBR211C	985.604962772828	0.00668908243285073	0.0875173764453606	0.0764314780051353	0.939075827016275	0.953739032508638	0.00679867898303227	FALSE	up_in_cellobiose
YBL009W	1130.15887597215	-0.00683540611464631	0.091359958341984	-0.0748184022704959	0.9403591999601	0.954882121967206	-0.00658762019415367	FALSE	down_in_cellobiose
YCR090C	1347.36675686235	0.00609662633823384	0.0819147087090532	0.0744265155100288	0.940671010982543	0.955038426558141	0.0059407866881585	FALSE	up_in_cellobiose
YCR088W	6079.44548478478	-0.00440544910662536	0.0597758562839821	-0.0736994730062257	0.941249518130381	0.955465402780781	-0.00432683648489641	FALSE	down_in_cellobiose
YMR228W	902.695095261262	0.00622915575717281	0.0918185055483813	0.0678420512288836	0.945911368813557	0.959837959466487	0.0061871294403123	FALSE	up_in_cellobiose
YOL095C	845.957103358279	-0.00621498215981906	0.0918164557690743	-0.0676891969719484	0.946033049155099	0.959837959466487	-0.00561437559972127	FALSE	down_in_cellobiose
YPR072W	3448.50886316087	-0.00470932719611716	0.0692195317254798	-0.0680346584081794	0.945758044770512	0.959837959466487	-0.00502010829389472	FALSE	down_in_cellobiose
YJL075C	210.329814287897	-0.0110798684363488	0.165972072478024	-0.0667574265412383	0.946774816460859	0.960190568243039	-0.00899627489782532	FALSE	down_in_cellobiose
YCR036W	3159.68611205544	-0.00445021068608486	0.0666129523075331	-0.0668069877092296	0.946735360452479	0.960190568243039	-0.00487552467194153	FALSE	down_in_cellobiose
YMR314W	4771.58598434709	0.00412656690496474	0.0619098433406137	0.0666544556131618	0.946856792787192	0.960190568243039	0.0042698341476496	FALSE	up_in_cellobiose
YJL052C-A	14.3882005994452	-0.0379193653554867	0.577143478370063	-0.065701799945096	0.947615239362843	0.960637603972823	-0.0170859333559516	FALSE	down_in_cellobiose
YBR028C	2883.45604441061	-0.00453949556421351	0.0690545332887153	-0.0657378357078164	0.947586549009255	0.960637603972823	-0.00447893904592197	FALSE	down_in_cellobiose
YJL204C	1263.89680701683	0.00548639640144329	0.0843041103408663	0.0650786347102197	0.948111391396449	0.960979525227399	0.00524889900840343	FALSE	up_in_cellobiose
YIR010W	1867.57396650915	-0.00469639764220638	0.0727163522633146	-0.0645851654549469	0.948504296300123	0.961216701008451	-0.00389225353727031	FALSE	down_in_cellobiose
YDL168W	3636.7831566235	-0.00414001947954107	0.0644837298901016	-0.0642025435966068	0.948808952078401	0.961364380422487	-0.00464251335961621	FALSE	down_in_cellobiose
YBR265W	3894.29572182058	0.00409814824547899	0.0640325105284605	0.0640010552710953	0.948969386547524	0.961365905078877	0.00462316106348431	FALSE	up_in_cellobiose
YKL134C	1181.12962777048	-0.00513007216706514	0.0833520334442647	-0.0615470547637627	0.950923541126441	0.963184276670101	-0.00533276936953286	FALSE	down_in_cellobiose
YOR066W	2260.40081541857	-0.0044920925782863	0.0739589640499387	-0.0607376352006923	0.951568158440369	0.963675839679523	-0.00425722496913076	FALSE	down_in_cellobiose
YAL064C-A	115.624155991216	-0.0141262600731202	0.233662652184765	-0.060455789322934	0.951792626416576	0.963741814059904	-0.0113002437414218	FALSE	down_in_cellobiose
YKL159C	452.904177190616	-0.00695956350086967	0.115530279561831	-0.0602401684412522	0.951964353998344	0.963754372775897	-0.00576297465234813	FALSE	down_in_cellobiose
YMR035W	1186.9582027368	0.00497202787148649	0.0829498727572917	0.059940150674305	0.952203301752467	0.963834968591144	0.00471645207012037	FALSE	up_in_cellobiose
YGR036C	849.105340903464	-0.00591595843828852	0.0995725330001592	-0.0594135577356363	0.95262271462472	0.964098176470626	-0.00570714823366201	FALSE	down_in_cellobiose
YFR035C	564.734044682336	-0.00697200889517044	0.118709262224866	-0.0587318020894077	0.953165728645715	0.964406300495607	-0.00658676758403231	FALSE	down_in_cellobiose
YLR453C	599.84967781619	0.00624293364093127	0.106478414608418	0.0586309785310959	0.953246035818025	0.964406300495607	0.00574871609642804	FALSE	up_in_cellobiose
YLR128W	907.612900057469	-0.00564416181137671	0.0979837052014231	-0.057603065731941	0.954064807629071	0.965073247717099	-0.00529473967678306	FALSE	down_in_cellobiose
YKL097C	21.557197345385	0.0272901970250947	0.478950446971416	0.0569791660027897	0.954561791294992	0.965414525253872	0.0159768045612019	FALSE	up_in_cellobiose
YLR397C	1835.75922600255	0.0040715363381876	0.0735095767323438	0.0553878354246616	0.955829486886194	0.966535032794147	0.00401294369185607	FALSE	up_in_cellobiose
YMR030W-A	39.2601243458572	-0.0205765948680791	0.381103147148989	-0.053992193509845	0.956941383847705	0.967497648486506	-0.0131168954208254	FALSE	down_in_cellobiose
YGL022W	7924.04328164637	0.00318727385473042	0.0596299201220208	0.0534509160536907	0.957372638017675	0.96777190631165	0.00282864439979673	FALSE	up_in_cellobiose
YDR272W	3446.71184268971	-0.00370793591472774	0.0708288114299141	-0.0523506725564184	0.958249277778961	0.968441602824816	-0.00461594631784251	FALSE	down_in_cellobiose
YKL015W	2707.29827481195	0.00367910175040171	0.070457167985753	0.0522175650197246	0.958355337164713	0.968441602824816	0.00366539476626874	FALSE	up_in_cellobiose
YNCF0001C	25.8330002137537	0.0212533505493731	0.436302669053785	0.0487124009474099	0.961148493082259	0.971101926616767	0.0128477986772844	FALSE	up_in_cellobiose
YPR200C	208.538213558759	0.00752341312654267	0.160757784048398	0.0467996817141847	0.962672882712421	0.972479670595764	0.00739292964521413	FALSE	up_in_cellobiose
YML077W	1278.48754712609	-0.00364220738638128	0.0828593388598032	-0.0439565103523677	0.964939070047382	0.974594785011459	-0.0036249387826112	FALSE	down_in_cellobiose
YCR037C	2994.09648278504	0.00293149287896394	0.067287896253002	0.0435664219303505	0.965250017689477	0.974594785011459	0.00210094264700054	FALSE	up_in_cellobiose
YMR261C	5017.87723341598	-0.00281291490493199	0.0645099163571744	-0.0436043799740434	0.965219760305894	0.974594785011459	-0.00621475941213701	FALSE	down_in_cellobiose
YLL028W	2148.39020468511	0.00311853311035544	0.072900584798629	0.0427778888052772	0.96587859002879	0.975066687430599	0.00313951751436987	FALSE	up_in_cellobiose
YGR098C	1011.1266850323	-0.00398777117157787	0.0954644186724398	-0.0417723297018214	0.966680193451779	0.975713080291976	-0.003953450346361	FALSE	down_in_cellobiose
YCR020C-A	765.564038653446	-0.00399758130205836	0.0981653868541955	-0.040722921084149	0.967516788367323	0.976231701890565	-0.00389580982215568	FALSE	down_in_cellobiose
YJR090C	2509.58239585113	-0.00285148144869719	0.0698621292585397	-0.0408158394105722	0.967442711857722	0.976231701890565	-0.00174107322171917	FALSE	down_in_cellobiose
YLR261C	699.050330460653	-0.00428121169543569	0.10752827370436	-0.0398147533476313	0.968240814087462	0.976799313611584	-0.00411604117263528	FALSE	down_in_cellobiose
YIL170W	446.945690050092	-0.00451366587513191	0.116621068783439	-0.0387036915560569	0.969126630180209	0.977529929291327	-0.00431014238591781	FALSE	down_in_cellobiose
YEL057C	301.750272583546	0.00586018276085045	0.155626632843531	0.0376553977540744	0.969962438190387	0.978209868058295	0.00573744138509338	FALSE	up_in_cellobiose
YJL047C-A	10.8009892062878	-0.0249923318541279	0.684084503225016	-0.0365339833548417	0.970856581989188	0.978948402142457	-0.00871984507383798	FALSE	down_in_cellobiose
YGL082W	3493.29873306067	0.002355885486337	0.0649418640549245	0.0362768380708092	0.971061618322752	0.978991954872387	0.00197558996937576	FALSE	up_in_cellobiose
YPL068C	442.174957396561	-0.00463298952962555	0.12940410752919	-0.0358024920389832	0.971439845982794	0.979210069713368	-0.00425555733878966	FALSE	down_in_cellobiose
YNR048W	1170.53917844092	0.00284284319427535	0.0831842667723747	0.0341752509769006	0.972737401869063	0.980191328320167	0.00253436783823803	FALSE	up_in_cellobiose
YPL005W	1368.32484278951	-0.0027174744799058	0.0791989664047826	-0.0343119942502394	0.972628360473674	0.980191328320167	-0.00258094387597985	FALSE	down_in_cellobiose
YGR035W-A	161.032054783905	-0.00613813376622364	0.181426903879134	-0.0338325443194072	0.973010684179553	0.980213402241962	-0.00532917818723838	FALSE	down_in_cellobiose
YBL104C	2160.5621342808	-0.00250930331000477	0.0743687709731593	-0.0337413577926468	0.973083398985449	0.980213402241962	-0.00257362004486088	FALSE	down_in_cellobiose
YHR052C-B	35642.0470267709	-0.00196480711377675	0.0590321231640004	-0.0332836938342571	0.973448356990918	0.980417767472205	-0.006092044118193	FALSE	down_in_cellobiose
YDR044W	46401.6091154162	-0.00205307964644267	0.0627849568754802	-0.0327001840666147	0.973913677107039	0.980723128486845	-0.00193231826850048	FALSE	down_in_cellobiose
YDR336W	1215.03191872085	-0.00274529786271667	0.0892082704242679	-0.0307740285699996	0.975449752805871	0.981843713551067	-0.00258259723097531	FALSE	down_in_cellobiose
YLR323C	1413.34089220211	-0.00252147363093042	0.0821482451148362	-0.0306941874096715	0.975513426755152	0.981843713551067	-0.00206815958818577	FALSE	down_in_cellobiose
YOL093W	1508.73152548122	0.00245637312621561	0.0792063320549195	0.031012332757846	0.975259704285776	0.981843713551067	0.0024616924546789	FALSE	up_in_cellobiose
YPR144C	2248.64924020201	-0.00229537504898058	0.0756650384704892	-0.03033600584074	0.975799081269857	0.981967832740204	-0.00237188852179924	FALSE	down_in_cellobiose
YNL295W	1305.64059193403	-0.00244390717773874	0.0815118925222607	-0.029982216117376	0.976081236277102	0.982088389594177	-0.00197460918429477	FALSE	down_in_cellobiose
YPL169C	3944.95049640828	-0.00203319546038261	0.0682822596531003	-0.0297763353279756	0.976245432069049	0.982090240908977	-0.0019506832416006	FALSE	down_in_cellobiose
YGL167C	3875.67440310995	-0.00194968652508879	0.0662178219776889	-0.0294435314671888	0.976510854750192	0.982193907612889	-0.00186731981243213	FALSE	down_in_cellobiose
YIL054W	12.5134504415036	0.018576361201857	0.640247713023434	0.0290143343334005	0.976853158262753	0.98237485525044	0.00848517868581101	FALSE	up_in_cellobiose
YHR046C	2240.4402873135	0.00199911502792114	0.0698709758680566	0.0286115229261467	0.977174421881569	0.982534587427129	0.00198290090267647	FALSE	up_in_cellobiose
YPL177C	5963.3680056252	-0.00172446122721748	0.0615521316487577	-0.0280162714275758	0.977649173518242	0.98284857081799	-0.00161122874696819	FALSE	down_in_cellobiose
YPL249C	1761.46539527086	-0.0021128462232705	0.0765057778376707	-0.0276168190558564	0.977967767114929	0.983005487417449	-0.0020100343298734	FALSE	down_in_cellobiose
YMR016C	1410.82831868428	0.00211287540907183	0.0799946116439708	0.0264127216277457	0.978928147298899	0.983807337267161	0.00210938622494993	FALSE	up_in_cellobiose
YDR466W	2815.88494668406	-0.00171036152461725	0.0666147494742813	-0.0256754178033438	0.979516231143125	0.984234830927702	-0.00203453185201855	FALSE	down_in_cellobiose
YBR194W	406.623892921604	0.00286514601156815	0.120471223651196	0.0237828248500546	0.981025839959511	0.985587993010311	0.00277533997822754	FALSE	up_in_cellobiose
YOR305W	1677.37181609644	0.00188515937303153	0.0804459422854605	0.0234338652699485	0.98130419183834	0.98570392833446	0.00188536046791799	FALSE	up_in_cellobiose
YER155C	3444.59454554545	0.00156702138283354	0.07524626631888	0.0208252377093741	0.983385065321946	0.987302283839411	-6.71444658634167e-06	FALSE	up_in_cellobiose
YPL174C	1934.37157715784	-0.00151636520481958	0.072465480437245	-0.0209253453598882	0.983305208375054	0.987302283839411	-0.00143324280889836	FALSE	down_in_cellobiose
YJL041W	4778.43822471673	-0.0012748919275526	0.0610756357306012	-0.0208739853838939	0.983346178758111	0.987302283839411	-0.00106745796696366	FALSE	down_in_cellobiose
YMR023C	1029.55057174624	-0.00152801029706028	0.086774979813509	-0.0176088810431783	0.985950871728222	0.98971404299436	-0.000676800599368627	FALSE	down_in_cellobiose
YNCP0013C	34.8995958868724	-0.00634709205638409	0.374942629092332	-0.0169281686420913	0.986493920657752	0.990094860802844	-0.003985617482316	FALSE	down_in_cellobiose
YAL001C	3906.14438903876	-0.000999127082346117	0.0633194536358508	-0.0157791488235524	0.987410583195304	0.99085046744333	-5.72388901329557e-05	FALSE	down_in_cellobiose
YOR136W	10002.7086318551	0.000911833915441044	0.0597271609872385	0.0152666542385276	0.987819445444928	0.991096338612767	0.00210676225139796	FALSE	up_in_cellobiose
YPL269W	1561.04787617164	0.00119886339339714	0.0796212864895841	0.0150570713719122	0.98798664915843	0.991099708251964	-0.000428543659874965	FALSE	up_in_cellobiose
YDR495C	1523.47562400031	0.00119313786987391	0.081741537642541	0.0145964696075519	0.988354115798754	0.991303937401204	0.00120782973057994	FALSE	up_in_cellobiose
YMR239C	1387.31369177041	0.00114415850169848	0.0832755769678626	0.0137394244910489	0.989037870215495	0.991825278006222	0.00141204367698325	FALSE	up_in_cellobiose
YLL007C	836.581329396908	-0.00125562733018874	0.0987574425443378	-0.0127142552281568	0.989855765358536	0.992480942259868	-0.00126844942719879	FALSE	down_in_cellobiose
YNL292W	1487.56040301715	0.00085811947658722	0.0796011798703577	0.010780235644557	0.991398783013941	0.993863314294221	0.000916408421061628	FALSE	up_in_cellobiose
YLR243W	1265.8030467566	0.000835267099490294	0.0807865502384421	0.0103391851369442	0.991750670782041	0.99394783907086	0.00065220724292459	FALSE	up_in_cellobiose
YPR069C	3310.41674151018	0.000663488078610908	0.0646507286102339	0.0102626543099142	0.991811730307772	0.99394783907086	0.000884945237690854	FALSE	up_in_cellobiose
YGL242C	1833.05925093735	-0.000739649423486274	0.0741128662693596	-0.00998004072326733	0.992037211774835	0.994009126060291	-0.000675402079482184	FALSE	down_in_cellobiose
YHR204W	2228.10474646714	0.000632879180505273	0.070772201284704	0.00894248262759713	0.992865026271244	0.99467382310612	0.000658483809343525	FALSE	up_in_cellobiose
YLL046C	153.591525659406	0.00147329864495404	0.193138482664149	0.00762819829912394	0.993913637377418	0.995065142750083	0.00156498091880491	FALSE	up_in_cellobiose
YMR139W	2086.46350012579	-0.000589539863714672	0.0755931112960559	-0.00779885698057558	0.99377747550126	0.995065142750083	-0.000829766472836772	FALSE	down_in_cellobiose
YAR027W	2505.48531275035	0.000582265889627878	0.0706624199837006	0.00824010683135656	0.993425420381604	0.995065142750083	0.00178949971140538	FALSE	up_in_cellobiose
YDL113C	3090.33512371567	0.000522111500675272	0.0667053069668491	0.00782713586693707	0.99375491290309	0.995065142750083	0.000748818662353445	FALSE	up_in_cellobiose
YBR072C-A	10.9672072795574	-0.00411174696200693	0.659982470001479	-0.00623008511422692	0.99502914343133	0.995421574106911	-0.00146263174675697	FALSE	down_in_cellobiose
YMR011W	2863.00083495724	-0.00247647662531204	0.390128856841373	-0.00634784272397204	0.994935188310683	0.995421574106911	-0.000143999341313263	FALSE	down_in_cellobiose
YDR010C	77.621444935908	0.00166817099812151	0.256517796842719	0.00650313942601159	0.994811282027788	0.995421574106911	0.00100877804969856	FALSE	up_in_cellobiose
YDR402C	240.553869595745	0.000924271725050123	0.150270134668922	0.0061507346558682	0.995092454723837	0.995421574106911	0.00112806762898994	FALSE	up_in_cellobiose
YIR028W	738.00022199219	0.000691115986206575	0.10685910626633	0.00646754413689435	0.99483968236215	0.995421574106911	0.00072317335567467	FALSE	up_in_cellobiose
YHR189W	491.371359464547	-0.000514529992139195	0.112220079245692	-0.00458500827657317	0.996341705502601	0.99650644454121	-0.00039578666730537	FALSE	down_in_cellobiose
YPR148C	6777.17978985815	-0.000136677990764156	0.0620982435090151	-0.00220099608363823	0.99824386062438	0.99824386062438	-7.64805146659622e-05	FALSE	down_in_cellobiose
