gene_id	JCYL001B	JCYL002B	JCYL003B	JCYL001D	JCYL002D	JCYL003D
cdt-1EGFP	15.9950996182936	15.9792460507355	15.4574960280549	17.3776986286747	17.6097598868469	17.2276729702647
gene-Q0158	6.18612153607785	6.37892659219261	6.09403595816159	8.21308124046517	8.31768551105068	8.0864919633087
gh1-1	15.2718146636268	15.2352720069548	14.9457415053448	16.8955871545336	17.0688447011339	16.769602881821
NR_132153.1	11.5953739106082	11.5115144053533	11.5427167341333	11.0490037663696	11.2349347766015	11.202822398517
NR_132166.1	6.20601616596216	6.28302597509905	5.73058138124888	8.09031402434056	8.26041728984151	8.02453486806145
NR_132171.1	8.30542119501275	8.43532869414355	8.31676958881158	9.637215409781	9.64889817487087	9.5481915278835
NR_132176.1	9.54171693116351	3.71400165851154	9.37651537372172	8.86709637592334	8.99536089386855	8.78009683983615
NR_132177.1	9.96412240355164	9.96504822688808	9.91545413719363	9.59610297095316	9.83175824712959	9.5786280540914
NR_132251.1	7.18423185831763	7.22173640287364	7.19541878485967	7.51382503562444	7.62845285553006	7.2768374009171
NR_172474.1	8.26920384398331	8.16936432529843	8.11070939892031	8.72778506916437	8.6797570892083	8.63858243378762
NR_172475.1	10.1717999729923	10.3375089269692	10.525575799994	10.3699932494619	10.3824614382635	10.1587814596533
NR_172476.1	6.80484010928681	6.81271275110769	6.43761252034787	8.02227024388592	8.01694653973638	7.34970301816084
NR_172477.1	9.17468790852208	9.31777470388889	9.2994629990116	8.49332762660919	8.40393871755299	8.53142516583941
NR_172478.1	8.37096374656989	8.27848982355919	8.46542277400169	8.54959550944978	8.30829782721132	8.6051522009754
Q0020	4.73493948456875	4.96045033447019	4.87192658807557	5.83878905199794	5.66508157346727	5.41727125881426
Q0050	4.80235487307139	4.85740806312878	4.72322361635868	5.35099088240602	5.56691464568161	5.32909162943883
Q0055	4.80235487307139	4.60863979624554	4.54346126010413	5.73988662067766	5.7561557917852	5.78219336857087
Q0105	5.2629494337204	5.55109783011205	5.16772503640931	7.00772465108488	7.39029439026455	6.67337762012756
Q0120	5.22053425720461	4.91028219693011	5.00057216924608	6.09725055870386	6.35737189415964	6.40296008792602
YAL001C	11.963488304923	11.9107925248537	11.949584320112	11.962645544886	11.8864952764389	11.9718220466261
YAL002W	11.5834609825289	11.6033602606067	11.5356922104068	11.6865671034475	11.6943738432996	11.7089467203818
YAL003W	14.0782680822435	14.1543908017941	14.1391837973421	14.9013345625301	14.834575382056	14.9119041020578
YAL005C	14.5009010998091	14.4316766815273	14.341040101628	15.9573957897384	16.1298264644341	15.8702599491156
YAL007C	11.3770592770725	11.4577445554502	11.4154421317204	11.3045898463719	11.1224566060603	11.2901251269647
YAL008W	11.4209757441151	11.4042058098046	11.3976705846888	11.6404124239085	11.7883735752159	11.5987377540033
YAL009W	10.574065417491	10.524340195939	10.51682112936	10.4245475850623	10.3824614382635	10.3969577608949
YAL010C	10.6223391368603	10.5744980322193	10.5727991647018	10.1648957775725	10.3712530051574	10.2507421781185
YAL011W	10.6392588230329	10.6660161275426	10.5854144053828	11.0200830890297	10.896410499345	10.9403299387688
YAL012W	14.7865349724244	14.8172891028309	14.6063517011522	12.0137929391712	12.0977492461774	11.9611382600657
YAL013W	11.6354237712795	11.5128011515836	11.4849779228048	11.8178550752519	11.7294678158151	11.6926445447955
YAL014C	11.3312159225812	11.3874683602404	11.4312514687263	11.2162075116479	11.0561142862459	11.1524179468694
YAL015C	10.9075046601794	10.9069056647895	10.9284625603443	10.596133865382	10.5187291778495	10.5583448259578
YAL016W	12.7230789562732	12.7111384050294	12.6701976402143	12.8025335777668	12.8394197102186	12.7541697542037
YAL017W	11.7476639822224	11.7096684511258	11.7884480944168	11.9269588838473	11.8955199462559	11.8974755580456
YAL018C	8.79357062823483	8.57015147457306	8.40494368277639	9.28860793930698	9.85447715803144	9.29679241171381
YAL019W	11.5127426696523	11.5637658564884	11.4816077134667	11.656894959277	11.6314143480017	11.7128711747631
YAL020C	10.4723831639926	10.361515656449	10.2928393957728	11.0343082118933	10.8814783423194	10.8926857821151
YAL021C	11.763994782647	11.7765427511692	11.7214520202489	12.348755229114	12.3911549432768	12.3480683312657
YAL022C	11.3955205451937	11.4060535958767	11.445160228446	10.6921019370934	10.794372254248	10.6866147313335
YAL023C	13.1268078055653	13.1784541726633	13.29125976279	13.0937379112437	12.9784868154195	13.1477455115873
YAL024C	9.94848657642515	9.8983410153226	10.0398410384835	10.0779943814365	10.0499227097729	10.2788141792756
YAL025C	11.3124627461104	11.4497049554821	11.531352364009	11.7860447398703	11.7355989197326	11.854602039489
YAL026C	11.8012642172107	11.9039436900723	11.8910881042545	11.6192331619206	11.6323535098104	11.6508087790416
YAL027W	9.40465344773872	9.33921744151581	9.3272779996638	9.61433702348203	9.57850726152553	9.74504665983345
YAL028W	10.5028691781259	10.5158083334858	10.4812612266571	10.4753012325334	10.4553917415125	10.3773089046838
YAL029C	11.601748049334	11.6041653141269	11.5820637983034	11.408433131183	11.3166659699402	11.4724799859717
YAL030W	11.1939137618083	11.1638333781654	11.1526928473614	11.2259402359891	11.0845289889202	11.0653112770204
YAL031C	11.604471225162	11.5724304843761	11.5899103922907	11.3112084627661	11.2889411351028	11.2828833433975
YAL032C	10.7100864017568	10.7175197803384	10.8285367590998	11.21783419914	11.1736758272646	11.1902094912971
YAL033W	9.45381950727622	9.37740538055606	9.53453093975845	9.6850513120631	9.56085267334012	9.47148368443151
YAL034C	10.8867741569947	10.9942524237185	10.8539573844797	11.3061199167848	11.4836481856849	11.3461552258903
YAL034W-A	9.43149299565087	9.39612657101007	9.31217275541631	9.61433702348203	9.54896169619895	9.56999726717086
YAL035W	13.2773140278293	13.3364960385358	13.2346602866444	13.7884363920043	13.7079084268475	13.7646060491869
YAL036C	11.0468351367114	11.1951616886064	11.2569104842642	11.3586749624809	11.4263211255759	11.5056610471976
YAL037C-A	5.03243027158677	5.00823711295516	5.11485276135637	4.92728381411808	5.01219833709859	4.88427127045992
YAL037W	9.56986428870269	9.55450137151064	9.61263157953858	9.09439152829671	9.15034436161088	9.06455820012681
YAL038W	17.4799174410028	17.4657418638209	17.5876573136496	17.5827321809686	17.6646048616993	17.570118383159
YAL039C	11.1653044257496	11.1687394850788	11.3136097089872	13.5564690821219	13.369582772207	13.419601521386
YAL040C	10.6106470927371	10.8201771842842	10.9578665115275	10.5785151035047	10.5803757859619	10.7015049624823
YAL041W	11.9134899864195	11.9502670438785	11.9220837804515	11.6327098486338	11.6361040550201	11.6675878484554
YAL042W	12.9612323799548	12.9213043169779	12.891832008388	13.0805371809777	13.0617143444409	13.0231037219486
YAL043C	11.638527097841	11.7341459651971	11.7224041513908	11.5606165872192	11.4520814560996	11.5118688133326
YAL044C	14.2197375573031	14.0657776059837	14.0961246053951	12.9414278369209	12.796913807805	12.8069858224057
YAL044W-A	10.4921251594375	10.4811671047689	10.5179183733799	11.4117532771088	11.2137573976797	11.3587337847281
YAL046C	9.92398366885074	9.85975343327386	9.95001215207214	10.5400199856028	10.1064467446595	10.4520014690534
YAL047C	10.1972810339888	10.1790251420174	10.1988144316691	10.1479293350797	10.1993773737416	10.0955504049579
YAL048C	10.5365318288857	10.527738860947	10.5472327988865	10.2080965978552	10.3474279197607	10.2801374097507
YAL049C	9.83556148762197	9.76212214446462	9.91545413719363	10.2979954054738	10.3138659311746	10.2788141792756
YAL051W	11.065402445169	11.1445938662259	11.1384958406628	11.0361533639722	11.0399258167705	11.0319281404501
YAL053W	12.2437581442541	12.3056691926577	12.4404050021147	12.8548701156971	12.7608676737726	12.9543234039655
YAL054C	10.3768573764012	10.2731545942118	10.3282974819529	12.0510736041005	11.7946794112531	11.9428757879808
YAL055W	10.0651202999651	9.96128246998536	9.89363853096104	10.5004693173896	10.3462835163746	10.4247421599326
YAL056W	12.2915732512018	12.3512165306976	12.287645855357	12.4927617601041	12.4822629418741	12.5116018427228
YAL058W	10.581456346515	10.5900245106352	10.687435422239	10.2825326037656	10.2082234385916	10.2412621059896
YAL059W	10.1270426996817	10.1994148828198	10.1401646260141	10.3748621391395	10.3735016703174	10.4235452063071
YAL060W	12.2921363917211	12.1897824444838	12.1518293327818	13.0426439933923	12.8604124765887	12.9370229139852
YAL061W	11.2518024776364	11.1007711199764	11.1420582122462	11.3066295798404	11.0804055372019	11.1531402359148
YAL062W	12.5452956091442	12.5134177408648	12.5140078307283	14.0015818306244	13.9778978968595	13.9641320149461
YAL063C	10.1308259801399	10.1703529992763	10.120072461313	10.4459894938521	10.3946909449303	10.561612970261
YAL063C-A	6.31962585220145	6.36340242871394	6.63213501686783	6.67805343773195	6.81397096798224	6.42272895511557
YAL064C-A	7.18423185831763	7.24688709516723	6.96795563648852	7.21479011320323	6.89230993401361	7.26611657134505
YAL064W	4.97970343435334	5.09767709213781	5.00057216924608	4.9780834168811	5.06610471843126	4.81223893772035
YAL064W-B	6.75266329702421	7.06068457693092	6.98088438740087	6.77699068572738	6.46496780626111	6.62334448913379
YAL065C	6.95066417494452	6.83512857549793	6.90147227428639	6.52943077048487	6.92990250330467	6.70576338134174
YAL067C	11.6678974320375	11.598924417888	11.2209812716534	9.90567235529116	10.0873938773951	9.90112818883194
YAL067W-A	4.80235487307139	5.13973162144497	5.3573322420859	5.35099088240602	4.89502999417141	5.12944642104125
YAL068C	9.16241389556495	9.3811691190592	9.36191993768755	9.69443096692768	9.21950424807529	9.32271524025157
YAR002C-A	12.461412138528	12.4639402626438	12.4809144456278	12.5688740136396	12.5065393500848	12.5843631448878
YAR002W	11.5480636718438	11.5658335883047	11.5340662975569	11.1278345872295	11.1157565397343	11.1269072607092
YAR003W	11.0607829740597	11.0419734630676	11.0795250517549	10.6621449100416	10.6006727310632	10.6975492387731
YAR007C	11.4101213251493	11.3194870631198	11.3211715991014	12.0268427839692	11.962770627854	11.9226858364303
YAR008W	10.0847581571908	10.0655161722492	10.0730684645567	10.4561327294562	10.2467595664248	10.4496514383762
YAR009C	10.7840189876295	10.4465715045927	10.5622015260646	8.26864817910612	8.97179413815028	9.05221312577364
YAR010C	3.71400165851154	3.71400165851154	3.71400165851154	13.4259263849445	13.1998931554811	13.2671480680251
YAR014C	12.0452681221471	12.0941705661316	12.1109700208548	11.5763411282736	11.5221593943654	11.6045584337537
YAR015W	13.4498788089839	13.4939848394661	13.2434754758022	13.1319117131368	13.1227998878574	13.1267558195367
YAR018C	10.3736680491311	10.3199732770356	10.4038413760669	9.91104585058153	9.82026314852849	9.8467931113096
YAR019C	10.3183418671755	10.3672183018341	10.4085819480853	10.2265302067734	10.2430749395781	10.2867354142259
YAR020C	7.91188901568524	7.92773857234523	7.59744318621366	10.2135427457856	10.2220157020777	9.9334459509892
YAR023C	9.17713021696414	9.17112338486162	9.12890748027591	8.71246719125683	8.74030676441122	8.78756537914594
YAR027W	11.3696081082897	11.3243807614167	11.2189587227425	11.3061199167848	11.3683135228158	11.2406924065556
YAR028W	10.9580638613601	10.9153633560778	10.9399687549595	10.1693866565592	10.1305791732778	10.1194032633692
YAR029W	8.7250917921748	8.6092164302882	8.60841805823725	8.24326856500942	8.40833817743045	8.1574757289538
YAR031W	8.9417271105839	9.27996893315517	9.09400097785035	8.96597928176769	8.91731571239387	8.99853356671962
YAR033W	9.82781280927718	9.77790874550021	9.81368189315499	9.33132868506979	9.24920795038647	9.35070203000192
YAR035W	12.9767287648791	12.9451691306729	12.9445978373345	13.1087197722647	13.0383449996921	13.0117992804705
YAR042W	11.4685855398394	11.5583758425571	11.4388020215422	11.6171802124335	11.603430389207	11.6931412663057
YAR050W	9.47580552782963	9.56280994688701	9.75718385618579	9.60109880647675	9.68375208398066	9.87509253477852
YAR061W	7.92942137419119	7.72879328604664	7.90411689035153	7.0476951110196	6.92990250330467	7.31893053474215
YAR064W	5.81941378664086	5.81191569931929	6.01861841375629	5.97432906562656	5.81345914718528	5.41727125881426
YAR066W	7.05091593309577	6.71928554242167	6.54708229446695	6.47118079302582	7.01390753291669	7.17730756623449
YAR068W	8.07825896720342	8.04176356712475	8.02666660570641	7.30799495964302	7.22962354232566	7.07026685966999
YAR071W	10.8046903745965	10.5981297052926	10.6082596446796	10.2846039134222	10.2973797623212	10.3548792045324
YBL001C	12.5408006824919	12.4541504238496	12.4653588438105	13.1613735198009	12.9275597838857	13.1097413825254
YBL002W	14.0004596296301	13.9410978936607	13.9070369532723	13.2945120579123	13.3168148243143	13.4214013286515
YBL003C	14.1584393203948	14.0177197237996	14.0076084333058	13.4041838693769	13.3642224071599	13.4808644965929
YBL004W	10.8702743020026	10.9638399410224	10.8143174301168	11.5290806091407	11.3951210140149	11.5843502644583
YBL005W	11.4814814695925	11.463523195134	11.445160228446	10.8232709288605	11.1410529157588	10.8935505170604
YBL005W-B	13.1828461723958	13.1190039757728	13.0727525110125	10.9739815814503	12.1518024108541	11.1760645860839
YBL006C	11.1011925731886	11.0149843841454	11.0854577933031	11.1832825266319	11.0831558141916	11.0295700003952
YBL007C	12.5809900333074	12.6889228615133	12.6701976402143	13.2567678803219	13.1356071157051	13.2287775818545
YBL008W	10.5786891840434	10.533667323887	10.5822709232503	10.5128905772239	10.5227868759822	10.6129206894042
YBL008W-A	5.03243027158677	5.00823711295516	5.48170850453904	4.6216664105076	5.11739795750472	4.64834101985082
YBL009W	10.1705752877293	10.2057943211479	10.1543467169952	10.1307609316197	10.0983120300459	10.2840998331596
YBL010C	10.1888372665913	10.188719379463	10.1501067128459	9.93102000077393	9.85286619495309	9.9368060699007
YBL011W	11.8119064581813	11.8765517212977	11.930759890501	11.7527692916987	11.7955181107088	11.8030708123449
YBL013W	8.14975795930025	8.266313122033	8.28096440335901	8.51821597386501	8.41272422220392	8.49080828085781
YBL014C	10.6716488229949	10.7123020407898	10.7058465422073	10.8812203053254	10.7300213009098	10.8532262449497
YBL015W	11.9006225690132	11.7985143425487	11.8393647732544	13.266755336745	13.2646198642175	13.3648477636998
YBL016W	11.269068925164	11.1887355511405	11.2686907490801	10.9063215082437	11.0476907969807	10.9369784796585
YBL017C	12.8613649942933	12.8628020243453	12.8869573218157	12.8431490494688	12.8473278379398	12.8711661996038
YBL018C	10.4279755839757	10.3150641891309	10.3017859701151	10.6485389885229	10.5207594537191	10.6856165628718
YBL019W	10.539380975923	10.464416463635	10.471100001929	10.7995681054577	10.7977249802418	10.6925892807962
YBL020W	11.2483242496884	11.2807355598837	11.2608479374078	11.3931572493748	11.3637967734649	11.4313901340577
YBL021C	9.98656702322739	9.83527259294685	9.98376142145771	10.3082126086865	9.99401885128758	10.2013099180309
YBL022C	12.3595096910086	12.3731078748527	12.3762153422423	12.7245840673894	12.6343870514698	12.6315135728316
YBL023C	10.9162987684645	10.9556625368891	10.9898496680144	11.1921362586673	11.178827706563	11.2542205106129
YBL024W	11.6530678154782	11.7818892248172	11.6838200693421	11.7973308490603	11.8562666654338	11.8766354457389
YBL025W	9.61558886234915	9.58419080607311	9.72713387101403	9.10146203516085	9.24675588912561	9.21886720038384
YBL026W	10.3402920210824	10.2802246376688	10.2966804389039	10.6331789397224	10.5657010979102	10.6223409803718
YBL027W	14.8477652189409	14.9379800271213	14.8715599810545	15.2216309447308	15.1176049365645	15.2082466414982
YBL028C	9.92252927416144	9.93336230849435	9.99798707883832	9.91238610183184	9.81199589984271	9.88382341642683
YBL029C-A	10.0182312478054	9.97130271967738	9.94838517485998	10.7908514122519	10.6460205497937	10.8700187783341
YBL029W	12.1239256347907	12.0234105946933	12.0587782572393	12.7626000628671	12.9638256580617	12.7956975820194
YBL030C	11.0607829740597	10.9556625368891	11.0772939682357	13.4676550743278	13.2670406527632	13.5200273897047
YBL031W	10.0938317804016	10.1306698621592	10.1599807361082	9.75694251023098	9.7371247382594	9.75269339175762
YBL032W	11.4839482942759	11.4120426075199	11.4810452456539	11.6023120999621	11.5407861417002	11.5524024905042
YBL033C	12.283666115486	12.49855702408	12.6550686685597	13.3405313178206	13.1895618907843	13.3152123006762
YBL034C	10.1864156543633	10.2982471988103	10.191956085408	10.4292360591221	10.4122962438608	10.5517862397182
YBL035C	10.5970374491822	10.6379863028483	10.5611374673395	10.7099361432082	10.6534418317267	10.7830972898401
YBL036C	12.4803142243449	12.3056691926577	12.3068161067213	11.5070758363481	11.5307475048138	11.4520813481168
YBL037W	10.5943000437817	10.6505112918363	10.674701567984	10.9029548695752	10.7638418150666	10.9478423737378
YBL038W	11.0226062600182	10.9308484617585	11.0326998311342	11.7628327618923	11.6885161958959	11.7524930532399
YBL039C	11.4153002827878	11.680957944962	11.5757556493954	11.8342081855679	11.7722743306508	11.9953737839715
YBL039W-B	8.45797773769543	8.56353630859206	8.4424614945219	9.45973571169148	9.26140607208737	9.44104078922991
YBL040C	11.897665260661	11.8476101506042	11.8419954595016	11.6363635638543	11.5655813106858	11.6395133240978
YBL041W	12.5226796056352	12.5437371184871	12.6488221419669	13.2588762562078	13.2121938006889	13.2527310473832
YBL042C	11.4710744956128	11.6017488045542	11.73236377172	12.7478514680502	12.7285162672846	12.8360633980792
YBL043W	9.91961607719562	10.163814501413	10.343230968618	11.2809232487443	11.1903526023858	11.3568539784923
YBL044W	5.65014794869771	5.49170405630584	5.96585471539668	5.24003552433906	4.89502999417141	5.49938051151823
YBL045C	12.1552167406756	12.0933107330084	11.9983520316031	14.0837890342383	14.026929442998	14.1281340251111
YBL046W	10.8634695868315	10.8838853695248	10.8565617170514	10.8096714535957	10.8471026573486	10.8407265009514
YBL047C	12.7220344735696	12.7206351637583	12.6387711000126	13.2769342291929	13.083853224544	13.2105044514881
YBL048W	9.8509350466716	9.74616080590293	9.68280948383138	10.033114029671	10.2282415774334	10.0682357886718
YBL049W	11.5348004666877	11.4933784002527	11.5269994227763	11.7493991410754	11.909920466721	11.6706177317952
YBL050W	12.186146543147	12.1061547293708	12.1468734109913	12.3310784662331	12.3083719932301	12.2792704371682
YBL051C	11.4630946745821	11.4972839265271	11.3614569140841	11.4560727866379	11.4392587887354	11.4747929990858
YBL052C	11.1273064575853	11.1127011191627	11.1342093501583	11.0490037663696	10.9732917251091	11.060699284225
YBL054W	10.4614087802893	10.5654320364366	10.6246500174326	10.5969675101301	10.6763902707895	10.8135709501736
YBL055C	10.5906420703709	10.5859547707119	10.6952161326474	9.81111952336404	9.86090307464323	9.85392019979115
YBL056W	12.5057853442392	12.5020166450336	12.4968606502517	12.4121724802306	12.4490679114058	12.3970623687406
YBL057C	11.2172301259712	11.2010272732484	11.3286940580616	10.6135400232106	10.4962054796073	10.5462978793098
YBL058W	12.7370025530437	12.70439697194	12.6775803190576	12.9092386217299	12.934810130885	12.8136252477363
YBL059C-A	10.0821551739615	9.91790218650936	9.89532842087035	10.4496862011532	10.5116006236885	10.5140468888518
YBL059W	9.20611958468424	9.18195384053062	9.2994629990116	9.66928168277827	9.72660707740788	9.70027321064048
YBL060W	11.0381326887642	10.9512400434284	11.0547912723815	10.6525540691518	10.6654205719287	10.6806153337266
YBL061C	11.8107278563983	11.8062309701166	11.768766091429	11.3348871046359	11.2423355356484	11.3122817119843
YBL063W	9.65290775203187	9.80617624606361	9.69256179125369	9.71300920104419	9.72131933884021	9.79404062924413
YBL064C	12.950570413329	12.7898470693924	12.762882930341	14.3241815690956	14.3836374185621	14.274385662068
YBL066C	10.0411963771134	10.0300047996528	10.0849638545035	10.9610896066717	10.8118877668805	11.0366328876542
YBL067C	11.2804661375544	11.2872668635679	11.3066429823905	11.5382234527884	11.6839940730625	11.5485646948608
YBL068W	10.6897138897015	10.8048514841581	10.7457297217286	10.6605508582849	10.6718296964946	10.6955673016376
YBL069W	10.1582708988844	10.2184691683819	10.3295478614314	9.84379925915173	9.85447715803144	9.66423688692475
YBL071C	9.34942708432469	9.32756096184231	9.31974516341617	9.03408117676391	9.05824966333571	9.09496595637921
YBL071W-A	9.32540978337614	9.36795281710895	9.46111458335208	9.49236924771183	9.29264636116481	9.48532033346853
YBL072C	14.6897900169942	14.8145527527096	14.6987455691947	15.1387640126267	15.0253487194193	15.1141523354048
YBL074C	9.71135299935675	9.69416640524779	9.68866877952776	9.14088589424484	9.20189011504166	9.21610351188823
YBL075C	10.9030874200654	10.8838853695248	10.7597106356647	13.86966496702	13.825590875255	13.826360998849
YBL076C	14.2199595411257	14.2787234528179	14.1770068911969	13.8061158007225	13.7588939635982	13.8727022972489
YBL078C	10.7109290442389	10.5637775342284	10.4879958265103	10.9329754503181	11.106323858793	10.8016429077035
YBL079W	11.3781205950348	11.4143394693429	11.4353220609529	11.6564951786508	11.5063658787896	11.655404276976
YBL080C	10.391648365644	10.3823160442974	10.5364449433761	10.4977936456528	10.4122962438608	10.42593812113
YBL081W	9.87519685793839	10.0478697790972	10.0428935457405	9.34529213607124	9.35998863150236	9.45047648646669
YBL082C	10.4422541146499	10.4375655489986	10.589595087141	10.3543014306894	10.3485714158959	10.2933033741873
YBL084C	10.8543464121297	10.8215623896194	10.8089488373051	10.745708362785	10.815200076193	10.7576763968552
YBL085W	11.8267526645642	11.8442068576323	11.8607096253042	11.8604796522554	11.7224287847439	11.8412186397488
YBL086C	10.7832179881197	10.591649197046	10.5331927912201	10.9546001553666	10.8830574468803	10.8062422959684
YBL087C	13.1302762869402	13.2592548798054	13.1573852923089	13.592860219304	13.469265075535	13.6014003541316
YBL088C	11.0000332047148	11.0003810489614	10.9562485875914	11.303058151411	11.1271282057134	11.3180901720338
YBL089W	10.3468124551855	10.3229107300088	10.316995020471	9.94418404737987	10.0071134107445	9.9368060699007
YBL090W	10.6303784685842	10.6197889383409	10.7532030679786	11.0880684546819	11.0004613130847	11.1001884010138
YBL091C	12.9340674754724	12.9159649950258	12.9378505332772	12.4154839838174	12.4027599027912	12.4089040563881
YBL091C-A	10.6725142137429	10.5462897149248	10.5770165153338	10.9103511307034	10.8583849240259	10.7375901527725
YBL092W	14.6398388407986	14.7587971237739	14.6470965953863	15.1511965629653	15.0472562661449	15.1385196435252
YBL093C	12.3916579825324	12.5289750658864	12.6851696041149	12.7365483886012	12.6532480373455	12.7560727379259
YBL095W	9.63170108503044	9.51393984285561	9.64513726093485	10.1861040045906	10.2182672364138	10.2880514010075
YBL097W	8.50153921214916	8.5734476905428	8.59598991733512	8.61697114833752	8.65035735245819	8.72281291090734
YBL098W	12.6819880287265	12.5785616866221	12.4868098891939	11.9243045751115	12.1143133510711	11.9039268341563
YBL099W	13.1770649053717	13.1416378421902	13.1184948928238	14.9544174563564	14.8492404998235	14.9695233342763
YBL100W-B	12.0638549536655	12.0993188308837	12.3030023810248	10.8577627935207	11.0328302897616	11.2555663698086
YBL100W-C	5.73758199476555	5.42926000705122	5.31278787805311	5.60439336777067	5.78512612409354	5.45902413141926
YBL101C	11.2005284178744	11.1290153484766	11.1255979686042	11.6420287915461	11.6370401697772	11.6140328142411
YBL102W	11.9449861655832	11.915016043403	11.8885455099229	11.4878795163813	11.3806621568031	11.4188314420483
YBL103C	11.6691986383056	11.6721554042781	11.5736467885566	11.0471749881265	10.9688372234369	11.023262716066
YBL104C	11.0660611637145	11.1132667608901	11.1060323301148	11.0981132262708	11.0249846875307	11.1553049357433
YBL105C	11.7377760240294	11.7768997998421	11.7729078584933	12.2000547794596	12.2186733961853	12.2723064330136
YBL106C	11.5695919328277	11.598116433596	11.5318955593147	11.1512920216461	10.9583895804382	11.1789046842957
YBL107C	11.2372542071074	11.1434866768805	11.1709425150667	11.1387525475043	11.2036829686525	11.0949351027879
YBL108C-A	9.05230526373997	9.15582269674023	9.20175695070626	8.93464677053756	8.59356026409058	8.88477411725454
YBL111C	9.59747266149971	9.73884683390079	9.60438935448999	9.77030923880515	9.65630617814552	9.66017668747006
YBL112C	7.6619951986189	7.71688720193017	7.80660557684153	7.74894131514607	7.51842416165244	8.0434043521396
YBL113C	11.2736386208758	11.2568725700431	11.3205429533317	11.7255850353351	11.5947837077479	11.6061418244341
YBR001C	11.8012642172107	11.6900862982771	11.6085699016866	11.5670120727863	11.6101199381675	11.5236463352562
YBR002C	11.3754658346987	11.4393664991338	11.4549317577595	11.6068714133739	11.6053448562586	11.6369337941979
YBR003W	11.6739597119711	11.6281103579755	11.6833311779624	11.4523926734493	11.5768455394394	11.4170283849895
YBR004C	10.3128017357173	10.4465715045927	10.436702786798	9.99313943499722	10.2170155798915	10.0728242997838
YBR005W	10.580534548714	10.4907766730662	10.5124237877369	10.9720551147596	11.0098871887138	10.953658450564
YBR006W	12.0835072166012	11.946780452767	11.9087618871056	11.9519341953661	11.9776273413421	11.8434578461347
YBR007C	11.9883736653032	12.0469902728087	11.991654582601	11.4041531134339	11.4726782268914	11.4788318698243
YBR008C	11.2213755139284	11.224777547208	11.2236736000968	10.6533557459425	10.8234477270248	10.7220963936361
YBR009C	15.0952757865872	14.9663940580475	14.979335020978	14.216226844672	14.1390488907329	14.3199636908637
YBR010W	15.0561504898494	14.939814745311	14.9757461680204	15.0419201754846	14.9782029682458	15.0691785428077
YBR011C	15.5911365106096	15.5852709302344	15.4973609376761	15.0065968964114	15.0278043408496	14.966444709771
YBR012W-A	3.71400165851154	12.8695136728465	3.71400165851154	11.6027271789344	11.6257665015401	11.9154669270483
YBR012W-B	12.5426949904152	12.0593711343718	12.4244039538953	10.9137005721723	11.0448720013988	11.0722017372426
YBR013C	9.62813611816967	9.55450137151064	9.50383997042195	9.63071568540643	9.74409413410639	9.60209973599296
YBR014C	11.2639106555018	11.2089875560796	11.2067635167263	11.214035737765	11.22064298075	11.1845681613823
YBR015C	11.7228158407764	11.7506002009965	11.7502129983862	11.9882870639164	11.9879367516261	11.9603131438216
YBR016W	11.1927078317087	11.0881662961867	11.1104032401588	11.2948615317347	11.2200183749429	11.2528733946491
YBR017C	11.8040308639483	11.9747513442835	11.9621332051606	11.8611737173903	11.9623972426692	11.9973862190363
YBR018C	9.26010374015575	9.28600458164246	9.1797313711542	8.86709637592334	9.11043792317974	8.91236044189666
YBR019C	10.3683367824725	10.3258422129716	10.191956085408	10.0611764518854	10.1595363363896	10.0895250383413
YBR020W	9.42944606237435	9.48099921804856	9.33477167593806	9.89486492384089	9.76137166737561	9.87859123294351
YBR021W	10.0638015532196	10.2205708562134	10.1113751052226	11.6524912673347	11.7100272277626	11.6502972633573
YBR022W	10.4872149337126	10.4202977566135	10.4297238062877	10.734387786802	10.7370237844205	10.6935826376802
YBR023C	11.7439639354031	11.8044808119961	11.8301194098757	11.9262957643585	11.7824631561736	12.0086042702023
YBR024W	10.4822879360868	10.4483659678107	10.4436481632333	10.6258456432759	10.7052414021987	10.5810678525634
YBR025C	13.5814767283477	13.6637385992414	13.5449460366499	14.0423914361038	14.1583300836601	14.0931826968878
YBR026C	12.0802503739331	12.0276174681807	11.991654582601	12.3931023824163	12.3991778567155	12.2871883526523
YBR027C	5.70910116153379	5.90299591862888	5.76243703444956	5.76533370513566	5.72651563189379	5.75011312427809
YBR028C	11.5020728662261	11.4559618456031	11.5678314753288	11.4910219573795	11.5130100287904	11.5073567252207
YBR029C	10.970079662893	11.0180082270286	10.9309359112347	11.5128294447652	11.2162650502751	11.3213070174323
YBR030W	10.7117711947813	10.7455199701049	10.8311873495549	10.9369314029466	10.7842670669915	10.9184049669443
YBR031W	15.159836039571	15.2705946964468	15.2089242104125	15.141373393525	15.1320775113569	15.2533198046968
YBR032W	6.99610098859982	6.83512857549793	6.95490735371501	6.48597491736412	6.28064615863325	6.18777232044934
YBR033W	10.6312689682001	10.5362006537767	10.5696280402831	11.3333872587865	11.3137417188331	11.3649821735419
YBR034C	12.0032389867601	12.3468943124336	12.6019962623259	12.8538243414308	12.7662253927047	12.8654481806562
YBR035C	12.9852858298688	12.8585913326398	12.8480097486494	12.3667068837086	12.3215331103408	12.3015926198286
YBR036C	12.5809900333074	12.5840809116111	12.5918729488883	12.63752971064	12.621201676704	12.6508202299778
YBR037C	10.8196112362752	10.7787034795045	10.8347139111108	11.0113551364044	10.8259128549222	10.7979528092605
YBR038W	11.1379970425392	11.2802319249849	11.222328063959	11.0343082118933	10.8324660084085	11.0397608830408
YBR039W	12.5052997320238	12.4330105151407	12.3861629483772	14.4635869219125	14.3726500117199	14.4973824249307
YBR040W	8.85894061721675	8.8291843053868	8.90553171979192	9.64529907913594	9.66917930427709	9.60421469955564
YBR041W	11.3388675177884	11.3893376953289	11.3970744128323	11.0581130430011	11.1083503462664	11.0790594418652
YBR042C	11.190897044291	11.2680916371004	11.2932487126938	11.1203165080183	11.3490189013155	11.2118636228843
YBR043C	12.1207588696707	12.1730604845662	12.151122385436	11.7661717123139	11.7794988413744	11.8272574436035
YBR044C	11.0640841050323	11.0690501177173	11.0464515349237	10.9002558901007	10.7985619455977	10.8541149529052
YBR045C	10.0651202999651	9.99727935779995	9.89870227169268	10.0194973718659	10.3439919820816	9.96669996313512
YBR046C	11.6398550540827	11.6137910767961	11.4566492956403	10.8605423812181	10.9034300383779	10.8272126242019
YBR047W	11.2866964348452	11.1093026033121	11.111857272139	9.5776353711934	9.5746026588534	9.49447153799283
YBR048W	13.2761758946867	13.4195623649764	13.3354909510631	13.6378040833873	13.5358991027383	13.6177140570713
YBR049C	11.9698380030535	11.9656966632827	11.9877003335271	12.2248039848764	12.1645182436643	12.213619984554
YBR050C	7.97515299314338	8.0322002228911	7.95049349021393	12.0471141241935	12.1379819215701	12.0468058202644
YBR052C	12.2211662687701	12.0924503871176	12.147582443005	12.6697788830358	12.5263780328254	12.5532371504223
YBR053C	11.8601781368417	11.8263791425392	11.7581272354338	11.9525856368944	12.0230923423074	11.8909953035512
YBR054W	13.4812069247959	13.4419122558104	13.3590991734643	14.0225963294122	14.2120067430215	14.1037759703753
YBR055C	11.5423943656669	11.6225586249474	11.612683886772	11.2673727068005	11.2330786392775	11.1979304743648
YBR056W	12.4010861066585	12.341593955112	12.3147291350725	12.3398194330765	12.4788731801523	12.3038710056377
YBR056W-A	8.36668596830004	8.25813763652596	8.1338451049809	9.09910905205872	9.3068397206726	9.14232194187394
YBR057C	11.3892175458806	11.4595250650606	11.4491918181902	11.4896760350363	11.5347713459346	11.4602754477237
YBR058C	11.4555732907185	11.4307697965351	11.4318336855847	11.6347408327324	11.6134531161892	11.6716262804607
YBR058C-A	11.5912613277905	11.5239051367869	11.4359026376467	11.4829275232384	11.331198967117	11.4284098706471
YBR059C	12.1324413407315	12.1267503561342	12.169391358143	12.2248039848764	12.2192985702653	12.1993545741916
YBR060C	10.6733790856362	10.704815235044	10.6588732294628	10.7502118342762	10.7893285091487	10.6915952393863
YBR061C	10.565705103837	10.6783011117512	10.6942458358801	10.790122638016	10.7300213009098	10.7914723356816
YBR062C	10.5478948063079	10.3944676550737	10.3030595341884	10.7206847720645	10.7413831374855	10.6337717453898
YBR063C	10.91117538932	10.8685552296859	10.9416050306831	10.7688264177995	10.7757916641441	10.7727946471091
YBR065C	10.4351325169623	10.4474690152512	10.5069081922198	10.2866722528595	10.2866811316971	10.3050508572129
YBR066C	13.6303948136991	13.5316037878031	13.5499157479107	13.5309613543215	13.5131359683678	13.4655365296435
YBR067C	16.56525209476	16.49138406421	16.4515773051232	16.5635196124863	17.0541036179322	16.5305390533549
YBR068C	14.2827226873819	14.3837816689882	14.3638721289028	14.5119549923151	14.5057632622921	14.5840294200222
YBR069C	11.514674183927	11.6497162236245	11.8641647049086	12.2644325046235	12.146553062126	12.4245432765596
YBR070C	10.1570346669664	10.185495201268	10.1988144316691	9.90297808079932	9.6728363296346	9.92162349775381
YBR071W	11.6416237630552	11.6237500819055	11.6234276091652	12.2166917273766	12.287657471265	12.2552525650179
YBR072C-A	4.86516082209276	5.00823711295516	5.05925899540386	4.75661661960266	4.95532230271542	5.23367876684954
YBR072W	15.2313529544125	14.9205944232336	15.0783145524047	16.8258356961919	17.1188702057493	16.8258076285564
YBR073W	11.6726627948345	11.7092943670396	11.6285156812637	11.5429895360922	11.5836592120883	11.5838146290359
YBR074W	11.2384234831223	11.1962299339846	11.1392090190849	10.8674680084773	10.9265848361041	10.941166588346
YBR076W	9.64763525339866	9.55616692129289	9.51707332081157	9.61433702348203	9.7510300082533	9.50356502295531
YBR077C	11.181200935557	11.0927626216029	11.0765495062796	10.7725206825436	10.7088075561865	10.7802947676656
YBR078W	14.2173676021543	14.3073059462069	14.2884881061433	14.731105443167	14.9323268912748	14.8281705834054
YBR079C	13.1642024541406	13.2682982749835	13.1973107605631	13.5435554138965	13.5205100488258	13.5463825166424
YBR080C	12.1025743571039	12.0958886965176	12.1479368283787	11.9236402341657	11.9492675035878	11.8625728867974
YBR081C	11.3567444502063	11.4497049554821	11.4265852555003	11.3897939781876	11.4066944451711	11.5090504124799
YBR082C	13.6856597072028	13.6470387487915	13.7151920992495	13.1409422100429	13.1331211018886	13.1457509583068
YBR083W	11.1247794703014	11.1539708236206	11.1688485284853	10.2135427457856	10.2170155798915	10.2534393649398
YBR084C-A	14.5464558459169	14.6330452525303	14.6152854094573	14.8897313918175	14.7938669419504	14.8818811381289
YBR084W	11.3615817737355	11.5149431814685	11.3916977503404	11.4788632109085	11.5236786630442	11.7059963577309
YBR085C-A	12.8715744287758	12.712818852644	12.6503237768134	12.8954139228177	13.111057463129	12.8360633980792
YBR085W	11.5546498261671	11.6950068118462	11.8194802167332	10.6453188581053	10.5588014828883	10.3192801627352
YBR086C	12.1213927790412	12.1575141642153	12.0992896224481	12.2883684474941	12.3331319294846	12.2653086494578
YBR087W	10.5544821068906	10.527738860947	10.4654237933333	10.595299738574	10.6254129339824	10.6715691922584
YBR088C	11.4178828061856	11.401892744015	11.4254163400995	11.6838233818948	11.6101199381675	11.7299162384185
YBR089C-A	11.8119064581813	11.6987804350106	11.7857178355336	11.7702421849369	11.7197802682318	11.7714329257735
YBR090C	9.30545719520028	9.12247804329168	9.20175695070626	9.35321093966033	9.16859582327256	9.17968482129531
YBR091C	9.40673586212789	9.23283633509152	9.37651537372172	9.45606374232941	9.39805030186854	9.41476959944204
YBR092C	15.1058047503214	15.1706768800943	14.9557450848959	11.6947670972653	11.9657542354504	11.8213622993814
YBR093C	11.7587075229569	11.8848571864809	11.8520355501338	11.2752058531565	11.3283040565587	11.2662882795003
YBR094W	11.0020999588273	10.9880976505534	10.933405028696	11.2762470664456	11.2775802129022	11.1531402359148
YBR095C	10.7848195426135	10.9108153772538	10.8703726362058	10.75619467566	10.78003559006	10.7142866584312
YBR096W	11.185451004329	11.0626213486879	11.159036200147	10.508466681639	10.5568240874874	10.5810678525634
YBR097W	9.95561479214888	9.99482545273901	9.97259918823735	10.0551222028816	10.0708600951477	10.0910337415145
YBR098W	10.1421166402503	10.1561486010296	10.1501067128459	10.3670640072594	10.4490089279383	10.4042576200006
YBR101C	11.7877502266362	11.8239623449686	11.8033728500557	12.127486455075	12.1928051657073	12.0764266050087
YBR102C	11.3674721150085	11.3794965513829	11.2874700213385	10.7842791516086	10.8948459522425	10.8353361325934
YBR103W	11.7144371009058	11.6885689115028	11.7567337564762	11.402723614404	11.4149047029736	11.4164268648363
YBR104W	12.3787254420913	12.3478559250723	12.3765177947983	10.9243668210595	10.8543656650128	10.9856399271264
YBR105C	12.6052116122773	12.7884311299538	12.8790807084915	14.2757434297323	14.2149092524353	14.2626370696793
YBR106W	13.3071519677644	13.3474752427294	13.4409105910158	14.1323930549737	14.183857468013	14.1492848026916
YBR107C	10.2665516567201	10.2057943211479	10.2643547873452	9.78647986225366	9.63396700339678	9.76029978865874
YBR108W	10.3116911513218	10.3643697973558	10.4038413760669	10.6732542206827	10.6763902707895	10.7250141779501
YBR109C	12.6432279450642	12.6081578803523	12.6510740085198	12.7803218141892	12.7498758397028	12.7491624462152
YBR110W	11.41374854674	11.4559618456031	11.4509161993284	10.9759054788937	10.9997336882732	11.0001648211037
YBR111C	12.699711607491	12.5730212657827	12.5570725579555	12.7622285349445	12.796913807805	12.6856831833219
YBR111W-A	10.2745537366051	10.1239485432096	10.125841697453	10.2918301624881	10.2830972139531	10.2867354142259
YBR112C	11.9845461764438	12.0508338105819	12.1326190969051	11.9710291313736	11.8384719569511	12.1035843291215
YBR114W	11.0374610901665	11.1898085639007	11.3460954051848	10.7359023398272	10.5578131240229	10.8523369891526
YBR117C	10.9721897479204	10.8719017550494	10.8556941285089	12.495893547227	12.4270471342799	12.3817371298079
YBR118W	18.1705391295417	18.2164687330936	18.2394829998659	17.9460628171474	18.0353413802611	17.9997079817513
YBR119W	10.7983614396148	10.7607637209997	10.6815722235001	10.446914559242	10.4691250341069	10.4936601843976
YBR120C	9.11224499466059	9.00784090086781	8.76832000813347	9.77915205020639	9.5804556047939	9.4691646103236
YBR121C	13.4999748914722	13.5298042152359	13.4917734108096	13.8889368064841	13.8917931858715	13.9058641637121
YBR122C	11.210095915027	11.1763381965907	11.2135513547216	11.421668112596	11.4836481856849	11.4158250937679
YBR123C	11.1018351538186	11.1334835464709	11.1227160468595	10.8402679639947	10.8398028964466	10.8603206255463
YBR125C	11.1222480487376	11.0413791589229	11.0690836797914	11.1255255023609	11.2570241182192	11.1320456158138
YBR126C	13.6428110917308	13.4816621374232	13.4307522763284	13.8364325488021	13.7624371182527	13.6649438005915
YBR126W-A	11.4449770357221	11.4129617911259	11.3693807187762	11.5097341996025	11.4403317082429	11.4073738349549
YBR127C	14.6855097824992	14.7170782333527	14.6856853122277	14.4140730440073	14.4693710727827	14.3734730864116
YBR128C	10.0989911931499	9.86244804999707	9.93694465006418	10.1063765710249	10.1010287026756	9.92162349775381
YBR129C	11.6787051246632	11.6149897937613	11.6325732578049	11.6724006164114	11.5567040646596	11.6771607300995
YBR130C	11.3415904247432	11.3524414394965	11.3330641125499	11.1312912992376	11.0913753242328	11.1538621635013
YBR131W	10.3468124551855	10.4294118309725	10.4436481632333	10.3690174962111	10.3255274558714	10.2801374097507
YBR132C	11.0020999588273	10.996706999113	10.9358699271967	10.8325025079048	10.7061337675506	10.8025639592786
YBR133C	11.549477524071	11.4972839265271	11.5253636776466	10.7850108832316	10.7774907330764	10.7718543842413
YBR135W	10.3884916112583	10.3519608578647	10.3629047820945	11.4851805366493	11.3236600824197	11.3518291535976
YBR136W	9.69781276757416	9.65273497754894	9.65714042112163	9.9893343815264	9.9082059015896	10.0435140882456
YBR137W	11.1969241840474	11.0389994909459	11.0380633040396	10.595299738574	10.5696289682809	10.5670434767344
YBR138C	10.4310471902278	10.2822383011733	10.2525378950816	9.62254961021318	9.53496379517428	9.52605093040362
YBR139W	11.8737859866105	11.7556812559195	11.7613734614973	11.6476718590582	11.7529741343244	11.5805966333975
YBR140C	11.2736386208758	11.2352090022308	11.2667340398228	12.079683034689	11.9064308447803	12.2953902302717
YBR141C	10.1207150952363	10.2619740309051	10.318255232007	9.94680249870395	10.0569356646992	10.0120038704729
YBR142W	10.5924722165988	10.7367363804051	10.6903581089777	10.5173009466122	10.5597891650118	10.6296255764069
YBR143C	13.1911729760653	13.2219791611234	13.1294831182121	13.3583390837125	13.3657761410579	13.3403227637584
YBR144C	5.2629494337204	5.7391369929479	5.82387347636411	5.51544072297736	5.21325531853031	5.28237631010879
YBR145W	13.5735074781233	13.4803473282947	13.3620041296509	12.1964842629669	12.0588094332235	12.155691943884
YBR146W	11.1616109901111	11.2195333965914	11.2816680891264	11.539958396368	11.564105557959	11.5124318333663
YBR147W	11.5166031155981	11.3752582801093	11.2549377202765	10.9096803081606	10.9828962155706	10.7538719468958
YBR148W	10.0086676914832	9.8983410153226	9.82259070447809	9.76883015060065	9.88159173244113	9.75650160546137
YBR149W	12.9698815781824	12.8755275754778	12.9011118489403	12.7960147787778	12.7662253927047	12.7826876479062
YBR150C	10.3747319419621	10.4758984131132	10.3195143434615	10.9506924255363	10.9531372465667	10.9319366462636
YBR151W	12.1471461166289	12.0631818716741	12.0470458056273	12.0434495492029	12.1861050903621	12.0452503345783
YBR152W	9.26699840154158	9.25557038496556	9.1797313711542	9.09439152829671	9.16859582327256	9.08591081339148
YBR153W	10.3511430931285	10.5362006537767	10.5212051064448	10.0132652259588	9.98962744388354	10.0341330976384
YBR154C	11.4302149690387	11.5408230277478	11.5028205970299	11.8217824985506	11.803044544957	11.8186333174244
YBR155W	10.9651440949429	11.024638454085	11.1716398356948	10.9784666907038	10.9828962155706	11.06607851101
YBR156C	10.1408664783363	10.1572462273594	10.2232379136538	9.33533206358545	9.36677883662125	9.33040204657348
YBR157C	12.6984376604956	12.7734792545276	12.8019140667902	12.970182660106	12.7331200156473	12.9652631474872
YBR158W	13.706827243089	13.7582639502379	13.7215155207915	12.0541119802947	11.9199544390011	12.0576475121615
YBR159W	12.0880544795763	12.0526043032835	12.014766584491	11.569986957559	11.5995938163972	11.548015603958
YBR160W	11.0280257314954	10.9812969316765	11.0517642159954	10.8598479862447	10.8948459522425	10.8299255464521
YBR161W	11.1848446177122	11.1407149800814	11.1306275195018	10.8570670589355	10.9843681702698	10.843414150574
YBR162C	13.98242873723	14.0542622139667	14.0741032833763	13.8305085535043	13.6957180304267	14.0252752677483
YBR162W-A	10.8964360946952	10.8180968790587	10.8134240509919	11.0767585500437	10.8267336289769	11.1009373129695
YBR163W	10.8927276192632	10.9257052070982	10.9473174238079	10.589447306254	10.6782104709676	10.6925892807962
YBR164C	11.198727426572	11.1396048085495	11.1449017892177	11.0379961590021	10.9150538944287	11.0866410734734
YBR165W	10.9459471336352	10.8652009227858	10.803560189955	10.7091653105707	10.72914359554	10.6512612089566
YBR166C	11.5770053481734	11.5920420837967	11.6366194540321	10.9784666907038	11.076270265343	10.9726049785406
YBR167C	9.68414418601516	9.62443752107792	9.55177970332087	9.77326287172789	9.72836535683827	9.81974836080921
YBR168W	10.0127741262402	10.0748400373315	9.93694465006418	9.99819727356525	10.0456985100014	10.0072173927415
YBR169C	11.6644217999512	11.5629379332194	11.4503416346027	12.3981327345484	12.3563377327936	12.2815843215837
YBR170C	11.4368511337068	11.4055918711925	11.3626787973819	11.0963456941669	11.1502619405142	11.0760155971001
YBR171W	11.4348124863272	11.4859723224818	11.5378572476179	11.6327098486338	11.5909240399795	11.7128711747631
YBR172C	11.6103538641753	11.7715347689043	11.7427244335828	12.235282180769	12.1547467973381	12.2579410487341
YBR173C	11.6583192219483	11.6336408081439	11.6536902959705	11.5973218145953	11.6015133781766	11.6776628106537
YBR175W	10.8250697234943	10.8858729957024	10.8755178309602	10.1927370648188	10.0186540410758	10.2096671751484
YBR176W	10.4563926880878	10.4855430281326	10.4665608233856	10.0232237737377	9.98375135628933	9.89595852493948
YBR177C	11.3405018786128	11.2645313890737	11.2667340398228	10.6613481043531	9.97932852557472	10.5218978848217
YBR179C	11.2041236692493	11.1621942943839	11.1541048937644	11.3343873292595	11.3773048168	11.402522222028
YBR180W	9.145052743988	9.26170884971231	9.11155991724344	8.4083811981569	9.11043792317974	8.38147987680972
YBR181C	14.482762080467	14.557645857771	14.4943170470793	14.6540500250463	14.5855738160334	14.6373980362857
YBR182C	9.37517931693815	9.37928847812756	9.483759373354	9.46705171165282	9.47128542886792	9.55038700212227
YBR182C-A	5.61960405563751	5.90299591862888	5.3573322420859	5.41950384393703	5.46027586201236	5.57630276169819
YBR183W	8.00851987373995	8.02739455207482	8.23357858820446	9.15000743488506	9.00409998464892	9.04600069883225
YBR184W	8.60318473032934	8.77009929505835	8.42850673264896	8.25601438655551	8.45586447288895	8.43955602685847
YBR185C	10.0141403436663	9.96379406681061	10.0625789043398	10.4977936456528	10.4468750315022	10.3636433582702
YBR186W	8.70152220436599	8.74985304002699	8.71951544899878	8.72473450207933	8.98950524551305	8.80606901662679
YBR187W	11.4033607645966	11.598116433596	11.5264543804517	11.9371984493262	11.9642632029608	11.958248286212
YBR188C	9.84480527574715	9.7092142328821	9.72333320723495	9.74946266081489	9.63958432705995	9.70816043579966
YBR189W	14.4590734065545	14.6012916996303	14.4892216539251	14.8544383657994	14.8058311735241	14.92443872532
YBR191W	14.206953027063	14.3081707896478	14.2301887375204	14.4223854856903	14.3609410159058	14.4661901538902
YBR192W	10.6948340548229	10.7063157080002	10.713528839162	10.9526476136422	10.9851035847771	10.8892216493759
YBR193C	10.3554607677812	10.3728984902639	10.4471083507655	10.4056397922527	10.4564528032233	10.4211483151725
YBR194W	8.75810715489887	8.74985304002699	8.75720333498427	8.73082918713823	8.78832766640767	8.75364764765763
YBR195C	11.6635515819917	11.7241825822377	11.8217031948971	10.8961979290164	10.999005696268	10.9709672970977
YBR196C	15.5018201415583	15.4610187160922	15.5720505011504	15.3637692528814	15.3346255090531	15.4025793220856
YBR196C-A	5.2629494337204	5.32900622560061	5.52046918355714	5.24003552433906	5.3835764308024	5.18278656067217
YBR196C-B	5.81941378664086	6.06816193900385	5.85353110877442	5.60439336777067	5.97161286736416	6.06584611162672
YBR197C	10.7334962985865	10.6721716975931	10.722122799874	10.3903330539995	10.4002157186819	10.387166790026
YBR198C	11.8749142014444	11.8698727496749	11.8658891466439	11.8373861386936	11.7849991585131	11.8195435517795
YBR199W	12.96917746164	12.9014657088716	12.9046813159473	12.9109155335573	12.9287070007153	12.8101948773144
YBR200W	11.4680872329701	11.4639667486009	11.445736860096	11.6126534136725	11.6224616845502	11.5595028514756
YBR200W-A	7.65497737666234	7.55235387397204	7.74022353765499	8.13701542762217	8.48531094323151	8.50447502569392
YBR201C-A	11.6022022690902	11.5251808834158	11.7128544434768	13.0913736343199	13.1102150499412	12.981823733905
YBR201W	10.4197525119	10.4653029426715	10.4924681546966	10.4995779781646	10.5146600330743	10.5659590097488
YBR202W	12.396117831185	12.4152306250133	12.6344781113267	12.7972846320272	12.7057207630404	12.7010761015382
YBR203W	10.4259242066302	10.4120455599251	10.5002615173014	11.641624869387	11.6134531161892	11.5671105130524
YBR204C	11.1622272197692	11.0684668665856	11.0653362271628	11.0392233825214	11.128460174532	10.9594511725503
YBR205W	11.1677614731912	11.2403965793745	11.2423805076945	10.9918389525679	10.9968195133789	10.9294091060892
YBR207W	11.8134764309092	11.8908076523318	11.9709731064374	11.4716093728192	11.5372805591531	11.4834339185838
YBR208C	11.4908330469894	11.5450216817252	11.5810143537942	11.3921971145826	11.3369714186275	11.4188314420483
YBR209W	7.42661464687785	7.497666365943	7.38174405334945	7.44101057233833	7.09319788802021	7.23346029847224
YBR210W	9.9513420919667	9.93208027625825	9.9121192948916	9.45422424450496	9.47547968112566	9.47611067146914
YBR211C	10.0086676914832	9.97005398918188	9.95811961985072	10.0478233967612	9.95099781714385	9.95680402205834
YBR212W	11.6486769937046	11.640720375558	11.6330796533835	12.1486766182643	12.0640393353732	12.1902345767625
YBR213W	11.7274034892132	11.7107901217286	11.5127609646432	8.53224697474148	8.58969290628132	8.4300380430686
YBR214W	12.1321268389598	12.0285173472688	11.9045734403928	12.9934774326839	13.0153110098043	12.7950035874918
YBR215W	11.0468351367114	11.0389994909459	10.9218461503673	11.0569017910917	11.115084818418	10.9277216156467
YBR216C	11.1498523329722	11.0258406827692	10.9755449316391	10.8465905724373	10.8759378239266	10.8126569019567
YBR217W	9.71471828410562	9.53605220331212	9.5667049335565	9.72526303255981	9.69638356215942	9.71600475478284
YBR218C	13.6711209461654	13.6566744695729	13.6318822953072	13.4850954127369	13.2861129252591	13.4583955418104
YBR220C	10.8672539462627	10.8739059501264	10.8712314440852	10.8866847235299	10.8487198222039	10.9234942330241
YBR221C	14.1781476336388	14.1404457430373	14.1480687674744	13.8044026867918	13.7965605445216	13.798932520528
YBR222C	12.4207898592083	12.3815844372292	12.4043722948634	12.4256077619607	12.4604824341551	12.4382380490419
YBR223C	9.74630277212042	9.60364947688073	9.53669835393483	10.0563350875314	10.1145358354456	9.99114675633707
YBR225W	10.4104451729865	10.4111257281048	10.4109464043592	10.7673460587846	10.723866118793	10.8380338345464
YBR227C	11.208903442194	11.128455849381	11.1484483963188	11.0737674629907	11.0686580081061	11.0216815766606
YBR228W	10.4463078680668	10.4212117598672	10.4308893171331	10.4056397922527	10.3462835163746	10.4752935700629
YBR229C	11.76440069344	11.786506861901	11.8221473797811	11.3468300637142	11.3761839649181	11.3982636349625
YBR230C	10.4753617434538	10.2216205528301	10.3043319747502	12.4000444549261	12.0316600151526	12.3093892940685
YBR230W-A	9.71135299935675	9.57436209913454	9.75159697630078	10.940219763296	10.7273865810498	10.9310946248366
YBR231C	10.3478963342383	10.3823160442974	10.3257934665119	10.8514890693663	10.7825759654216	10.8153973109151
YBR233W	9.88568438488094	9.8745119036741	10.0879224353808	10.1705071948546	10.0499227097729	10.1630911809751
YBR233W-A	9.29649994760871	9.17546533868542	9.12025980190177	9.37670964714776	9.29026715404218	9.33040204657348
YBR234C	12.6806983275361	12.6079572179011	12.6430513519511	12.6831860515954	12.5008941439948	12.6286600776757
YBR235W	11.3102403768019	11.3466803931243	11.352259651513	11.0898461513464	11.1076751666943	11.200727890533
YBR236C	11.4730625730507	11.4170908850912	11.4640684209142	11.0749646421271	11.1909901827061	11.0782990825693
YBR237W	11.6340917278827	11.5781781259741	11.6361142996836	11.4193136107641	11.3812209546242	11.4649369782852
YBR238C	10.8196112362752	11.0806658914319	11.219633220832	10.86677694007	10.8201543231811	11.0483280614102
YBR239C	10.526993821996	10.5736762012907	10.531020609173	10.1467911109954	10.2961949368448	10.0682357886718
YBR240C	13.3598094985763	13.3681201528757	13.2981411714442	10.7739957434657	11.174320819249	10.8585502986296
YBR241C	11.6898598908712	11.5839029591862	11.6095994983407	11.8232080057574	11.7559933977572	11.7714329257735
YBR242W	10.3337419771484	10.1736111662861	10.4215387542685	10.2319073229527	10.0569356646992	10.4925190969898
YBR243C	10.1194462362753	10.1725259282011	10.1878253692498	9.94287303676895	9.97341023970888	9.97816005480063
YBR244W	8.7250917921748	8.78438859380495	8.62073981207467	8.80779852591177	8.7849502029672	8.74216185805561
YBR245C	11.2094998018242	11.1081679831744	11.1212729241152	11.3343873292595	11.2087289774843	11.2894682831399
YBR246W	10.7767939296587	10.8692251561251	10.8522185469937	10.7351452620869	10.6672546579363	10.7191726955614
YBR247C	10.7109290442389	10.8571186199472	10.7772274654757	10.9610896066717	11.0617027436437	11.0319281404501
YBR248C	13.4959474988434	13.5587467680621	13.4784501145797	12.4412417851928	12.3713222206291	12.495175135002
YBR249C	14.0366154610777	14.1180044424808	14.0259442903654	13.7821283429013	13.710134055702	13.8496063163465
YBR250W	9.39419601446366	9.46867093496958	9.39335868822891	9.51195432591616	9.66551298047862	9.56131450531341
YBR251W	10.9819962058238	10.9575537486619	10.8967607741354	11.1398970143865	11.171739119236	11.1524179468694
YBR252W	10.7193285067815	10.7070653595999	10.6766679539575	10.5365479548333	10.2854874816286	10.528593466062
YBR253W	10.6241295310434	10.5810558777717	10.6277025864824	10.620935985254	10.4447379735751	10.5799938820161
YBR254C	9.68070669948874	9.69869726483608	9.70802957899667	9.34330561945658	9.23937457642762	9.30721755222035
YBR255C-A	10.0703832618365	9.89176121614025	9.99798707883832	11.2313190662267	11.111721512163	11.1524179468694
YBR255W	11.1981265961441	11.1763381965907	11.1089477411386	11.0821269277933	11.162016385269	11.1261717136381
YBR256C	14.0064773880776	13.896119230484	13.9633928729028	12.325305430543	12.1458955484958	12.3213272169288
YBR257W	10.5116006024441	10.5504727523376	10.5600726231207	10.2542748329926	10.3474279197607	10.3447973856819
YBR258C	9.18685827224506	9.19484386134358	9.05520632233348	8.79622155923169	8.80842778270652	8.84595908625569
YBR259W	10.2779696557792	10.2852535351739	10.3931177789433	10.150203092038	10.0143371194196	10.1472255118006
YBR260C	10.8702743020026	10.8631845884279	10.8643466224041	10.6803510044839	10.8259128549222	10.6097668715699
YBR261C	10.7630470699359	10.7278989792432	10.8522185469937	10.544348304674	10.5207594537191	10.5095413451252
YBR262C	10.391648365644	10.3738430174237	10.3726419669755	11.2227032849495	11.0134961889692	11.1781951837639
YBR263W	12.3089291956501	12.298226396603	12.332298379538	12.4021921166568	12.2227321934672	12.3483837111364
YBR264C	10.9286660267362	10.8591434449379	10.9350487622465	10.4743941997257	10.3802267085196	10.467184048076
YBR265W	11.9298669411306	11.8772179209425	11.99481019675	11.9748821082565	11.8622832199493	11.9763184003483
YBR266C	9.62991970335404	9.86244804999707	9.86287692312811	9.79522436617726	9.87207998746265	9.89423117727526
YBR267W	10.7109290442389	10.9334132288202	11.0047967900727	11.1981918313828	11.332355306713	11.2434081952035
YBR268W	10.0250237401606	10.0033959155994	10.0982299348091	10.3592234869087	10.2157628362469	10.2561315174892
YBR269C	10.6357132388934	10.4679591156604	10.471100001929	11.8103274469595	11.5367790655344	11.6956223116839
YBR270C	10.5563586806922	10.5080862708194	10.5113223545589	10.5330675467032	10.5318751768085	10.4833577547003
YBR271W	10.0989911931499	10.1440192568673	10.2299494577624	10.1330618941466	10.1131908002599	10.1773646175502
YBR272C	10.3216557606692	10.3061855062318	10.2352962976285	10.1872116351585	10.2819005930633	10.1830346750649
YBR273C	11.6618095697182	11.5416637366926	11.5731190913159	11.9719933407382	11.914560204272	11.8883950293452
YBR274W	10.6516001846832	10.6205849200038	10.6164781104404	10.0647968398816	10.1725089186112	10.0088146510142
YBR275C	10.9665559811581	11.1087354047926	11.0094849383281	11.479767381477	11.3569950227085	11.6024445391962
YBR276C	11.6139620629724	11.6197747260465	11.6396466711873	11.7152574095819	11.7425741375105	11.7395666116717
YBR278W	11.3928976413608	11.2862639702717	11.297727301462	11.644046707687	11.6939240984751	11.5236463352562
YBR279W	12.2098852859434	12.2434738280043	12.2241949301116	12.3390722790548	12.2693604906726	12.3643773447095
YBR280C	10.5028691781259	10.3870018634687	10.2966804389039	11.2102272484281	11.1581088691827	10.9361393968538
YBR281C	10.8528202576747	10.9257052070982	10.8806447394214	10.4888387236117	10.6645026536971	10.561612970261
YBR282W	10.083457252802	10.1205761012424	10.1641918546815	10.5521066999163	10.4500746935182	10.4822084848787
YBR283C	12.4120082722608	12.4060270206601	12.3813484320178	12.1257546146453	12.1534389229529	12.136827980176
YBR284W	9.72976562424357	9.59557358696385	9.56245632407474	10.0453822300105	10.2686718226705	10.0135958394588
YBR285W	9.72142538341238	9.6323537923117	9.76459951750728	10.6557581065666	10.5538529025501	10.4625294829988
YBR286W	14.9329679009048	14.8121596249502	14.8363176164112	14.6178544285478	14.6028652319763	14.4068635385606
YBR287W	11.5423943656669	11.5204976199983	11.4838553942773	11.1866090471584	11.305522139638	11.2270362405981
YBR288C	10.5202794920659	10.4465715045927	10.3847217341364	10.3163345797831	10.4013181386416	10.4578598496703
YBR289W	10.4822879360868	10.5319759621629	10.5958434784774	10.785742243869	10.6663379064277	10.8117422741974
YBR290W	11.9334811547111	11.828102951069	11.8015719907172	11.5776086108436	11.6398448749595	11.5600475883393
YBR291C	10.7646711635565	10.7513461234974	10.771718780284	10.581045283276	10.5657010979102	10.5896309521533
YBR292C	5.87122542995213	6.02875855747301	5.96585471539668	6.72839640648348	6.70221450781438	6.75297743686806
YBR293W	11.3246249552562	11.2832511003703	11.2842496068703	10.7547012899851	10.8599894972766	10.8172213622777
YBR294W	12.8738334137327	12.921142809337	12.5068418745504	11.3650505723363	11.4110790633887	11.4043434894613
YBR295W	10.7176525223698	10.7389372970043	10.7763108108943	10.5058058171195	10.5177129672993	10.5572537970133
YBR296C	8.98976353482992	9.10437364261391	9.09105357370168	10.1982414078702	10.2344406943769	10.3050508572129
YBR296C-A	5.08261830983969	5.13973162144497	4.63830182292762	6.09725055870386	5.99621597166899	6.11595163814557
YBR297W	11.1981265961441	11.0887416383803	11.1111304393441	12.0119190018754	11.9401946904397	12.0165640913233
YBR298C	11.0259958148587	10.9625848920746	10.898446772287	12.4194949031151	12.3972453724613	12.4101131107737
YBR299W	8.11955029624704	8.10698062110968	8.11652835680193	9.84800775174428	9.87207998746265	9.70422221582202
YBR301W	8.67756035947812	8.89123122261301	8.97753132248859	11.4065324685595	10.8324660084085	11.5447166624471
YBR302C	13.184667033007	13.1288276403323	13.0777832166775	12.513439475922	12.8505596995606	12.5835596353491
YCL001W	11.2290426304872	11.2787199644768	11.3349329481875	11.2069548073246	11.2733719533387	11.2716194985543
YCL001W-A	7.70339430157972	7.42622216546368	7.34239566103304	7.11503643308152	7.24949538830882	6.95446331826267
YCL001W-B	7.35031628679285	7.51842037009271	7.41055826134378	7.13370308070513	7.24949538830882	6.78359163052871
YCL002C	10.395846653446	10.4393712440767	10.4038413760669	10.1467911109954	10.2601899010943	10.2152118983886
YCL004W	9.8990572428961	9.80897275789652	9.75346167566962	9.72373698618951	9.76480247114718	9.68836088877177
YCL005W	10.4881983169508	10.5646050225438	10.6051656079608	10.2959432511337	10.2307244223255	10.2317193123792
YCL005W-A	11.3361394617021	11.3321763126696	11.3386633721852	11.4403670541769	11.2685474338754	11.3699614717654
YCL008C	10.7434139702433	10.7936023548867	10.851348341626	10.4367060632461	10.3336347859467	10.4413960485093
YCL009C	14.1121493574514	14.1410005936671	14.1410541854123	13.4849828411637	13.3172528951129	13.4575187010968
YCL010C	11.7777320783475	11.6919807901261	11.8834468381748	11.4688797525004	11.4268625177329	11.4236286059066
YCL011C	12.6787616114058	12.645590592839	12.7308321253727	12.6614353066827	12.6836922546196	12.6781756202352
YCL012C	9.28522454241389	9.09294179102538	9.1573639522153	10.2825326037656	10.0873938773951	10.2615007947161
YCL014W	10.7318367037857	10.7345321006483	10.8241082566361	10.8757351091024	10.7808828790253	10.8181325237656
YCL016C	10.563840657685	10.4776567827996	10.5364449433761	10.1660198089086	10.2069630318774	10.1472255118006
YCL017C	11.6860083784522	11.7059232380269	11.7380242637978	11.9206469082452	11.8904259845524	11.8914282272916
YCL019W	13.1931341271817	13.2033723085268	13.2803100928136	12.3820218395774	12.6014346874521	12.5682073047919
YCL021W-A	8.59223885552165	8.39862291331994	8.36642100683643	7.64271087026754	7.75851586025056	7.74588547268536
YCL024W	10.9637308255194	10.9250610089897	10.8755178309602	11.2605494046484	11.1076751666943	11.168939781457
YCL025C	13.0840345555543	13.177913542922	13.1722693779268	12.9980600349689	12.878138026442	13.135553894344
YCL026C-A	9.10713069218141	9.20973794560669	9.02772323799448	9.43009470207239	9.47547968112566	9.46218492135613
YCL026C-B	9.73474671221437	9.73444057773683	9.9121192948916	8.85598816475656	8.8183736137716	8.83518908084898
YCL027W	10.7983614396148	10.8401336288284	10.841741275205	9.41693262813207	9.48591223689117	9.43154292835435
YCL028W	11.7704756900134	11.8482898468365	11.7747448339598	12.3969366216127	12.3594605457215	12.2966982143008
YCL029C	10.8680096282694	10.9302065568662	10.9201872953201	10.984849896178	10.9997336882732	11.0113617111464
YCL030C	15.9485501664331	15.960940171757	15.79924724846	14.6524471039181	14.5803518013867	14.6588532755514
YCL031C	11.6438316042187	11.6828644542576	11.7701480020654	12.0486382873887	12.0772041847356	12.0798494105154
YCL032W	10.580534548714	10.578600178124	10.6317626559542	10.9578485301452	10.8877844155073	10.9277216156467
YCL033C	10.5554206989551	10.4837942514766	10.527756190555	11.6175910361127	11.3363952117638	11.5146817187636
YCL034W	12.2504383140168	12.0976047831494	12.0058008046153	12.3759639188013	12.1931234420782	12.1043314607194
YCL035C	12.7731521453897	12.6298644461711	12.6278875545787	13.049663462791	12.9651307807877	12.9791786352934
YCL036W	9.14255541791864	9.33340098393722	9.27889137200426	10.1433710392943	10.1981092096068	10.3636433582702
YCL037C	6.95066417494452	6.95241044203378	7.31215400522987	6.71597961151852	6.56477868779654	6.51753308041011
YCL038C	12.0456021384871	12.0661063737715	12.0599086085357	11.2430823687313	11.4584503016921	11.3174459412818
YCL039W	11.4785157012229	11.4785280277253	11.4595073225096	11.6990438028291	11.5841446737759	11.5708993521228
YCL040W	14.5046110328529	14.3826677864896	14.3116858400986	16.3361664259155	16.3539979025897	16.1708201025674
YCL042W	9.72810143066964	9.59395296679819	9.41000747953853	11.3873868319509	11.4349591132926	11.2263500270636
YCL043C	14.3078627654866	14.3672788658554	14.5158254006183	14.4443785532126	14.5627251944468	14.5279841501671
YCL044C	10.1446137179216	10.2476177187663	10.3270460176079	10.5452124121476	10.6525162567952	10.6254674557306
YCL045C	12.3506162005108	12.3990855799009	12.3906620118309	11.9045767566971	11.975408564401	11.9669008977797
YCL047C	11.1279375133693	10.9856283697683	11.0342342878624	10.7160880204181	10.6953887754498	10.6502382659739
YCL048W	8.68444739038734	8.6873480966445	8.72332893674784	9.47433077355	9.49626984321656	9.40994115489696
YCL048W-A	9.794805898246	9.4897410350506	9.66310473846106	11.1518594161119	10.7808828790253	11.1180558460953
YCL049C	12.7392757291647	12.6661671411086	12.7649637403113	12.0968749487824	11.9631439164257	12.1571328524957
YCL050C	12.4894276874901	12.465491630098	12.4282020674311	12.4145386153115	12.398625982448	12.3795785460718
YCL051W	10.9812979510276	11.0180082270286	11.0623312401327	10.9733397116975	10.9695805962468	10.9872610451956
YCL052C	11.6962563158199	11.6771373511325	11.6254649919272	11.48382915088	11.5206385240295	11.4206322483845
YCL054W	11.3556672831108	11.4938128701117	11.4295034069949	12.0610760561289	12.0047153187103	12.1342696587084
YCL055W	10.9742967509827	11.0419734630676	11.0326998311342	9.637215409781	9.74583123268124	9.66220821628191
YCL056C	10.2387739390259	10.107006919661	10.1244015504588	10.4245475850623	10.2626184011687	10.2985362933105
YCL057C-A	11.2130727917455	11.1357124663545	11.111857272139	12.82138021042	12.4954848532805	12.7057605964035
YCL057W	12.5057853442392	12.4979074205181	12.5021371227932	12.5392562135342	12.5464459149357	12.5416998692894
YCL058C	10.0664378420028	10.2079145457044	10.2137889738568	10.5417528720631	10.4553917415125	10.5896309521533
YCL059C	11.0082825143274	11.1578142776854	11.1611444677846	11.3218363406989	11.3473039799043	11.3537155145501
YCL061C	10.8382406893894	10.8146230230319	10.7936284167289	11.2036749260595	11.1443486057826	11.2187800559027
YCL063W	10.6142547490069	10.6489516027068	10.6805927025737	10.26480533172	10.0639146841769	10.1900910446227
YCL064C	15.2287446538923	15.0817532333696	15.1279312269614	14.0447609194901	14.4376219102833	14.0535001414376
YCL066W	10.59612555779	10.5769607193835	10.565389000847	9.86610395333051	9.89730654282835	9.79958814036238
YCL067C	12.9665339597307	12.8263545053622	12.8175920298885	12.3450387046912	12.4429251930929	12.2602893691447
YCL068C	8.26920384398331	6.82396538253909	7.15047296341817	8.1733132175513	6.61211373890706	6.75297743686806
YCL069W	8.06246339101127	7.9069489015957	8.15661407208845	7.74894131514607	9.17634767153813	6.9678092717366
YCL073C	8.93596900297326	8.84835266769329	8.94524958616154	7.64918286328692	9.11043792317974	7.49432321186629
YCL074W	6.68458342000891	6.75505473401163	6.5294282620925	6.05752324193937	7.31693798379841	6.16425466516017
YCL075W	5.70910116153379	5.42926000705122	5.44166873753188	5.02646328380105	5.86833123117324	5.01412775991526
YCR001W	7.70339430157972	7.65582422268991	7.53782516854244	7.38773453282592	7.59012201081245	7.46654859476139
YCR002C	11.8325712088156	11.7495090713503	11.7595193697097	11.3950756040403	11.3856835620855	11.3811024501138
YCR003W	10.2802424491583	10.291265159103	10.2432795759996	10.3112637098312	10.2650428192684	10.2695174191836
YCR004C	11.8647283634222	11.7542313511019	11.8190352097605	12.7276320375836	12.5026927431598	12.5832916993567
YCR005C	17.2046586691307	17.121624164265	17.0653973311162	16.2719646987083	16.3650747656778	16.3042590022549
YCR006C	7.63371493541278	7.7406011742557	7.57219654893581	7.58985261743632	7.60557788580909	7.34970301816084
YCR007C	10.0873564510765	10.0082705529164	9.94838517485998	9.93893283911261	10.0329511659462	9.88382341642683
YCR008W	11.2866964348452	11.2837536825228	11.2732461092305	11.3213320227621	11.3962272544561	11.3668514249774
YCR009C	12.1976139448526	12.1106940660898	12.146164030337	11.9052499325073	11.9280081607951	11.8735709526894
YCR010C	8.41305597924681	8.40973332943499	8.42382489996369	9.29478896942207	9.23937457642762	9.03663154686877
YCR011C	12.0825309355665	12.0073725125498	12.024449211604	11.7958795286243	11.7748282911366	11.8158991634416
YCR012W	17.8978872910819	17.8092852460403	17.9084231389746	17.5187116231306	17.585416164211	17.5192031588528
YCR014C	10.2619590280814	10.1539508392468	10.0938214520925	10.575980477884	10.6782104709676	10.528593466062
YCR015C	9.53982075794359	9.55783054929689	9.38616420873342	9.43196522693752	9.38473122194991	9.22162559964184
YCR016W	11.2581575293293	11.3714804461764	11.3473303634109	11.2473362625704	11.223138703131	11.3593598428722
YCR017C	12.3092074262785	12.3350622430457	12.3115691301452	12.0995243930049	12.0936635738322	12.1757348674322
YCR018C	10.8428607023265	10.7694026529232	10.8089488373051	9.66133171981364	10.2504348045595	9.76408799407399
YCR019W	10.2068709105387	10.1876454540119	10.1878253692498	10.2168005910102	10.1145358354456	10.2234892208127
YCR020C	13.3309147079215	13.2426774374438	12.9232257288382	10.0019790460076	10.2674631690958	9.95016880147985
YCR020C-A	9.63170108503044	9.62919249729281	9.62694306622896	9.5860590686953	9.56872585684287	9.72380663210582
YCR020W-B	9.31435912571094	9.29800058479653	9.2072111507104	8.96855982361601	8.98362570124186	8.96928406201488
YCR021C	11.4383782308704	11.0887416383803	10.8391100238101	14.0668910033605	14.0488131902794	13.9330335529718
YCR022C	6.14543124899356	5.92480708100172	6.27663457769764	6.39473178136591	6.35737189415964	6.25596928416214
YCR023C	11.9287809090731	11.932108171544	11.8813170617569	11.3188077851542	11.3541514676642	11.3012459558364
YCR024C	9.99904029465722	10.102455341171	10.1011614549362	9.91238610183184	9.97785122940846	9.85747057882778
YCR024C-A	11.495241672093	11.4590801436332	11.3970744128323	11.7746696411095	11.9937949339564	11.8367297732456
YCR024C-B	12.6020357481771	12.5564791656135	12.5129076900535	12.9745190415255	13.1015942204566	13.0213246884604
YCR025C	7.38473193383566	7.30389742256098	7.20643632750286	7.45587374145848	7.33563436818317	7.14251771984171
YCR026C	11.6808569810647	11.7066730588755	11.7820694340379	11.5952374235376	11.5357755550023	11.6379661597046
YCR027C	9.89015579673176	9.89439673934839	9.9821720962887	9.55378378527099	9.6093691679104	9.57431911855593
YCR028C	10.4872149337126	10.56212113215	10.5685694477275	10.3374396794772	10.4361579386592	10.4378435093651
YCR028C-A	11.438886904245	11.3809065459677	11.4172073046076	12.2557490857663	12.1478671910607	12.2434311817036
YCR030C	11.1235143147769	11.1239720275055	11.0847175335466	11.4070078690286	11.1909901827061	11.3524582146871
YCR031C	14.7901275156362	14.8529900476422	14.8198424689521	15.0519099835551	14.9489128268928	15.0748120229292
YCR032W	10.6392588230329	10.7447900436207	10.6175021341523	10.9096803081606	10.8535604676371	10.8857491778962
YCR033W	11.9908040635355	11.9966827298463	11.9793609631922	12.1053946843732	12.0671682003572	12.1796393598563
YCR034W	11.1454959211851	11.3643702314761	11.2108400509428	11.315772858247	11.3761839649181	11.3897085606319
YCR035C	11.6713647107416	11.7611054577033	11.8217031948971	11.6532929390853	11.5894739981787	11.6961180091468
YCR036W	11.6898598908712	11.6257336594302	11.6023768428619	11.6375794154668	11.6431101542034	11.6244874383687
YCR037C	11.5108085658487	11.5879782614146	11.5762823832783	11.5145951791782	11.5477718543564	11.6218808765393
YCR038C	9.18928006076739	9.30792155207249	9.0969423658512	9.02419287784958	9.18405804787864	9.08591081339148
YCR041W	9.48765806951917	9.59880937290415	9.45883041833392	8.6300759285099	8.76451737067758	8.65908883749964
YCR042C	11.7976992859679	11.7900488601308	11.8105538912212	11.6802880549599	11.6323535098104	11.6921476521992
YCR043C	10.1705752877293	10.2393494960792	10.2070016304581	9.56746153863345	9.48383175633892	9.61264366710344
YCR044C	11.3680064098973	11.3204671317249	11.3638996466361	10.5111226467776	10.4522038652208	10.4115207217358
YCR045C	10.9495214539617	10.9874807264984	11.0928395732277	10.3690174962111	10.3610904035552	10.4590286759884
YCR046C	10.959482690828	10.9638399410224	11.0510064583814	11.2855843223328	11.1436900698367	11.2562388288508
YCR047C	11.3080145786255	11.4143394693429	11.3754464741801	11.5952374235376	11.6735390794743	11.6061418244341
YCR048W	13.3219805481859	13.421961394982	13.3929805978269	13.1372221861767	13.1211282387913	13.1227053671772
YCR050C	10.5067563376206	10.4785351644905	10.5600726231207	9.8395784489819	9.8831709418008	9.88208146361099
YCR051W	11.38816436343	11.3447549204144	11.2621580372163	12.1196767486363	11.841723727066	11.9524509125352
YCR052W	11.7365352503805	11.7535058518795	11.7166819157549	11.7141053184859	11.5826877983518	11.6291674144535
YCR053W	13.8643234431038	13.9026779903982	13.8602249994153	13.5370549727159	13.4592439198321	13.578192965521
YCR054C	10.1876269687007	10.0829492650913	10.0595678210155	9.70838703415661	9.96299443776589	9.86630847293795
YCR057C	11.3540500229183	11.4456682914668	11.4183828877665	11.8486291672865	11.7871090937174	11.9222621931643
YCR059C	11.3712080303408	11.3818457773269	11.441695589972	11.7456452723497	11.5532369959649	11.6645515882883
YCR060W	10.2293945345672	10.1919363664179	10.2029138402222	10.1110531061827	9.98522262420675	9.97978980215096
YCR061W	10.6268109625791	10.6675574843828	10.6913310234417	10.6517519465785	10.6235248333738	10.6358403694312
YCR063W	8.04112861200743	8.18670174046194	8.16786464138348	7.57632693504053	7.68044658018419	7.97951670630027
YCR065W	10.7176525223698	10.7278989792432	10.80175949166	10.2026298077853	10.1358875389369	10.2721797564685
YCR066W	9.73971065339717	9.79775402411314	9.75159697630078	9.66133171981364	9.71955244166103	9.71012551972448
YCR067C	11.2106917820059	11.1855117158734	11.2542795323261	11.1063331948078	11.0077174467263	11.1538621635013
YCR068W	11.3273748520695	11.1757967568529	11.2250178824079	11.3348871046359	11.3598329838435	11.2649523906521
YCR069W	13.0830586381288	13.1588627242317	13.1981665517771	13.1923155993813	13.2106226435307	13.1513649224375
YCR071C	10.2199537376941	10.1495452433974	10.1585742932181	10.4789236709519	10.3768681087247	10.3422658817495
YCR072C	10.4452954972544	10.5924608545537	10.6578781677345	10.8139798914848	10.7960495912894	10.9577984813364
YCR073C	11.4540642968043	11.5037697326831	11.4376429671485	11.4211975195502	11.2472483661785	11.4479667786376
YCR073W-A	11.3599711341364	11.314084751694	11.3742353617422	11.7632041382341	11.7268322023351	11.7582011690657
YCR075C	10.3884916112583	10.342342343919	10.4073982649078	9.93234182581699	9.80368098274222	9.83062719921408
YCR075W-A	8.97860408904387	9.08141852356249	9.09400097785035	9.46705171165282	9.17376835213218	9.15103051897226
YCR076C	10.5572960528954	10.4977254579481	10.6418631139547	11.1387525475043	11.0906921509819	11.0161339012877
YCR077C	12.5038419138523	12.4918303071386	12.4727333085639	13.09078195919	12.9926348391856	13.0157758463717
YCR079W	10.7614211457451	10.7614856113215	10.7106527701596	11.9610277163586	11.9153320452004	11.868742130028
YCR081W	10.3435559226184	10.3394442377709	10.4424929203828	10.2319073229527	10.2553205998634	10.3089455190399
YCR082W	11.3080145786255	11.2527711798469	11.2054021080691	11.8587430271299	11.8896406992391	11.8492635691083
YCR083W	10.0571896714616	9.89571269699255	9.95163729590777	11.430112642369	11.3620993399028	11.2769310884584
YCR084C	12.323601972451	12.3645812132727	12.312517858604	12.4853526794672	12.3293725322423	12.4779828429978
YCR085W	6.06015996968549	6.04860577684161	6.04423423892121	5.97432906562656	5.86833123117324	6.06584611162672
YCR086W	9.92252927416144	9.78928232409025	9.69450436283107	9.89215036360186	9.81365314552072	9.89595852493948
YCR087C-A	10.4187213239045	10.5158083334858	10.4002756945714	10.9217076433912	10.9440885135875	11.0137497795745
YCR088W	12.5878865569869	12.5806083067757	12.5655864202677	12.5859793341663	12.5514195701148	12.5835596353491
YCR089W	10.8149160371163	10.7520727409307	10.9026531667443	10.4311071900252	10.3913658947682	10.6066061432165
YCR090C	10.4330912999243	10.4555215797035	10.3714284075302	10.4367060632461	10.396903394401	10.4461191979543
YCR091W	10.8882648275891	10.8530604235767	10.7624906314128	10.6565580051709	10.7808828790253	10.6896050992102
YCR092C	10.5028691781259	10.527738860947	10.5440049051183	10.4734865962041	10.497236950206	10.5735332127057
YCR093W	11.5257304834949	11.6277145133623	11.5302653594256	12.4064778724155	12.2379289160664	12.4296195446077
YCR094W	10.5497799637832	10.5063646284176	10.3943132343148	10.3414249204322	10.3336347859467	10.3548792045324
YCR095C	10.8528202576747	10.841499811924	10.7661889780797	10.4743941997257	10.582321179698	10.427133091544
YCR095W-A	6.97356539393484	6.70715633440283	6.72778571107841	6.54361822119775	6.58073683714937	6.42272895511557
YCR098C	8.89796961539567	8.88063065136494	8.95176406023511	8.83351138991259	8.70141949671226	8.95609120514123
YCR099C	9.15003445085276	9.10892111065718	9.1797313711542	7.92976015652472	7.8840852780898	7.73817521929971
YCR100C	9.8990572428961	9.83664359722605	9.92706572951446	8.41974979136276	8.48114102291718	8.31062047273201
YCR101C	8.75156436121577	8.6781931263901	8.83680030778646	7.39546838298364	7.62086845408867	7.38972526919561
YCR102C	9.88717639644756	9.76500531996606	9.71761336272695	8.9187212083539	8.91731571239387	8.59667190745908
YCR104W	7.71693208912058	7.60502493461477	7.7019700665043	7.6936851005861	7.19928468323979	7.32926210924424
YCR105W	9.67898487834733	9.7107104148129	9.67692628214986	9.14317169763862	9.17118440825348	9.11587593710121
YCR106W	10.69398195505	10.6458271561241	10.66680910876	9.88943068408788	9.80034154516675	9.87684294486625
YCR107W	10.0100378026119	10.0478697790972	10.0383123587016	9.36304866092416	9.2119816774279	9.38309170150736
YCR108C	5.13054927052971	5.09767709213781	5.00057216924608	5.20051604150312	5.21325531853031	5.12944642104125
YDL001W	10.408368694273	10.3860659166269	10.3799019601692	10.3193685667124	10.3009284103628	10.2774897337566
YDL002C	10.7935964491956	10.8187906475238	10.8214446147494	10.6143636718854	10.6254129339824	10.6502382659739
YDL003W	11.2278657231358	11.2987503020308	11.3311928527976	11.305100050178	11.0498012849835	11.3749236427597
YDL004W	11.3273748520695	11.2429833892928	11.1519863055187	13.2385876432751	13.0936036625708	13.2340781598577
YDL005C	11.6220476650868	11.6105896201659	11.6167861733698	11.7445172043661	11.8364358722977	11.7822118088336
YDL006W	10.5629075301351	10.6013590741627	10.5579405735567	10.0257027034041	10.133235798275	10.0910337415145
YDL007C-A	5.70910116153379	5.29358771106086	5.40024844922604	5.38574294929138	5.94654310744993	5.61304035489929
YDL007W	13.1063003586077	13.0552331834948	13.0266688806087	13.163063139721	13.2120367619486	13.1265719545612
YDL008W	10.2282178087976	10.2289471164245	10.2446058370238	10.2146295120155	10.0983120300459	10.1253053456976
YDL009C	8.81882456115248	8.86458207186264	8.84732143347549	8.98139365318442	9.25897469227172	8.95609120514123
YDL010W	10.9644376333016	10.8537375829507	10.8712314440852	10.9290086194245	10.988775044164	10.8717750952481
YDL012C	11.0706637907022	11.013167031305	11.0250029688365	10.7502118342762	10.7859561883838	10.7404767968066
YDL013W	11.4054443135032	11.3912046112929	11.4300863296214	11.4932623746105	11.4626806317542	11.4742150933878
YDL014W	12.705219081969	12.937683839053	12.8962684698725	13.8336062122734	13.7415905661877	13.8580476968439
YDL015C	12.5238788019322	12.5249420211964	12.4585180247992	12.1580268591435	12.2636137074551	12.1061975986662
YDL017W	9.91669698361252	10.0203855475252	9.99326076684287	10.0551222028816	10.0887631750284	10.1559011411612
YDL018C	10.111809550865	9.95876649155813	9.95326061049559	10.0563350875314	10.0860232785137	10.0435140882456
YDL019C	12.2352909922112	12.2357022627998	12.215429805566	12.2678389465242	12.1848253500217	12.2004031812696
YDL020C	12.9885902674262	12.9333661487158	12.8780129953233	13.2232829487449	13.4259151245202	13.1702192721704
YDL021W	11.4327709539633	11.3056957282614	11.3442409833536	12.2360850524043	12.3911549432768	12.149189986157
YDL022C-A	5.73758199476555	5.7638573022123	6.11825891202194	5.99562141966319	6.11283655145931	5.98697392837552
YDL022W	14.157126114954	14.1616549345324	14.1699574658482	15.1513384371877	15.1184849378845	15.0115001734251
YDL024C	9.78683449034106	9.61966681238268	9.60438935448999	9.80102471504477	9.72308407366851	9.68836088877177
YDL025C	12.009758904807	11.9800329584879	11.9665599265831	11.6600892222575	11.7294678158151	11.5654836737834
YDL027C	11.0171663519227	10.9550315815892	10.9176954305483	10.984849896178	11.3025751888385	11.1031817189033
YDL028C	11.0354444163446	11.1205999915489	11.1320613191424	11.3893128701556	11.4333434253978	11.3835665821224
YDL029W	12.959283575606	12.9256582027893	12.9427607908494	12.8613023597384	12.7747565711065	12.7894395801098
YDL030W	10.7301751974542	10.7108077849934	10.7287717731126	10.4450638348186	10.5368995995959	10.4042576200006
YDL031W	11.8138686572794	11.8785493980176	11.8083136532308	12.28656112785	12.3063138741313	12.2927706992254
YDL033C	9.90053549020714	9.74177687581368	9.89194665853506	10.0132652259588	10.0027617543664	9.92839104799631
YDL035C	11.7797412812132	11.7836669886333	11.7427244335828	11.7650595872673	11.7551313956528	11.745804913518
YDL036C	10.2619590280814	10.3776149531935	10.1836827890686	9.76586741513772	9.72660707740788	9.77351519708702
YDL037C	6.28279931681197	6.73131046648598	6.92844300446973	6.86940311069188	7.40805815220942	7.46654859476139
YDL039C	8.09905302974722	8.37614124759066	8.3615323036113	8.81928317485816	8.94178302287992	8.8566491578612
YDL040C	12.541037607052	12.5272783157764	12.519495985212	11.9404860916136	11.9661267529123	11.9901282769634
YDL042C	10.3027755572542	10.3051956037768	10.3702138262085	10.5190613255321	10.554843977684	10.6440853273936
YDL043C	9.74630277212042	9.72854454711702	9.68866877952776	9.88534152381303	9.99693904521733	9.97652846369129
YDL044C	10.2561976014701	10.0864107393449	10.1571664775261	10.1993397602325	10.3347892649654	10.3128296930015
YDL045C	10.7310061898365	10.7950133027249	10.7836277895788	10.898228336454	10.9173674682432	10.9660430680509
YDL045W-A	10.3511430931285	10.3375089269692	10.3592363241779	10.5512467138104	10.4910370337716	10.4868000802948
YDL046W	12.3211208641823	12.233362606085	12.2201561042725	12.3035122709826	12.2167962468065	12.2212168373638
YDL047W	11.6058308878693	11.687429823131	11.6764692452889	11.8475788476467	11.7980312875307	11.7854764170314
YDL048C	10.8687649146189	11.0216284916437	10.9835095129398	12.938635667291	12.9992022007841	13.0827005903804
YDL049C	9.20132833526388	9.12022739269316	9.09400097785035	12.3242990619054	12.1478671910607	12.3080927709383
YDL051W	11.712755497542	11.8194632367697	11.7866284960685	12.3050434532073	12.2042191080953	12.3110083111676
YDL052C	12.3312938006876	12.2683191557433	12.2841035094975	11.9879693415515	12.2080037759827	12.0058079246817
YDL053C	11.2656321288839	11.2445332516752	11.2764911535128	11.613477525222	11.6053448562586	11.6302053506078
YDL054C	12.0445998573763	12.0869895826367	12.0838141645051	10.7725206825436	10.8671880716499	10.8708972040818
YDL055C	15.3813917765206	15.3783150915216	15.4379942796384	15.4681692815624	15.4380450260102	15.5955659504451
YDL056W	11.44091980605	11.434848305259	11.5022663409578	11.5141539481455	11.6196229461068	11.5163668331229
YDL057W	10.4156233293696	10.3355710160115	10.299235463484	10.258496262759	10.2492107654173	10.1267771002096
YDL058W	12.0090739835822	12.0098048098165	11.969770850167	11.7486491483467	11.7197802682318	11.8398734457473
YDL059C	11.9973802938701	11.8681981641345	11.6666095176473	8.70938396353385	8.67611478736427	8.58385704448569
YDL060W	11.4923040861485	11.6289017215057	11.5318955593147	11.7966053713469	11.8465876805322	11.9137630975812
YDL061C	12.6922643414405	12.7738370583404	12.7303589167094	13.2790133596766	13.1251369472486	13.2609630463798
YDL063C	10.3979412239196	10.63483798896	10.5780689292151	10.7666053091951	11.0149372647714	11.0444401955368
YDL064W	10.2802424491583	10.2383126276575	10.2245827232162	10.5313241884737	10.4691250341069	10.4496514383762
YDL065C	11.0144386858593	10.9385291234876	10.9399687549595	11.2210820816748	11.2509220406133	11.1774853341139
YDL066W	14.1411174185701	14.0397560994643	13.9698215909791	12.6580443783251	12.5052582870139	12.6472358790506
YDL067C	10.6802794564092	10.6919978032173	10.5201103606566	11.7171755192043	11.6337611071538	11.7979997271756
YDL069C	9.09942504422418	9.13813494050791	9.13750357586898	9.09202696232861	9.04983384695579	9.10097126061968
YDL070W	13.8809839082722	13.8203755597019	13.7754935430948	14.1081130010835	14.3418344523939	14.1509129217332
YDL072C	12.247247309135	12.148160518967	12.1465187642657	12.6634262536815	12.6672909763313	12.5554243052841
YDL073W	11.3529708413338	11.4307697965351	11.4295034069949	11.2824786138605	11.3277243766864	11.3835665821224
YDL074C	12.0165902917146	12.038974670752	11.9936276501755	11.8500284050289	11.859077513698	11.8062886102021
YDL075W	14.1924714051955	14.2741149467951	14.1807352289378	14.6837796711745	14.5486786218923	14.6835605682345
YDL076C	10.9509487060186	10.8698947715927	10.8967607741354	10.9029548695752	10.836546663348	10.7671438547229
YDL077C	10.4402229577513	10.3776149531935	10.4401796552837	10.3384370224654	10.3474279197607	10.3723545819816
YDL078C	12.1434059306866	12.1792864291636	12.1805198868332	12.8318631730549	12.8598111752432	12.8871005423287
YDL079C	11.2395918121736	11.1930228218175	11.0758046599382	12.5318647526584	12.3839238569762	12.3851226780096
YDL080C	11.9510610875554	11.981582701676	11.9045734403928	11.0447330051999	11.197350535348	11.1838614414807
YDL081C	13.3924763336809	13.5720776963603	13.3941760548935	14.9148939748123	14.8931458842157	14.9291376291638
YDL082W	13.4771267229179	13.5980725513435	13.5550020182522	13.6668748740708	13.6519323160324	13.7158186894273
YDL083C	13.6345084510079	13.7332763757353	13.6857175599103	14.1559177366646	14.0244276159862	14.1767160024869
YDL084W	13.7079882986498	13.6856768618252	13.6871812934856	13.8307743278821	13.8058515263037	13.8125976560887
YDL085C-A	10.3884916112583	10.2558388144618	10.217846101539	9.3091091261219	9.05264458403673	9.40023547727029
YDL085W	10.1717999729923	10.0419393399898	10.0864439035701	11.8646390431492	11.7316604881721	11.6961180091468
YDL086W	12.0094164848413	11.8641712103045	11.9661580581789	12.23742217968	12.1176705391576	12.1433857645011
YDL087C	9.33418971637379	9.36795281710895	9.39335868822891	9.03161545666219	9.04136858861458	8.99208480027116
YDL088C	11.4368511337068	11.4864090281822	11.4634990716167	11.2958886596838	11.4414038303872	11.3749236427597
YDL089W	10.7695325021056	10.7571488405549	10.7845398078439	10.3444066418301	10.4868889018778	10.2840998331596
YDL090C	10.8762961077614	10.8146230230319	10.9034929757724	10.0281773795766	9.943448935396	10.1134769295561
YDL091C	10.9693756147764	10.8983980937011	10.8992890329934	11.1278345872295	11.1337757855149	11.1224883421591
YDL092W	11.4660922824813	11.436657281234	11.4765375908559	11.1214756888637	11.0927407009011	10.9872610451956
YDL093W	11.5103246344698	11.5740750056753	11.5673016462464	11.4565321414033	11.3438680090826	11.5214103982109
YDL095W	12.6657832987493	12.7000733943299	12.7508013515614	12.6857350604975	12.6289862048125	12.7845534083241
YDL097C	12.8062513084748	12.7738370583404	12.7402638488452	13.1055015241282	13.1098779468855	13.0125954710017
YDL098C	9.51879658611448	9.40724368744241	9.56245632407474	9.80102471504477	9.8641053273232	9.78288117097247
YDL099W	12.3178060682847	12.2869897080816	12.2004741127423	12.3212757370442	12.4707576147387	12.2501981142849
YDL100C	12.8997454127579	12.8796891960901	12.9242605113659	12.7063529040359	12.8721874221504	12.776138419032
YDL101C	10.1169051645954	10.058483502696	10.0459396060336	9.98424531009062	10.0186540410758	10.0056183635515
YDL102W	10.4442824154143	10.5720311334225	10.5386089784921	10.8750479907393	10.8775230017854	11.0065736817223
YDL103C	11.1454959211851	11.0419734630676	11.0884150395508	11.187716184921	11.1291256980405	11.1789046842957
YDL104C	9.71975153098808	9.80056690039912	9.77381578657923	9.39216531011743	9.56479463907675	9.45517127715125
YDL105W	9.40256802094527	9.42010622295608	9.34222659761847	9.3091091261219	9.33018910211955	9.37815579804585
YDL106C	10.6725142137429	10.6637009997868	10.5999940865036	10.5978006733753	10.6700014219183	10.7015049624823
YDL107W	9.92398366885074	9.77075443475272	9.82259070447809	10.5040291766216	10.351996475155	10.3205668022575
YDL108W	10.7401156501316	10.6721716975931	10.6598676052556	10.5768258480387	10.5968286009873	10.5016226206732
YDL109C	10.0290839329519	10.0179706763728	9.99168188130754	9.70065034502507	9.7106853340282	9.76786627401656
YDL110C	10.8320575650096	10.6324722360177	10.7836277895788	11.7021461902442	11.5357755550023	11.5191709903173
YDL111C	11.1430006236315	11.3519622300443	11.4160307626968	11.139324894439	10.934982662509	11.141539988543
YDL112W	11.0521645121721	11.1093026033121	11.0403558448497	11.0163490021005	10.8543656650128	11.1408118665278
YDL113C	11.6305335874671	11.6245438402258	11.5598635346541	11.5898038702007	11.6616284291894	11.5649409860924
YDL114W	8.08869363666878	8.18670174046194	7.92417646551219	8.08555925889504	8.88297986745624	8.27914951099999
YDL115C	11.6099022041309	11.4644101657342	11.4160307626968	11.5964884195312	11.6689696900582	11.5886282033704
YDL116W	11.3701416128167	11.3841911839207	11.4024311109145	11.305100050178	11.3518725811693	11.3631104969176
YDL117W	10.7251791651082	10.7593188556771	10.7559956210721	10.4625505752495	10.3439919820816	10.4390286615069
YDL119C	10.0716960069802	9.99972909468584	10.0105153752037	9.62582159212278	9.68193852036858	9.49902544984655
YDL120W	10.6542310808716	10.5843236542978	10.6123747305452	10.4542938022129	10.3946909449303	10.4484749857219
YDL121C	10.4753617434538	10.3258422129716	10.3494079102462	10.8204185164706	10.5891094706295	10.9486746788863
YDL122W	11.9821052039649	12.1106940660898	12.0948849762941	12.3278182851074	12.3469285302274	12.4570779449205
YDL123W	10.7024803869039	10.8027489435436	10.7661889780797	10.3264231495444	10.2516578058185	10.2027061613245
YDL124W	13.565261021194	13.4571420520317	13.5321070038185	13.8034099534251	13.7751421640321	13.6972442849515
YDL125C	13.0640599693993	13.0224844504295	13.1271483724565	13.2453822658029	13.079555838559	13.2315157957721
YDL126C	14.3802271500455	14.4126171445964	14.3422793620063	14.4357263586408	14.5152129592555	14.4321528874465
YDL127W	10.2573517293541	10.2619740309051	10.2432795759996	9.74043532468468	9.60171539878054	9.72380663210582
YDL128W	11.9733535743849	12.0809298102434	12.0359832296084	11.6105910728051	11.6072567860747	11.6446585879787
YDL129W	9.79798216422651	9.95876649155813	9.93530285551277	9.64529907913594	9.50244887732398	9.55695343730363
YDL130W	13.3505124353242	13.4419122558104	13.2560228620072	14.6669089228283	14.5488651540117	14.5748945879034
YDL130W-A	11.2425085018847	11.0643774925006	11.1001837725868	13.1187670516555	12.8404359985488	12.9765286781103
YDL131W	14.6265598410454	14.6290955297489	14.5484718158226	13.4110729193238	13.495953771925	13.4110216396468
YDL132W	11.7123347902515	11.6336408081439	11.6867499434894	11.8656770198025	11.7735518760596	11.831775834215
YDL133C-A	11.827918252323	11.8655147775905	11.5747016043189	12.1882107262773	12.2360766707279	12.2555888996
YDL133W	11.575618231526	11.6037628435234	11.6320666844095	11.5797186102845	11.5670555553307	11.6071964535617
YDL134C	12.3726148535426	12.3420766112694	12.3490398929457	12.4697369077508	12.5131826023733	12.5203055319852
YDL135C	11.3453938808597	11.3165428559992	11.2575674732165	11.297427981712	11.2484739640816	11.2236019041103
YDL136W	13.6541360714611	13.6972296997245	13.5988230209994	14.1621267357332	14.077972920229	14.1685234079579
YDL137W	13.5721170167325	13.5170370990584	13.5911553292528	14.1341169356208	14.0481975517889	14.1741385718279
YDL138W	11.2702127068581	11.3662697178691	11.4312514687263	10.7658641790304	10.8291931528479	10.8053235907411
YDL139C	10.0209520848206	10.0537759324762	9.97739358499015	9.73135111925439	9.70355217890246	9.7659783714761
YDL140C	12.2504383140168	12.2907450037834	12.2863587357313	12.9189376888841	12.7832375976292	13.034712257652
YDL141W	10.7159745884587	10.809047394132	10.8574287841166	10.6380471741089	10.8259128549222	10.6896050992102
YDL142C	10.5106330500975	10.4959913974483	10.471100001929	9.87438006935382	9.88474842374288	9.89940702578635
YDL143W	12.5408006824919	12.5662206172903	12.5452833483778	12.6820080652188	12.6336837387702	12.6551607177735
YDL144C	10.8459325111488	10.6965346186068	10.8053586432701	10.8360374436628	10.7578295623815	10.7317994772515
YDL145C	12.7289141260204	12.770255020638	12.751034646315	12.9613087661549	12.8294220140378	12.9652631474872
YDL146W	10.4290001796611	10.3898060656354	10.3859241654085	9.74796202384236	9.82026314852849	9.69631336099056
YDL147W	12.826413394764	12.7379768622366	12.7103426772284	12.7534699714799	12.8783359578306	12.792687858353
YDL148C	11.4510415654789	11.4706037373615	11.3336873267983	11.7183251620423	11.7551313956528	11.8268048252304
YDL149W	10.567567143248	10.538729542318	10.480135730048	10.8764219003328	10.9042078828568	10.7765495817752
YDL150W	11.1133529274743	11.1752551138248	11.2135513547216	11.1888224736534	11.2131298028449	11.1944260585274
YDL153C	11.4660922824813	11.5587911747346	11.5625244076798	11.834561637374	11.916874489329	11.9353376294407
YDL154W	9.30098552901116	9.25351840686188	9.39335868822891	8.8753716758272	8.91731571239387	8.86726047532007
YDL155W	11.349728444293	11.4216649487759	11.4474653734278	11.422138552182	11.3131561566279	11.3749236427597
YDL156W	10.1015639947835	10.1768619897719	10.1501067128459	10.1479293350797	9.93281367495299	10.1015507042816
YDL157C	11.2644847082415	11.1290153484766	11.1470307996205	11.4670571320914	11.4055962052148	11.4116056530383
YDL159W	10.8428607023265	10.8250195947196	10.8908442142251	10.9726975562187	11.0055444363725	10.9285656076181
YDL160C	10.1421166402503	10.2589096847631	10.1287176846079	10.5102378683265	10.3946909449303	10.6171150822472
YDL160C-A	9.04429995815016	8.95324694440255	8.86813590013521	8.50760220661688	8.66513226597435	8.68331707813874
YDL161W	11.8692642834505	11.8608068075144	11.8345293539973	11.8182125558733	11.7967752463793	11.7984614722111
YDL164C	11.1005497062033	11.0939094183733	11.111857272139	11.2489282444022	11.1568040082446	11.2467957571555
YDL165W	10.669049531388	10.7249411064298	10.6428692808065	10.4376370995642	10.4468750315022	10.494800369836
YDL166C	10.7727643167443	10.5843236542978	10.6884103092644	10.7769413480404	10.5328814624311	10.8496659279468
YDL167C	10.8762961077614	10.9487068036492	10.8720897409872	10.9617369490703	10.9924371831313	11.1121245859897
YDL168W	11.8950726336059	11.8211953238755	11.8051714641942	11.8545665777207	11.8392855868816	11.8154429668977
YDL169C	9.98378047385395	9.80757517986345	9.8766298192732	10.692881939495	10.5657010979102	10.645112641464
YDL170W	13.2243028508135	13.3018079695608	13.2457950511026	11.6967126261585	11.6491547059337	11.7901273650816
YDL171C	12.9930998991195	13.0391005824957	12.9716762903196	12.7264898032533	12.5429541257932	12.7752003831604
YDL173W	12.7489482454697	12.7438331768143	12.7718781778555	13.1562927546033	13.1759391710914	13.1052696342513
YDL174C	11.2558498392938	11.2042166592841	11.3448593888653	13.1586942347136	12.9273684923574	13.168791390022
YDL175C	11.117171840325	11.1703711532515	11.0847175335466	10.408491809944	10.599712658524	10.4354702797983
YDL176W	11.048835960458	11.0713807669635	11.0615790143002	10.6453188581053	10.8607911151006	10.8071604164755
YDL177C	10.7751834350131	10.6912402781497	10.8044596968851	10.4716696741422	10.5003269438766	10.467184048076
YDL178W	10.9452312055875	10.8483113866222	10.9076847029083	11.1832825266319	11.146322411837	11.1859805633835
YDL179W	11.4038819340051	11.2731625122049	11.4428513942337	10.8282491188995	10.9219835140465	10.8541149529052
YDL180W	11.1963226019609	11.2777111097309	11.1463214785432	10.8743605449315	10.9613823502762	10.941166588346
YDL181W	10.2140217049328	10.0009524044849	10.1515214329547	12.4654070655911	12.1270293154119	12.4385343224912
YDL182W	14.6684776065639	14.6333410462841	14.467238949524	13.3988161618145	13.4928546386095	13.3080958501009
YDL183C	10.3072402428494	10.3189927951677	10.2889880966608	9.93234182581699	9.95850739124395	9.63970240770877
YDL184C	11.3599711341364	11.3879359211484	11.2470195756937	12.0458936331855	11.7871090937174	12.0058079246817
YDL185W	14.6163089699705	14.6586519554006	14.6007965403073	14.8401638177129	14.8815908475851	14.8348259731658
YDL186W	9.82936587934497	9.82839795190152	9.8766298192732	9.2530724392065	9.2854969259877	9.33040204657348
YDL188C	11.4012742021219	11.4362052498539	11.4265852555003	11.408433131183	11.4354972740618	11.3599856294425
YDL189W	11.687293358772	11.7271418760446	11.7553389302365	11.5533339290862	11.5991135266018	11.5202911287935
YDL190C	11.6486769937046	11.6387573114324	11.5598635346541	11.656894959277	11.7153552401407	11.6410588310137
YDL191W	14.4515311355535	14.486134528612	14.432387868884	14.8888807793169	14.756775159581	14.8529993344607
YDL192W	13.7099915600246	13.723399729577	13.7569114095797	13.757921650493	13.7807648996084	13.842011406534
YDL193W	10.9749984020108	10.9391673365284	10.9226748630974	11.1569559488609	11.266734071245	11.1624972318289
YDL194W	10.6250238954994	10.701809598725	10.6428692808065	11.2964019495493	11.1794703997464	11.2602670137108
YDL195W	12.2012163738936	12.2331024098544	12.2750471840879	12.5989366205251	12.3894894450943	12.6426143036427
YDL197C	11.3361394617021	11.2927703487532	11.2829594254422	11.0868821053786	11.1704465345676	11.077538322292
YDL198C	12.9362307685162	12.9182325757345	12.9086602969302	11.5580504331649	11.3761839649181	11.5875599073279
YDL199C	10.3905968816176	10.3972573945157	10.4109464043592	10.1547398806102	10.2418446359453	10.1457744864626
YDL200C	9.68070669948874	9.65117738118818	9.65514682040656	10.3533150007118	10.3150363354834	10.4378435093651
YDL201W	10.8343793435169	10.9069056647895	10.8959170355385	10.9905707310355	11.0235536187674	11.0200987023463
YDL202W	10.6106470927371	10.6660161275426	10.6185254314272	10.8132627115221	10.7732393025438	10.7624178927484
YDL203C	11.0117058524814	11.0496772190756	10.9586747935311	11.0025740559295	10.9425748577053	10.9021694757053
YDL204W	9.72476727055784	9.64493011555232	9.67692628214986	12.7690863613543	12.6615521946902	12.743897987381
YDL204W-A	6.97356539393484	6.87891536610537	6.86002211332216	6.85817852934655	6.8666788134749	6.79865164452602
YDL205C	10.3853279331133	10.5538104702641	10.5102200797072	10.5615328618957	10.5813488107849	10.6846177032336
YDL206W	11.1818088553791	11.1594583427696	11.0743138125103	11.1197365681158	11.1522276778275	11.0428821105745
YDL207W	11.9705418030104	12.0222063741947	12.0610380748787	11.827831200269	11.9161034734057	11.8456935823462
YDL208W	12.2460851915543	12.2849828796107	12.2292276138778	12.7157851117963	12.5821223584603	12.7025570596418
YDL209C	10.6577314949792	10.6356257118532	10.7019899966886	10.8374489960823	10.793532853777	10.8603206255463
YDL210W	8.95317473879191	8.94054531601375	8.91222787602939	8.85877325900605	9.06939483429878	9.00174715827036
YDL211C	9.29649994760871	9.29600817104041	9.40764082022536	9.35123531321524	9.22947365410415	9.47611067146914
YDL212W	11.7921362680818	11.8373760910304	11.7506797455276	11.8139169309224	11.8502249139851	11.7434087579677
YDL213C	11.1830239270217	11.3042102350343	11.2270319600549	11.5754955208091	11.459509047734	11.6029733032946
YDL214C	10.5183553575996	10.5063646284176	10.4505602577104	10.6469298218604	10.7715352157696	10.6440853273936
YDL215C	13.055627267871	13.0100853802674	12.9790644946577	13.2042628328157	13.3016931363241	13.2485128818845
YDL216C	10.1815601982993	10.0240002896711	10.0275659900636	9.81542433082102	9.80534780604789	9.8324323868244
YDL217C	10.4094073072852	10.557971786314	10.589595087141	10.6027895723522	10.5348919301265	10.4936601843976
YDL218W	8.16954917599184	8.19956888079085	8.24424459579399	10.340429641992	9.93281367495299	10.34606147349
YDL219W	9.8990572428961	9.9217827822419	9.69644432096695	9.62582159212278	9.50039214033859	9.65202182863193
YDL220C	9.75776695993019	9.67436648381607	9.39574889121921	10.033114029671	10.0027617543664	9.95514807665181
YDL222C	9.64410951304796	9.40908823374419	9.41472917418736	11.9059227943461	11.9191850678082	11.9474631250107
YDL223C	11.2077099828355	11.1064643779703	11.1427696321414	13.4044219712533	13.3190038493221	13.6769216713242
YDL224C	11.7228158407764	11.7808215140337	11.7585914294733	11.3101921884632	11.4061454297011	11.3927697715879
YDL225W	11.6193574965125	11.6205706740613	11.58468407449	11.4287086489591	11.527722241459	11.4897378600008
YDL226C	12.2977557398107	12.2854848485008	12.2613552004622	11.8249879112573	11.9025435613716	11.7648322172707
YDL227C	11.3157898940078	11.2471126611831	11.2310516991496	10.4008738621555	10.3439919820816	10.4127276910062
YDL229W	14.9873140282616	15.20092653948	15.1783287979185	15.5148986732526	15.4674844628832	15.6037458824826
YDL230W	11.272497553281	11.2450495026706	11.1806744633954	11.0707701612783	11.0413407437341	10.981579143795
YDL231C	11.6148627043597	11.550879343487	11.593557581818	11.7460210990779	11.6785487478916	11.7878037653182
YDL232W	9.3429164959726	9.18411019915996	9.32477142555788	9.71300920104419	9.47757224037207	9.57647519597534
YDL233W	9.88419082810766	9.85570204412414	9.82259070447809	10.2897692114558	10.284292842927	10.2985362933105
YDL234C	12.0714199958448	12.0446199190313	12.0531131777661	12.0637920044768	12.1713190890207	12.0350985907907
YDL235C	11.3246249552562	11.2937687306207	11.3015550565874	10.8189901924024	10.7689753051555	10.8682603204872
YDL236W	11.715277168108	11.7484171158194	11.773826638611	11.4910219573795	11.4584503016921	11.5039633737249
YDL237W	11.4178828061856	11.3466803931243	11.3305685597669	11.1546930457973	11.3184176795865	11.168939781457
YDL238C	9.65990789371617	9.65273497754894	9.61673509101632	9.52428044764421	9.44372126235776	9.44812334548494
YDL239C	9.76590022181646	9.64022683928895	9.6906165991803	9.56234757447442	9.49213572562708	9.56131450531341
YDL240W	10.7326667398525	10.7801290682481	10.8258812893752	10.7229776665089	10.6700014219183	10.8080779530065
YDL241W	8.80940615310754	8.58001756174205	8.59598991733512	8.16432438598526	8.14383409252417	7.87801231036333
YDL242W	8.07825896720342	8.07474233051118	7.80660557684153	7.55579530995387	7.59787083676298	7.62562927382811
YDL243C	10.580534548714	10.4492623629649	10.5600726231207	10.5004693173896	10.582321179698	10.4508269322995
YDL244W	10.8904979492244	10.5011873376109	10.6835292722101	10.1145505833888	10.2973797623212	10.0388312201798
YDL245C	10.6811396864622	10.7167755434752	10.8617563191721	10.6685035600673	10.3138659311746	10.4776022268685
YDL246C	8.92147223113692	9.12696882692348	8.93870552046312	10.7502118342762	10.6763902707895	10.5061529277425
YDL247W	9.38577510383608	8.2945666256497	9.43346280919339	8.5357334530293	8.5741187173899	8.92257062151192
YDL248W	11.7769276130384	11.7578533845657	11.6974421928357	10.9506924255363	11.2268742097961	10.8813968008522
YDR001C	13.1640486368898	13.1690997953962	13.0993824801434	13.4252225340301	13.4403315800271	13.3909543202888
YDR002W	13.4078871182307	13.4414618776755	13.4777454684946	13.24058938567	13.2298299751658	13.2441128673517
YDR003W	10.7260130397064	10.6897240335431	10.6756850960356	10.847291376941	10.7176845601669	10.7385530094241
YDR003W-A	8.14476725749009	7.943135432435	7.85619022564696	7.99209140589732	8.01694653973638	7.78382609931998
YDR004W	10.8436292679882	10.7758480685154	10.9160317928068	10.884637991633	10.8830574468803	10.8987280693352
YDR005C	11.5242931537805	11.4497049554821	11.4242464767966	11.5797186102845	11.7259525934075	11.5891620548802
YDR006C	11.1616109901111	11.3710075205664	11.445160228446	11.9800034557184	11.9999932977047	12.0809885434414
YDR007W	11.3518908518423	11.3116224518293	11.4543587904253	11.9062591076178	11.7577158583345	11.8766354457389
YDR009W	9.19652110494445	9.2411448100989	9.15454345740995	9.8798712111043	9.84316244127449	9.76786627401656
YDR010C	6.73930978490264	6.64487830930449	6.63213501686783	6.58533032427188	6.68759596032431	6.75297743686806
YDR011W	12.4773461000185	12.5142745553964	12.5007504473254	12.5573567444589	12.3365934687128	12.495175135002
YDR012W	14.2058327075832	14.3601480359328	14.3503856992844	14.6253810637925	14.5811423893809	14.6658292598026
YDR013W	10.3194473445194	10.2589096847631	10.2472547061423	10.2918301624881	10.1660372122909	10.2207353879494
YDR014W	9.67898487834733	9.68201404686196	9.5667049335565	9.6959883280843	9.63771431630491	9.64587527489563
YDR014W-A	6.56823638343864	6.14364967235298	6.06936704827455	6.74070397807013	6.51577250104764	6.53573807526967
YDR016C	9.86311697333931	9.86244804999707	9.90374829458578	9.85917072278398	9.68375208398066	9.88903668576829
YDR017C	11.5537107858814	11.6133912830314	11.578913171752	11.560189211741	11.5655813106858	11.5827427611971
YDR018C	9.41710305108441	9.33921744151581	9.32477142555788	10.0791881911255	10.0639146841769	9.96176048047689
YDR019C	14.3848543966395	14.2566847389734	14.2205338108467	11.8352682813047	11.8574719853563	11.7236086999449
YDR020C	9.83864933857587	9.75053144866779	9.72142911222074	9.10381118251248	9.21449356603782	9.08893552112653
YDR021W	9.68242646707968	9.85434904785235	9.90877672324243	9.60607739204437	9.66917930427709	9.70619267027629
YDR022C	10.4723831639926	10.4393712440767	10.4062136095785	10.1203609307369	10.0819036495834	10.1688175169939
YDR023W	13.1614312313387	13.2196171378559	13.182165143758	13.3317947185341	13.4604342755416	13.3929430847552
YDR025W	13.9497867787513	14.1041994575058	14.027582180923	14.4543597195806	14.3806364399364	14.4730758432478
YDR026C	11.500611759561	11.4833493084968	11.4195575137348	11.5211975015892	11.4690029582381	11.4655186119373
YDR027C	11.3383223191244	11.3524414394965	11.3392841727528	11.3142529971435	11.320167264787	11.2822231932367
YDR028C	12.226773852338	12.191926066795	12.1929377214307	12.3285712887748	12.2843751193913	12.349329437293
YDR029W	7.79557617047764	7.70488126215406	7.55511421777588	7.72464590887736	7.6132436100162	7.95314339545716
YDR030C	10.5346292662741	10.456413540437	10.3702138262085	9.97529599451027	10.0942274023596	10.0419548210487
YDR031W	9.80589235600933	9.64022683928895	9.60851635639014	9.88260896120428	9.83175824712959	9.76029978865874
YDR032C	13.3560439975632	13.2377576168736	13.3317523946675	14.1183822103727	14.1138019643438	14.0226099177851
YDR033W	14.648990507633	14.7145642760142	14.686844248785	13.5645883536774	13.7677890084392	13.669620696522
YDR034C	12.199116050302	12.2286718787764	12.1174989232711	11.4824764980149	11.6015133781766	11.551307018856
YDR034C-A	7.72365327249993	7.27160046309872	7.10405602965984	6.98730734634149	6.73100081531563	6.65689859074653
YDR034C-D	11.7821486367938	11.8239623449686	11.8529053083205	10.7290742933816	11.0077174467263	11.1710809200578
YDR034W-B	6.58332292676672	6.82396538253909	6.83169411489467	8.24752974295427	7.8840852780898	8.01818951236507
YDR035W	14.27768432349	14.3492052051861	14.3094699043507	13.3667946972774	13.3619594392917	13.4312603326395
YDR036C	11.0178474633339	11.0596896831736	10.990640231712	11.3512833055446	11.3901324075104	11.3366488052243
YDR037W	14.9865748826949	15.0871258396444	15.1009587030664	14.3166740271268	14.3052761746717	14.4120776916963
YDR038C	11.1517153468698	11.1714579076488	11.2621580372163	11.4315152707154	11.3224967492541	11.3225917497988
YDR039C	10.9214040158785	10.9231266868065	10.8967607741354	10.6913215126971	10.8242699044791	11.1261717136381
YDR040C	13.3064553019482	13.288472303927	13.3452588152082	14.1945680593536	13.8332686770523	14.0403842069564
YDR041W	11.5921762487908	11.5306961192965	11.5220866127466	11.8903670144579	11.8730501882276	11.8140735110768
YDR042C	9.05496384607553	8.90698723204632	9.06425208508979	8.86155297847849	9.08595261062687	8.95940076262722
YDR043C	11.5737666655324	11.3302313705337	11.2926077777875	11.408433131183	11.4810438468398	11.1261717136381
YDR044W	15.4883688581942	15.5520710083979	15.4684618556242	15.5785311384924	15.4495799873249	15.4744123574232
YDR045C	9.95987487122083	9.91790218650936	9.93036622772184	9.87024794822912	9.925168753955	9.9045643646925
YDR046C	13.6634154358996	13.7886805502716	13.7914596299392	12.7030660432922	12.7574282621313	12.7695593235701
YDR047W	12.4187284072581	12.4469885817825	12.4229404743414	12.2539004100465	12.1732563136986	12.2589479398635
YDR049W	11.3448511435458	11.3287709411948	11.3681645011408	11.0665634489462	11.1697998076607	11.140083376822
YDR050C	17.0289112531368	16.948362715146	17.0215422974085	16.8227324273314	16.7329867772607	16.7867943077036
YDR051C	10.5135337623119	10.533667323887	10.5013714255125	10.6795641949197	10.5949026874849	10.7093840152671
YDR052C	11.5621402247122	11.6017488045542	11.6491911654036	11.6171802124335	11.6440417352773	11.6071964535617
YDR054C	11.9218836550784	11.9426490428101	11.9983520316031	11.9156441885624	11.9638902039291	11.9395303570857
YDR055W	13.3285834190522	13.3809775496089	13.3292546306362	12.9489561364546	13.1450150914144	12.9321918621896
YDR056C	12.678976930523	12.6434383858815	12.6761068025608	12.1967592320329	12.5286496552657	12.2198385635526
YDR057W	11.3119074746619	11.2578960982443	11.3261909275954	10.7806149155105	11.0178151048307	10.8735292764365
YDR058C	11.1479869100131	10.9997693567659	11.0532785381684	10.7411907877145	10.844673505755	10.6563650708686
YDR059C	10.1936683277202	10.1714398729419	10.0938214520925	11.2003875707217	11.162666610174	11.2021245670234
YDR060W	11.8302466064471	11.9859131469056	11.8855734750719	12.2720204787227	12.2351496555096	12.3315728393922
YDR061W	11.3986617478943	11.4051299986822	11.418970320302	11.0653592745408	11.1144127841795	11.1509722829526
YDR062W	12.2785599756533	12.4011715212421	12.4094063455898	12.1798894681281	12.2672459171383	12.2515477002465
YDR063W	11.3797111094203	11.2877680488862	11.2377264734924	11.4892271150676	11.2697550772025	11.3668514249774
YDR064W	14.318543895126	14.4912568105172	14.3681369610138	14.8461360235166	14.7967495136362	14.8996362659383
YDR065W	9.46585342716349	9.57600487678038	9.52145758272337	9.2101124511799	9.2369057147131	9.25969893884154
YDR066C	9.08908632959427	9.02478667265207	9.02772323799448	8.67186086255653	8.83152877724921	8.70714434411721
YDR067C	11.0082825143274	10.8332832377641	10.8992890329934	10.7199196632965	10.7638418150666	10.7093840152671
YDR068W	11.6700654575905	11.5748965638643	11.4894593227435	11.6739815577532	11.7408334922496	11.6876679004667
YDR069C	10.7151348890225	10.6836430672279	10.6307487094135	10.7798809500459	10.8454836775405	10.6975492387731
YDR070C	11.7311461988335	11.5724304843761	11.5825882344164	13.694982177371	13.5690164028756	13.5726697792186
YDR071C	11.9171454097146	11.8435252345545	11.8615741712682	12.1361146092306	12.0288097739666	12.0975933060057
YDR072C	11.4859187214605	11.569960182104	11.6386383044427	12.2248039848764	12.0539110262979	12.2146582776228
YDR073W	10.5241200781439	10.5538104702641	10.4980391355119	10.681137385121	10.6092847499157	10.6013228233824
YDR074W	12.847447485693	12.7594552333792	12.6944184621241	13.6093752831242	13.5253209863146	13.4351257592436
YDR075W	10.3359286317111	10.4501582014063	10.4790093545658	10.6437060932384	10.574523813196	10.7500574367384
YDR076W	10.6124520487099	10.5454516498197	10.5450816724873	9.92969696309995	9.99401885128758	10.0072173927415
YDR077W	16.6931060858964	16.6622602597423	16.6337539346334	17.9316850516376	17.8738017307892	17.9360777978498
YDR078C	9.72976562424357	9.75488888444758	9.78114662581454	9.78355320427568	9.85608632353759	9.81427801056966
YDR079C-A	9.28748669054265	9.20124589639119	9.31722544479927	9.48157326875755	9.55293626160108	9.5481915278835
YDR079W	9.90348744684095	9.7935243951835	9.76829309641334	9.96629079879254	9.91748309126607	9.89077026267462
YDR080W	11.2923370866479	11.2630028746629	11.1183823404398	10.8139798914848	10.7552451919407	10.7191726955614
YDR081C	11.5242931537805	11.5674856425608	11.5486339626009	11.223243281425	11.3213324772154	11.2795795675487
YDR082W	11.0719761342681	11.1418242979219	11.1169348737054	11.2600231960647	11.3002132861289	11.3257985840649
YDR083W	10.6142547490069	10.7708374583541	10.7808882700232	11.1237912599514	11.2137573976797	11.2076977900368
YDR084C	10.5554206989551	10.6332612515133	10.5547365789057	10.2426017884466	10.2914458782862	10.2371800658285
YDR085C	10.970783367566	10.9732181643727	10.9375108561083	11.2275559919032	11.1291256980405	11.1386252928522
YDR086C	12.0598921708778	12.0125362514509	12.0325326963065	12.2816441021641	12.163544071919	12.2626338732762
YDR087C	10.8800470110802	10.9862460863319	10.8933828547322	10.8416753848706	10.7088075561865	10.8389319485912
YDR088C	11.0408159608683	11.0431613373507	11.067585866722	10.937589674961	10.9636228601416	10.9569714251547
YDR089W	11.2985164358238	11.3002414252085	11.1924042413047	10.6827088614831	10.9418174337543	10.6975492387731
YDR090C	11.6648567121638	11.7089201859271	11.747876994861	10.9759054788937	10.9740328065952	11.0436613634099
YDR091C	11.8525623872474	11.9496337446504	11.9773682733686	12.1887637739872	12.1276954820145	12.2291164598831
YDR092W	12.0015183102006	11.9883818633745	11.9258085042641	11.9716720092149	11.9439819658351	11.930711511483
YDR093W	11.1554341723146	11.2284371427613	11.2054021080691	11.1335911808663	11.1443486057826	11.1560257811205
YDR096W	10.530816596235	10.4608650894195	10.4528569482208	11.021325639845	11.0505040954028	11.0934306400024
YDR097C	11.210095915027	11.1962299339846	11.1681498569696	11.9493254836467	11.7360358602797	11.9349176857167
YDR098C	12.6581583468058	12.6493004955829	12.6632728868398	11.9136382331396	11.9382973178249	11.9536951696116
YDR098C-A	3.71400165851154	3.71400165851154	3.71400165851154	12.3642609172039	12.0447696224148	12.2589479398635
YDR098C-B	16.0270181419454	15.893371578177	16.0307418193334	14.3993353585115	14.5946369892445	14.5479618828349
YDR099W	13.2795876040429	13.2073513607893	13.1605500576853	13.3853691763251	13.4046352020108	13.4117763058502
YDR100W	11.2541166459721	11.1627408625959	11.1183823404398	10.8674680084773	10.6571382039572	10.7840302552754
YDR101C	11.5088718655633	11.6976493841426	11.7534770616366	11.9249686102714	11.9363974465221	11.9840519737943
YDR102C	7.12425543531701	6.96260380221507	7.27080535372878	6.99755288710755	7.10417101571129	6.98103020290246
YDR103W	11.7253200028198	11.7683061472837	11.7843507659894	11.4296447963706	11.4909154212436	11.4579390217547
YDR104C	10.5327241909396	10.4951235848412	10.5461576366775	10.2574420630383	10.2914458782862	10.1914981853128
YDR105C	11.4530574232538	11.4102024814413	11.4065837237114	10.9539496017253	10.9895082160752	10.9403299387688
YDR106W	7.01828268415304	6.95241044203378	7.00639209358106	6.76499923723023	6.82733444224417	6.76836812498573
YDR107C	10.4341122695138	10.5302826149096	10.4401796552837	9.68348208728308	9.96000462510723	9.87509253477852
YDR108W	11.2419256355121	11.122286994785	11.1183823404398	10.6936615203583	10.7901703589474	10.7404767968066
YDR109C	11.18726863634	11.2111029006323	11.219633220832	11.1976423739537	11.2299797600662	11.1603433056152
YDR110W	10.831282807674	10.7950133027249	10.7077709554404	10.8465905724373	10.8893566358979	10.9192544257821
YDR111C	11.0434942512255	10.9682240334977	11.0411192162147	10.7389266836744	10.616896951089	10.5842849749117
YDR113C	11.0069109011528	11.0419734630676	11.0203650621119	11.0526543824369	11.0838425649434	11.0224723629892
YDR114C	7.85796792305273	7.5920380231196	7.68637776656579	8.0997765846707	8.12255666697707	8.15169257224409
YDR115W	10.2949289484216	10.3012291862769	10.2366299163125	10.9467740814143	10.9410596119065	10.9602768086671
YDR116C	11.0468351367114	10.9056000690097	11.0487307944087	11.3960338256098	11.3851264905082	11.3257985840649
YDR117C	10.9559329971966	11.0040457652624	11.0265456301184	10.7908514122519	10.9026517742502	10.843414150574
YDR118W	9.98238517756453	9.99727935779995	10.0120737877102	9.51372166541339	9.62644303420336	9.56999726717086
YDR119W	10.9889602276833	11.0719628414055	11.0273163425682	10.9290086194245	10.8591874337504	10.9038871050635
YDR119W-A	8.2273379115379	8.16936432529843	8.25483203512157	12.1170640899669	11.9919668060453	12.1703934722538
YDR120C	11.7611502047479	11.8671924789929	11.8546432531787	11.7801849217595	11.7443126851114	11.8434578461347
YDR121W	10.5915574337332	10.6379863028483	10.6226113767264	10.4132326770778	10.434004931685	10.3397299270544
YDR122W	12.2314791808051	12.2160881940089	12.3128339628298	12.4599191510187	12.4583656288169	12.4883227840266
YDR123C	9.81689423256891	9.92822732729513	10.0198406905707	9.73741361036351	9.67100897631069	9.78661059397597
YDR124W	9.37305078171705	9.34885968570028	9.30201393138744	8.96080429002086	9.24183921646236	8.92595799664611
YDR125C	9.61558886234915	9.52588862240134	9.46794544473329	9.14545388124653	9.19172739412486	9.00495359813193
YDR126W	11.2973948847586	11.2563605334924	11.2549377202765	10.0032374363593	9.97785122940846	10.0262687232274
YDR127W	14.2898597539472	14.3006168133632	14.2322791119051	13.6536150882939	13.4564625977207	13.6551619205496
YDR128W	11.0921662604098	11.0713807669635	11.0772939682357	11.2398836962955	11.2181429332669	11.2413718331754
YDR129C	13.1674288338432	13.116043784919	13.068640407538	12.9903085147929	12.9327150907642	12.9292432817602
YDR130C	10.4862308796022	10.464416463635	10.4459558769477	10.0839535728425	10.2220157020777	10.1355762280046
YDR131C	10.4320696071708	10.3624676643983	10.3207723567537	10.1052050641062	10.28070297861	10.1472255118006
YDR132C	10.2340918608925	10.1692653059698	10.1444339148573	9.65654061762839	9.81365314552072	9.66828568581047
YDR134C	15.1546972555212	15.1263923102336	15.148178009532	14.5352452611916	14.245460210909	14.3584420469529
YDR135C	12.4394657693007	12.423463964923	12.4481955888846	11.8797883583131	11.8758285565825	11.8779468097896
YDR137W	10.9552220091085	10.9607002689554	10.8797915190451	10.5978006733753	10.6654205719287	10.6129206894042
YDR138W	11.3218698066239	11.3433091274834	11.3820894789279	10.9190435548201	10.9104155854591	10.9985581472474
YDR139C	10.9423639350363	10.882558762301	10.8626202704916	11.0379961590021	11.0490981319962	11.0161339012877
YDR140W	10.3094674139086	10.3219322435526	10.1892035895016	9.8395784489819	9.78521763211512	9.82156720925195
YDR141C	11.3540500229183	11.3538781134915	11.2823139017744	11.1642859647388	11.0961484994599	11.1838614414807
YDR142C	10.4999469186983	10.5175187478813	10.5212051064448	10.7959425488575	10.8340996558414	10.7510120103318
YDR143C	11.0686930341497	11.1273361997771	11.1140355758699	11.0791469624204	10.9591383551768	11.060699284225
YDR144C	10.6357132388934	10.6575090986934	10.6468869446951	9.79812745691054	9.67100897631069	9.82701003071867
YDR145W	12.0429278399113	12.095602483512	11.9773682733686	12.1156105658463	12.0430049999443	12.078329166101
YDR146C	11.6648567121638	11.6532211247346	11.5794387542384	11.4928145694279	11.2775802129022	11.488021333335
YDR147W	11.4615935316489	11.479405823545	11.4388020215422	10.9369314029466	10.9456005828864	10.9394928036758
YDR148C	12.137464067041	11.9330696214497	11.9083435892209	13.7770803580279	13.6022295795239	13.7187490113065
YDR150W	11.7648064900564	11.7861521833118	11.8225914279454	13.0335904743721	12.864015031167	13.1171636322044
YDR151C	11.4059647308794	11.3437912194752	11.3693807187762	11.0945759937409	11.2156385456639	11.0405418232656
YDR152W	11.4913235600616	11.5357684595019	11.5741742928439	11.7523952190699	11.7628709351144	11.7505853179793
YDR153C	11.3057853409836	11.3762011948171	11.4172073046076	11.560189211741	11.6370401697772	11.5524024905042
YDR155C	15.5992083409523	15.5226735825709	15.6613306344152	16.6502655246845	16.6492850728129	16.6061871999298
YDR156W	9.73640325863649	9.75053144866779	9.63707928151853	10.6445127010625	10.578427765042	10.5451976969004
YDR157W	6.75266329702421	7.06068457693092	7.09221028140252	7.42599088825252	7.34489128671058	7.4571689463902
YDR158W	14.6623922951915	14.6745002373879	14.6728136169743	13.4588552006235	13.4478196018797	13.5375586665619
YDR159W	11.0171663519227	11.0887416383803	11.0608263960206	11.0833171924709	11.0299822779571	11.1232257692179
YDR160W	11.3540500229183	11.3404131874328	11.3473303634109	11.4959462905805	11.5241847305961	11.5056610471976
YDR161W	11.5862188640948	11.4402684423162	11.4411173404037	11.496839820777	11.3773048168	11.3958245004958
YDR162C	11.0007224518049	10.9436269393181	10.9489453899645	10.7275525505784	10.7535197024778	10.6655067604155
YDR163W	10.8039007745832	10.724200689585	10.7372756664393	10.7321129714984	10.7016664102003	10.6856165628718
YDR164C	11.1405010024197	11.2932696260549	11.1924042413047	11.2907456912348	11.3160815937333	11.3257985840649
YDR165W	10.59612555779	10.6277290584362	10.5600726231207	10.7045316446174	10.7817296706179	10.8682603204872
YDR166C	11.1298290260983	11.1583625075916	11.1023797612557	10.9746231657315	11.1211190799354	11.0467741722034
YDR167W	10.9330057500935	10.8924787065267	10.8857534911225	11.1069185470376	10.9953602153374	11.0342824320224
YDR168W	11.6229432743242	11.433490083114	11.3946872586408	11.5066322991629	11.5571986806965	11.4514942704755
YDR169C	11.030052795764	10.9794366123836	11.0211390827856	10.9962689683044	10.9613823502762	11.0240526363655
YDR169C-A	5.67996789555208	5.29358771106086	5.52046918355714	5.11699074193998	5.11739795750472	5.37400505428203
YDR170C	11.9072544309087	11.9253600211966	11.9007934131031	12.0345548721057	11.9382973178249	12.1180840580651
YDR170W-A	11.5218944173557	11.4907688297263	11.4916948131193	9.58437826168531	9.79363938042047	9.71208792935316
YDR171W	12.612219101975	12.4610547182116	12.2847482196677	13.5021049565511	13.6025890287075	13.3809691659197
YDR172W	13.1381283240549	13.206556427816	13.1658092877809	13.5766822221108	13.5301159340953	13.5927745485218
YDR173C	9.95703621716565	9.88912086768661	9.85073460113402	10.6779892871364	10.7114763979708	10.5853557565483
YDR174W	12.6550970461769	12.7315441800723	12.7635768671833	12.9427399315589	12.8932998380611	12.9846668884858
YDR175C	11.11207770663	11.1228488910773	11.1758166958107	11.263702631764	11.2811775475962	11.1944260585274
YDR176W	11.7973026381668	11.8621535103051	11.7970599827374	11.9694206823097	11.9761485359368	11.9636107810723
YDR177W	11.9149532673805	11.847270182363	11.8190352097605	12.2371548533507	12.2523564779899	12.2619644036459
YDR178W	11.2707842578154	11.232087478175	11.1053025558174	13.3149213395225	13.2360215604131	13.3457036003592
YDR179C	9.42739621861801	9.36984829486067	9.32978022271424	9.6192701865585	9.5746026588534	9.61054104016911
YDR179W-A	10.5403294423964	10.4661888772424	10.4390216300597	9.90027876335852	9.96000462510723	9.87509253477852
YDR180W	9.52456092243698	9.67743037791193	9.73847612549898	9.90027876335852	9.81365314552072	10.0481818006063
YDR181C	10.861953058891	10.8305339465539	10.8643466224041	10.6858466875996	10.7326512173138	10.8281174986324
YDR182W	11.3775900336532	11.4307697965351	11.3021920295161	11.051438536601	11.2624940063604	11.0737284913511
YDR182W-A	6.28279931681197	6.10643665644289	6.2978231565568	5.99562141966319	6.24060176025493	6.14031979378828
YDR183W	9.93267936975738	9.85975343327386	9.8559509770709	9.82541918779566	9.8831709418008	9.98629043702592
YDR184C	9.81845909971195	9.91660633068958	9.99798707883832	10.0306478168317	10.1091481522541	10.0528344550757
YDR185C	8.78077563485983	8.72931806366759	8.63700644779533	8.69074464838295	8.6012639457974	8.72670355604553
YDR186C	14.2971721016739	14.3247492942336	14.2945026753723	13.6797188445474	13.941893848333	13.7895564489503
YDR188W	13.4347849149965	13.4911588359131	13.5107729021457	13.5752024593602	13.5244359655896	13.6037799484941
YDR189W	12.0233894826826	11.9939210778325	12.0286890661562	11.9649074611881	12.065083044538	11.9478794332485
YDR190C	12.3694164161601	12.4044103359237	12.3573383550997	12.6939396747506	12.716831533324	12.717283623066
YDR191W	10.7792063053646	10.7978310649892	10.8373531860441	10.9975321923751	10.9531372465667	10.8217714253791
YDR192C	10.5777656156634	10.6261445270366	10.7918152701558	10.7076224084734	10.7025609891597	10.6604351980457
YDR194C	12.1858435350574	12.2247512551313	12.2100092934163	12.4660915894005	12.5491835469455	12.4411980491234
YDR195W	11.0027882193877	10.9537688424778	10.9018128685231	11.1335911808663	11.209358489369	11.1283772306898
YDR196C	11.016484918774	10.9744640002759	11.0063611996283	10.9103511307034	10.8822681106722	10.8585502986296
YDR197W	10.7024803869039	10.5818735161742	10.6246500174326	10.8189901924024	10.7766414487634	10.6866147313335
YDR198C	10.4543813568316	10.4411746815466	10.4528569482208	10.1682652470411	10.184085312471	10.1645248977841
YDR200C	10.8551088843073	10.8510270361366	10.8478622611972	10.9461199880624	10.999005696268	11.0240526363655
YDR201W	9.28748669054265	9.24940566597322	9.17417197676273	9.36696502779265	9.28310587891085	9.47379903416287
YDR202C	11.1957207689034	11.0967724281465	11.1191055295377	11.2323924298305	11.2751769965366	11.1246994934222
YDR204W	11.3130178039141	11.1935578358859	11.2893988249033	11.3268698471236	11.3586984692499	11.267622932433
YDR205W	10.889009585638	10.9544003501994	11.0265456301184	10.4478390317493	10.5237995195162	10.4319030981147
YDR206W	12.1061015437936	12.1345726826089	12.0978229007702	12.1089054277812	12.0003570793216	12.1013406099656
YDR207C	10.2688424988992	10.3307148169429	10.2656618191838	10.9009311085262	10.9173674682432	10.9013098934856
YDR208W	11.6825761581773	11.7650702838842	11.7938931596714	11.8573522203035	11.8618828960092	11.8870931325868
YDR209C	11.3680064098973	11.4362052498539	11.3994576234585	10.8716074810017	11.0113318724633	11.0498802786358
YDR210C-D	14.2721288603751	14.2102495933753	14.2757347611782	12.7308634656581	12.9050047609907	12.6958807433513
YDR210W	10.5469513028778	10.6308929091211	10.6348002262966	10.3562722691536	10.2356773269672	10.3883943020852
YDR210W-B	10.4290001796611	10.3935365416269	10.8891493018465	10.3729165550271	10.7317751111485	10.7868255366414
YDR211W	12.0983947151064	12.108993488164	12.1018528027072	12.0162877418039	12.0539110262979	12.0213189883755
YDR212W	12.2946678073338	12.3145501576236	12.2860367763171	12.2863027544032	12.3855957890283	12.2622991772943
YDR213W	11.712755497542	11.8177290675803	11.8902410706192	11.983513865604	11.8113614535538	12.0506872128354
YDR214W	12.7398950651674	12.6700168125329	12.6087058879996	12.495893547227	12.5677120284935	12.4406065347594
YDR215C	5.79271021759356	5.78811052763976	5.91089504615693	6.48597491736412	6.48211102077986	6.18777232044934
YDR216W	10.7050201838541	10.746249527429	10.6164781104404	12.1039293493714	11.9694750886043	12.1371930846072
YDR217C	11.2407591957938	11.2563605334924	11.2758427283509	11.4347827764929	11.4568607243037	11.5253210167602
YDR218C	9.57727836459811	9.52928444960555	9.44735499141995	10.6581564729269	10.7681209911089	10.5174168351458
YDR219C	11.0992631121451	11.0276421492763	11.0319319902672	10.9513444493902	11.0906921509819	10.8952784334183
YDR221W	10.7792063053646	10.7389372970043	10.8107405891453	10.4422832882233	10.5258226763807	10.4982155285677
YDR222W	10.6862903217197	10.621380462679	10.6020649204903	9.97401297545385	10.0128952693036	9.99759651574285
YDR223W	10.4422541146499	10.4942552498252	10.4767539614832	10.6874130447787	10.8085678344601	10.7337322863889
YDR224C	14.7854854599599	14.6892282071036	14.7271279188651	14.8554401520076	14.7591416979043	14.9492898758039
YDR225W	14.9325164634657	14.8086716100901	14.8510840273245	14.5459147611734	14.4672014967964	14.6560534095267
YDR226W	13.9402077466571	13.8755121413487	13.8781715709355	14.0635779777394	14.0165363669953	14.00571402122
YDR227W	11.0706637907022	11.0324350906544	10.9530072857388	11.2468052113162	11.1691527906922	11.2861795704547
YDR228C	11.2895195176253	11.2111029006323	11.1751213917467	10.8729846697324	10.9621295736113	10.8272126242019
YDR229W	11.5537107858814	11.5412434434614	11.612683886772	11.8416125490304	11.8566685506435	11.8012288431561
YDR231C	11.3738706303514	11.2522576852296	11.2945297288623	12.1812796818565	12.0946860771853	12.1618058911153
YDR232W	12.2376317261632	12.4336900003771	12.4430065415963	13.338165181624	13.2853667969552	13.3900355035198
YDR233C	14.2205513310549	14.2103817736466	14.2458346003746	14.2167014641292	14.6693439298701	14.2971096147814
YDR234W	12.3033532849408	12.2907450037834	12.2511652012708	12.5498424358193	12.4720696686861	12.5110385071512
YDR235W	10.9868745488245	10.9769524489304	10.9505715210001	10.5835710327694	10.7203370438515	10.6002638333325
YDR236C	10.9133733517104	10.8765738861193	10.8814974554463	10.8161292945148	10.7791878031374	10.8585502986296
YDR237W	10.4279755839757	10.3860659166269	10.531020609173	10.7290742933816	10.7247470401528	10.6886089985497
YDR238C	12.4960419061288	12.4659345717024	12.4545125157754	12.5132187038047	12.5008941439948	12.5695605565051
YDR239C	11.0992631121451	11.0407846098404	11.0570574035515	10.6959977382681	10.7977249802418	10.6244260500235
YDR240C	10.6223391368603	10.6229702330014	10.6307487094135	10.258496262759	10.3946909449303	10.3785448310379
YDR242W	11.3257255430781	11.1988970917773	11.1730334665585	10.6291094895531	10.7439924397428	10.7595748658179
YDR243C	9.90937329456709	9.9600250294276	9.96939404617799	9.76438376162337	9.79027658083312	9.81427801056966
YDR244W	11.0198888701771	11.1002005564445	11.0180405051476	11.1631606913544	11.1224566060603	11.1466265784103
YDR245W	11.8932179003806	11.8601329844021	11.9262217694694	11.5729557204145	11.6271805374033	11.5735995863982
YDR246W	10.7491679455341	10.8187906475238	10.8223330419779	10.8493917500181	10.8893566358979	10.8172213622777
YDR246W-A	5.96906774814566	6.21512879271227	6.14205277813951	6.67805343773195	6.90495258512991	6.75297743686806
YDR247W	9.98934819899133	10.0227963819859	9.87833974598866	11.5674374320938	11.3929059850005	11.5430643584389
YDR248C	10.6620951013814	10.4872896872039	10.4868755744676	10.3777756036137	10.2795043689417	10.2588186545289
YDR249C	9.77721026900672	9.70771649692403	9.73470527793674	9.20793046857224	9.4670789389878	9.30721755222035
YDR251W	11.8950726336059	11.8973906222979	11.8217031948971	11.7801849217595	11.7854213924947	11.7534459756722
YDR252W	8.44991379146906	8.3911680022231	8.48802335223806	7.97676061427803	7.98191456610347	7.92627615868399
YDR253C	12.1632424669043	12.0088931788353	11.8033728500557	8.99411417101342	9.13981022833657	8.88128838253843
YDR254W	10.621443105754	10.5687353586434	10.4812612266571	9.64368596669126	9.66183731080895	9.53494801047974
YDR255C	10.2642571703193	10.2351975426211	10.2877020417022	9.79667664208679	9.97785122940846	9.85569648190405
YDR256C	10.3779189203171	10.4257731088316	10.4823858457638	10.6677102599771	10.4522038652208	10.6995284565704
YDR257C	11.1517153468698	11.1407149800814	11.0532785381684	10.5049177704008	10.4024197166836	10.467184048076
YDR258C	13.4857680159507	13.3371014657421	13.2566802374977	13.4692493004785	13.5288556500157	13.4083015679951
YDR259C	9.28295883851249	9.21396528032055	9.2943475509674	8.6969846026168	9.04136858861458	8.65092129450497
YDR260C	10.4412388937201	10.3991142277893	10.3419923996795	10.4515310081233	10.4253606229461	10.366137652341
YDR261C	11.8267526645642	11.8146023001796	11.8645960086243	10.6795641949197	10.574523813196	10.6985391871225
YDR261C-D	12.5977144339395	12.5449954367799	12.5848226552002	8.96339410945946	9.23443261681764	8.93270894528571
YDR261W-B	11.0915193574822	11.3355736645356	11.4065837237114	10.1805530566989	10.2914458782862	10.3308188087213
YDR262W	12.4957974750616	12.4442936983055	12.3747021276079	12.701322904145	12.7939790975557	12.6497970380977
YDR263C	9.51494085177014	9.40539677802418	9.5560598434866	9.18814253190756	9.16600258046995	9.16256069560649
YDR264C	13.4116494477622	13.3778033503211	13.4492736306628	12.408141122916	12.5548909545	12.3612552813221
YDR265W	11.1609944971082	11.104758758544	11.1875858777531	11.1353136890598	11.2942915556737	11.200727890533
YDR266C	11.4725658104836	11.4234905211956	11.3626787973819	11.1805045546136	11.3317772527738	11.2907816718551
YDR267C	11.1793756374955	11.0760307995705	11.111857272139	10.785742243869	10.8077366561278	10.8272126242019
YDR268W	10.1408664783363	10.1373600040536	10.193330366076	9.68191115292112	9.7510300082533	9.66220821628191
YDR270W	11.2928999406955	11.2645313890737	11.563055993851	10.745708362785	10.9621295736113	10.7529192645769
YDR272W	11.8662419219357	11.7729673957921	11.6461839309161	11.7591137308783	11.8105319169925	11.7059963577309
YDR273W	10.6914226315261	10.6760056324723	10.6164781104404	10.2091874738163	10.337095454598	10.0072173927415
YDR274C	11.2207840444518	11.2424663982582	11.160442054194	11.0508302291877	11.5181001717109	11.1632144931598
YDR275W	12.203613005466	12.1442913213369	12.2241949301116	11.8563082345641	12.3554848820723	12.0584188099389
YDR276C	11.9970349228185	11.8808765300352	11.9319950863378	12.6332696467692	12.4178170651126	12.5529635227748
YDR277C	11.6855797972101	11.6972721700442	11.5977145390946	13.5277955859186	13.4446152074796	13.54748171287
YDR279W	10.4218126789453	10.3577013288056	10.3895254566586	10.2091874738163	10.1634403769958	10.2761640709595
YDR280W	11.3345001483547	11.296261666589	11.3243107253583	11.0256661587287	11.0264143380521	11.004974133869
YDR281C	8.14476725749009	8.11606018215695	7.93080112544653	8.52173657051635	8.35006798135299	8.4300380430686
YDR282C	9.41089168844292	9.37551981991317	9.32978022271424	9.80535971727117	9.81861348603387	9.68236761983466
YDR283C	11.2644847082415	11.2132151479224	11.1667514979897	11.21783419914	11.219393498583	11.2749415333585
YDR284C	12.1812907601112	12.1239463573634	12.2231862831759	11.8153502275496	11.9750384362545	11.7318514843398
YDR285W	10.6043119015799	10.5513079061381	10.8755178309602	10.3010681728897	10.5166960403278	10.2303508875086
YDR286C	9.56986428870269	9.47748759550899	9.2395098893739	9.69754400907255	9.55095034845815	9.60421469955564
YDR287W	10.771957041626	10.6859264346987	10.7010242471501	10.9675499956438	10.8846348247524	10.9577984813364
YDR288W	10.5497799637832	10.4661888772424	10.4424929203828	10.2489806119314	10.3946909449303	10.3257019139109
YDR289C	10.4125186667538	10.3757302182677	10.3919213319753	10.8060712327837	10.9553905888587	10.8099112771085
YDR291W	10.8875196848406	10.886534929638	10.9882672396903	10.7621528058594	10.7834217640189	10.916704547172
YDR292C	11.7668337627363	11.7857974175031	11.8159163114978	11.660488008294	11.689870073229	11.6866705081542
YDR293C	13.3422430981168	13.3594447188007	13.3541933550335	13.5206745616547	13.4604342755416	13.5631908033941
YDR294C	11.3637264997747	11.3827843975907	11.3820894789279	10.9867593630383	10.9553905888587	11.0836132006465
YDR295C	10.9658502107823	10.9954802334801	10.9683390165473	10.502250345182	10.6357535417653	10.6296255764069
YDR296W	10.970783367566	10.8891796321939	10.9683390165473	11.1665338816815	11.0975093680288	11.1246994934222
YDR297W	13.0364295048525	13.1184405979792	13.1859664804103	13.6744962552003	13.5876566345104	13.5964966049871
YDR298C	11.8666200635782	11.8125140173023	11.7997688805663	13.4974249667557	13.3768858823571	13.5537858901505
YDR299W	11.4515457940642	11.5695480534941	11.5231797950453	11.8629074207511	11.907207046116	11.9660790717781
YDR300C	11.4106400583626	11.3991121606682	11.4754084729912	11.4141201403432	11.5251963334359	11.5101784336457
YDR301W	11.0130729163081	11.1149623565584	11.0935756779613	11.1726976527564	11.0630964818434	11.1859805633835
YDR302W	10.8164828021132	10.7999407805324	10.8071548571966	10.4226679200711	10.4722757728382	10.4936601843976
YDR303C	11.1793756374955	11.1445938662259	11.2277026948824	11.2736426228022	11.2721673352479	11.2802409282819
YDR304C	12.9516401627931	12.9751946763253	12.9921502393567	12.5773464341269	12.630397071744	12.5635967308935
YDR305C	10.0558636499356	10.088713782126	10.0982299348091	9.98169402439436	10.0100072374396	10.0120038704729
YDR306C	11.1146270220472	11.0967724281465	11.0728214227673	11.2829966964718	11.3254033250901	11.2815627408484
YDR307W	10.7679138755444	10.8530604235767	10.7429172047949	10.4533734586958	10.582321179698	10.4342821991606
YDR308C	9.92107341126586	9.88382562411391	9.95163729590777	9.85080660581355	9.75621010856699	9.82156720925195
YDR309C	12.0196538937318	12.0028008726694	11.9928387469332	10.7791466109476	10.8176793265352	10.9209518443072
YDR310C	11.9006225690132	11.9365894659265	11.8598445609308	12.2293807630683	12.2783880065761	12.2434311817036
YDR311W	11.5593358808484	11.5830865154447	11.5555959030752	11.659291319327	11.6762737822244	11.6528530300379
YDR312W	10.9826941228045	10.9732181643727	10.9530072857388	11.144465823981	11.186521191556	11.0994391000634
YDR313C	10.3500616519897	10.2079145457044	10.1655928330398	11.2183760209467	11.0644888747986	11.1305793809768
YDR314C	9.38999170787775	9.30197716933655	9.21264478821852	9.13859645955178	9.29026715404218	9.28365405265691
YDR315C	9.5956484592191	9.64022683928895	9.61878247568499	9.47795656899821	9.52690355163368	9.45751295176471
YDR316W	10.6427957136875	10.524340195939	10.5024804803548	10.9036288261658	10.9688372234369	10.9461763214315
YDR316W-A	3.71400165851154	3.71400165851154	3.71400165851154	13.0498156812881	12.5016652467952	12.7233755993919
YDR317W	9.92833807323034	9.90096455225389	9.84024489998066	9.93893283911261	10.0583341729001	10.0151860531277
YDR318W	10.3194473445194	10.2670668514147	10.2966804389039	10.2825326037656	10.24061328199	10.3141220967704
YDR319C	10.8740408753718	10.9016761768481	10.8267669892001	10.4716696741422	10.6357535417653	10.5117958761264
YDR320C	10.3435559226184	10.3170298296814	10.3641255310052	10.4515310081233	10.3644858993449	10.4879456990444
YDR320C-A	10.1257793976681	10.0119157489074	10.0321813849185	10.8218454276925	10.6263560583354	10.7652553274874
YDR321W	11.6085463749484	11.6710032768998	11.5904319842307	11.4847302153681	11.4935020160201	11.5419617701403
YDR322C-A	10.1308259801399	10.0466856405179	10.1401646260141	11.8784177026998	11.6780940416658	11.9298688030273
YDR322W	11.084384213152	11.0766110011535	11.0585661823981	11.4496264146449	11.4862478314766	11.3705826773652
YDR323C	10.4644100840608	10.4959913974483	10.4073982649078	10.446914559242	10.4090115764316	10.3548792045324
YDR324C	11.2390077659225	11.4221215585047	11.3280686825072	11.6355524264554	11.7281506109578	11.7676647912068
YDR325W	10.4062892220053	10.444774806197	10.4026537946758	10.2553313492854	10.3542753380053	10.3648910444645
YDR326C	11.6670293087166	11.6881893153037	11.6993777527345	11.5088486226948	11.4872863795235	11.5816700963796
YDR328C	12.5348648876554	12.4586085876988	12.5320400679046	12.7433408575193	12.6235650634719	12.6804319941992
YDR329C	11.8639709882705	11.7808215140337	11.7271554039374	12.0790865404245	12.0570619108417	12.0014026870022
YDR330W	11.6026563458792	11.519644481725	11.5731190913159	12.0271520603454	11.974297894961	11.918868561009
YDR331W	10.7864193209758	10.8719017550494	10.8355942060646	10.7060778543363	10.8209783793181	10.7005170480474
YDR332W	10.298297008963	10.3150641891309	10.2825463243518	10.6011285224318	10.6187937412677	10.5627007083281
YDR333C	11.831409375845	11.8072800467568	11.8118963661065	11.7794507681104	11.756854885113	11.8099573264798
YDR334W	11.1405010024197	11.1741712172867	11.158332759023	11.8832093108276	11.7816168304328	11.8888287339804
YDR335W	12.1131301512328	12.1027408289989	12.0689196764821	12.339321373392	12.3054309234854	12.34522680563
YDR336W	10.306125366385	10.2445226869437	10.2838369824293	10.3041344081764	10.3565506061476	10.16165603758
YDR337W	10.7176525223698	10.7367363804051	10.7211704398135	10.9649693108702	11.0062691369167	10.9945336163328
YDR338C	10.6330483199257	10.5981297052926	10.6658195081601	10.8584581927186	10.7766414487634	10.8532262449497
YDR339C	11.0144386858593	11.1517699578619	11.1031110152513	11.426834529716	11.4268625177329	11.4863027618176
YDR341C	13.5284537405677	13.5676477263987	13.4319168532809	12.6960808139574	12.819148359152	12.7262906358604
YDR342C	11.5728399906216	11.0204227459716	10.8814974554463	15.7011260774659	15.1032397506697	15.7446767063491
YDR343C	13.9092487927223	13.8053153371135	13.5303411623134	17.8512634430275	17.8452603004029	17.8038765442656
YDR344C	6.73930978490264	6.68257748990048	6.71229187962271	5.86237680571784	5.89492395485542	6.01378786645931
YDR345C	16.4755532942132	16.6581839152004	16.6678238992233	11.2409507086743	11.3143270434536	11.3379199532642
YDR346C	12.6553159260642	12.65066490058	12.7127401768122	12.6228711019297	12.8029739258078	12.7079742697608
YDR347W	11.0739424138441	11.0095254426948	11.0585661823981	11.5115037242238	11.5017480912912	11.2722845177925
YDR348C	12.3310197975402	12.343523611644	12.396042432847	12.3645057005529	12.365968301896	12.4110192370731
YDR349C	12.3449280275533	12.3432825456797	12.3279260866454	11.9169799443017	11.962770627854	11.8696213008357
YDR350C	11.4266289650197	11.4125022725311	11.3905002102433	11.5194398346242	11.5007199058633	11.5146817187636
YDR351W	11.1423761242566	11.1999625756967	11.2503240858995	11.2573892701853	11.3043440816166	11.4337699198185
YDR352W	10.4773440515717	10.4230380307198	10.4835095887355	10.1284562924025	10.2455324030339	10.2426202228143
YDR353W	13.2728987515942	13.2506686686866	13.2560228620072	13.0358976081055	12.9675514521778	12.993566213473
YDR354W	14.0474129383642	14.0677487303776	13.9300914440316	12.2935197769576	12.1940778501067	12.344910734805
YDR356W	10.7630470699359	10.7900689357344	10.7077709554404	11.1249476531769	11.204946126526	11.1024339715115
YDR357C	10.5298618520346	10.456413540437	10.467696957863	11.021325639845	10.9718084190277	10.9561438945317
YDR358W	11.4012742021219	11.2997445553808	11.2496637891378	11.7309111345564	11.7930005481687	11.65896845989
YDR359C	10.7920046149105	10.724200689585	10.7068090697356	10.850091195332	10.7740905916257	10.8254011707389
YDR361C	10.9931225607004	11.0990587519386	11.1198283562744	11.2948615317347	11.3722541111497	11.4146207980475
YDR362C	11.4002297880696	11.3490836256577	11.4107244174867	11.3586749624809	11.383453983929	11.3257985840649
YDR363W	10.6707829127694	10.6340498356703	10.7335023460366	10.4103900270403	10.4743724483906	10.4776022268685
YDR363W-A	11.5518308696037	11.3958613585113	11.3784698144342	11.6508865861397	11.6758183582767	11.5551375358046
YDR364C	10.6259177057825	10.6919978032173	10.6618543028136	10.7267910767604	10.7016664102003	10.8126569019567
YDR365C	12.6339284353313	12.6259059776155	12.5845608703781	12.2231851785383	12.6348557361933	12.332848441184
YDR365W-A	3.71400165851154	3.71400165851154	3.71400165851154	11.4675130031168	10.0805278208765	11.8181779847915
YDR365W-B	15.5319029037621	15.5057829251787	15.4814555254822	14.2225197957785	14.5162308505174	14.3993492918876
YDR366C	11.7615569165792	11.881540735995	11.8234791144519	11.7969681558068	11.8610819147169	11.8594783438205
YDR367W	10.6142547490069	10.6205849200038	10.6041327858545	10.6356151106172	10.5348919301265	10.5506902369453
YDR368W	12.4300301136255	12.5187645020623	12.514282734864	12.5526380356357	12.767935669023	12.6610124336051
YDR369C	10.0277318049862	9.83664359722605	10.0893994530442	9.8605600380673	9.85929927785483	9.88382341642683
YDR370C	11.0171663519227	11.0046556472111	10.9843035578755	11.042898801399	11.001915462607	11.106168838644
YDR371W	10.580534548714	10.5471272934035	10.4551499876987	10.6291094895531	10.6962872547666	10.662465963166
YDR372C	12.506998660125	12.4699149382396	12.4636516776622	12.1483923294422	12.2468480629533	12.1517220084965
YDR373W	11.3828868871449	11.2200586703413	11.2569104842642	11.3630918455965	11.3671856605622	11.4194319606297
YDR374C	6.65639473185156	6.75505473401163	6.2978231565568	6.34673526761984	6.64279877974294	6.40296008792602
YDR374W-A	10.563840657685	10.3813770510138	10.3835182996543	10.6850628707349	10.6225798555005	10.7605231641768
YDR375C	11.0889288409475	11.0526292821192	11.0861976733928	11.139324894439	11.1090252099808	11.0790594418652
YDR376W	10.9279414685397	10.9487068036492	10.8899970069625	10.7621528058594	10.8893566358979	10.8344357763397
YDR377W	11.3524309476521	11.261472739003	11.2919665579958	13.0966878191728	12.9269858331917	13.0970352555139
YDR378C	11.0921662604098	11.0620354920166	11.0824944723745	11.6576941883261	11.6271805374033	11.7030399489303
YDR379C-A	9.30545719520028	9.31580945425358	9.40764082022536	10.0132652259588	9.97192686567433	9.99437524154334
YDR379W	11.8775432765903	11.8768848595753	11.8723375069748	12.0252954067741	12.051806606903	12.0074065000453
YDR380W	11.7668337627363	11.6582687739635	11.4612194247694	11.1609075079124	11.9409529413241	11.0994391000634
YDR381C-A	10.6638368546408	10.6520692963915	10.5429273333705	10.9943720557037	11.065879925104	10.9840169852477
YDR381W	13.2036485889279	13.2043017361479	13.1833757467725	13.3704556495355	13.341144211708	13.3632880927341
YDR382W	13.5515681008336	13.83090232391	13.6408486365359	14.9844308303627	14.9309440355327	15.0789514779193
YDR383C	11.0000332047148	10.9468039501895	10.9218461503673	10.9369314029466	10.8381756986762	10.9004497987586
YDR384C	10.2457686815076	10.2548137364071	10.3469403069425	10.7464599184008	10.5764771098318	10.6995284565704
YDR385W	15.7369631435274	15.8555654754172	15.8335240745382	16.035356311088	16.0269029179435	16.0182547418076
YDR386W	10.7301751974542	10.6621555144651	10.6438747463303	10.3374396794772	10.3056464008188	10.4319030981147
YDR387C	11.2255090240808	11.2481431350039	11.2595366467586	10.9163745371721	11.0455772168281	10.976691066659
YDR388W	12.8958603708111	12.918070723829	12.8438596793531	12.8730495113321	12.8911435962181	12.7977775647979
YDR389W	11.0686930341497	11.1036205575599	11.1111304393441	10.9250308502682	10.8846348247524	10.9217998051695
YDR390C	11.1609944971082	11.1703711532515	11.0735678106276	11.0044602209592	10.9242860096701	10.9904978262706
YDR391C	10.6586052728982	10.5098058608122	10.5222990220156	10.7923078571156	10.8168533831092	10.7317994772515
YDR392W	10.8466994423775	10.8006433339449	10.7476016911804	10.7472110826605	10.8283737774096	10.7595748658179
YDR393W	11.0889288409475	11.0996297671582	11.0869371742049	10.9083377265074	11.0741981756443	10.9791371755975
YDR394W	12.7763757005055	12.7873682626444	12.7860638544023	12.8197743972235	12.9292802672136	12.816591651894
YDR395W	11.7332212940045	11.7476886860229	11.6486903947775	11.5503244689035	11.6510094842843	11.6891626972036
YDR397C	11.2178230540518	11.1946272691334	11.2047209216441	11.6928189411269	11.6486906385054	11.7206882008373
YDR398W	11.8302466064471	12.0696079687345	12.1822509911039	12.2761899259449	12.2326746988074	12.4275314793044
YDR399W	12.7147018443497	12.7898470693924	12.7141767664533	13.9745751575373	13.8224054102483	14.00571402122
YDR400W	10.6427957136875	10.6567332389074	10.7211704398135	10.4897367216523	10.3485714158959	10.5230159755388
YDR402C	8.09905302974722	8.07007720363547	7.99541768462355	8.10917720378168	8.02843638832572	8.0308522964833
YDR403W	9.49941396488771	9.46690111423344	9.42178284583511	9.59943545053195	9.8641053273232	9.46684179982985
YDR404C	10.8366973911248	10.8732381944424	10.8347139111108	10.7153204690066	10.6073754063803	10.6965586105897
YDR405W	11.2302185784781	11.2216333450079	11.164651414717	12.0909698163713	11.9405738656982	11.8849206904309
YDR406W	11.5871369875913	11.5904179282854	11.6172981399551	12.0305497317204	11.6309445377251	11.8726941862767
YDR407C	11.1405010024197	11.3061905529441	11.3021920295161	10.9835755126736	10.9710661936483	11.1210123562012
YDR408C	12.3694164161601	12.3267948329685	12.3042747434322	11.6524912673347	11.4846886062204	11.5997978077171
YDR409W	10.5241200781439	10.4925170100476	10.5558053680556	10.3816510913663	10.3599567930426	10.4127276910062
YDR410C	10.831282807674	10.8577938774521	10.8338330786404	10.2959432511337	10.3735016703174	10.3076484665449
YDR411C	11.5971979687236	11.6508854703757	11.6526917010568	11.2058623419241	11.2972554593791	11.3083963718017
YDR412W	11.0778669509676	11.1501171022492	11.0810105260952	11.1816163854369	11.1884381689508	11.2256634869588
YDR414C	10.7368097711558	10.7751333317495	10.7019899966886	10.3835849374707	10.4035204540932	10.4390286615069
YDR415C	10.104132215124	10.1550501387502	10.0938214520925	9.9893343815264	10.0301030568559	9.84857818829847
YDR416W	10.5125675062259	10.5612922172948	10.527756190555	10.3912944986657	10.4490089279383	10.4776022268685
YDR418W	14.0242967725965	14.1476422098037	14.0879290369099	14.7708001349554	14.6868524445589	14.7620628832224
YDR419W	11.019208722158	10.9657204694968	10.9481316365352	10.6469298218604	10.6791197104878	10.6233838919333
YDR420W	11.5569947561909	11.5859420493335	11.6028939477425	11.9796839035794	11.825391081745	12.2616295522951
YDR421W	10.9473779246933	10.8631845884279	10.9235031000283	10.6027895723522	10.5278429996046	10.5151710792899
YDR422C	10.8528202576747	10.8631845884279	10.800858298892	10.9771866532107	10.9636228601416	10.9880709215818
YDR423C	11.2065155353178	11.1211625451916	11.1519863055187	10.9649693108702	10.9591383551768	10.9013098934856
YDR424C	10.3326474055071	10.2331170753493	10.2760756534104	10.4515310081233	10.118563431316	10.4211483151725
YDR425W	11.5788527647827	11.6273185601043	11.6203661298973	10.6645326896877	10.9258189675919	10.7699720178765
YDR427W	12.1690793137588	12.0849724853412	12.0367488953122	12.1243098244869	12.2753851068536	12.1203019073077
YDR428C	9.89312905440331	9.92822732729513	9.77931740684553	9.98169402439436	10.0777722198499	10.1000529681026
YDR429C	12.0111277725067	12.1106940660898	12.0908355361854	12.7874595512861	12.7269784140287	12.7458145594737
YDR430C	10.8266255050845	10.7622071405659	10.7569252720541	11.2689427423793	11.3195843054516	11.3264390963786
YDR432W	13.103255100457	13.2134313386226	13.2146692315207	13.2679334961951	13.2811813323291	13.2688151537936
YDR434W	11.6389698857559	11.6843878497176	11.7022762321221	11.2989656629806	11.3369714186275	11.402522222028
YDR435C	10.7376369514384	10.7418666385977	10.7476016911804	10.5408866890544	10.5358961141525	10.4601965559621
YDR436W	11.0686930341497	10.9398052673389	10.9554389446413	11.5597617096173	11.5447821186282	11.4799837590597
YDR437W	8.63197321959949	8.58655758025431	8.47902567727889	7.4851434873605	7.74463443630561	7.48512493208192
YDR438W	10.4813005138353	10.5736762012907	10.4846324569365	9.6192701865585	9.6909836148458	9.66017668747006
YDR439W	9.83864933857587	9.8637934726143	9.91044897747493	9.66769519280654	9.87366964133201	9.79958814036238
YDR440W	10.6133536804654	10.6575090986934	10.6185254314272	10.8017390736207	10.6989793398484	10.782163720615
YDR441C	10.5374821699903	10.6737064945521	10.6051656079608	11.2964019495493	11.3845692037339	11.3404588941004
YDR443C	10.4503502609579	10.4802903248254	10.5770165153338	10.4652923633303	10.3667451306805	10.4776022268685
YDR444W	11.1222480487376	11.1357124663545	11.0720746485296	11.2069548073246	11.162016385269	11.1121245859897
YDR446W	6.33767343629516	6.08743604353394	6.33923861497924	6.22772126177893	6.17822917482462	6.06584611162672
YDR447C	13.5141639125191	13.5718719525962	13.5012350910501	14.1202678670989	14.0673348606525	14.1777811800713
YDR448W	9.81061772745843	9.87584612352842	9.89363853096104	9.51901072237873	9.56085267334012	9.48072285632523
YDR449C	10.5554206989551	10.7418666385977	10.7476016911804	10.6779892871364	10.7926929645814	10.8752813270877
YDR450W	14.188847072464	14.2628156676318	14.1841948211224	14.5655302090691	14.4505253520967	14.5734788929688
YDR451C	11.5218944173557	11.4078990182437	11.4804825584553	10.8805357953312	10.7221026605411	11.0576164104481
YDR452W	13.0017328464984	12.986970357017	12.9794627812193	12.5193875882389	12.601914198817	12.4599995806245
YDR453C	11.521414191081	11.5761280245713	11.563055993851	10.9493874930405	10.8381756986762	11.063007123707
YDR454C	12.6385856832456	12.5838768719582	12.6253446866376	12.5112302329694	12.3673791553568	12.5270079932625
YDR456W	11.9215197266578	11.89443200252	11.9112691306252	11.4829275232384	11.5557143235505	11.4994264531207
YDR457W	11.4640945694469	11.472368456246	11.4617896742854	12.025914556829	11.8372506510251	12.119563003001
YDR458C	11.3284733447658	11.3710075205664	11.3374209690308	11.3718852481454	11.3671856605622	11.3952140719606
YDR459C	10.7368097711558	10.7382040311885	10.7522710143139	10.6085882304581	10.574523813196	10.6317001505638
YDR460W	10.539380975923	10.5098058608122	10.564327291664	10.5919583995702	10.637625714077	10.6244260500235
YDR461C-A	9.78203040862563	9.82010488813612	9.73092454377626	11.3601487599394	11.1191104626637	11.1993298605221
YDR461W	6.64208386310989	6.56627376124181	7.06821730502921	7.44101057233833	7.32631687012091	7.22240596023755
YDR462W	10.1295659889863	10.0864107393449	10.0321813849185	10.6461245648703	10.545899691995	10.5735332127057
YDR463W	12.4869702609555	12.5043903310275	12.4856888033871	12.4237296395192	12.5108864752383	12.3888069646814
YDR464W	11.8193486588499	11.8645072194518	11.8217031948971	12.228574150657	12.1684083657935	12.2495228475696
YDR465C	10.9728924242703	11.2584075901526	11.3053726822437	11.357691593707	11.386240418632	11.5491135768506
YDR466W	11.4337920812785	11.5033382515947	11.4827319916188	11.4361808737377	11.4888428010992	11.4897378600008
YDR468C	11.0144386858593	10.9372518497155	10.9018128685231	10.8798509603745	10.7842670669915	10.8290218058122
YDR469W	10.4094073072852	10.3766728935674	10.3357835514437	10.4496862011532	10.3301657943171	10.516294394267
YDR470C	10.6542310808716	10.6621555144651	10.682551079745	10.7524583086481	10.8267336289769	10.6766018283974
YDR471W	13.6963354795399	13.7626872674895	13.7593487824804	14.0173129537332	13.8911067432906	14.0690834688137
YDR472W	10.9337277697439	10.9250610089897	10.9251581486757	10.2794200514174	10.4101072968719	10.3205668022575
YDR473C	10.8227329005	10.8076501131047	10.7192638313544	10.8989045043611	10.9288800050252	10.9344597656404
YDR475C	12.2576644556108	12.2123971815596	12.2561048341834	12.0159761273091	12.0957078563442	11.9791724371022
YDR476C	11.8935890378353	11.900998492594	11.9365151111495	11.1507244039284	11.1672099968122	11.1136096888186
YDR477W	12.0938799786881	12.0935974009934	12.0378966324791	12.1375476313405	12.1982063376381	12.0908235322157
YDR478W	9.11988257659083	9.05573822629333	8.99024417251944	8.7757351990514	8.8510389418704	8.86373204821987
YDR479C	11.3257255430781	11.2887698974682	11.2509840805755	11.5216365839264	11.5196237189936	11.4520813481168
YDR480W	10.4753617434538	10.3879372033931	10.4014652347154	10.3374396794772	10.2220157020777	10.2507421781185
YDR481C	12.3963797463634	12.3787644466737	12.4094063455898	11.8338546471447	11.8857078480156	11.8398734457473
YDR482C	10.2994179503733	10.3813770510138	10.4401796552837	10.4725784212496	10.2232630289175	10.4496514383762
YDR483W	13.0990774610666	13.1330173910827	13.1327096180661	13.1969964175735	13.3338017794947	13.1875970921238
YDR484W	10.6268109625791	10.5596329572148	10.5600726231207	10.2026298077853	10.2997464974868	10.1223573235541
YDR485C	11.6433903062156	11.6165865352344	11.6224078377783	11.7415047035462	11.7069101090717	11.65896845989
YDR486C	11.0739424138441	11.0407846098404	10.9985221311408	11.2069548073246	11.261887264199	11.2263500270636
YDR487C	12.9061973235742	12.9762833061638	12.9652558370412	12.2082608621502	12.1680845892939	12.2253437758706
YDR488C	9.69099467249302	9.72706676494801	9.76829309641334	9.93366244045075	9.74409413410639	10.0231109266444
YDR489W	9.45984902318427	9.52248477811802	9.53453093975845	9.30298932793097	9.15558269346891	9.27571316812359
YDR490C	11.4520498464731	11.3733705997802	11.4939268447644	11.3253616384135	11.5382830237022	11.2822231932367
YDR492W	12.4817959996971	12.6187532479332	12.8606050356629	12.5853494072349	12.9437275527743	12.7354829177844
YDR493W	9.71975153098808	9.76067839212006	9.81189350744548	10.1467911109954	10.0386305663136	9.97652846369129
YDR494W	10.7516269262654	10.740402711379	10.7068090697356	11.289199218597	11.2631004934421	11.2742777381113
YDR495C	10.6463239533898	10.6613821504293	10.4778820988366	10.5717461796308	10.639495459707	10.5810678525634
YDR496C	11.7996808907885	11.9638161646021	11.9857191371738	12.1309439114687	12.1379819215701	12.2021491677749
YDR497C	13.8747940045606	13.9096955595296	13.7858915762323	14.42056203059	13.9705829637855	14.3309372384885
YDR498C	10.9979634853513	10.9936381267336	10.9771413696402	10.9571994401007	10.9553905888587	10.9175550076043
YDR499W	10.5355808612559	10.4959913974483	10.3786944960476	10.6921019370934	10.6432276960321	10.6461392244271
YDR500C	13.7834241694996	13.9502285538457	13.8670215135489	14.4479058109525	14.3139360144008	14.4343085480085
YDR501W	9.44978577480538	9.44728832874734	9.43346280919339	9.29889498014051	9.26625656212622	9.25162460475066
YDR502C	15.0263796687737	14.9357832752315	14.7102495902422	12.2118023866018	11.7224287847439	12.0938362431456
YDR503C	9.67380704440563	9.65117738118818	9.68085108245311	9.50130455052112	9.52892284086915	9.53050633327211
YDR504C	8.17445467189291	8.02257273813096	7.87004781442124	8.16882583163956	8.20077241983825	8.23061226227554
YDR505C	10.7491679455341	10.764369565443	10.7154430377308	11.1318666134819	11.1704465345676	11.3206642219471
YDR506C	9.76265241969767	9.63550817153676	9.76459951750728	9.60441977282612	9.63584187719001	9.6662627074338
YDR507C	11.44091980605	11.4532836434726	11.5220866127466	11.4802192543418	11.3375473954363	11.5485646948608
YDR508C	13.3941822233207	13.4746359346843	13.5216161360232	13.4651462970565	13.2397237968198	13.5244999994912
YDR510W	12.1330701386657	12.1404117187285	12.0726577396485	12.3078464067807	12.2301954889333	12.2390155931724
YDR511W	9.36664625354487	9.18841326149191	9.30201393138744	10.3092303596852	10.0372128115504	10.0834743940456
YDR512C	9.73805790424433	9.55283389550232	9.63505773083427	10.2825326037656	10.1145358354456	10.3179923744816
YDR513W	11.3508100532331	11.2258240935896	11.2410523150197	12.2398258901651	12.1504918632529	12.1997041945779
YDR514C	10.0821551739615	10.1160672102854	10.1753617625872	10.5111226467776	10.4068176353354	10.3981769724763
YDR515W	9.69440774979259	9.66821909545134	9.66904448708508	10.0611764518854	10.1981092096068	10.1015507042816
YDR516C	12.2066032069298	12.1340153493988	12.0367488953122	13.819747969191	13.8362265072794	13.7122699243496
YDR517W	12.5142572044626	12.4898715001543	12.5533318853679	12.9888802276667	12.8993592379516	12.9422557732314
YDR518W	11.7761226988863	11.8775509054349	11.9171024754411	11.3117163315699	11.3728161746836	11.4420683901687
YDR519W	11.3163436733879	11.2777111097309	11.3928942971706	11.4468548413222	11.3002132861289	11.469583494703
YDR520C	10.959482690828	10.9250610089897	10.8382318723776	10.6151868505337	10.6926899748694	10.6327363198582
YDR522C	8.90682809218667	8.78722951816917	8.76462397731146	8.00222169279663	8.11718769444719	7.99898337190303
YDR523C	9.87970085444642	9.74616080590293	9.72523479129374	9.34131636149908	9.61127627892402	9.2489230772433
YDR524C	10.6133536804654	10.7249411064298	10.6428692808065	10.3845508891267	10.5328814624311	10.5363658982458
YDR524C-B	14.9927373238658	15.0651123865168	15.0085584921564	15.0849660250497	14.9764474373415	15.2676892633184
YDR524W-C	12.7239139983202	12.6721297613245	12.6385189245803	12.4284203691971	12.3930955974818	12.5625097452503
YDR525W	5.70910116153379	5.7391369929479	5.48170850453904	6.24537335947215	6.02037077212603	6.18777232044934
YDR525W-A	9.13754774543307	9.16894749265031	9.14320595202685	10.0281773795766	9.84640428627079	10.0056183635515
YDR527W	12.0399133164497	12.1200115806485	12.1623921815089	11.4829275232384	11.3778649163415	11.5096145333151
YDR528W	12.1061015437936	12.2221315742027	12.2538017767274	12.0053409858843	12.0083371543752	12.1452020935253
YDR529C	11.075906016985	10.9887143108907	11.015712196371	13.5557189512071	13.3440134270963	13.5798055158816
YDR530C	12.2915732512018	12.2205574792635	12.2959842582135	11.8649851183528	11.9477593249113	11.9077837976799
YDR531W	11.9959983132997	12.0294166653973	11.9955980229603	11.4366466052172	11.3620993399028	11.4799837590597
YDR532C	10.2870394201181	10.2731545942118	10.2604265703942	10.5260814359454	10.668170827195	10.5917638078138
YDR533C	11.8162197787447	11.6438557325908	11.6441756196804	12.1444063924789	12.3351521699241	12.0885598630798
YDR534C	10.0385135001698	10.0666849570797	10.176751938322	9.51195432591616	9.40246278898111	9.55257913835224
YDR536W	9.71807573331733	9.70020439320938	9.72333320723495	11.6544946120451	11.5851151073395	11.6746477029158
YDR538W	9.63525725960254	9.56942250593486	9.50162255467402	9.20793046857224	9.23195526816515	9.17114819158149
YDR539W	11.4849338442825	11.5080774605011	11.5550615603691	11.4941575681847	11.4981462317112	11.5281078397228
YDR540C	9.9851744215398	9.89307957979707	10.0136305180789	8.96339410945946	8.92347160848537	8.8986333144347
YDR541C	12.6040781774942	12.4885641497242	12.4904474131448	11.1970927071682	11.194809758387	11.1760645860839
YDR542W	6.03796525016689	6.2324238305539	5.31278787805311	6.59896058757015	6.80047907211481	6.09113312983488
YDR545W	12.0502702653278	12.1763121554843	12.034067285629	12.5690864316809	12.4993507008439	12.5792666766329
YEL001C	12.0148854752503	12.0000509187838	11.9328179630842	11.3950756040403	11.3756232122394	11.3872549062719
YEL002C	12.5111163180679	12.5374290114508	12.5908306325164	12.1179355020175	12.1934416482477	12.1357321121611
YEL003W	10.3842718298621	10.3653199240182	10.2877020417022	10.3980067270935	10.385807054526	10.4139336511745
YEL004W	9.83864933857587	9.90096455225389	9.79388659860313	9.71147012437881	9.83502580123461	9.62935520518722
YEL005C	10.5355808612559	10.4951235848412	10.4688321981756	10.670880846063	10.63668993165	10.6389377538765
YEL006W	11.1646895094476	11.1329257779827	11.1377823094914	10.9150381742373	10.9946300123628	10.9319366462636
YEL007W	11.2313935686714	11.0555753164832	11.0795250517549	11.4235489511812	11.3609666069278	11.3705826773652
YEL008W	7.34158085714737	7.23855289490519	7.28125574058143	7.14294503256336	7.08213907823504	6.75297743686806
YEL009C	14.7220680687855	14.7812162347907	14.7018263115178	15.3203909828866	15.3975002925072	15.4187749068199
YEL009C-A	5.87122542995213	6.43932663499021	5.93866168937446	5.88554512775137	5.81345914718528	5.71720862146879
YEL011W	12.8895480365758	12.7543875311962	12.7110623455418	14.1294433185595	14.2044485632981	14.0123966366796
YEL012W	11.8786685580479	11.6908443935851	11.6886998924246	12.0805773139093	12.0970691038031	12.1239907627182
YEL013W	11.6215996518805	11.5703721930121	11.5089034008215	11.1203165080183	11.1430312331364	11.1667954602098
YEL014C	6.4740983207948	6.40945811682214	6.47507409261997	6.09725055870386	6.26077127693698	6.42272895511557
YEL015W	11.9028365787546	11.9288987029898	11.8611419630485	11.6584929748462	11.6871610468015	11.5832787946648
YEL016C	11.4780208131858	11.4859723224818	11.5373162928491	10.9506924255363	10.9576404168415	11.0009674874905
YEL017C-A	10.5777656156634	10.5285872774593	10.5321071090767	8.95039820437882	9.09960689201195	8.9888495606924
YEL017W	10.59612555779	10.6085988283872	10.5727991647018	9.99567057150072	9.93738125062877	9.96669996313512
YEL018W	10.6922762439979	10.7323244474387	10.6805927025737	10.9283464191275	10.8743509022491	10.8638547749426
YEL019C	8.94746229517509	9.01027396166268	9.02154403826466	9.1340066499384	9.1866190339119	9.1335604201388
YEL020C	11.0627645589987	11.0514491817245	11.0456909807939	10.9816618240477	10.949373836612	10.9495065041043
YEL020W-A	8.07825896720342	7.93802148664244	8.02047101271782	8.77278464050205	8.51416684108525	8.81705815206316
YEL021W	13.3803458886326	13.3746221517766	13.7708991606908	14.1092089511627	13.8810670621486	14.157227086824
YEL022W	11.0561486628765	11.0713807669635	11.0449300254757	11.1318666134819	11.0790284299422	11.2229140546097
YEL023C	11.0117058524814	10.9544003501994	10.9465027512639	10.9049757954747	10.8406158075424	10.9098827532225
YEL024W	9.74794610386491	9.78644732813689	9.73092454377626	12.1121161212956	11.9609027347963	12.1335378756658
YEL025C	11.9446280193423	11.9496337446504	11.8919346408602	11.5885470616808	11.5596692203529	11.6966135363456
YEL026W	11.4525537228286	11.6862898346459	11.7659982926308	12.6869100088561	12.5677120284935	12.7214289643622
YEL027W	14.3078627654866	14.3196731896381	14.3736776119519	13.8757741493194	13.9193712431928	13.9340845433073
YEL028W	9.06818367458646	8.94054531601375	8.95176406023511	8.36198635732432	8.44305769112291	8.34141730567222
YEL029C	11.851798596429	11.8215414918864	11.7678440817204	10.5919583995702	10.6818439954403	10.6368735700683
YEL030W	9.86614644395369	9.73591082628666	9.67101897850939	10.1960421907377	10.1319080974429	10.0543820104706
YEL031W	12.857755533869	12.8536914840401	12.9092875551185	12.9836310436822	12.9827273997233	13.0454502917339
YEL032W	11.9342029121601	11.9945352353043	12.0443832851674	12.4965637608797	12.3864310290089	12.5068064641718
YEL033W	8.639081274205	8.62200597948394	8.81909248784319	10.2679495475771	10.05273198512	10.4810582986493
YEL034W	11.6717975352307	11.6524429933658	11.8902410706192	13.2818672804332	12.9764542952106	13.3906481130472
YEL035C	6.10347316459433	5.85825200942933	5.93866168937446	5.90830995547288	6.35737189415964	6.01378786645931
YEL036C	11.7692627355133	11.7960503707168	11.8838724164196	11.9371984493262	11.8473967474893	12.0350985907907
YEL037C	11.8932179003806	11.960676542719	11.9146053581534	12.740137287614	12.6960965809073	12.6648160222557
YEL038W	11.6193574965125	11.7025442130378	11.8624381994439	11.9764844831758	11.7285898128867	11.7943004368224
YEL039C	9.89164319181008	9.72410664948762	9.9121192948916	11.7643176939926	11.4800007934474	11.4497316027248
YEL040W	12.3971652067185	12.4539271536111	12.4915648086257	11.4537738162691	11.2011533299598	11.4379251219162
YEL041W	10.0743179181298	10.0215914684981	10.1113751052226	10.1993397602325	10.1968399294652	10.1659571908412
YEL042W	10.8227329005	10.9308484617585	10.895072803158	11.0349235248528	10.9917054987003	11.1121245859897
YEL043W	11.1088847139894	11.1687394850788	11.1653517822207	11.1904803176661	11.0328302897616	11.1320456158138
YEL044W	11.684293289018	11.6733066122789	11.7200226442593	11.6924289940051	11.5885064933008	11.6150816925865
YEL046C	13.4529039128347	13.6172409355686	13.60696581405	13.3717956744476	13.3200242587604	13.4847429047441
YEL047C	13.6689545403853	13.7473737135722	13.7030645271819	12.6650170353947	12.6870858436751	12.7912966345602
YEL048C	9.50719831017397	9.53942420442105	9.39574889121921	9.01173630367454	9.06383302413628	9.05530932393292
YEL049W	10.1900465497402	10.2782081590062	10.2643547873452	12.2044371648596	11.6342300012335	12.1371930846072
YEL050C	10.9559329971966	11.0455341555249	11.0839768937334	11.4108054434422	11.4039472760648	11.3903213227077
YEL051W	13.2778827578765	13.243581893074	13.2220931974425	12.8805999545504	12.8737766513857	12.8416748346765
YEL052W	11.4660922824813	11.4532836434726	11.5657109904774	11.3936370772469	11.2496985216383	11.3423601716283
YEL053C	11.0960415978654	11.1956959101747	11.1765116649141	10.9778268139341	11.0370917926212	11.0971888591983
YEL054C	13.252354728927	13.384144780372	13.2479456081841	13.4222861200518	13.4060087555117	13.4095111219172
YEL055C	11.4085640054279	11.4303159163197	11.311713026784	11.4022467997784	11.3945675755222	11.462025287313
YEL056W	11.0334249193441	11.0502681151633	11.0449300254757	10.6653277387123	10.6469503007173	10.6573836798078
YEL057C	8.30094360926715	8.36095582965804	8.38098819212533	8.57353739829749	8.13323477711817	8.3464865891674
YEL058W	12.6886331796793	12.6619206039238	12.6861459650327	12.5420723824946	12.4052345810608	12.5513206661382
YEL059C-A	9.58649266746696	9.64179630324365	9.61263157953858	9.85220399847209	9.773343939385	9.82701003071867
YEL059W	9.72142538341238	9.8983410153226	9.84549928812143	8.98903943300635	9.03853574790312	9.09195389328372
YEL060C	14.4446458964687	14.3847775722351	14.4325333272773	14.9966820560568	15.1247968094245	14.8762602091441
YEL061C	11.0508340129617	11.0806658914319	11.1234370672235	11.263702631764	11.2318398862854	11.3174459412818
YEL062W	9.78203040862563	9.81594040321952	9.70031642499013	9.5793240523902	9.70890535058322	9.69829464509718
YEL063C	12.3441135975199	12.4623872251499	12.4761242352876	11.6424326006439	11.5586815121319	11.7167849823772
YEL064C	10.4135542969625	10.4519482109144	10.456295141925	10.0575469530471	10.2170155798915	10.1587814596533
YEL065W	13.8131555865657	13.7776615857987	13.9806055131913	11.9282842091166	12.1654917580386	11.854602039489
YEL066W	11.7464316873933	11.7567677290502	11.7281037795863	11.7274894716907	11.686256906357	11.6841740063756
YEL067C	10.0703832618365	10.0347904732651	10.1229599640262	9.4851809183794	9.43943345235685	9.46218492135613
YEL068C	10.2399420876165	10.3150641891309	10.3370274610257	9.927047240942	10.0955902306503	9.79958814036238
YEL069C	7.91188901568524	7.96341084070909	7.62225166700034	12.0147289958089	12.1835444734636	11.7634138419663
YEL070W	9.84940504485959	9.72854454711702	9.54748681936949	16.364391601215	16.5079684186864	16.0614320241627
YEL071W	17.2125634169213	17.1663341862618	17.1266549478986	15.5092641449731	15.5469863519914	15.4734729150649
YEL072W	12.0648439508916	11.9114431022864	11.6636384110246	9.1340066499384	9.08320615981441	9.18251916486999
YEL073C	11.3415904247432	11.1988970917773	11.067585866722	9.22960305519211	9.00119284001457	9.11883846261655
YEL076C	6.01539442983492	5.42926000705122	5.2181782516208	6.05752324193937	5.60050186728381	5.81349360616815
YEL077C	11.7336359551036	11.6574933611558	11.7907193697068	11.9594080715329	11.6934742133993	11.9264930380125
YER001W	10.963023671257	11.0204227459716	11.0326998311342	11.7724576114861	11.8396922298349	11.8953187058764
YER002W	11.6979572501991	11.7148954686609	11.7506797455276	11.9993634921754	11.9064308447803	12.061884556043
YER003C	12.1675455895147	12.244248686914	12.1956827846621	12.7638996576499	12.6704947507153	12.8133968099622
YER004W	11.8895012650425	11.8062309701166	11.8141310518633	12.7635284642983	12.729613731108	12.7742617369796
YER005W	11.6162126130624	11.674840128671	11.6551868934918	11.2156648746157	11.3654922121235	11.1979304743648
YER006W	11.3257255430781	11.4789669923989	11.3850989437776	12.0465040077559	12.0444168705527	12.1371930846072
YER007C-A	11.3850001949783	11.3681667065183	11.3559455958424	11.3873868319509	11.3490189013155	11.4260212190768
YER007W	10.0017975435278	9.83664359722605	9.81010290112762	9.58773791862587	9.81033674745841	9.70816043579966
YER008C	11.8099415866039	11.8594588464201	11.7988664796765	11.8342081855679	11.8274428030857	11.8554898671122
YER009W	12.5452956091442	12.5123460066111	12.5087746746106	12.922267132713	12.8547905604478	12.9453864023402
YER010C	11.4888693251946	11.5332345187018	11.5609284728772	11.3811093892915	11.3767444997153	11.3718242866519
YER011W	16.7778858532428	16.9129634633272	16.8920056701327	17.0352858593077	16.8963353931278	17.090732943721
YER012W	12.4246471601633	12.3645812132727	12.3269874402626	12.3882952086586	12.3648386248777	12.3015926198286
YER013W	11.2713555824189	11.3418618841273	11.3098138476346	11.3969914111317	11.3271444637909	11.4414772227506
YER014C-A	10.1852033218701	10.2670668514147	10.3419923996795	10.062384257939	10.1037402678221	10.0435140882456
YER014W	11.949990899636	11.9966827298463	12.0443832851674	11.8196415932037	11.7769531431753	11.8497091969353
YER015W	10.4911444505646	10.4339473633543	10.4215387542685	11.3253616384135	11.2268742097961	11.2669557603132
YER016W	10.7824165435901	10.7033131997048	10.7077709554404	10.625028526509	10.4879270537283	10.5735332127057
YER017C	12.0545914709901	12.0210011476709	12.0065826533805	12.4102767740874	12.3710409302319	12.30289499514
YER018C	11.0481693275045	10.9607002689554	10.8899970069625	11.5516150063605	11.5778208937484	11.5485646948608
YER019C-A	11.9649017661253	12.0015793180395	11.9430645149671	12.3009566836876	12.1082506547434	12.2208723923365
YER019W	12.128662786848	12.1295489155748	12.1290334029266	11.9398291622519	11.9623972426692	11.8603631764988
YER020W	12.1305533008591	12.1183219569647	12.0882526890924	12.7119426764561	12.7420661651151	12.633326499194
YER021W	12.7557010424862	12.6938472800519	12.6822365504756	12.8115388766642	12.8854434624239	12.7199672624278
YER022W	11.0408159608683	10.9675985497144	11.0055792069168	10.9076659668154	10.9658598955833	10.8831393277882
YER023W	12.6939699661481	12.6815045728924	12.7055356921225	12.6261414662038	12.471020121006	12.6169275584349
YER024W	13.8709353448546	13.8202889565892	13.8089326756078	12.7015166903134	12.5170013785601	12.7593969313291
YER025W	12.3016763006466	12.370271250106	12.3921585871399	12.8220933318469	12.7883023849326	12.888619286255
YER026C	11.7595222098532	11.6563294599234	11.6799042914538	11.5759183864982	11.1357641007653	11.4349583421662
YER027C	11.2278657231358	11.3096495814956	11.2647746729495	11.0355385754713	11.0941047864959	11.0459965994806
YER028C	10.2596572183354	10.3336304979001	10.2954012273745	8.79331271807296	8.64663980905804	8.73831281232695
YER029C	10.8882648275891	10.8611654317828	10.8399876409926	10.7252669221694	10.6709158488571	10.7123276002072
YER030W	11.4235481365743	11.2624930097515	11.2555956080673	11.5273325263314	11.3513022966136	11.4811347292884
YER031C	12.0756784067942	12.1027408289989	12.1164128226805	11.9844697695102	11.8542555583549	11.9150411582954
YER032W	10.8125626943326	10.8476316746932	10.8686534850784	10.575980477884	10.5328814624311	10.5050216841757
YER033C	10.0899500724891	10.1261924649186	10.2643547873452	9.93761704402131	9.95400634074576	9.79033039689177
YER034W	10.9380523151136	10.9781950653845	11.0195906259121	10.833917521854	10.6460205497937	10.8181325237656
YER035W	11.9331201405319	11.9997450445292	12.0996560699899	12.9782027431284	12.9478828015871	12.9135570207146
YER036C	12.6432279450642	12.8330657912622	12.9850272784168	13.4430643301044	13.2559626424894	13.4655365296435
YER037W	12.2660016850174	12.241922860538	12.2133994994405	11.1749325105416	11.0561142862459	11.1276424329324
YER038C	10.2538865715244	10.1295518152434	10.1171791661601	9.77326287172789	9.79866892193907	9.82156720925195
YER038W-A	4.92409155813622	5.7391369929479	5.66437617449477	5.51544072297736	4.40834765227332	5.01412775991526
YER039C	10.1458606374224	10.1692653059698	10.1585742932181	10.0145138114216	10.0357936617355	9.887301022448
YER039C-A	8.03574500582971	8.04652145382156	8.1338451049809	7.79632952894812	7.68772237615651	7.52156771633958
YER040W	11.4735591646194	11.5016110355558	11.4782296123758	10.5978006733753	10.5187291778495	10.5746120023977
YER041W	11.2331542615001	11.1871245340585	11.2608479374078	11.3101921884632	11.4246957289897	11.3884822551065
YER042W	11.423034024904	11.3248692194533	11.3098138476346	10.3122793109993	10.3554134207059	10.1515698495565
YER043C	13.996491391142	14.1497114600795	14.3127135115836	14.3218514737618	14.0370708976164	14.4150165071476
YER044C	11.9528429717972	12.0222063741947	12.2008157423273	12.3383247378858	12.2345313142709	12.4888950580254
YER044C-A	7.09328809864749	7.04160531119291	7.18431507462614	7.19716688139413	7.10417101571129	7.05785837891065
YER045C	11.8692642834505	11.8658504739902	11.8986891103828	11.8622141894023	12.0950267506536	11.9428757879808
YER046W	11.1860571361633	11.148462350707	11.1681498569696	12.154067489049	12.1422738571556	12.1295064203969
YER047C	10.78000953493	10.9936381267336	10.9309359112347	11.0677666190262	11.0735068171529	11.1524179468694
YER048C	11.8402929419215	11.7506002009965	11.7618366123599	11.8203555813894	11.7581461523367	11.8412186397488
YER048W-A	10.3424687758603	10.291265159103	10.2889880966608	9.79377062623486	9.83012168947502	9.75650160546137
YER049W	12.1108974883168	12.2265822055001	12.2769926168673	11.5554797063266	11.5680375487917	11.648761627202
YER050C	11.0361169542485	10.9613287502722	10.9977358762956	11.2994778593945	11.1594125509141	11.200727890533
YER051W	10.8604349349747	10.8006433339449	10.8071548571966	10.6299242985359	10.7422534294341	10.6655067604155
YER052C	15.0624360665692	15.0808136779261	14.9788869022854	13.1113475550397	13.0267846945181	13.1313448447024
YER053C	11.5962862279551	11.4872820431923	11.3516444108076	10.9733397116975	11.0679639887508	10.8407265009514
YER053C-A	5.34334050645493	5.18022545995824	5.3573322420859	7.14294503256336	6.78685619449886	7.48512493208192
YER054C	10.0223105808802	9.95372132853769	9.91878128582582	12.223455105768	12.1481955363421	11.972640608522
YER055C	14.4962044063718	14.5394532738145	14.4602644205797	12.8021721939811	12.7897762714258	12.8840582496106
YER056C	14.0912692309706	14.3970816065332	14.5389781666712	14.8820150185288	14.7807442060383	14.9500174069346
YER056C-A	13.136561331776	13.2058936489133	13.2170355490134	13.7228387507096	13.5806187176623	13.7288374010789
YER057C	12.3568204787539	12.3617277569286	12.4025913688504	12.6711647997621	12.5566235193878	12.6343614351729
YER058W	9.32540978337614	9.26374920895502	9.44504890418447	9.87850038458045	9.75621010856699	9.72575052364555
YER059W	11.1591434357774	11.0707984575635	11.0787817405777	11.0032030516631	10.9448447463519	10.8961416160705
YER060W	10.4114822924519	10.5226378558002	10.5212051064448	9.45422424450496	9.55491944316752	9.59573616774333
YER060W-A	11.0158031635836	11.0216284916437	10.8712314440852	8.71861391065502	9.01854836725131	9.00174715827036
YER061C	11.3551283978036	11.3714804461764	11.3324406289557	10.4459894938521	10.5217735210499	10.4354702797983
YER062C	13.0703112681626	13.2947192691862	13.5566044905601	14.130811019462	13.9541518047453	14.1759166028745
YER063W	12.1465234252918	12.1200115806485	12.1087871374991	12.3583736222542	12.2158567553946	12.2383350707207
YER064C	11.294024990406	11.450152777272	11.5066944385492	12.2720204787227	12.3437784426172	12.2447871098523
YER065C	11.4932839462469	11.4407192025324	11.4674798060678	11.8482791456974	11.68127397967	11.7496305034829
YER066W	9.98378047385395	9.88382562411391	9.92706572951446	9.8409867587775	10.0272493122437	9.8124499394083
YER067W	11.2124779076314	10.8752405349005	10.5558053680556	12.9217682057119	12.9714532078743	12.7744964557847
YER068W	11.6596290921585	11.6667709202729	11.6680927795026	11.4941575681847	11.4214394315226	11.4242271313178
YER069W	14.963692438326	14.973771150157	14.9634164526858	12.8165573987043	12.9313802976239	12.8270394525024
YER070W	13.6177584356513	13.7119620302901	13.676289765543	13.6159698570998	13.3712713896079	13.7753184483835
YER071C	10.1028486765951	10.0760012936792	10.0352501296512	10.1387982916905	10.3290076072939	10.2124422011795
YER072W	11.9807085059748	11.961619146921	11.9503972279023	11.7343247011666	11.7688620015716	11.8563771486929
YER073W	14.1087968126256	14.1452934659945	14.0706494079397	12.916435553856	13.0710956471611	13.0983484181826
YER074W	14.3925555279674	14.4768793279571	14.3986111580296	14.8864537785922	14.7524623917897	14.9148882893895
YER074W-A	10.7285117751829	10.5563087001857	10.5717428976336	10.7237411554678	10.6827509482878	10.7034787639312
YER075C	11.21366743065	11.1795825744514	11.3760516493298	11.7628327618923	11.795098821929	11.7231223604818
YER076C	10.1408664783363	10.1384720168791	10.0775407408615	9.99060384845705	9.99401885128758	10.0758752171196
YER077C	10.7614211457451	10.8104433230276	10.7918152701558	11.0019447858202	10.9680934673614	10.98888034355
YER078C	11.2593099915013	11.2756912812203	11.2270319600549	10.9688386088262	10.9975486091925	10.9503378499448
YER078W-A	5.38154681045809	5.36337932324628	5.44166873753188	5.07269176692516	4.95532230271542	5.12944642104125
YER079W	11.4854263669177	11.4042058098046	11.2874700213385	11.8760159173767	11.9835274509018	11.8090410216943
YER080W	12.2110769203885	12.1588845996029	12.0519774874893	12.0701094037903	12.2289542844838	12.0042075760186
YER081W	13.2250403283526	13.1299460974539	13.0152541897102	13.2435202595715	13.4138131372094	13.2408889643993
YER082C	11.1411263138852	11.3224252737135	11.3718100823317	11.4445411224275	11.4088884200655	11.5474663039832
YER083C	11.6691986383056	11.5826781202379	11.6685868614214	11.5981547284966	11.4935020160201	11.6045584337537
YER084W	8.17934347598069	8.43169997847762	8.4424614945219	9.36108648029393	9.39140614395262	9.4267704293437
YER085C	7.7698383483247	7.79822294957591	7.64663706986025	9.11549981837108	9.44372126235776	9.1335604201388
YER086W	13.620563644738	13.7380519359982	13.7079998998303	12.7350345981793	12.6956473781802	12.7854853844731
YER087C-B	11.4670901025662	11.3577022640389	11.4048054959839	11.6452561039214	11.5542284375509	11.698593944836
YER087W	10.0964137938448	10.1670874554813	10.1244015504588	10.1365064697554	10.1319080974429	10.0278450325357
YER088C	12.6321502834948	12.6638523977834	12.6711841829445	12.4412417851928	12.4866837234132	12.5090650985779
YER089C	11.3524309476521	11.4402684423162	11.3104471851954	11.4711547946111	11.3828960505652	11.5028304805053
YER090W	13.1354634236066	13.1101051189959	13.0467624263585	12.2675771979022	12.1972546578291	12.3009409910127
YER091C	17.4903911875326	17.5311203449574	17.3577789613751	13.9854385682716	13.8180783682807	13.8643464762083
YER092W	11.9200630942279	11.8380606249484	11.7618366123599	10.4179580133056	10.2145090035893	10.2068867997457
YER093C	10.771957041626	10.794308001312	10.7192638313544	10.2679495475771	10.3359428206905	10.4018284361372
YER093C-A	8.91270362375687	8.88328811662904	8.90553171979192	9.41314985765099	9.38695963178198	9.30201440680231
YER094C	12.446818382975	12.3771169030133	12.4334445406767	12.5851393704543	12.5699195396672	12.5394917924149
YER095W	10.9938151167477	11.0342283460962	11.0195906259121	12.289400185937	12.169702745634	12.1958537023823
YER096W	10.2561976014701	10.0431273802631	10.125841697453	10.6803510044839	10.5498817786088	10.5517862397182
YER098W	10.3586905631938	10.3461974497181	10.3616829991562	10.3061749497693	10.3542753380053	10.3128296930015
YER099C	11.4565784104804	11.4964169450664	11.4944843135025	11.5295172990749	11.5347713459346	11.492594206856
YER100W	12.2437581442541	12.2102837839832	12.2225134598962	12.274367275326	12.4575710253809	12.2999629955909
YER101C	10.2915530048078	10.2351975426211	10.2056403205708	10.7434513437167	10.7817296706179	10.6665189367234
YER102W	14.5789523174966	14.6841452303307	14.6765029775831	14.8756746823746	14.825108810678	14.9185036664499
YER103W	12.6137967387374	12.5742543104938	12.4590893336127	12.9298958188341	13.1833274324226	12.8295266696175
YER104W	9.57912594200169	9.67743037791193	9.48824596078338	9.47433077355	9.55095034845815	9.43154292835435
YER105C	11.8044256664319	11.8418197665525	11.7257316704761	11.5653093802841	11.544283226401	11.5540441398377
YER106W	9.83710623956843	9.80757517986345	9.69450436283107	10.0170077441977	10.187923554446	9.88033740415105
YER107C	11.0198888701771	11.008309534137	11.0242310191223	10.7666053091951	10.8201543231811	10.8062422959684
YER109C	10.7943917081038	10.7865268403973	10.9110293369472	10.8082324433215	10.7096977188603	10.8496659279468
YER110C	12.5784530248162	12.6524172416484	12.5396225361216	13.0078087667886	12.8999442831203	13.049529276157
YER111C	10.6427957136875	10.6767711981723	10.6981231131067	10.8139798914848	10.6818439954403	10.8970042825296
YER112W	11.2575809528082	11.2111029006323	11.1688485284853	11.3684719577916	11.3329331291204	11.348679726991
YER113C	10.5952130895666	10.662928464103	10.5812215717337	10.4924273663549	10.5237995195162	10.5274796919124
YER114C	11.4610928033534	11.527304623968	11.4888999084658	11.4254273408014	11.3694405039807	11.4538411489362
YER115C	10.292679197521	10.3776149531935	10.33329250944	10.2783810395779	10.3980083478542	10.1384973817157
YER116C	10.6250238954994	10.5115234032845	10.5875062608436	10.5708978263972	10.640429424481	10.5374728347982
YER117W	14.0192036432691	14.0803150161452	14.010534491253	14.3414450897537	14.2502858225828	14.3537370939112
YER118C	10.4803124151865	10.533667323887	10.5927226660608	10.1479293350797	10.2950091373084	10.2854182256757
YER119C	11.4132309302588	11.4023556539642	11.4136747963549	11.0101039641127	11.0033681477903	10.9047451534197
YER120W	12.4599092673335	12.4282451364935	12.5060127383276	12.7080899798624	12.6341526519976	12.7472503194992
YER121W	7.56796209645685	7.59854622668259	7.5291015336445	9.09202696232861	8.87028836375814	8.94611666989139
YER122C	12.7396886493737	12.7706136248957	12.7526666541208	12.7454099714142	12.789144790156	12.7636596702621
YER123W	11.2005284178744	11.2362480110814	11.2230009889024	10.6581564729269	10.6809364720036	10.6715691922584
YER124C	14.0791656715311	14.1078227679195	14.0416680912774	13.0204465635002	12.9508973012969	12.9866942881782
YER125W	12.2027147351309	12.2076376758723	12.1301100471991	12.3338313382537	12.2474611487252	12.3015926198286
YER126C	10.9221318642708	11.1994299321055	11.2443705066743	11.8199986314667	11.6934742133993	11.918868561009
YER127W	11.2148559736377	11.3893376953289	11.5237260757102	11.4533135822329	11.491433111346	11.5325555890627
YER128W	10.1960778037279	10.1594389772547	10.1344525114748	9.84379925915173	9.83502580123461	9.8324323868244
YER129W	12.1703051202576	12.1733317372457	12.203886773588	11.9607039328278	11.9959856339465	11.9909365204939
YER130C	11.82012981971	11.7527799876255	11.8208144146335	11.1318666134819	11.2411047093833	11.2083929314454
YER131W	13.2998901466919	13.4331044209608	13.3344015391791	13.7875238892138	13.6972895469107	13.8442493569806
YER132C	10.8320575650096	10.8387661506447	10.9424224730722	10.8239831515448	10.7150271901491	10.8779054196105
YER133W	12.8975266700274	12.8778595618346	12.8073085835519	12.9391287959467	13.0805883792285	12.9660854316493
YER134C	10.4842607550981	10.4239502997827	10.4471083507655	10.1376528359364	10.0791506784693	10.0246906891902
YER135C	6.44123887173186	6.43932663499021	6.61553551972646	6.09725055870386	6.11283655145931	6.01378786645931
YER136W	12.3533169918705	12.3679031281489	12.3434809468493	12.3608295821752	12.3867093349119	12.344910734805
YER137C	8.44586480464436	8.59631222536763	8.56656666849533	8.9187212083539	8.94481242385382	8.77634799530153
YER138C	15.4946209598499	15.252287358248	15.465870338495	11.7441409856016	12.5026927431598	12.46262400349
YER138W-A	10.0977030692333	9.94103066062509	9.93858457770001	9.5312769197583	9.30919175241575	9.62102364683309
YER139C	9.68242646707968	9.63550817153676	9.64111390010452	9.49416074394072	9.69278584509938	9.46684179982985
YER140W	10.1619732497565	10.3081632753733	10.291556771659	10.0684081626753	10.0583341729001	10.1559011411612
YER141W	11.0973310669982	10.9763307390817	11.0250029688365	11.6464644871465	11.6431101542034	11.6801705957018
YER142C	10.1876269687007	10.050235143585	10.0352501296512	10.3324425940736	10.3835775061282	10.294613384878
YER143W	10.9826941228045	10.9082100800022	10.9135327332899	11.5364864202219	11.5962284250833	11.532000369731
YER144C	10.6811396864622	10.7491640725811	10.7615645613153	10.4094412307462	10.4275265616206	10.4787551711124
YER145C	15.4756278559862	15.4185156431646	15.6318001874428	13.9678243081111	14.4610035488478	14.0539836342784
YER145C-A	9.88866686600274	9.78928232409025	9.96618176515306	9.35321093966033	9.29739302647839	9.54158497500562
YER146W	10.2020839424506	10.0276059946734	10.0775407408615	10.2189684069138	9.94949119855459	10.0088146510142
YER147C	10.8180478672713	10.8222544938011	10.8976040195262	11.0629479060371	11.0242693306051	11.052205477369
YER148W	12.1440299687728	12.1673523651681	12.1458092091625	12.2573317816588	12.1336771793953	12.2160415069977
YER149C	10.7516269262654	10.7535248787022	10.7624906314128	10.6944406801385	10.6543668131486	10.6766018283974
YER150W	11.8609375052805	11.6862898346459	11.6178099249179	13.5821652335516	13.365634961647	13.4034531858121
YER151C	12.1490125796516	12.1978046574455	12.144744221734	12.151232699852	12.1540930083545	12.0938362431456
YER152C	11.6508740750718	11.7100424382358	11.7285777337207	11.4602017234626	11.4789569853608	11.5297773530953
YER153C	8.78398505620719	8.84016887186053	8.72713235149085	9.0512240747305	9.04983384695579	9.17684489262894
YER154W	11.3207662721632	11.4380125261628	11.4154421317204	11.5704114407615	11.5462777609857	11.4914523466755
YER155C	11.7513545636115	11.8232710870821	11.7022762321221	11.7106435145779	11.7303452847129	11.8421147394135
YER156C	11.1354887289012	11.3160515700967	11.2693423961632	11.8708557303528	11.7268322023351	12.0014026870022
YER157W	11.2160435382083	11.201559327499	11.1896528616558	11.3066295798404	11.2460217261598	11.3018974601553
YER158C	12.8426501842544	12.9340066224982	12.9598162654349	13.0409603523763	13.1599088317187	13.0464225250691
YER159C	12.8986364679249	12.9538794822146	12.9281859299127	12.7859982762892	12.8283979345382	12.8046892621778
YER159C-A	3.71400165851154	3.71400165851154	3.71400165851154	10.1794402988993	10.0763924424993	10.4366573826637
YER160C	13.6134840439012	13.5266230126937	13.7690573031449	12.438221536084	12.4998653653875	12.3148865552453
YER161C	11.7513545636115	11.762909002337	11.7590554741999	11.6783202344414	11.6389105789609	11.6921476521992
YER162C	11.4640945694469	11.4994491034074	11.4720158072782	11.1959927448896	11.2509220406133	11.1845681613823
YER163C	10.7912080385643	10.743329081676	10.8840525833673	10.6356151106172	10.4848103539721	10.5084127568304
YER164W	11.5480636718438	11.5033382515947	11.4994918619397	11.4482412935743	11.4127198656169	11.488021333335
YER165W	13.7669081854194	13.7159708928711	13.5950592480221	14.7458843706241	14.6429674547311	14.5293756376809
YER166W	11.8715269065668	11.9324287260456	11.9303479234291	12.0320914864801	11.9541582237898	12.0464171060452
YER167W	11.6477972234072	11.6594311122741	11.6626466808286	11.9299391553822	11.9545337471911	11.9528657841429
YER168C	11.172051262052	11.178501925687	11.1406343190755	10.9448109109425	11.0378008207899	10.9872610451956
YER169W	12.0196538937318	12.0350993651253	12.1164128226805	12.2644325046235	12.2924185094307	12.2478332966818
YER170W	9.55867119845503	9.52248477811802	9.5667049335565	9.48337822200208	9.45225881267192	9.4691646103236
YER171W	11.256427107975	11.2471126611831	11.2323891269728	10.9022805979682	10.9725502627172	10.9921134974248
YER172C	11.128568293222	11.2063390060004	11.2128740063541	11.3278744443199	11.2250076655587	11.3649821735419
YER173W	10.8180478672713	10.8584688190172	10.782715194341	10.8374489960823	10.7876433342308	10.8585502986296
YER174C	11.1939137618083	11.0927626216029	11.0265456301184	11.3557228429216	11.0427542842565	11.4037366557574
YER175C	13.373444162021	13.3141607473934	13.3030819042891	11.2404173011356	11.2781803919736	11.2440863442711
YER175W-A	6.76589069494886	6.60613110268891	6.47507409261997	5.99562141966319	6.17822917482462	5.98697392837552
YER176W	12.8046734648796	12.7984895058032	12.7921981551954	12.2049840281964	12.2642197111454	12.2301436637601
YER177W	15.0287046666965	15.0204284126397	15.0320752686799	14.9458547952582	15.0459352941189	14.9025385314288
YER178W	14.1356368803584	14.1098790305339	14.1670755731243	13.9290438242135	13.8816595695985	13.9070421794669
YER179W	9.76590022181646	9.74177687581368	9.78297352739117	9.17479800812343	9.44799635738299	9.22986926367384
YER180C	10.6178534050789	10.4483659678107	10.5321071090767	10.2015339589203	10.3255274558714	10.1341134295253
YER180C-A	8.78077563485983	8.5832912855789	8.67294795132923	8.20433852819923	8.49361470331427	8.36158809370082
YER181C	5.34334050645493	5.49170405630584	5.16772503640931	5.07269176692516	5.11739795750472	5.01412775991526
YER182W	10.3016572231694	10.3355710160115	10.2124340579527	11.4579093287599	11.3823379013378	11.4049500680111
YER183C	10.2881691411259	10.2701139345936	10.3555585125187	10.5572558773088	10.428608312548	10.5218978848217
YER184C	10.1582708988844	10.1539508392468	10.068582277175	9.28654169185559	9.39805030186854	9.20499545689785
YER185W	8.43773248192637	8.48519247931448	8.58345353195612	8.16882583163956	8.03983499631085	8.00541401865266
YER186C	11.3567444502063	11.3194870631198	11.3442409833536	11.4743338381499	11.4066944451711	11.406162460506
YER187W	9.97819117090814	9.90750258973019	10.0136305180789	9.58437826168531	9.83012168947502	9.66220821628191
YER188C-A	6.37307027449753	6.14364967235298	6.43761252034787	6.28000448976346	6.48211102077986	6.44221796614192
YER188W	12.0539275119974	12.0696079687345	12.0097058181098	12.0853374633306	12.4216248362296	12.0798494105154
YER189W	9.20850924972485	9.20549817544712	9.28406186851682	9.46522618923696	9.76822513194483	9.50356502295531
YER190W	7.95817400942618	8.49217687065732	7.4294491749098	8.59374672403448	8.35006798135299	9.05530932393292
YFL001W	10.5450624425958	10.6005524094806	10.5696280402831	10.5426185352537	10.582321179698	10.5061529277425
YFL002C	10.9358916629518	11.0240369638131	11.0211390827856	10.9428450651768	11.0817813311174	11.020890356605
YFL002W-A	15.3683999170427	15.3092446328388	15.4137010144284	14.1757908360964	14.3957175752028	14.379272170321
YFL003C	9.82625806481918	9.75198539075748	9.71187073937973	9.38445819165794	9.56282500337883	9.36324586755582
YFL004W	11.6613737377797	11.6289017215057	11.6571799448099	11.4310478794431	11.4301066109371	11.4817098702333
YFL005W	12.3019559334353	12.2142438681946	12.2144150096651	12.3385739613166	12.3437784426172	12.3808124179434
YFL007W	11.697107033692	11.755318916304	11.8092101659222	12.6261414662038	12.4681299216417	12.6706287841705
YFL008W	10.9778015983429	10.93597344402	10.9110293369472	11.402723614404	11.2404889022265	11.3455234097412
YFL009W	11.9175104431428	11.9716354559248	11.9381552516809	11.5674374320938	11.7171268804504	11.5725200991052
YFL010C	12.8117602109581	12.7182203515267	12.8149164504368	12.0942206299344	12.0957078563442	12.0588043042472
YFL010W-A	10.4197525119	10.533667323887	10.6154533592593	9.90970435262795	10.1050941410853	9.94850521544445
YFL011W	8.47397128776018	8.48868891289274	8.47902567727889	10.692881939495	10.6935901362004	10.5659590097488
YFL012W	8.83128739036603	8.76145716003374	8.90888368866364	9.07056943129393	9.32787111041386	9.21886720038384
YFL013C	11.9712452597877	11.9521652752381	12.0359832296084	12.512335277335	12.5243558056968	12.4750974361877
YFL014W	14.0663014248382	13.7846914548396	13.8200943288499	15.5015779411443	15.2588099874951	15.5110745651231
YFL015C	6.55298412264347	6.76677759234182	6.71229187962271	5.97432906562656	6.30023533873706	6.06584611162672
YFL016C	12.1876606297061	12.2166147114657	12.0915726439622	12.984586862456	13.0244614757984	12.9264999076562
YFL017C	10.5488376930077	10.5612922172948	10.5738546588768	10.5589681932095	10.4458068983105	10.5821410241035
YFL017W-A	9.62635032401623	9.56612001724286	9.68280948383138	9.66610695538634	9.57850726152553	9.56349010269533
YFL018C	13.4825644317608	13.4259509344229	13.3905867078079	14.2530505354706	14.1921610516975	14.2123247308282
YFL019C	8.91270362375687	8.94054531601375	8.93870552046312	7.86459668800999	8.02270296076858	7.69102078493837
YFL020C	10.2527296664955	10.2455551023228	10.1084642924285	11.6889147186643	11.645903094675	11.3798688039514
YFL021W	11.8479735648973	11.878216643937	11.8110015216696	11.3162791229919	11.3637967734649	11.217399419566
YFL022C	12.6432279450642	12.7700756850772	12.7146553119492	12.8639018783135	12.8501561125694	12.8998516081984
YFL023W	11.0468351367114	11.1205999915489	11.0280866434774	11.3989046774067	11.4700539907678	11.4672621072146
YFL024C	11.4755438232616	11.5033382515947	11.5182539380215	11.3318858519729	11.3178340126753	11.3200211399204
YFL025C	10.9945073404701	11.0561638020797	10.9292874819183	10.4915310423296	10.5871732164865	10.5241332002673
YFL026W	9.92107341126586	9.96880417653551	9.93365918978875	9.38058912549529	9.37353720751034	9.29679241171381
YFL027C	10.3500616519897	10.3643697973558	10.3345385682003	10.3092303596852	10.2819005930633	10.3205668022575
YFL028C	12.5300986047515	12.4447431952777	12.3882642574674	11.1970927071682	11.165264582985	11.2304624205696
YFL029C	11.3405018786128	11.3170339746505	11.3577850423751	10.8584581927186	10.8703759436085	10.8353361325934
YFL030W	10.4822879360868	10.4000417488303	10.454003923613	11.2605494046484	11.146322411837	11.256910974579
YFL031W	12.078292733345	12.1287099176167	12.1630936292056	12.1560485323932	12.1173351716888	12.3012668422117
YFL033C	11.0408159608683	11.0155896600056	11.1031110152513	11.6314898843123	11.4852085352437	11.6286481662065
YFL034C-A	11.7745115220474	11.9381865606913	12.082331616537	11.9509564811885	11.9646361055789	12.0452503345783
YFL034C-B	10.5526030885987	10.6371998683287	10.7240256358084	10.6944406801385	10.7378967095981	10.7375901527725
YFL034W	11.0501683029024	11.0713807669635	11.063083073927	10.9962689683044	10.8806881413484	11.0224723629892
YFL036W	11.2742088163943	11.3165428559992	11.3211715991014	12.3313289445029	12.3529233007095	12.3637534723088
YFL037W	13.0181646782139	13.0565572053551	13.0220365079866	12.9577438687594	12.878138026442	12.9547377341243
YFL038C	13.8842556884333	13.8631228108331	13.8839272126413	14.0364890517462	13.9981663550512	14.0210281243874
YFL039C	15.2413019062083	15.2473358496245	15.2790334068145	15.2084302441418	15.2234885998605	15.2499898440216
YFL040W	9.15499899654249	9.02959194017269	9.03694263329367	8.99917109748147	9.16600258046995	9.10097126061968
YFL041W	11.5672674060895	11.5323888817418	11.5919956295054	11.3830438210933	11.3632311841653	11.2999420638504
YFL041W-A	7.4832578565384	7.5456313578497	7.65467401419664	7.7307585189373	7.7722640248403	7.8496855642924
YFL042C	11.8032409347038	11.7647102950708	11.7595193697097	11.8402051208799	11.914560204272	11.8722556031711
YFL044C	10.6205465177162	10.5843236542978	10.4699665457298	11.1358874017091	11.2225151771957	11.1091497858532
YFL045C	13.1211140598436	13.14758643482	13.1864840693229	13.4725460325574	13.2665870642135	13.5836950875298
YFL046W	10.8897539593843	10.8745733968505	10.7485367657221	10.6168317998944	10.4806442510757	10.5810678525634
YFL047W	11.6367545858905	11.6473748832976	11.5951178448308	11.3767474104093	11.388465697826	11.3804857589001
YFL048C	11.6687650332734	11.7141499103731	11.6234276091652	11.4174272385905	11.5002055382183	11.4067682748793
YFL049W	11.1479869100131	11.090466289473	11.0972505780138	10.940219763296	10.8924959453826	10.9038871050635
YFL050C	10.9119084156166	10.8631845884279	10.9643201221612	10.5994655575798	10.6872771787415	10.6584015699748
YFL051C	7.0401216403859	7.08882968665308	6.78810123125276	8.36198635732432	8.31768551105068	8.43480490675799
YFL052W	8.64262218332235	8.62200597948394	8.55377020980859	10.1353591916989	9.94496187612665	10.0008106110868
YFL053W	8.43773248192637	8.43169997847762	8.28096440335901	10.062384257939	9.52690355163368	9.82701003071867
YFL054C	10.7260130397064	10.5892114807014	10.5885510520892	11.2042220910511	10.9273502982265	11.1276424329324
YFL055W	9.30545719520028	9.34115105697839	9.25802189274384	9.27199442619404	9.48591223689117	9.34058777208101
YFL056C	10.3800396672926	10.3002358752943	10.3144712894519	10.2532175422446	10.365615957339	10.3384602757739
YFL058W	8.97299178420584	8.45333623180947	8.88525444118503	9.45790089606801	9.67830453596187	9.67030583002248
YFL059W	10.3747319419621	10.3879372033931	10.1711831777733	10.3193685667124	10.2902561664372	10.4319030981147
YFL060C	9.93267936975738	9.95876649155813	9.84199849073683	9.90567235529116	9.92976056789502	9.95349022767775
YFL061W	8.76136743777717	8.81811531967767	8.46542277400169	8.6300759285099	8.14383409252417	8.26315184763293
YFL062W	8.65319295224828	8.70848599591662	8.46542277400169	8.04204261793243	8.19058642019053	8.10456950054903
YFL064C	9.13754774543307	9.14700595448747	8.72713235149085	9.17479800812343	9.3577181035244	9.08893552112653
YFL065C	8.07825896720342	7.72879328604664	8.07529165229842	7.33238915660631	7.90294378179332	7.3598144864382
YFL066C	8.32760231798064	7.61147441544829	6.81731303394313	7.24082165319635	8.25554034052401	7.44772722411983
YFL067W	9.62635032401623	9.90096455225389	9.89025279893354	10.1682652470411	9.96000462510723	10.0819577584271
YFR001W	11.1216144986651	11.1194742257159	11.1681498569696	11.2861012909984	11.1781847269261	11.3958245004958
YFR002W	11.6184596577239	11.6312732108096	11.5651803819029	11.479767381477	11.4632085518579	11.4863027618176
YFR003C	10.9742967509827	10.7271600794467	10.8161025302447	11.0550830041868	11.0069934735796	10.9445083427402
YFR004W	12.4581539366012	12.3876755722714	12.456802739655	12.4590024655536	12.5256200297914	12.449747864612
YFR005C	10.9587734505291	11.0288418783627	10.976343371479	10.8860028021745	10.9026517742502	10.824494590278
YFR006W	12.1982149747237	12.2278886059622	12.144744221734	12.3477650917086	12.3452111533503	12.3433293411424
YFR007W	10.2881691411259	10.3002358752943	10.3119431349484	10.238333512936	10.2771041573324	10.1659571908412
YFR008W	9.8539901891485	9.80897275789652	9.79569744146644	9.7052973378919	9.66734730763888	9.55695343730363
YFR009W	12.314760800106	12.2545405670026	12.2432264400041	11.987015754403	12.0032640346538	12.0319605509829
YFR010W	12.6104139734902	12.5097705913689	12.5120820336489	12.4147750155213	12.4962588519603	12.3556184844328
YFR011C	10.3435559226184	10.3461974497181	10.28512648664	11.2689427423793	11.1502619405142	11.2338804826784
YFR012W	8.36239542773122	8.34174575105157	8.29641879955827	8.60042059823986	8.69423484699884	8.65092129450497
YFR012W-A	5.38154681045809	5.55109783011205	5.3573322420859	5.35099088240602	5.25826062513554	5.12944642104125
YFR013W	11.306900390402	11.345236529577	11.3142413826455	11.2313190662267	11.2721673352479	11.217399419566
YFR014C	11.8433700997875	11.854392745295	11.835849712834	12.9068876657465	12.860212070652	12.8283966479269
YFR015C	12.3651407725856	12.3155335652432	12.248193282837	13.2758935392446	12.8539856381952	13.1364672824583
YFR016C	12.4651624813643	12.4424943086038	12.3030023810248	12.5552137899161	12.504489102791	12.4444470500439
YFR017C	9.96694715778887	9.71965505161995	9.66111937257035	11.9352222617194	11.8562666654338	11.7812777051295
YFR018C	11.4814814695925	11.4621917158933	11.4024311109145	11.7430117402818	11.625294848086	11.7030399489303
YFR019W	10.8149160371163	10.8104433230276	10.844367735853	11.1805045546136	10.9523853496125	11.2427297271985
YFR020W	9.93988594886066	10.0478697790972	9.98534899710802	9.57594470990185	9.6302099263777	9.56131450531341
YFR021W	10.6516001846832	10.7411348606942	10.6961857771903	10.3893709680548	10.4436682561218	10.2867354142259
YFR022W	10.7007847012258	10.6285206719067	10.6215909749203	9.90432584723547	9.89104115267787	9.85747057882778
YFR023W	9.95703621716565	9.85840423446209	9.89870227169268	10.3203784791619	10.4796008425428	10.302448561371
YFR024C-A	12.5657006263753	12.550435502512	12.593174786257	12.4596900342529	12.4354116266478	12.4095087102387
YFR025C	11.9782610260377	11.9672618752297	11.9580970918799	10.9270211058984	10.8543656650128	10.8089949063038
YFR026C	8.76136743777717	8.90437316908882	8.87843141804288	9.28654169185559	9.17892238301152	9.7412080340506
YFR027W	9.31435912571094	9.30792155207249	9.48824596078338	9.63883577321276	9.6093691679104	9.64792703876174
YFR028C	11.5866779988818	11.6686962581288	11.6366194540321	11.4851805366493	11.5032889967351	11.4724799859717
YFR029W	10.9416462260383	10.8878578869971	10.9284625603443	10.1905294323905	10.1647393790804	10.0895250383413
YFR030W	15.8325590129117	15.8812183561794	15.5954623315718	11.9489990627514	11.953406883615	11.8944550613087
YFR031C	11.2419256355121	11.2917712754637	11.3142413826455	11.3198180102765	11.2793800015478	11.3385551075095
YFR031C-A	14.36062900038	14.4984733643872	14.4551902991423	14.6122479911425	14.5266861749641	14.6292450067573
YFR032C	8.0249168403701	8.07474233051118	7.9699191986982	9.06092921761446	10.0414619016399	9.27039483638508
YFR032C-A	13.0008718727086	13.0924279205632	13.0201019541314	13.6979961368158	13.5511257340912	13.6512049583351
YFR032C-B	7.57541912347406	7.63065012585115	7.81379500557418	7.98188909867703	7.97004458346843	7.8496855642924
YFR033C	11.5742297798662	11.577768338695	11.5710063699927	13.5436635068202	13.4172228373763	13.6469807481254
YFR034C	11.9887211158283	11.9550079473657	11.8876969816907	11.9809616876672	12.0148336328575	11.9077837976799
YFR035C	9.15499899654249	9.25557038496556	9.21264478821852	9.32328841783374	9.25653920414926	9.01453032454468
YFR035W-A	9.82781280927718	9.76500531996606	9.74598836681062	10.2500410118908	9.81033674745841	9.98791102775633
YFR036W	9.66165263207271	9.80897275789652	9.89025279893354	10.160390871858	9.96299443776589	10.2358168144709
YFR037C	12.8168568530332	12.8100491057902	12.7475312575981	13.1393695242839	13.0762812425752	13.0832691408391
YFR038W	11.1805927594466	11.2126873759723	11.1255979686042	10.9474278783197	10.9628764100997	10.8926857821151
YFR039C	11.2425085018847	11.2305241796001	11.1965214966356	11.1133417941833	11.2112453784943	11.1180558460953
YFR040W	11.5409735511248	11.5724304843761	11.5909533876557	12.3370779745194	12.3077842587438	12.3524773878329
YFR041C	10.754081722469	10.701809598725	10.7287717731126	10.6795641949197	10.6254129339824	10.7005170480474
YFR042W	9.50331139120484	9.53605220331212	9.5388625147811	9.01423624870409	9.10773778765891	8.99531279146378
YFR043C	10.0031741937324	9.96253881514387	9.97579722300281	9.97144350804152	10.05273198512	9.99437524154334
YFR044C	12.7605923903999	12.7652251790655	12.7903833022407	12.8991360109705	12.774118479723	12.891219133359
YFR045W	9.90496116235018	9.89571269699255	9.90710252769554	10.2731747238679	10.2492107654173	10.1179239612698
YFR046C	10.4073293328729	10.4092843028689	10.3689982212877	10.3071941390531	10.2195178076992	10.2748371886444
YFR047C	13.2253352138446	13.1615997203346	13.1857939094993	12.7755436279783	12.7709237825639	12.8023890403066
YFR048W	11.2308061932019	11.2089875560796	11.226360913227	11.0898461513464	11.0512065635877	11.0881526299996
YFR049W	10.2211372222052	10.0678527955142	10.191956085408	11.6335225854163	11.386240418632	11.5529499145429
YFR050C	12.4101936439665	12.4030231627376	12.3397630471056	12.54509904459	12.561069155457	12.4541503804701
YFR051C	12.307258684102	12.307400333991	12.3017288954715	12.63042259952	12.5647634160426	12.5597886926644
YFR052W	12.1409070755102	12.0605447413946	12.0662972573577	12.0243661831797	12.1196811084461	11.9640224562363
YFR053C	13.8996730191733	13.7488305035498	13.6162159321392	18.5448185774837	18.4758111886123	18.4946768325506
YFR054C	7.24177633746022	7.55904490561728	7.46649651538541	6.50061236437746	6.65789156845572	6.53573807526967
YFR055W	11.1646895094476	11.2100456160814	11.1924042413047	10.3234039807949	10.2132540800232	10.3822462687904
YFR057W	5.30384383501616	5.2570456550259	5.31278787805311	4.9780834168811	5.49686667297998	4.81223893772035
YGL001C	12.1632424669043	12.3022006656415	12.3137818601504	11.93950058536	11.7237512218571	12.0580332125953
YGL002W	10.9573539229777	10.8652009227858	10.9018128685231	10.822558354359	10.7851118749199	10.7191726955614
YGL003C	11.6080941485755	11.6265263274152	11.6571799448099	11.6196434014777	11.5104582065026	11.5746782665458
YGL004C	10.9714867291303	10.8530604235767	10.9009720805386	10.6597531713499	10.6809364720036	10.5960200814871
YGL005C	11.2124779076314	11.1747132673537	11.0979844359724	11.7783488366536	11.831537512699	11.7854764170314
YGL006W	11.9101921675574	11.9713234966331	11.9070879673645	12.6076484807083	12.5296581182481	12.5496759365618
YGL007W	6.80484010928681	6.70715633440283	6.63213501686783	6.54361822119775	6.58073683714937	6.6062593621705
YGL008C	16.5738170534771	16.655674325631	16.6595990273918	16.0388113947805	15.7121847315455	16.1685000477287
YGL009C	16.0802376300868	16.0928869381118	16.0792545970431	14.5167533503736	14.5598280786879	14.6532480991778
YGL010W	10.2469311811251	10.0944553511156	10.1215169352743	10.2468574703747	10.3044683492026	10.157342019411
YGL011C	13.0344114613991	12.9866616989294	13.0074637240236	12.9397860387297	12.9015032446718	12.8143103441109
YGL012W	13.4080170171965	13.5083549790455	13.6302345179566	12.6480246152784	12.5159840262039	12.891219133359
YGL013C	11.2260985598795	11.1919521980558	11.1695468617885	11.1243695724357	11.101584287998	11.1753536870149
YGL014W	11.5175666151138	11.5399818285877	11.5857308538347	11.5881278820757	11.5457793858014	11.6348668442382
YGL015C	6.95066417494452	6.70715633440283	6.58173040199921	6.1547186830538	7.2195824199561	6.25596928416214
YGL016W	10.6594785218583	10.7921900256471	10.7163991853162	10.3344435061609	10.3768681087247	10.3089455190399
YGL017W	10.8117773928059	10.8611654317828	10.8899970069625	10.7621528058594	10.6745677709281	10.6675304033068
YGL018C	9.8585608013547	9.89965338037515	9.83848917427088	10.157002934674	9.95250286344779	9.93007798506365
YGL019W	11.6804268664846	11.6931162922153	11.7464735749615	11.8559600713647	11.7675802944287	11.8016895559822
YGL020C	11.294587186411	11.2847583218598	11.30282872132	11.0743661767487	11.1496060990511	11.0319281404501
YGL021W	12.7251656558424	12.6416750980347	12.7016785385741	12.0992302504792	12.0816805103667	12.1560523059795
YGL022W	12.9340674754724	12.9644197094377	12.9660599580384	12.938635667291	12.9233454999976	13.0121974306613
YGL023C	12.1220264099941	12.1706169126592	12.2123832738858	12.1959341675602	12.0922991077278	12.1571328524957
YGL025C	11.2172301259712	11.2310454673794	11.1737297774444	11.00383177326	10.9931684966348	11.0081714579416
YGL026C	14.5553966908878	14.5695449921405	14.5517564538003	13.4642329316783	13.3293204030832	13.425741615551
YGL027C	12.0825309355665	11.9818924506414	12.0283041393181	11.3699357855169	11.3989891499662	11.4678428043762
YGL028C	13.8513901824477	13.9028415779679	13.9372851380025	12.7687165002823	12.5830941395474	12.7529791134322
YGL029W	10.1570346669664	10.2812318208243	10.2272685865753	10.7321129714984	10.7918525860917	10.8761565550781
YGL030W	14.3965544031771	14.5434459930212	14.3824383952326	15.0129349280549	14.8915288369093	15.023300810549
YGL031C	13.9550415970062	14.0168130907029	13.897163014818	14.5058096873942	14.4645014100478	14.5238714252113
YGL032C	6.85514643997165	6.99274947702482	6.98088438740087	6.85817852934655	7.16828337877507	7.04534011961449
YGL033W	6.39043191769693	6.16187728458345	6.23324175771264	8.1598087918388	7.99368716403041	8.06202902589367
YGL034C	6.26400625251417	6.16187728458345	6.25511123106869	6.17334224368357	5.49686667297998	5.61304035489929
YGL035C	12.7239139983202	12.9465980644873	13.0920344382126	13.720354525502	13.640775049858	13.6820605050423
YGL036W	11.1417513544192	11.1273361997771	11.0653362271628	11.4226088384083	11.4284854762234	11.3884822551065
YGL037C	13.2091754297787	13.0076535748958	12.980259024626	14.5217004318245	14.4700935403417	14.3637558435859
YGL038C	11.5621402247122	11.6225586249474	11.5825882344164	12.0619819404759	12.2825815929916	12.0938362431456
YGL039W	12.956266599583	12.9229183997292	12.9498917582194	12.2288430715733	12.7254389197231	12.2437702832344
YGL040C	11.5908036496079	11.6946289060625	11.7166819157549	12.0087903536941	12.0514555716989	12.0125896704841
YGL041C-B	6.83021844614141	6.73131046648598	6.66475229726618	6.93493355932317	6.94221377225587	6.87162016115536
YGL041W-A	10.329358698004	10.3596097534615	10.3469403069425	10.2877053114061	10.3255274558714	10.2708492020964
YGL043W	11.4189145224636	11.4221215585047	11.4894593227435	11.2489282444022	11.2181429332669	11.3225917497988
YGL044C	10.6006792609968	10.5981297052926	10.6123747305452	10.3434134194063	10.4275265616206	10.4103127416726
YGL045W	11.2278657231358	11.2232063027167	11.217608779731	10.7359023398272	10.8806881413484	10.6265081101403
YGL047W	9.45583214910156	9.3546142251141	9.41000747953853	9.79957681358675	9.63958432705995	9.61683974481114
YGL048C	12.6276952918294	12.5571029295481	12.5808908863172	12.5005785174642	12.5419549174948	12.4340838194496
YGL049C	11.7274034892132	11.7875703747794	11.7469415333059	11.6496819028064	11.6997598733334	11.6286481662065
YGL050W	10.7808123174913	10.6927549306851	10.7410391424279	10.612715903972	10.5197446729872	10.6129206894042
YGL051W	9.36236070552034	9.2657866840312	9.21264478821852	9.43756228361628	9.24675588912561	9.23260670708906
YGL053W	10.9366122399756	10.890500167448	10.9151992539098	10.8486919654013	10.7808828790253	10.7727946471091
YGL054C	11.8345055202422	11.822233578817	11.7898112886454	11.8753289579269	11.8550603376425	11.8678624231183
YGL055W	15.2372501388225	15.2838760462693	15.3874918060992	15.475383577366	16.67540495927	15.7926295641336
YGL056C	12.0379001290035	12.1044487890067	12.1036808615999	12.443560758785	12.3391841834772	12.3568730106471
YGL057C	9.38788494753689	9.46690111423344	9.52145758272337	9.48698136353009	9.46074610167472	9.54599270544844
YGL058W	11.0103374919236	11.063792348737	11.0728214227673	10.9720551147596	10.9456005828864	10.8952784334183
YGL059W	12.1997164548388	12.1583365816559	12.067421735023	11.3941167455778	11.4181757673201	11.366228610243
YGL060W	10.4733767073702	10.392604826738	10.3580114286174	9.67244943573567	9.81199589984271	9.64176296773577
YGL061C	9.83401507919002	9.81315738362146	9.79569744146644	9.76289858006703	9.6093691679104	9.80695178038958
YGL062W	14.8304236553639	14.8679821921589	14.837361692358	15.8193918087903	15.6245490815498	15.8775440874797
YGL063W	9.90937329456709	9.88779887846284	9.87833974598866	9.64691038896782	9.35998863150236	9.71795918504027
YGL064C	10.1308259801399	10.2802246376688	10.1947033385508	10.418901225787	10.3913658947682	10.3969577608949
YGL065C	10.7310061898365	10.7145405262706	10.722122799874	10.4588867320434	10.4361579386592	10.4706651417007
YGL066W	11.5262092753444	11.5822696093864	11.4994918619397	11.4112794381185	11.3375473954363	11.3835665821224
YGL067W	10.9264912594581	10.9644670562698	10.8840525833673	10.5452124121476	10.6254129339824	10.5352581115893
YGL068W	11.1031194570324	11.080087318741	11.1334936951415	11.7369741244869	11.7197802682318	11.7709624468446
YGL070C	10.1446137179216	10.2414209994719	10.2352962976285	10.2887376305856	10.2443041946789	10.2493916909638
YGL071W	11.6911414467123	11.7589382236955	11.8301194098757	11.1965428308668	11.2404889022265	11.1902094912971
YGL073W	12.4558939400216	12.465491630098	12.4205958147355	12.0574468197464	12.2105213832531	12.0129876056436
YGL075C	9.37517931693815	9.3507804190706	9.37409304012475	9.11782621158836	9.01567025831766	9.19940915942405
YGL076C	14.7336711699753	14.8680240862591	14.7255261130182	14.9606645984089	14.9153069385623	15.0234983181433
YGL077C	12.1524281694877	12.1044487890067	12.0294586118553	11.736595933208	11.7908992181235	11.7260379410115
YGL078C	11.6499956440099	11.8387448342125	11.7834386660712	12.209351488246	12.2391624264471	12.2219054808027
YGL079W	9.81532766547705	9.83801329933031	9.81546806375941	10.0170077441977	9.90665388457697	10.137037544401
YGL080W	10.4881983169508	10.5260405294126	10.4343802097889	11.0665634489462	10.9725502627172	11.0033728104481
YGL081W	8.46199282412962	8.33009530434803	8.37129314806172	8.39692203520172	8.45586447288895	8.4300380430686
YGL082W	11.8020552292558	11.7900488601308	11.7469415333059	11.826054801434	11.7547002013776	11.765304699318
YGL083W	10.7318367037857	10.7010572100992	10.7000578506189	10.3572566794803	10.509557406532	10.2708492020964
YGL084C	11.1510946095266	11.063792348737	11.1016481363975	10.7614093840039	10.8846348247524	10.7375901527725
YGL085W	10.3586905631938	10.2792167507242	10.3382702987968	10.1422292108283	10.1968399294652	10.0309924920219
YGL086W	10.8094189199126	10.7484359881704	10.729719129577	11.0256661587287	11.0547137826413	11.1437221521532
YGL087C	11.5733034024828	11.5037697326831	11.5872996000874	11.5674374320938	11.47529769804	11.5269937564695
YGL089C	9.46784935083117	9.4544511596745	9.72142911222074	7.91910313369853	7.65839454163895	7.93977267790868
YGL090W	10.4021212621879	10.4111257281048	10.3883260250043	10.3173466180166	10.3301657943171	10.3548792045324
YGL091C	10.9566436350381	10.9075580198332	10.8530882277342	10.7524583086481	10.8267336289769	10.6955673016376
YGL092W	11.3828868871449	11.444769719048	11.4024311109145	11.5571940331104	11.4872863795235	11.6645515882883
YGL093W	11.3213181449124	11.2357286001966	11.2490031900135	11.3611304557727	11.3995408951199	11.3823350422376
YGL094C	11.172051262052	11.2424663982582	11.2569104842642	11.1318666134819	11.162016385269	11.1553049357433
YGL095C	11.7692627355133	11.7163854303234	11.7761210321679	11.2494585148478	11.3213324772154	11.3455234097412
YGL096W	10.4960413407728	10.4083627079524	10.4913513719571	11.0797434481572	11.1909901827061	10.9913058880399
YGL097W	11.8552324751406	11.8917970148265	11.9299358386823	11.7628327618923	11.7512459996389	11.8117881919212
YGL098W	10.2515718327785	10.2279027402621	10.2630465700369	9.95462944839167	10.0357936617355	9.86454522177455
YGL099W	11.1088847139894	11.2465971481114	11.1370684252217	11.2505184713517	11.2823746684986	11.2669557603132
YGL100W	11.4297032281749	11.4152571911121	11.3802807819351	11.559334080773	11.47529769804	11.5714398034579
YGL101W	9.10713069218141	8.98080249659619	9.20175695070626	8.78747735044631	8.90803226238327	8.96599715644487
YGL103W	14.9919142956863	15.0267846180029	15.0050416920818	15.1724281557752	15.0510802593509	15.1857444449536
YGL104C	10.4062892220053	10.3738430174237	10.4699665457298	10.3132941975745	10.4024197166836	10.2317193123792
YGL105W	12.7436055081245	12.8853298035436	12.8493178204867	13.3095917879727	13.3332243189805	13.3428574222889
YGL106W	12.3720822728324	12.2892440583068	12.3689373930551	12.0802792824255	11.9276256680254	12.1225163522333
YGL107C	11.0973310669982	11.127896133204	11.1255979686042	11.1535602617514	11.0783393830242	11.1682253618024
YGL108C	10.083457252802	9.97753020527625	9.95163729590777	9.74194381067985	9.76822513194483	9.64176296773577
YGL110C	11.28895534286	11.3121152481346	11.1951503834246	11.1057476049668	11.3254033250901	11.209782210176
YGL111W	10.7109290442389	10.7737027949407	10.7999565427728	10.6589550430601	10.863993139263	10.8787790574379
YGL112C	11.8700188855167	11.8377183985904	11.7788694964255	11.4041531134339	11.4621525183915	11.3581074547741
YGL113W	10.0690693207479	10.0419393399898	10.0715746187096	10.4422832882233	10.396903394401	10.4683453463129
YGL114W	12.0756784067942	12.1406891794573	12.1408325278029	11.7746696411095	11.7761035778802	11.7761292954776
YGL115W	11.0726318586255	10.989946841313	11.0242310191223	10.8310861045849	10.7457293561443	10.7500574367384
YGL116W	11.416333846986	11.352920489818	11.3608455841212	10.9022805979682	10.689986115634	10.8317313309491
YGL117W	14.561715892515	14.56614048673	14.4707136105452	12.8224497604176	12.757643465751	12.9169631262308
YGL118C	6.40757688053549	6.55272971585908	6.45647045020924	5.54580957336203	5.60050186728381	5.49938051151823
YGL119W	10.7159745884587	10.756424776156	10.7597106356647	10.7747327086912	10.6971851748083	10.7015049624823
YGL120C	11.8632132152989	12.0466941914837	12.0014930459376	12.1389792314246	12.1359967134654	12.2208723923365
YGL121C	13.0019049796156	12.9037561759472	12.9885931548942	13.1901075953506	13.2344761534814	13.255760507966
YGL122C	12.5339128899777	12.6276886326794	12.6832148977334	12.2231851785383	12.3394717537025	12.3430128542896
YGL123W	15.4622730215694	15.6153800640932	15.5687125374003	15.7023127666968	15.6559735778157	15.7751121134353
YGL124C	10.8934700774308	10.9391673365284	10.9993079576829	10.4579693152916	10.574523813196	10.516294394267
YGL125W	13.0210550761714	12.9988037585787	12.8990080296027	11.1693388609964	10.9478657192568	11.0820968776757
YGL126W	11.8154364972527	11.8894874460165	11.8419954595016	11.7889657474363	11.7042329219414	11.8127027540514
YGL127C	10.5173923270178	10.6277290584362	10.5749093812889	10.3394336763197	10.4068176353354	10.3244198488888
YGL128C	9.45381950727622	9.43285501079456	9.49717746569273	9.11316966349295	9.12653334762041	9.12474530535224
YGL129C	10.914105262263	10.9461691075151	10.9093579892608	11.0821269277933	11.158760857316	11.0941830675187
YGL130W	11.5262092753444	11.5298489926458	11.5248180168545	11.2393498940081	11.2889411351028	11.2542205106129
YGL131C	10.3640575360935	10.4138834657115	10.3419923996795	10.1581331315352	10.0329511659462	10.1384973817157
YGL133W	11.5088718655633	11.4532836434726	11.5486339626009	11.4174272385905	11.4478198847609	11.4532547871531
YGL134W	10.8196112362752	10.6481711252874	10.8062570298083	11.4244884517132	11.4214394315226	11.4158250937679
YGL135W	14.7559889086927	14.8867954002504	14.8303132722556	15.3421188574029	15.3381554012091	15.3751759866677
YGL136C	10.5924722165988	10.4608650894195	10.4778820988366	10.4680289497329	10.4361579386592	10.4115207217358
YGL137W	12.9527091196279	12.9698953291972	12.9306596498205	13.1327741999523	13.0367498564885	13.1558764540004
YGL138C	8.21786640365285	8.18238696024422	7.9569979950305	9.29684343680221	9.90510019551749	9.44104078922991
YGL139W	11.1975255153722	11.238842263999	11.233725316029	11.3777178794828	11.4945353567772	11.4765253284551
YGL140C	11.6135115313399	11.7025442130378	11.6808842328063	11.3512833055446	11.3467318861082	11.4385177464237
YGL141W	11.3738706303514	11.3648453375976	11.3699884433061	11.0013152410955	11.0568140285095	10.9929206549318
YGL142C	10.6383732436806	10.5183731951275	10.4891152092077	10.1794402988993	10.150385601491	10.0849894365071
YGL143C	10.3304557672001	10.361515656449	10.3726419669755	10.2563870922567	10.2650428192684	10.2152118983886
YGL144C	11.1622272197692	11.2211086444105	11.1855159279953	11.1214756888637	11.1691527906922	11.1076600822201
YGL145W	11.2266878548571	11.238842263999	11.2067635167263	11.0094779707954	11.0575134315198	11.0169277337308
YGL146C	9.55492077505586	9.63393184450575	9.60438935448999	10.2990203887896	10.2516578058185	10.2761640709595
YGL147C	13.3750398012126	13.6493805975976	13.5120123286324	13.7768964617029	13.7080197898726	13.8739076931449
YGL148W	13.7540893837394	13.8187292109287	13.7737723638336	13.162781673783	13.0766262871118	13.1845975391734
YGL149W	6.64208386310989	6.85719239652977	6.51154639391796	6.84686363241129	6.96651853027135	6.68966435934413
YGL150C	11.6830056325351	11.7122843272104	11.7195458707066	12.0283885032545	11.8642831750529	12.0668759806924
YGL151W	11.322421257459	11.231566566859	11.1813670967815	10.8154131826274	10.7387691068557	10.7142866584312
YGL153W	10.6427957136875	10.6442623913406	10.5146241342073	10.4478390317493	10.4775117584701	10.4729812123026
YGL154C	11.1510946095266	11.0330330901884	10.9993079576829	10.4056397922527	10.5054622691387	10.3422658817495
YGL155W	10.859675273475	10.8631845884279	10.9985221311408	10.5640929787928	10.5647174568532	10.5418921059993
YGL156W	12.5188354651872	12.5844889043649	12.6243262831582	13.1986448517792	13.1166050872843	13.1826533234268
YGL157W	11.6442727672725	11.5985204823081	11.7609101618966	9.58773791862587	9.45225881267192	9.52381805526903
YGL158W	8.50931971331135	8.78722951816917	8.68473178592277	10.1075471271513	9.63584187719001	10.0419548210487
YGL159W	10.6472046665588	10.6085988283872	10.5833195119589	10.2783810395779	10.4628028346943	10.3244198488888
YGL160W	10.0611604367762	10.0760012936792	10.0730684645567	10.2189684069138	10.3162057908556	10.2082776574075
YGL161C	11.6890048874006	11.6950068118462	11.6799042914538	11.6696297933912	11.6318840053303	11.5880941542351
YGL162W	10.3370207171457	10.3355710160115	10.291556771659	12.5145428300238	12.4423898055627	12.367181436693
YGL163C	11.3876374837376	11.4648534466178	11.3724167845362	12.0144170444081	11.9214919515637	11.8914282272916
YGL164C	11.1902929430351	11.1506682645643	11.1313445974542	11.0490037663696	11.1607150555683	11.0889078147448
YGL166W	10.6880031213703	10.7293756443498	10.682551079745	10.8716074810017	10.847911466391	10.8254011707389
YGL167C	11.9535551097073	11.943603495761	11.8940488116932	11.9752027256533	11.872255384912	11.9382738177299
YGL168W	8.16462687343049	8.02739455207482	8.39540931120947	8.07600223371812	8.23090424626351	8.36158809370082
YGL169W	10.8642272533588	10.8944545356575	10.9301119320356	10.7981189760951	10.8535604676371	10.8353361325934
YGL170C	8.2367474071088	8.22076134354105	8.22821575381957	8.52173657051635	9.16859582327256	8.56224208323095
YGL171W	10.3979412239196	10.6371998683287	10.5407697719239	10.8784803143383	10.8909271446152	10.9594511725503
YGL172W	11.6166623020793	11.7002871247596	11.6695745179052	11.5754955208091	11.647762055568	11.5325555890627
YGL173C	12.5823719779886	12.5761019038028	12.5458213167083	12.6086821114223	12.5422047844572	12.6449269419742
YGL174W	9.68585986117275	9.53773918965009	9.59193699675442	9.45238239660103	9.53093930594752	9.46684179982985
YGL175C	8.45797773769543	8.54014080418073	8.6001445654136	8.31810148673685	8.33627897903581	8.22511664770172
YGL176C	10.1839899695077	10.2079145457044	10.1795282765	10.3660862697665	10.3880331620231	10.383477973624
YGL178W	10.9530869399071	10.8871965599768	10.9043322961768	10.782081727058	10.8308305088124	10.8717750952481
YGL179C	10.3874378226826	10.3944676550737	10.5179183733799	10.2521594759046	10.1853658616988	10.1602194647565
YGL180W	11.0481693275045	11.0437549078918	11.0365329169459	10.6700888526316	10.6727429655643	10.6955673016376
YGL181W	12.0472710611641	11.9543767263344	11.9319950863378	11.8753289579269	11.8258016595132	11.7520163558805
YGL183C	8.64967797987939	8.52319376338973	8.37614883947519	7.86459668800999	7.9995374431531	7.86391890191054
YGL184C	12.6108654674023	12.6450039456478	12.5148323860355	9.55550061716376	9.75621010856699	9.51934190401032
YGL185C	10.8390117198055	10.7130485886453	10.7466660101117	10.6772011879786	10.6235248333738	10.6055510261871
YGL186C	13.1646638075188	13.1749364525357	13.1188564926738	11.5935677396095	11.7171268804504	11.6348668442382
YGL187C	9.69099467249302	9.66049782076732	9.72903045298662	12.8955833171326	12.7037117051176	13.0358875710023
YGL188C-A	7.31504831765346	7.44803357070012	7.48466558046331	7.69993107012256	7.78588148225744	7.59177703959866
YGL189C	14.7034020512483	14.7437160172689	14.6930500435254	15.2699950879819	15.0987874949529	15.2216502570979
YGL190C	11.1517153468698	11.2398786603015	11.1695468617885	11.3743183776803	11.4589797718396	11.4544272724878
YGL191W	11.0640841050323	10.9056000690097	10.9795327189322	13.1196374303094	12.9832796016072	13.1776925552868
YGL192W	11.8468240750254	11.8023778157631	11.8002198694254	11.422138552182	11.4181757673201	11.4596916958834
YGL193C	9.36664625354487	9.44908237559245	9.45883041833392	9.15907160528924	9.38249936209266	9.32014383545368
YGL194C	9.90201222382277	9.93079710333551	9.91378767997537	9.47614481109562	9.56872585684287	9.59998166560765
YGL194C-A	8.38794874523597	8.42806208618651	8.23892148611828	8.12316375856582	8.06236423517067	8.11649599831623
YGL195W	12.205706797073	12.2578696813276	12.2808756298799	12.5248733187522	12.3617274441846	12.598750312473
YGL196W	11.0075968707575	10.950607150411	10.9292874819183	10.6597531713499	10.5939387656176	10.5140468888518
YGL197W	11.9054153030176	11.8631627130486	11.8761927334691	11.8503780025166	11.68127397967	11.8290664983892
YGL198W	11.6394125378087	11.6324574951743	11.6401505903758	11.7976934511532	11.6309445377251	11.7434087579677
YGL200C	13.0819192327942	13.1377511123867	13.1580891737087	13.329163388491	13.2035311847148	13.3783462228247
YGL201C	11.3647976682791	11.410662733053	11.3958813294978	11.5918961209859	11.4349591132926	11.5056610471976
YGL202W	14.0588749581672	14.0835658435173	13.9908156226883	13.0286562230578	12.9699680687489	13.0236962459353
YGL203C	11.8213007684885	11.8516835327839	11.8864232528366	11.2850671683424	11.3125703566451	11.2716194985543
YGL204C	8.90976885351869	9.00784090086781	8.89204529835388	8.33020352567879	8.24573651749374	8.37156837611837
YGL205W	8.36668596830004	8.37614124759066	8.3615323036113	9.05608481700739	8.72276081566071	8.9888495606924
YGL206C	11.8741621562644	11.8685332367824	11.8141310518633	12.1659131485579	12.0094219343736	12.1703934722538
YGL207W	12.6596865645894	12.7267469799593	12.6513239990826	13.0626959026324	13.0664126212083	13.102841637502
YGL208W	10.7409409374516	10.6613821504293	10.800858298892	10.8268285310472	10.7749413786284	10.7746733362105
YGL209W	11.7106507331441	11.97661765213	12.0808475434718	10.0744070119805	9.97785122940846	9.9895297995
YGL210W	10.9847858501176	11.080087318741	11.0957817411877	11.2678962418734	11.2380230415316	11.3423601716283
YGL211W	11.1915008926808	11.2537976210744	11.2067635167263	11.0671651594221	11.1002272598858	11.1753536870149
YGL212W	9.91815726897332	9.84756495994951	9.90206824794701	9.72831028886253	9.78690592106848	9.69432935083594
YGL213C	11.4404118491003	11.433490083114	11.4900185201797	11.0677666190262	11.0455772168281	11.0137497795745
YGL215W	12.5661663303459	12.5573107909422	12.4982510677562	12.0203326170507	12.0994482005854	12.1775109468114
YGL216W	10.4341122695138	10.3776149531935	10.4424929203828	10.5321961309649	10.5197446729872	10.4970780405011
YGL219C	12.5689574016211	12.54079676731	12.4943545168238	12.4067155970629	12.3830871637819	12.3168217746738
YGL220W	11.0673776991334	10.9600715137102	10.9627094241825	11.0992903790051	10.9296442505617	11.1574663921871
YGL221C	11.8876393505957	11.7708179216061	11.873623727517	11.4188422489148	11.3137417188331	11.4254234376973
YGL222C	8.95032134831238	8.90698723204632	8.96792252402542	9.01922316360189	9.04701761640768	9.03663154686877
YGL223C	11.658755977511	11.6458118760375	11.6142236115869	10.3951338816098	10.4553917415125	10.3822462687904
YGL224C	11.8483565247453	11.8191165696586	11.7214520202489	10.1192007323402	10.1252511980513	10.0341330976384
YGL225W	11.8719036656542	12.0222063741947	12.0838141645051	11.8171398481557	11.8622832199493	11.9315537279713
YGL226C-A	10.7589788180978	10.8111407812433	10.7881821257389	11.2404173011356	11.2017861556083	11.3225917497988
YGL226W	9.74958756499763	9.70020439320938	9.76089645371843	10.1249924140159	9.98375135628933	10.0388312201798
YGL227W	11.0824321241882	11.0252396936674	10.9819201106511	11.8034827240812	11.7624420482564	11.7567762560731
YGL228W	12.0828564359911	12.0146571364412	11.9888877466901	12.1421237599609	12.1787310323972	12.1664638418895
YGL229C	9.90053549020714	9.74031259905357	9.66904448708508	9.70992940325615	9.74061364664433	9.6581422924199
YGL230C	7.77631628804452	7.71089681938753	7.68637776656579	7.75495129865753	7.97599184901021	7.69898852416998
YGL231C	11.554180382429	11.5332345187018	11.5587978097269	11.7587412999297	11.7135814215018	11.7501079897236
YGL232W	10.7491679455341	10.7607637209997	10.6835292722101	10.864701746248	10.8599894972766	10.8217714253791
YGL233W	11.0334249193441	11.0125607378927	11.0847175335466	10.7449564154049	10.8979733514339	10.890954755584
YGL234W	14.0847833018962	14.2155932311436	13.9471946201757	14.1884974125765	14.1804102412382	14.2532361900113
YGL235W	4.58182570310429	4.96045033447019	4.938326897295	5.38574294929138	5.16636817302805	5.07335219469129
YGL236C	9.81061772745843	9.96253881514387	9.91878128582582	10.7107065641589	10.6006727310632	10.6786099769119
YGL237C	10.530816596235	10.5268899451275	10.4355419657634	10.9526476136422	10.847911466391	10.7680871919938
YGL238W	12.1355825933212	12.2055172893613	12.1560637573832	11.910624060559	11.9458718816665	11.9407858029655
YGL240W	8.04649210398377	8.09784329319279	8.06328891172159	7.89210888502408	7.96407256401622	7.98603498067256
YGL241W	11.172051262052	11.2116312524687	11.2350602686112	11.0063439230542	11.0575134315198	11.0389795198262
YGL242C	10.9322833688834	10.8062514773234	10.8399876409926	10.9223728974977	10.7723875107898	10.8822683274296
YGL243W	10.4960413407728	10.5345122616298	10.5353617071436	10.3777756036137	10.3208741536783	10.383477973624
YGL244W	12.1712237921042	12.1868297533863	12.1344086073906	12.3522153683448	12.4527941920324	12.3420629769424
YGL245W	13.7342306910894	13.7606127053187	13.7510915126925	13.6580152881939	13.6321153774378	13.6795560435084
YGL246C	11.1921044884163	11.1924876092566	11.217608779731	10.9829378984967	11.0804055372019	11.0185140893111
YGL247W	9.62097963282501	9.58582242971367	9.49940172327958	9.43383332796861	9.69997232526697	9.5481915278835
YGL248W	12.589491013208	12.4920477882782	12.5339394243623	11.3950756040403	11.4279446929044	11.3811024501138
YGL249W	7.00723536346754	9.71667966657556	6.95490735371501	6.8239568424582	6.75920685350194	6.64022252398276
YGL250W	10.0558636499356	10.0967455941079	10.064082091879	10.0466033298784	10.1968399294652	9.87684294486625
YGL251C	9.92688806543918	9.82563889293361	9.73092454377626	9.7614118673165	9.79363938042047	9.75459875573438
YGL252C	12.1096201278829	12.1163482250272	12.0767584530824	11.8419641916322	11.8113614535538	11.8108730496428
YGL253W	14.035018285118	14.0861612416184	14.0754080019071	14.9044944121117	14.7744834654289	15.0574594094469
YGL254W	9.78363354811868	9.84211461728107	9.81725202474156	10.1727456631859	10.1037402678221	10.137037544401
YGL255W	18.3721720645679	18.3966670182671	18.4869294798155	17.5365745260941	17.5310375666041	17.5151881949251
YGL256W	15.36408780456	15.3561151115201	15.3799690422238	16.3603624016658	16.4496065773183	16.2837110066218
YGL257C	12.813134156003	12.7713305661099	12.8082057118363	12.9057107495514	12.9988381306073	12.8302042580184
YGL258W	16.1636529361826	16.2338549788648	16.6544014409679	11.2824786138605	11.7028924630051	10.976691066659
YGL258W-A	7.94099167610347	7.9069489015957	8.02666660570641	7.3799584824223	7.17869256630845	7.36985468125427
YGL259W	9.15994649901067	9.2349179481994	9.03080292882603	8.48613687845953	8.5819268769063	8.31062047273201
YGL260W	6.64208386310989	6.84620377652255	6.64853904317051	6.45622645704812	6.53230114085168	6.23361572377724
YGL261C	8.04649210398377	7.80947429508229	7.58907709241871	7.20600583522963	7.16828337877507	6.76836812498573
YGL262W	8.23205035987684	8.10241922412262	7.81379500557418	7.92976015652472	8.48531094323151	7.89196853088415
YGL263W	9.35375119774811	9.26374920895502	8.96470529706557	9.12940217558329	9.78859223576984	9.29155142976332
YGR001C	11.4348124863272	11.450152777272	11.3712031248685	11.0605325000385	11.0306948082077	11.0498802786358
YGR002C	10.8993960260975	10.8878578869971	10.873804804289	10.9532987545722	11.0249846875307	10.9124447078964
YGR003W	10.9965820208739	11.0167994503753	10.9226748630974	10.5216978722785	10.571588899889	10.4959396547299
YGR004W	10.3694046133521	10.4339473633543	10.4109464043592	9.6517335429833	9.96895553257989	9.74696214763548
YGR005C	11.3685405069762	11.3676926931603	11.3123455312992	11.3353867069321	11.5007199058633	11.3505702079063
YGR006W	9.20132833526388	9.27996893315517	9.28406186851682	9.14317169763862	9.24675588912561	9.10396455397099
YGR007W	11.8692642834505	11.9130682634782	11.9179338882854	11.6456590108025	11.7769531431753	11.6114072771884
YGR008C	11.580697818655	11.3476421666101	11.299642448567	13.0199804658052	12.8985788084876	12.9812137568348
YGR009C	12.1595438327367	12.2092259230772	12.2157679123013	12.4232597266293	12.3645560673527	12.4067857699798
YGR010W	11.1056846383942	11.1390494022384	11.1001837725868	11.1659722307473	11.146322411837	11.1054226383816
YGR012W	11.3410462543499	11.3086621336466	11.3832940183388	10.8388591686278	10.8703759436085	10.9436736296069
YGR013W	11.019208722158	10.990562711848	11.0149352576143	10.9016060110502	10.9651146024846	10.9030285460281
YGR014W	11.5733034024828	11.6613662641135	11.7558040221752	11.4647756136334	11.2847659342091	11.6150816925865
YGR015C	10.2585049344843	10.1844188715852	10.120072461313	10.1133856997547	10.1763780495876	10.2193564973228
YGR016C-A	6.06015996968549	5.88081552441598	6.04423423892121	5.51544072297736	5.49686667297998	5.64872822323265
YGR016W	8.73507612450402	8.79853750379578	8.77200657722942	8.13701542762217	8.29884844445436	8.19731884699293
YGR017W	11.5866779988818	11.6185799800173	11.4776658256761	11.1860551594833	11.0981893212001	11.0926778198296
YGR018C	9.63525725960254	9.780760560961	9.70031642499013	9.33132868506979	9.33942397352685	9.40994115489696
YGR019W	12.7919882044875	12.7191496038658	12.7395586044944	12.7005474990666	12.7806985205405	12.6198043308493
YGR020C	12.5072412009002	12.4791599741779	12.4749948117213	12.4724648645742	12.3580419232151	12.405573922684
YGR021W	10.6410283523802	10.604581229438	10.7202174505843	11.5421241458483	11.4403317082429	11.4313901340577
YGR023W	10.4269502599775	10.4000417488303	10.3714284075302	10.5049177704008	10.3508556921605	10.5341494735216
YGR024C	11.5709848531484	11.5234796370847	11.5011571895742	11.3907557131782	11.3031650607931	11.4134154961498
YGR025W	7.870126855096	7.88053068445367	7.55511421777588	7.64271087026754	7.6132436100162	7.71479215815903
YGR026W	12.1579999321691	12.0731010853199	12.0443832851674	12.0400821585085	12.0713294923969	11.9120572534575
YGR027C	14.4074457700914	14.4560723613603	14.3604358721052	15.2774238962431	15.1323264851205	15.2454250207551
YGR027W-A	3.71400165851154	3.71400165851154	3.71400165851154	12.6259372854846	12.6608620043238	12.7350005708957
YGR027W-B	15.1792971101461	15.1355396267296	15.2148139738603	13.0833654727593	13.5318784842726	13.3766464796803
YGR028W	11.3218698066239	11.2832511003703	11.367556007603	11.0713701200335	11.081093598171	11.1596246149514
YGR029W	11.674823676122	11.6033602606067	11.5945979446343	10.9454655979949	10.8743509022491	10.8735292764365
YGR030C	9.53221102878059	9.66513554528765	9.54748681936949	10.8161292945148	10.7194534244398	10.7774867902163
YGR031C-A	9.73971065339717	9.72706676494801	9.95650176837307	9.47251445061351	3.71400165851154	9.49675029192562
YGR031W	11.1442488119305	11.0771909694763	11.0133801236507	11.7144894510883	11.9341142934099	11.5918283531592
YGR032W	14.0566395430326	14.1049817258929	14.0803366323432	14.2374316329492	14.1164053664722	14.3376244985256
YGR033C	11.4204607147362	11.4193797297743	11.4617896742854	11.0459545133819	11.0462820876772	11.0017697075129
YGR034W	13.9405669880382	14.0785782417364	13.9815005453593	14.6550509471193	14.5842397499536	14.7199067456609
YGR035C	8.47794204932736	8.33398928423155	8.45169002878022	8.78161824220837	8.42580268020981	8.48622369966409
YGR035W-A	7.42661464687785	7.53209066531374	7.6706137019179	7.47788214080196	7.57449718213762	7.55710359986904
YGR036C	9.65466097598959	9.81871806232231	9.85247549045834	9.78794096688093	9.7919589608561	9.72575052364555
YGR037C	12.4711428249279	12.4361787117882	12.4229404743414	12.602884217715	12.8692028905191	12.7116561938456
YGR038C-A	3.71400165851154	3.71400165851154	3.71400165851154	10.3453991808018	10.7561071633058	10.4578598496703
YGR038C-B	13.596600669808	13.5748523692083	13.6713677861601	12.8249422978044	12.6009550166566	12.669367131046
YGR038W	10.2293945345672	10.2299907369226	10.1669924518953	9.94680249870395	10.0186540410758	9.95845806826525
YGR039W	7.23234602204744	7.13452991104558	7.17312381640086	7.15212714025245	7.39029439026455	7.29803962995039
YGR040W	9.91084101073649	9.91010952794728	9.97259918823735	9.36500817434139	9.3712879359106	9.53494801047974
YGR041W	11.4525537228286	11.42485818606	11.446889432403	10.5674994152963	10.6102384747855	10.5992040652634
YGR042W	11.1024774483483	11.1070324699391	11.1667514979897	11.2552786614917	11.3219147306886	11.2201593721754
YGR043C	11.5499485003944	11.3733705997802	11.3736294240272	12.9242611170573	12.9218099757984	12.8492715299523
YGR044C	12.2158336397018	12.0838185908162	12.0666721806397	12.4889497131553	12.4895370274215	12.4116230052463
YGR045C	7.35031628679285	7.47660618118294	7.32230610982757	7.3799584824223	7.3074968839759	7.2768374009171
YGR046W	11.6574453139449	11.6153891448443	11.6516924144405	12.2857858686492	12.2236672195854	12.2280885241014
YGR047C	11.3669376221631	11.4037434932476	11.4428513942337	11.5075192372102	11.4230684990188	11.4397022655981
YGR048W	11.2390077659225	11.3002414252085	11.3311928527976	11.4366466052172	11.5257018689725	11.4103978283257
YGR049W	10.3874378226826	10.6189925172055	10.9009720805386	10.7029837757634	10.6006727310632	10.8779054196105
YGR050C	9.53221102878059	9.33340098393722	9.51047182851785	9.04390207808783	8.72980487186267	8.84953126619373
YGR052W	8.96170115779915	8.96834254185508	8.92552752865669	9.69754400907255	9.63208968858202	9.69829464509718
YGR053C	9.50331139120484	9.4436935234993	9.53669835393483	9.7894005926051	9.70533877847777	9.78474708809546
YGR054W	11.7278198256571	11.8591216592609	11.9873043118571	12.1492450279002	12.0468843241989	12.1043314607194
YGR055W	14.3068181568605	14.4178350183999	14.4943867221863	12.3800860711554	12.4024846763246	12.3155319168669
YGR056W	11.0468351367114	11.0443482343008	11.0188157737397	11.1347397481574	11.1184403015971	11.1509722829526
YGR057C	10.5943000437817	10.5794192092735	10.5685694477275	10.5417528720631	10.5308681886973	10.4845061095735
YGR058W	10.580534548714	10.5843236542978	10.5999940865036	10.3234039807949	10.3667451306805	10.2972298422867
YGR059W	9.88717639644756	9.8983410153226	9.86460322480792	10.8528855901296	11.0859008577919	10.7886860528739
YGR060W	13.922312555457	14.0293045554998	14.3341272186156	14.7317697259207	14.4791918679934	14.996033738676
YGR061C	13.7238326883174	13.7719412785183	13.6632096278747	13.4880191947585	13.394430056917	13.4848863494507
YGR062C	10.5241200781439	10.4723752302032	10.5622015260646	10.3562722691536	10.365615957339	10.3089455190399
YGR063C	10.2422755504093	10.2932634787016	10.2124340579527	10.4450638348186	10.2650428192684	10.4543476772799
YGR065C	14.3332564203241	14.3528620455651	14.257212295818	13.3901860719632	14.2313507181103	13.5292370033541
YGR066C	10.8792976102528	10.816013569471	10.8426172935309	11.0119803158495	11.4536763053867	10.9107372437659
YGR067C	8.48190188258287	8.56353630859206	8.61253703996152	9.52428044764421	9.43297773052851	9.63557243265752
YGR068C	10.5279504657543	10.6301025967735	10.6082596446796	10.6613481043531	10.6102384747855	10.5670434767344
YGR070W	10.9119084156166	10.9231266868065	10.9465027512639	11.3488109796284	11.3043440816166	11.3730648282537
YGR071C	10.4320696071708	10.4111257281048	10.3531014179501	10.4995779781646	10.5725678679701	10.5550692603723
YGR072W	11.172051262052	11.2726562260426	11.2149050980949	11.4380428982082	11.6158292514217	11.5971462115121
YGR074W	10.4573973029736	10.5378870719926	10.531020609173	10.0969777631255	10.1686293804927	10.114960797491
YGR075C	10.0598380626487	10.0760012936792	10.0520124942894	10.0306478168317	10.0329511659462	9.91652691232339
YGR076C	10.0821551739615	9.99605292717797	9.97579722300281	10.4496862011532	10.3880331620231	10.4741378545437
YGR077C	10.8219531175231	10.7527989925429	10.8294208305066	10.7710441117547	10.6140470810515	10.6430572811738
YGR078C	10.7392898903837	10.6950239316587	10.8026601217803	9.95722902046846	9.93433780809392	9.98466802321487
YGR079W	12.315591965492	12.7857724920278	13.113967230931	13.5340113807829	13.5169548534565	13.6378501450208
YGR080W	11.6902872026586	11.6775198661539	11.7152478033794	11.4914703192622	11.4784347979657	11.475370673373
YGR081C	10.2329189627057	10.4266836502732	10.5024804803548	10.5911218540747	10.5368995995959	10.5778435391336
YGR082W	11.0706637907022	11.1205999915489	11.1104032401588	11.5141539481455	11.4758210219945	11.5039633737249
YGR083C	11.8711500490607	11.9650701027066	11.9479571290746	12.0103555259054	12.0437111079649	12.0456393632587
YGR084C	10.9409281597863	10.9391673365284	10.9407871248208	11.1799483176989	11.1554979659645	11.1180558460953
YGR085C	14.2079978742435	14.3057602922465	14.3130295709766	14.4254390186439	14.3464918032381	14.4557630147896
YGR086C	14.0847833018962	13.9756467269415	13.9919017644156	14.6973008467645	14.5621092738805	14.568140705696
YGR087C	10.7285117751829	10.6126052686685	10.6717469538959	12.1153196852043	12.0115890504052	12.062653592483
YGR088W	10.9264912594581	10.8125346868412	10.7854512498653	12.3465264635679	12.3676611605567	12.3242161602735
YGR089W	12.4261871974476	12.3014563236691	12.4565166604176	11.6528921588956	11.7727003048364	11.7304002933316
YGR090W	11.6958307686871	11.8149500536272	11.7632251734732	11.8085293502805	11.8233364383267	11.9209905164278
YGR091W	10.1827755955581	10.12507094045	10.1655928330398	10.1226785314467	10.1608388577669	10.0135958394588
YGR092W	11.5912613277905	11.6017488045542	11.6208768278252	11.2989656629806	11.2055772909428	11.2749415333585
YGR093W	11.0528293018891	11.0318368431263	11.0510064583814	10.9784666907038	10.9836323806619	11.0113617111464
YGR094W	14.0443242438642	14.0986402623453	14.009267261381	14.0960759855038	14.0321869900492	14.1158674763461
YGR095C	11.4271417973788	11.410662733053	11.433578927659	11.5242682752173	11.5145389583382	11.5529499145429
YGR096W	10.2619590280814	10.0829492650913	10.2259262800793	10.4217271682391	10.3255274558714	10.3050508572129
YGR097W	11.7829501967808	11.7690242434456	11.7802417674631	11.8642928849069	11.7862654899023	11.9412040422596
YGR098C	9.93700763713924	9.98125382995097	10.1401646260141	10.0539082973815	9.99839692787614	9.99114675633707
YGR099W	10.5374821699903	10.6844045913852	10.6971547703852	10.3473822121477	10.4992976812891	10.4295200665794
YGR100W	11.8495047947168	11.8712110199802	11.7975118190883	11.6912585198259	11.6867090474099	11.6645515882883
YGR101W	10.3853279331133	10.2771988615281	10.3157337069291	10.3414249204322	10.4837699557585	10.3847086275806
YGR102C	10.9889602276833	10.8208699532201	10.8487345714195	11.3081574895423	11.1903526023858	11.1349736222653
YGR103W	12.146211978806	12.2260593138954	12.1518293327818	12.3728037182265	12.4265058206415	12.5096292050995
YGR104C	10.4269502599775	10.4294118309725	10.3823138602863	9.97144350804152	10.1010287026756	9.99598677800443
YGR105W	10.3249620579447	10.1994148828198	10.2205445270699	10.1215201966063	10.028676890384	10.1472255118006
YGR106C	12.901960748469	12.8884723286097	12.846482164332	12.398371838179	12.6169377993262	12.4441519884914
YGR108W	12.6733681626446	12.6883535762211	12.7515011226752	11.7392411925233	11.6593266027308	11.8407703811021
YGR109C	9.11988257659083	9.15142106800034	9.1317785464262	8.53921150505916	8.54645166377289	8.72670355604553
YGR109W-A	9.89312905440331	9.87584612352842	9.81725202474156	9.29478896942207	9.28071085892881	9.22162559964184
YGR109W-B	11.5816194614519	11.6418969331274	11.7436626327485	11.5106192332234	11.586569534802	11.5822065284848
YGR110W	9.89015579673176	9.81594040321952	9.83673130840051	9.46887492546745	9.38918460224671	9.59573616774333
YGR111W	11.1738858451714	11.1013414579324	11.0832358734731	11.1261031201731	11.1903526023858	11.0790594418652
YGR112W	10.5422245064586	10.5123814082233	10.4767539614832	10.7710441117547	10.7500625193142	10.7288953991022
YGR113W	11.0765599578605	11.0579278198447	11.0211390827856	10.8866847235299	10.9273502982265	10.8970042825296
YGR116W	12.6766066508956	12.6428508626934	12.6220322434419	12.8265423722278	12.7840829645866	12.8234140102873
YGR117C	11.3350467931438	11.2604517461692	11.2230009889024	10.3143083705619	10.3633549553106	10.4342821991606
YGR118W	14.7759550063613	14.7903967308568	14.7686235804455	14.6515948271373	14.6169896096392	14.7013235257608
YGR119C	12.3927085997186	12.3538515257137	12.3795388380182	12.1384067618534	12.167112823579	12.1477411185077
YGR120C	10.3937490369787	10.3747869264887	10.375066027106	10.0417127149623	10.0983120300459	10.0056183635515
YGR121C	10.8785478199127	10.822946266084	10.9168638515017	11.1915844895096	11.1217879980116	11.132778174763
YGR121W-A	5.13054927052971	5.29358771106086	5.55804051467948	4.92728381411808	5.06610471843126	4.88427127045992
YGR122W	10.6366004522803	10.6644731219598	10.5664499291536	10.8132627115221	10.7569686199146	10.7404767968066
YGR123C	9.794805898246	9.90489093050232	9.96778880002397	10.2908000550722	10.2157628362469	10.3957375178991
YGR124W	13.7223709691046	13.767366614391	13.684007991642	12.9635727593394	12.8529788534312	12.9443436139509
YGR125W	10.9861786518926	10.9893307077355	11.0517642159954	10.6645326896877	10.6552912018217	10.5981435180311
YGR126W	7.71017919978257	7.75813241855981	7.63042642140118	7.62967835838286	7.5427254544308	7.29803962995039
YGR127W	9.82002227059312	9.75488888444758	9.66310473846106	9.4486916264649	9.44372126235776	9.32014383545368
YGR128C	10.9854824190984	11.1143973794144	11.0126019275401	11.1335911808663	11.117099044765	11.1880965769537
YGR129W	9.68585986117275	9.70020439320938	9.69838167268739	9.28240028989258	9.28071085892881	9.22162559964184
YGR130C	12.6577214156533	12.6424590476009	12.5832512332522	13.2551845738893	13.1817245041606	13.168612805345
YGR131W	9.92252927416144	9.99972909468584	9.92871692279174	10.2124551600892	10.1904767196479	10.2371800658285
YGR132C	12.2182061308885	12.1495398642616	12.1138754036485	12.6243027985898	12.5874590720874	12.5652256752981
YGR133W	10.2140217049328	10.1171957551831	10.1753617625872	9.95722902046846	9.75965319974277	9.8467931113096
YGR134W	10.7359821162747	10.7411348606942	10.7287717731126	10.5742882498271	10.5248114526503	10.5440966747347
YGR135W	12.5429316041119	12.442944366476	12.499917801828	12.5056922789713	12.5379511493198	12.4690192322077
YGR136W	12.1468348045564	12.0892913886051	12.1394074598818	11.5447187607806	11.6565595542384	11.6056142206136
YGR138C	13.4135916370962	13.5402526906129	13.4246227763109	11.1197365681158	11.0192518748148	11.1824469621791
YGR140W	10.3139114656625	10.344271184761	10.340752766285	10.3806831951794	10.2107409525592	10.387166790026
YGR141W	11.4854263669177	11.491639211166	11.464637545601	11.2216226852259	11.3154969807114	11.2366091133047
YGR142W	10.9480927884075	10.9544003501994	10.6458835773006	11.6616837054196	11.9241786619609	11.4971526310451
YGR143W	12.521239253055	12.5393243413725	12.523598443378	12.7596251570518	12.7709237825639	12.7650777888873
YGR144W	17.8543717574432	17.745840554619	17.4833293552004	11.7542646130168	11.997444254677	11.6911533532768
YGR145W	11.2112874029643	11.3106363539154	11.2509840805755	11.476600302112	11.477912421487	11.6161298088963
YGR146C	11.4932839462469	11.5412434434614	11.46007824906	11.660488008294	11.7602956993215	11.6931412663057
YGR146C-A	6.16592975899805	6.19761020972178	5.9924991740079	5.27822177686045	5.60050186728381	5.61304035489929
YGR147C	11.5324191521292	11.5370337628144	11.5587978097269	11.5194398346242	11.5372805591531	11.4903095819852
YGR148C	13.8036092924034	13.8632068805505	13.7914596299392	13.8979275393761	13.8331665746672	13.9155807522429
YGR149W	10.4392063057352	10.4065177497596	10.4026537946758	10.2938881729203	10.4035204540932	10.2641779566045
YGR150C	10.7450603065131	10.7708374583541	10.7587827785803	11.1832825266319	11.1423720954068	11.1393545190542
YGR152C	10.841322341474	10.9385291234876	11.0615790143002	11.2462739645003	11.0838425649434	11.2874959553338
YGR153W	8.93596900297326	8.72042691408144	8.81194794702383	8.41597023496429	8.35463508861395	8.36158809370082
YGR154C	11.5866779988818	11.5097969564513	11.3510289076061	9.90836160564871	9.79699435642015	9.68636589895644
YGR155W	15.4122519981261	15.4509852924465	15.3259469625862	13.6001543069757	13.6865919272024	13.6044402509688
YGR156W	10.2282178087976	10.2026081290022	10.0760515224414	9.79085874241829	10.0301030568559	9.92670213537405
YGR157W	11.795317761679	11.7804654347638	11.747876994861	10.8465905724373	10.4962054796073	10.781229546818
YGR158C	10.7920046149105	10.8705640763772	10.9085215886989	10.7695660280046	10.7043484844726	10.7220963936361
YGR159C	13.1941890284345	13.6783374062621	13.8782783658363	15.3886542156173	15.2736332077535	15.325940822099
YGR161C	14.096275846513	14.0558078246289	13.9902228369107	13.9492581256089	13.9987126790999	13.8950026361584
YGR161C-D	12.9527091196279	13.3713157050779	12.8606050356629	11.7144894510883	12.0765142848165	11.9474631250107
YGR161W-C	9.9627079489601	9.81871806232231	9.82259070447809	10.7214494752361	10.416664197506	10.6212973142486
YGR162W	12.5910936870402	12.7585515911553	12.6868778023358	13.1196374303094	13.0717881377548	13.2073783481627
YGR163W	11.1975255153722	11.1583625075916	11.1709425150667	10.5869318339779	10.689986115634	10.564873726839
YGR164W	5.48931441215219	5.42926000705122	5.00057216924608	5.07269176692516	5.16636817302805	4.95130205876627
YGR165W	10.866497868184	10.8139272468297	10.8772288258325	10.9382476467295	10.9576404168415	10.8416229406555
YGR166W	10.5832981768129	10.6714036863078	10.6971547703852	10.5469390757231	10.6035491206714	10.5853557565483
YGR167W	12.214942948663	12.1315046820655	12.1098789920382	12.3400683984536	12.2998263186639	12.3219697044692
YGR168C	10.3768573764012	10.2721417530625	10.1655928330398	10.3932154675789	10.3599567930426	10.3371895059158
YGR169C	9.4718329276634	9.51907287878734	9.47700320420512	9.92439264144711	9.80867568397344	9.82701003071867
YGR169C-A	10.5365318288857	10.5268899451275	10.5201103606566	11.0379961590021	10.9902410155496	11.027995762758
YGR170W	11.4918139064102	11.4842241765091	11.4708831433679	11.2302449033992	11.2447940422515	11.2160174606361
YGR171C	10.2836449383441	10.303213758435	10.3232850965039	10.5075802720672	10.4670207116909	10.4799071945494
YGR172C	10.9162987684645	11.0425675224763	11.0219126883789	10.496007103172	10.4722757728382	10.6066061432165
YGR173W	10.7880173271422	10.904946827739	10.8178854240978	11.1179953482392	11.163966181414	11.087397049714
YGR174C	9.50331139120484	9.3546142251141	9.42412642109662	11.4235489511812	11.2386399019655	11.3593598428722
YGR174W-A	6.20601616596216	6.04860577684161	6.01861841375629	8.29358746284132	8.10638916088229	8.02453486806145
YGR175C	14.2132107894972	14.306687883324	14.5136958122935	14.9074793728119	14.5893872858889	15.1822988340621
YGR177C	10.7597933868524	10.7921900256471	10.80175949166	10.4226679200711	10.0569356646992	10.652283427039
YGR178C	12.9355100312009	12.915802888511	12.8990080296027	13.1417993165906	13.127969724794	13.0663061319141
YGR179C	10.4813005138353	10.4221251843251	10.5386089784921	10.276300767846	10.2662535018624	10.1730973984524
YGR180C	14.7442045491058	14.7978048592877	14.7379379771097	15.6807524220905	15.6131177235744	15.7669071940077
YGR181W	10.0317843918773	10.0215914684981	10.1157303391452	10.6388569515754	10.475419644413	10.5767671644088
YGR183C	10.3947982265153	10.2802246376688	10.1822992807596	12.1743151777299	11.9919668060453	12.2696446115338
YGR184C	11.7456095723353	11.7826005932509	11.8212588732094	12.1810017462632	12.0535605028378	12.1905864140391
YGR185C	13.1244381417716	13.0941481147203	13.0632019373439	12.4234947022069	12.2807858341132	12.3578131899141
YGR186W	12.5113581676349	12.473884353117	12.4545125157754	12.6574451509745	12.6460587319815	12.6234574005977
YGR187C	11.4971967448106	11.5003142650898	11.4759731423905	11.4842797534743	11.5532369959649	11.6019155812218
YGR188C	9.91230723469809	9.88117069328546	9.76829309641334	9.90836160564871	9.81530848887165	9.81610376729031
YGR189C	13.5392865436038	13.5351962126976	13.5829225519211	13.4027544323038	13.3796849562511	13.5238020675759
YGR191W	12.4279818322833	12.5063295370275	12.6560656077005	12.1981332917874	12.2867630247587	12.2549161520069
YGR192C	18.3427196052227	18.2649282648515	18.4393620670051	18.4942130361421	18.40230500285	18.5181127530015
YGR193C	12.1794656195679	12.1143717891062	12.1124234436429	11.9219780421379	11.7900578283497	11.8389759523991
YGR194C	10.8860282436533	10.7549755561325	10.6981231131067	10.9643234176698	10.9227514209986	10.8708972040818
YGR195W	10.8405525454083	10.9321314152836	10.9201872953201	10.8853205583106	10.8655914899643	10.8380338345464
YGR196C	11.8063980598287	11.8205027385632	11.7427244335828	11.7856791977247	11.8113614535538	11.7529695931358
YGR197C	10.1754678017851	10.1736111662861	10.064082091879	10.4789236709519	10.6672546579363	10.6285871693986
YGR198W	11.6447137954592	11.6798128288436	11.6877252474117	11.2778074786706	11.4354972740618	11.2709541726126
YGR199W	11.2798984103812	11.2471126611831	11.2503240858995	10.6716724048976	10.7561071633058	10.7709135080973
YGR200C	11.4819751720953	11.5437633681079	11.4776658256761	11.7867755464138	11.7997043097714	11.8590357238861
YGR201C	11.6175612598117	11.4977172219493	11.5400190405223	13.8833103663777	14.0874206396111	13.9080052955919
YGR202C	12.7039499911563	12.7062727543164	12.6753694795497	12.141838176785	12.0187893494725	11.9848636277534
YGR203W	10.5582328163565	10.5003226463021	10.4868755744676	10.1410864776963	10.0414619016399	10.0167745153474
YGR204C-A	6.37307027449753	6.43932663499021	6.18841586050402	6.09725055870386	6.24060176025493	5.81349360616815
YGR204W	15.6781284957066	15.7244270184647	15.7110731086422	14.3493817773782	14.2331316425258	14.3788862890894
YGR205W	9.79798216422651	9.69869726483608	9.66706728823333	9.73135111925439	9.56282500337883	9.61054104016911
YGR206W	9.74794610386491	9.65429089318211	9.76459951750728	9.8409867587775	9.81696193425965	9.83963062482831
YGR207C	12.0439312829118	11.9725709292589	11.9745738754509	11.94343857751	11.8698683443008	11.9599004086634
YGR208W	11.1548150334305	11.2624930097515	11.2033575830825	11.4150657994049	11.3575630617435	11.3693399985542
YGR209C	13.0439721259497	12.8937495785248	12.9048910098185	13.6039949067866	13.6860266912494	13.5392172545959
YGR210C	11.6726627948345	11.7055481814065	11.6959888168001	11.7761424454826	11.6625481324018	11.7289476410729
YGR211W	11.3572827322948	11.4069766021453	11.4172073046076	12.1372611407709	12.1412845431738	12.1306070259258
YGR212W	9.78843230095958	9.76788274242085	9.83673130840051	9.36108648029393	9.62644303420336	9.36074581704779
YGR213C	8.69812340254569	8.6843029034939	8.65309132722185	8.22177108584757	8.33627897903581	8.11054512936306
YGR214W	14.2447535154324	14.3483646209427	14.2583615573522	14.7201482087966	14.7076639576156	14.8004887263811
YGR215W	10.2971751957397	10.3111248535975	10.2721792712749	10.8995803554778	10.8438628787008	10.8926857821151
YGR216C	10.2258614732783	10.2782081590062	10.1501067128459	9.92969696309995	10.0708600951477	10.1134769295561
YGR217W	10.2904259320892	10.3624676643983	10.2877020417022	10.4977936456528	10.4372332382373	10.5746120023977
YGR218W	12.6718543766867	12.6582430538534	12.6296648990718	12.4516479372345	12.5149659559229	12.5053930198927
YGR220C	10.9502352565025	10.9619569578992	10.9683390165473	11.4729722486408	11.3851264905082	11.4236286059066
YGR221C	10.5374821699903	10.3365402969466	10.4097646607056	10.8232709288605	10.7123649157598	10.8452031391073
YGR222W	10.4862308796022	10.4212117598672	10.4273899555289	10.6533557459425	10.5578131240229	10.7538719468958
YGR223C	11.194516349037	11.0927626216029	11.1384958406628	10.9842128451511	11.2150117688521	11.1993298605221
YGR224W	10.2199537376941	10.1659972958158	10.2485773187045	10.0107648075224	9.98080431005077	10.0262687232274
YGR225W	9.34726015377069	9.25146350331812	9.22345099245066	9.55550061716376	9.81530848887165	9.36574158978283
YGR227C-A	5.61960405563751	5.32900622560061	5.2664625863053	5.45233679485185	5.25826062513554	4.95130205876627
YGR227W	9.9697663901523	10.0455005289203	9.99641336184099	9.52428044764421	9.67466137012132	9.46451524088273
YGR229C	12.3027945067423	12.5272783157764	12.6746317795167	12.7575763450295	12.6306320821482	12.8499399100599
YGR230W	9.6961112637423	9.61328121392355	9.47248143779533	9.90297808079932	9.74409413410639	9.77539326467346
YGR231C	12.1864494876084	12.0693164935483	12.1465187642657	12.6882795736195	12.5990347370466	12.5719932153813
YGR232W	11.1417513544192	11.0626213486879	11.0869371742049	11.2720776966788	11.2043146858432	11.2194698788893
YGR233C	10.8459325111488	10.9095133167811	10.8891493018465	11.1261031201731	11.2942915556737	11.2318306174013
YGR234W	11.8972951705054	12.0555503045258	12.014377924423	11.6436433502021	11.3773048168	11.8961818337352
YGR235C	11.358358694303	11.3326621387651	11.2983659663671	11.5203189357929	11.5196237189936	11.5039633737249
YGR236C	6.53756232314188	6.57968695803384	6.71229187962271	10.5623867391508	10.1930253733094	10.4555193518569
YGR237C	11.7992847875161	11.774398601422	11.7224041513908	11.6512879238052	11.6657624842057	11.6441448865924
YGR238C	10.3489793994325	10.4221251843251	10.2312880270854	10.2721312018244	10.2565394671346	10.2179762872072
YGR239C	11.7664285360404	11.8180760682251	11.8607096253042	11.2047690485877	11.1204498515442	11.2049138699093
YGR240C	14.3970125823457	14.397662139743	14.3941368794853	14.5825170965081	14.516294444882	14.5948356685937
YGR240C-A	7.70339430157972	7.58550005164241	7.64663706986025	7.33238915660631	7.25932808382513	6.78359163052871
YGR241C	11.0686930341497	11.0234352226425	11.0593199804802	11.2259402359891	11.2074691290125	11.1753536870149
YGR243W	10.3853279331133	10.0383693360253	10.120072461313	12.8048803684177	12.5603291667989	12.7236187441899
YGR244C	12.3244280612236	12.2571021057508	12.3561119612475	13.6662793058937	13.5835351243587	13.6506935911135
YGR245C	11.201128249008	11.3581795708733	11.3405249730182	11.5338769434983	11.5236786630442	11.6645515882883
YGR246C	11.2249192472641	11.2537976210744	11.3142413826455	11.1710192344054	11.1410529157588	11.1538621635013
YGR247W	9.8585608013547	9.7092142328821	9.77931740684553	9.47433077355	9.38918460224671	9.2650568088106
YGR248W	9.794805898246	9.53605220331212	9.3397459050269	10.2938881729203	10.0873938773951	10.1355762280046
YGR249W	7.01828268415304	6.80136919780771	6.95490735371501	6.57156505813382	6.8666788134749	6.78359163052871
YGR250C	11.7708797816576	11.7495090713503	11.7706083449397	11.8649851183528	11.8670784625061	12.0022046404858
YGR251W	10.1207150952363	10.291265159103	10.2001821961887	9.5365020829816	9.6909836148458	9.67835822341062
YGR252W	11.5001243949733	11.388403330567	11.3875020036163	11.2902303845343	11.2478612952838	11.3309147374938
YGR253C	12.7454571571423	12.6270946590404	12.6849254106053	12.6121909267604	12.5963901721822	12.6056266276949
YGR254W	18.2966278813389	18.2553512899146	18.4045735377194	17.8271720844059	17.9476647522673	17.7706252824687
YGR255C	12.058568820664	12.140134204627	12.1641451616886	12.2347466846762	12.2026392281229	12.1760902582742
YGR256W	10.8867741569947	10.7167755434752	10.7363332612628	12.7295337540844	12.6640800714712	12.6415852732205
YGR257C	11.4650937717604	11.4719274788631	11.5231797950453	11.4720638078334	11.4584503016921	11.3631104969176
YGR258C	11.776525212099	11.680957944962	11.7655364761259	11.5843497745954	11.5841446737759	11.6029733032946
YGR260W	16.4630576094236	16.4108117263942	16.3447429008709	15.6225868514572	15.6888738326867	15.5741189454312
YGR261C	11.5663365456369	11.5744858432526	11.5545270196733	11.2621268797368	11.2484739640816	11.2835431916074
YGR262C	11.0381326887642	11.0591026344542	11.1212729241152	11.0665634489462	11.0399258167705	11.1335103619032
YGR263C	10.0677541815325	10.0323996214466	10.0229357777783	9.85917072278398	9.96150030620838	9.92839104799631
YGR264C	12.90748425048	13.0073493108059	12.9616317357686	12.7540306202325	12.737272690569	12.8209162233283
YGR266W	10.0072962775154	9.80897275789652	9.79207347895191	9.21446653129363	9.10503258336732	9.12474530535224
YGR267C	13.2432101959814	13.1916367084545	13.1181332023185	11.8890063774733	11.8789972965362	11.9218384254573
YGR268C	10.6142547490069	10.6205849200038	10.6134016703495	10.4151246695744	10.4691250341069	10.3346446025696
YGR270W	12.4503545535272	12.3879093338864	12.3996182645914	12.4234947022069	12.4153638944673	12.4573703748879
YGR271C-A	10.4940845791292	10.6371998683287	10.5706858565391	10.7695660280046	10.8218019649799	10.8770312523713
YGR271W	11.1197121773031	11.1817414464772	11.1555155593783	11.1284112814042	11.0927407009011	11.1753536870149
YGR273C	6.52196702532489	6.81271275110769	6.59873567177826	7.74894131514607	8.22093033730139	7.72262902378173
YGR274C	11.3080145786255	11.2158511153039	11.2588805541918	11.5931500165064	11.5812294501914	11.6615089243947
YGR275W	10.4584012186649	10.3700611921064	10.4756249411254	10.6921019370934	10.6054635322049	10.6492145970619
YGR276C	11.4183987565554	11.3818457773269	11.4142641487458	11.5299538568621	11.600073946346	11.4444306403045
YGR277C	11.0587986634042	11.0514491817245	11.0456909807939	11.0593232787489	11.1613658671553	11.070673365591
YGR278W	10.4872149337126	10.4864166220457	10.5233921086275	10.3153218309645	10.3162057908556	10.1999123218045
YGR279C	13.6939935784282	13.8174281334965	13.77652526587	13.8315713573743	13.781717530968	13.8984527701546
YGR280C	11.7005048974303	11.9394629647214	11.8817432686471	12.1030494334265	12.0905917083233	12.0942123900314
YGR281W	11.5546498261671	11.6149897937613	11.5825882344164	11.8974893806761	11.7841543196328	11.8049104327241
YGR282C	15.333946917316	15.3383840576503	15.3408256444704	16.416952815121	16.4016993283395	16.3727358932535
YGR283C	10.4970187270786	10.578600178124	10.6010298751075	10.4524525275829	10.3935834463098	10.4890904086483
YGR284C	12.0142029841755	12.0076767740646	12.000315966828	11.8642928849069	11.8923873297517	11.8879611942868
YGR285C	13.7217440643625	13.7161570807608	13.6885217459086	13.8604090217266	13.8622774155426	13.8730311414775
YGR286C	13.4137210234679	13.4466327569645	13.3641408869647	13.9603940937281	14.5414474884604	14.1331763320656
YGR287C	9.70629030030117	9.52248477811802	9.58985110804144	10.0910722526319	10.0414619016399	9.97652846369129
YGR288W	10.6982374294246	10.5826906913798	10.4699665457298	9.50486322352449	9.65815224747381	9.59573616774333
YGR289C	10.2387739390259	10.3012291862769	10.306873493258	11.2746849645637	11.1704465345676	11.1979304743648
YGR292W	8.31433474872385	8.08402735879686	8.19561156586195	12.1678780033374	12.169702745634	12.2229378300106
YGR294W	7.7633309773391	7.70488126215406	7.56368091074249	8.99664485286162	8.61654871253812	8.91236044189666
YGR295C	13.3343362448646	13.2345117189169	13.246126114768	12.0483335835435	12.3889338514852	12.0448612009643
YGR296W	10.959482690828	11.0916149124539	10.9969491926802	12.0701094037903	11.6574824935611	12.2679784756735
YHL001W	13.1872426578666	13.2827011070804	13.2782072777723	13.3737425823965	13.2558102967499	13.3840488883846
YHL002W	11.9862872030416	12.0276174681807	12.0007084332504	11.7017587564752	11.6979667633229	11.665564385204
YHL003C	11.8255861343132	11.8187698192242	11.7380242637978	11.3801411998076	11.4721537614191	11.3245167056576
YHL004W	11.3410462543499	11.3686405641775	11.4201444682594	11.6516891498515	11.5812294501914	11.5976769207897
YHL005C	7.35031628679285	7.22173640287364	7.1390104334378	7.07694873976695	7.34489128671058	6.95446331826267
YHL006C	8.54760343797322	8.4675817143444	8.43782493190085	8.98649534532682	8.86069580864937	9.00495359813193
YHL007C	12.0935569562363	12.0484697686392	12.1124234436429	12.3215279229156	12.2385458030908	12.3618802347442
YHL008C	10.5666364239966	10.7549755561325	10.5875062608436	10.8674680084773	10.911189673367	10.937817074686
YHL009C	9.77398786836781	9.87584612352842	9.68085108245311	9.77178681147957	9.87684370190587	9.85924249593433
YHL009W-A	8.58120910271108	8.84562989902715	8.53218663846374	8.3580517068884	8.28455688830181	8.58814135505805
YHL009W-B	10.6294874188948	10.3238885531316	10.5547365789057	10.4236080587459	10.7344018349682	9.91141225173122
YHL010C	9.6334802686397	9.53942420442105	9.65714042112163	9.75694251023098	9.7071231672155	9.66423688692475
YHL011C	11.6622452700292	11.8156453091448	11.8292358010922	12.1616937126047	12.1303570765924	12.2011018294606
YHL012W	9.61017786180048	9.56280994688701	9.63707928151853	9.61433702348203	9.82191092606285	9.68636589895644
YHL013C	10.5422245064586	10.5479643858207	10.589595087141	10.9610896066717	10.8877844155073	10.9150021206647
YHL014C	10.1446137179216	10.14512614923	10.1401646260141	10.3344435061609	10.3835775061282	10.2893661882121
YHL015W	14.6540923870526	14.7669531302443	14.612399253099	15.0568033313461	15.0454506344972	15.0467621594409
YHL015W-A	5.65014794869771	5.6619623197268	5.82387347636411	5.24003552433906	5.56691464568161	5.12944642104125
YHL016C	11.3605082138302	11.3042102350343	11.2250178824079	9.63559322340003	9.76308808955517	9.63763889883495
YHL017W	10.9931225607004	11.0240369638131	10.9890586708323	10.5936300365456	10.6432276960321	10.5885633405433
YHL018W	7.14453069201585	7.09808842207088	7.06821730502921	7.13370308070513	6.62754076445848	6.98103020290246
YHL019C	10.9917364503537	11.0508587693136	11.0126019275401	10.8873663226817	10.7926929645814	10.8226797183163
YHL020C	11.8498873483628	11.8671924789929	11.8753369063554	12.151800103486	11.8266224646667	12.0347067088954
YHL021C	11.9744065773962	11.8675277852759	11.6376292323868	11.5985710051847	11.6579437418965	11.504529486889
YHL022C	8.05715934553513	8.04652145382156	7.95049349021393	8.1733132175513	8.23090424626351	7.87098292403724
YHL023C	11.3180037371909	11.3747865915426	11.3626787973819	11.0731685006468	11.0462820876772	11.0760155971001
YHL024W	10.3565381700149	10.2670668514147	10.2838369824293	10.1016848231144	10.2759025520674	10.1773646175502
YHL025W	11.5912613277905	11.606577782678	11.6456821151501	12.1312316591611	11.9750384362545	12.0908235322157
YHL026C	10.235263806072	10.295259033593	10.4026537946758	10.5683497689745	10.3232026812764	10.4718236418521
YHL027W	13.4532816052003	13.4963717570919	13.5413086556288	12.9202703886033	12.918926455442	12.8552758325932
YHL028W	13.1907200238857	13.1613262542682	13.2131459753088	11.0144783277673	10.9173674682432	11.0782990825693
YHL029C	11.5020728662261	11.6462027866383	11.6436731047275	11.1959927448896	11.1613658671553	11.2555663698086
YHL030W	10.7467047659828	10.7506191398744	10.7532030679786	10.6493428991966	10.6035491206714	10.5594350303173
YHL031C	10.9235864602685	10.9353338160735	10.9771413696402	11.5084056302999	11.4252377313571	11.3970445832277
YHL032C	11.9309521562412	11.9305043297735	11.9861155941647	13.5005466461841	13.3873545245959	13.4048184409836
YHL033C	13.7775041951517	13.9464245194263	13.8997956657698	13.6182297978058	13.5877776773309	13.6596164533228
YHL034C	13.7051367652315	13.5946335138463	13.6778858000576	13.9404184116933	13.8866860822076	13.8831883113807
YHL035C	12.1296083535261	12.0508338105819	12.2127220952807	11.303058151411	11.3845692037339	11.2656204897087
YHL036W	12.9100546654521	12.8785251518852	12.5246904648415	10.1387982916905	10.3462835163746	10.0804395262962
YHL037C	5.7654419585004	5.36337932324628	5.66437617449477	5.07269176692516	5.01219833709859	4.55252894231702
YHL038C	10.7548990604349	10.7093119797427	10.7192638313544	10.0587578011404	10.0819036495834	9.94183161487668
YHL039W	11.3080145786255	11.3243807614167	11.3380423043546	11.3478208616796	11.4154503956882	11.3474180286562
YHL040C	12.8556617112902	12.7841749543562	12.9850272784168	10.6605508582849	11.0490981319962	10.6430572811738
YHL042W	8.86198068050206	8.94817972325556	8.93213159268861	8.0997765846707	8.3408900203359	8.21959993747472
YHL043W	9.49746129367935	9.42010622295608	9.483759373354	8.97627383176499	9.02714835981282	8.88128838253843
YHL044W	10.8964360946952	10.8712330707668	10.7909078415383	9.78647986225366	9.94496187612665	9.81792721542573
YHL045W	7.21329551028506	7.10728703041537	7.18431507462614	6.37891875051011	6.77309969567937	6.44221796614192
YHL046C	8.2737812267264	7.7639287966426	8.06930282405575	9.11083573475573	8.1385442111023	8.64270714933291
YHL047C	14.1648337437908	14.0964248762267	14.2446753122869	10.6517519465785	10.8398028964466	10.5385789225503
YHL048C-A	5.61960405563751	5.39677652051554	5.88252785652735	5.68741826276437	5.84118490667408	5.75011312427809
YHL048W	12.3982118224151	12.3612516316836	12.3740963970581	11.6838233818948	11.7790748701717	11.6129831727512
YHL049C	11.5324191521292	11.4877183526617	11.4872203629008	11.8995179006257	11.6295341882099	11.8875272287269
YHL050C	10.6802794564092	10.5940828007439	10.803560189955	11.2757265537386	11.0134961889692	11.3083963718017
YHR001W	11.1781574877932	11.1583625075916	11.0906290026857	11.0845064758839	11.1083503462664	11.0200987023463
YHR001W-A	9.17468790852208	8.99069345231293	9.12314813103613	12.4354279906241	12.2064280374533	12.5554243052841
YHR002W	10.0769350715317	9.98743858601098	9.99010126537099	10.2731747238679	10.2686718226705	10.228981163117
YHR003C	11.2934625752245	11.2982529182725	11.3230558944217	11.0441218630227	11.0156572631915	11.0319281404501
YHR004C	12.2660016850174	12.2200323990548	12.2215036362612	12.2068964190718	12.3532081455708	12.0760457915179
YHR005C	12.0867567234636	12.109844027701	12.1658960144188	11.3061199167848	11.4371105528797	11.3705826773652
YHR005C-A	11.4337920812785	11.3056957282614	11.4083597622382	12.1782194413653	12.0629948705823	12.1764455615901
YHR006W	12.866478742634	12.819438549422	12.7924248513734	12.600600083459	12.5476909371586	12.5565166405445
YHR007C	14.1092762248448	14.1614498480076	14.3130295709766	14.3759109684247	14.0854503166571	14.6284661193598
YHR007C-A	7.05091593309577	7.03196829492682	7.15047296341817	6.34673526761984	6.31954733288815	6.58896181520975
YHR008C	11.5088718655633	11.3719532168013	11.3796773786616	14.0619186075209	13.9668650080106	13.9490305453326
YHR009C	11.9751081526524	11.9920770351379	12.0275339773905	12.4105138736263	12.4485347990522	12.3854300615206
YHR010W	14.0940169455741	14.2062785433791	14.1322153339786	14.3365247859634	14.3047608184274	14.4044389692825
YHR011W	9.4837180391336	9.44008973219473	9.58985110804144	9.26781095480928	9.38249936209266	9.30981209876924
YHR012W	11.1951186846653	11.1528708104533	11.1576289747194	10.850091195332	10.911963346117	10.9107372437659
YHR013C	10.4523672170735	10.4653029426715	10.589595087141	10.3020909757382	10.2601899010943	10.2412621059896
YHR014W	8.37522883847551	8.27444237278789	8.26534205942674	7.51382503562444	7.41685770634833	7.38972526919561
YHR015W	9.76427723510668	9.75633844193625	9.70031642499013	10.1637708695699	10.2902561664372	10.1384973817157
YHR016C	11.9360057275843	11.8618169524449	11.7784117825216	11.9179809501005	11.8163286810484	11.7501079897236
YHR017W	10.7727643167443	10.8215623896194	10.7972478872524	10.5155384167051	10.4785566787058	10.3760719184232
YHR018C	16.5978735766788	16.5832536553439	16.4588973714387	13.7090258898819	13.627530493685	13.6615213364051
YHR019C	13.9958865707547	14.0735006746125	14.0422401153639	13.7317846585149	13.7327509529263	13.7555980682449
YHR020W	13.3927389095676	13.4563620776932	13.3808204749521	12.8621693864753	12.8234722085525	12.8985600252798
YHR021C	13.3987650024294	13.5044794239552	13.3848852482204	14.1318179700379	14.0511853380308	14.1675407374764
YHR021W-A	8.55889273861137	8.49565639371018	8.46542277400169	9.91104585058153	9.63584187719001	9.80327466048007
YHR022C	9.70966740720457	9.55949225995506	9.65913126931148	10.8605423812181	10.4992976812891	10.8487744740119
YHR022C-A	5.22053425720461	5.39677652051554	4.938326897295	5.24003552433906	5.06610471843126	4.95130205876627
YHR023W	10.9330057500935	10.8997102209924	10.8942280764157	10.8853205583106	10.7413831374855	10.9436736296069
YHR024C	11.5898878574173	11.5969036080311	11.6188329504908	11.3045898463719	11.2823746684986	11.2749415333585
YHR025W	12.3819033303078	12.4216383901901	12.3915601433018	11.8597852530441	11.8392855868816	11.8461403141135
YHR026W	12.6445515665122	12.6619206039238	12.6716772014415	12.3627913442731	12.3925413911802	12.3994993697658
YHR027C	12.9535993123564	12.9216272780277	12.9201169205353	13.4181650736702	13.4411357295974	13.4126813845158
YHR028C	12.3053073060362	12.3177437844971	12.3379004980463	12.0841488976333	12.1256960586697	12.0425241925029
YHR029C	12.6458739746874	12.7051475775837	12.5988889557365	10.426424803808	10.4144818740595	10.442578286559
YHR030C	12.361389161407	12.316761882844	12.2911795246375	12.1868271787447	12.1625692419144	12.1682513645298
YHR031C	10.7334962985865	10.7858173764341	10.8461160566962	10.7524583086481	10.6450901992212	10.8425188236327
YHR032W	11.6868651591576	11.6950068118462	11.6882126522262	11.5885470616808	11.4996909871116	11.4937351639575
YHR033W	10.5786891840434	10.5003226463021	10.5233921086275	15.0218470097342	14.7361737066982	14.9169629223519
YHR034C	9.9851744215398	9.93720158132556	9.86976976550643	10.4217271682391	10.3243655369429	10.3128296930015
YHR035W	9.21802848486837	9.0837305606403	9.08514061805157	8.54959550944978	8.60510038028344	8.57955994309651
YHR036W	10.3381119763533	10.4009686738308	10.3689982212877	10.066001619147	10.1866452750192	10.1602194647565
YHR037W	12.267147875824	12.1905866761555	12.1925942209788	12.0850404136954	12.1573589944565	12.0405737893721
YHR038W	9.70966740720457	9.71220504593956	9.70031642499013	10.4816345422874	10.4628028346943	10.4706651417007
YHR039C	12.0073602565324	12.0602514291324	12.1829428516139	12.4685987349035	12.3080781559167	12.5400441285465
YHR039C-A	13.7585787446561	13.7029716104205	13.7196094822424	13.5083214204124	13.3514467909745	13.4569338444102
YHR040W	10.8141320160234	10.7801290682481	10.8338330786404	11.3112084627661	11.2460217261598	11.3018974601553
YHR041C	10.447319528849	10.4465715045927	10.4401796552837	10.8535833438531	10.5676663700437	10.8053235907411
YHR042W	13.3243225226211	13.3685940148799	13.4050390817969	13.329790331093	13.1139179941249	13.2909702120632
YHR043C	11.2713555824189	11.2403965793745	11.2236736000968	12.5476882820665	12.2690585984319	12.5428026416895
YHR044C	10.3027755572542	10.1583430190115	10.3270460176079	10.6299242985359	10.62068804056	10.7433576758983
YHR045W	11.8345055202422	11.8983754820784	11.889817367233	11.6739815577532	11.5507554069486	11.7197133858223
YHR046C	11.1442488119305	11.1692835795526	11.1219946659437	11.1376071719525	11.163966181414	11.140083376822
YHR047C	11.5797755866832	11.5654202789672	11.5253636776466	11.2964019495493	11.1110479089296	11.2236019041103
YHR048W	11.2142618245468	11.2036855843749	11.2162575723055	10.9506924255363	10.9769933312966	10.9953394212351
YHR049W	13.0780058543223	13.2194858008825	13.2656889061694	14.0635779777394	14.0208460345908	14.0165700097029
YHR050W	11.6455954475616	11.6733066122789	11.7070941275671	11.6200535244097	11.689870073229	11.698593944836
YHR050W-A	7.203673574767	6.96260380221507	6.78810123125276	8.09505309836607	8.04550053790314	8.23608694252829
YHR051W	10.6006792609968	10.5132389031072	10.4597251598683	12.3490026573219	12.1991573900715	12.4128297840809
YHR052C-B	15.1582538538181	15.1573005550729	15.052614718613	15.0838514963952	15.1586399622311	15.1197518036671
YHR052W	11.2883909473722	11.4307697965351	11.5464850502675	11.8405571066627	11.8706644634323	11.9094946993515
YHR053C	15.4622104708542	15.3625523702902	15.4241625435805	15.3809312369265	15.4103553746075	15.4223368854182
YHR054C	3.71400165851154	3.71400165851154	3.71400165851154	10.8146967150686	11.3671856605622	10.9132976826797
YHR056C	12.5958910536956	12.5752810433244	12.5666471289549	12.8099220657436	12.789355314626	12.7875801321388
YHR057C	11.3295710016439	11.2665668922757	11.341144973175	11.5964884195312	11.5851151073395	11.5676523853849
YHR058C	10.7548990604349	10.7418666385977	10.7476016911804	10.6944406801385	10.7732393025438	10.6925892807962
YHR059W	10.1545590197953	10.2711282001902	10.1669924518953	10.6589550430601	10.6310624527967	10.6233838919333
YHR060W	10.4931052019907	10.4465715045927	10.4343802097889	10.6485389885229	10.6863730681094	10.7471899200367
YHR061C	9.95845624260485	10.0956009272055	10.0967619372829	9.45790089606801	9.32089468631001	9.49218917665526
YHR062C	10.165666121216	10.2599318570137	10.2110778680628	9.74194381067985	9.7071231672155	9.78288117097247
YHR063C	11.6451546888615	11.716757680422	11.7238311709004	10.6509493777262	10.7535197024778	10.6604351980457
YHR064C	13.7069328322145	13.7652987749411	13.7566790639202	13.9865522308102	13.97651183508	14.013987916921
YHR065C	11.4967082249688	11.5319658773053	11.5773352744355	11.6347408327324	11.6542496193853	11.7015594694697
YHR066W	11.1902929430351	11.4362052498539	11.3946872586408	11.6097653102445	11.5962284250833	11.7615205030533
YHR067W	9.83246701071471	9.79916114809977	9.74786032814672	9.26361530600324	9.08869383689039	9.14813350313629
YHR068W	12.9784792316094	13.0794606674971	13.0475223885677	12.6259372854846	12.7610823649884	12.7087114067028
YHR069C	11.6596290921585	11.7436757343813	11.7659982926308	11.5334415714453	11.5402858654322	11.6177005569639
YHR070W	11.0408159608683	11.0532189704978	10.9779389266112	10.7245042405456	10.6663379064277	10.6665189367234
YHR071W	14.1150167795679	14.1630897244698	14.0193740695778	12.8210235174766	13.0764537751589	12.7352417644985
YHR072W	12.2411357215207	12.2887433959319	12.3518113541394	12.1656322364378	11.9731863697868	12.2719739737872
YHR072W-A	11.3934226037717	11.4411698219494	11.3899010672041	11.9886047163239	11.8892478962285	12.0268466332193
YHR073W	12.4698989627128	12.4800373717875	12.4940757886293	12.3921422282567	12.4273177149525	12.4281283778392
YHR074W	12.0087314009909	12.0499477487595	12.0443832851674	11.8573522203035	11.7769531431753	11.8277099200169
YHR075C	11.2951491634103	11.1752551138248	11.2182839091406	11.2254012482818	11.2685474338754	11.0851279314657
YHR076W	11.1579080740301	11.1935578358859	11.1377823094914	11.0447330051999	11.0714307514567	11.0683777677114
YHR077C	12.0111277725067	11.9905385302883	11.9373354144964	12.2906888222479	12.2992350916912	12.3665587759797
YHR078W	11.1708269092041	11.1534209218849	11.0713274875144	10.6307386475256	10.6773006579761	10.6512612089566
YHR079C	11.0953964308163	11.1273361997771	11.0854577933031	11.0987019227073	11.105647729871	11.263615263597
YHR079C-A	6.9273850013888	6.90030810289522	6.96795563648852	6.89158715138366	7.15779726238615	6.51753308041011
YHR080C	11.0627645589987	11.0847094159934	11.150572182856	11.4833784074973	11.3178340126753	11.3780163544372
YHR081W	10.9126410696207	10.9353338160735	10.9001308022195	11.3820769294299	11.3037546916535	11.4307945737153
YHR082C	11.5367026922333	11.6117909991194	11.5657109904774	11.7849478354514	11.7529741343244	11.8195435517795
YHR083W	11.1665334725778	11.1379379477027	11.1695468617885	11.1104256813574	10.9568908639827	11.0889078147448
YHR084W	10.8964360946952	10.9806770917671	10.8806447394214	10.3513401146511	10.3439919820816	10.2655146764564
YHR085W	10.533677043112	10.5761402907334	10.6518933395431	10.3884082399753	10.4350818368744	10.4342821991606
YHR086W	10.8747930113187	10.7936023548867	10.7000578506189	10.9513444493902	10.8695796358275	10.9961447762761
YHR086W-A	5.17645613279124	5.29358771106086	5.05925899540386	4.75661661960266	4.89502999417141	4.88427127045992
YHR087W	10.306125366385	10.1035945831191	9.70417815919287	12.1309439114687	12.0391152160753	11.8647792176749
YHR088W	10.9409281597863	11.224777547208	11.2317205680506	11.5576222966861	11.5477718543564	11.5534971309349
YHR089C	11.8016597774475	11.9480492792385	11.8563791068853	12.8256536610921	12.771350151148	12.7548836672894
YHR090C	10.810991663538	10.7323244474387	10.8152102563063	10.8921285205523	10.9042078828568	10.8541149529052
YHR091C	10.8046903745965	10.900365837351	11.0563024219617	11.3713981294048	11.2936980434987	11.3283589287895
YHR092C	11.5471203333055	11.7956980309529	11.4994918619397	9.79667664208679	9.50039214033859	9.92670213537405
YHR093W	7.36762803571483	7.22173640287364	7.24967130153587	7.31617290080737	7.16828337877507	7.42865419513397
YHR094C	13.8230288665995	14.0493198815159	14.0933672527309	9.22745040275387	9.19427480042521	9.23533896124758
YHR096C	11.9747574076718	11.913717815692	11.8287937936681	14.1255490743815	14.1202598421951	14.0667854221103
YHR097C	11.3443082019686	11.2937687306207	11.2823139017744	12.2568044092608	12.4038602838956	12.1639575834695
YHR098C	11.9244285867144	11.9401007434965	11.9721743616317	11.8545665777207	11.7624420482564	11.9141892436361
YHR099W	12.146211978806	12.164626254568	12.2385752412139	12.7057734136625	12.4565108728789	12.9058637532071
YHR100C	9.71303662345958	9.74470097623104	9.66904448708508	10.0969777631255	9.99985333830782	10.021529431798
YHR101C	10.0223105808802	9.91401112063527	9.81189350744548	9.77473742264451	9.8831709418008	9.69234260711768
YHR102W	11.2178230540518	11.2967597372444	11.3053726822437	11.1670953140321	11.171739119236	11.2716194985543
YHR103W	11.1805927594466	11.2273924909973	11.2397228983679	11.2031275534552	11.2068387919449	11.206306501519
YHR104W	12.2754306367024	12.0984620615759	12.0782467363897	12.5028041196224	12.4993507008439	12.3578131899141
YHR105W	9.55116057068868	9.44549204657669	9.40289581379026	9.06816541743886	9.17634767153813	9.01770847356053
YHR106W	11.0607829740597	10.9763307390817	11.0000933563882	11.4003379637521	11.5211456589785	11.3096926482345
YHR107C	11.3976154401117	11.42485818606	11.446889432403	11.5503244689035	11.5246906206852	11.5741390272898
YHR108W	11.930590508567	11.9276129136806	11.9195952779118	11.6072851827943	11.6024722021116	11.6013864292291
YHR109W	9.33199974152118	9.42558379988156	9.43113437456056	9.45422424450496	9.65075374678742	9.48072285632523
YHR110W	11.7261537584899	11.6790489128157	11.597195574022	12.0784897994278	11.933352438708	12.053397987627
YHR111W	11.2460007632851	11.2578960982443	11.1985757261108	11.2014841883896	11.2582414425151	11.1965297294271
YHR112C	14.0613546971262	14.0182483301087	13.8316115651337	11.9450762402855	12.0094219343736	11.8528247434236
YHR113W	12.0628652779835	12.0049361075659	11.9075066294208	11.9206469082452	11.8845258989343	11.8853554406521
YHR114W	11.136743430886	11.0921888811665	11.0957817411877	11.3931572493748	11.3404238350786	11.3555994121338
YHR115C	11.1228813206935	10.9831548550214	11.0102648172554	10.7502118342762	10.7740905916257	10.6985391871225
YHR116W	8.55513946937511	8.40233592912639	8.5580483504307	9.56234757447442	9.35998863150236	9.51934190401032
YHR117W	11.0973310669982	11.1919521980558	11.1183823404398	11.0886612636752	11.0406334537274	11.1232257692179
YHR118C	10.2282178087976	10.1517497234546	10.1613858088717	9.70838703415661	9.8641053273232	9.83783443095825
YHR119W	11.0481693275045	11.0186122357422	11.0713274875144	10.9090091735255	10.8291931528479	10.8682603204872
YHR120W	10.640143859044	10.5183731951275	10.5429273333705	10.7145525089705	10.633878936464	10.7064344113977
YHR121W	11.0367891787585	11.0125607378927	11.0257745056881	11.0933949862038	10.9372645195541	11.0858847008626
YHR122W	11.5976536231186	11.588791942207	11.5529222081789	10.5321961309649	10.4992976812891	10.5462978793098
YHR123W	11.419430104042	11.4389153159914	11.4606489497537	10.4643790129105	10.508534711612	10.5117958761264
YHR124W	10.3694046133521	10.4626418694849	10.375066027106	10.1749806628212	10.2626184011687	10.1472255118006
YHR125W	7.332791506996	7.45523054624784	7.34239566103304	6.63906808681872	6.78685619449886	6.70576338134174
YHR126C	8.22260996037415	8.21232182490852	8.24424459579399	11.0119803158495	10.76726617081	11.0498802786358
YHR127W	9.96412240355164	10.0514163726756	10.1055475931734	9.97015705560623	9.85608632353759	9.97816005480063
YHR128W	9.95276773232424	10.0215914684981	9.97099750759393	9.59610297095316	9.57655628192816	9.58934438979838
YHR129C	9.82470164235518	9.79069773477121	9.85941810792836	9.72068003991154	9.6302099263777	9.71991096991475
YHR130C	6.86744662112712	6.68257748990048	6.90147227428639	7.15212714025245	7.27879179365498	7.00710640702604
YHR131C	11.2354985141661	11.2609623329106	11.2423805076945	11.4910219573795	11.523172417905	11.5545909414085
YHR132C	12.1776381670936	12.194066508689	12.1773986549447	11.9710291313736	11.949644302031	11.9171687466121
YHR132W-A	10.3500616519897	10.2496773898179	10.3005112805441	10.787203853691	10.578427765042	10.6945753109806
YHR133C	11.2041236692493	11.2842560896453	11.2595366467586	10.7037579178048	10.7052414021987	10.7538719468958
YHR134W	10.3640575360935	10.3596097534615	10.4343802097889	10.3274281363984	10.3554134207059	10.3473244544504
YHR135C	12.3089291956501	12.3355470890132	12.3216568775077	12.3343312965621	12.3423443076559	12.3562458839041
YHR136C	8.01400636901938	7.96843523538897	7.6706137019179	6.97698692798347	6.77309969567937	6.87162016115536
YHR137W	10.841322341474	10.6775363577884	10.6558859826809	10.3641288042535	10.7159135241924	10.16165603758
YHR138C	11.0075968707575	10.7801290682481	10.8522185469937	12.7236302545963	12.5956680850836	12.6372036868946
YHR139C	9.44574072451859	9.39984181028098	9.25539183298881	11.5416912559791	11.8963020386889	11.6990886224655
YHR139C-A	7.49903706731769	7.15240526152195	7.22821826832919	7.30799495964302	7.13658955702663	7.11884110860756
YHR140W	8.42132860407345	8.282525910644	8.4424614945219	8.63982681239139	8.69423484699884	8.52249774955799
YHR141C	13.8312860200397	13.8765120340849	13.7928199653611	14.1140212653581	13.9650024308685	14.1266638569884
YHR142W	11.6345358790202	11.7141499103731	11.689673879418	11.0175947720085	10.9814227574031	11.0389795198262
YHR143W	13.9915590354353	14.0692799673899	14.0243045381959	12.7333296831579	12.6870858436751	12.8124826969809
YHR143W-A	10.1815601982993	10.2568631645174	10.1669924518953	10.6477346295776	10.4221056045469	10.6285871693986
YHR144C	10.2550425493541	10.345234638795	10.3245398267753	10.1456519879512	10.1725089186112	10.1472255118006
YHR146W	12.9425219081217	12.8606139984501	12.8588742785302	12.8639018783135	13.0075505571279	12.7650777888873
YHR147C	10.306125366385	10.2548137364071	10.2459308796591	10.8791658001466	10.8093985341509	10.8813968008522
YHR148W	9.25548890865345	9.36034588400495	9.41943545457754	9.79085874241829	9.8382859683481	9.87333999752079
YHR149C	10.866497868184	10.904946827739	10.9301119320356	10.9143695282397	10.7868000079615	10.9436736296069
YHR150W	11.2558498392938	11.2568725700431	11.201310156391	11.2631775723071	11.3213324772154	11.2311466811883
YHR151C	10.7458827705805	10.8367124997002	10.933405028696	10.7739957434657	10.7918525860917	10.856777796463
YHR152W	10.5619737985615	10.5055030360309	10.5113223545589	10.5734413907603	10.3913658947682	10.6461392244271
YHR153C	7.56796209645685	7.8964399479573	7.67851744294119	7.60325150919223	7.51842416165244	7.88500740095989
YHR154W	10.9495214539617	10.8779060060613	10.8874523957111	10.9043024680344	10.8854228673595	11.0760155971001
YHR155W	11.065402445169	10.9948664592265	10.9635149979744	11.1237912599514	11.0084410567215	11.0475513260296
YHR156C	9.87970085444642	9.79916114809977	9.66904448708508	9.74796202384236	9.76308808955517	9.76219513531012
YHR157W	7.87616786727661	7.76970181049688	7.84921087002342	7.79049103056291	7.83254842822302	7.6505026902703
YHR158C	11.4625944671428	11.5736640510657	11.4872203629008	11.9116294846429	11.8047117668554	11.8987681232318
YHR159W	10.3789796835651	10.3355710160115	10.4585827265712	10.5128905772239	10.5528611460145	10.4810582986493
YHR160C	8.25538358454458	8.32227556511204	8.25483203512157	9.08965850999276	8.84131689385444	9.01770847356053
YHR161C	13.3001701244486	13.1940449508288	13.2499278964796	12.2662677419711	12.3342866989813	12.2508730650787
YHR162W	15.3946610408708	15.3703517482806	15.3683067181685	14.1847595564681	14.1034257861916	14.1582168050567
YHR163W	12.5293823022167	12.5647739249834	12.5474340191125	11.6298616587595	11.4794789838091	11.5773714435622
YHR164C	10.2825116668595	10.3510018876456	10.28512648664	10.1005094975258	10.0513280314476	10.1399557429405
YHR165C	11.2425085018847	11.2527711798469	11.2900411867734	11.7148734814355	11.6063011379007	11.724094875511
YHR166C	10.6321589184214	10.4741378973298	10.5080129998296	10.0827637027127	10.0157775295055	9.93007798506365
YHR167W	9.78363354811868	9.7107104148129	9.82967833850362	9.82826218372353	9.9082059015896	9.93176295119402
YHR168W	9.8509350466716	9.84484236351141	9.93365918978875	10.1816649566653	10.0386305663136	10.1341134295253
YHR169W	10.9023498965637	10.9625848920746	10.9659290237254	11.0471749881265	11.0113318724633	11.0065736817223
YHR170W	11.5765431241338	11.7614663470523	11.8283516507783	12.1141555757885	12.0809927482677	12.2132737207401
YHR171W	10.5374821699903	10.4000417488303	10.4688321981756	10.7328716419265	10.7096977188603	10.6368735700683
YHR172W	9.82781280927718	9.87984139275067	9.75718385618579	9.62908616600336	9.53093930594752	9.70816043579966
YHR173C	7.32394755772259	7.47660618118294	7.58066174295657	7.29149671369212	7.22962354232566	7.36985468125427
YHR174W	17.7154267639358	17.6803062175812	17.8431878861939	17.0163176260509	16.9785583583816	17.0614197319369
YHR175W	11.7660231954884	11.7956980309529	11.8753369063554	11.5092914791012	11.4214394315226	11.4242271313178
YHR175W-A	8.26920384398331	8.22915159021827	8.36642100683643	8.02723892898553	7.98781293764928	7.92627615868399
YHR176W	11.9585302564467	11.931146080461	11.6974421928357	10.3523278956739	10.434004931685	10.2453326260832
YHR177W	9.71471828410562	9.73591082628666	9.76829309641334	9.1903546557981	9.0749352597427	9.35573267090603
YHR178W	10.1015639947835	10.0760012936792	10.1026249835943	10.4027821242697	10.2195178076992	10.2466869173246
YHR179W	14.5680075358237	14.6239942860779	14.6824475599355	14.576824179586	14.5710144878375	14.5747598196507
YHR180W	10.2994179503733	10.2517341238797	10.1795282765	10.3960921326667	10.6908879652893	10.4764483603444
YHR181W	10.7967748576898	10.8812309339758	10.8294208305066	10.3960921326667	10.578427765042	10.4378435093651
YHR182W	10.3227587020641	10.2942616012574	10.3444684749273	10.1772122044969	10.2819005930633	10.1414126310583
YHR183W	14.7080516824525	14.7460885555382	14.6253735422433	13.9711233121623	14.1777590974803	14.0554331413565
YHR184W	9.90201222382277	9.92307399718399	10.0089552769188	10.6428990341285	10.6727429655643	10.6223409803718
YHR185C	6.8427377092116	6.53905214576919	6.66475229726618	8.43850003465249	9.29739302647839	8.56659112271241
YHR186C	11.0185282533112	10.9985451937014	11.0555470450432	11.0689687864549	11.0149372647714	11.063775583804
YHR187W	10.7067109009146	10.7256811434287	10.8089488373051	10.5348088004646	10.5607761713197	10.6327363198582
YHR188C	11.8921039148016	11.9117682810176	11.9528332065518	11.6877413885885	11.6970693718596	11.6265693022795
YHR189W	8.9645321205018	9.04391233276419	9.03387605126123	8.95820980669111	9.00119284001457	9.08287974339468
YHR190W	13.2767450734917	13.3332223340587	13.3925320459165	12.872361143885	12.8004693774378	12.9370229139852
YHR191C	9.64234340470452	9.61488026669706	9.58776219737046	9.16583251624754	9.29502164767312	9.23533896124758
YHR192W	10.9394909540966	10.8577938774521	10.8729475275196	10.8934862659585	10.9372645195541	10.8944147339547
YHR193C	13.9451394916671	13.9137599042945	13.9159077022685	14.6560511752474	14.4820599988671	14.5874401251152
YHR194W	10.9587734505291	10.9769524489304	10.9317594200535	10.9981633898385	10.9732917251091	10.953658450564
YHR195W	11.2231484687333	11.1368256361823	11.1569248469012	11.2652766644904	11.2024187037778	11.1098940611843
YHR196W	11.4849338442825	11.6081838566995	11.6070241276242	11.7794507681104	11.8445630258052	11.8304218023244
YHR197W	10.1054146124037	10.2258117165608	10.137311396533	10.3582404184269	10.3554134207059	10.4520014690534
YHR198C	11.0621043330808	10.9862460863319	10.9594826229022	10.9487345838647	10.9583895804382	10.8883543148301
YHR199C	12.6594683468498	12.6406945616403	12.6898014447606	12.3129287756651	12.3603110501227	12.2532329092371
YHR199C-A	8.81255247089707	8.66897956894809	8.60841805823725	8.44222093339913	8.35006798135299	8.28971656284839
YHR200W	12.4736273366417	12.4305163276538	12.4470440791318	12.5991446583144	12.5906033303212	12.5090650985779
YHR201C	11.6193574965125	11.566659851916	11.612683886772	11.0410622624907	10.9799477926927	10.9635746358119
YHR202W	9.41296511764966	9.37174128356053	9.41943545457754	9.55721540718507	9.82191092606285	9.66220821628191
YHR203C	14.4311595768968	14.5807845456354	14.5378969157181	14.5966518758199	14.5951187629151	14.6608861342232
YHR204W	11.0732872850606	11.1468056988806	11.1930912670735	11.1121760563263	11.1403928732886	11.161779613698
YHR205W	11.5262092753444	11.5924478371312	11.5736467885566	11.8954580044158	11.8864952764389	11.9060708645819
YHR206W	11.4575828304366	11.488154530214	11.5133112041123	11.1659722307473	11.1423720954068	11.1408118665278
YHR207C	11.2587338754989	11.3096495814956	11.3778656530573	11.0287585528669	11.1083503462664	11.0722017372426
YHR208W	15.3282268647006	15.3582938813966	15.3268471539083	14.0843835826567	14.2083113314671	14.1929629294153
YHR209W	10.4381889366618	10.4083627079524	10.387125595142	10.8204185164706	10.8160269665093	10.8398295038279
YHR210C	10.4381889366618	10.3219322435526	10.4733642458588	9.6192701865585	9.40246278898111	9.33295523333995
YHR211W	9.98934819899133	9.89702745492184	10.0819991921207	9.76883015060065	9.52892284086915	9.93007798506365
YHR213W-A	6.14543124899356	5.94626211133769	5.93866168937446	6.11668093853592	5.89492395485542	5.64872822323265
YHR213W-B	5.38154681045809	5.78811052763976	5.59450235967106	5.86237680571784	6.06740334540882	6.06584611162672
YHR214C-B	15.1707481902399	15.1323341949596	15.1676203659715	14.4312930941692	14.5809599844469	14.567260374102
YHR214C-D	6.72582765872085	6.77840319992315	6.41849294116458	6.44110824952682	6.78685619449886	6.38290282949403
YHR214C-E	6.87964018131367	6.57968695803384	6.27663457769764	6.80067024664478	6.99041178947373	6.68966435934413
YHR214W	6.97356539393484	7.4408001005204	7.48466558046331	7.31617290080737	6.41222148997289	6.14031979378828
YHR215W	11.1824165191288	11.2020911855924	11.1992598197462	10.7703052591936	10.7159135241924	10.6915952393863
YHR216W	13.6543550965017	13.6688457645214	13.4156737708459	11.5369208744812	12.2471546384068	11.5292210632844
YHR219W	13.0722797481552	13.1851950058558	13.2935038270529	13.8215321240561	13.7359219806897	13.8528331997434
YIL001W	10.6178534050789	10.5720311334225	10.5579405735567	10.5013601061689	10.4910370337716	10.563787626776
YIL002C	11.3301195170483	11.3101430520764	11.2926077777875	11.0851007501215	11.0575134315198	11.1342421776118
YIL002W-A	10.4104451729865	10.407440523834	10.4062136095785	10.6372369418013	10.5794021043434	10.5539757501703
YIL003W	10.883788186663	10.7801290682481	10.8364739641575	10.2243737348303	10.1345622780248	10.157342019411
YIL004C	9.98238517756453	9.97877248202955	9.98693482708839	10.1226785314467	9.92976056789502	10.1602194647565
YIL005W	11.1738858451714	11.1935578358859	11.1356395959881	11.0238075353043	11.0679639887508	10.9436736296069
YIL006W	9.81375939473741	9.80197128368404	9.8714878406722	10.5243296087193	10.4511396722252	10.4648586429874
YIL007C	10.3027755572542	10.134018812146	10.2124340579527	10.4122857493873	10.4057194121412	10.3686276405865
YIL008W	9.94848657642515	9.86782222558503	9.91711867099828	10.5657972025885	10.2854874816286	10.563787626776
YIL009C-A	10.9945073404701	10.9211897674224	10.9185265304992	9.60938692448834	9.61318087082292	9.48302342749206
YIL009W	11.1247794703014	11.2721497621364	11.2699937490218	10.8268285310472	10.6460205497937	10.7784233901522
YIL010W	10.4713889358011	10.392604826738	10.4285573529282	10.549525201928	10.4962054796073	10.5418921059993
YIL011W	15.3855865908213	15.5723962017739	15.5665602512032	15.6323268465131	15.6081736573517	15.6304120065637
YIL012W	7.61213160258277	7.36637239540678	7.59744318621366	7.17031493895403	7.51023095950102	7.15420939500434
YIL013C	12.0743694647913	12.1692575821721	12.1386943976934	12.298652778106	12.2765870169039	12.1835333135561
YIL014C-A	11.4864109080258	11.4644101657342	11.4543587904253	11.8594379280592	11.9945255369707	11.9116304770778
YIL014W	11.4799993475362	11.4648534466178	11.4428513942337	10.9513444493902	11.0156572631915	10.98968931161
YIL015W	9.1350373687519	9.21396528032055	9.27889137200426	9.04390207808783	9.14771803821785	8.84953126619373
YIL016W	10.7499880716062	10.7219771560705	10.7899998417429	10.5503862146852	10.4090115764316	10.4776022268685
YIL017C	11.3529708413338	11.2543105679446	11.2437074786443	11.6814674601559	11.6657624842057	11.6333146860125
YIL018W	15.1861302566505	15.3103549863465	15.2697416430938	15.3756279656831	15.3642518504754	15.40265524937
YIL019W	10.9293902211908	10.9562932163405	10.9739467249655	10.5181814046173	10.5949026874849	10.6644938733863
YIL020C	10.4573973029736	10.3747869264887	10.3931177789433	9.74194381067985	9.76822513194483	9.6561050230279
YIL021W	11.5079025395595	11.5633519542464	11.5502435488286	11.6265996842267	11.5181001717109	11.6528530300379
YIL022W	12.4000415748395	12.4343691657343	12.4343164370878	12.4918657136539	12.4702324588657	12.4218485918765
YIL023C	11.3556672831108	11.3733705997802	11.3718100823317	11.6959347294171	11.6653037293402	11.6400286770585
YIL024C	9.24853883877932	9.19270351451318	9.20448663075215	10.7643807754089	10.6773006579761	10.7605231641768
YIL026C	11.4770305275141	11.4461173678779	11.3808839329301	11.7335668285234	11.6871610468015	11.7104196421195
YIL027C	10.7840189876295	10.755700348137	10.684506801795	10.596133865382	10.5725678679701	10.6461392244271
YIL029C	9.41503556901431	9.52928444960555	9.35947293301113	9.11083573475573	8.94481242385382	9.06455820012681
YIL030C	11.6318689187476	11.7946404950551	11.7380242637978	11.9381855289232	11.9827912554598	11.9520359215872
YIL031W	10.8672539462627	10.8638570130782	10.8223330419779	10.7798809500459	10.7638418150666	10.8172213622777
YIL033C	12.2101832868435	12.1857545474461	12.0963546863993	12.7681615308237	12.7876702580531	12.6916612307168
YIL034C	12.1770285014934	12.1665350727415	12.1630936292056	11.8224954282241	11.826212120465	11.7854764170314
YIL035C	11.6717975352307	11.5839029591862	11.4967120367565	11.4454670553272	11.4758210219945	11.4343642533685
YIL036W	11.3518908518423	11.2558483151365	11.1555155593783	11.4079582002372	11.3259839381805	11.3543437538012
YIL037C	10.0925390382082	10.0596579982809	9.96457293757313	10.1693866565592	10.4013181386416	10.1787842229925
YIL038C	11.6003845313615	11.6824833539066	11.601342076711	11.974240659622	11.9157178108659	11.9361771503429
YIL039W	10.897176647119	10.927636077163	10.9643201221612	10.4906341609933	10.4931066349149	10.5196591000438
YIL040W	9.94419267398923	9.94992584003836	10.0275659900636	9.90567235529116	9.95250286344779	10.0388312201798
YIL041W	11.8935890378353	11.8655147775905	11.9402028086542	12.5515634459372	12.4327186984397	12.5000092666672
YIL042C	10.8366973911248	10.762928309094	10.7945341361168	11.6692335267422	11.4176311047335	11.4491435678825
YIL043C	13.4814538392727	13.4552470966364	13.5371210626064	13.2133966096148	13.2530653188938	13.272642156165
YIL044C	11.2906472056786	11.3160515700967	11.3516444108076	10.9210420823538	10.9403013917438	11.0113617111464
YIL045W	11.7085428934998	11.5969036080311	11.6799042914538	12.6202084613606	12.7617262470084	12.5485784075446
YIL046W	13.4103532007793	13.328358705705	13.3212640238062	12.3442942495134	12.3546315268828	12.2491850956489
YIL046W-A	5.38154681045809	4.96045033447019	5.3573322420859	5.73988662067766	5.42254112143937	5.75011312427809
YIL047C	13.3555052656496	13.3683571033332	13.325029823004	12.541855949175	12.5499292731383	12.544455221369
YIL048W	11.6398550540827	11.6927378908155	11.7118959866435	11.4634049686054	11.4872863795235	11.5419617701403
YIL049W	9.78042548492993	9.71965505161995	9.75532396689303	9.32328841783374	9.28788401332981	9.46451524088273
YIL050W	11.190897044291	11.0824002185328	11.0869371742049	11.5563371243658	11.6762737822244	11.5084860709676
YIL051C	14.0644071834244	13.966597772517	13.9430143779558	14.235893850396	14.4728487297145	14.2192387520525
YIL052C	13.5466208199903	13.6438124870799	13.573983339136	14.1042339627289	13.9221578745826	14.104242907054
YIL053W	14.5772783426914	14.7870772089518	15.0307787893665	15.595210083322	15.3641811879777	15.5540583359137
YIL054W	4.92409155813622	4.91028219693011	5.31278787805311	5.27822177686045	4.76172290806683	5.12944642104125
YIL055C	10.0756270884695	10.0771616157825	9.98376142145771	11.0163490021005	10.9304080914286	10.9038871050635
YIL056W	11.8605578710244	11.9153404178731	11.9220837804515	11.4611176623599	11.4381850706775	11.3618613620635
YIL057C	5.7654419585004	5.88081552441598	5.69791038192313	11.4380428982082	10.8044071453318	11.2999420638504
YIL059C	10.1852033218701	10.1670874554813	9.99010126537099	10.5852524121521	11.5257018689725	10.7259854626836
YIL060W	9.88866686600274	9.86244804999707	9.96618176515306	10.4103900270403	11.158760857316	10.461363491123
YIL061C	10.3597655565358	10.3510018876456	10.4156637209829	10.0343455564461	9.94193440582795	10.0466275743959
YIL062C	12.1518077543319	12.1109773009551	12.115688301098	11.8787604887079	11.7386547281162	11.8443525564377
YIL063C	11.7000806018675	11.6105896201659	11.5673016462464	11.3640715413998	11.4789569853608	11.4194319606297
YIL064W	9.94848657642515	9.98373091599719	9.97419909206058	10.633991453922	10.4553917415125	10.6705605546467
YIL065C	10.4970187270786	10.4046704287197	10.3444684749273	11.2064086780379	11.0817813311174	11.1371657336544
YIL066C	12.3353976152579	12.7452935485079	12.5981110822366	12.0769968661427	12.2136622265688	11.8991987210695
YIL067C	10.9931225607004	11.0389994909459	11.0000933563882	10.8674680084773	10.8631932993054	10.8371351609971
YIL068C	11.1818088553791	11.1898085639007	11.1723368194169	10.8254065428502	10.847911466391	10.7519659526665
YIL069C	13.4249334491186	13.5766991908568	13.5349549591422	13.5882564165457	13.5213974804471	13.6654501425226
YIL070C	10.8604349349747	10.8631845884279	10.8942280764157	11.6456590108025	11.7547002013776	11.6317608560041
YIL071C	10.3832149527908	10.2341576840967	10.2669676676999	10.2990203887896	10.3924750966921	10.3257019139109
YIL072W	8.87708549233862	8.72042691408144	8.79392998054964	8.92935778726994	8.89242564725426	8.8986333144347
YIL073C	11.5088718655633	11.5525486018573	11.3693807187762	9.7052973378919	9.90198778681443	9.77539326467346
YIL074C	15.3411757843505	15.3125423486846	15.0321712578529	11.9863796792841	12.1035175465712	11.9607257609332
YIL075C	13.3686466282239	13.3453101508956	13.3636832767412	13.387659207186	13.4388561406532	13.3230963427689
YIL076W	12.3061439341408	12.2532580900556	12.2808756298799	12.1765474791507	12.2035873637076	12.2232817823164
YIL077C	11.6639867565868	11.5633519542464	11.5841603998517	11.6967126261585	11.6560978630624	11.6359006893956
YIL078W	13.2747519644666	13.3276277451966	13.2306507160002	13.4430643301044	13.3809427699132	13.5039800745441
YIL079C	10.8443974243887	10.9480727980112	10.9051711285257	10.5986333556736	10.6718296964946	10.7298640749053
YIL082W-A	12.0831818629917	12.118040160529	12.1336930695427	11.5704114407615	11.5272174135385	11.6296864758757
YIL083C	12.4879537339369	12.4696940946345	12.4870900245766	11.9431108217542	11.899816217268	11.9264930380125
YIL084C	9.74630277212042	9.64022683928895	9.69256179125369	9.7022010072007	9.63584187719001	9.66423688692475
YIL085C	11.505961931453	11.5458599481395	11.5378572476179	11.2069548073246	11.3329331291204	11.3391899822333
YIL086C	6.99610098859982	6.83512857549793	6.47507409261997	7.1056100902407	7.32631687012091	7.23346029847224
YIL087C	11.0034761517322	10.8645291244336	10.8504776109976	11.342860052962	11.1756099387281	11.2828833433975
YIL088C	12.5079685786686	12.4438440612394	12.4270344817588	11.7860447398703	11.7887948228768	11.7260379410115
YIL089W	9.21327672622516	9.13590862846132	9.13750357586898	9.3747659858486	9.45012916031815	9.45985082906494
YIL090W	10.8979168195676	11.0372121603252	10.9811247523331	10.9669052571381	11.0886406878832	10.9544874077825
YIL091C	11.1836310792732	11.2696147720743	11.2094824857483	11.3137460207363	11.3867970603136	11.4260212190768
YIL092W	10.4228416600969	10.4492623629649	10.4133069911095	9.97144350804152	10.0541345734514	9.94850521544445
YIL093C	10.526993821996	10.5302826149096	10.5418489560409	10.6315525370412	10.6872771787415	10.5692099678341
YIL094C	14.058378498496	14.0537466422224	13.9655054553449	13.4998782832753	13.4684764575147	13.5242208672405
YIL095W	10.8281796105745	10.8236377067863	10.8916909242188	10.5589681932095	10.5871732164865	10.518538403286
YIL096C	9.67380704440563	9.96880417653551	10.0291060967079	9.90162905362759	10.0414619016399	10.1267771002096
YIL097W	10.6070303911313	10.541254005059	10.5472327988865	10.6772011879786	10.8567785639941	10.7643101359042
YIL098C	9.98378047385395	9.88382562411391	9.93036622772184	10.3122793109993	10.1252511980513	10.2561315174892
YIL099W	9.794805898246	9.65117738118818	9.62897601769816	9.4851809183794	9.63584187719001	9.40994115489696
YIL101C	10.1245149881633	9.98125382995097	9.91878128582582	12.2315295272837	12.1873836964989	12.1764455615901
YIL102C	6.56823638343864	6.3318164600329	6.5294282620925	6.33035551829793	6.30023533873706	6.04007123844962
YIL102C-A	8.8680416257962	8.90437316908882	8.96148086966378	8.60706367134838	8.74379044359259	8.61777969378825
YIL103W	10.9394909540966	10.9725948427148	10.912698750455	10.6913215126971	10.6863730681094	10.7605231641768
YIL104C	10.1066958704626	10.1681767917849	10.2070016304581	9.93366244045075	10.0428754876607	10.0620949768872
YIL105C	11.5894297432248	11.544182927941	11.5193500273494	11.853520573461	11.8809742304448	11.8452467122016
YIL106W	11.0673776991334	11.1627408625959	11.1441914202818	11.1586507997388	10.9523853496125	11.1632144931598
YIL107C	11.6530678154782	11.5834947950724	11.5275442592566	12.3358301327661	12.4780897950722	12.321648496465
YIL108W	12.1223431211404	12.1072909032792	12.0930457306379	11.7137210835738	11.5739155137014	11.7128711747631
YIL109C	12.8021057828069	12.8452041903949	12.8642760148813	12.922267132713	12.8236777832575	12.8923010217363
YIL110W	10.5241200781439	10.538729542318	10.5927226660608	10.4870410486459	10.4532672736635	10.4578598496703
YIL111W	13.6001296326256	13.4448362915788	13.4615854439192	13.5306341829981	13.3930454299282	13.3595379885664
YIL112W	12.7234965377132	12.6512492507974	12.5605373764285	12.6263456180297	12.6381322728415	12.5741521405696
YIL113W	10.1557973745439	10.0107017069721	9.97099750759393	9.17032223380393	9.15558269346891	9.10097126061968
YIL114C	11.306900390402	11.4042058098046	11.4219039003262	10.7973938651415	10.7212201223313	10.707418282977
YIL115C	12.1471461166289	12.1511933396843	12.1528891046813	12.3827470836192	12.2067433228755	12.3631293300035
YIL116W	14.221290727261	14.179589329718	14.0414773661694	12.8185241945074	12.8146046697664	12.7768415458975
YIL117C	12.0053010933021	11.9656966632827	12.0093157920719	10.595299738574	10.4253606229461	10.5583448259578
YIL118W	11.8368232757025	11.9356303597101	11.9801572690834	11.7044686103891	11.5387839948745	11.6901583685938
YIL119C	12.1828099487211	12.1061547293708	12.0424784718723	10.9771866532107	11.1482935209608	11.1596246149514
YIL120W	9.43149299565087	9.37551981991317	9.40051744094607	10.2938881729203	10.2541007017181	10.1602194647565
YIL121W	14.0509110292301	14.07241029562	14.0647493917979	12.4601482314035	12.5121625525641	12.4779828429978
YIL122W	10.5260365433707	10.5217859317499	10.5483071603091	10.7828145738993	10.8948459522425	10.7979528092605
YIL123W	12.2711523875353	12.2509467546569	12.3244813934401	11.6253745397253	11.5150482416474	11.8340297337431
YIL124W	12.5899491017204	12.4377602048552	12.4217686208598	12.5299018339939	12.5301620855115	12.4559076319368
YIL125W	12.4094152468651	12.4182091986375	12.3530414077549	13.6272343247206	13.5280989507783	13.6808088177321
YIL126W	11.8711500490607	11.9908463625431	11.9253951206409	12.3323304229265	12.1593150430276	12.3277392527672
YIL127C	10.6124520487099	10.6371998683287	10.5222990220156	10.5339384363247	10.5578131240229	10.5095413451252
YIL128W	11.0947509751015	11.238842263999	11.1512794174634	11.0992903790051	11.1130677757686	11.1276424329324
YIL129C	11.5175666151138	11.5546324623441	11.551315609483	11.7048553171886	11.5226659950536	11.7153185485226
YIL130W	11.8391373134588	11.9404195271831	11.9328179630842	11.7013712186302	11.9009857104342	11.8085826509621
YIL131C	10.3629857378974	10.2852535351739	10.4121271806329	10.3092303596852	10.028676890384	10.3320952011681
YIL132C	8.59954534624242	8.6092164302882	8.62889610639518	8.43850003465249	8.31768551105068	8.19169417169857
YIL133C	13.8757335775816	13.9793745830094	13.9135127595643	14.0303310189458	14.0018046136425	14.1060158894327
YIL134C-A	4.80235487307139	5.2192917381649	5.00057216924608	5.24003552433906	5.56691464568161	5.12944642104125
YIL134W	9.53602091383666	9.46157857886302	9.47248143779533	9.64529907913594	9.50655357002716	9.45047648646669
YIL135C	11.9641952086303	11.963502509705	11.9641470352742	11.8991800119815	12.0166330305672	11.9277598757537
YIL136W	11.9446280193423	11.8065807471004	11.8078651878779	14.2600406969303	14.2083113314671	14.2745516225161
YIL137C	11.601748049334	11.5859420493335	11.5367751351592	12.0930393632774	12.0405308966996	12.1923443144866
YIL138C	11.6713647107416	11.597712271688	11.6070241276242	11.3127315331115	11.4263211255759	11.3277192684888
YIL139C	10.580534548714	10.4977254579481	10.4471083507655	10.8182754996759	10.7706824168881	10.7443166918069
YIL140W	10.9509487060186	10.9985451937014	10.9635149979744	10.796668389518	10.6488080067069	10.8682603204872
YIL142W	12.4300301136255	12.4659345717024	12.4716012261942	12.7323816368244	12.6940740662716	12.7366880799313
YIL143C	11.91458758626	11.8838630516098	11.8658891466439	12.0385489241721	12.0602059286335	11.9937618122665
YIL144W	11.3080145786255	11.3175249261645	11.2816680891264	11.5039682085634	11.5933375421675	11.5380960613366
YIL145C	11.9546226578859	11.9619332115098	11.9442892249385	11.4136470782519	11.4306465845993	11.4591077077361
YIL146C	10.7904110221014	10.7672477653724	10.7019899966886	10.7029837757634	10.8002344208872	10.6337717453898
YIL147C	11.1228813206935	11.1627408625959	11.1709425150667	11.3238518512732	11.3078753735557	11.4313901340577
YIL148W	14.3312029370535	14.4169189563256	14.3128715499352	14.787783299839	14.7065496662432	14.8218818556877
YIL149C	11.638527097841	11.6640711231548	11.5862539588166	12.2150637875787	12.0709831761412	12.1571328524957
YIL150C	9.10713069218141	9.25966559811861	9.2395098893739	9.20355656819552	9.32554938525745	9.21886720038384
YIL151C	11.3955205451937	11.4710451195033	11.3705959119317	11.4702452082523	11.4862478314766	11.457354323537
YIL152W	10.5703557032952	10.5940828007439	10.589595087141	10.5408866890544	10.5197446729872	10.5767671644088
YIL153W	10.8845352588872	10.9244165230766	10.9366906249736	11.2280941753058	11.0630964818434	11.1531402359148
YIL154C	12.000140289795	11.944239447099	11.9944161222519	12.4031456076985	12.4115395404902	12.3792699131446
YIL155C	9.17713021696414	9.15801848003943	9.02463695059263	12.0256050150167	11.8038783967492	11.9536951696116
YIL156W	10.3424687758603	10.2619740309051	10.375066027106	10.5521066999163	10.4155734485011	10.6139704315627
YIL156W-B	10.235263806072	10.1768619897719	10.1415891268992	10.6085882304581	10.4575130849906	10.5174168351458
YIL157C	10.6965367458359	10.6660161275426	10.6932748860103	10.9448109109425	10.9523853496125	10.9184049669443
YIL158W	10.3842718298621	10.3557903757983	10.5429273333705	10.7160880204181	10.2504348045595	10.5970821904888
YIL159W	9.70797984239435	9.70170994800399	9.78662040181244	10.1016848231144	9.94496187612665	10.1000529681026
YIL160C	8.15473138295094	7.97344209692798	8.09310971301981	10.2511006328339	9.92209940218302	10.1105046058845
YIL161W	10.7226746451927	10.5571404829293	10.6061976910963	10.2351239968084	10.1582326376723	10.1015507042816
YIL162W	11.2231484687333	11.3032190557331	11.3034651322472	14.5427275961584	13.7834095462082	14.6037794535604
YIL163C	8.01400636901938	7.8317153640898	7.83514937094717	6.22772126177893	6.44760900794028	6.21088790717742
YIL164C	11.3733385033454	11.300738123962	11.3091802319041	9.51372166541339	9.36451898685575	9.51034769427038
YIL165C	10.690568513627	10.6356257118532	10.713528839162	8.98649534532682	8.83152877724921	8.92595799664611
YIL166C	10.1996844874004	10.0875627204262	10.0908749596592	9.17703069360849	9.39583898327703	9.30461832720385
YIL167W	10.0425359463893	9.89965338037515	10.0504966678323	9.97785861348133	9.90042905991981	9.94517227535712
YIL169C	12.3036325929012	12.3822885744257	12.3625389294012	11.7493991410754	11.4531448848367	11.7961512677241
YIL170W	8.81569193028354	8.80135068136683	9.03694263329367	8.83916355227151	8.82825123381335	8.97256348578938
YIL171W	7.21329551028506	7.23855289490519	7.20643632750286	7.11503643308152	7.12586555647729	7.09476220974156
YIL172C	9.29425191156223	9.19911504289532	9.28406186851682	10.1883184157792	10.0471079517309	10.2041010543028
YIL173W	11.0468351367114	10.8705640763772	10.9554389446413	10.5827296075669	10.2393808759167	10.5352581115893
YIL174W	6.58332292676672	6.40945811682214	6.49343049201575	6.05752324193937	6.35737189415964	6.21088790717742
YIL175W	8.52475563442811	8.67205731083239	8.61253703996152	8.11851669092701	8.62034467876596	7.8496855642924
YIL176C	9.32980643452109	9.20761961953307	9.30963975358339	9.71761659932384	9.3068397206726	9.22712661123402
YIR001C	11.0448315340235	10.9806770917671	10.8712314440852	10.7479618559714	10.8316484903933	10.7538719468958
YIR002C	11.386583146716	11.3066852079577	11.3110802448306	11.4155383965785	11.3856835620855	11.4526681869446
YIR003W	11.5490063939384	11.491639211166	11.4989363252552	11.7783488366536	11.7390907442604	11.7206882008373
YIR004W	11.7724950173121	11.716757680422	11.7276296696927	11.8866221704897	11.8821590917415	11.8678624231183
YIR005W	9.78523490737343	9.71369812947514	9.56032731535048	9.11316966349295	9.12386322983213	9.08591081339148
YIR006C	12.7186870382245	12.6665525708427	12.6435540771425	12.922765887229	12.6834657312691	12.8459249767149
YIR007W	11.5820800621449	11.6729229783411	11.7219281643691	10.9962689683044	10.8719672416663	10.8857491778962
YIR008C	10.6802794564092	10.6536256200079	10.632775890282	10.5683497689745	10.6102384747855	10.5659590097488
YIR009W	9.04429995815016	9.06746785352975	9.11155991724344	9.17256185844785	9.20946540341825	9.1335604201388
YIR010W	10.8986566124307	10.8792368969986	10.8899970069625	10.8928075529953	10.8735567862784	10.8874864584872
YIR011C	11.6215996518805	11.7315694658617	11.7811558901791	12.114446691217	12.0083371543752	12.0189434988123
YIR012W	11.9980707880289	12.24140550063	12.309986528284	12.4342624149602	12.3331319294846	12.4608749188167
YIR013C	5.96906774814566	5.85825200942933	5.82387347636411	6.0165771608295	5.66508157346727	5.71720862146879
YIR014W	9.30322309610465	9.25966559811861	9.30963975358339	9.65012761688529	9.5469702972524	9.4528257928602
YIR015W	9.97258012219566	9.97255036989498	9.9821720962887	9.96758070303789	9.85447715803144	9.87684294486625
YIR016W	11.5635403550321	11.4894622721644	11.5094551133003	12.8185241945074	12.5289018371068	12.623196773585
YIR017C	13.3397938813565	13.2326908210636	13.0318625820641	10.6685035600673	10.8143727116168	10.5084127568304
YIR018C-A	7.31504831765346	7.59854622668259	7.5291015336445	6.71597961151852	6.61211373890706	6.55370706205689
YIR018W	11.2477437288279	11.2036855843749	11.1758166958107	10.2814958324362	10.28070297861	10.2330864401929
YIR019C	9.51494085177014	9.48275182702635	9.63100610692596	9.46522618923696	9.36677883662125	9.63763889883495
YIR020C	6.28279931681197	6.21512879271227	6.35948549534073	6.28000448976346	6.26077127693698	6.04007123844962
YIR021W	10.2411092909013	10.3150641891309	10.2825463243518	10.4103900270403	10.3150363354834	10.3920705829345
YIR022W	11.4540642968043	11.4833493084968	11.4691824783255	11.5229530296704	11.4328044604035	11.5529499145429
YIR023W	11.1235143147769	11.2153243070072	11.265428090977	11.0874754019832	10.9895082160752	11.144448807111
YIR024C	10.0059235582275	9.86513764119481	9.90877672324243	10.0490424324057	10.1010287026756	10.0309924920219
YIR025W	10.1156329479315	10.057308049887	10.1099204331474	9.91906873836637	9.83502580123461	9.78288117097247
YIR026C	10.5507216194387	10.6912402781497	10.7019899966886	10.3582404184269	10.3462835163746	10.4856535509542
YIR027C	10.0086676914832	10.0119157489074	9.96618176515306	10.0898882433152	9.87048857938984	9.88903668576829
YIR028W	9.62097963282501	9.52928444960555	9.57727200621036	9.53823960442834	9.70890535058322	9.4784186082443
YIR029W	10.3216557606692	10.2537879293175	10.3030595341884	10.5768258480387	10.503410332396	10.618161777569
YIR030C	8.85894061721675	8.80415837460387	8.78665919893746	8.63333356733346	8.97179413815028	8.69528000007362
YIR031C	11.5404996351472	11.4617476162529	11.5269994227763	10.8118272810411	10.92811535439	10.8344357763397
YIR032C	9.45381950727622	9.3039613552659	9.36191993768755	8.96339410945946	8.80842778270652	8.84595908625569
YIR033W	13.6114549033377	13.5789532114433	13.5758282987216	13.2952826393285	13.6858005348462	13.2875205535637
YIR034C	13.6914344340577	13.7006211313763	13.6527593470325	11.6212831941177	11.603909244204	11.5358824251625
YIR035C	11.6269666495531	11.5830865154447	11.6852857502003	10.9519961786702	10.7517921465876	10.8576643197866
YIR036C	11.4775257553218	11.4184646276269	11.4759731423905	11.7217686038826	11.579282689901	11.6851731255698
YIR037W	12.3241527508545	12.2174041275306	12.2879674559158	13.1885876299427	13.0648482283887	13.1116005279044
YIR038C	12.4036941323307	12.3716902596587	12.403778897101	13.6157642322921	13.3608266228513	13.50977205277
YIR039C	11.0280257314954	10.9638399410224	11.0219126883789	10.6991068214888	10.6460205497937	10.6139704315627
YIR041W	7.36762803571483	7.41887693027859	7.39141366012743	7.00772465108488	6.80047907211481	6.57144630524318
YIR042C	10.4422541146499	10.3268180514811	10.1358826623523	9.51372166541339	9.7106853340282	9.52605093040362
YIR043C	8.54382057223629	8.4244149706041	8.33184585213706	7.80214433056354	8.10638916088229	7.74588547268536
YJL001W	12.5802985642379	12.526216832691	12.5219588597533	12.45555969811	12.5060270613545	12.4544434043948
YJL002C	12.6759595345564	12.6205447577363	12.6731552468414	12.1923534255699	12.2468480629533	12.1796393598563
YJL003W	9.8509350466716	9.80897275789652	9.83848917427088	9.99060384845705	10.0013082794838	9.95349022767775
YJL004C	10.7168137993851	10.8449096197201	10.6538910424945	10.4037353094565	10.651590087592	10.5735332127057
YJL005W	11.6648567121638	11.6729229783411	11.7195458707066	11.9571375096192	11.9056542255969	11.9167434798903
YJL006C	10.4822879360868	10.3307148169429	10.4343802097889	10.0539082973815	10.2282415774334	10.0804395262962
YJL007C	5.45445488048239	5.2192917381649	5.40024844922604	5.11699074193998	4.89502999417141	5.07335219469129
YJL008C	12.205706797073	12.2312797210649	12.2947045597404	12.4697369077508	12.4466673529037	12.3891135642861
YJL010C	10.6871469757615	10.6690971960006	10.6805927025737	10.6629412758366	10.7646986663897	10.7557754260823
YJL011C	9.53221102878059	9.54278833766897	9.63909800196927	9.43383332796861	9.42215353403746	9.59998166560765
YJL012C	12.258817286788	12.2967332185671	12.287645855357	11.9901919300756	11.9894035288546	11.9069275853606
YJL013C	10.4979954515712	10.3785563979497	10.387125595142	10.8182754996759	10.7096977188603	10.7576763968552
YJL014W	12.4606608986275	12.4563812278493	12.481195728001	12.4309937843495	12.4941939319858	12.5389392447382
YJL016W	12.2562221199654	12.2210823684318	12.0584012765778	12.0601696025988	12.1250289679607	12.0296025335882
YJL019W	10.1433657194874	10.2372750133238	10.257801802962	10.0898882433152	10.0456985100014	10.157342019411
YJL020C	12.1690793137588	12.1621683428569	12.1286743428763	12.6800426146122	12.4704950606977	12.5891748268412
YJL023C	10.4021212621879	10.342342343919	10.2695758233231	10.5674994152963	10.641362784939	10.5462978793098
YJL024C	10.4010773877082	10.4519482109144	10.4744950363796	10.1794402988993	10.154314456142	10.228981163117
YJL025W	9.78203040862563	9.85570204412414	9.99955908050367	9.65494003938864	9.53897708206703	9.67232314800407
YJL026W	13.5846981123953	13.6865322882002	13.6274416770663	15.1194225351874	15.0396662287451	15.2480473329848
YJL027C	5.03243027158677	5.32900622560061	5.16772503640931	5.79028622671182	5.86833123117324	5.78219336857087
YJL028W	5.73758199476555	5.68821216455022	5.73058138124888	6.28000448976346	5.92098711195727	5.78219336857087
YJL029C	10.8740408753718	10.8891796321939	10.8976040195262	10.8507903016719	10.7993984256254	10.7462328130308
YJL030W	10.1079759913233	10.0300047996528	10.0260242370457	9.87024794822912	9.83012168947502	9.85036105841028
YJL031C	10.8777976396548	10.8496698504176	10.8161025302447	10.6944406801385	10.7361503306835	10.7269560938678
YJL033W	11.4059647308794	11.5658335883047	11.4612194247694	11.7665422302279	11.7992862360674	11.8638970901929
YJL034W	14.3161925164642	14.3784977553645	14.5505507209051	14.2917276519509	14.2940439690853	14.5135028702587
YJL035C	9.17956839362225	9.23075171129095	9.47474409374823	9.74345072030563	9.50450268443987	9.92839104799631
YJL036W	11.3802408914396	11.3180157106548	11.2608479374078	11.6842156617419	11.691673268832	11.5208508720503
YJL037W	9.78363354811868	9.78360674777836	9.70031642499013	9.94549386730434	9.97044196434778	9.82338376654316
YJL038C	9.80431378502386	9.91919687898383	9.82790969305441	10.0466033298784	10.0400469287658	10.0278450325357
YJL039C	11.2413425335453	11.2512301473375	11.2323891269728	11.2382816965065	11.2068387919449	11.3155115210589
YJL041W	12.2498586560461	12.2086967015974	12.2335751170857	12.2438231957992	12.2016904690063	12.2427527394303
YJL042W	12.0922641426757	12.1500912333274	12.0838141645051	12.6328632695603	12.5625479950676	12.5746913674379
YJL043W	8.46199282412962	8.52659917522637	8.35662692504304	9.25518719084091	9.29502164767312	9.1539217229099
YJL044C	12.2388006704902	12.2794496636385	12.2292276138778	11.6536936079655	11.7714220047601	11.6696084775648
YJL045W	9.7528648924363	9.67589924464295	9.62082695733264	10.6404751440263	10.5764771098318	10.6695512112768
YJL046W	10.1912548198478	10.2142565830317	10.2001821961887	10.0380338397371	10.0887631750284	10.114960797491
YJL047C	10.4684021328859	10.5192271365393	10.4722325681731	10.116877531954	10.1023851224834	10.1164431403514
YJL047C-A	5.30384383501616	4.67785316292901	4.938326897295	5.02646328380105	4.95532230271542	4.88427127045992
YJL048C	10.4604069563531	10.3794972286383	10.3883260250043	10.3203784791619	10.2132540800232	10.3231366432945
YJL049W	10.7409409374516	10.6512905044582	10.6438747463303	10.8430814339352	10.9173674682432	10.8523369891526
YJL050W	11.5281228552779	11.6532211247346	11.5688905500902	11.8886660176205	11.914560204272	11.9877008259363
YJL051W	10.5193177456633	10.5123814082233	10.5135243805259	10.1005094975258	10.1621402039292	10.2054945995758
YJL052C-A	5.2629494337204	5.18022545995824	5.05925899540386	5.15954622307309	5.06610471843126	5.23367876684954
YJL052W	18.3027450874962	18.1820211108491	18.4296483349067	17.3127527273583	17.7288326778114	17.3309759171084
YJL053W	11.358896374522	11.3081681561471	11.3268171175096	11.4546938440985	11.4836481856849	11.4450205989439
YJL054W	11.8020552292558	11.7636297893435	11.8274669582697	11.7293913973247	11.6957222371393	11.7723734235832
YJL055W	13.4224921849848	13.356342195605	13.3633781225999	13.2419223392455	13.0721342584432	13.2474986843403
YJL056C	13.6759834974354	13.6323154338623	13.6833969402641	13.1672785524295	13.2469466043151	13.0066133039385
YJL057C	11.026672771163	11.0192159916629	11.0426447481532	11.1754906844365	11.1317847260084	11.0949351027879
YJL058C	9.78843230095958	9.78644732813689	9.62490724443153	9.34727591889435	9.33481393311224	9.27571316812359
YJL059W	10.2699865570202	10.2057943211479	10.1988144316691	9.47976605298398	9.41997890798688	9.47148368443151
YJL060W	14.1802786684742	14.1327250879968	13.863681198249	11.2994778593945	11.3912424784824	11.1760645860839
YJL061W	11.0693502521906	11.0264414215991	11.0464515349237	10.6331789397224	10.7079168438634	10.6317001505638
YJL062W	11.1523358172301	11.2465971481114	11.2277026948824	10.7137841398744	10.7586899913199	10.7979528092605
YJL062W-A	10.2971751957397	10.3012291862769	10.3419923996795	11.5141539481455	11.4017457679558	11.4637730070074
YJL063C	10.7409409374516	10.7535248787022	10.711612097108	11.7240596740716	11.5492644019456	11.5708993521228
YJL065C	10.95379898081	10.9650938990157	10.9118642851936	10.6740444785843	10.509557406532	10.5429948115297
YJL066C	11.1665334725778	11.0312383473983	11.0979844359724	11.9269588838473	12.0184301867333	11.8483719002871
YJL068C	11.6618095697182	11.5687234428997	11.6034108673371	12.0583549851253	12.0500505761064	12.0050079722584
YJL069C	11.5438137822656	11.6590437702161	11.7761210321679	11.6175910361127	11.7042329219414	11.7695500887601
YJL070C	10.69398195505	10.6919978032173	10.6256682583689	11.0477848385061	11.0299822779571	10.9544874077825
YJL071W	11.6242856465355	11.6512750087966	11.5736467885566	10.4282995826683	10.4253606229461	10.3896207704078
YJL072C	10.3895446305292	10.4083627079524	10.3799019601692	9.71454663676061	9.59979559151299	9.70027321064048
YJL073W	10.9749984020108	11.0818223411419	11.1133098400337	10.6110662516503	10.6149976634638	10.7044646527932
YJL074C	10.7532639211361	10.724200689585	10.8399876409926	11.0957560352122	11.0134961889692	11.1725065823153
YJL075C	7.99193340965157	7.93802148664244	7.71739433337133	7.86459668800999	7.87137372015134	7.89196853088415
YJL076W	12.4713914687294	12.5372182654513	12.5415119426125	12.2646948243666	12.1796950062625	12.2819145737529
YJL077C	10.6250238954994	10.6029710514847	10.6266857810479	10.8118272810411	10.5368995995959	10.7375901527725
YJL077W-B	6.42451074493816	6.65755823912163	6.35948549534073	6.77699068572738	6.94221377225587	6.70576338134174
YJL078C	13.5453222951937	13.5340349361894	13.5686989879711	13.3160608292936	13.1709386983332	13.393248805334
YJL079C	15.639456963273	15.7924242021417	15.8115467191332	16.2399025112157	16.3117173872388	16.4009645330965
YJL080C	12.3435703886256	12.381819187816	12.3052282793641	12.8057819646912	12.7580737767092	12.8472645297011
YJL081C	11.7550357278771	11.7451362813924	11.7299986625912	11.9289464154563	11.9195698046928	11.9214145332362
YJL082W	11.5276446982037	11.436657281234	11.4107244174867	11.9028924416221	11.7925805269473	11.8344800913979
YJL083W	9.46385473646384	9.60042454683164	9.56032731535048	9.94156083330406	9.76822513194483	9.75459875573438
YJL084C	10.845165171964	10.7794164499816	10.7972478872524	10.8031845727252	10.815200076193	10.7727946471091
YJL085W	10.959482690828	10.9023309005274	10.933405028696	10.4977936456528	10.6140470810515	10.564873726839
YJL087C	10.2904259320892	10.2892640671241	10.3677815910406	10.203724824686	10.1802368291226	10.2493916909638
YJL088W	13.8176607087447	13.7592581210184	13.7447795412513	11.2205412754617	11.3224967492541	11.2056103537627
YJL089W	10.9257656078401	10.7010572100992	10.5833195119589	9.03161545666219	9.21950424807529	9.03663154686877
YJL090C	10.6664455475945	10.7411348606942	10.7522710143139	10.5120068828552	10.5044366656341	10.6306632364373
YJL091C	10.8062682791996	10.8027489435436	10.7173546995565	9.86748660848555	9.94041828408073	9.9895297995
YJL092W	10.8428607023265	10.8111407812433	10.9448720246459	11.0032030516631	10.9410596119065	11.0303564754661
YJL093C	10.7458827705805	10.7447900436207	10.8660709108009	11.1904803176661	11.1191104626637	11.2521993646452
YJL094C	11.4168503515331	11.5374552840905	11.5138612337933	10.8819044906653	11.0783393830242	10.8796521664943
YJL095W	10.6551069810505	10.7085634950671	10.7400991935355	10.8082324433215	10.8316484903933	10.8126569019567
YJL096W	10.4911444505646	10.3794972286383	10.4238820837774	10.9474278783197	10.8308305088124	10.8452031391073
YJL097W	11.7419042459334	11.71041632842	11.7032410992638	10.8660855404413	11.1979850309965	10.9021694757053
YJL098W	11.6144124539497	11.6736901442266	11.7548736883101	11.5682877746449	11.5802563984259	11.6584598297046
YJL099W	11.026672771163	10.897084771834	10.9135327332899	10.6850628707349	10.6263560583354	10.5799938820161
YJL100W	10.5193177456633	10.4899057165413	10.5568733658822	10.0490424324057	9.89104115267787	10.0231109266444
YJL101C	13.1093392022995	13.0722059549546	12.9128368759537	11.1546930457973	11.2817762322228	11.0483280614102
YJL102W	8.71167073526904	8.74693734013538	8.6808145476214	10.3552871865297	10.2332030006227	10.3050508572129
YJL103C	9.94419267398923	9.91660633068958	9.83848917427088	11.1921362586673	11.1304558246724	11.2379714956499
YJL104W	10.7109290442389	10.6859264346987	10.6236310572241	10.8556745823077	10.8422402567369	10.8089949063038
YJL105W	12.1785521826882	12.2583811715898	12.3191415458406	11.7347034882397	11.663926588803	11.7896629444312
YJL106W	9.78843230095958	9.76500531996606	9.80111636635532	9.48698136353009	9.59015802437514	9.28629132225479
YJL107C	7.946742017298	7.85903994553128	7.68637776656579	7.39546838298364	7.39920394397203	7.63396857030238
YJL108C	8.24609570012859	8.23332841639016	8.45628219083512	7.78462864011795	7.73764293380782	8.08041519003744
YJL109C	11.5218944173557	11.6555530037665	11.4634990716167	11.9981019103417	11.8441577536636	12.053397987627
YJL110C	10.7943917081038	10.8838853695248	10.9953745372659	10.8633166233505	10.7706824168881	10.8744055677557
YJL111W	12.4427664032912	12.4730032042761	12.4769707230933	12.6594416083188	12.6675200534532	12.6726451370309
YJL112W	11.006224605203	10.9211897674224	11.0242310191223	10.8784803143383	10.8324660084085	10.9783222667269
YJL113W	10.4228416600969	10.3832544267069	10.405027980499	10.2286834593641	10.1050941410853	10.2588186545289
YJL114W	5.38154681045809	5.09767709213781	5.55804051467948	4.9780834168811	4.95532230271542	5.45902413141926
YJL115W	11.7009290682408	11.6763720166862	11.7879934099436	12.3783901404888	12.317743326599	12.3961474309902
YJL116C	11.4799993475362	11.6938727973852	11.6749945751501	14.6667600574591	14.8521154103126	14.7964491800663
YJL117W	11.7190514286675	11.7234418093179	11.7861732376566	11.7144894510883	11.6523990047979	11.6711220942619
YJL118W	8.7871873411058	8.89913076913113	8.89204529835388	8.97370708216708	8.93570504285784	9.22162559964184
YJL121C	11.4570807078733	11.5085075266664	11.471449586485	12.299677190399	12.1709959651847	12.2802625563855
YJL122W	10.8023202767672	10.9675985497144	10.9521958210478	11.7079452455577	11.6565595542384	11.6680932711233
YJL123C	12.4962862957895	12.4507977367187	12.4343164370878	12.8804287916781	12.8987739554363	12.8477107711073
YJL124C	11.4002297880696	11.337995455361	11.3454775294001	11.5989871617903	11.5462777609857	11.5458171480327
YJL125C	10.970079662893	11.013167031305	11.0517642159954	10.8961979290164	11.0004613130847	10.9758747744188
YJL126W	9.92543659829317	9.83390028401339	9.84024489998066	10.0575469530471	10.0085610498995	9.99598677800443
YJL127C	10.4644100840608	10.4230380307198	10.4097646607056	10.3213876850003	10.4329272218902	10.3847086275806
YJL127C-B	10.478334184985	10.4420755554415	10.4494105396805	11.0306108124133	11.0062691369167	10.9569714251547
YJL128C	11.4620940862052	11.5007466514418	11.5116598557002	11.1353136890598	11.1237928932241	11.1091497858532
YJL129C	11.6429488731803	11.6442471735309	11.6456821151501	11.4716093728192	11.4430105211373	11.5441661046887
YJL130C	13.5563812801672	13.6772858579307	13.6573717776913	14.3027546821599	14.053027649034	14.4027697111139
YJL131C	10.6268109625791	10.5471272934035	10.3859241654085	10.3572566794803	10.3278484895441	10.3115361301785
YJL132W	11.6464765611844	11.511085234772	11.6121702797641	10.787203853691	10.862393015621	10.7034787639312
YJL133C-A	12.8166611609117	12.6826483338157	12.4932392807956	14.0891311698513	13.971974730673	14.1404792797088
YJL133W	12.3359439095833	12.240370223887	12.4079275649913	11.5338769434983	11.5432849240686	11.6077234791507
YJL134W	11.4680872329701	11.4648534466178	11.4071759795319	11.0581130430011	11.0947863459034	11.0374155225925
YJL136C	13.2906202664259	13.3792149678344	13.2697652330198	13.7445362330138	13.6564404228205	13.7484465602676
YJL137C	9.75450076721036	9.69416640524779	9.68085108245311	9.97272881397659	9.92056227313898	9.88033740415105
YJL138C	14.5702727918888	14.6282548187848	14.6777920280748	14.4970727388316	14.5748665855783	14.5893092460522
YJL139C	10.2092584499476	10.3238885531316	10.3481746362786	9.77178681147957	9.9236348946275	9.94850521544445
YJL140W	12.5516591409567	12.455935342922	12.4377987628792	12.2350144575685	12.1478671910607	12.2208723923365
YJL141C	12.0077031648385	11.9314668487833	11.8982678812611	11.8320856542854	11.7701425710094	11.7064885040425
YJL142C	7.35031628679285	7.51153583358028	7.4294491749098	7.29149671369212	7.41685770634833	7.30852341764853
YJL143W	11.8387518981673	11.8418197665525	11.8727663745843	12.0516817914806	12.0454748674866	11.9945680232624
YJL144W	10.0263784081839	9.97628685753739	9.83673130840051	10.7252669221694	10.7646986663897	10.53192963791
YJL145W	11.3218698066239	11.2817423025123	11.3324406289557	10.9130313057473	10.855170413197	10.8708972040818
YJL146W	10.810991663538	10.8455906151573	10.7909078415383	10.581045283276	10.6663379064277	10.7181968112195
YJL147C	9.93988594886066	9.89439673934839	9.86460322480792	9.8395784489819	9.69638356215942	9.71600475478284
YJL148W	10.9023498965637	11.097916042984	11.1284741445132	11.2536936760507	11.2913215499895	11.3792515850421
YJL149W	11.0693502521906	11.1822806600522	11.2047209216441	10.9441559266354	11.0413407437341	10.9302521116367
YJL151C	13.1364045388971	13.0771431262291	12.9933339878807	13.2874291497421	13.2542859538895	13.1164231232283
YJL153C	9.74794610386491	9.65739769675476	9.59609974321231	10.5572558773088	10.1385344131955	10.6254674557306
YJL154C	11.9131239341561	11.9127433776667	11.9125211202467	11.7853135629341	11.8809742304448	11.711891061563
YJL155C	10.9452312055875	10.8739059501264	10.8832013768249	11.276767391413	11.330620449557	11.2669557603132
YJL156C	11.6215996518805	11.6434641854102	11.6421645087726	11.3801411998076	11.45420753025	11.4254234376973
YJL157C	12.7081759595666	12.7449285941495	12.7472973955814	12.2071694109435	12.2133484497654	12.2673114821771
YJL158C	12.8260245685101	13.0540552542093	13.1485576755956	13.9203287692772	13.7677890084392	14.1523585977799
YJL159W	16.5465380505186	16.5375891622599	16.5487467047876	16.3546748267188	16.3284381582313	16.2652899359987
YJL160C	9.65641207081419	9.71667966657556	9.65315045954047	8.86155297847849	8.91731571239387	8.67528621566877
YJL161W	9.93988594886066	9.82287454511977	9.8559509770709	10.3453991808018	10.2467595664248	10.1830346750649
YJL162C	10.4644100840608	10.4528423833595	10.3774860202951	10.0635910533743	10.1673338787295	10.0651686510429
YJL163C	10.9279414685397	10.8812309339758	10.933405028696	11.5238299932551	11.5875383391326	11.4013067651015
YJL164C	10.6999361103174	10.5957029252506	10.4722325681731	11.1620345395365	11.2594577404583	11.0129541959341
YJL165C	11.8391373134588	11.8308567675874	11.7375534034956	12.036706889451	12.0926403452575	11.971412591444
YJL166W	10.5018957492986	10.4037458802389	10.4085819480853	12.6790588842786	12.4879813793937	12.6184974181068
YJL167W	13.0564561860386	13.0660836765659	13.1337835164736	13.1466466587111	12.9788560570963	13.2390191961493
YJL168C	10.970079662893	10.9831548550214	10.8976040195262	10.7850108832316	10.6663379064277	10.781229546818
YJL170C	8.18421570192424	8.04176356712475	8.08719489133089	7.7307585189373	7.80606799608234	7.76118254318011
YJL171C	11.7186325536678	11.6961399355998	11.7389655236073	11.223243281425	11.3461595653495	11.1993298605221
YJL172W	10.9075046601794	10.9531370581824	10.9391499205722	10.4995779781646	10.4659673981485	10.3760719184232
YJL173C	10.8986566124307	10.7964228718617	10.8303043604373	11.2705110711029	11.0434605354508	11.2842027381426
YJL174W	12.5582288449005	12.6037368463101	12.647318942496	12.934024986689	12.934429440722	12.9669072474035
YJL176C	11.185451004329	11.201559327499	11.219633220832	11.4693350480335	11.388465697826	11.4661000111837
YJL177W	13.5560296402967	13.7009033911412	13.5934989479642	13.878776225049	13.8398898800508	13.896620913846
YJL178C	11.5137087500473	11.4994491034074	11.5783873977158	11.4183707330033	11.4263211255759	11.4325805176547
YJL179W	9.74630277212042	9.77790874550021	9.80651500455102	10.0404874655976	10.0343731141198	10.106034603447
YJL180C	10.0344798039012	10.1473373887725	10.2379623030546	10.8860028021745	10.8438628787008	10.7709135080973
YJL181W	10.391648365644	10.4465715045927	10.3967011768342	10.5538251355146	10.7034550136882	10.4936601843976
YJL183W	11.3518908518423	11.4294077272648	11.4617896742854	11.2542221980447	11.2539763057975	11.2153259844062
YJL184W	10.7058657900872	10.7078146218207	10.6378314136527	11.0006854215158	10.6980825362707	10.8796521664943
YJL185C	10.1607401884695	10.0864107393449	10.0700792239878	10.7267910767604	10.723866118793	10.7201479201508
YJL186W	11.026672771163	11.0939094183733	11.0839768937334	10.7828145738993	10.7212201223313	10.8135709501736
YJL187C	11.0667195816112	10.9700988592729	10.9284625603443	10.7747327086912	10.6998755862347	10.8272126242019
YJL189W	13.5670071620235	13.6308348043244	13.5531302147883	14.1659236155959	14.1030870933754	14.1846857304979
YJL190C	13.6252641513705	13.7302375119455	13.6548804032693	13.853275268937	13.7987581982245	13.9479903907411
YJL191W	11.1088847139894	11.1132667608901	11.1277556379551	11.8038437834259	11.7250724478404	11.7831453081068
YJL192C	11.6996561814791	11.7230712801696	11.7309451715817	11.2840323038552	11.3524426403742	11.2742777381113
YJL193W	10.5572960528954	10.5183731951275	10.5864607123078	10.3932154675789	10.3880331620231	10.351106775591
YJL194W	10.0989911931499	10.1790251420174	10.1444339148573	10.4404266082557	10.5348919301265	10.5027565320377
YJL196C	12.1384038845464	12.0765857644864	12.0952525442122	11.300501706984	11.6607081392825	11.2413718331754
YJL197W	10.9721897479204	11.0046556472111	10.9546288470233	11.6089390747507	11.5851151073395	11.6456854423164
YJL198W	11.3572827322948	11.5826781202379	11.4759731423905	11.9079394989599	11.9560348640768	12.0315678156355
YJL199C	10.0624815995606	10.0143407711985	9.98693482708839	9.20793046857224	9.26867569983894	9.02404381801535
YJL200C	12.4485875516953	12.4672625811296	12.4108836119539	11.6826459019433	11.591407063543	11.7405281079777
YJL201W	11.2260985598795	11.18497370887	11.2621580372163	10.6581564729269	10.6854683904604	10.7375901527725
YJL203W	10.2768319146847	10.1605341033548	10.1905804940509	10.1075471271513	10.303289334639	10.1630911809751
YJL204C	10.3370207171457	10.345234638795	10.306873493258	10.2783810395779	10.4361579386592	10.2893661882121
YJL205C	8.90092849790025	8.86726928293415	8.85429306273958	9.39216531011743	9.39583898327703	9.40023547727029
YJL206C	10.3468124551855	10.2517341238797	10.176751938322	9.92572055198404	9.93433780809392	9.89250175817896
YJL207C	10.8235122621843	10.8332832377641	10.8976040195262	10.8928075529953	10.8102287557514	11.0153396317685
YJL208C	10.15207911601	10.2962557766626	10.33329250944	10.4570513146771	10.2638311196074	10.3760719184232
YJL209W	10.8390117198055	10.9385291234876	10.9489453899645	10.8975518514593	10.8027395036892	10.8163096249036
YJL210W	11.911658795596	11.8411370144278	11.8354097274778	11.4445411224275	11.2901318335271	11.3656055265087
YJL212C	11.5122593867408	11.6520537702349	11.5491706909074	10.2563870922567	10.1892007019878	10.2761640709595
YJL213W	12.0582377933515	12.0528991742701	12.0030609923053	9.01173630367454	9.00989673555211	8.99208480027116
YJL214W	8.68444739038734	8.81811531967767	8.66899847566881	7.95606138076598	7.98781293764928	7.99898337190303
YJL216C	8.65669936344408	8.57673637479191	8.6808145476214	7.71850708796934	7.62086845408867	7.81347127778361
YJL217W	12.2921363917211	12.2364813059439	12.2879674559158	11.2297075219044	11.0533119180658	11.2318306174013
YJL218W	8.90682809218667	8.95577388707916	9.11736567216287	7.92444154295811	7.69496136737987	7.99252378028765
YJL219W	9.14255541791864	9.35843786208123	9.44965739575669	9.44499138350917	9.43943345235685	9.31756783541815
YJL222W	10.6811396864622	10.8739059501264	10.7899998417429	9.99567057150072	10.2854874816286	10.1559011411612
YJL225C	11.674823676122	11.7925230947404	12.2508352902796	12.7945621479559	12.2474611487252	12.7567857101727
YJR001W	11.9581754572513	11.9349906011438	11.9451051210313	11.1693388609964	11.2751769965366	11.2118636228843
YJR002W	11.5079025395595	11.5847189411338	11.5609284728772	11.9129689610329	11.8766213943098	11.9856748253267
YJR003C	10.9351707258121	10.927636077163	10.9085215886989	10.6756236967778	10.76726617081	10.6358403694312
YJR004C	12.6722870490656	12.7590938444076	12.7556926364326	10.8437839448735	11.001915462607	10.9268771295971
YJR005C-A	7.25114448914234	6.98277226822411	7.06821730502921	5.71392276305609	5.46027586201236	5.64872822323265
YJR005W	11.3728061799864	11.3827843975907	11.4065837237114	11.603142138514	11.5596692203529	11.557321844777
YJR006W	11.3572827322948	11.3307178519516	11.3224280694081	11.173815514425	11.1941738643235	11.2656204897087
YJR007W	11.6996561814791	11.7215882111792	11.6754862993712	11.7768782842085	11.7281506109578	11.7854764170314
YJR008W	11.3907958793251	11.3610401002664	11.2363939870056	12.2424919908289	12.2073736870852	12.1426585921127
YJR009C	16.5336033553362	16.4932185909851	16.6514363527647	16.0406890228207	15.9582962092322	16.1172088376956
YJR010C-A	9.20132833526388	9.15582269674023	9.17695435458704	8.85598816475656	8.6241306612715	8.86373204821987
YJR010W	16.0278002587669	16.0208765996877	15.6582242915407	10.6983301786836	10.8727622329115	10.6379060311974
YJR011C	9.84634016285964	9.87050182178126	9.88515925023981	9.7022010072007	9.59209069817418	9.75840194756831
YJR012C	9.3836621677298	9.3546142251141	9.43810842670567	9.76734954375255	9.61698252385019	9.83603599706862
YJR013W	10.3500616519897	10.2982471988103	10.3207723567537	10.0791881911255	10.2019103618307	10.0262687232274
YJR014W	11.6486769937046	11.686669930908	11.7729078584933	11.549032775941	11.5135198520369	11.4473780238436
YJR015W	11.7000806018675	11.7223299362517	11.6521921442713	11.7213864048639	11.8453732287007	11.6265693022795
YJR016C	15.4300148810855	15.4778346552054	15.4283989423704	14.8921528895922	14.9505609810809	14.9707017339992
YJR017C	11.4720688768002	11.3995759635674	11.4657751218509	12.0215749159043	11.8388788292752	11.8927262195693
YJR019C	10.9573539229777	11.0101330128689	11.0133801236507	11.8552634927932	11.7980312875307	11.8154429668977
YJR021C	10.7767939296587	10.6575090986934	10.6578781677345	10.5512467138104	10.6035491206714	10.4342821991606
YJR022W	9.28068956763257	9.13813494050791	9.20175695070626	9.1084980199017	8.96285626284362	9.07679840903318
YJR024C	10.8007380454014	10.8489907784299	10.8652090242336	11.3383806927297	11.1781847269261	11.3699614717654
YJR025C	13.4203043888725	13.3721430274536	13.289333497004	13.0135953258077	12.9480713924669	12.9746912368261
YJR027W	13.6726354969013	13.429815951456	13.57806543948	11.4887780553602	11.7534058447349	11.6161298088963
YJR029W	14.6201265459484	14.480884422937	14.4868423002878	12.833101874689	12.7274179679743	12.585701333765
YJR030C	10.7276793441878	10.5521425766868	10.6458835773006	10.2532175422446	10.2759025520674	10.2959222068592
YJR031C	10.5478948063079	10.6935116609704	10.6428692808065	10.3680410824419	10.3150363354834	10.467184048076
YJR032W	10.8589152117194	10.8812309339758	10.803560189955	10.502250345182	10.4659673981485	10.5473972232432
YJR033C	11.1354887289012	11.1211625451916	11.1806744633954	11.2558066032281	11.204946126526	11.2874959553338
YJR034W	9.33418971637379	9.25557038496556	9.17417197676273	10.0441600954064	9.96150030620838	9.97652846369129
YJR035W	10.9272165462358	10.9600715137102	10.9391499205722	10.9069938941581	10.7993984256254	10.953658450564
YJR036C	10.3554607677812	10.2792167507242	10.2432795759996	9.96629079879254	9.92670098363699	9.94517227535712
YJR039W	11.159760720167	11.1556192722493	11.1241577273959	10.7509610478535	10.7552451919407	10.7595748658179
YJR040W	11.6153128142901	11.5993282403987	11.6586729284264	11.2705110711029	11.2441798082832	11.2775936642122
YJR041C	10.3511430931285	10.4129648055451	10.4891152092077	10.5640929787928	10.6385608898339	10.7084014839623
YJR042W	11.7992847875161	11.7571297050074	11.7190689395357	11.8493289557981	11.9280081607951	11.8254461174617
YJR043C	10.408368694273	10.295259033593	10.3641255310052	10.3453991808018	10.3610904035552	10.383477973624
YJR044C	11.0928128733758	11.0425675224763	11.0326998311342	11.0791469624204	11.0852150864329	10.9758747744188
YJR045C	13.940656784408	13.9535488757988	13.9498392432548	14.4955648596829	14.5019788297707	14.4662628062454
YJR046W	11.4814814695925	11.4998817491043	11.4491918181902	11.4806709857118	11.4403317082429	11.3656055265087
YJR047C	13.8589169920152	13.8997302377761	13.9085017749924	14.2509336251595	14.1455594480557	14.1425720533817
YJR048W	6.80484010928681	6.75505473401163	6.8877907419771	7.80793562829849	7.64350204546067	8.38147987680972
YJR049C	12.122659762774	12.1228232301011	12.1073300448273	12.3114059440949	12.3018937070984	12.2407154962121
YJR050W	10.4803124151865	10.6158024282144	10.4494105396805	10.4236080587459	10.3880331620231	10.3859382324521
YJR051W	11.7303153243007	11.8180760682251	11.8181447837979	11.3979483614499	11.600073946346	11.4788318698243
YJR052W	11.1981265961441	11.2711363005932	11.3041012625453	11.3840100651502	11.4088884200655	11.4467890286737
YJR053W	9.35590840008751	9.36605484374597	9.31217275541631	9.20355656819552	9.118508106392	9.08893552112653
YJR054W	10.3457277610497	10.4330413970677	10.589595087141	10.2679495475771	10.1917516094242	10.3179923744816
YJR055W	9.15251886144378	9.29600817104041	9.21264478821852	8.92138772481026	9.02714835981282	8.86019495664231
YJR056C	10.3989873696712	10.5175187478813	10.4355419657634	10.6803510044839	10.6645026536971	10.6160676268757
YJR057W	10.4862308796022	10.5003226463021	10.4778820988366	10.2457947264767	10.2418446359453	10.3037502961626
YJR058C	11.1260435172571	11.0632069675304	11.111857272139	10.9867593630383	10.8234477270248	10.8892216493759
YJR059W	12.8874998833169	12.8211706490543	12.7617256266741	13.0525528714385	13.0646743022042	12.9030755156982
YJR060W	10.9651440949429	10.9499739796047	10.8556941285089	10.8736727713667	10.8671880716499	10.8089949063038
YJR061W	10.8762961077614	10.9127662670285	10.9594826229022	10.9816618240477	10.9836323806619	10.98968931161
YJR062C	10.7662934307247	10.7130485886453	10.7240256358084	10.5013601061689	10.5468962447102	10.3723545819816
YJR063W	10.4513590915526	10.5504727523376	10.5504534855612	10.7434513437167	10.7698291135492	10.8673802870814
YJR064W	12.4918809352202	12.5525223854542	12.5260543302991	12.697636012591	12.6768810342427	12.6856831833219
YJR065C	12.8794654493408	12.8209975326419	12.7440193406021	12.7690863613543	12.6969945669797	12.6988518100109
YJR066W	10.9714867291303	11.0419734630676	11.0876762961282	11.3208275284618	11.2472483661785	11.3606111446744
YJR067C	9.3076878370407	9.3118708986205	9.20993053007222	9.18148571486787	9.11043792317974	9.1539217229099
YJR068W	11.446495559903	11.444769719048	11.4922531448683	11.3162791229919	11.2703585199733	11.3674739709439
YJR069C	10.292679197521	10.3471596183885	10.527756190555	9.92837271056728	10.0128952693036	10.0466275743959
YJR070C	12.7599818780722	12.9440567583927	12.9557736888321	14.1132931578645	13.9795594151239	14.0376488702787
YJR072C	11.8429858138048	11.917608999311	11.8615741712682	12.1392653810466	12.167112823579	12.1621647294407
YJR073C	14.2065796838926	14.0162839581605	14.1259327975747	14.7431101209824	14.1755863503202	14.5261732076369
YJR074W	11.1101627592434	10.8805665611972	11.0102648172554	11.1398970143865	10.6525162567952	11.060699284225
YJR075W	11.8801675692755	11.8083283610796	11.8114490132693	11.4707000731189	11.544283226401	11.5062264946902
YJR076C	11.7973026381668	11.8187698192242	11.8141310518633	11.8749853554956	11.8266224646667	11.8761980593621
YJR077C	12.0482714888381	12.0596646256452	12.0752686328489	14.3757288315608	14.3245792814852	14.497026880127
YJR078W	11.9761598762391	11.8758852138693	11.8576796278713	12.2981402990505	12.4557152469357	12.4245432765596
YJR079W	6.98487814778257	6.90030810289522	6.74310984258071	7.27480488461258	7.62845285553006	7.48512493208192
YJR080C	10.8807960227994	10.9237717491014	10.9538182942264	11.4602017234626	11.4044971285561	11.4503193979743
YJR082C	10.4187213239045	10.3691141844499	10.340752766285	10.9069938941581	10.8607911151006	10.8585502986296
YJR083C	10.4422541146499	10.3841921990366	10.4133069911095	10.0887032612102	10.1815207982103	10.0357008395639
YJR084W	11.3892175458806	11.3930691143857	11.3559455958424	10.9597940497521	10.9142818778666	10.9201033847071
YJR085C	11.962427299471	11.8881660304484	11.9597128924555	12.7648272234067	12.5384522284163	12.666081659945
YJR086W	10.5582328163565	10.4661888772424	10.4121271806329	10.3523278956739	10.3779885111425	10.3573886870013
YJR088C	11.763994782647	11.7241825822377	11.7613734614973	11.3117163315699	11.45420753025	11.4948752194074
YJR089W	11.0185282533112	10.9075580198332	10.9819201106511	11.0623444335805	11.0700450459545	11.004974133869
YJR090C	11.2736386208758	11.3399299650658	11.3142413826455	11.2943476933908	11.2823746684986	11.3429933743772
YJR091C	11.9446280193423	11.9505835892711	11.9837352163225	12.0784897994278	12.0280963329326	12.1499138746877
YJR092W	11.6622452700292	11.6946289060625	11.6808842328063	11.6680440732968	11.4568607243037	11.7333012170343
YJR093C	11.0340983991855	11.0508587693136	11.0441686685458	10.8570670589355	10.8862104797081	10.8961416160705
YJR094C	8.2367474071088	8.19956888079085	8.14527469966742	8.09031402434056	8.16480095069293	8.17468681823604
YJR094W-A	12.8038838954857	12.9737938012564	12.8508424068101	13.5793208863778	13.4911731575324	13.5847662299599
YJR095W	7.57541912347406	7.72285262122602	7.67851744294119	8.22177108584757	8.50187081717282	8.36158809370082
YJR096W	11.8563752874506	11.7175018925857	11.7157259992581	11.83879631833	11.9481365174189	11.7850104964862
YJR097W	9.52456092243698	9.59557358696385	9.59193699675442	9.24031835423253	9.21950424807529	9.21610351188823
YJR098C	9.95561479214888	9.88117069328546	9.81903378156392	9.10615650661325	9.06939483429878	8.95940076262722
YJR099W	10.1371094777181	10.0783210051438	10.1697876216369	9.87438006935382	9.80201223060556	9.97652846369129
YJR100C	10.7888156668783	10.7636491172664	10.7344466018684	10.9022805979682	10.7629844544784	10.8656186080295
YJR101W	10.5731388829799	10.6473902253558	10.6256682583689	10.6044487117468	10.5881416684382	10.5960200814871
YJR102C	9.94275852747043	9.93847907103093	9.98058101773946	9.95722902046846	9.88159173244113	9.9028473001715
YJR103W	11.7664285360404	11.7527799876255	11.7806989012241	11.6379844717306	11.5933375421675	11.7202008756664
YJR104C	13.600811661756	13.4444992051367	13.4563013736557	14.5584330014847	14.4284595128325	14.4632810554726
YJR105W	13.2140869743666	13.207483807044	13.2301487352319	13.3450039087594	13.2264132426604	13.3501198578416
YJR106W	9.58281400950356	9.69718855958964	9.67692628214986	9.43942315071588	9.41997890798688	9.53937604638809
YJR107C-A	8.98419461639231	8.96081451448954	8.83327611777217	9.01423624870409	9.08869383689039	9.02087962779706
YJR107W	9.74794610386491	9.77648072005976	9.67299076991466	9.42634635560528	9.74929916473808	9.57215981218499
YJR108W	7.73700171153286	7.4906807735781	7.64663706986025	7.17031493895403	7.3074968839759	6.99412848093872
YJR109C	15.0056706542442	15.0378875857031	14.9187903561149	13.0369730091691	12.8596106857555	13.0853519109876
YJR110W	10.8211729127977	10.9263491176589	10.9076847029083	10.8430814339352	10.7842670669915	10.8700187783341
YJR111C	12.287907469961	12.385335870514	12.3518113541394	10.828958888558	10.8743509022491	10.8389319485912
YJR112W	11.2957109215744	11.300738123962	11.3324406289557	11.0508302291877	10.911963346117	11.0081714579416
YJR112W-A	10.2020839424506	10.1171957551831	10.1585742932181	10.6998830463786	10.5706092669605	10.7250141779501
YJR113C	11.4302149690387	11.4092815374717	11.4731475825906	11.9790445868794	11.8076247769718	11.8249929303581
YJR115W	7.14453069201585	7.20471845137831	7.37200838025138	9.51018481732288	9.57068745353229	9.47611067146914
YJR116W	10.8942121536654	11.0143788542175	11.0273163425682	10.5512467138104	10.8979733514339	10.6502382659739
YJR117W	11.4913235600616	11.444769719048	11.4491918181902	11.4207267729444	11.4805224144122	11.3976542378608
YJR118C	10.7235099684102	10.6912402781497	10.6961857771903	10.6913215126971	10.7621265840193	10.7250141779501
YJR119C	11.0096528246013	10.9544003501994	10.9513838996397	10.7651226678989	10.8234477270248	10.792399901955
YJR120W	6.61301349301581	6.59297190014249	6.11825891202194	7.35637240205654	7.29799272844083	7.3598144864382
YJR121W	14.0892455086711	14.0873132548552	14.0639045592086	15.5204014396144	15.4865983053952	15.5505676962048
YJR122W	10.8717821117188	10.8435466636368	10.8311873495549	10.6356151106172	10.5617625027363	10.4729812123026
YJR123W	15.5786405451057	15.6932246673432	15.6461393183498	16.0039610238092	15.9591385714213	16.0414563257935
YJR124C	10.992429672009	11.0561638020797	11.0578119902259	10.734387786802	10.7960495912894	10.7481463924295
YJR125C	12.142469367142	12.0046312674277	12.0470458056273	12.2231851785383	12.1563799747291	12.172888584571
YJR126C	11.7700714851503	11.8149500536272	11.7567337564762	12.1161921512416	12.1498361427351	12.0676423616795
YJR127C	12.2665748942503	12.380879956192	12.3936536115714	11.7426351286623	11.7486499099458	11.7826786339752
YJR128W	6.12461592310118	5.98815259109553	6.09403595816159	5.79028622671182	5.99621597166899	6.09113312983488
YJR129C	8.34510409958728	8.4675817143444	8.25483203512157	8.57692538622758	8.9387472382144	8.84237802500432
YJR130C	12.8107780199121	12.787545461583	12.6585549457038	11.6023120999621	11.5744042647696	11.5966153069291
YJR131W	10.2116420437381	10.2568631645174	10.2299494577624	9.7554496409857	9.64889817487087	9.64176296773577
YJR132W	10.9495214539617	10.9537688424778	10.892537137527	10.847291376941	10.8901421039827	10.8673802870814
YJR133W	9.98098853005869	9.87317644829338	9.9003862418419	10.5426185352537	10.3554134207059	10.5462978793098
YJR134C	11.4358321701303	11.48509851429	11.4652064458542	11.5273325263314	11.6309445377251	11.5611364453817
YJR135C	9.15747487085476	9.04628528877513	9.1907862359129	9.18148571486787	9.19427480042521	9.16542888352918
YJR135W-A	9.99073677824066	9.93592295900912	9.93694465006418	10.5173009466122	10.5449024503213	10.6368735700683
YJR136C	10.0624815995606	9.98001368964135	10.1055475931734	10.3444066418301	10.3723777759351	10.3711133378503
YJR137C	15.8414113641118	15.9136863182476	15.6457629675379	11.8503780025166	11.9083705656377	11.7114007551476
YJR138W	11.044163047583	11.0962002805726	11.0494897480072	11.0981132262708	11.0392178325227	11.1298457043316
YJR139C	14.7011246106292	14.7035726027184	14.4857913366478	13.4879068511026	13.5273418544398	13.4858900632454
YJR140C	10.5327241909396	10.5588026108921	10.4924681546966	10.5717461796308	10.5003269438766	10.7308321006643
YJR141W	10.0964137938448	10.1273131179719	10.1472731028363	10.2979954054738	10.156927759484	10.2919921726255
YJR142W	11.2787622853243	11.2357286001966	11.1688485284853	11.2647521777168	11.2612802667431	11.1909131089293
YJR143C	11.9546226578859	12.0191914179069	12.0286890661562	11.7305313503104	11.7069101090717	11.8190885063902
YJR144W	11.247162974266	11.2736686207482	11.311713026784	12.0850404136954	11.965381621774	12.0394022805575
YJR145C	14.8312472689119	14.9790950821654	14.9331515418379	15.1120793249954	15.093724939022	15.164901486627
YJR146W	8.7482817827532	8.6843029034939	8.91222787602939	8.10917720378168	7.75851586025056	7.94647361431902
YJR147W	11.2770564183178	11.3106363539154	11.2142283852025	9.86471997126513	9.87525754486249	9.8324323868244
YJR148W	13.4892100925993	13.3813298077027	13.4501360121919	12.7144414232251	12.7353071239637	12.6312543972765
YJR149W	10.2092584499476	10.1725259282011	10.1822992807596	10.6944406801385	10.8052402437586	10.6573836798078
YJR150C	15.7309268959848	15.875374085734	15.8209669255083	14.385169589468	14.2231923666382	14.5671248907809
YJR151C	10.9243132086134	10.9997693567659	11.1548103990012	11.4496264146449	11.2417202537825	11.6640449230716
YJR152W	10.6828586091218	10.7175197803384	10.6092895172344	10.4245475850623	10.4992976812891	10.4601965559621
YJR153W	8.99531101098293	8.96834254185508	8.87843141804288	8.86155297847849	8.74726571528108	8.77258936644839
YJR154W	11.8521805423852	11.8482898468365	11.7650745117389	10.9546001553666	11.7680076566794	11.2440863442711
YJR155W	12.2819660761342	12.2766750769919	12.1973958005531	12.2158779871024	12.6273384476409	12.236291575191
YJR156C	11.6670293087166	11.472368456246	11.5768089249116	10.7260292007658	11.0561142862459	10.7586259436512
YJR159W	8.79357062823483	8.63783475965607	8.79755165242142	10.4245475850623	10.2734963342758	10.2998415620746
YJR160C	9.53792208769775	10.1627218641752	9.42646619275779	9.46887492546745	9.44372126235776	9.33550390589555
YJR161C	11.6570081613438	11.6061759846392	11.5614606473375	10.7680864281893	11.001915462607	10.8708972040818
YKL001C	15.0512103610284	14.9880276771735	14.6491634012976	10.5356786397565	10.651590087592	10.3485863305002
YKL002W	11.7631826182744	11.6512750087966	11.6695745179052	11.9315922053558	11.8026274382547	11.7747219891519
YKL003C	10.4872149337126	10.4679591156604	10.4946991296005	10.9435006448037	10.836546663348	10.8135709501736
YKL004W	11.4475070220779	11.6013456591304	11.6054766955085	10.9823000023712	11.2024187037778	11.1810310946125
YKL005C	11.5640067633298	11.4903334420053	11.4526385217701	11.7017587564752	11.5719588519092	11.5800596022233
YKL006C-A	10.3370207171457	10.307174729787	10.2838369824293	10.620116081829	10.6320018918402	10.5874949381878
YKL006W	13.8377614555279	13.9284581712545	13.836126865327	14.1758605759295	14.0411429619581	14.222339284012
YKL007W	11.9460600711482	11.7808215140337	11.7889026356313	12.0927438954218	11.9306827744547	11.9836459755095
YKL008C	12.5844424161175	12.5689034887952	12.5801032450641	11.9876515491981	12.2499108897306	11.9112035744094
YKL009W	11.6868651591576	11.8516835327839	11.8680418041992	12.0868217947478	12.0352149160348	12.1574928548939
YKL010C	12.06055339105	12.0461018464752	12.0279191097478	12.3124213437253	12.3071962847217	12.3210058658288
YKL011C	10.1181762600516	10.0455005289203	9.93036622772184	9.59108976545233	9.51879799408106	9.61264366710344
YKL012W	11.521414191081	11.4868456017257	11.5116598557002	11.4254273408014	11.4192644759713	11.4013067651015
YKL013C	12.3441135975199	12.3034403828088	12.3023657787653	12.012543918139	12.0458273607804	12.0537848257032
YKL014C	10.447319528849	10.5345122616298	10.3518712992853	10.6787769559602	10.5268331917014	10.7849626177016
YKL015W	11.3669376221631	11.4639667486009	11.4119052932057	11.4178990629288	11.3929059850005	11.4432499987478
YKL016C	12.3175294911939	12.2726297649679	12.20252267782	13.8585854424455	13.7162368902374	13.8786100554971
YKL017C	10.4654091325144	10.5513079061381	10.4608666890607	10.3374396794772	10.3382471681604	10.4066827197581
YKL018C-A	9.9697663901523	9.97877248202955	10.0011293705735	10.3835849374707	10.3185418609375	10.3636433582702
YKL018W	10.0452113581092	10.0978893532651	10.1287176846079	9.81111952336404	9.86889541323621	9.92331836491155
YKL019W	11.3191093860728	11.3672185240011	11.3268171175096	11.4788632109085	11.353582083444	11.4765253284551
YKL020C	11.6521907195806	11.7531429654044	11.7027587463577	12.0616800422253	12.0180709345555	12.0545581908133
YKL021C	11.0745972452461	11.1002005564445	11.0795250517549	10.7122461727575	10.8901421039827	10.8796521664943
YKL022C	11.3007569255157	11.2548233324919	11.2938893629678	10.9336355295782	10.934982662509	10.8987280693352
YKL023C-A	9.80431378502386	10.0119157489074	10.1781407754343	10.1479293350797	9.89261005393121	10.2096671751484
YKL023W	11.4809875980756	11.425769242836	11.3577850423751	10.898228336454	10.7783395176718	10.7356625092583
YKL024C	11.4327709539633	11.5908241386178	11.7166819157549	11.9581110451943	11.7735518760596	11.9570079515673
YKL025C	11.1101627592434	11.0288418783627	11.0772939682357	10.8096714535957	10.8398028964466	10.8062422959684
YKL026C	9.66339526185464	9.53436324078514	9.61878247568499	11.1849467457291	11.1217879980116	11.0599291832088
YKL027W	10.9030874200654	10.8557671559332	10.8178854240978	10.7381711919481	10.7317751111485	10.7510120103318
YKL028W	12.2226440631712	12.1996701058291	12.216105939816	12.1997804378579	12.1560534871246	12.227059855371
YKL029C	13.8655536611576	13.9122980588771	13.8562184205936	13.9282160834875	13.8517320027937	13.9341896002431
YKL032C	12.390606599686	12.4857274863344	12.4409835275539	12.7648272234067	12.8604124765887	12.7817538620771
YKL033W	10.3205519752519	10.3634190444246	10.3270460176079	10.2276072348868	10.2282415774334	10.3993951543859
YKL033W-A	11.9417596441065	11.8533773867262	11.8563791068853	11.2270176076496	11.117099044765	11.206306501519
YKL034W	11.500611759561	11.566659851916	11.5470225785149	11.1495884980335	11.152882328808	11.0737284913511
YKL035W	13.5902038052204	13.4921376944885	13.4228666966719	13.6549165447573	13.7196653275979	13.5347901088044
YKL037W	8.13473353415749	8.09325273497949	8.16786464138348	7.61652598639241	7.50199047120608	7.6505026902703
YKL038W	10.8687649146189	11.0532189704978	10.9874753741117	11.2107719342978	11.1871604671005	11.3070989295412
YKL039W	11.687293358772	11.6710032768998	11.6541893343381	11.3955547943838	11.45580003216	11.3878687112138
YKL040C	10.7276793441878	10.8408168821089	10.7504050983665	10.3903330539995	10.4221056045469	10.4449398596987
YKL041W	11.1890839810774	11.1495657292754	11.0832358734731	10.9636772351491	11.0714307514567	10.9791371755975
YKL042W	10.7007847012258	10.57285390187	10.5738546588768	10.5208195587096	10.5368995995959	10.4413960485093
YKL043W	12.0958165960101	11.9628749952578	11.9171024754411	12.9100773212891	12.9401292722295	12.8065268027321
YKL044W	8.53622487867064	8.41341781205729	8.37614883947519	9.01173630367454	9.28310587891085	9.15103051897226
YKL045W	11.2906472056786	11.2153243070072	11.1248780277364	11.2009359837569	11.219393498583	11.2914379180832
YKL046C	12.154597523833	12.1935316958635	12.1634442252001	12.1012879898577	12.0556623672406	12.0866707550955
YKL047W	11.0103374919236	11.0077011953213	11.0063611996283	10.6541569774457	10.8695796358275	10.8062422959684
YKL048C	11.1726630490254	11.2211086444105	11.222328063959	11.5738028174622	11.5262072274191	11.6093034017059
YKL049C	10.2836449383441	10.1790251420174	10.1795282765	10.2804583153448	10.2492107654173	10.3409984617254
YKL050C	9.50913784708942	9.50534396210329	9.60232141538726	10.8282491188995	10.7203370438515	10.8961416160705
YKL051W	10.6965367458359	10.6205849200038	10.6538910424945	10.1456519879512	10.2195178076992	10.2138277146071
YKL052C	11.1152636476033	11.1340410993857	11.1716398356948	11.2286321580071	11.4711042581237	11.2263500270636
YKL053C-A	10.0532079438065	10.056131638292	10.0655837143619	10.927683914712	10.7396409768317	10.7614708395476
YKL054C	12.3039118467968	12.2260593138954	12.2106879722652	12.6088887487277	12.5273880844124	12.636429082497
YKL055C	7.288011732825	7.26341031302929	7.09221028140252	6.95611692787064	6.85368598907547	7.2000358071079
YKL056C	14.3888746452116	14.4237752855855	14.481509512942	14.7786739656636	14.7169348466045	14.852054380717
YKL057C	11.3443082019686	11.425769242836	11.3693807187762	11.5251444398857	11.4028469419591	11.585955978509
YKL058W	10.744237373246	10.7578725416986	10.6638382679461	11.4207267729444	11.3160815937333	11.3699614717654
YKL059C	11.0554854014207	11.0783502070909	11.0623312401327	11.2031275534552	11.2099877266726	11.202822398517
YKL060C	18.0483762410927	18.0190447397333	18.0926537917947	18.3158954503189	18.3025777252119	18.3528420522879
YKL061W	10.15207911601	10.113807467884	9.9821720962887	10.4292360591221	10.3393979628464	10.4660218141372
YKL062W	13.1326363885887	13.1302255763034	13.0337814402008	13.2008398382179	13.3636569978841	13.2222534186809
YKL063C	11.3007569255157	11.2685995274628	11.2390577303453	11.3998603598424	11.3603999067367	11.4799837590597
YKL064W	12.0046140519048	11.9117682810176	11.8982678812611	12.0141050255386	12.1031788724746	12.0145782495517
YKL065C	12.614922566819	12.5674594856641	12.5584061653946	13.0174920650197	12.9784868154195	12.9173883245488
YKL065W-A	7.17441022540712	7.24688709516723	6.78810123125276	10.1157145269497	9.5843444107925	10.021529431798
YKL067W	12.0822053616847	11.939781889353	11.8847231964632	13.0631484044329	12.9376621096065	13.0296081396575
YKL068W	12.3781951128172	12.4120160380107	12.4412727032994	11.7396186910736	11.6799120072922	11.7405281079777
YKL068W-A	13.543549693907	13.4676859332257	13.2376601685809	10.4607198169269	10.6272985664632	10.4868000802948
YKL069W	10.835925122393	10.6721716975931	10.6952161326474	11.1028160848294	10.9523853496125	11.0200987023463
YKL070W	9.9341235693678	9.89965338037515	9.99955908050367	9.68033850524625	9.76822513194483	9.64997588724795
YKL071W	9.41503556901431	9.36605484374597	9.36436279565012	9.39791872862919	9.44799635738299	9.24078798030474
YKL072W	11.6278592111766	11.3757298145006	11.3091802319041	11.1620345395365	10.9806854635583	10.9921134974248
YKL073W	11.5141915477475	11.5033382515947	11.6345977744664	11.3393773087733	11.3840117015964	11.5214103982109
YKL074C	10.91117538932	10.9707232601217	11.0110442747965	10.7252669221694	10.8035735654942	10.8469899117589
YKL075C	11.4220052515928	11.3809065459677	11.3614569140841	11.2536936760507	11.332355306713	11.2118636228843
YKL077W	11.9485627463642	11.9317875458004	11.9324065833808	11.6391989585955	11.711361076755	11.6625238588852
YKL078W	9.60474647868491	9.77933535820272	9.74223713805921	9.51548684112932	9.66734730763888	9.75840194756831
YKL079W	11.1184425679899	10.9843921425474	10.9309359112347	10.9791062837715	11.0679639887508	10.905602691704
YKL080W	13.5033832784952	13.5001610058035	13.4805619901858	13.0732174734649	13.1058265542822	13.0386262509619
YKL081W	13.5953463793414	13.7213606099028	13.6160878635822	13.5666110518917	13.4951796125074	13.5379734923665
YKL082C	11.951774105378	12.0000509187838	11.9971723858805	12.3603387245519	12.479395200648	12.4143368394656
YKL084W	10.5009216631189	10.4959913974483	10.5069081922198	9.60441977282612	9.56872585684287	9.67835822341062
YKL085W	12.659250096098	12.6383385516684	12.5350236492499	14.4389261666917	14.5264967528839	14.3802749787547
YKL086W	9.29425191156223	9.12696882692348	8.95176406023511	9.96629079879254	10.2145090035893	9.82519803845021
YKL087C	10.5777656156634	10.4925170100476	10.4935840734658	10.9784666907038	11.0413407437341	10.8744055677557
YKL088W	11.4033607645966	11.4802830855794	11.4364829807854	11.4287086489591	11.4192644759713	11.3755427157372
YKL089W	10.3424687758603	10.3229107300088	10.390723891764	10.0599676335188	10.0499227097729	10.0278450325357
YKL090W	10.4000327572346	10.3804374460599	10.2773721119434	9.93630004734648	10.0928632850968	9.96011021962546
YKL091C	10.6268109625791	10.5011873376109	10.467696957863	10.3980067270935	10.2795043689417	10.2972298422867
YKL092C	10.2791065001328	10.2792167507242	10.3419923996795	10.5216978722785	10.4659673981485	10.5550692603723
YKL093W	9.96553547225654	9.93464320207078	9.97419909206058	11.1782783189571	11.0995482668271	11.1076600822201
YKL094W	12.9587516263168	12.889463284498	12.8985868973333	12.5414229851023	12.8911435962181	12.5295134100313
YKL095W	9.93123372246999	9.87984139275067	9.92871692279174	9.98806379620006	10.2369129002121	10.0008106110868
YKL096C-B	5.7654419585004	5.68821216455022	5.82387347636411	5.73988662067766	5.99621597166899	5.84405437829911
YKL096W	10.1607401884695	10.0107017069721	10.068582277175	12.071309587782	11.6053448562586	11.8563771486929
YKL096W-A	12.9047251428983	12.7332010397654	12.943985748381	15.2443872679613	15.2000452073933	15.497950549301
YKL097C	5.30384383501616	5.55109783011205	5.48170850453904	5.54580957336203	5.49686667297998	5.32909162943883
YKL098W	11.3437650559742	11.3224252737135	11.3142413826455	11.4055811973758	11.3761839649181	11.3693399985542
YKL099C	10.4970187270786	10.5183731951275	10.51682112936	10.5708978263972	10.5706092669605	10.6553457421413
YKL100C	11.6153128142901	11.5471164351802	11.5122105152259	11.5546217783869	11.4440806550489	11.4567693882452
YKL101W	11.4986613125547	11.4859723224818	11.5072469962943	11.3897939781876	11.2218913816427	11.5414101598203
YKL102C	5.81941378664086	5.7638573022123	5.85353110877442	5.35099088240602	5.42254112143937	5.28237631010879
YKL103C	13.5225868252493	13.4385309877046	13.403110546633	12.7956517581723	12.9612118652342	12.7534554876629
YKL104C	12.8137225892745	12.8352959665595	12.8364033121966	12.6966642099261	12.6518593520652	12.7381329468604
YKL105C	11.5875958303162	11.6185799800173	11.5899103922907	11.7091022645872	11.6839940730625	11.6906559467145
YKL106W	11.7905428863493	11.7808215140337	11.835849712834	10.8757351091024	10.8783149379796	10.8416229406555
YKL107W	8.39216383759675	8.35330256458822	8.39540931120947	9.74194381067985	9.59209069817418	9.54158497500562
YKL108W	10.4733767073702	10.4670742680163	10.5321071090767	10.790122638016	10.6432276960321	10.7557754260823
YKL109W	10.2870394201181	10.4942552498252	10.3345385682003	12.9109155335573	12.9359515990155	13.0913938378476
YKL110C	11.1535759579203	11.2792241274044	11.4265852555003	11.7198565954308	11.5512520663702	11.7600988664212
YKL112W	12.3643376767835	12.3309344601581	12.4129492468465	12.3075918177341	12.2578439407839	12.213619984554
YKL113C	12.3011168724135	12.2899947262413	12.5900484007453	11.9710291313736	11.9556597312617	11.9386927857967
YKL114C	11.4256027530653	11.4294077272648	11.4271693582173	11.052046587612	11.0872714232881	11.0334980949987
YKL116C	10.8986566124307	10.9069056647895	11.0195906259121	10.6952194192904	10.6845631450827	10.6856165628718
YKL117W	12.8777781460533	12.7691786727309	12.8001114026985	13.3504516454506	13.3523020274421	13.2986611167438
YKL119C	10.2859088135789	10.3823160442974	10.2366299163125	10.0057509278771	10.0791506784693	10.0834743940456
YKL120W	13.9619593961941	14.0095394413662	14.000953981528	12.530556437011	12.6909222857762	12.592639976997
YKL121W	11.256427107975	11.1627408625959	11.1632496588202	10.5581122893383	10.6450901992212	10.467184048076
YKL122C	11.3818290711709	11.4046679782512	11.2938893629678	11.6684406667548	11.603430389207	11.6766584747469
YKL124W	11.4710744956128	11.4042058098046	11.3832940183388	11.5203189357929	11.6407785662748	11.5005620216055
YKL125W	11.28895534286	11.2630028746629	11.3330641125499	11.2210820816748	11.3518725811693	11.2622768960375
YKL126W	12.2856469660717	12.1935316958635	12.1967108382597	12.2759296882246	12.236694350111	12.2485093544963
YKL127W	11.6026563458792	11.597712271688	11.6300386101605	10.5927944602066	10.5187291778495	10.5874949381878
YKL128C	11.8707730930847	11.8848571864809	11.9677648605652	10.3970497475465	10.3813445061739	10.4390286615069
YKL129C	11.3421343899477	11.3490836256577	11.3760516493298	11.4193136107641	11.4246957289897	11.4212320179733
YKL130C	10.3853279331133	10.4679591156604	10.4238820837774	10.1772122044969	10.2418446359453	10.1602194647565
YKL132C	9.58281400950356	9.52588862240134	9.51707332081157	9.1084980199017	8.98067690695291	9.03349490914095
YKL133C	10.4218126789453	10.3287677501466	10.3419923996795	11.1687783012816	10.9732917251091	11.1261717136381
YKL134C	10.2538865715244	10.2299907369226	10.2352962976285	10.2004372768255	10.2455324030339	10.2588186545289
YKL135C	12.1583088444895	12.1171944408118	12.0841845635679	11.9496518307019	11.9040997318854	11.8801297710865
YKL137W	9.92833807323034	9.79211175756218	9.78297352739117	10.3414249204322	10.3150363354834	10.3409984617254
YKL138C	10.165666121216	10.0956009272055	10.0879224353808	10.7442040758519	10.7552451919407	10.6655067604155
YKL138C-A	9.35590840008751	9.40908823374419	9.35702176750771	9.43942315071588	9.40905629925653	9.46218492135613
YKL139W	10.5694267821245	10.5703841873049	10.5999940865036	10.9283464191275	10.9792097444204	10.937817074686
YKL140W	11.6674634356769	11.5579603907722	11.6188329504908	11.1805045546136	11.3444412394953	11.202822398517
YKL141W	11.9072544309087	11.8353205382688	11.8168081135389	13.8558892722394	13.7025528671664	13.9024317293231
YKL142W	12.4743718565743	12.3311775981231	12.276344430719	12.7005474990666	12.6915982472059	12.636429082497
YKL143W	10.8436292679882	10.9257052070982	10.7096928047995	11.2189176393295	11.2907268144023	11.3103403499198
YKL144C	10.2340918608925	10.2822383011733	10.2877020417022	10.2146295120155	10.2107409525592	10.2466869173246
YKL145W	13.4883503430392	13.3793325403045	13.3925320459165	13.6713338157971	13.6787720439154	13.6027228355296
YKL146W	11.7869513299204	11.7618271461451	11.7879934099436	12.5008012322468	12.3997295199527	12.495175135002
YKL148C	11.4540642968043	11.4111228378743	11.3796773786616	14.4540722135102	14.2676918105753	14.4237972045383
YKL149C	10.5694267821245	10.5744980322193	10.5146241342073	10.2700418901091	10.3208741536783	10.1730973984524
YKL150W	12.0993603232049	11.9356303597101	11.9328179630842	13.8150988139557	13.697401732611	13.8246619119871
YKL151C	13.1139651315334	12.9510346068731	13.0270542410916	12.9706651244273	13.0291041780787	12.8206889372006
YKL152C	17.8937015916766	17.7983407009272	17.8837475097579	17.7023551637935	17.6840683602966	17.6430800077488
YKL154W	10.8196112362752	10.7879447224012	10.8062570298083	10.6331789397224	10.7732393025438	10.6584015699748
YKL155C	11.2512233550435	11.2289591851021	11.2958096085216	11.3368844765379	11.3812209546242	11.2304624205696
YKL156W	13.1799584347799	13.2575928893457	13.2491022740041	13.4793430336085	13.3531567572202	13.5041216193158
YKL157W	12.8345546316237	12.8173572810868	12.8304545035323	13.0149993647324	13.0946262014658	13.0351041351663
YKL159C	8.84671579148409	8.97333946213955	8.89542875933933	8.81642058679478	9.00700127530848	8.87078028035491
YKL160W	11.6162126130624	11.5302726181509	11.5566639951045	11.9542129549195	11.68127397967	11.8840507967509
YKL161C	11.1585258871405	11.0760307995705	11.1306275195018	11.73546076415	11.5226659950536	11.7429290489035
YKL162C	9.6334802686397	9.64805713172423	9.49717746569273	9.76586741513772	9.8382859683481	9.69035312228899
YKL163W	13.5075112377852	13.5130776736027	13.4199351388072	15.2909448156937	15.4192250443949	15.2899024993654
YKL164C	14.5047325086247	14.4914743770616	14.5542985855072	14.2848250438018	14.0996957848005	14.2283490875868
YKL165C	11.5839209957377	11.7639900478453	11.9963854191808	11.1552591044303	11.2118737934902	11.4319854486365
YKL166C	10.5526030885987	10.604581229438	10.6368217254319	10.4245475850623	10.4564528032233	10.4223472586047
YKL167C	10.4269502599775	10.3944676550737	10.3295478614314	10.6011285224318	10.5597891650118	10.4752935700629
YKL168C	10.883788186663	10.8332832377641	10.8382318723776	10.9791062837715	11.0342521899313	10.9268771295971
YKL170W	10.4563926880878	10.4065177497596	10.436702786798	10.8598479862447	10.689986115634	10.7886860528739
YKL171W	10.6871469757615	10.7256811434287	10.6438747463303	11.8615206247796	11.7263924649104	11.8344800913979
YKL172W	12.6901294709514	12.8765274598052	12.7780729637525	12.9417559724715	12.9565325669602	12.9646461266516
YKL173W	10.9170291966319	10.9257052070982	10.8780835628493	11.1098417507555	11.1110479089296	11.1342421776118
YKL174C	10.7920046149105	10.765809383246	10.8178854240978	10.755448176077	10.9718084190277	10.8117422741974
YKL175W	14.6923520755252	14.6217599131446	14.7917698018329	13.2555805634299	13.390549747584	13.1110430358085
YKL176C	12.384810257825	12.4057961765873	12.3704566631887	12.1848879803863	12.1848253500217	12.115121612011
YKL178C	11.9564001512384	11.9638161646021	11.9041539261317	10.3602058858394	10.4910370337716	10.315413343561
YKL179C	11.5820800621449	11.5806344082227	11.5491706909074	11.3777178794828	11.3603999067367	11.3587337847281
YKL180W	14.1715060470553	14.2971983542658	14.1906592803417	14.4528065056872	14.4098213589131	14.4749546337828
YKL181W	12.6137967387374	12.7427369271065	12.6866338978149	12.8359292052934	12.8123274474579	12.8568284330451
YKL182W	13.9344476854176	13.9459483090912	13.974524504058	14.4336864158119	14.3744052099483	14.5567907509413
YKL183C-A	5.08261830983969	5.42926000705122	5.00057216924608	5.20051604150312	5.06610471843126	4.88427127045992
YKL183W	10.5851376583754	10.5679102370125	10.524484367536	10.3826183385067	10.4221056045469	10.3598938110822
YKL184W	10.9580638613601	11.0852861382575	10.9866830736194	10.8961979290164	10.7422534294341	10.937817074686
YKL185W	12.8464893007374	12.8258369571268	12.8477916213227	12.3718299544913	12.4728563286736	12.3562458839041
YKL186C	11.7410795460607	11.7407501968704	11.777495918824	11.7620897222801	11.7955181107088	11.7177617774851
YKL187C	9.87218635975601	9.90489093050232	9.85941810792836	10.5802023830393	10.6385608898339	10.5352581115893
YKL188C	10.5869747971858	10.4626418694849	10.5632648004542	10.6724635296122	10.7167993139756	10.571373209914
YKL189W	10.5497799637832	10.4257731088316	10.4846324569365	10.3951338816098	10.5755007921392	10.4636945331135
YKL190W	11.9666666474068	11.9641297513213	11.9220837804515	11.9496518307019	11.8396922298349	11.8996291904231
YKL191W	11.2178230540518	11.3471613600172	11.2810219872391	11.5511849554701	11.4149047029736	11.6276091087005
YKL192C	11.9793104544782	11.9101416539066	11.9377453913258	12.5294652669131	12.4725941563358	12.5242190842827
YKL193C	11.4189145224636	11.3287709411948	11.363289351155	11.2521069472838	11.4414038303872	11.1667954602098
YKL194C	10.2128323650985	10.2068548230148	10.2812545103401	10.3203784791619	10.2698794642846	10.2068867997457
YKL195W	12.0724038223184	12.0003567282007	11.9801572690834	12.6951079627806	12.7490101828607	12.6320317843021
YKL196C	11.9641952086303	11.8762185060742	11.887272530347	12.0983474628986	12.163544071919	12.0622691255063
YKL197C	10.4493407243022	10.4257731088316	10.4227108948855	10.5013601061689	10.3946909449303	10.4543476772799
YKL198C	11.5598036502222	11.62216125386	11.5794387542384	12.1056875728554	12.1220232366499	12.0983435458858
YKL201C	13.287093335491	13.3781563842093	13.1954262310606	11.7501487441075	11.7197802682318	11.8240861288433
YKL203C	11.0587986634042	10.9991574050859	11.1067617354229	11.5128294447652	11.3178340126753	11.5562301036999
YKL204W	11.4297032281749	11.3519622300443	11.3838959110992	11.3338873806831	11.3873534872962	11.3581074547741
YKL205W	11.0863336641499	11.1384937820111	11.0380633040396	10.9559003831718	11.0127751108679	10.9945336163328
YKL206C	10.9016119958026	10.84218241858	10.8729475275196	10.3621686786914	10.3009284103628	10.3573886870013
YKL207W	12.1607777646854	12.1267503561342	12.162742947989	12.3390722790548	12.3805741687691	12.2930984008399
YKL208W	10.0086676914832	9.92565296404867	9.96939404617799	9.4706958365165	9.36225558887232	9.40266802950911
YKL209C	10.6061247970741	10.5098058608122	10.527756190555	10.2866722528595	10.2565394671346	10.2655146764564
YKL210W	13.471171208023	13.4901793127362	13.4991532835468	13.7307406583238	13.6734210835449	13.7244703745719
YKL211C	13.7862251716422	13.7330003797435	13.717820281169	12.0850404136954	12.1173351716888	12.0806089323974
YKL212W	12.5393783174607	12.5758967324655	12.4898883906915	12.3355804348448	12.3171593983154	12.3002890677356
YKL213C	11.8812908064293	11.9301833473449	11.9605201146062	11.6920389414523	11.7443126851114	11.6951264438397
YKL214C	10.6445609122615	10.5948930904519	10.632775890282	10.7168551636398	10.633878936464	10.5821410241035
YKL215C	10.8172655469415	10.7542503997764	10.7400991935355	10.6716724048976	10.5508755849845	10.6735843541511
YKL216W	14.2709866291988	14.2876459929291	14.3046305130457	12.7350345981793	12.8517697835627	12.9838551301899
YKL217W	9.6668742160485	9.66049782076732	9.75346167566962	11.9800034557184	11.9526551519379	11.9905324553303
YKL218C	11.7043179524333	11.6089862237006	11.5529222081789	10.7037579178048	10.6872771787415	10.7093840152671
YKL219W	10.9119084156166	10.8277794055689	10.7671120851145	10.0575469530471	10.05273198512	10.0294196208823
YKL220C	9.59929455877658	9.41827572923664	9.54963485906248	8.26864817910612	8.24573651749374	8.38147987680972
YKL221W	8.21310713761279	8.1250827053738	8.09310971301981	9.52428044764421	9.4068618115375	9.43867218380463
YKL222C	10.3905968816176	10.3180116463524	10.274778028523	9.96111961383481	10.0229580797876	9.84142458425421
YKR001C	12.3624620461829	12.3574369622573	12.3279260866454	12.5993526661085	12.5930173359599	12.6203267646287
YKR002W	11.1969241840474	11.2268698813001	11.2256895541083	11.1490202095043	11.2829728566295	11.141539988543
YKR003W	11.4470013796354	11.3728982935018	11.311713026784	10.9867593630383	11.1123948010116	10.9586250636207
YKR004C	9.96694715778887	9.95119211306259	9.79931231966134	9.65813942115913	9.84640428627079	9.7140476719583
YKR005C	8.30094360926715	8.12057852847138	8.23357858820446	8.65593293582168	8.53039978761218	8.60937368545697
YKR006C	10.9965820208739	10.8785716050138	10.8504776109976	11.4230789713747	11.3242413973981	11.3109877609328
YKR007W	10.9184889443652	10.794308001312	10.8840525833673	11.3709108461273	11.1979850309965	11.2835431916074
YKR008W	11.5612060489994	11.5542159309843	11.4928112606141	11.4923666251999	11.4435456873203	11.4538411489362
YKR009C	10.6862903217197	10.6150038024161	10.7597106356647	10.7636385011678	10.9418174337543	10.8281174986324
YKR010C	10.6419123037067	10.621380462679	10.6246500174326	10.5452124121476	10.4680732566367	10.4601965559621
YKR011C	11.2541166459721	11.2440168158688	11.1827513666943	11.5132710810217	11.6721697816629	11.4672621072146
YKR013W	12.2585291653465	12.2967332185671	12.4438726799607	11.99082632695	11.9765183794235	12.2315121322106
YKR014C	12.0452681221471	11.9908463625431	11.985322571203	11.8524738102422	12.0047153187103	11.7956887825597
YKR015C	9.45583214910156	9.5001617258795	9.37651537372172	8.62025854491018	9.02428739520753	8.70714434411721
YKR016W	10.9409281597863	10.8812309339758	10.9416050306831	11.9378565774259	11.8610819147169	11.9836459755095
YKR017C	10.4553873730327	10.5521425766868	10.5342776568332	10.6002972796482	10.5318751768085	10.5050216841757
YKR018C	12.4661609284288	12.366480386861	12.4173656731613	12.6956917522064	12.6608620043238	12.6335853028
YKR019C	11.1492307933003	11.2827483430658	11.2706448079215	10.5708978263972	10.4951732708978	10.6223409803718
YKR020W	10.5684972623661	10.5471272934035	10.5558053680556	10.2351239968084	10.0887631750284	10.2854182256757
YKR021W	11.4755438232616	11.4294077272648	11.4166191535939	11.0683678279675	11.1197803125497	11.1165753157379
YKR022C	10.553542903704	10.5217859317499	10.5386089784921	10.8416753848706	10.8775230017854	10.9081722521808
YKR023W	11.0151210860471	11.049086080852	10.9898496680144	10.8914491683284	10.9895082160752	10.9403299387688
YKR024C	10.6445609122615	10.8027489435436	10.8899970069625	11.0013152410955	10.9747735075667	10.9945336163328
YKR025W	11.2742088163943	11.4537303559146	11.6152491825885	11.5334415714453	11.3867970603136	11.551307018856
YKR026C	10.7565323483641	10.7093119797427	10.7753935734564	10.6052775663695	10.6917892514666	10.7054498683089
YKR027W	11.2878263309892	11.3519622300443	11.3136097089872	10.7419447000589	10.934982662509	10.7756117640375
YKR028W	12.5023826210757	12.4639402626438	12.5140078307283	12.3119137332438	12.2903374882936	12.3982813838321
YKR029C	11.3394125104874	11.2807355598837	11.3021920295161	11.1535602617514	11.1237928932241	11.1180558460953
YKR030W	11.0798252230392	11.0294413689533	10.9835095129398	10.8612364420942	11.0040939421759	10.8787790574379
YKR031C	11.2372542071074	11.3056957282614	11.3583976703828	11.6294543150719	11.5457793858014	11.6281287310004
YKR034W	9.67553505574492	9.56446593194929	9.78114662581454	10.9526476136422	10.7868000079615	10.8469899117589
YKR035W-A	11.4419351837019	11.3399299650658	11.4295034069949	11.7754062312441	11.7364726685293	11.7216623576041
YKR036C	11.5816194614519	11.5562973861793	11.5308089640974	10.9701260719496	10.9821596746124	11.063775583804
YKR037C	10.0808519185459	9.93720158132556	10.0550393761052	9.82114415720842	9.82026314852849	9.85392019979115
YKR038C	12.0159086068622	11.9647567203439	11.9785642175222	11.6986555348835	11.6281224585688	11.6024445391962
YKR039W	11.6722302299024	11.6438557325908	11.6396466711873	10.6905406658493	10.7681209911089	10.6543256926078
YKR041W	7.80193901807109	7.92256933808989	8.0450945362815	7.1056100902407	7.09319788802021	7.07026685966999
YKR042W	16.1654789547404	16.2482982690144	16.2520167216087	16.9308295569716	16.8959810724153	16.9440035032587
YKR043C	12.5317685955453	12.5223890137959	12.5586727390126	11.6943776764442	11.6309445377251	11.7615205030533
YKR044W	10.9235864602685	10.8977415822255	10.9578665115275	10.3893709680548	10.4035204540932	10.4879456990444
YKR045C	8.95886462131641	9.01754858922199	9.01533822448822	9.24245188780338	9.22200307181246	9.2783649934105
YKR046C	11.9123915508718	11.923426166361	12.0512198636488	12.4546402375536	12.4289401341329	12.4459214532799
YKR048C	13.2114100231151	13.2118477260653	13.2139924273104	13.4419049150351	13.4256442817887	13.4212514304418
YKR049C	10.7117711947813	10.5106648876835	10.471100001929	11.94801935669	11.7508136423191	11.8398734457473
YKR050W	10.4279755839757	10.524340195939	10.6144278795746	10.4524525275829	10.337095454598	10.3957375178991
YKR051W	10.9580638613601	10.9788159724508	11.0303950813517	10.7083940658061	10.8283737774096	10.721122485879
YKR052C	10.1545590197953	10.163814501413	10.274778028523	9.92837271056728	9.89730654282835	9.79958814036238
YKR053C	12.0674779669957	12.3357894509065	12.2528136255135	12.526405592695	12.3713222206291	12.6640561063459
YKR054C	11.2650585326416	11.3243807614167	11.2423805076945	11.4602017234626	11.1436900698367	11.5264363920434
YKR055W	10.1421166402503	10.1047329259049	10.1157303391452	10.0082600465335	9.94647323135117	10.0341330976384
YKR056W	11.6260735353617	11.7592996555319	11.8265817229011	11.7661717123139	11.7382185801539	11.8268048252304
YKR057W	12.992060465345	13.0888375815105	12.9694724808674	13.7651707785698	13.6034273953543	13.8238683194619
YKR058W	12.0114697865834	11.9936139010238	11.8944712743243	12.1007003637538	12.0273825389065	11.9599004086634
YKR059W	13.8213717496156	13.939822949293	13.8136310922212	14.4446679973861	14.4380919333391	14.4748824178326
YKR060W	10.0505473385521	10.0094866422169	9.98534899710802	9.41504248361869	9.50244887732398	9.3431229973538
YKR061W	10.5018957492986	10.4890342338137	10.5440049051183	9.927047240942	9.95099781714385	9.87859123294351
YKR062W	11.190897044291	11.1490141454818	11.1730334665585	10.9283464191275	10.8901421039827	10.8656186080295
YKR063C	11.0607829740597	10.9480727980112	10.8959170355385	10.827538999844	10.795211166563	10.8469899117589
YKR064W	11.7861519905558	11.7330423145959	11.7446002221723	11.4240187779274	11.4810438468398	11.4788318698243
YKR065C	11.0693502521906	11.0455341555249	11.1031110152513	11.4150657994049	11.4000924293346	11.3499403228252
YKR066C	13.1010071056525	13.0552331834948	12.9964859103172	13.3245155261453	13.3657761410579	13.2263773739919
YKR067W	11.2804661375544	11.2132151479224	11.1384958406628	11.5989871617903	11.383453983929	11.4379251219162
YKR068C	11.9013609498553	11.7978107799124	11.8065189547501	11.5843497745954	11.5748928503103	11.6384820655526
YKR069W	14.531748140069	14.4965235718207	14.2975405130999	11.095166135136	11.0721231053774	10.9676863460962
YKR070W	11.4111586051193	11.4147984032031	11.3946872586408	11.2979407242687	11.5241847305961	11.3505702079063
YKR071C	11.7307308213833	11.7985143425487	11.9253951206409	11.4380428982082	11.4456843689779	11.5795223710619
YKR072C	11.4127131279897	11.5298489926458	11.6075395696976	11.9577866063259	11.9492675035878	12.0169609318649
YKR073C	6.03796525016689	5.88081552441598	6.06936704827455	6.0165771608295	6.2201282285549	6.18777232044934
YKR074W	11.0014113697376	10.9575537486619	10.9350487622465	10.9519961786702	10.7715352157696	10.8892216493759
YKR075C	10.669049531388	11.0288418783627	11.1327776849204	12.9931608539405	12.8457091880987	12.9677285952831
YKR076W	11.0354444163446	10.9707232601217	10.9969491926802	11.8468782094909	11.7042329219414	11.7274935246177
YKR077W	10.8986566124307	10.890500167448	10.771718780284	11.2286321580071	11.373939645218	11.2352454431267
YKR078W	10.4979954515712	10.5029151667458	10.4790093545658	10.3493625209418	10.4035204540932	10.3037502961626
YKR079C	10.8725354259817	10.8944545356575	10.7726383565795	11.157521120428	11.3113980425737	11.2589255347962
YKR080W	13.0811048205422	13.1072685676819	12.916169455293	12.1205465844729	12.3200766791284	12.0752838628396
YKR081C	11.0824321241882	11.1545205158202	11.2101614280377	11.4445411224275	11.3705666054326	11.5960842068968
YKR082W	11.2787622853243	11.3790262467766	11.2900411867734	11.3010133584174	11.3248224782254	11.3743043040055
YKR083C	9.04429995815016	9.09523542801658	9.12025980190177	9.30503214891433	9.24183921646236	9.47379903416287
YKR084C	11.5751555627676	11.6021518373508	11.5992703151212	11.5369208744812	11.5812294501914	11.6019155812218
YKR085C	10.6241295310434	10.6110040276279	10.6588732294628	10.9649693108702	10.8869976622677	10.8970042825296
YKR086W	11.1260435172571	11.0939094183733	11.0713274875144	11.1150886365919	11.1502619405142	11.1371657336544
YKR087C	9.55304189868273	9.62125880309766	9.66111937257035	9.63559322340003	9.62832771039085	9.78288117097247
YKR088C	11.1082452665116	11.1250942901932	11.1463214785432	10.6787769559602	10.8727622329115	10.7103658778032
YKR089C	11.5485351098962	11.5798161120668	11.4821699620647	11.7940633224891	11.7037862406713	11.7817448325843
YKR090W	11.016484918774	11.0395947760543	10.9858903377352	10.9797455933888	10.8901421039827	11.0121581732863
YKR091W	12.1660102330116	12.1354082789269	12.1857069804727	12.1007003637538	12.0366344272941	12.0813680546242
YKR092C	12.0730593340985	12.2181931118712	12.3017288954715	12.6292007143678	12.6221474960628	12.7299261680819
YKR093W	9.82936587934497	9.91660633068958	9.8766298192732	10.3960921326667	10.4404543356724	10.4625294829988
YKR094C	13.8431515499641	13.9685527818974	13.8840335823468	14.0791729574299	14.0095959380046	14.1399328391147
YKR095W	12.0094164848413	12.0003567282007	11.9552650789139	12.3720734570503	12.2989393873203	12.4263369408352
YKR095W-A	9.30545719520028	9.20124589639119	9.41943545457754	9.33533206358545	9.04983384695579	9.38062586231795
YKR096W	11.5218944173557	11.5080774605011	11.5421775988289	11.5716841414826	11.5596692203529	11.5660261574049
YKR097W	9.71135299935675	9.77790874550021	9.78479811744227	14.357521011697	14.2674651367682	14.3983596591578
YKR098C	10.6837173029489	10.8132311348742	10.7363332612628	10.8168450510838	10.6971851748083	10.782163720615
YKR099W	11.6535061635378	11.8191165696586	11.8221473797811	11.1710192344054	11.1331124043041	11.256910974579
YKR100C	11.1454959211851	11.1919521980558	11.0802679801294	11.029376237007	11.1251279437202	11.0836132006465
YKR101W	11.1769383086022	11.0852861382575	11.0608263960206	10.6364262541415	10.7007712761218	10.6129206894042
YKR102W	9.55304189868273	9.54278833766897	9.58567025596747	10.033114029671	9.90975625015168	10.0789196942874
YKR103W	9.4837180391336	9.33145693761238	9.54963485906248	9.22313542860157	9.16600258046995	9.30721755222035
YKR104W	8.15968764816761	8.05126362397877	8.27056839439607	8.00222169279663	7.91537973176867	8.09856890403527
YKR105C	11.1890839810774	11.1594583427696	11.226360913227	11.4240187779274	11.80596092007	11.3193777710967
YKR106W	10.581456346515	10.5437740574661	10.6092895172344	10.2415359031268	10.3891449287503	10.1914981853128
YLL001W	11.5030461158644	11.4225780237566	11.5050354943357	11.4519319985142	11.409984157541	11.4608589634481
YLL002W	9.95845624260485	9.92049041020066	9.84899160770247	9.81971632609911	9.62644303420336	9.5914781323049
YLL003W	11.2413425335453	11.2756912812203	11.2357272819392	11.4389730099648	11.3973326472559	11.4678428043762
YLL004W	10.6259177057825	10.6919978032173	10.8294208305066	10.5417528720631	10.5852343598073	10.5874949381878
YLL005C	10.4021212621879	10.4438756170657	10.3370274610257	10.4780189138396	10.6571382039572	10.4531750501955
YLL006W	10.0743179181298	10.0701856393192	10.0625789043398	10.0993332133756	10.1118445095651	10.0325636496971
YLL007C	9.77881877305394	9.78928232409025	9.68671832518416	9.6928719219677	9.7371247382594	9.82519803845021
YLL008W	11.6665950510779	11.8163402297613	11.7238311709004	12.1509489143279	12.1031788724746	12.2420739779577
YLL009C	10.1002781676499	9.91919687898383	10.0306445604921	10.8218454276925	10.6130958718057	10.6685411611604
YLL010C	11.1878740051096	11.2832511003703	11.3754464741801	11.3621114840226	11.2349347766015	11.3168014227069
YLL011W	11.2736386208758	11.4046679782512	11.4537855954364	11.6302688874624	11.6314143480017	11.6731377826807
YLL012W	11.446495559903	11.6663855441661	11.9278736474669	12.3564058395958	12.1422738571556	12.561149860482
YLL013C	8.89500464269435	9.06512955412779	8.81552464760509	9.67086642914454	9.58240131885269	9.70224906507435
YLL014W	11.0414859997733	11.0591026344542	11.0203650621119	11.0126052244739	10.9799477926927	11.0436613634099
YLL015W	11.2696409293675	11.2481431350039	11.2067635167263	11.4941575681847	11.4632085518579	11.5660261574049
YLL016W	10.9301140522686	10.9179557779081	10.8504776109976	11.1569559488609	11.0741981756443	11.1760645860839
YLL017W	7.26045130310834	7.1255070086395	7.17312381640086	7.34042853749226	7.19928468323979	7.23346029847224
YLL018C	13.6420381971293	13.7336442882772	13.6531338777422	13.652011682334	13.65389912037	13.6559265322184
YLL018C-A	8.52091214933355	8.60600120829055	8.6001445654136	8.88359970585317	8.84456487328967	8.80606901662679
YLL019C	12.7977500367051	12.7896701529426	12.885682950948	13.2087687856365	13.2312254004503	13.2255191882291
YLL021W	12.168159274889	12.2158248632039	12.1718330696716	12.5012465586932	12.2998263186639	12.5135717867585
YLL022C	10.8125626943326	10.8243288162257	10.7954392871917	11.3458385847974	11.1909901827061	11.3096926482345
YLL023C	11.2736386208758	11.1838970925531	11.25296225485	11.6822531949624	11.6934742133993	11.6040302504315
YLL024C	15.404297486734	15.3196667505093	15.2753482088063	15.4270125012446	15.4444090200052	15.3571099503009
YLL025W	9.37517931693815	9.54781986541028	9.45195612894764	10.9739815814503	10.4848103539721	11.0153396317685
YLL026W	13.9570849116532	13.8334791489674	13.7008924335046	15.0668790004979	15.2041961226048	14.9949765800729
YLL027W	12.0622051168157	12.0617173944667	12.0621666576528	11.9962074666239	11.8970837073652	11.950374763017
YLL028W	11.0528293018891	11.1007711199764	11.1009161403002	11.1203165080183	11.0561142862459	11.0866410734734
YLL029W	13.1211140598436	13.1076944060825	13.0931390332313	13.1112016926083	13.0978594682436	12.964234632772
YLL031C	11.2662054971497	11.3495637921184	11.4142641487458	11.144465823981	11.2087289774843	11.2888111401084
YLL032C	9.95561479214888	9.9600250294276	9.92871692279174	9.53823960442834	9.65630617814552	9.53716372835414
YLL033W	9.38154613013262	9.3450105241347	9.31217275541631	8.75794048075568	8.83806157361523	8.95277402737869
YLL034C	10.8149160371163	10.904946827739	10.841741275205	10.8812203053254	10.8168533831092	11.0436613634099
YLL035W	10.7808123174913	10.7879447224012	10.841741275205	10.2627053735274	10.390255839226	10.4484749857219
YLL036C	11.282167979762	11.3243807614167	11.3280686825072	11.1943412273029	11.2168912829221	11.1545837299904
YLL038C	9.65990789371617	9.81454956477576	9.8029181589864	9.42634635560528	9.31388433369833	9.50582946066074
YLL039C	14.7534352671025	14.6986342307535	14.8302580706836	14.7841739129821	14.831971874231	14.7396368247774
YLL040C	11.6508740750718	11.6261300478645	11.7214520202489	11.922643148782	11.7369093445615	11.9710030200178
YLL041C	11.9160497549209	11.8921266516055	11.7590554741999	14.3188861861036	14.1641863107024	14.2926097569204
YLL042C	7.99193340965157	8.0322002228911	8.05118498395464	8.83916355227151	8.91731571239387	8.63029737741894
YLL043W	12.2104812262008	12.2619565347393	12.2379095584259	12.3732903537321	12.3668149795295	12.3067950815831
YLL045C	14.9681042442983	15.1485665529829	15.085408867584	15.2399246679039	15.2018651737458	15.2987418634945
YLL046C	7.75022685536767	7.4408001005204	7.21736905008832	7.54194179362721	7.59012201081245	7.28747801784095
YLL048C	12.5060280890634	12.5853045438926	12.4764064530791	12.3783901404888	12.3127723863236	12.4823001615307
YLL049W	10.7888156668783	10.6859264346987	10.692303282158	10.625028526509	10.5764771098318	10.6594187423836
YLL050C	14.1125479514912	14.1017788518294	14.0706494079397	14.0694458678335	14.0539041137898	14.0600618015018
YLL051C	11.990110081735	12.0365910994825	12.085665209567	11.0963456941669	11.1781847269261	11.1291116543626
YLL052C	9.16979084004691	9.22238293399285	9.26588339975898	7.17932214954675	7.27879179365498	7.22240596023755
YLL053C	9.24853883877932	9.33340098393722	9.41943545457754	7.4031604938992	7.59787083676298	7.44772722411983
YLL054C	9.83556148762197	9.84484236351141	9.79750601325521	9.95462944839167	9.95250286344779	9.96505534793085
YLL055W	12.4455533614187	12.3681401153461	12.150768781812	10.5683497689745	10.875144581305	10.5140468888518
YLL056C	10.3083542582474	10.2163644136434	10.1655928330398	10.0647968398816	10.1464460153977	10.0970528216871
YLL057C	9.53221102878059	9.49148305576697	9.51487618018209	9.34131636149908	9.36677883662125	9.30981209876924
YLL058W	12.2876251005992	12.3248426553371	12.2649537750948	11.6257830368405	11.5753812704358	11.6467115662743
YLL060C	10.5851376583754	10.4330413970677	10.4424929203828	10.6597531713499	10.5429058962825	10.5605244113374
YLL061W	11.9050471959259	11.9317875458004	11.6993777527345	10.1180395999144	10.2344406943769	10.1000529681026
YLL062C	11.1348609684414	11.1747132673537	11.0456909807939	9.5860590686953	9.56479463907675	9.3278443295633
YLL063C	10.7351539862502	10.6237644616143	10.6154533592593	10.1016848231144	10.0100072374396	10.0104101422892
YLL064C	10.8351524400049	10.9750865149858	11.0149352576143	10.8507903016719	11.1123948010116	10.7557754260823
YLL066C	13.0144155464387	13.0111480075088	13.0224231076585	13.7002282384718	13.4434117222561	13.6606327039533
YLL067C	3.71400165851154	3.71400165851154	8.3268379745599	6.57156505813382	7.89039904406439	8.68731577320478
YLR001C	11.5480636718438	11.5785877968847	11.5725912009806	11.0892538291634	11.3207499886449	11.084370764866
YLR002C	10.6871469757615	10.8208699532201	10.8364739641575	11.0404495629135	11.1177698290608	11.0934306400024
YLR003C	10.4950632917561	10.4994574363373	10.5706858565391	10.7366590204399	10.8093985341509	10.7152651907354
YLR004C	15.3644894754488	15.2924547429192	15.2477150475475	11.2647521777168	11.711361076755	11.5308892896046
YLR005W	12.2608325273172	12.2382974389578	12.309986528284	11.9857433235942	11.9930639607583	11.9775422503896
YLR006C	11.497685099281	11.5264555028791	11.5077993424802	11.9309312126433	11.9037108465984	11.8726941862767
YLR007W	11.2172301259712	11.4111228378743	11.5000471847781	11.8249879112573	11.6662210932358	11.8254461174617
YLR008C	10.0964137938448	10.0131287697439	10.0260242370457	10.3660862697665	10.28070297861	10.2721797564685
YLR009W	11.4605919011981	11.6512750087966	11.7585914294733	12.1280632735323	12.128028449998	12.1441125705458
YLR010C	9.43557816376593	9.48799690693608	9.37409304012475	9.83109958589269	9.74756624121658	9.77351519708702
YLR011W	9.30098552901116	9.30792155207249	9.49940172327958	8.9187212083539	8.79841279035137	8.80238725910781
YLR013W	5.08261830983969	5.09767709213781	5.00057216924608	4.54478888541331	4.40834765227332	4.3110417331591
YLR014C	10.1839899695077	10.2132015114607	10.1444339148573	9.97785861348133	10.0013082794838	9.98629043702592
YLR015W	10.3629857378974	10.3691141844499	10.2525378950816	9.96886945462282	10.0056643170567	9.85747057882778
YLR016C	10.7848195426135	10.8264001601373	10.9473174238079	10.7621528058594	10.6149976634638	10.6945753109806
YLR017W	11.2816009220692	11.3126078761589	11.4787931788316	11.5277697456549	11.5145389583382	11.6281287310004
YLR018C	10.9488072980467	10.9327724644238	10.976343371479	11.0593232787489	11.0886406878832	11.0699085721147
YLR019W	12.2702952131355	12.2291938244948	12.2501752418785	11.9700642771455	11.937157695307	11.9034976454403
YLR020C	11.687293358772	11.786506861901	11.7655364761259	11.3363853927634	11.4483532701365	11.3637346589796
YLR021W	10.2768319146847	10.3662694252367	10.3506401306488	10.2232942885896	10.203175189692	10.2234892208127
YLR022C	10.9315606257512	11.0107403272605	10.9795327189322	10.3453991808018	10.4712262910927	10.442578286559
YLR023C	12.186146543147	12.4316505838242	12.6692104224	13.9276363822759	13.8544510511888	14.0645796871024
YLR024C	10.1421166402503	10.1351334030141	10.1344525114748	10.8060712327837	10.9410596119065	10.8299255464521
YLR025W	12.1693858630418	12.1109773009551	12.0462855867744	12.149529148758	12.1544199398818	12.0825059895304
YLR026C	11.1603777405353	11.1692835795526	11.2142283852025	11.1249476531769	11.2080991907788	11.1254357913368
YLR027C	13.8647967280481	13.847145020181	13.8751780995768	13.3126396563882	13.2509267194186	13.2830731233788
YLR028C	13.6758756186037	13.6373382381865	13.6597346049934	13.5408504553338	13.5486405522224	13.5204472863976
YLR029C	15.3022895678439	15.400236571272	15.3630888076137	15.5639770362805	15.4486472476845	15.5986181496228
YLR030W	9.64587346085184	9.68048777558336	9.72523479129374	10.1192007323402	10.2771041573324	10.180202432565
YLR031W	8.93308129554655	8.82642502391172	8.81194794702383	9.40364927657968	9.55689990066614	9.39291309514323
YLR032W	10.8474659660838	10.9082100800022	10.7936284167289	11.1777212228246	11.0906921509819	11.1187955418647
YLR033W	11.5049906475946	11.5183638275863	11.4652064458542	11.3950756040403	11.4758210219945	11.3574808527743
YLR034C	12.8969714507691	12.8042808835115	12.6645118902016	10.9784666907038	11.379543911394	10.9361393968538
YLR035C	10.5231608898507	10.4037458802389	10.4733642458588	10.0392611744471	10.1239161232397	9.99920445877072
YLR036C	10.1156329479315	10.0407503202709	10.0504966678323	9.83393141628109	9.97637241845081	9.79033039689177
YLR037C	8.59589673697157	8.43894827949613	8.48802335223806	9.857780067765	9.66183731080895	9.64792703876174
YLR038C	9.29649994760871	9.1969810343349	9.17138421691913	11.8903670144579	11.591407063543	12.0229004778228
YLR039C	10.7943917081038	10.6987976867629	10.7457297217286	10.7576865168983	10.7681209911089	10.8153973109151
YLR040C	11.7656177410165	11.828102951069	11.8468059605014	10.9791062837715	11.0385095006431	10.9961447762761
YLR042C	10.1433657194874	10.1329033592711	10.1430122222564	9.12246776153807	8.97476115037546	9.16256069560649
YLR043C	12.5250770022517	12.4699149382396	12.5087746746106	12.8392794795192	12.644663105854	12.770501033248
YLR044C	17.4011079344551	17.3889915562985	17.5308763822365	17.6306614723046	17.6351351895205	17.5675301945759
YLR045C	11.2838678166844	11.2190079315122	11.2121963398013	11.173815514425	11.1749655229843	11.2762682082515
YLR046C	9.57172138485465	9.63077401117231	9.70995143819685	9.40174162387068	9.53093930594752	9.45985082906494
YLR047C	10.370471654291	10.456413540437	10.3094105414235	10.1615184180863	10.2553205998634	10.0278450325357
YLR048W	14.5188148858635	14.6388514268178	14.571176652797	14.6049113587892	14.6455280672939	14.6520350267794
YLR049C	10.9516618028591	10.8951125444394	10.9465027512639	10.7754692976061	10.7387691068557	10.7015049624823
YLR050C	10.4073293328729	10.3529191909441	10.4494105396805	10.3264231495444	10.2145090035893	10.3244198488888
YLR051C	10.963023671257	11.0835552793135	11.2297130302604	11.3586749624809	11.3541514676642	11.4742150933878
YLR052W	10.6965367458359	10.704815235044	10.6307487094135	11.1051617773215	10.9851035847771	10.9561438945317
YLR053C	7.49116926536429	7.61147441544829	7.59744318621366	8.04204261793243	8.09003757649208	7.94647361431902
YLR054C	9.58832848286093	9.66667814462881	9.5410234320553	9.66610695538634	9.72308407366851	9.51260151237573
YLR055C	11.0915193574822	11.1267760489316	11.0884150395508	11.4473171401399	11.3581308771986	11.4908810774836
YLR056W	14.0072492819343	14.0981403111422	14.3496926523696	14.8639490078944	14.6869654446895	15.1912491534283
YLR057W	11.1082452665116	11.0852861382575	11.1576289747194	10.9043024680344	10.9181378356937	11.0033728104481
YLR058C	16.0194499092074	16.0276809602225	15.9086429337932	14.0625976714952	14.1251885991498	13.9791788764735
YLR059C	11.1342329346864	11.1881987453208	11.2290432296957	11.4017698275048	11.3143270434536	11.3872549062719
YLR060W	13.2096226254261	13.2478381344659	13.2306507160002	13.3487205050403	13.2802828650801	13.3670284742153
YLR061W	13.6084058312268	13.7771262694627	13.7301800089082	14.0756638049187	13.9558408810389	14.1363759213728
YLR063W	9.70290526568474	9.96755327986041	9.91378767997537	9.50486322352449	9.68193852036858	9.53272888229264
YLR064W	10.8551088843073	10.8983980937011	10.8899970069625	10.8046286248147	10.9425748577053	10.7718543842413
YLR065C	11.0253185407318	11.2190079315122	11.1702448572067	11.11625202416	11.3190011104483	11.4073738349549
YLR066W	11.2419256355121	11.3180157106548	11.2456956492452	11.214035737765	11.1967157605088	11.1283772306898
YLR067C	10.0558636499356	10.2279027402621	10.2485773187045	10.4662051357867	10.4848103539721	10.4223472586047
YLR068W	9.60474647868491	9.63077401117231	9.67495986867888	10.0539082973815	10.05273198512	10.1787842229925
YLR069C	10.4135542969625	10.4402732446598	10.4401796552837	11.4878795163813	11.405046771553	11.4960143746297
YLR070C	8.62124489303322	8.51635866747534	8.70029502400833	9.64691038896782	9.61127627892402	9.68636589895644
YLR071C	11.4530574232538	11.4815979792025	11.4911362651998	11.4752408510695	11.4747741841778	11.429006416076
YLR072W	11.6265201615711	11.6415048538777	11.5919956295054	11.5343121842006	11.4483532701365	11.4719011527727
YLR073C	9.27386024026438	9.67283209196571	9.8714878406722	9.94024743481174	9.94647323135117	10.0450716714832
YLR074C	11.1298290260983	11.4014296854797	11.5083514772686	12.0449775868532	11.9249453753816	12.0588043042472
YLR075W	15.7950822777154	15.8778311474348	15.8629636571536	16.2343381777811	16.2256798537406	16.2710822243995
YLR077W	11.7194701820817	11.7981626041202	11.8150239578335	12.0455883490323	12.1931234420782	11.9877008259363
YLR078C	11.1461190717535	11.0847094159934	11.1327776849204	11.090438230424	11.0349626147932	11.1429951309856
YLR079W	12.5060280890634	12.5119170898835	12.5698245838134	12.554784816766	12.4562457129816	12.4488657469621
YLR080W	10.3726033710162	10.2476177187663	10.217846101539	10.7591768168915	10.6980825362707	10.5885633405433
YLR081W	9.39209539386453	9.43285501079456	9.44042563372241	9.54862098956193	9.45438532374518	9.31240198367659
YLR082C	11.0986193845604	11.0532189704978	11.0365329169459	11.0641540941319	11.1833205575861	11.0514308274745
YLR083C	11.7215621278397	11.8380606249484	11.7664599613482	11.5507547763432	11.5851151073395	11.6333146860125
YLR084C	11.1342329346864	11.1978308203276	11.2549377202765	10.942189187484	10.7457293561443	11.008969682914
YLR085C	10.8242912030309	10.743329081676	10.8338330786404	10.4441375813789	10.5488872870686	10.4319030981147
YLR086W	11.4834552666745	11.4688368571188	11.4703164777522	11.4131738609847	11.4274037067916	11.4678428043762
YLR087C	10.2376048435965	10.2650318805571	10.4191916116621	10.6803510044839	10.4617464355057	10.7356625092583
YLR088W	10.9819962058238	10.9429906966603	10.914366234256	10.7937628329755	10.819329796031	10.781229546818
YLR089C	13.7155649476548	13.7062558608137	13.6932642484063	12.8764864304261	12.833511078129	12.879046227678
YLR090W	11.2673515504762	11.29426766257	11.2797289147098	11.1272576624225	11.0893248331142	11.0790594418652
YLR091W	10.3172355419214	10.2822383011733	10.3702138262085	9.6517335429833	9.53697183501085	9.63763889883495
YLR092W	15.2707436154342	15.2816133011336	14.9955229781682	11.0827221828914	11.3143270434536	11.0729653162757
YLR093C	12.3530471401441	12.251203752643	12.2194818659846	12.8513812494189	12.8598111752432	12.8423467427082
YLR094C	11.1683750817238	11.1627408625959	11.2641209588284	12.1712401124048	12.1557269256167	12.1433857645011
YLR095C	11.8119064581813	11.7942878107468	11.8658891466439	11.6184123326654	11.6024722021116	11.6976040804183
YLR096W	11.3728061799864	11.4060535958767	11.439960145463	11.6200535244097	11.6440417352773	11.6405438459867
YLR097C	11.2798984103812	11.2004950226959	11.1299100849308	11.1069185470376	11.0693516937337	11.0545269343121
YLR098C	10.4533746385055	10.508946322061	10.4156637209829	10.2091874738163	10.5064871439469	10.3333704651195
YLR099C	11.0239630378148	11.0324350906544	11.0720746485296	11.6572946291483	11.9025435613716	11.6307240387838
YLR099W-A	9.27841671851515	9.18841326149191	9.21264478821852	9.37865069134875	9.12919852729268	9.50129702309464
YLR100W	12.2308918533292	12.3066586706238	12.4354781465583	11.8531717367712	11.7866873534728	12.0545581908133
YLR102C	10.2836449383441	10.1649063115427	10.1988144316691	10.1192007323402	10.1595363363896	10.0940464215356
YLR103C	10.306125366385	10.4402732446598	10.3444684749273	10.7168551636398	10.6763902707895	10.7699720178765
YLR104W	10.3947982265153	10.438468679092	10.5190147833897	10.5058058171195	10.4712262910927	10.5473972232432
YLR105C	10.2938045116022	10.3898060656354	10.3799019601692	10.4254864998178	10.3485714158959	10.4211483151725
YLR106C	11.7913397971975	11.9156647194259	11.8384868107454	12.8728774502601	12.670723319729	13.0532098746226
YLR107W	11.1775480269925	11.3277964996225	11.3614569140841	11.6039716997701	11.6570210977065	11.6338322576637
YLR108C	9.6405751305196	9.63393184450575	9.57727200621036	9.23389873885709	9.30448384483515	9.17114819158149
YLR109W	14.8746623859924	14.6963238594048	14.8120370268519	14.5562916557237	14.6051990228147	14.4014025163878
YLR110C	16.8991921340687	16.8682476818569	16.8981673754092	17.7270223124395	17.5853707000353	17.7241574465106
YLR111W	6.53756232314188	6.3318164600329	6.43761252034787	5.07269176692516	5.34328455831664	5.07335219469129
YLR112W	8.37522883847551	8.3911680022231	8.16786464138348	7.61652598639241	7.50199047120608	7.58318722655628
YLR113W	12.6515904441596	12.653973093302	12.5037993759137	12.9414278369209	12.8931039491915	12.8286227230856
YLR114C	12.5471840280581	12.5914071859153	12.5181259026334	12.2221049642963	12.3238603463359	12.2105006142413
YLR115W	10.7392898903837	10.7491640725811	10.6884103092644	10.6085882304581	10.5258226763807	10.516294394267
YLR116W	10.3884916112583	10.4785351644905	10.6030992237181	10.8430814339352	10.7791878031374	10.8398295038279
YLR117C	11.4595895748246	11.4443202228661	11.5133112041123	11.5460143204178	11.520131210743	11.4965836150996
YLR118C	10.7235099684102	10.7249411064298	10.7494712345227	10.7206847720645	10.689986115634	10.7084014839623
YLR119W	10.2329189627057	10.1171957551831	10.2379623030546	10.0380338397371	10.0114519762742	9.99759651574285
YLR120C	11.2764873474302	11.337511422332	11.3669472572965	11.2194590544413	11.3271444637909	11.3404588941004
YLR121C	11.697107033692	11.6771373511325	11.7224041513908	12.141838176785	12.1379819215701	12.1821185461584
YLR122C	8.46998953722984	8.37235989864924	8.42382489996369	9.22097308753179	9.05824966333571	9.19380112525559
YLR125W	7.75022685536767	7.7639287966426	7.77010709961017	7.52795260577976	7.73061712477976	7.69898852416998
YLR126C	11.0830831140576	11.0300406105182	11.1498646013565	10.833917521854	10.8862104797081	10.8308287212617
YLR127C	10.9972729184803	10.9531370581824	10.9795327189322	10.6315525370412	10.8398028964466	10.7868255366414
YLR128W	9.92543659829317	9.81732990154133	9.86287692312811	9.79957681358675	9.95099781714385	9.83783443095825
YLR129W	11.4439637975351	11.5217763821714	11.4265852555003	11.8199986314667	11.752542294687	11.8823094342251
YLR130C	14.9598874647262	14.8745447129514	15.0025454283349	13.1963090136991	13.2934046340192	13.113642824448
YLR131C	11.475047914511	11.4339429659275	11.4816077134667	10.937589674961	10.8438628787008	10.9586250636207
YLR132C	8.70491300201423	8.50949095043807	8.60841805823725	8.16432438598526	7.92770877548494	8.08041519003744
YLR133W	11.306900390402	11.2817423025123	11.2874700213385	10.8535833438531	10.7868000079615	10.7868255366414
YLR134W	15.210725674336	15.1700313897998	15.0576216971725	9.92572055198404	10.1660372122909	9.85924249593433
YLR135W	10.7951865288339	10.6094010071512	10.6588732294628	10.8395637382904	10.6926899748694	10.7595748658179
YLR136C	12.9838922202219	12.903919641673	13.0896382437141	11.7388635951671	12.1848253500217	11.557321844777
YLR137W	10.0782418694686	10.0143407711985	10.1444339148573	10.1005094975258	9.92209940218302	9.97489502464505
YLR138W	12.0008294645318	12.0731010853199	12.0692939189523	12.1364013275502	12.0727139266769	12.0668759806924
YLR139C	9.53221102878059	9.57764578484083	9.65714042112163	9.59108976545233	9.59015802437514	9.60632656540178
YLR141W	9.63880468517168	9.64022683928895	9.70610515494816	10.0887032612102	9.93890056680198	10.0419548210487
YLR142W	9.71975153098808	9.75053144866779	9.68476522900867	9.64691038896782	9.7919589608561	9.53937604638809
YLR143W	10.530816596235	10.5183731951275	10.463147040848	10.1547398806102	10.226998550418	10.1238320878375
YLR144C	10.6768333970845	10.7527989925429	10.8143174301168	10.4753012325334	10.7070255812116	10.5810678525634
YLR145W	10.3661987462056	10.2517341238797	10.2538556741461	10.1399428384632	10.0343731141198	10.0309924920219
YLR146C	10.0331327275723	10.246586779245	10.1387387168215	10.1794402988993	10.0708600951477	10.137037544401
YLR146W-A	8.2273379115379	8.19956888079085	8.3615323036113	9.46705171165282	9.22947365410415	9.37072010920746
YLR147C	9.55116057068868	9.6865831914973	9.72523479129374	9.90970435262795	9.86570379111257	9.95680402205834
YLR148W	10.9466627065531	10.93597344402	10.8832013768249	10.6315525370412	10.8002344208872	10.7337322863889
YLR149C	11.156053045589	11.0812442321702	11.0705799393207	11.7335668285234	11.7883735752159	11.6911533532768
YLR150W	14.2342424551233	14.3806136436806	14.2926608717559	15.0856714481239	15.026152837548	15.0900266078052
YLR151C	10.1396152318664	10.1001741540966	10.0879224353808	10.3912944986657	10.4144818740595	10.2358168144709
YLR152C	11.8099415866039	11.7300951119132	11.7027587463577	11.2953751871223	11.2612802667431	11.2548935971602
YLR153C	13.1708011295598	13.2147496891791	13.2748039348011	13.0552848781928	13.1034579771895	13.1373800926587
YLR154C	9.41089168844292	9.52077983771715	9.42412642109662	9.95202518208078	9.62832771039085	9.83783443095825
YLR154C-H	8.34944646254412	8.97583143815676	9.03387605126123	7.50670848748905	8.13323477711817	8.24154084794156
YLR154W-C	3.71400165851154	3.71400165851154	3.71400165851154	13.1117850538704	14.105709885297	13.07509842923
YLR155C	14.9414287387297	14.8493024253078	14.9176477316407	15.5980233033343	15.3472643054455	15.5111449919898
YLR156W	7.78276506339829	7.65582422268991	8.5494793139642	7.31617290080737	7.27879179365498	8.82070264307479
YLR157C-B	9.17224145425422	7.51842037009271	3.71400165851154	5.90830995547288	6.64279877974294	3.71400165851154
YLR157W-D	9.53792208769775	9.50361861887306	8.14527469966742	8.82783695953098	8.79505892327269	6.57144630524318
YLR157W-E	7.72365327249993	7.87518812556393	7.84219736446614	6.6908102308416	6.87955272557409	3.71400165851154
YLR162W	4.80235487307139	4.85740806312878	4.63830182292762	5.24003552433906	5.21325531853031	5.07335219469129
YLR162W-A	5.2629494337204	5.29358771106086	5.76243703444956	5.07269176692516	5.92098711195727	5.57630276169819
YLR163C	11.8099415866039	11.8111201474669	11.8628700195549	11.4602017234626	11.4338821891106	11.4013067651015
YLR164W	10.3522237240651	10.2068548230148	10.1892035895016	11.2462739645003	10.985838624566	11.1084051263307
YLR165C	10.1595060721147	10.0875627204262	10.1415891268992	10.3562722691536	10.4879270537283	10.4402128406895
YLR166C	11.1999283372291	11.1572658393568	11.1917168881908	11.2248620591224	11.2703585199733	11.2400126597952
YLR167W	15.7213153726463	15.8305450015897	15.7214978035573	16.1078029311033	16.0183967539354	16.1665116492737
YLR168C	9.70120976382989	9.68962126422748	9.60438935448999	10.3453991808018	10.1699237196715	10.2628399967921
YLR170C	10.9089740728867	10.7542503997764	10.7019899966886	10.9669052571381	10.8719672416663	10.8770312523713
YLR172C	11.4829620705208	11.4833493084968	11.4077679923077	11.5927321724149	11.5322577607808	11.6260491178883
YLR173W	10.5469513028778	10.5843236542978	10.4551499876987	10.8764219003328	10.9334594167572	10.7905441725895
YLR174W	9.25317594030147	9.14035781856963	9.08810012871597	10.1192007323402	10.0777722198499	10.0940464215356
YLR175W	12.9148161770174	13.1058481978662	13.0748041758027	13.277584279399	13.3059667541097	13.3521656767955
YLR176C	9.60293146158114	9.58908014831232	9.70610515494816	9.52603275119533	9.36677883662125	9.52828035284864
YLR177W	12.2873426759594	12.2049867054279	12.219819024517	12.3360797874773	12.4450647585651	12.2746315048744
YLR178C	13.8901262595049	13.6816781518451	13.7815586500818	13.7080617346517	13.7637233837155	13.522125652122
YLR179C	15.5852323703398	15.6018910273748	15.651647880436	13.7629441546915	13.6564404228205	13.6215028887513
YLR180W	15.284428724515	15.3892444928575	15.452161066721	12.8192387287153	12.7190434558662	12.6208490092894
YLR181C	10.8070565847335	10.8785716050138	10.8729475275196	10.9669052571381	11.0434605354508	11.0272079992542
YLR182W	11.3991846173485	11.4088208449261	11.4532121726117	11.4117532771088	11.4605670173334	11.4116056530383
YLR183C	10.6043119015799	10.578600178124	10.6154533592593	10.5674994152963	10.4490089279383	10.6317001505638
YLR185W	13.0234310634204	13.1184405979792	13.0333978726945	13.5590380025084	13.378286098141	13.58984332408
YLR186W	11.1732745766586	11.250716103802	11.3361774949808	11.3061199167848	11.3066992364286	11.3767800652743
YLR187W	9.96694715778887	10.0666849570797	9.90206824794701	9.87162663788166	9.91902350400164	9.84142458425421
YLR188W	12.0025509623882	12.1205743490844	12.0685453369045	12.1254657723435	12.0626465475459	12.2028469711466
YLR189C	12.3356707882785	12.282721855719	12.3090361331686	12.2660057080997	12.3089594883755	12.2115411539424
YLR190W	11.7106507331441	11.6013456591304	11.6536902959705	11.3443500875888	11.1775414605801	11.3693399985542
YLR191W	10.4989715151465	10.4092843028689	10.3799019601692	10.2627053735274	10.3508556921605	10.2453326260832
YLR192C	13.0714598745447	13.0942913716929	13.0496102228259	12.7344665170105	12.7747565711065	12.6244994380691
YLR193C	10.8125626943326	10.7593188556771	10.7259259650102	10.7464599184008	10.6773006579761	10.7024922008019
YLR194C	11.7123347902515	11.7639900478453	11.858978977526	12.2983965613341	12.3718846369407	12.3401613439513
YLR195C	11.8537073158051	11.8987036193212	11.8274669582697	11.7335668285234	11.8356206331428	11.7294320210353
YLR196W	11.7290681145679	11.8665216325382	11.8393647732544	12.1498132136719	12.0695970791779	12.1686086034348
YLR197W	12.8333944067794	13.0215808059445	12.906358014127	13.2883325443695	13.3408569760739	13.3388950589527
YLR199C	10.8993960260975	10.9134159777618	10.8992890329934	10.8067919961251	10.8924959453826	10.98968931161
YLR200W	10.7301751974542	10.6520692963915	10.6236310572241	10.6581564729269	10.5419065820047	10.5960200814871
YLR201C	11.5593358808484	11.5757176544572	11.5308089640974	11.5141539481455	11.5135198520369	11.5016966969324
YLR203C	11.1165360564947	11.0847094159934	11.0869371742049	11.3806253757722	11.4306465845993	11.3122817119843
YLR204W	10.621443105754	10.6293118511937	10.6971547703852	11.4380428982082	11.3530124744066	11.4188314420483
YLR205C	7.46730224472759	7.41887693027859	7.59744318621366	7.71850708796934	7.68772237615651	7.72262902378173
YLR206W	12.1232928376249	12.0294166653973	12.0256067718764	11.4620330200893	11.5007199058633	11.4719011527727
YLR207W	11.5513605075137	11.5416637366926	11.5747016043189	11.3517772626937	11.3845692037339	11.3296373991394
YLR208W	12.5403267166128	12.5011525172669	12.5151071331112	12.5773464341269	12.504489102791	12.5789979420871
YLR209C	11.3383223191244	11.3466803931243	11.3916977503404	11.1760486424454	11.174320819249	11.0858847008626
YLR210W	10.3413808090944	10.3691141844499	10.3320453733026	10.070810697364	9.94798300439036	10.0543820104706
YLR211C	10.78000953493	10.701809598725	10.6558859826809	10.3621686786914	10.4372332382373	10.4139336511745
YLR212C	11.1133529274743	11.1736289634706	11.2317205680506	10.9924726454763	10.9018730900206	11.0272079992542
YLR213C	10.7134540223429	10.7204928939954	10.8080521261307	11.1541267649625	11.1515727296318	11.0552999238641
YLR214W	11.1492307933003	11.1550699986433	11.4077679923077	10.6143636718854	10.7968875289938	10.7054498683089
YLR215C	10.5860565202515	10.5932720556153	10.6488915881583	10.4634650837949	10.6478794527646	10.5027565320377
YLR216C	12.381374168156	12.3226432933082	12.2462085972156	12.6193881976969	12.7130634643807	12.5622378708245
YLR218C	10.0808519185459	9.9114112320065	10.0700792239878	10.3051550398171	10.0914978764206	10.1501231904228
YLR219W	11.6171118509667	11.5851267590981	11.6401505903758	12.1557656926972	12.1841850538959	12.1331718449007
YLR220W	11.7000806018675	11.6465935913437	11.595637557733	12.1709602357208	12.0090604316639	12.1488279056367
YLR221C	11.0686930341497	11.0898916348407	11.1533990433305	10.9083377265074	10.8711718120599	10.9775068972544
YLR222C	10.978501547135	11.0777707047263	11.0972505780138	11.6947670972653	11.6616284291894	11.8568205849271
YLR223C	12.0529310002054	12.1892460408575	12.1753140758008	12.2392920782788	12.2840763531224	12.2253437758706
YLR224W	11.3035526532292	11.4303159163197	11.5459473216621	11.9086111078366	11.6556360240837	11.9239560203123
YLR225C	12.640134764207	12.5771273230402	12.6187121772694	12.101875376708	12.0581106782659	12.0229004778228
YLR226W	10.3565381700149	10.5521425766868	10.6658195081601	10.3284324235163	10.3336347859467	10.3076484665449
YLR227C	10.3597655565358	10.4193831738298	10.4733642458588	10.229758881404	10.203175189692	10.1816192490108
YLR227W-B	14.7404440817303	14.5537964781428	14.6112431719351	12.9561205442315	13.0676281994662	12.9955811541959
YLR228C	12.0532632472901	12.0466941914837	12.1433230144457	12.1577444070761	12.131353909958	12.0397928892071
YLR229C	11.7877502266362	11.8249986111567	11.8779028660974	11.9809616876672	11.9439819658351	12.0425241925029
YLR231C	12.3803152612193	12.3209303573065	12.3351021580187	12.4159564358639	12.4827837374765	12.3752516651285
YLR233C	10.758163789112	10.6489516027068	10.564327291664	10.8716074810017	11.101584287998	10.8874864584872
YLR234W	9.05761753226919	9.20549817544712	9.02154403826466	9.31520305218641	9.25165584723322	9.43629968043415
YLR236C	6.6984671756805	6.73131046648598	6.83169411489467	6.89158715138366	7.14723305240912	7.00710640702604
YLR237W	15.5521148037325	15.6167021108254	15.6118040896218	13.9264762805797	14.2667093000912	14.0369642249998
YLR238W	10.3832149527908	10.3519608578647	10.405027980499	10.2856384538857	10.3791080439578	10.2867354142259
YLR239C	10.3554607677812	10.3150641891309	10.2864148390455	10.2918301624881	10.2107409525592	10.3205668022575
YLR240W	11.0334249193441	10.9575537486619	10.9914303624002	10.6420915232274	10.7088075561865	10.6055510261871
YLR241W	12.1188554686049	12.0701907424985	12.0730310138084	11.7002079800797	11.8610819147169	11.6197922309033
YLR242C	9.9341235693678	9.857053772202	9.89194665853506	9.463398352362	9.76137166737561	9.6272768244949
YLR243W	10.2847773201185	10.3766728935674	10.3419923996795	10.294916078032	10.385807054526	10.3244198488888
YLR244C	13.2111122772404	13.3136686617117	13.3566483495058	13.2112206591851	13.344156738185	13.1907663064597
YLR245C	9.12241946847857	9.09523542801658	9.10573067759791	8.89991609826792	8.87664809335646	8.8279640749474
YLR246W	11.1184425679899	11.0479030772034	11.1191055295377	10.8388591686278	10.9606347396932	10.9107372437659
YLR247C	11.4322601191361	11.3131003360171	11.3699884433061	11.5576222966861	11.5094362123761	11.5375429706506
YLR248W	12.5511887296089	12.4892179730286	12.4937970065737	12.5532824054655	12.5464459149357	12.4883227840266
YLR249W	16.3163582368558	16.4991951732987	16.4925982634894	16.6678144340427	16.6766146900559	16.8078167118093
YLR250W	11.7443755206553	11.7241825822377	11.7408462028503	11.4510102070877	11.45580003216	11.3385551075095
YLR251W	10.8792976102528	10.755700348137	10.7726383565795	10.8218454276925	10.7543827052036	10.6975492387731
YLR253W	11.0239630378148	11.0719628414055	11.1299100849308	11.2118606894532	11.1042945205989	11.1545837299904
YLR254C	10.7935964491956	10.7950133027249	10.8373531860441	11.3586749624809	11.3518725811693	11.2562388288508
YLR255C	5.48931441215219	5.32900622560061	5.2181782516208	5.60439336777067	5.72651563189379	5.68343140305351
YLR256W	13.8014353372201	13.8082875884004	13.8708909085419	13.7022632326566	13.8243586262475	13.8662197478472
YLR256W-A	13.6139345767114	13.692506112786	13.8084844082978	11.8549150773399	12.014473483838	11.9290256020289
YLR257W	12.5495410809272	12.3752316892075	12.319456202237	12.8778589087546	12.893887345133	12.746532618095
YLR258W	13.7548045353677	13.6398921693015	13.60683692168	13.4476926951749	13.3865198230169	13.2461453109274
YLR259C	13.3333790321918	13.2793028819313	13.2533903605497	13.9659703390018	13.9933314863115	13.9216338014887
YLR260W	11.0280257314954	10.9562932163405	10.9251581486757	10.9163745371721	10.9628764100997	10.8978664334125
YLR261C	9.49941396488771	9.45266378552673	9.55819515826476	9.48337822200208	9.60171539878054	9.40752085456451
YLR262C	10.5144993715694	10.4679591156604	10.454003923613	10.4607198169269	10.3846927111045	10.4636945331135
YLR262C-A	11.8154364972527	11.7793966693207	11.7696875122515	12.6247115939517	12.4386365193051	12.6072088260349
YLR263W	10.0045495311315	10.0643464394872	9.96296231327865	9.68661883097994	9.82026314852849	9.67232314800407
YLR264C-A	9.95276773232424	9.9985047463793	9.85768558445614	10.2606023535216	10.311522269577	10.2399027091619
YLR264W	11.9782610260377	12.1431839276267	12.0912041371504	12.2973712389674	12.3571900796429	12.3727733227291
YLR265C	10.4094073072852	10.4230380307198	10.3823138602863	10.509352546836	10.6478794527646	10.5594350303173
YLR266C	11.636311117412	11.5496261309551	11.5166082409676	10.9823000023712	11.0434605354508	10.9285656076181
YLR267W	11.1541956287086	11.0395947760543	11.1219946659437	10.4506088995647	10.545899691995	10.3945162417421
YLR268W	11.3135726482375	11.2226821740224	11.2588805541918	10.984849896178	11.0672696353466	11.0097674664471
YLR270W	12.1867523684683	12.1409665868339	12.0512198636488	12.6261414662038	12.7289553530012	12.5394917924149
YLR271W	9.6581610416734	9.57600487678038	9.59817661831579	10.062384257939	10.2170155798915	10.0804395262962
YLR272C	10.0847581571908	10.1373600040536	10.1113751052226	9.93102000077393	9.86889541323621	10.0388312201798
YLR273C	10.2722719545248	10.2619740309051	10.3345385682003	10.6991068214888	10.9357436826447	10.6735843541511
YLR274W	11.3626545353215	11.3691142662401	11.3760516493298	11.7523952190699	11.8372506510251	11.8398734457473
YLR275W	10.3619131426972	10.198348894456	10.2695758233231	10.0207405759259	10.0901311738829	10.0167745153474
YLR276C	11.8771679876366	11.9716354559248	11.8910881042545	12.0455883490323	12.0723679426386	12.053397987627
YLR277C	10.9221318642708	10.9525049970709	10.9317594200535	10.7060778543363	10.6962872547666	10.6725771250984
YLR278C	11.6202547768733	11.6363981030286	11.6566819400566	11.1168333663006	11.152882328808	11.2386522046448
YLR281C	9.60474647868491	9.66049782076732	9.50383997042195	9.42446852132426	9.40466397818719	9.54379052458289
YLR283W	10.6819994038295	10.704815235044	10.6528925368427	10.4588867320434	10.4122962438608	10.4390286615069
YLR284C	10.1028486765951	9.91010952794728	10.0182906525847	10.2700418901091	10.0569356646992	10.2138277146071
YLR285C-A	7.45116619925177	7.72285262122602	7.65467401419664	7.62311729374262	7.23959419957844	7.39955761835771
YLR285W	11.4286792015392	11.4362052498539	11.3705959119317	11.1022290652595	11.0981893212001	11.0683777677114
YLR286C	15.1616476326349	15.1150701613468	15.1167953823399	14.2799670039846	14.1633743659846	14.2911340225731
YLR287C	10.6436785829852	10.6411277603743	10.632775890282	10.6242109466154	10.7061337675506	10.6925892807962
YLR287C-A	14.033840286135	14.0038312762503	13.9574409136435	14.6403680892612	14.604182193494	14.6950755426835
YLR288C	10.4763532380397	10.3634190444246	10.4273899555289	10.5225756513699	10.6357535417653	10.4683453463129
YLR289W	10.0114066133753	10.0119157489074	9.99798707883832	10.796668389518	10.819329796031	10.7905441725895
YLR290C	11.3674721150085	11.2435001951188	11.2283731179995	11.3393773087733	11.4815650908666	11.3187341152199
YLR291C	11.1981265961441	11.2802319249849	11.2383922554812	11.0845064758839	11.0783393830242	11.0025714816669
YLR292C	11.247162974266	11.2584075901526	11.2964491227902	11.1563905557881	11.1548445011524	11.2481485577463
YLR293C	13.6961227364591	13.8608510746716	13.8968467736241	13.9548774957309	13.9016613888053	13.9727494283531
YLR295C	11.3284733447658	11.1828196721562	11.3528746299462	13.1616552605744	12.9699680687489	13.1739607527731
YLR296W	5.03243027158677	5.46088569048821	5.44166873753188	5.86237680571784	5.21325531853031	5.93165810593533
YLR297W	10.526993821996	10.4925170100476	10.4790093545658	11.3193129861443	11.293104287044	11.1951276230678
YLR298C	10.8102055060626	10.8006433339449	10.8026601217803	10.8736727713667	10.8454836775405	10.7423980219953
YLR299W	10.8566326206931	10.8353417730272	10.8026601217803	11.1976423739537	11.0617027436437	11.095686746219
YLR300W	16.1605723026701	16.2067815695914	16.3331612440253	16.134566101127	16.1075221013478	16.2310443347702
YLR301W	12.6250156784926	12.6015212383661	12.5798406023913	11.613065528294	11.6975181373684	11.6379661597046
YLR302C	8.54002773674229	8.65349138540064	8.24424459579399	5.31517696693848	5.21325531853031	5.01412775991526
YLR303W	17.6796596377116	17.6750958821403	17.3772547620154	12.3047883689987	12.6035912346075	12.108433782508
YLR304C	14.2657636930641	14.2413071389549	14.212932451054	15.2114271101032	15.1090704684639	15.1614056740391
YLR305C	11.5348004666877	11.6520537702349	11.6018595525624	11.5321346663882	11.4991762524123	11.5864908196117
YLR306W	10.2527296664955	10.1768619897719	10.2485773187045	10.0478233967612	10.1345622780248	9.99276190233393
YLR307C-A	8.61765094231467	8.56684769222288	8.51468363498882	8.51821597386501	8.62790671254844	8.75364764765763
YLR307W	10.6419123037067	10.5687353586434	10.4597251598683	10.6225743953459	10.8679857003348	10.5874949381878
YLR308W	7.58283744172523	7.28784060196948	7.09221028140252	7.91374477996977	8.69423484699884	8.12242231265167
YLR309C	11.779339664437	11.7614663470523	11.6705614986886	11.7969681558068	11.8622832199493	11.7128711747631
YLR310C	12.3394897892868	12.3881430576303	12.2782881161378	12.6245072107502	12.6016744630568	12.7030503747027
YLR312C	10.5768414555776	10.3624676643983	10.3419923996795	10.5994655575798	10.6130958718057	10.5659590097488
YLR312W-A	10.6673140645922	10.7130485886453	10.7419784792488	11.0355385754713	11.0149372647714	10.9709672970977
YLR313C	10.2756932754331	10.274166724637	10.3081425751503	10.5640929787928	10.4931066349149	10.5462978793098
YLR314C	12.3351243905016	12.3576756748303	12.3276132723696	12.2156066383145	12.1190112299705	12.2592834141353
YLR315W	8.55513946937511	8.56353630859206	8.5580483504307	8.28117190184785	8.50598117747052	8.26850420825518
YLR316C	10.9771013097648	11.0058746381295	11.0593199804802	10.6291094895531	10.7757916641441	10.6935826376802
YLR318W	10.4523672170735	10.5932720556153	10.3823138602863	10.3493625209418	10.4827288065949	10.3993951543859
YLR319C	10.9075046601794	10.8937962265943	10.8780835628493	10.7313539018506	10.788486167768	10.7356625092583
YLR320W	10.3370207171457	10.4166359409368	10.3195143434615	10.4413552469751	10.3835775061282	10.4936601843976
YLR321C	10.9972729184803	11.060863064414	11.0280866434774	10.9303321087785	10.92811535439	10.8961416160705
YLR323C	10.5106330500975	10.4266836502732	10.5396897798113	10.5278311382165	10.4920722055201	10.447297572771
YLR324W	11.4780208131858	11.4083600052148	11.4166191535939	11.6265996842267	11.6295341882099	11.5056610471976
YLR325C	13.6191056167551	13.7224732142698	13.6030940249117	14.3032655217355	14.2400024070647	14.3077712680098
YLR326W	9.88717639644756	9.79916114809977	9.85768558445614	9.9217331466202	9.91594103141608	9.87859123294351
YLR327C	10.9917364503537	10.7872359556055	10.7029551001003	14.9385569124012	14.5780992921529	14.8103666917028
YLR328W	10.9170291966319	11.0119541895576	11.0024469901367	10.5986333556736	10.5429058962825	10.6254674557306
YLR329W	7.71693208912058	7.65582422268991	7.91083463830714	7.3799584824223	7.53467087817063	7.11884110860756
YLR330W	12.7085978763662	12.6845525892707	12.6810126826733	12.8201313990978	12.7152811672317	12.7752003831604
YLR331C	6.30133677886594	6.36340242871394	6.56451443791412	6.39473178136591	5.49686667297998	6.44221796614192
YLR332W	10.6888587591496	10.6828811408379	10.8347139111108	10.5802023830393	10.6272985664632	10.6945753109806
YLR333C	13.1848186677056	13.2515681298356	13.1795675686473	13.4227563481077	13.3329355020235	13.4288764505874
YLR335W	12.2544894115953	12.2604253211119	12.2252028723432	12.0874150999633	12.0772041847356	12.0825059895304
YLR336C	10.8133475685835	10.8544144246028	10.7954392871917	10.888728555591	10.9501273044594	10.935299825704
YLR337C	10.6862903217197	10.8584688190172	10.8026601217803	11.5334415714453	11.3956742402719	11.5960842068968
YLR340W	14.787234223482	14.9111110296317	14.8315271727673	15.3683230613311	15.2799396874759	15.3249395767909
YLR341W	7.93521819110909	7.79256396817662	7.69419515099251	7.96644832523497	8.24573651749374	7.73042322230792
YLR342W	13.5461487643731	13.5706368734631	13.5380677111482	13.5868933857987	13.5112227283204	13.7567865472496
YLR342W-A	6.16592975899805	5.92480708100172	6.01861841375629	5.63268245740217	5.56691464568161	5.61304035489929
YLR343W	10.5164286530594	10.3287677501466	10.4180166065646	10.116877531954	10.3485714158959	10.0528344550757
YLR344W	13.379683693968	13.4704478785407	13.4172916338611	13.5501343060635	13.4512830161925	13.5986191909194
YLR345W	11.4869029267281	11.3591337110374	11.3881021436423	12.1001124982013	12.1780880251263	12.0611151094375
YLR346C	8.57380869528762	8.39862291331994	8.51907938482918	8.77867972473227	9.05544984906644	8.55350437861766
YLR347C	11.2172301259712	11.2982529182725	11.1924042413047	11.5767637462079	11.6177273457895	11.5567760775125
YLR348C	13.9129149246674	13.8944748709255	13.8159745749586	13.822690642638	13.493113154148	13.7567865472496
YLR350W	11.9006225690132	11.927934468459	11.9045734403928	11.7565046929191	11.722869731822	11.7050115611483
YLR351C	12.42951831586	12.3754674756997	12.4252813295588	12.2392920782788	12.1129682853063	12.2243131474909
YLR352W	10.6259177057825	10.5646050225438	10.5568733658822	10.3592234869087	10.4585725879603	10.3102414062203
YLR353W	10.5116006024441	10.5251906132132	10.6358113299771	10.0981559690985	9.98816066495455	10.2068867997457
YLR354C	15.6608176741811	15.6212079135378	15.6503977801344	14.742309769892	14.8809489233089	14.7288368557036
YLR355C	16.3273375055796	16.3902480414261	16.3910225949517	15.8855303088229	15.8976591049704	15.9754052548542
YLR356W	11.1442488119305	11.0921888811665	11.1125837389127	11.6436433502021	11.6698847265078	11.5912954875867
YLR357W	11.44091980605	11.4692787800964	11.4543587904253	11.5750725311338	11.537781878502	11.6348668442382
YLR358C	9.33418971637379	9.12472518438848	9.40051744094607	9.40174162387068	9.47547968112566	9.36574158978283
YLR359W	14.1545735340868	14.2464727242033	14.0095597978558	13.902570557168	13.9009796266629	13.9312451103824
YLR360W	10.7888156668783	10.7744182406751	10.9168638515017	10.116877531954	10.2553205998634	10.2262378058795
YLR361C	10.4238699077318	10.392604826738	10.405027980499	10.4122857493873	10.4415264383512	10.4151386039268
YLR361C-A	9.3099150323187	9.19484386134358	9.37166662931335	9.80680182697412	9.85447715803144	9.78288117097247
YLR362W	10.9466627065531	10.9973199909359	11.0055792069168	10.950040106842	11.1049712839055	10.9569714251547
YLR363C	9.82158374888736	9.80197128368404	9.85421428075142	9.27824695475833	9.36225558887232	9.2489230772433
YLR363W-A	9.23219048257479	9.43104064332405	9.42412642109662	9.26781095480928	9.37353720751034	9.42198207872107
YLR364W	10.7991540766785	10.8034501309714	10.4654237933333	8.93991640725537	8.8639004303217	8.78383595095048
YLR365W	5.08261830983969	5.32900622560061	5.2664625863053	5.27822177686045	4.89502999417141	4.95130205876627
YLR367W	11.3944719558494	11.502906641415	11.3460954051848	12.8156625134592	12.7088404138221	12.797084570352
YLR368W	10.8102055060626	10.904946827739	10.849606354474	10.7464599184008	10.8830574468803	10.7784233901522
YLR369W	11.2656321288839	11.2221578548323	11.2363939870056	11.2334649953992	11.3711293266952	11.2861795704547
YLR370C	11.8902453584994	11.773683176088	11.7752037125783	12.0883046005374	12.0636912644554	12.1210404333574
YLR371W	11.390269960021	11.4138803894386	11.4329974148617	11.8121233053181	11.7064642560861	11.864338221357
YLR372W	12.5403267166128	12.6101629713005	12.499917801828	12.0031416317849	12.2538828680839	12.1331718449007
YLR373C	10.6339371733893	10.7389372970043	10.7999565427728	10.8360374436628	10.7535197024778	10.9124447078964
YLR375W	12.1570727981338	12.2205574792635	12.1853617538523	12.2607550111852	12.2158567553946	12.1930468753419
YLR376C	9.50331139120484	9.41093042297349	9.53669835393483	9.58773791862587	9.68012267294971	9.58506740845494
YLR377C	9.06026634034339	8.88328811662904	8.85081146609529	9.8096817271479	9.76651481700002	9.84142458425421
YLR378C	12.0874057474449	12.1362433915467	12.1297512550436	12.4907448723988	12.4641793862557	12.5397679869137
YLR380W	11.7619635137829	11.8452286887829	11.8915114346496	12.0778928114949	12.1149854139712	12.1132669893237
YLR381W	10.4135542969625	10.4785351644905	10.3811084143527	10.4027821242697	10.497236950206	10.4925190969898
YLR382C	10.6551069810505	10.7175197803384	10.7058465422073	11.4684243132304	11.3615330845915	11.4672621072146
YLR383W	10.4713889358011	10.4573049499515	10.4191916116621	10.8681587459802	10.6998755862347	10.8708972040818
YLR384C	11.8969249853852	12.0158676722961	11.8855734750719	12.3462786102758	12.2274012757199	12.4001079773412
YLR385C	6.778994404507	6.92138072644639	6.78810123125276	6.75290428622104	6.84057197894426	7.11884110860756
YLR386W	10.7896135650352	10.84218241858	10.841741275205	10.7988437227452	10.7629844544784	10.8108270661603
YLR387C	11.7785360953139	11.7062981971664	11.7133334332097	10.9559003831718	11.0859008577919	10.9961447762761
YLR388W	12.6759595345564	12.7326489645997	12.7874292882229	12.9047011995109	12.7627987455203	12.8840582496106
YLR389C	11.9758093868946	11.9195506624103	11.9365151111495	11.7856791977247	11.8658811453074	11.8775098208724
YLR390W	9.76914072557876	9.62919249729281	9.68476522900867	10.4450638348186	10.2830972139531	10.3295412857795
YLR390W-A	14.0279358198465	14.0863773141825	14.0654061419475	14.9691400665492	14.9840546854161	15.0000539278769
YLR392C	10.4125186667538	10.4000417488303	10.3144712894519	10.8928075529953	10.8854228673595	10.8099112771085
YLR393W	8.9925399428533	8.88063065136494	8.85081146609529	9.14773245652724	9.24920795038647	9.10695164267604
YLR394W	9.72976562424357	9.68201404686196	9.71761336272695	9.98806379620006	9.98522262420675	9.9045643646925
YLR395C	9.38788494753689	9.3811691190592	9.33477167593806	11.7624612899241	11.4955679578957	11.8661013983749
YLR396C	10.866497868184	10.8194840824922	10.7569252720541	10.7183882272486	10.639495459707	10.6695512112768
YLR397C	10.8543464121297	10.8891796321939	10.8373531860441	10.8402679639947	10.8814783423194	10.8717750952481
YLR398C	11.4358321701303	11.45506966389	11.4776658256761	11.8573522203035	11.800957804442	11.9386927857967
YLR399C	13.5797480234596	13.5355127623096	13.521205852865	13.5318334486244	13.5191144095848	13.4302178689013
YLR401C	10.8927276192632	11.0258406827692	11.0372983134347	11.4380428982082	11.4935020160201	11.5918283531592
YLR403W	11.2065155353178	11.3953963596392	11.4107244174867	11.3815932404745	11.44461542447	11.4555988056701
YLR404W	9.73142789941494	9.67129606561519	9.66111937257035	9.35123531321524	9.22698775990716	9.29940577400633
YLR405W	10.2994179503733	10.2972518314183	10.3506401306488	10.238333512936	10.1345622780248	10.2193564973228
YLR406C	12.9523528886804	13.0797500985637	12.8066353710428	13.2333700772737	13.1652720936523	13.2193251348114
YLR406C-A	4.92409155813622	4.96045033447019	5.11485276135637	4.75661661960266	4.68691879974204	5.18278656067217
YLR407W	11.9758093868946	12.1188853847602	12.366807723396	12.3139431044218	12.2462347165307	12.3126255133902
YLR408C	8.54002773674229	8.27848982355919	8.40968727296111	9.17703069360849	9.04701761640768	9.23533896124758
YLR409C	11.1732745766586	11.2917712754637	11.2277026948824	11.4389730099648	11.388465697826	11.5208508720503
YLR410W	12.1499449064134	12.1520193672821	12.0722843688831	11.9102887634255	11.8978649527438	11.8634558240999
YLR410W-B	11.0534937853907	11.2537976210744	11.30282872132	10.829668309163	11.004819371581	11.0216815766606
YLR411W	8.31877088857138	8.44975271155291	8.41441527107807	8.64629090094879	8.58581512936112	8.54471330047286
YLR412C-A	5.41855710891443	5.36337932324628	5.44166873753188	5.68741826276437	5.56691464568161	5.41727125881426
YLR412W	11.2541166459721	11.2711363005932	11.2067635167263	10.7107065641589	10.6450901992212	10.6826179065939
YLR413W	15.0834906208121	15.1642089439705	15.2053532378609	15.160988530267	15.3369677282783	15.1673167119552
YLR414C	11.419430104042	11.4488088946476	11.4065837237114	11.5640310407951	11.8126048647271	11.5864908196117
YLR415C	6.08199178292175	6.16187728458345	5.85353110877442	5.99562141966319	6.06740334540882	5.71720862146879
YLR417W	10.8792976102528	10.8964276622544	10.8478622611972	10.4533734586958	10.154314456142	10.3333704651195
YLR418C	10.9030874200654	10.9619569578992	10.9779389266112	10.9190435548201	11.0370917926212	10.9386551825032
YLR419W	10.6348254794872	10.6660161275426	10.6226113767264	10.8402679639947	10.7552451919407	10.8190431100947
YLR420W	12.3691495593563	12.4218667134049	12.4102928869179	10.9636772351491	10.9150538944287	11.0121581732863
YLR421C	11.5672674060895	11.513658345234	11.5111089859055	11.1586507997388	11.186521191556	11.1106379527205
YLR422W	11.1848446177122	11.1983640545665	11.1611444677846	11.3061199167848	11.2823746684986	11.2762682082515
YLR423C	9.99212402183778	10.0419393399898	10.0198406905707	10.4273624978273	10.4253606229461	10.5418921059993
YLR424W	9.83091727862666	9.76500531996606	9.82081333966873	9.76883015060065	9.88632418204376	9.78474708809546
YLR425W	10.9931225607004	10.9819165053697	10.9953745372659	11.119156394977	11.0714307514567	11.14807660164
YLR426W	10.5544821068906	10.5268899451275	10.5331927912201	10.0839535728425	10.1372115832497	10.1659571908412
YLR427W	12.049604314145	12.0416514895418	12.1257986407922	11.6480740919182	11.6803661409673	11.6635380798489
YLR429W	12.7172200893575	12.7348559988104	12.7856084224623	12.5962293957629	12.4493343937255	12.626061084406
YLR430W	11.4245758105971	11.5046323078951	11.5340662975569	11.8684413119994	11.7250724478404	11.854602039489
YLR431C	10.0182312478054	10.0875627204262	10.1947033385508	10.3284324235163	10.1050941410853	10.1943083549533
YLR432W	13.8248786888299	13.9666760237791	13.7736575455061	13.751197662989	13.9338223478241	13.7621226200721
YLR433C	10.7630470699359	10.7130485886453	10.7068090697356	10.6002972796482	10.6432276960321	10.620252892471
YLR435W	10.2305703011003	10.4009686738308	10.464285866293	10.1861040045906	10.2356773269672	10.3785448310379
YLR436C	11.1398754197878	11.2346892170492	11.2310516991496	11.5416912559791	11.6101199381675	11.6093034017059
YLR437C	11.8406779457881	11.8503270162445	11.8650271834341	11.7576234298627	11.6403117961536	11.7366782718666
YLR438C-A	10.6828586091218	10.6882061935143	10.6144278795746	11.5851902095226	11.4520814560996	11.4140182729759
YLR438W	11.7829501967808	11.8121656760793	11.7375534034956	12.7032595954733	12.7199272761866	12.6003400659471
YLR439W	10.1383628989566	10.2609533053861	10.2459308796591	10.9899362019213	10.8893566358979	10.9553158889229
YLR440C	10.9272165462358	10.9378906279667	10.8772288258325	10.5058058171195	10.6130958718057	10.5539757501703
YLR441C	14.8456568423771	14.9627893963768	14.9165042014823	15.092965314703	15.1073406129884	15.1976084125205
YLR442C	10.889009585638	10.8871965599768	10.7854512498653	11.1203165080183	11.1231249043688	11.161779613698
YLR443W	10.9322833688834	10.9134159777618	10.9945865645288	10.87779450264	10.8971921370365	10.9394928036758
YLR445W	6.18612153607785	6.14364967235298	6.39910401333393	6.29699536029134	6.65789156845572	6.62334448913379
YLR446W	9.11734121088908	9.12696882692348	9.02463695059263	8.99664485286162	9.17376835213218	8.8986333144347
YLR447C	13.4987556562844	13.4852716961581	13.4907958823151	13.0546782125234	13.0947965541755	13.0936530527931
YLR448W	12.4558939400216	12.6412829634453	12.6105070067235	12.5695111739582	12.5481886453591	12.614045038146
YLR449W	11.0837338102906	11.2502018770329	11.2595366467586	11.3873868319509	11.373939645218	11.4331753413146
YLR450W	12.0022068271154	12.0034112623285	11.9908645993777	11.8660228461283	12.1383125241607	11.9466301479603
YLR451W	11.4414275842086	11.520924000013	11.3736294240272	10.9250308502682	10.9034300383779	10.8541149529052
YLR452C	11.4515457940642	11.4621917158933	11.4207311840702	9.16358240152607	9.25653920414926	9.3252820661909
YLR453C	9.32320641876327	9.33340098393722	9.19902209097033	9.28032511827221	9.29026715404218	9.30721755222035
YLR454W	10.3543825601822	10.307174729787	10.2419520943431	11.2457425219788	11.0256996898959	11.3398245776818
YLR455W	10.1632052577784	10.113807467884	10.120072461313	9.88397588971563	10.0128952693036	9.92501124256265
YLR456W	9.84173059190263	9.71220504593956	9.66310473846106	9.96758070303789	10.2182672364138	10.0970528216871
YLR457C	10.6914226315261	10.6559569615959	10.5780689292151	10.7153204690066	10.6348165436336	10.6223409803718
YLR459W	10.6348254794872	10.6340498356703	10.6287186756829	9.93102000077393	10.2019103618307	10.0388312201798
YLR460C	10.0977030692333	10.0155517549835	10.0610741484776	9.39600347264484	9.68556336952637	9.36574158978283
YLR461W	8.35809204824274	8.55021405471984	8.51027441604674	7.53496432616432	7.11505980216161	7.39955761835771
YLR462W	8.82195039319421	8.80696060488554	8.78665919893746	8.63658385089025	8.5819268769063	8.63444586596959
YLR466W	13.8466060066939	13.8485894403327	13.8890241326147	14.2225873129759	13.9745691086849	14.2857923787475
YML001W	12.3285514245659	12.2105481280523	12.1925942209788	12.0619819404759	11.9872028033979	12.01019975173
YML002W	11.7282360419846	11.695762326563	11.6784331302181	10.8825883516588	11.152882328808	10.935299825704
YML003W	9.36878425937098	9.30989757790839	9.39574889121921	8.88633197132677	9.03285330321714	8.93270894528571
YML004C	12.5577605711958	12.459053647306	12.4450267228147	12.8466578564325	12.7326821958238	12.8042295111085
YML005W	10.1742462282605	10.2289471164245	10.2538556741461	10.1558718514962	10.1750894921637	10.2466869173246
YML006C	10.5125675062259	10.6505112918363	10.713528839162	10.2887376305856	10.2746999449394	10.3573886870013
YML007C-A	5.94528133319453	5.85825200942933	5.76243703444956	5.68741826276437	5.94654310744993	5.75011312427809
YML007W	12.5135329912185	12.5223890137959	12.5631969704752	12.7838035848445	12.8015134677096	12.8612552495136
YML008C	12.9085864177205	13.007044982533	13.101945478429	13.4072761328636	13.0910441400585	13.5403219215687
YML009C	9.75939728625796	9.7226243099564	9.6906165991803	10.787203853691	10.6763902707895	10.7259854626836
YML010W	12.0906464948453	12.1784758715459	12.0443832851674	13.0052992646512	12.9992022007841	12.993969426815
YML011C	10.1169051645954	10.1561486010296	10.1753617625872	9.88260896120428	9.82684299187608	9.89250175817896
YML012W	13.1120527525803	13.1088293610258	13.1181332023185	13.4808115058481	13.368455928236	13.5235228002434
YML013W	11.6574453139449	11.6555530037665	11.6680927795026	11.8917263693746	11.8868888295372	11.8067477102766
YML014W	10.5777656156634	10.6221755668504	10.6971547703852	10.5199407100116	10.5227868759822	10.528593466062
YML015C	11.0171663519227	10.9442629014854	10.9538182942264	11.090438230424	11.0707380650889	11.0699085721147
YML016C	11.7587075229569	11.7126576368931	11.7027587463577	11.4305803366937	11.4663720219501	11.5050953779885
YML017W	10.5666364239966	10.6760056324723	10.6648292281999	9.97272881397659	10.2294835341219	10.2276101367334
YML018C	13.2279864744248	13.3515560166068	13.2219248945105	11.6452561039214	11.7680076566794	11.6579510201297
YML019W	10.9030874200654	10.9575537486619	11.0110442747965	10.3874448689033	10.5379023874282	10.4413960485093
YML020W	10.8807960227994	10.9825358130753	10.9251581486757	11.3323864945518	11.380103142449	11.3148661374701
YML021C	10.5832981768129	10.6261445270366	10.6458835773006	10.5478016330623	10.5187291778495	10.5778435391336
YML022W	11.2489045370356	11.4307697965351	11.3724167845362	11.6632764282282	11.7277112752773	11.7438883075726
YML023C	10.8740408753718	10.9569236201845	10.9424224730722	10.7893934954149	10.8647925359856	10.7746733362105
YML024W	13.9627554734435	14.0360320910524	13.946481777188	14.3645747741231	14.2782305047999	14.3993492918876
YML025C	11.3024350122192	11.3399299650658	11.3155039008017	11.4579093287599	11.4695285702194	11.5101784336457
YML026C	14.0864886827718	14.1823547030235	14.101257605903	14.1431336682417	14.1005443596004	14.209549817776
YML027W	11.7394287306345	11.7600222476667	11.923326423878	11.9203139327729	11.7820400553647	11.972640608522
YML028W	15.1872281316169	15.0953800437042	15.4124847643834	14.808532523482	14.9116853381715	14.8440810559083
YML029W	10.8581547492858	10.9669727946102	10.9937981611451	10.8995803554778	10.8822681106722	10.9319366462636
YML030W	10.6392588230329	10.4492623629649	10.5822709232503	11.2938336719601	11.1633165421343	11.2042170496341
YML031W	11.7102294115224	11.7315694658617	11.8056207675721	11.5464459152092	11.564105557959	11.5425131696261
YML032C	11.2833014268947	11.3219359873369	11.3330641125499	11.4784109130272	11.5297397884295	11.4965836150996
YML034W	11.0075968707575	10.9487068036492	10.9284625603443	11.4770531679275	11.4088884200655	11.4903095819852
YML035C	11.5770053481734	11.5429238822051	11.5561300479382	11.9186479016421	11.8797883952178	11.9154669270483
YML036W	9.50719831017397	9.29600817104041	9.2943475509674	8.99411417101342	9.20189011504166	9.07069130116238
YML037C	9.27386024026438	9.26374920895502	9.25802189274384	8.8917810037852	9.152965907572	9.03349490914095
YML038C	12.1912879673062	12.1613481074939	12.2349101789021	11.7853135629341	11.8654818186508	11.7534459756722
YML039W	9.83864933857587	9.04628528877513	8.7422463376209	6.55766198789413	3.71400165851154	3.71400165851154
YML041C	10.5832981768129	10.6021652879961	10.6205698507844	10.5793589899744	10.4858500023184	10.4555193518569
YML042W	10.8642272533588	10.8577938774521	10.8617563191721	10.834624508666	10.8711718120599	10.9285656076181
YML043C	10.5666364239966	10.8638570130782	11.2712955731275	11.0075983593275	10.836546663348	11.1364353999114
YML045W	13.9932916075909	14.0574987385363	14.0925390182332	11.8656770198025	12.6599412365692	12.0307820240536
YML045W-A	3.71400165851154	3.71400165851154	3.71400165851154	11.835621473514	11.7464829274695	11.8683023436268
YML046W	11.0096528246013	10.9569236201845	11.0016628721506	10.8211321485126	10.8607911151006	10.8281174986324
YML047C	7.870126855096	7.66204912584785	7.72504458725512	8.10448458592442	8.56626796703862	8.24154084794156
YML048W	12.3826967097903	12.3867401468561	12.4025913688504	13.1903837807307	13.2304503308179	13.2212205852788
YML049C	11.3631906171156	11.3785557887981	11.3681645011408	11.4533135822329	11.4011948655915	11.4212320179733
YML050W	9.40256802094527	9.42558379988156	9.46339513515306	9.56575889850815	9.55491944316752	9.50129702309464
YML051W	11.4281669155092	11.400503122269	11.4560770101866	11.18937530004	11.0906921509819	11.1429951309856
YML052W	12.4716400696848	12.4612768881874	12.524144557434	12.0538084304718	12.0373436594944	12.1335378756658
YML053C	10.375795050667	10.4626418694849	10.2941208803368	10.8832718886134	10.9531372465667	10.8603206255463
YML054C	9.84634016285964	9.71965505161995	9.9003862418419	9.70838703415661	9.57068745353229	10.0450716714832
YML054C-A	6.22562277051784	6.29948396124629	6.49343049201575	5.51544072297736	5.46027586201236	5.71720862146879
YML055W	10.9938151167477	10.9429906966603	11.0040139486355	11.2979407242687	11.1607150555683	11.2881536975974
YML056C	12.6984376604956	12.9130442872068	12.8743768484537	12.3215279229156	12.3685068455599	12.4954599445236
YML057W	11.6530678154782	11.5425039559932	11.6039276017785	11.6759553012255	11.6356357697555	11.6896606187963
YML058W	11.9406825313686	11.866186092294	11.913772024292	11.2558066032281	11.1672099968122	11.3593598428722
YML058W-A	12.5485987218436	12.7825756457117	12.6555672242446	12.3164758106067	12.1233598904144	12.0893148141814
YML059C	11.4368511337068	11.4590801436332	11.5138612337933	11.042898801399	11.0363824157943	11.0622382540362
YML060W	9.51879658611448	9.47220407191755	9.72523479129374	9.78794096688093	9.73187549697469	9.87859123294351
YML061C	10.9394909540966	10.9056000690097	10.9562485875914	11.0874754019832	11.0714307514567	11.1195348585466
YML062C	11.3696081082897	11.2957634239128	11.3098138476346	11.3218363406989	11.4000924293346	11.2881536975974
YML063W	14.9798180897203	15.0946999613049	15.0393523047321	15.2215296006241	15.1785069258276	15.260501477471
YML064C	10.4584012186649	10.4741378973298	10.6277025864824	10.0269405722643	10.0791506784693	10.0450716714832
YML065W	11.1405010024197	11.1473581275682	11.1903411986791	11.1324416983796	11.1613658671553	11.2049138699093
YML066C	10.5403294423964	10.5546436944077	10.5091169618943	10.4643790129105	10.6745677709281	10.442578286559
YML067C	11.575618231526	11.5608660439184	11.5297215498395	11.2307820847903	11.3340880800812	11.2894682831399
YML068W	10.4693984211956	10.3719533441992	10.4378626743967	10.0946184597959	10.2479856866284	10.1253053456976
YML069W	12.613571467655	12.6314447974153	12.6291573097527	12.6871057405843	12.6369629352478	12.6359124484131
YML070W	13.043804939855	13.0575861607112	12.988988819881	13.2257102995475	13.2583979889643	13.1547949724064
YML071C	11.380770478976	11.4581898889128	11.3730232316966	11.2075007299407	11.1710929716728	11.1646479468399
YML072C	12.6601229010718	12.639517037597	12.6294111267359	12.7936535103815	12.722354993927	12.781053125855
YML073C	13.2939980275585	13.4243564422969	13.4292952319093	13.8961508014043	13.7701375650683	13.9176012584764
YML074C	12.9566218655783	13.0030828619763	12.9913605337267	13.2957961317069	13.3112543831703	13.2459760499481
YML075C	10.391648365644	10.3051956037768	10.4868755744676	10.5128905772239	10.2650428192684	10.6285871693986
YML076C	10.7075555169166	10.8006433339449	10.6981231131067	10.0934373592818	10.1516964092006	10.0925408681485
YML077W	10.3576147680858	10.3747869264887	10.3195143434615	10.3513401146511	10.3091747936849	10.3822462687904
YML078W	11.8624550440894	11.8086776299747	11.7585914294733	12.1112411860125	12.0223760675216	12.0638063790388
YML079W	10.7067109009146	10.6813560796581	10.7202174505843	11.0617407085695	10.9410596119065	11.0767771606103
YML080W	10.1619732497565	10.2205708562134	10.2001821961887	10.1365064697554	10.2069630318774	10.2165947550744
YML081C-A	10.466407489499	10.4510534838262	10.4528569482208	12.5010239126529	12.3186187761125	12.5400441285465
YML081W	11.385528038573	11.4829116754527	11.441695589972	11.6576941883261	11.6257665015401	11.7747219891519
YML082W	12.0935569562363	12.1381901097534	12.1770514341938	12.0203326170507	11.8868888295372	11.9868907670852
YML083C	11.5560572415179	11.6458118760375	11.5523868740547	11.8366805316261	11.5981524670457	11.7510624883544
YML085C	12.9058294192198	12.9443746665728	12.9021626092542	12.8821395072686	12.9179639998246	12.8299784305767
YML086C	11.505961931453	11.4719274788631	11.472581805922	11.7125677644341	11.6758183582767	11.6161298088963
YML087C	9.94991504093217	9.98249290479297	9.90877672324243	10.6266622974407	10.5518687071391	10.6755967048214
YML088W	11.475047914511	11.4780889294428	11.4440062732316	11.5567656423621	11.5596692203529	11.5735995863982
YML091C	11.3007569255157	11.2877680488862	11.1674508469139	13.0604312622578	12.853180266599	13.0866757463391
YML092C	12.2083943574095	12.179826548015	12.1746185461931	12.346030714395	12.3958634399967	12.2999629955909
YML093W	11.4809875980756	11.5810433823085	11.5055886877323	12.0634904848093	12.0507532449411	12.1650322274027
YML094W	10.2847773201185	10.2320757152955	10.28512648664	10.4027821242697	10.3485714158959	10.4799071945494
YML095C	9.08388902268691	9.14479331504406	9.07324141636608	8.85877325900605	8.92653972006036	8.79128517453124
YML096W	10.95379898081	10.9997693567659	11.0079239144908	10.6291094895531	10.7141403111765	10.6665189367234
YML097C	11.2494845910572	11.2481431350039	11.2660812131788	10.9987943112431	10.9902410155496	11.0161339012877
YML098W	11.269068925164	11.2294810385978	11.2893988249033	11.0422868815128	10.9873075815152	11.0129541959341
YML099C	11.6278592111766	11.6033602606067	11.5545270196733	11.0945759937409	11.07281512717	11.0374155225925
YML100W	12.4813022436638	12.3815844372292	12.2422310161521	13.085891358251	12.9444839432849	12.920573323713
YML100W-A	5.08261830983969	5.2192917381649	5.11485276135637	5.31517696693848	4.830748738444	5.18278656067217
YML101C	9.37942698191899	9.28600458164246	9.30456035735043	9.87162663788166	9.72308407366851	9.77351519708702
YML102W	10.9199472164538	10.8745733968505	10.8967607741354	11.0981132262708	10.9621295736113	11.0926778198296
YML103C	11.449022886908	11.5222023844637	11.4955986051368	11.4820253317388	11.3677497019111	11.5197311682721
YML104C	10.8219531175231	10.8571186199472	10.7363332612628	10.6501463620982	10.6244691925979	10.7633643245956
YML105C	11.234912808037	11.3061905529441	11.2575674732165	11.2793662048903	11.3705666054326	11.2835431916074
YML106W	12.0789455754117	12.1569656253438	12.1095151323338	12.2400927220569	12.1918499150769	12.2885037905934
YML107C	10.8672539462627	10.8305339465539	10.8660709108009	10.7137841398744	10.713252886604	10.7142866584312
YML108W	9.53221102878059	9.59719238763807	9.58147724567775	9.17479800812343	9.2119816774279	9.25701251671077
YML109W	10.6196493720541	10.7234598925041	10.6598676052556	11.1243695724357	10.9946300123628	11.0614689743548
YML110C	12.6518098566656	12.5761019038028	12.5968136936364	12.8649403756486	12.8624150063128	12.7311359791219
YML111W	11.5083872839742	11.4180068587825	11.4844167677224	11.4169552598874	11.3277243766864	11.3994816574411
YML112W	10.4713889358011	10.4285030106199	10.527756190555	10.3294360118719	10.4670207116909	10.3723545819816
YML113W	10.533677043112	10.5875840447938	10.6538910424945	10.9937391968001	10.9189077919665	11.0699085721147
YML114C	11.4680872329701	11.562523793339	11.5704777058638	11.1045757116788	11.0630964818434	11.0683777677114
YML115C	11.385528038573	11.3874683602404	11.3958813294978	11.3718852481454	11.4006437527714	11.4690034979326
YML116W	12.2279516239793	12.2097549504917	12.146164030337	11.2329288122951	11.2913215499895	11.3417266908288
YML117W	12.8902920992449	12.8803539427597	12.8756612411367	12.3640160923149	12.3057253004143	12.4086016344029
YML118W	9.26699840154158	9.18195384053062	9.16579246751959	9.5312769197583	9.56872585684287	9.52381805526903
YML119W	11.1329760463382	11.1379379477027	11.2033575830825	10.8961979290164	10.8631932993054	10.9234942330241
YML120C	10.9052977308669	10.756424776156	10.7799739394779	12.8304462105011	12.6870858436751	12.9464284375362
YML121W	11.8181761239027	11.927291287215	11.9204252557956	11.6412208341033	11.5650895608272	11.6208369317111
YML122C	7.69657708721058	7.53209066531374	7.81379500557418	7.53496432616432	7.5427254544308	7.58318722655628
YML123C	12.0945258066925	12.28799207644	12.2678914015167	10.6420915232274	10.7526561831454	10.6512612089566
YML124C	12.2285401494296	12.2847318296541	12.3780291071862	11.8056477259358	11.7417040774039	11.900489743984
YML125C	11.8310218901677	11.852700083785	11.9426560471599	11.7017587564752	11.644507300325	11.6594769108123
YML126C	12.6381427830045	12.697435293406	12.8445157476488	12.1161921512416	12.3018937070984	12.1955031474995
YML127W	11.4932839462469	11.4537303559146	11.5491706909074	11.7164085813601	11.617253056271	11.6584598297046
YML128C	12.7066982783076	12.5674594856641	12.530681852113	14.0329513952824	13.9644431884931	13.885797949269
YML129C	9.90790408314836	9.78360674777836	9.88685909948607	10.6541569774457	10.5318751768085	10.5196591000438
YML130C	11.9855910445134	12.2216070666985	12.48484741695	12.3720734570503	12.2339127078927	12.5177840592828
YML131W	11.5049906475946	11.3818457773269	11.3583976703828	11.9236402341657	11.8155019965794	11.8154429668977
YML133C	12.3233265043766	12.5834687060594	12.4070395685074	13.3051354057794	13.1543621136757	13.416747226581
YMR001C	11.5765431241338	11.5546324623441	11.6137105525534	11.2473362625704	11.1110479089296	11.3448913167582
YMR001C-A	6.89172899708433	6.95241044203378	6.83169411489467	6.36292143234729	6.37589963210877	6.42272895511557
YMR002W	11.1095238781497	10.9738412168156	11.1792881981669	11.7232963882085	11.6248230403806	11.7975378343038
YMR003W	9.40047957301292	9.26985301424849	9.43578748920915	9.27408161742307	9.36677883662125	9.12768967224738
YMR004W	11.4510415654789	11.3780851773474	11.3808839329301	11.2999898740193	11.3190011104483	11.2815627408484
YMR005W	11.6175612598117	11.5908241386178	11.5635873842148	11.432449599221	11.4800007934474	11.4450205989439
YMR006C	12.9924070264872	13.0980110686705	13.2236070409494	12.7356024557445	13.1408963374317	12.8519431944707
YMR007W	7.10368593334389	6.93180002941086	7.00639209358106	6.62582687834061	6.53230114085168	6.79865164452602
YMR008C	12.5933801370268	12.6893022602792	12.5450142889667	12.370855533051	12.508075125712	12.3593787950703
YMR008C-A	8.07825896720342	8.178059183665	8.18457701199982	7.45587374145848	7.41685770634833	7.46654859476139
YMR009W	9.7528648924363	9.79069773477121	9.78114662581454	9.24458226789605	9.32322391459434	9.21333451381197
YMR010W	10.9016119958026	11.0795085139115	11.1023797612557	10.9842128451511	10.9960900488849	11.0033728104481
YMR011W	11.2077099828355	11.5416637366926	11.6095994983407	11.6688371512166	10.7422534294341	11.9273377200992
YMR012W	12.1527382770416	12.1760414626603	12.1637947360139	12.7314329670815	12.5682028785244	12.7141055998171
YMR013C	10.7100864017568	10.6737064945521	10.66680910876	10.1353591916989	10.3542753380053	10.3409984617254
YMR014W	11.198727426572	11.4357530767905	11.4095425743597	11.3626017480874	11.4815650908666	11.4319854486365
YMR015C	11.5737666655324	11.7879247049185	12.2873241830911	13.4032310687127	13.147480711423	13.6575818019577
YMR016C	10.4523672170735	10.4855430281326	10.525575799994	10.502250345182	10.4962054796073	10.4695057103539
YMR017W	9.22512687775898	9.15582269674023	9.04914411104164	8.64306248482312	8.80509718400768	8.5269683805606
YMR018W	9.64587346085184	9.43828445270002	9.37893364379419	8.43850003465249	8.48114102291718	8.28971656284839
YMR019W	11.9134899864195	11.9353105158901	11.9491776943817	10.9835755126736	10.9747735075667	10.9872610451956
YMR020W	12.3648731236551	12.3588686455755	12.3747021276079	11.3621114840226	11.5631208834597	11.4152230715749
YMR021C	11.3251753541233	11.3042102350343	11.2758427283509	11.1278345872295	11.2624940063604	11.1451750962277
YMR022W	11.8692642834505	11.7956980309529	11.7966080048282	11.5716841414826	11.5382830237022	11.5886282033704
YMR023C	10.0141403436663	9.99236736528999	10.125841697453	10.0306478168317	10.0200901482834	10.0758752171196
YMR024W	10.9573539229777	10.9224813359341	10.9043322961768	10.7893934954149	10.7612682030823	10.6766018283974
YMR025W	8.97299178420584	8.93799149659726	8.82974328350983	9.3091091261219	9.12653334762041	9.18251916486999
YMR026C	11.1634588899504	11.1806624143115	11.3110802448306	11.2876510863735	11.2721673352479	11.2495000909442
YMR027W	12.5233992430234	12.4852905811063	12.4716012261942	12.5851393704543	12.6983404989378	12.5513206661382
YMR028W	10.7100864017568	10.6965346186068	10.6971547703852	10.8430814339352	10.9273502982265	10.8443089221694
YMR029C	11.1616109901111	11.1132667608901	11.0608263960206	11.2377473009994	11.3143270434536	11.2901251269647
YMR030W	9.76914072557876	9.68201404686196	9.63707928151853	10.2059123676422	10.0942274023596	10.0712964175246
YMR030W-A	6.03796525016689	5.6619623197268	6.21101418126289	6.0165771608295	6.02037077212603	5.81349360616815
YMR031C	12.660559105625	12.5873416275344	12.5798406023913	13.041113491868	12.9208494425747	12.9015719220249
YMR032W	10.8634695868315	10.8591434449379	10.8669322827214	10.3562722691536	10.1372115832497	10.42593812113
YMR033W	11.5555882556122	11.5748965638643	11.6152491825885	11.3960338256098	11.4784347979657	11.3964346708454
YMR034C	9.43761641501757	9.60203791347641	9.4949497713186	9.74194381067985	9.85125343028035	9.77914207797144
YMR035W	10.2654048697721	10.2142565830317	10.2459308796591	10.3041344081764	10.2220157020777	10.2124422011795
YMR036C	10.2722719545248	10.3336304979001	10.3955076997322	10.2877053114061	10.2553205998634	10.294613384878
YMR037C	11.7000806018675	11.7197322283711	11.8154702036612	11.641624869387	11.5596692203529	11.7114007551476
YMR038C	12.4336076232223	12.3890775741414	12.4613723091371	12.0246759908842	12.1873836964989	12.0078058672685
YMR039C	11.7009290682408	11.6698502286745	11.6065085013227	11.7198565954308	11.7828861329321	11.7099288352799
YMR040W	9.07867290270295	8.91480107945454	9.02154403826466	10.0827637027127	9.99547968735098	10.0636326327722
YMR041C	10.8289560359098	10.6582845414029	10.6737173688881	10.6509493777262	10.599712658524	10.5418921059993
YMR042W	11.6300882022323	11.6336408081439	11.6891869681182	11.2221630862669	11.0062691369167	11.1789046842957
YMR043W	11.6238383279028	11.6193765872983	11.6476883317419	11.4519319985142	11.5022619093352	11.4701632583851
YMR044W	11.4059647308794	11.3719532168013	11.3669472572965	11.4606597656034	11.4143588037656	11.4747929990858
YMR045C	13.1855766022264	13.2121117822363	13.1852760728766	11.3473255477574	11.516575013732	11.429006416076
YMR047C	12.6746644304336	12.685123376119	12.742846799245	12.6757091747862	12.6320413412025	12.6597423389992
YMR048W	10.4703940218511	10.5115234032845	10.4436481632333	10.6834939581407	10.6773006579761	10.7709135080973
YMR049C	11.30522749291	11.3790262467766	11.2764911535128	11.8128410231794	11.7930005481687	11.8249929303581
YMR050C	10.8428607023265	11.2716431203616	11.1074907721148	9.13170625171447	9.78521763211512	10.3333704651195
YMR052W	9.52264203655512	9.50361861887306	9.33726093606056	9.43383332796861	9.59402078488042	9.53716372835414
YMR053C	10.0769350715317	10.0323996214466	10.1157303391452	10.5146563434873	10.4785566787058	10.4936601843976
YMR054W	12.1970126644828	12.2184560107943	12.2636462408344	11.73546076415	11.6431101542034	11.6786664478534
YMR055C	9.87970085444642	9.75053144866779	9.77197723892282	9.68348208728308	9.68012267294971	9.7412080340506
YMR056C	11.6211514995004	11.5336571513705	11.5673016462464	12.3783901404888	12.45093225479	12.2986579695267
YMR058W	14.5342495312011	14.4311663885376	14.7374670954848	12.3632813682655	12.7948181955373	12.4110192370731
YMR059W	9.00083720955523	9.19055998439347	9.25539183298881	9.3708707836379	9.23195526816515	9.33040204657348
YMR060C	10.5563586806922	10.456413540437	10.4744950363796	10.8633166233505	10.7016664102003	10.6796130037965
YMR061W	12.1455888840549	12.0944570633299	12.0830730809622	11.8556118241212	11.9616501822596	11.8966132040919
YMR062C	14.6310739608726	14.584358708049	14.5043849699059	12.3981327345484	12.4351425599143	12.4509231830918
YMR063W	9.47382059604514	9.55616692129289	9.48824596078338	8.6623252683528	8.6797570892083	8.71107749946363
YMR064W	11.1050437705527	11.1881987453208	11.1053025558174	10.9578485301452	10.9762537695277	11.0065736817223
YMR065W	10.5703557032952	10.5046409287009	10.551525451767	10.1273025903586	10.3667451306805	10.3409984617254
YMR066W	10.8566326206931	10.9340537087257	10.9866830736194	10.8409718460763	10.8543656650128	10.916704547172
YMR067C	10.8443974243887	10.767966418951	10.8582953303309	10.8254065428502	10.7868000079615	10.7896154119103
YMR068W	9.67726099874281	9.57436209913454	9.70610515494816	9.62582159212278	9.51268878049365	9.52381805526903
YMR069W	7.56796209645685	7.57233369662908	7.87692669913545	7.66203965988243	7.33563436818317	7.6505026902703
YMR070W	9.49550597422285	9.61488026669706	9.58147724567775	9.69754400907255	9.73187549697469	9.91652691232339
YMR071C	11.9949609584022	11.9625611356485	12.0595319231669	11.9289464154563	11.7833089857131	11.8277099200169
YMR072W	12.1903819875742	12.1004603990427	12.1433230144457	12.8025335777668	12.7526856425553	12.8340379259303
YMR073C	10.4822879360868	10.4285030106199	10.3604601804366	10.7995681054577	10.6216342581669	10.7510120103318
YMR074C	11.7110719317561	11.6613662641135	11.7285777337207	11.7579961494716	11.6163040091898	11.6881663381576
YMR075C-A	8.41719823870941	8.5333859178516	8.5494793139642	8.56673740257122	8.90492443659312	8.67528621566877
YMR075W	10.9177592551408	10.8125346868412	10.851348341626	10.9899362019213	11.0062691369167	10.9013098934856
YMR076C	10.7117711947813	10.772270838083	10.7249761133379	11.1849467457291	11.0285561607717	11.1902094912971
YMR077C	10.5647731819925	10.4881622242471	10.4733642458588	10.3203784791619	10.3735016703174	10.2412621059896
YMR078C	11.0534937853907	11.0058746381295	11.0464515349237	10.9956369412128	10.9242860096701	11.0941830675187
YMR079W	11.4735591646194	11.6025547575832	11.5497072196004	11.9243045751115	11.9507741072414	11.9868907670852
YMR080C	11.7861519905558	11.8360060479995	11.7898112886454	11.8910468520237	11.7469165844417	11.8704999361944
YMR081C	10.0250237401606	9.9486584542206	9.94512570372117	11.8736101268172	11.68127397967	11.707472293279
YMR082C	5.22053425720461	4.96045033447019	4.80058425915785	5.15954622307309	4.830748738444	5.12944642104125
YMR083W	13.7364047826502	13.6802473508915	13.7808733126935	13.3274064983988	13.2432628804108	13.3347626240949
YMR084W	8.08869363666878	8.0793923495677	7.76269446505869	8.16882583163956	8.22592594413229	8.11649599831623
YMR085W	9.50719831017397	9.37363178974208	9.39335868822891	9.65813942115913	9.52690355163368	9.41958192605622
YMR086W	11.7631826182744	11.7779704159619	11.7314181933058	11.7217686038826	11.6323535098104	11.6701131929373
YMR087W	10.2270401222249	10.1261924649186	10.1186265392441	10.0070060328615	9.85769369548028	10.0088146510142
YMR088C	11.4645942571126	11.5042010847576	11.4900185201797	11.3061199167848	11.5150482416474	11.4194319606297
YMR089C	11.349728444293	11.3135926278239	11.2926077777875	11.8056477259358	11.7312222202293	11.7308841858837
YMR090W	12.5001909104914	12.3624416502974	12.4002133758086	12.9063833906509	13.0135099749877	12.8095078233481
YMR091C	11.4261159502917	11.3953963596392	11.3850989437776	11.2938336719601	11.2324593957444	11.3070989295412
YMR092C	12.7605923903999	12.728040103842	12.7125006060653	12.830091752303	12.7608676737726	12.7688526376957
YMR093W	11.2644847082415	11.4541769300745	11.4978246096882	11.6097653102445	11.6379756774952	11.7202008756664
YMR094W	10.329358698004	10.3394442377709	10.3883260250043	9.11316966349295	9.23443261681764	9.21886720038384
YMR095C	11.443456911447	11.3605637390862	11.4486165661381	9.30707207891863	9.69638356215942	9.37072010920746
YMR096W	15.2036716119626	15.0840994484596	15.1301750231754	12.4112249385331	12.8511648684347	12.5048272542088
YMR097C	10.6699164824422	10.5123814082233	10.5461576366775	10.3334433970788	10.4307693836681	10.2906797780249
YMR098C	10.4442824154143	10.3189927951677	10.2889880966608	10.3414249204322	10.4013181386416	10.373594758899
YMR099C	12.2501485141444	12.24140550063	12.237576601811	11.93950058536	12.0405308966996	11.934497619716
YMR100W	10.6768333970845	10.7145405262706	10.6144278795746	10.734387786802	10.855170413197	10.8700187783341
YMR101C	7.00723536346754	7.09808842207088	6.87397493087261	8.11851669092701	8.17517073622739	8.09856890403527
YMR102C	11.185451004329	11.2609623329106	11.2887561768775	11.2404173011356	11.1311204283613	11.0428821105745
YMR103C	9.07343783278783	9.05809180268728	8.93870552046312	9.89215036360186	9.86730048511151	9.8715853279147
YMR104C	11.3567444502063	11.4280443707714	11.2945297288623	11.8670598279864	11.8714601434746	11.8735709526894
YMR105C	12.8211553775728	12.7000733943299	12.6667394182992	14.5424571735179	14.8038005941078	14.3774962614292
YMR105W-A	6.44123887173186	6.65755823912163	6.86002211332216	6.72839640648348	6.67282278497319	6.87162016115536
YMR106C	10.2779696557792	10.2782081590062	10.2432795759996	10.1916336709798	10.0541345734514	10.0880147553261
YMR106W-A	11.5271663825934	11.4212081944788	11.4629294975312	10.9217076433912	11.2612802667431	10.9840169852477
YMR107W	10.2631085569082	10.1047329259049	10.0444173800545	12.2166917273766	11.9519030283501	12.1481034718577
YMR108W	14.5944450766186	14.703666503082	14.6859903858059	14.1438468740075	14.1452305047837	14.2835677149744
YMR109W	12.0385715036814	12.1250686109445	12.1138754036485	12.2927482491624	12.1139772021803	12.3106846530682
YMR110C	10.9665559811581	10.8772400998577	10.898446772287	12.1309439114687	12.1363277712474	12.1426585921127
YMR111C	10.3370207171457	10.274166724637	10.4823858457638	10.4207858024493	10.4638584607774	10.4413960485093
YMR112C	9.32540978337614	9.37551981991317	9.27889137200426	9.50130455052112	9.4002582336478	9.60843534259749
YMR113W	10.6956856515536	10.767966418951	10.8116356311934	10.7267910767604	10.7500625193142	10.7093840152671
YMR114C	10.9097082183345	10.8725701295122	10.9110293369472	12.483550793842	12.4517305221613	12.4110192370731
YMR115W	10.787218545338	10.6813560796581	10.6608612960582	11.0324606967273	11.0686580081061	10.9726049785406
YMR116C	14.4269992403752	14.5901606005183	14.4627591961861	14.8045688655086	14.8230023784342	14.8366255451486
YMR117C	9.00908696758835	9.02959194017269	8.97433550492752	8.60706367134838	8.76794303897339	8.72670355604553
YMR118C	9.71975153098808	9.73149557586041	9.62286854418467	11.9607039328278	11.8445630258052	11.9120572534575
YMR119W	11.5343245181326	11.5145150298551	11.4860995785606	11.3782028693125	11.5150482416474	11.3699614717654
YMR120C	14.9130613264958	14.9646320335734	14.7220791713374	13.7418064951027	13.7678958439958	13.7571429001181
YMR121C	11.4414275842086	11.3524414394965	11.3899010672041	11.4338499583512	11.3358187746616	11.3549717195831
YMR122C	8.37522883847551	8.4640335456227	8.4424614945219	7.81370361268111	7.51842416165244	7.66684787768389
YMR122W-A	13.9128233848196	13.9733119158365	13.9261712221839	14.1011525832123	14.1083279176794	14.1788455717879
YMR123W	10.8755447553125	10.8898400509253	10.8933828547322	10.3699932494619	10.2282415774334	10.3384602757739
YMR124W	11.205320098003	11.1962299339846	11.1944643378225	11.2243226683604	11.1839612527195	11.209782210176
YMR125W	11.9987609518588	12.0046312674277	11.9737744808731	12.1147377479133	12.1703495003156	12.1444758363046
YMR126C	10.1143596080798	10.2568631645174	10.2604265703942	10.2222140338912	10.3162057908556	10.3797796993009
YMR127C	10.6948340548229	10.6660161275426	10.6990908062276	10.4094412307462	10.5136409507639	10.5016226206732
YMR128W	11.1616109901111	11.2100456160814	11.1356395959881	11.690868150638	11.6186754572947	11.6961180091468
YMR129W	11.2213755139284	11.1556192722493	11.159036200147	11.2757265537386	11.2011533299598	11.2947146787809
YMR130W	10.4733767073702	10.4474690152512	10.3005112805441	10.1133856997547	10.1673338787295	10.1716721819377
YMR131C	11.987678513113	12.2312797210649	12.3263613365521	12.5103455876449	12.4877219415577	12.607735840115
YMR132C	9.42122914134747	9.5001617258795	9.48151083298454	8.82783695953098	8.76108353389727	8.8986333144347
YMR133W	9.02544611503898	8.88063065136494	8.91889305038697	8.9187212083539	8.96882100308471	9.04911026034394
YMR134W	9.794805898246	9.73444057773683	9.85247549045834	9.03899999458245	8.90803226238327	9.05530932393292
YMR135C	12.75794496906	12.724157249786	12.6990207507815	12.1257546146453	12.1306894309175	12.0987185195697
YMR136W	11.4485177755902	11.5106559364786	11.4065837237114	11.0019447858202	11.2978475100874	10.9969496819578
YMR137C	10.4187213239045	10.3870018634687	10.3604601804366	10.3758339479744	10.5348919301265	10.3192801627352
YMR138W	8.93596900297326	8.93543314196119	8.90553171979192	8.98139365318442	8.70856847347636	9.05530932393292
YMR139W	11.1603777405353	10.9781950653845	10.992220060553	11.0737674629907	11.0519086898715	11.0041736943508
YMR140W	11.0007224518049	10.9448985834094	10.8720897409872	11.1467448140567	11.1998868452513	11.1121245859897
YMR141C	8.0249168403701	7.91217464002255	8.12809602142008	8.45332623209893	8.48946881348821	8.26850420825518
YMR142C	14.7292594622726	14.7872101365802	14.731745392823	15.0643195834026	14.9712607794636	15.0685565577875
YMR143W	13.8874269000569	13.9246767836298	13.8139661086233	14.4622151757036	14.3294373596736	14.4386102302236
YMR144W	10.2469311811251	10.2121456675413	10.1892035895016	10.1883184157792	10.1621402039292	10.2276101367334
YMR145C	8.90682809218667	8.95324694440255	9.09987776224221	10.6493428991966	10.4889644589456	10.7123276002072
YMR146C	12.8320396307806	12.9400769840458	12.9190791606299	13.2146191410301	13.2098364228362	13.2512139281953
YMR147W	10.111809550865	10.1714398729419	10.1387387168215	9.79522436617726	10.0639146841769	9.887301022448
YMR148W	9.794805898246	9.92951278769375	9.79207347895191	9.49416074394072	9.73887024761442	9.52605093040362
YMR149W	12.2196869590462	12.2834759241488	12.3406934206781	11.8472285711026	11.9149461763542	11.9603131438216
YMR150C	10.1333426650681	10.0760012936792	10.1099204331474	10.2329803448456	10.1239161232397	10.1208810497627
YMR152W	11.6112567602712	11.5517142141065	11.5367751351592	12.0280794918597	12.0126713888836	12.0307820240536
YMR153W	11.5452318036692	11.5183638275863	11.4827319916188	11.2167499446438	11.3547206272446	11.1923193154796
YMR154C	9.51107477833443	9.40169584554591	9.37409304012475	9.31114329866744	9.38473122194991	9.19940915942405
YMR155W	10.6742434392968	10.5055030360309	10.4812612266571	10.4716696741422	10.5156783959238	10.4868000802948
YMR156C	8.97860408904387	9.03438123556755	9.14320595202685	9.18592700745158	9.22449757077025	9.17399935679379
YMR157C	10.0611604367762	9.9985047463793	10.0775407408615	10.2404692295469	10.2950091373084	10.2385420299157
YMR158C-A	6.50619412424593	6.37892659219261	6.5294282620925	6.78888043656943	6.51577250104764	6.6062593621705
YMR158W	10.0031741937324	9.95750685445945	9.93858457770001	10.229758881404	10.0983120300459	10.2124422011795
YMR159C	8.49371641149595	8.3799126805934	8.44708316159188	8.43102923939831	8.57802809203257	8.35657185876934
YMR160W	10.5135337623119	10.4933863917708	10.5429273333705	10.4942183452402	10.508534711612	10.4496514383762
YMR161W	10.6673140645922	10.6729393001963	10.6598676052556	10.7717825860757	10.8201543231811	10.8071604164755
YMR162C	11.5209338048951	11.5323888817418	11.5259091321271	11.4542339035264	11.388465697826	11.5118688133326
YMR163C	10.0331327275723	10.0725147158746	10.1157303391452	10.1805530566989	10.311522269577	10.3473244544504
YMR164C	10.2340918608925	10.1539508392468	10.2366299163125	10.0779943814365	9.91902350400164	9.96011021962546
YMR165C	10.8680096282694	10.9056000690097	10.9391499205722	11.1816163854369	11.1768979072693	11.2042170496341
YMR166C	9.25317594030147	9.27390790514903	9.34222659761847	9.19476874356853	9.2854969259877	9.16256069560649
YMR167W	10.1912548198478	10.1035945831191	10.1330209410873	9.9791382174428	9.90665388457697	10.0497343537255
YMR168C	10.1705752877293	10.1649063115427	10.1739702456461	9.71608243502518	9.8641053273232	9.69234260711768
YMR169C	10.4135542969625	10.2872601950602	10.4401796552837	10.8989045043611	10.6736556567985	11.0153396317685
YMR170C	11.6126100457578	11.4925090677973	11.7511463417094	11.6924289940051	11.6894189219441	11.6040302504315
YMR171C	12.138090680066	12.153120002216	12.1946539979474	11.9049133838669	11.9009857104342	11.9328161315203
YMR172W	11.4770305275141	11.4581898889128	11.4629294975312	11.2323924298305	11.2274958549139	11.1516952960029
YMR173W	14.2125416117891	14.214209742955	14.252523684845	13.6873706961592	13.9867372973672	13.7260488816676
YMR174C	10.306125366385	10.0956009272055	10.1287176846079	13.140799309432	13.1007462617102	13.1320777360064
YMR175W	9.02544611503898	8.6751284873103	8.78300999637374	15.4138565530389	15.0955563164753	15.4382393266579
YMR175W-A	5.08261830983969	5.52176088130046	5.48170850453904	9.19256338955662	8.98656847256636	9.35573267090603
YMR176W	11.2849999295836	11.2972576359977	11.2128740063541	11.0683678279675	10.9851035847771	11.1084051263307
YMR177W	10.9177592551408	10.9738412168156	10.9890586708323	10.5452124121476	10.5399058741353	10.7133074618893
YMR178W	12.1118547669752	12.0167749080631	12.0515987253028	11.6204635307829	11.7620130338567	11.6680932711233
YMR179W	10.4960413407728	10.4402732446598	10.5906383670928	10.4689399926806	10.3554134207059	10.4856535509542
YMR180C	10.6965367458359	10.5744980322193	10.51682112936	10.2804583153448	10.1621402039292	10.1355762280046
YMR181C	12.2717235543239	12.1988709232937	12.2747226900859	12.3873318487449	12.7857722138777	12.3761799469936
YMR182C	10.3543825601822	10.3728984902639	10.5288451511494	9.90162905362759	9.97489208959105	9.99114675633707
YMR182W-A	5.48931441215219	5.36337932324628	5.40024844922604	5.11699074193998	5.01219833709859	5.07335219469129
YMR183C	12.0240676426688	11.9976021069768	12.0512198636488	11.8416125490304	11.6574824935611	11.7984614722111
YMR184W	11.4814814695925	11.4820360108862	11.5502435488286	11.3859406139113	11.2099877266726	11.4379251219162
YMR185W	10.9972729184803	10.9613287502722	10.9407871248208	10.9250308502682	10.8663900016893	10.9302521116367
YMR186W	14.3321615929917	14.3148250700191	14.2078425359765	14.676552370679	14.6604517966679	14.6116832031249
YMR187C	10.370471654291	10.4009686738308	10.2812545103401	10.0635910533743	10.0471079517309	10.0419548210487
YMR188C	11.269068925164	11.1757967568529	11.0987179208013	11.2897148936989	11.2883454171482	11.2076977900368
YMR189W	13.9090652413448	13.9082295879087	13.9033683788354	11.7911526283936	11.8718578189887	11.8766354457389
YMR190C	10.2032821747442	10.2403856196608	10.3056032937815	10.5581122893383	10.5578131240229	10.6223409803718
YMR191W	11.2719266808478	11.2179564268082	11.2377264734924	12.2253431835865	12.2202358237119	12.2468186155689
YMR192W	10.6097437671065	10.5217859317499	10.4597251598683	10.6732542206827	10.6935901362004	10.7643101359042
YMR193W	10.5943000437817	10.5080862708194	10.471100001929	10.8332101883804	10.9478657192568	10.8034844231437
YMR194C-B	10.3694046133521	10.2701139345936	10.3195143434615	10.9395626906238	10.740512320163	10.9428384332036
YMR194W	12.7815986638991	12.8838388464753	12.8233721519182	13.0578603650086	12.9723806440626	13.0477825519546
YMR195W	13.1919275804842	13.0971535278967	13.1072401057401	12.8725332665414	12.7252188577976	12.6169275584349
YMR196W	12.6794074723729	12.614164812274	12.6783165133118	13.0525528714385	13.0755909058327	12.9588745042326
YMR197C	11.3085713502047	11.2867655040701	11.3186553706908	11.1347397481574	11.1548445011524	11.1364353999114
YMR198W	10.2399420876165	10.1572462273594	10.2392934601294	9.79231541930354	9.6728363296346	9.76219513531012
YMR199W	11.6336474399612	11.6934945943878	11.7469415333059	12.010668356681	11.975408564401	12.1331718449007
YMR200W	12.1583088444895	12.1326210736673	12.1365530940342	11.8632539115478	11.893171121816	11.9652567773493
YMR201C	10.4624099089099	10.3766728935674	10.456295141925	10.6258456432759	10.4553917415125	10.6212973142486
YMR202W	12.8127417337761	12.9322446349591	13.120121378895	12.6433920517633	12.2900399543618	12.7961600596396
YMR203W	11.5737666655324	11.6782845920621	11.6396466711873	11.8224954282241	11.7803464101694	11.7979997271756
YMR204C	10.0730075583547	10.058483502696	9.94838517485998	10.0281773795766	10.0128952693036	9.94517227535712
YMR205C	14.0627579928848	14.0463611435046	14.0741032833763	14.2370306302829	14.1788040690989	14.2852159433852
YMR206W	9.30545719520028	9.34693638967262	9.36191993768755	12.1027560088089	12.0451222880454	11.9969839565392
YMR207C	10.9402097359246	10.9644670562698	11.0141579001914	11.1416120141046	11.0363824157943	11.1859805633835
YMR208W	11.4121951397991	11.4212081944788	11.385700084114	11.2984532846484	11.3335107201814	11.4212320179733
YMR209C	10.9330057500935	10.8792368969986	10.8329517079966	10.6242109466154	10.5558343723517	10.5810678525634
YMR210W	10.8717821117188	10.8638570130782	10.9268113006669	10.7328716419265	10.6225798555005	10.5659590097488
YMR211W	10.3424687758603	10.4465715045927	10.3629047820945	9.77473742264451	9.86090307464323	9.81792721542573
YMR212C	11.6380841739806	11.6536100330855	11.5507796787401	11.266848981664	11.4547385595708	11.3921580488402
YMR213W	10.4684021328859	10.4714930882417	10.4823858457638	10.4753012325334	10.5666840686694	10.4437595564273
YMR214W	11.4256027530653	11.4846614116383	11.4532121726117	11.6249659269078	11.6593266027308	11.6203146758731
YMR215W	11.6631162760866	11.6308782332133	11.6446779596539	11.1693388609964	11.2509220406133	11.1422677432388
YMR216C	11.0876318361294	11.2331287368591	11.4000528114589	11.430112642369	11.3277243766864	11.5425131696261
YMR217W	13.1881506051965	13.4323113384821	13.4474033670295	13.6629992788874	13.6242297732232	13.7620042548446
YMR218C	10.5933864197034	10.6205849200038	10.5288451511494	10.4422832882233	10.4079150230087	10.5207789267723
YMR219W	11.8255861343132	11.8009741132352	11.8047220208409	11.9296083179716	11.8746384824228	11.8991987210695
YMR220W	11.7688581906123	11.6961399355998	11.7838947881132	10.85428076024	10.8035735654942	10.8961416160705
YMR221C	10.4723831639926	10.5612922172948	10.6408562447956	9.89215036360186	9.94949119855459	10.0294196208823
YMR222C	9.92543659829317	10.0033959155994	10.0337165734782	9.60276024576999	9.48383175633892	9.51260151237573
YMR223W	9.68242646707968	9.7226243099564	9.64111390010452	9.51724985835917	9.80701270497822	9.69829464509718
YMR224C	10.2596572183354	10.3681665546319	10.3629047820945	10.3670640072594	10.3324793821551	10.3883943020852
YMR225C	9.80431378502386	9.83664359722605	9.8766298192732	10.5382850148665	10.4122962438608	10.5583448259578
YMR226C	12.6607771584531	12.5054679894831	12.5816780977872	12.3568980369441	12.2950897047608	12.3309346152934
YMR227C	11.1386234400833	11.1462530585648	11.0653362271628	11.1563905557881	11.1979850309965	11.170367560235
YMR228W	9.79639490573317	9.87183975509499	9.89870227169268	9.87162663788166	9.81530848887165	9.89768380612974
YMR229C	11.7022008328924	11.8384027701429	11.6872376778699	12.410750934205	12.3218242202283	12.5408722364512
YMR230W	13.1753870477763	13.1742589834456	13.1117888956777	13.6748910731506	13.5584321769491	13.7053923340062
YMR230W-A	4.92409155813622	5.29358771106086	5.62992616824847	5.57544755772914	5.42254112143937	5.64872822323265
YMR231W	10.8382406893894	10.9340537087257	10.8797915190451	10.7479618559714	10.7465970307045	10.7462328130308
YMR232W	9.60293146158114	9.55116448880463	9.60438935448999	8.71246719125683	9.29976051042814	8.80238725910781
YMR233W	9.78843230095958	9.75488888444758	9.86804964107431	9.85080660581355	9.97489208959105	9.89940702578635
YMR234W	10.5009216631189	10.3981861099407	10.5179183733799	10.4487629121336	10.4743724483906	10.4508269322995
YMR235C	12.4666598929543	12.4789405413738	12.490167928995	12.2326027104175	12.1886611704409	12.1969048562323
YMR236W	11.9017299986058	11.8621535103051	11.9133551767802	11.0933949862038	10.9296442505617	11.0381977331632
YMR237W	11.6821465559276	11.6324574951743	11.6290235028813	11.1926878168643	11.2017861556083	11.1781951837639
YMR238W	11.084384213152	11.1621942943839	11.2496637891378	11.2162075116479	11.2043146858432	11.2104763481424
YMR239C	10.3947982265153	10.4714930882417	10.5233921086275	10.4762076953445	10.3791080439578	10.5374728347982
YMR240C	11.3907958793251	11.3268213994024	11.3473303634109	10.8031845727252	10.8259128549222	10.8153973109151
YMR241W	12.9282827848983	12.839233235622	12.891832008388	12.1295043114861	12.0532098941906	12.2084172806357
YMR242C	13.8676331817923	13.9868786842359	13.8900837282099	14.0802165891144	14.0122137868158	14.1244557919207
YMR242W-A	5.52320216549982	5.32900622560061	5.3573322420859	4.75661661960266	4.89502999417141	4.95130205876627
YMR243C	13.3058977269747	13.3983699116261	13.4492736306628	12.8151253157478	12.8367740051871	12.7180160199269
YMR244C-A	10.8695198057255	10.7484359881704	10.7615645613153	11.144465823981	11.0242693306051	11.144448807111
YMR244W	9.52647725783873	9.45801927382368	9.54748681936949	10.4226679200711	10.2307244223255	10.3063502466372
YMR246W	14.8773388000072	14.8910483745792	14.9243347982957	14.429480869973	14.8379885516728	14.4796409335639
YMR247C	11.0706637907022	10.9997693567659	10.990640231712	11.0665634489462	11.0285561607717	11.1091497858532
YMR247W-A	5.67996789555208	6.02875855747301	5.55804051467948	5.97432906562656	6.06740334540882	5.84405437829911
YMR250W	13.0944034700835	12.980009527206	12.9437816610071	13.7291257160144	13.8112524009061	13.5511853292876
YMR251W	9.6961112637423	9.6323537923117	9.62897601769816	9.4486916264649	9.39362426745915	9.21056018569431
YMR251W-A	13.4824410748064	13.3344356835262	13.3278477356471	14.0782031944077	14.1034257861916	14.0609280244458
YMR252C	10.5988595043872	10.5646050225438	10.684506801795	11.7838500963806	11.4392587887354	11.5886282033704
YMR253C	11.2639106555018	11.2409143125734	11.3236834463259	10.9867593630383	10.9463560236058	10.8900884627519
YMR254C	7.29708113108658	7.26341031302929	7.46649651538541	6.78888043656943	6.7451748595388	6.75297743686806
YMR255W	11.2996371156253	11.245565568987	11.2582241631017	11.5035237147637	11.5851151073395	11.471322087233
YMR256C	8.9645321205018	8.88328811662904	8.87843141804288	11.6779263480319	11.4170862364325	11.7104196421195
YMR257C	10.0782418694686	10.1429115143722	10.1795282765	10.6692964241258	10.7817296706179	10.7557754260823
YMR258C	11.3312159225812	11.2645313890737	11.2816680891264	10.5785151035047	10.8695796358275	10.5821410241035
YMR259C	10.9301140522686	10.9461691075151	10.9034929757724	10.940219763296	10.92811535439	11.0057741294955
YMR260C	12.2751458144643	12.3238655750207	12.2268812127251	12.7367375007683	12.6594806322239	12.7593969313291
YMR261C	12.2999973647358	12.2854848485008	12.3188268208008	12.369392665748	12.2608835363086	12.2646404201883
YMR262W	10.6880031213703	10.6387723088463	10.7476016911804	9.95592982015104	9.77844464093282	9.75459875573438
YMR263W	10.5077264929521	10.410205309336	10.5113223545589	9.89892720762373	9.76308808955517	9.8610122385759
YMR264W	11.9424772727534	11.9401007434965	11.9299358386823	11.695545623695	11.6685119540969	11.6384820655526
YMR265C	11.3621182542441	11.3466803931243	11.4787931788316	8.88905906411125	8.83806157361523	8.73831281232695
YMR266W	11.5083872839742	11.6033602606067	11.689673879418	10.7725206825436	10.8052402437586	10.7356625092583
YMR267W	10.5759167030274	10.4899057165413	10.5611374673395	10.8189901924024	10.7344018349682	10.8254011707389
YMR268C	9.97258012219566	9.90750258973019	9.94675636012858	9.92439264144711	10.0485160174264	9.96011021962546
YMR269W	10.5526030885987	10.5629495709457	10.5266664072513	10.6692964241258	10.844673505755	10.9132976826797
YMR270C	10.9910428954144	10.9082100800022	11.0824944723745	10.7930355284857	10.7361503306835	10.7988762192005
YMR271C	11.3949963457939	11.2367672350199	11.3423841746822	11.065961487389	11.0714307514567	11.0121581732863
YMR272C	13.2404409058607	13.2064238963919	13.241982348462	12.8580028978092	12.7511733518286	12.9860863673691
YMR272W-B	4.97970343435334	4.91028219693011	5.16772503640931	5.20051604150312	5.11739795750472	4.95130205876627
YMR273C	10.8830407273438	10.8530604235767	10.8355942060646	11.0107296859039	10.9463560236058	11.023262716066
YMR274C	9.87669975361076	9.81176385716052	9.88175352907654	9.21446653129363	9.22698775990716	9.27305645513745
YMR275C	11.0541579629588	11.0095254426948	11.0698320035471	10.5708978263972	10.6441592482259	10.6233838919333
YMR276W	12.6965246282426	12.6340091816741	12.5538668613519	13.1554442180703	13.2288989412397	13.0779539361486
YMR277W	11.6139620629724	11.7171298344929	11.660164368564	12.03147498228	12.0440640324168	12.0661091923684
YMR278W	11.5490063939384	11.5871641214301	11.5704777058638	11.103989407845	11.310811528098	11.161061638412
YMR279C	10.344642250604	10.3101383363525	10.3774860202951	9.78794096688093	9.82355682294149	9.92331836491155
YMR280C	10.0385135001698	10.1351334030141	10.191956085408	11.6692335267422	11.5909240399795	11.7643595804307
YMR281W	10.1028486765951	10.112676267606	10.0996964396825	10.2606023535216	10.1608388577669	10.2998415620746
YMR282C	10.3260624750014	10.2660497248669	10.299235463484	10.5581122893383	10.4350818368744	10.6160676268757
YMR283C	9.86463250414795	9.9114112320065	9.94675636012858	9.93630004734648	9.98669239274383	9.91992663640598
YMR284W	9.81845909971195	9.9114112320065	9.88345739501727	10.2146295120155	10.1621402039292	10.1045415187377
YMR285C	11.6233908705277	11.7171298344929	11.6356089683891	11.6735864848091	11.809701903168	11.7094378614053
YMR286W	10.2282178087976	10.1217011249703	10.2097204017885	10.6661223497806	10.5488872870686	10.6285871693986
YMR287C	10.4156233293696	10.5055030360309	10.5685694477275	10.6692964241258	10.7326512173138	10.6471650773229
YMR288W	10.4523672170735	10.5612922172948	10.5266664072513	10.6685035600673	10.5939387656176	10.6533049212479
YMR289W	10.8627115221484	10.7513461234974	10.7335023460366	11.0725692895106	11.1691527906922	11.0737284913511
YMR290C	11.2077099828355	11.4483606554302	11.4928112606141	11.7557583860276	11.7680076566794	11.939948960449
YMR291W	11.0082825143274	11.1104363317563	11.0765495062796	12.0286974484749	11.8022102109218	11.930290218787
YMR292W	10.3094674139086	10.2721417530625	10.1836827890686	10.2563870922567	10.2926346096382	10.3244198488888
YMR293C	10.1421166402503	10.1001741540966	10.1011614549362	10.3314410961817	10.4307693836681	10.4342821991606
YMR294W	10.5572960528954	10.4275936172945	10.4744950363796	10.7798809500459	10.7282653558037	10.8281174986324
YMR295C	13.0516418175345	13.0673977822962	13.0885309640297	13.6788333213269	13.7311080271513	13.7241058583032
YMR296C	12.1921933784515	12.2924941354681	12.3481148881441	12.6425848678667	12.582608330827	12.6866812463632
YMR297W	14.9849213043601	14.8805792374549	15.0346647372847	14.6954534390108	14.7540272602122	14.5608788640283
YMR298W	11.7439639354031	11.6185799800173	11.611142516863	11.4977327978872	11.4187202243477	11.4999943490957
YMR299C	10.5516626607768	10.5029151667458	10.4891152092077	10.6002972796482	10.497236950206	10.645112641464
YMR300C	13.4059372289143	13.4646970812755	13.2441385922451	12.5266243561815	12.5220774068074	12.5155390445526
YMR301C	11.8887567876	11.924715690907	11.7162040366816	10.5994655575798	10.509557406532	10.5853557565483
YMR302C	11.1591434357774	11.0731262861737	11.1212729241152	11.5421241458483	11.4284854762234	11.4672621072146
YMR303C	10.841322341474	10.746249527429	10.8434927801986	10.3193685667124	10.0887631750284	10.3257019139109
YMR304W	11.8134764309092	11.7829561459709	11.773826638611	11.9851066870855	11.9537826026147	12.0236905728946
YMR305C	11.6442727672725	11.6458118760375	11.7779539233519	11.4679687301328	11.3688771234483	11.6721302905148
YMR306W	9.40465344773872	9.39984181028098	9.43346280919339	9.26990420825576	9.35088498292799	9.21886720038384
YMR307W	14.0562251968916	14.2117029107134	14.2781649690645	14.6097721747265	14.556986959089	14.6956333931077
YMR308C	12.4899186708854	12.5030960773894	12.5096022254686	12.5999765096064	12.5830941395474	12.6536302716173
YMR309C	12.3293746849029	12.4972575243239	12.4504958547355	12.969378194184	12.9150727744831	13.0030120608284
YMR310C	10.3392024105833	10.3365402969466	10.3859241654085	10.4951130014809	10.4659673981485	10.4993521203447
YMR311C	12.0974284602737	12.0219051619442	11.9983520316031	12.7073182043651	12.6371968786015	12.6571987903989
YMR312W	9.71807573331733	9.65117738118818	9.76829309641334	9.73438555079253	9.78014087335954	9.73928488246282
YMR313C	11.6425073050303	11.5920420837967	11.5704777058638	11.0886612636752	11.1535366828428	11.0216815766606
YMR314W	12.2642806895517	12.1892460408575	12.2241949301116	12.256540650751	12.2274012757199	12.2056348143324
YMR315W	12.6376997467522	12.5228148288938	12.4797887673918	12.5253112773969	12.6374307840254	12.5502243881219
YMR315W-A	6.18612153607785	5.92480708100172	5.91089504615693	5.83878905199794	6.02037077212603	6.01378786645931
YMR316C-A	7.26045130310834	7.26341031302929	7.11580354876197	7.47788214080196	7.43429555305364	7.26611657134505
YMR316W	10.4483304805963	10.4321348614032	10.4980391355119	10.5978006733753	10.8176793265352	10.5484957299779
YMR317W	11.6274129993931	11.7208461045598	11.8791841365344	11.1625977253354	11.1344388618087	11.1746424374495
YMR318C	11.8635921515383	11.9117682810176	12.0930457306379	11.8500284050289	11.6163040091898	11.9378547279539
YMR319C	15.5157500251109	15.4946196616102	15.5939349836173	14.7342343874317	15.0258401781978	14.706068727704
YMR320W	10.6366004522803	10.6094010071512	10.6508934496368	10.4951130014809	10.7526561831454	10.5004878172438
YMR321C	9.42328776645246	9.33340098393722	9.56032731535048	9.55206490663529	9.51879799408106	9.47611067146914
YMR322C	8.69471655859963	8.40233592912639	8.57080699550171	9.4851809183794	9.33942397352685	9.25162460475066
YMR323W	7.96385602536089	7.72285262122602	7.77748156884271	8.13241303060908	8.22592594413229	7.82806698784809
YMR325W	6.42451074493816	6.40945811682214	6.21101418126289	7.98188909867703	7.75851586025056	7.94647361431902
YNCA0001W	7.83953393337339	7.70488126215406	7.62225166700034	6.88053884167945	7.02551050937199	6.98103020290246
YNCA0003W	7.01828268415304	7.23016952826747	7.28125574058143	7.8422003423118	7.74463443630561	7.87098292403724
YNCA0004W	4.58182570310429	4.53280551065766	4.72322361635868	5.54580957336203	5.72651563189379	5.32909162943883
YNCB0009C	5.38154681045809	5.6619623197268	4.938326897295	4.87373458978012	4.60485418359286	5.01412775991526
YNCB0019C	8.68787859115719	8.89650239736337	8.8715759222805	11.2999898740193	11.7756786075463	11.3379199532642
YNCC0003C	6.49023936219743	6.48295001032278	6.58173040199921	6.97698692798347	6.90495258512991	6.79865164452602
YNCC0004C	5.70910116153379	5.49170405630584	5.59450235967106	5.41950384393703	5.53239010499681	5.23367876684954
YNCC0005W	4.92409155813622	5.09767709213781	5.16772503640931	4.87373458978012	5.21325531853031	5.01412775991526
YNCC0006C	8.48585084767608	8.58981647948843	8.51907938482918	9.30298932793097	9.20946540341825	9.22986926367384
YNCC0011W	5.08261830983969	4.80142104251955	5.16772503640931	5.11699074193998	5.49686667297998	5.28237631010879
YNCC0012C	5.48931441215219	5.49170405630584	5.48170850453904	4.75661661960266	5.11739795750472	4.95130205876627
YNCC0015W	6.08199178292175	5.90299591862888	5.91089504615693	6.19171244269954	6.58073683714937	5.93165810593533
YNCD0002C	6.9273850013888	6.84620377652255	6.86002211332216	6.48597491736412	6.7166817283254	6.92738651100168
YNCD0010C	4.97970343435334	4.80142104251955	5.16772503640931	4.87373458978012	4.89502999417141	4.88427127045992
YNCD0030W	5.41855710891443	5.29358771106086	5.62992616824847	4.9780834168811	4.95532230271542	5.28237631010879
YNCD0032C	8.38372126355218	8.31834968973408	8.3858113159365	9.36696502779265	9.33481393311224	9.35321954493367
YNCD0033W	9.87970085444642	9.70771649692403	9.65714042112163	8.69074464838295	8.98362570124186	8.84237802500432
YNCD0034C	10.1295659889863	10.0910131532445	9.82081333966873	8.72473450207933	9.13451414519349	8.81340441545101
YNCE0011C	6.03796525016689	6.00861081660095	6.14205277813951	6.19171244269954	6.17822917482462	6.14031979378828
YNCE0015C	5.08261830983969	5.29358771106086	5.16772503640931	5.15954622307309	5.60050186728381	5.37400505428203
YNCE0016C	4.58182570310429	4.53280551065766	4.72322361635868	5.54580957336203	5.72651563189379	5.32909162943883
YNCE0017W	12.1449655200707	11.9951491314342	11.9601165599896	12.2610180003944	12.5787159605172	12.3171440590143
YNCE0019W	8.90092849790025	8.84835266769329	8.92883334498874	8.36591027198871	8.79505892327269	8.52249774955799
YNCE0023W	4.92409155813622	5.00823711295516	4.87192658807557	5.02646328380105	5.16636817302805	4.95130205876627
YNCE0026W	4.92409155813622	5.00823711295516	4.87192658807557	5.02646328380105	5.16636817302805	4.95130205876627
YNCF0001C	5.55617789117491	5.6619623197268	5.55804051467948	5.73988662067766	5.49686667297998	5.57630276169819
YNCF0003C	8.65319295224828	8.55021405471984	8.5494793139642	8.72473450207933	8.74726571528108	8.59241295090993
YNCF0010C	5.08261830983969	4.80142104251955	4.72322361635868	4.92728381411808	5.01219833709859	5.01412775991526
YNCF0013W	5.99243353518403	5.71392922942525	5.59450235967106	5.60439336777067	5.01219833709859	5.32909162943883
YNCG0002C	4.92409155813622	5.00823711295516	4.87192658807557	5.02646328380105	5.16636817302805	4.95130205876627
YNCG0010W	7.58283744172523	7.4408001005204	7.48466558046331	8.65913264996876	8.37725556344304	8.49537830077603
YNCG0013W	7.90008056211284	7.73470940253619	7.79211758025922	7.65562570528803	7.64350204546067	7.69102078493837
YNCG0014C	6.26400625251417	6.49719021556807	6.81731303394313	6.51509654863906	6.53230114085168	6.29960411417641
YNCG0015C	5.17645613279124	5.18022545995824	5.3573322420859	5.02646328380105	4.95532230271542	5.18278656067217
YNCG0018C	4.92409155813622	5.00823711295516	4.87192658807557	5.02646328380105	5.16636817302805	4.95130205876627
YNCG0024W	7.82085975992566	7.72285262122602	7.74775309368608	7.53496432616432	7.5823309483662	7.50346260027358
YNCG0026W	4.92409155813622	4.80142104251955	4.87192658807557	5.07269176692516	4.95532230271542	5.49938051151823
YNCG0031W	4.92409155813622	5.09767709213781	5.16772503640931	4.87373458978012	5.21325531853031	5.01412775991526
YNCG0044C	6.62762452355476	6.85719239652977	6.72778571107841	7.62967835838286	7.86497542547254	7.54830216217125
YNCG0047C	9.1350373687519	9.02237801594118	9.16579246751959	8.61037374628108	8.5819268769063	8.74600064281676
YNCG0048W	6.44123887173186	6.12517193869529	6.01861841375629	6.65218466124834	6.46496780626111	6.55370706205689
YNCG0049W	9.17468790852208	9.31777470388889	9.19353675345783	8.65913264996876	8.68701416581792	8.6550108581319
YNCH0007W	15.9122874901479	15.7337449957388	15.584965818333	15.8382632056015	15.7894691152679	15.6910707572939
YNCH0012W	6.18612153607785	5.94626211133769	6.06936704827455	6.19171244269954	6.37589963210877	6.27796137611049
YNCH0014W	5.13054927052971	5.39677652051554	5.2664625863053	5.51544072297736	5.16636817302805	5.41727125881426
YNCI0001W	6.10347316459433	5.96737338158374	6.06936704827455	6.47118079302582	6.64279877974294	6.46143526875296
YNCI0012	9.67034479682161	9.73884683390079	9.74786032814672	9.35321093966033	9.35088498292799	9.46451524088273
YNCJ0003C	5.55617789117491	5.60776113387302	5.11485276135637	5.51544072297736	5.97161286736416	5.78219336857087
YNCJ0004C	5.89637859329931	5.63515440836379	5.62992616824847	6.90254943392438	7.46854441210834	7.08256750595072
YNCJ0007C	7.332791506996	7.18749407780424	6.86002211332216	6.76499923723023	6.67282278497319	6.44221796614192
YNCJ0028C	8.88905632590292	8.80696060488554	8.83327611777217	9.65494003938864	9.70355217890246	9.62311105401541
YNCJ0030W	6.33767343629516	6.00861081660095	6.27663457769764	6.71597961151852	6.97851570595225	6.65689859074653
YNCK0009W	5.13054927052971	5.2570456550259	5.2181782516208	5.20051604150312	5.11739795750472	5.18278656067217
YNCK0013W	5.87122542995213	6.10643665644289	5.82387347636411	6.47118079302582	6.35737189415964	6.32090898774296
YNCK0014W	4.92409155813622	5.00823711295516	4.87192658807557	5.02646328380105	5.16636817302805	4.95130205876627
YNCK0015C	5.41855710891443	5.42926000705122	5.2181782516208	6.1547186830538	6.04409449715262	6.29960411417641
YNCK0020C	7.19398599617219	7.61147441544829	7.41055826134378	8.28532234736419	8.6797570892083	8.68731577320478
YNCL0003W	9.26928931261345	9.21185316282898	9.22882386320529	8.97113575158521	9.28788401332981	8.98235720547859
YNCL0004C	4.58182570310429	4.53280551065766	4.72322361635868	5.54580957336203	5.72651563189379	5.32909162943883
YNCL0010C	11.3410462543499	11.3610401002664	11.3110802448306	13.1087197722647	13.7295729399097	13.2136237956349
YNCL0011C	6.37307027449753	6.85719239652977	6.66475229726618	5.63268245740217	6.30023533873706	3.71400165851154
YNCL0012C	15.8537903999647	15.8274028687569	15.6219483969523	17.4486976489174	17.6396011323171	17.3382188555868
YNCL0013C	10.662966240896	10.6965346186068	10.7154430377308	11.1324416983796	11.6817276848774	11.2894682831399
YNCL0014C	10.2756932754331	10.3879372033931	10.1215169352743	11.0587182877886	11.5894739981787	11.2542205106129
YNCL0015C	11.9800096495787	11.9091647965667	11.9087618871056	7.8590303211177	8.73681463688208	7.66684787768389
YNCL0016C	14.2046367404475	14.2053503901624	13.8649751411363	15.8307088084248	16.3052541829275	15.6974908069085
YNCL0017C	12.4616624649223	12.397461093356	12.2918210810849	13.8162625080958	14.2189786096476	13.6322921149472
YNCL0018W	7.73034304851548	9.91530930943121	10.4215387542685	7.26638492594857	9.96000462510723	10.5789191112707
YNCL0031W	7.73034304851548	9.91530930943121	10.4215387542685	7.26638492594857	9.96000462510723	10.5789191112707
YNCL0041C	5.13054927052971	5.2570456550259	4.63830182292762	5.68741826276437	5.97161286736416	5.23367876684954
YNCL0042C	5.03243027158677	5.13973162144497	5.05925899540386	5.51544072297736	5.53239010499681	5.64872822323265
YNCL0043C	5.34334050645493	5.46088569048821	5.31278787805311	5.73988662067766	5.66508157346727	5.41727125881426
YNCL0046W	7.79557617047764	8.08864745523581	8.06930282405575	8.49332762660919	8.74030676441122	8.72670355604553
YNCL0048W	6.40757688053549	6.56627376124181	6.54708229446695	6.39473178136591	6.33859026549983	6.16425466516017
YNCL0050C	4.92409155813622	5.09767709213781	5.16772503640931	4.87373458978012	5.21325531853031	5.01412775991526
YNCM0002C	5.34334050645493	5.49170405630584	5.52046918355714	5.60439336777067	4.76172290806683	5.23367876684954
YNCM0005C	4.97970343435334	5.36337932324628	5.31278787805311	5.11699074193998	5.01219833709859	4.81223893772035
YNCM0012W	4.97970343435334	4.96045033447019	4.938326897295	5.63268245740217	5.60050186728381	5.49938051151823
YNCM0013W	5.22053425720461	5.29358771106086	5.31278787805311	5.93068627718378	5.92098711195727	5.75011312427809
YNCM0014W	4.66191003573026	5.09767709213781	4.87192658807557	4.81702230938741	5.11739795750472	5.18278656067217
YNCM0016W	4.58182570310429	4.85740806312878	4.80058425915785	5.02646328380105	5.11739795750472	5.28237631010879
YNCM0026C	5.52320216549982	6.08743604353394	5.88252785652735	6.22772126177893	6.33859026549983	6.04007123844962
YNCM0030W	7.56046595072058	7.58550005164241	7.24967130153587	7.9029676355073	8.01116693910953	7.76877023945792
YNCM0031W	10.0558636499356	9.96755327986041	10.1315879483683	10.790122638016	10.7638418150666	10.7765495817752
YNCM0032C	5.92105755612525	6.26636683147908	6.21101418126289	5.83878905199794	5.63320737145809	5.75011312427809
YNCM0034C	10.6699164824422	10.6324722360177	10.6558859826809	11.4108054434422	11.6491547059337	11.5208508720503
YNCN0001W	5.08261830983969	5.2570456550259	4.87192658807557	5.11699074193998	5.06610471843126	5.32909162943883
YNCN0005C	8.37948131927386	8.31046563378993	8.24954806381135	10.1693866565592	10.5136409507639	10.2399027091619
YNCN0008C	5.58829554626044	5.00823711295516	5.55804051467948	4.3610193010191	5.86833123117324	5.37400505428203
YNCN0014W	5.99243353518403	5.57975295747971	5.91089504615693	5.51544072297736	5.97161286736416	5.61304035489929
YNCN0016C	5.70910116153379	5.49170405630584	5.59450235967106	5.41950384393703	5.53239010499681	5.23367876684954
YNCN0018W	6.89172899708433	6.46856153257641	6.43761252034787	6.39473178136591	5.97161286736416	6.18777232044934
YNCN0019C	5.73758199476555	5.98815259109553	6.11825891202194	5.95268820930149	6.04409449715262	5.64872822323265
YNCO0003C	4.80235487307139	4.91028219693011	5.2664625863053	5.31517696693848	4.830748738444	5.37400505428203
YNCO0005W	4.92409155813622	5.09767709213781	5.16772503640931	4.87373458978012	5.21325531853031	5.01412775991526
YNCO0006W	5.58829554626044	5.60776113387302	5.52046918355714	5.63268245740217	5.66508157346727	5.78219336857087
YNCO0007W	4.80235487307139	4.91028219693011	4.72322361635868	4.92728381411808	5.01219833709859	5.07335219469129
YNCO0014C	8.49371641149595	8.47465190813071	8.31170883296274	8.70629411941499	8.7192258229984	8.48162446385667
YNCO0015C	5.92105755612525	6.04860577684161	5.93866168937446	6.19171244269954	6.24060176025493	6.18777232044934
YNCO0022C	6.90371489480478	6.82396538253909	6.61553551972646	6.45622645704812	6.48211102077986	6.34188690475353
YNCO0024C	7.21329551028506	7.41887693027859	7.26027759769766	6.72839640648348	6.35737189415964	6.65689859074653
YNCO0025W	9.52456092243698	9.49148305576697	9.47248143779533	9.53823960442834	9.69638356215942	9.41958192605622
YNCO0026W	6.55298412264347	6.59297190014249	6.56451443791412	6.63906808681872	6.33859026549983	6.34188690475353
YNCO0027C	8.76462035606823	8.81254876147345	8.70029502400833	8.86155297847849	8.97179413815028	8.8986333144347
YNCO0028W	6.20601616596216	5.98815259109553	5.96585471539668	6.75290428622104	6.58073683714937	6.67337762012756
YNCP0003W	4.92409155813622	5.49170405630584	5.48170850453904	5.41950384393703	5.81345914718528	5.78219336857087
YNCP0005C	5.84557774589542	5.78811052763976	5.73058138124888	6.31377725776356	6.31954733288815	6.01378786645931
YNCP0012W	5.08261830983969	5.29358771106086	5.16772503640931	5.15954622307309	5.60050186728381	5.37400505428203
YNCP0013C	5.79271021759356	6.02875855747301	5.76243703444956	5.86237680571784	5.86833123117324	5.84405437829911
YNCP0014C	7.25114448914234	7.36637239540678	7.29162990286825	7.38773453282592	7.2195824199561	7.22240596023755
YNCP0015C	6.56823638343864	6.36340242871394	5.9924991740079	6.57156505813382	6.49904415602424	6.09113312983488
YNCP0021W	6.12461592310118	6.16187728458345	5.73058138124888	5.73988662067766	5.99621597166899	5.93165810593533
YNCP0025W	8.52091214933355	8.48519247931448	8.3268379745599	8.7757351990514	8.90180989144297	8.71891172476563
YNCP0026W	9.29874448312696	9.05573822629333	9.23684580112326	9.51548684112932	9.54896169619895	9.43154292835435
YNL001W	10.8725354259817	10.9499739796047	10.8916909242188	10.6477346295776	10.7985619455977	10.792399901955
YNL002C	11.8244186600444	11.9308252408016	11.9621332051606	12.2172339660098	12.2048505759642	12.2420739779577
YNL003C	11.1298290260983	11.0864388915556	11.1023797612557	10.4515310081233	10.5358961141525	10.447297572771
YNL004W	12.7514074666901	12.7983136460714	12.7695770455129	12.3642609172039	12.3588932641042	12.3755611587879
YNL005C	11.8703960385872	11.8360060479995	11.8581128744666	11.8377388128518	11.8356206331428	11.8067477102766
YNL006W	11.3024350122192	11.2372862721466	11.3098138476346	11.0773560239613	11.1403928732886	11.0421024365758
YNL007C	12.7109162157322	12.6625004137365	12.523052122517	13.5487347603985	13.6205665737956	13.4049700562818
YNL008C	11.7460206884259	11.618181511363	11.6039276017785	11.2334649953992	11.266734071245	11.18668624616
YNL009W	8.85589412406005	8.83468706033898	8.76091843598187	9.58101075812769	9.3068397206726	9.4528257928602
YNL010W	12.2825329785379	12.2527447798873	12.2405704485917	12.2868194550321	12.2657336076265	12.285871714194
YNL011C	10.8949538483597	10.836027299174	10.7890912700501	10.3912944986657	10.3266884395702	10.2453326260832
YNL012W	8.73838891003074	8.71745095535108	8.71185803965112	9.38445819165794	9.30212411230661	9.32271524025157
YNL014W	11.7093863989622	11.7256629879364	11.726680982218	12.1366879888984	12.0919577894652	12.1184539364608
YNL015W	12.4847549924119	12.3115959062864	12.4593749032013	13.5195758930119	13.4363040949618	13.4600017002951
YNL016W	12.7107056114862	12.7727633805725	12.7479988679337	12.7806887123189	12.7834489858129	12.825454442455
YNL018C	9.41503556901431	9.32560901815561	9.61878247568499	7.28317528451084	7.2690932407594	7.21126492709224
YNL019C	8.66019725515677	8.54014080418073	8.72713235149085	8.13241303060908	8.66513226597435	8.24697413617472
YNL020C	10.8281796105745	10.8571186199472	10.8591613563199	10.4951130014809	10.5647174568532	10.5072832848312
YNL021W	11.0075968707575	11.0678833795448	11.0126019275401	10.7739957434657	10.6836573312633	10.7510120103318
YNL022C	11.1165360564947	11.0910407152834	11.1183823404398	10.9349547826849	11.0328302897616	10.9775068972544
YNL023C	11.386583146716	11.4180068587825	11.3778656530573	11.5004084175364	11.4478198847609	11.5096145333151
YNL024C	9.82002227059312	9.91660633068958	10.0058300083931	8.64629090094879	8.76451737067758	8.66315529818815
YNL024C-A	10.4634103431795	10.4510534838262	10.4891152092077	10.7673460587846	10.6599042804799	10.8478824688434
YNL025C	10.3183418671755	10.2393494960792	10.3157337069291	9.88124073582187	9.7767464109393	9.80511439246242
YNL026W	11.0144386858593	10.9688492461954	11.0372983134347	10.6967756375246	10.7977249802418	10.7433576758983
YNL027W	10.8897539593843	10.8571186199472	10.8116356311934	11.1214756888637	11.081093598171	11.097939329561
YNL029C	10.2329189627057	10.2362366520039	10.1836827890686	9.95852705145335	10.0343731141198	9.92162349775381
YNL030W	14.543620870628	14.4494801623972	14.4848798817976	14.2859885432252	14.1100987280628	14.3480708211204
YNL031C	15.4949878881295	15.427526418575	15.4179681990572	14.8015437617628	14.814907726568	14.887046147047
YNL032W	11.0007224518049	11.0282421385395	11.0494897480072	10.9778268139341	11.0968290942163	10.9327781764915
YNL033W	7.93521819110909	7.91738140616645	7.63042642140118	7.7123418287139	6.68759596032431	7.17730756623449
YNL034W	8.42132860407345	8.5367673243043	8.09900027250217	6.94556501467751	6.84057197894426	7.09476220974156
YNL035C	10.5497799637832	10.4916471040237	10.454003923613	10.0815728501334	10.1398560310003	10.1105046058845
YNL036W	11.6166623020793	11.62216125386	11.6315599330725	11.4551536380788	11.296663165593	11.3270793244358
YNL037C	13.3786235498881	13.2798068280549	13.2960642050139	13.0511849255168	13.1130772500866	13.0062136094508
YNL038W	10.6733790856362	10.604581229438	10.589595087141	10.3748621391395	10.3802267085196	10.3957375178991
YNL039W	11.5953739106082	11.535346444996	11.5133112041123	11.7709810385335	11.7854213924947	11.7172734626026
YNL040C-A	6.01539442983492	5.7638573022123	6.11825891202194	5.54580957336203	5.63320737145809	5.45902413141926
YNL040W	10.0059235582275	10.1273131179719	10.0745607647352	9.46522618923696	9.40466397818719	9.51934190401032
YNL041C	11.6242856465355	11.6169854446151	11.5475599065535	11.402723614404	11.3637967734649	11.4182306733867
YNL042W	10.3863832636767	10.3586558567592	10.3469403069425	9.8395784489819	9.93890056680198	9.66828568581047
YNL042W-B	7.24177633746022	6.76677759234182	6.83169411489467	6.28000448976346	5.97161286736416	6.23361572377724
YNL044W	11.3323114954678	11.2972576359977	11.2693423961632	11.3433569021912	11.1554979659645	11.4248254085128
YNL045W	11.9149532673805	11.9124184186747	11.8398035542261	11.8941021627597	11.9698466466478	11.8335792354553
YNL046W	11.0785200037357	11.0089176165228	11.0164887169122	10.4734865962041	10.4155734485011	10.3785448310379
YNL047C	10.6205465177162	10.669866435948	10.6835292722101	10.800292124598	10.7621265840193	10.7366266530038
YNL048W	11.3415904247432	11.3747865915426	11.3994576234585	11.1670953140321	11.2398728320878	11.2249766199727
YNL049C	11.5695919328277	11.6399354704247	11.6471870390907	11.357199657837	11.3432945508043	11.4948752194074
YNL050C	11.048835960458	11.0089176165228	11.0570574035515	11.0379961590021	11.0214043502545	11.1173157708496
YNL051W	10.292679197521	10.1217011249703	10.2419520943431	10.0635910533743	10.2565394671346	10.144321999859
YNL052W	9.13252261146952	9.08603889409354	9.16579246751959	12.1614119776072	11.8380649698446	12.2713088254038
YNL053W	10.628595818452	10.6912402781497	10.7634161073767	10.6184748755714	10.582321179698	10.6076604890394
YNL054W	11.2604615337387	11.2751858819088	11.3343102719334	11.2725995273658	11.1967157605088	11.3429933743772
YNL054W-B	13.9256735142341	13.777215502647	13.854590956739	12.4911933134022	12.7625843095924	12.5725332496377
YNL055C	14.8854783278326	14.7458605963278	14.7810715458512	15.695080629214	15.848750685525	15.7034510226691
YNL056W	11.0314025912489	10.9973199909359	10.9586747935311	10.5598235895252	10.503410332396	10.4845061095735
YNL058C	11.356205967195	11.2902713670158	11.2040394134167	10.5877708122306	10.6700014219183	10.6553457421413
YNL059C	11.8850286267043	11.8931151102665	11.8481151362102	11.8503780025166	11.8278527974356	11.8434578461347
YNL061W	11.794125523635	11.9556388923342	11.8787571728135	12.5145428300238	12.4399780998945	12.5537842500728
YNL062C	10.7318367037857	10.7204928939954	10.6488915881583	10.5469390757231	10.6845631450827	10.6594187423836
YNL063W	10.9480927884075	10.8990543065329	10.9691414536087	10.8211321485126	10.7457293561443	10.782163720615
YNL064C	12.9091371857435	12.918070723829	12.9881973813644	13.4762883453492	13.496340695907	13.5100539943518
YNL065W	12.390606599686	12.9513509813065	13.4378705998854	13.5803750022628	13.464526888192	13.7437789972518
YNL066W	13.2614416638697	13.2772853352556	13.3517341758294	12.3728037182265	12.1429330231089	12.3439621066365
YNL067W	13.372911889871	13.5194928978245	13.3709876791494	13.656416767866	13.6462482430837	13.6789292482137
YNL068C	11.1056846383942	11.097916042984	11.1248780277364	10.7547012899851	10.723866118793	10.7784233901522
YNL069C	14.3845903819757	14.5100097214588	14.4191627887357	14.5652640274048	14.6004676721555	14.6330684320019
YNL070W	10.2504130688809	10.2701139345936	10.3017859701151	10.6533557459425	10.6562149985053	10.6066061432165
YNL071W	13.8954172225943	13.9430082001345	13.8429281494608	14.4193843836611	14.4888166365176	14.3574239417607
YNL072W	10.5173923270178	10.5080862708194	10.5770165153338	10.2200510942696	10.0456985100014	10.1075261440821
YNL073W	11.2231484687333	11.1978308203276	11.2516437734421	11.7225326982881	11.5402858654322	11.6286481662065
YNL074C	11.9987609518588	11.9781710664875	11.9175182417567	11.6343348645889	11.6300044579289	11.5902291656082
YNL075W	11.0986193845604	11.2195333965914	11.1674508469139	11.4440779330207	11.4268625177329	11.4817098702333
YNL076W	11.5199725523629	11.5408230277478	11.516059257832	11.3498004184934	11.3973326472559	11.348679726991
YNL077W	11.2633363742409	11.2701221265748	11.3123455312992	12.1237315030442	12.1495081706784	12.1821185461584
YNL078W	11.2029262474107	11.2341692445169	11.2290432296957	10.670880846063	10.554843977684	10.5330399827328
YNL079C	13.939309251649	13.9248378958072	13.9330760418813	13.3895848388018	13.3268569512369	13.4001104462096
YNL080C	11.649556227818	11.6021518373508	11.5598635346541	11.6043863015837	11.5079018623987	11.4742150933878
YNL081C	11.0117058524814	10.9095133167811	10.9882672396903	11.0244273425565	10.9695805962468	10.9511687169602
YNL082W	10.0964137938448	10.0525966351122	10.0982299348091	10.5521066999163	10.5368995995959	10.528593466062
YNL083W	10.5516626607768	10.5513079061381	10.5201103606566	10.7628958447826	10.6989793398484	10.8362359272458
YNL084C	11.4765351296461	11.4955494422621	11.422489901159	11.5373551979429	11.5665643078235	11.5028304805053
YNL085W	11.7558524903414	11.8146023001796	11.7548736883101	11.6636743343304	11.6762737822244	11.6861715532942
YNL086W	9.36021314436908	9.40908823374419	9.45195612894764	8.90800550901286	8.78156479998442	8.77258936644839
YNL087W	12.0867567234636	12.1261899922026	12.1539480986543	11.8324396264315	11.8384719569511	11.8385269962604
YNL088W	12.136837181733	12.153120002216	12.098189721011	11.8426672198055	11.9264775808784	11.8766354457389
YNL090W	10.4259242066302	10.3567461687646	10.3270460176079	10.1296090723318	9.97341023970888	10.0056183635515
YNL091W	12.2596813060229	12.2892440583068	12.2369104579619	12.3873318487449	12.3721657628977	12.3593787950703
YNL092W	9.08649001927977	8.95829640527875	9.10573067759791	9.24458226789605	9.26625656212622	9.20220501470082
YNL093W	8.37096374656989	8.24578655430125	8.36642100683643	9.05850905314092	9.23195526816515	8.93942840543549
YNL094W	12.1690793137588	12.2039249517899	12.2495148913555	11.8597852530441	11.9776273413421	11.8810020315626
YNL095C	11.5428676597243	11.5924478371312	11.6730260005164	10.7576865168983	10.8069049986023	10.8717750952481
YNL096C	12.6757437645908	12.7942629443432	12.7317780773084	12.6146626095227	12.5850357401672	12.5934384464673
YNL097C	11.0219273922901	10.9644670562698	11.017264819688	11.1948919432679	11.1423720954068	11.0714377538239
YNL097C-B	6.14543124899356	6.46856153257641	6.54708229446695	5.76533370513566	5.72651563189379	5.53844310075902
YNL098C	12.6372565744053	12.6328261860888	12.6329598836795	12.9443783735236	12.8412485140678	12.7950035874918
YNL099C	11.1763283324044	11.1638333781654	11.0365329169459	11.0611367307928	11.0292693955946	10.9734231225969
YNL100W	10.579612161475	10.4092843028689	10.4238820837774	11.0532619212914	10.9975486091925	11.0622382540362
YNL101W	11.335593230874	11.2650405341933	11.2732461092305	10.9223728974977	10.8267336289769	10.941166588346
YNL102W	10.5135337623119	10.6142047342194	10.4958133244338	10.888047599934	10.7361503306835	10.9124447078964
YNL103W	12.4775936770811	12.5134177408648	12.4884898861327	12.4797142980587	12.4156366750713	12.4652436608543
YNL104C	15.8728327749059	15.8766447841662	15.8238253947092	14.3278893589555	14.3568984387449	14.436312651021
YNL106C	10.6794187130585	10.63483798896	10.6952161326474	10.6967756375246	10.7561071633058	10.6192077139436
YNL107W	10.3874378226826	10.3898060656354	10.3629047820945	10.2308335022024	10.284292842927	10.2919921726255
YNL108C	10.6612234354616	10.6189925172055	10.6717469538959	10.2731747238679	10.4057194121412	10.3422658817495
YNL110C	11.4142659775665	11.56789836069	11.6426675493957	12.2191301978754	12.1270293154119	12.3312537626357
YNL111C	10.8792976102528	11.1273361997771	11.439960145463	11.1438955134695	10.7439924397428	11.4491435678825
YNL112W	11.5281228552779	11.8530387750033	11.9597128924555	12.6729447386115	12.746193205477	12.9601132257461
YNL113W	11.4947524896434	11.6205706740613	11.6621505599562	11.6528921588956	11.5928551646396	11.698593944836
YNL115C	11.9352848717375	11.8459095076823	11.8489872604574	12.5999765096064	12.7274179679743	12.5502243881219
YNL116W	11.3860556891052	11.4339429659275	11.4089512895226	11.3679836849541	11.6096431405872	11.4414772227506
YNL117W	9.55867119845503	9.33340098393722	9.51926711827034	10.7006588538024	11.1916274813627	10.7240422387863
YNL118C	12.6410192071007	12.6862642727795	12.6632728868398	12.4573968630927	12.4586303994022	12.5253352949213
YNL119W	10.5933864197034	10.6744732810945	10.5989575536103	10.8894091899561	10.9762537695277	11.0413223409582
YNL121C	12.4376853721007	12.4714598976181	12.4525055831373	12.7374937016393	12.7758194299813	12.7330695690432
YNL122C	9.58832848286093	9.4436935234993	9.57305446597993	9.93366244045075	10.0186540410758	9.92162349775381
YNL123W	11.6966817374636	11.7693831575311	11.7539427541071	11.8085293502805	11.7786507743346	11.8479258591225
YNL124W	11.8294709058653	12.0312136215703	12.1946539979474	11.4670571320914	11.2829728566295	11.407979140946
YNL125C	12.3108756841544	12.3128275796207	12.3783311797711	12.6228711019297	12.6062226441737	12.5776535179697
YNL126W	10.3661987462056	10.5571404829293	10.5266664072513	10.2254523738226	10.5023832683852	10.5274796919124
YNL127W	10.4104451729865	10.410205309336	10.3919213319753	10.2563870922567	10.150385601491	10.2695174191836
YNL128W	8.72174823739536	8.63152411812295	8.67688662228779	8.85598816475656	9.04136858861458	8.87429150542524
YNL129W	10.2152100648587	10.3012291862769	10.064082091879	9.25095458026844	9.20946540341825	9.28892377543169
YNL130C	11.4178828061856	11.3543566870545	11.2456956492452	10.5356786397565	10.50135547256	10.4970780405011
YNL130C-A	5.65014794869771	5.36337932324628	5.76243703444956	5.57544755772914	5.34328455831664	5.23367876684954
YNL131W	11.5857595831372	11.6285060940034	11.5715348404606	11.9279529919254	11.7892159475716	11.8770726995489
YNL132W	11.0096528246013	11.1250942901932	11.0094849383281	11.3767474104093	11.373939645218	11.4224308096106
YNL133C	10.0168689020066	9.96504822688808	9.84724650506926	9.637215409781	9.55887764157468	9.42198207872107
YNL134C	13.4005940457474	13.3305493677417	13.2894941174227	13.1579883319016	13.1858884189871	13.0572670096201
YNL135C	12.9638856051187	13.0015560673514	13.0337814402008	14.0831198742622	13.949920441976	14.0664979087206
YNL136W	11.6552582250694	11.7055481814065	11.5497072196004	11.5088486226948	11.5836592120883	11.4863027618176
YNL137C	11.3844721581797	11.3657950806912	11.3994576234585	11.4164831267185	11.3784247985086	11.4067682748793
YNL138W	12.3103198125141	12.3014563236691	12.227216646628	12.7289635023022	12.6807446731524	12.6356540619759
YNL138W-A	9.48568940026575	9.49843016617281	9.45195612894764	9.40555440827092	9.29976051042814	9.40266802950911
YNL139C	10.8102055060626	10.8812309339758	10.7854512498653	10.7404364811441	10.6672546579363	10.7529192645769
YNL140C	8.05715934553513	7.85361654197998	8.16786464138348	8.16882583163956	7.98781293764928	8.31579930381296
YNL141W	11.4620940862052	11.8708765687703	11.9896788128555	12.1843334446092	12.3045474321224	12.3885002999038
YNL142W	11.6438316042187	11.5290013682645	11.4827319916188	11.2430823687313	11.3806621568031	11.2495000909442
YNL143C	7.37620564985729	7.35871128772364	7.26027759769766	7.05751366889008	7.18902596346016	7.16580548530639
YNL144C	10.3139114656625	10.3219322435526	10.2015486648885	12.7707495637666	12.6816522628898	12.6643094561269
YNL145W	7.31504831765346	7.24688709516723	7.2389852671264	5.99562141966319	5.94654310744993	5.87391293753876
YNL146C-A	5.7654419585004	5.78811052763976	5.69791038192313	6.13583421643723	5.99621597166899	6.09113312983488
YNL146W	7.68284445827237	7.4906807735781	7.6385547124614	7.29976974966333	7.43429555305364	7.39955761835771
YNL147W	10.9445149220573	10.8194840824922	10.803560189955	11.1243695724357	11.0113318724633	11.1283772306898
YNL148C	9.4718329276634	9.55616692129289	9.41708423486748	9.98169402439436	9.99401885128758	10.1282473544394
YNL149C	11.7055867344407	11.6605925148449	11.6476883317419	11.6881326046553	11.579282689901	11.6746477029158
YNL151C	10.6897138897015	10.764369565443	10.7325574717033	11.0713701200335	11.0582124956057	11.1016858363344
YNL152W	10.5028691781259	10.4951235848412	10.565389000847	10.3806831951794	10.3428448482824	10.4718236418521
YNL153C	11.2366692135085	11.238842263999	11.3268171175096	11.0126052244739	10.8077366561278	10.9619266646253
YNL154C	12.6875634492635	12.7045846599661	12.5975922667954	12.598728552732	12.5437030781168	12.5381100262215
YNL155C-A	8.7482817827532	8.81254876147345	8.85429306273958	9.44313769449301	9.3068397206726	9.48990319646572
YNL155W	10.9192182646786	10.8785716050138	10.9201872953201	11.3463344094332	11.3867970603136	11.285520927291
YNL156C	10.8520565745432	10.867884991986	11.015712196371	11.6314898843123	11.5581874043166	11.6776628106537
YNL157W	11.8620758090145	11.8608068075144	11.8194802167332	12.1202566974628	12.1508196117817	12.0722321177006
YNL158W	10.3543825601822	10.3672183018341	10.318255232007	10.0244637711716	10.1438136337389	10.0865028891559
YNL159C	10.6277036665743	10.6505112918363	10.5801714562981	10.4141789835353	10.4628028346943	10.3723545819816
YNL160W	14.489468209153	14.487116799972	14.4499545703543	13.6623025558503	13.9208132762557	13.5970275443131
YNL161W	11.7311461988335	11.7686652400447	11.7576628919852	11.8971510165381	11.8762250299108	11.9171687466121
YNL162W	13.876860258082	13.9413368203469	13.9122616441885	14.3971834485711	14.2537228324976	14.4184751251677
YNL162W-A	7.93521819110909	8.07474233051118	8.10486676890934	7.23219735881567	7.70216392726887	7.66684787768389
YNL163C	11.6941273237817	11.7111638182118	11.773826638611	11.6912585198259	11.6653037293402	11.7515395009534
YNL164C	10.3392024105833	10.4528423833595	10.4528569482208	10.6258456432759	10.669086414943	10.6725771250984
YNL165W	10.2745537366051	10.1692653059698	10.2379623030546	10.4027821242697	10.475419644413	10.3473244544504
YNL166C	11.7106507331441	11.6667709202729	11.7185918506423	11.7691331945515	11.6726263586904	11.7761292954776
YNL167C	10.5712840266489	10.6528476680903	10.6628466264631	10.3552871865297	10.3599567930426	10.383477973624
YNL168C	11.0401456106046	11.0661315010574	11.0750594288144	10.5313241884737	10.5419065820047	10.5140468888518
YNL169C	11.5862188640948	11.5621095345371	11.4844167677224	11.3137460207363	11.0630964818434	11.1305793809768
YNL172W	10.5906420703709	10.5695600085611	10.6287186756829	10.4037353094565	10.2746999449394	10.4566900754728
YNL173C	10.8497630963931	10.6085988283872	10.6548888574556	11.5797186102845	11.4826070142618	11.4248254085128
YNL175C	10.9644376333016	11.0754503645395	11.0563024219617	10.927683914712	11.0526104745868	11.008969682914
YNL176C	11.5290786942387	11.5744858432526	11.6259738883563	11.6192331619206	11.5787955890766	11.6182237598325
YNL177C	11.272497553281	11.2445332516752	11.2673865711764	11.3820769294299	11.3840117015964	11.2481485577463
YNL178W	14.97951219612	15.1359572019572	15.0674433279345	15.4194632326917	15.3727765678322	15.4806836978044
YNL180C	12.6167220663305	12.5719929228716	12.5073943674169	13.3391619225269	13.2711165449938	13.2224254857166
YNL181W	10.3979412239196	10.4465715045927	10.4002756945714	10.6716724048976	10.7150271901491	10.7142866584312
YNL182C	10.78000953493	10.8799018822989	10.8426172935309	10.9448109109425	11.032118813763	11.0576164104481
YNL183C	11.4424426046558	11.4198370632613	11.4612194247694	11.3537514017051	11.3467318861082	11.3334660262227
YNL184C	7.19398599617219	7.0701285949663	7.09221028140252	8.26864817910612	8.20583847028208	8.09254312934307
YNL185C	9.58281400950356	9.67743037791193	9.6906165991803	10.852187498743	10.7413831374855	10.7230696443098
YNL186W	11.8594183684856	11.9127433776667	11.8697616205339	12.153500976654	12.189299483465	12.2219054808027
YNL187W	9.62097963282501	9.68201404686196	9.74598836681062	9.69754400907255	9.51879799408106	9.56131450531341
YNL188W	10.6551069810505	10.7063157080002	10.7872724080871	10.8010157805309	10.8060728613305	10.916704547172
YNL189W	12.7301614548653	12.7688197115692	12.7591762860023	12.6427867061843	12.5845505849316	12.6874293407843
YNL190W	13.1752344184616	13.1952475661865	13.1612523970783	12.9219345338846	12.9865883816912	12.9736694240039
YNL191W	11.8891290743442	11.9713234966331	11.9625361961363	10.3960921326667	10.4575130849906	10.5072832848312
YNL192W	12.7729504338404	12.8051563404199	12.8233721519182	12.5431540623154	12.5346898861454	12.5968933832691
YNL193W	10.3853279331133	10.4555215797035	10.4935840734658	9.75395522463789	9.71778337682279	9.82701003071867
YNL194C	8.86501434104331	8.83743057404364	8.65708462233155	9.96241414942183	9.88947054276569	9.86982852076295
YNL195C	8.22260996037415	8.24991538539322	8.29641879955827	11.0743661767487	10.9917054987003	10.9141501534039
YNL196C	8.12969026679809	8.0793923495677	8.09900027250217	7.78462864011795	7.7722640248403	7.64225952176745
YNL197C	11.2644847082415	11.3600872205574	11.4201444682594	11.2652766644904	11.22064298075	11.4146207980475
YNL199C	11.518048123668	11.5818609828247	11.5367751351592	12.025914556829	11.8990360281306	11.9248021886997
YNL200C	12.2665748942503	12.1155015125929	12.1174989232711	12.9144307166193	12.8907512057683	12.824547939972
YNL201C	11.2460007632851	11.3629439735757	11.4589361699237	11.2710334686841	11.2942915556737	11.3549717195831
YNL202W	10.1207150952363	10.14512614923	10.1315879483683	10.4915310423296	10.4436682561218	10.5528814103722
YNL204C	8.97860408904387	8.9430946162843	8.90217193306217	8.86986009501229	8.95386259207184	8.8917203834406
YNL206C	11.802450572695	11.7693831575311	11.7659982926308	11.8934237637893	11.7490829161165	11.8953187058764
YNL207W	11.048835960458	11.0990587519386	11.081752690046	11.0200830890297	11.0790284299422	11.0881526299996
YNL208W	13.8232236964602	13.8123862316449	13.8848842577741	14.7890604118224	14.8285444234986	14.7577954309609
YNL209W	15.17899266228	15.3392909146572	15.3079430987619	15.9565841621192	15.9320790131235	16.0036871025848
YNL210W	8.80309282179057	8.82366044609196	8.96470529706557	8.70629411941499	8.75419119812089	8.88825143735857
YNL211C	8.54760343797322	8.41341781205729	8.46085974159531	8.70319763038633	8.64663980905804	8.73445345052519
YNL212W	11.8087613778362	11.8363486807531	11.8252528505268	12.0835542473758	12.1350030840567	12.0680253995568
YNL213C	10.4310471902278	10.361515656449	10.3774860202951	10.8261177121643	10.7859561883838	10.7840302552754
YNL214W	9.17468790852208	9.02478667265207	9.04914411104164	9.03899999458245	9.18917547729294	9.13062803569006
YNL215W	11.2130727917455	11.1720009779951	11.2088032237739	11.2297075219044	11.1916274813627	11.2021245670234
YNL216W	12.1336986626533	12.1862922505834	12.2228499107594	12.5916363334742	12.4765217476053	12.578191437969
YNL217W	11.8928466674228	11.8927856992911	11.8723375069748	11.2958886596838	11.2036829686525	11.2118636228843
YNL218W	10.8535835367277	10.8871965599768	10.9739467249655	10.6975531175125	10.6497359633137	10.7404767968066
YNL219C	11.4967082249688	11.5542159309843	11.5437944006701	11.5885470616808	11.6767290624465	11.5762947760072
YNL220W	14.0584612536395	14.1201166103265	14.0589193738044	13.1550197625762	13.1991010641419	13.1970839254644
YNL221C	12.9085864177205	12.9123944372482	12.8251460020145	11.5115037242238	11.4328044604035	11.5719800524015
YNL222W	9.06818367458646	9.09064449751093	8.95824920947247	8.64629090094879	8.53442957325937	8.70714434411721
YNL223W	10.866497868184	10.7145405262706	10.713528839162	10.8197045312172	10.8543656650128	10.7793593823725
YNL224C	11.0205686976709	11.0101330128689	11.0326998311342	11.0262851681055	11.0968290942163	11.1437221521532
YNL225C	10.8672539462627	11.0016036557791	10.8908442142251	10.8154131826274	10.9606347396932	10.8235874397096
YNL227C	11.4550704681054	11.4143394693429	11.3516444108076	10.9316543850023	11.0707380650889	10.9977541387814
YNL229C	12.1742818134805	12.1624416510445	12.1543009239701	11.9312617468559	12.0447696224148	12.0062077346158
YNL230C	9.7528648924363	9.81454956477576	9.88685909948607	9.91773468602222	9.84802247999532	9.97325973346981
YNL231C	10.9488072980467	10.8772400998577	10.9546288470233	11.2536936760507	11.2649184263514	11.213942036828
YNL232W	11.3594338544167	11.4925090677973	11.6320666844095	11.5533339290862	11.5462777609857	11.5966153069291
YNL233W	10.7695325021056	10.8752405349005	10.8823496677159	11.1438955134695	11.1704465345676	11.2256634869588
YNL234W	10.4763532380397	10.6874466741666	10.7881821257389	9.26361530600324	9.64517985198286	9.35824142320776
YNL236W	10.9516618028591	10.9160118984315	10.9456876183834	10.477113588875	10.5003269438766	10.5756899858973
YNL237W	10.4693984211956	10.3346010832885	10.3506401306488	9.8096817271479	9.79866892193907	9.80878683022977
YNL238W	11.9320365556332	11.9401007434965	12.0022772321348	11.737352216649	11.7091373094676	11.7586758274813
YNL239W	13.5157318905801	13.4323113384821	13.5513899343381	13.0738163946639	13.1367657910832	12.9412107187149
YNL240C	11.8294709058653	11.7654301828911	11.6396466711873	12.0246759908842	11.933352438708	11.8497091969353
YNL241C	13.7470209971543	13.7246033106065	13.6374454642629	13.7112410046584	13.7807648996084	13.5683442594797
YNL242W	10.2270401222249	10.2026081290022	10.299235463484	11.187716184921	11.0455772168281	11.2000290448815
YNL243W	12.9102380913979	12.9562459338308	12.9573920790589	13.3145413095086	13.1561589747867	13.3106877137217
YNL244C	12.7899960181015	12.8131857151703	12.7951424306358	13.4473460823832	13.4123103123876	13.4417915431619
YNL245C	10.2282178087976	10.3461974497181	10.2056403205708	10.1558718514962	10.2044389093606	10.1745212080436
YNL246W	11.2793304596966	11.2892705609735	11.3620679850979	11.4560727866379	11.3649272872705	11.4158250937679
YNL247W	12.5633698488804	12.6847428766465	12.5450142889667	12.6306261464699	12.6259245848968	12.646210140981
YNL248C	11.3728061799864	11.5654202789672	11.5324385501686	11.8524738102422	11.9083705656377	11.9516208112301
YNL249C	10.0532079438065	10.0466856405179	10.1711831777733	9.81111952336404	9.89886864647613	9.85569648190405
YNL250W	9.88119906611056	9.94992584003836	9.86976976550643	9.99440555852677	9.89574274530953	9.95845806826525
YNL251C	10.6785574557971	10.5488009927403	10.5124237877369	11.2275559919032	11.2447940422515	11.3116348815341
YNL252C	10.8852819444173	10.8772400998577	11.0411192162147	11.3112084627661	11.2877494530944	11.2999420638504
YNL253W	11.4883779768009	11.444769719048	11.5308089640974	10.9643234176698	10.9982773366982	10.975058020011
YNL254C	13.7130438165824	13.5927081221499	13.7740019730786	12.641575252489	12.7155027501333	12.495175135002
YNL255C	13.0108277180851	12.9283928125572	13.1748801148768	12.7757276972988	12.6900205109151	12.7359651034593
YNL256W	11.9817561562153	12.0206996836515	11.8454955956698	11.2798854062584	11.274575566383	11.2861795704547
YNL257C	11.2702127068581	11.1774204668053	11.0928395732277	10.7524583086481	10.6282404591708	10.7356625092583
YNL258C	11.3765283251492	11.3394465807837	11.297727301462	10.9873952907444	11.1397325286861	11.097939329561
YNL259C	10.845165171964	10.6387723088463	10.6677980309313	10.3071941390531	10.3599567930426	10.2547860693234
YNL260C	9.33418971637379	9.28600458164246	9.33227810980116	8.56332531869787	8.67611478736427	8.43955602685847
YNL261W	10.4723831639926	10.392604826738	10.387125595142	9.42822174707069	9.64331708864164	9.54379052458289
YNL262W	11.2313935686714	11.2445332516752	11.1313445974542	11.6540941655982	11.4116262048465	11.5805966333975
YNL263C	11.7311461988335	11.6520537702349	11.6847973553489	11.7587412999297	11.7748282911366	11.6846736524663
YNL264C	11.234912808037	11.1556192722493	11.1045724121572	10.6420915232274	10.6441592482259	10.5363658982458
YNL265C	10.78000953493	10.7701202340287	10.7096928047995	11.1034028656265	11.1291256980405	11.1009373129695
YNL267W	11.9287809090731	11.8705420400068	11.8393647732544	11.7052419203579	11.7495157923613	11.8003069758822
YNL268W	13.7431134236957	13.858491415651	13.9481106153451	13.5126349743991	13.5008471581126	13.5414257433466
YNL269W	6.75266329702421	6.59297190014249	6.47507409261997	6.61245856208416	6.7166817283254	6.94098990254734
YNL270C	8.62124489303322	8.51292890609636	8.63700644779533	8.96597928176769	8.95386259207184	9.12474530535224
YNL271C	11.4695816375074	11.5175094261359	11.4680475868034	12.1426947567712	12.0266683915387	12.2059829162429
YNL272C	11.5880545271493	11.6213661831712	11.6476883317419	11.5282068325108	11.4061454297011	11.5616805658705
YNL273W	10.3326474055071	10.4330413970677	10.3555585125187	10.6461245648703	10.503410332396	10.7366266530038
YNL274C	10.8297320435722	10.6813560796581	10.674701567984	11.0653592745408	11.0568140285095	10.9081722521808
YNL275W	9.69951226602875	9.87717911014128	9.81010290112762	10.0875173047166	10.0414619016399	10.157342019411
YNL277W	14.832360821724	14.7579382881919	14.5541649007182	11.0188394670338	11.276979784031	11.0169277337308
YNL277W-A	7.91775698047065	7.41887693027859	7.33238632034812	6.89158715138366	7.32631687012091	6.57144630524318
YNL278W	10.0571896714616	10.1972821176682	10.1113751052226	9.97144350804152	9.81365314552072	10.0651686510429
YNL279W	11.3029939409581	11.3567471763428	11.3760516493298	10.2436668866707	10.2504348045595	10.3993951543859
YNL280C	11.6743917587222	11.7010398799552	11.7669214823726	11.3408709430903	11.194809758387	11.4943053042998
YNL281W	11.8624550440894	11.8146023001796	11.8265817229011	11.4315152707154	11.44461542447	11.4110018670868
YNL282W	9.3099150323187	9.25966559811861	9.39574889121921	8.9477848960475	8.99827981770331	9.01134514978395
YNL283C	10.6436785829852	10.6466089024542	10.8232209223825	10.0257027034041	10.075011343891	10.1559011411612
YNL284C	11.82012981971	11.7334102919497	11.818590065477	11.5868696119744	11.5104582065026	11.4920233897399
YNL284C-A	3.71400165851154	3.71400165851154	3.71400165851154	10.0490424324057	9.77504617866643	10.0262687232274
YNL284C-B	13.2555344520662	13.1846568967352	13.289012202509	10.8702289762287	10.8695796358275	10.8416229406555
YNL286W	10.5591689718657	10.4811671047689	10.5780689292151	10.5986333556736	10.6385608898339	10.4970780405011
YNL287W	12.5675625409486	12.6031329269708	12.5487765620406	12.6546454610404	12.6350900214692	12.6620277048335
YNL288W	11.2679242358985	11.3204671317249	11.2317205680506	11.2205412754617	11.2817762322228	11.1632144931598
YNL289W	12.7104949764916	12.7079588757242	12.813129970107	12.3745062248279	12.2873593840419	12.6469795128963
YNL290W	11.4199455014223	11.4014296854797	11.4107244174867	11.187716184921	11.1723849775165	11.168939781457
YNL291C	10.59612555779	10.604581229438	10.6528925368427	10.1982414078702	10.2674631690958	10.2972298422867
YNL292W	10.5450624425958	10.557971786314	10.5843673389677	10.5382850148665	10.5003269438766	10.652283427039
YNL293W	11.6530678154782	11.5517142141065	11.553992280841	11.4183707330033	11.1384109319763	11.2215373709061
YNL294C	12.1194902146978	12.1245075932791	12.145099304904	11.8009527753116	11.7360358602797	11.7910557581029
YNL295W	10.3789796835651	10.4092843028689	10.3518712992853	10.4301719279784	10.3610904035552	10.3409984617254
YNL297C	11.30522749291	11.3771434936285	11.3590100383407	11.3888316016231	11.3432945508043	11.4585234830904
YNL298W	11.1216144986651	11.0944824750696	11.1751213917467	11.119156394977	10.999005696268	11.1098940611843
YNL299W	11.0863336641499	11.1407149800814	11.2074437395648	11.0737674629907	11.0975093680288	11.1031817189033
YNL300W	11.2047220076588	11.1578142776854	11.1806744633954	10.9526476136422	10.7578295623815	11.077538322292
YNL301C	11.8071862627449	11.900998492594	11.7581272354338	11.408433131183	11.3879096997452	11.457354323537
YNL302C	13.9425412182383	14.0872412809718	13.9827923901002	14.4675234424807	14.3551929062499	14.4562751922521
YNL304W	10.5154643348639	10.4811671047689	10.464285866293	10.7107065641589	10.7096977188603	10.7481463924295
YNL305C	11.7821486367938	11.7148954686609	11.6491911654036	12.4036221170063	12.4450647585651	12.3129487364074
YNL306W	11.3907958793251	11.381376238084	11.3802807819351	12.0680066762662	11.9318275212588	11.9184437951358
YNL307C	12.2241203453506	12.1566912776752	12.1936244770692	11.9483459993065	11.8978649527438	11.9852692835562
YNL308C	13.1037363582431	13.1119458911296	13.1485576755956	13.0742654224511	13.1369312401981	13.06400364938
YNL309W	10.104132215124	10.1940770450734	10.1301535304879	10.2200510942696	10.3056464008188	10.3435321890842
YNL310C	10.2376048435965	10.1495452433974	10.1947033385508	10.5725940342232	10.3678734207537	10.4776022268685
YNL311C	11.5672674060895	11.6069794688412	11.5815391714756	10.3922553029079	10.4024197166836	10.3908461967679
YNL312W	11.301316504666	11.2568725700431	11.3199140334994	11.8285411477979	11.7662974475572	11.7989230695051
YNL313C	11.3437650559742	11.4789669923989	11.5193500273494	11.8412608206961	11.7752535119897	11.8953187058764
YNL314W	10.4010773877082	10.4083627079524	10.4262216125602	9.73438555079253	9.74235494044814	9.82881974907249
YNL315C	11.1411263138852	11.0927626216029	11.0935756779613	11.70948773148	11.7131376258501	11.6508087790416
YNL316C	10.3884916112583	10.3596097534615	10.4215387542685	9.72220932311701	9.70890535058322	9.7140476719583
YNL317W	10.2422755504093	10.1994148828198	10.33329250944	10.5512467138104	10.4837699557585	10.4378435093651
YNL318C	8.47397128776018	8.43532869414355	8.37614883947519	9.70838703415661	9.98375135628933	9.67030583002248
YNL320W	10.9264912594581	10.9205435492655	11.0008783277225	10.4977936456528	10.5968286009873	10.516294394267
YNL321W	10.9686712228808	10.9887143108907	11.0024469901367	10.9428450651768	10.9516330605495	10.9913058880399
YNL322C	12.5926945824394	12.5889692259811	12.555203434042	12.8070432536329	12.7792153259461	12.7219158694209
YNL323W	10.8649845221485	10.7971271402587	10.9060094733866	10.7472110826605	10.7749413786284	10.7557754260823
YNL325C	10.1333426650681	10.1746955884257	10.0775407408615	10.3572566794803	10.416664197506	10.4695057103539
YNL326C	10.3747319419621	10.3538768877301	10.2902730059664	10.4441375813789	10.3746246896691	10.4163425509451
YNL327W	13.7067216462349	13.7592581210184	13.8556761366053	13.1244151492943	12.833102692867	13.1390216970083
YNL328C	8.09905302974722	7.98340370969884	8.1338451049809	7.65562570528803	7.73061712477976	7.82078771557435
YNL329C	11.4510415654789	11.4434208101208	11.5410987233952	11.0647568101919	10.9924371831313	10.9807656136127
YNL330C	11.9316751797289	11.900343186932	11.9041539261317	11.6696297933912	11.6730827912638	11.6716262804607
YNL331C	11.7761226988863	11.6296926511713	11.5646495780968	10.1238359367529	9.99839692787614	10.1384973817157
YNL332W	9.95419196479198	9.59395296679819	10.048979246546	10.0107648075224	10.1516964092006	9.98629043702592
YNL333W	10.6043119015799	10.4546290670686	10.5113223545589	10.4734865962041	10.3185418609375	10.4175454939074
YNL334C	9.45381950727622	9.60042454683164	9.40527026925239	9.65973645391415	9.68917912927236	9.61683974481114
YNL335W	8.27834408028823	8.19956888079085	8.33683634913731	7.73684514270311	7.97004458346843	8.22511664770172
YNL336W	12.5913224951745	12.4674837972331	12.487370105574	11.7864101894177	12.1544199398818	11.8012288431561
YNL339C	9.80746920089742	9.79211175756218	9.35947293301113	9.3747659858486	10.3451382042964	3.71400165851154
YNR001C	13.8290563911624	13.6753719860224	13.5929784727204	14.6919465866574	14.6354924538639	14.656308167456
YNR002C	9.76265241969767	9.68506175141348	9.71570169488162	10.8941646597424	10.7740905916257	10.7133074618893
YNR003C	10.4042067475379	10.3935365416269	10.3978936672551	10.1203609307369	10.0722451727598	10.0636326327722
YNR004W	9.38154613013262	9.1969810343349	9.32978022271424	8.65272609423294	8.63167288467667	8.57524997410733
YNR006W	11.687293358772	11.6081838566995	11.6436731047275	11.3498004184934	11.3421469499259	11.3743043040055
YNR007C	10.4218126789453	10.4037458802389	10.2604265703942	10.8528855901296	10.793532853777	10.7576763968552
YNR008W	10.4654091325144	10.4312277556445	10.4297238062877	10.1637708695699	10.1904767196479	10.1208810497627
YNR009W	10.2699865570202	10.3042050214894	10.4273899555289	9.99313943499722	9.75793268177345	10.1688175169939
YNR010W	9.05496384607553	8.91998686349223	8.81552464760509	9.04634688002379	9.09142985846745	9.07679840903318
YNR011C	10.7285117751829	10.7936023548867	10.6884103092644	10.6998830463786	10.5852343598073	10.6594187423836
YNR012W	10.5629075301351	10.6269370103054	10.6884103092644	10.4570513146771	10.3779885111425	10.5702919943923
YNR013C	11.342678150118	11.4564077296345	11.4254163400995	10.7396817799351	10.7114763979708	10.8883543148301
YNR014W	9.84480527574715	10.0431273802631	10.1301535304879	12.0513777298398	11.884919989566	11.9933585377536
YNR015W	10.4852461537034	10.5851394430568	10.6061976910963	10.8860028021745	10.7569686199146	10.8514471848381
YNR016C	13.9156584227389	13.8938166019624	13.9179870343462	14.7400003881898	14.8456008259778	14.7882197622368
YNR017W	11.7472533342249	11.7264026214948	11.7147694489404	12.4154839838174	12.4477347609634	12.3730833484603
YNR018W	11.5714488612127	11.7148954686609	11.9805552572636	12.6216428015111	12.5154750808673	12.7177719289499
YNR019W	9.24155509386353	9.18411019915996	9.33227810980116	9.40935713521123	9.50655357002716	9.61054104016911
YNR020C	10.3895446305292	10.4357575906517	10.4585827265712	10.8039067794657	10.8885707398949	10.7988762192005
YNR021W	12.3205689268399	12.3133199546762	12.3397630471056	11.7471479921777	11.9500210020868	11.7211753614461
YNR022C	10.5327241909396	10.4942552498252	10.565389000847	11.129563978594	11.0062691369167	11.0614689743548
YNR023W	11.0501683029024	11.097916042984	11.0891534048601	10.938905318526	11.0242693306051	10.9184049669443
YNR024W	10.3072402428494	10.2121456675413	10.137311396533	10.3153218309645	10.3266884395702	10.2840998331596
YNR026C	11.2460007632851	11.3519622300443	11.3772612385558	11.2183760209467	11.2703585199733	11.3064497705697
YNR027W	11.1430006236315	11.224777547208	11.3430033764898	11.1637234377652	11.065879925104	11.0389795198262
YNR028W	10.9452312055875	10.8977415822255	10.8832013768249	10.6118913136315	10.5166960403278	10.4437595564273
YNR029C	10.9566436350381	10.9346939043927	11.0418821838402	11.1156704476534	11.1443486057826	11.1796138360527
YNR030W	10.9502352565025	10.9461691075151	10.914366234256	10.5623867391508	10.6272985664632	10.5027565320377
YNR031C	11.1915008926808	11.1747132673537	11.2128740063541	11.5923142072648	11.5038022663514	11.6019155812218
YNR032C-A	9.99765969095071	9.8637934726143	9.76644748953153	10.1203609307369	10.1955695313504	10.1688175169939
YNR032W	10.628595818452	10.6851657137341	10.6638382679461	10.4607198169269	10.351996475155	10.4484749857219
YNR033W	11.4414275842086	11.444769719048	11.4236611892012	11.5994031983826	11.5267124088998	11.4971526310451
YNR034W	10.8336058324851	10.7506191398744	10.7106527701596	11.0587182877886	10.9747735075667	10.7793593823725
YNR034W-A	11.1921044884163	10.8564430462063	10.8487345714195	14.6048077590307	15.1470225480144	14.6394613310611
YNR035C	13.0745729186081	13.0253422629235	12.9846305253129	12.93814237002	13.0262488990821	12.8972672850194
YNR036C	12.1903819875742	12.1205743490844	12.1874318754873	12.6444003969565	12.469181573279	12.5233813591883
YNR037C	10.2116420437381	10.1517497234546	10.217846101539	10.9283464191275	10.7413831374855	10.7970288078408
YNR038W	10.889009585638	10.9153633560778	10.976343371479	10.8060712327837	10.8332830633831	10.8761565550781
YNR039C	12.2131599151765	12.2586368487325	12.3728841724479	11.654894947368	11.6096431405872	11.5578674056496
YNR040W	10.588809599205	10.5843236542978	10.7836277895788	10.6331789397224	10.6064197860418	10.5724536156143
YNR041C	10.2399420876165	10.2507061234488	10.27347923518	10.1399428384632	10.2094827448454	10.294613384878
YNR043W	11.3163436733879	11.5011789082379	11.597195574022	10.8619301691944	10.7034550136882	11.0568446614893
YNR044W	11.4525537228286	11.4855354845445	11.536233774396	9.47976605298398	9.43081938309083	9.60843534259749
YNR045W	10.6699164824422	10.7345321006483	10.6864598759143	11.075562859332	11.0335414150358	11.0798194006023
YNR046W	10.3402920210824	10.4248619922438	10.4528569482208	10.7479618559714	10.6441592482259	10.7548240004545
YNR047W	10.1143596080798	10.2279027402621	10.2056403205708	10.1581331315352	10.0860232785137	10.16165603758
YNR048W	10.1471064798541	10.2507061234488	10.2682723350345	10.1479293350797	10.2207672956286	10.3063502466372
YNR049C	10.4940845791292	10.4829190674483	10.5937636872532	10.8612364420942	10.7612682030823	10.8478824688434
YNR050C	12.8695005806653	12.7878997941797	12.7635768671833	12.0752033044725	12.0713294923969	12.0851576856208
YNR051C	12.1258223626111	12.1733317372457	12.0359832296084	11.6904776757909	11.7658695783099	11.6548943884006
YNR052C	11.6469169162715	11.6756062760096	11.7094970549762	11.6306760012456	11.647762055568	11.6410588310137
YNR053C	11.1510946095266	11.2179564268082	11.2350602686112	11.2162075116479	11.2527553755848	11.3168014227069
YNR054C	10.3435559226184	10.4420755554415	10.463147040848	10.5538251355146	10.5136409507639	10.5583448259578
YNR055C	11.6135115313399	11.6328520406849	11.5930371189277	11.3709108461273	11.4257795301682	11.3964346708454
YNR056C	13.0624103787631	13.1332962756491	12.940716880819	11.80312157435	13.2602218047596	12.2304859025869
YNR057C	12.0165902917146	11.925682078458	11.8706207604796	11.4032002714858	12.2639167411197	11.6701131929373
YNR058W	13.7335052652287	13.7403422636868	13.5825293406064	13.1606689270571	14.2502858225828	13.5249185966312
YNR059W	11.4332816079682	11.3524414394965	11.4353220609529	10.6573574604606	10.7114763979708	10.7727946471091
YNR060W	9.78363354811868	9.83664359722605	9.82613887579873	9.58101075812769	9.51268878049365	9.72575052364555
YNR061C	10.9910428954144	10.990562711848	10.961903400283	10.2254523738226	10.2553205998634	10.1900910446227
YNR062C	8.87708549233862	8.97583143815676	8.94198126908202	8.37761818505676	8.29884844445436	8.35153806517612
YNR063W	9.08388902268691	9.17979425072103	8.99655877831835	8.8753716758272	8.83152877724921	8.65908883749964
YNR064C	8.71503774545027	8.77583203973644	8.83680030778646	8.86155297847849	8.90180989144297	8.84953126619373
YNR065C	12.0435968794548	12.098176358699	12.0886219504797	11.6524912673347	11.701550757404	11.7643595804307
YNR066C	10.047881816058	9.99972909468584	9.85073460113402	9.58773791862587	9.61698252385019	9.61893321336253
YNR067C	13.7052424781493	13.7692520567167	13.8136310922212	13.1432266968957	12.8222381447838	12.9671126282158
YNR068C	10.7310061898365	10.7491640725811	10.6737173688881	9.67244943573567	9.67830453596187	9.74312862423512
YNR069C	11.1781574877932	11.1600059483577	11.0388278891908	9.7554496409857	9.72660707740788	9.58077770250912
YNR070W	10.0912451362652	10.1115441794215	10.1099204331474	9.90970435262795	9.81530848887165	9.86630847293795
YNR071C	9.34726015377069	9.32169718335736	9.31470131396349	12.9412637411538	13.2107798362668	12.8277182098111
YNR072W	8.47794204932736	8.65970666805347	8.51027441604674	10.1261479647231	10.1815207982103	9.92501124256265
YNR073C	9.99904029465722	10.0323996214466	10.1272804078814	14.9951810312279	14.8006188174355	14.8385912601467
YNR074C	10.5869747971858	10.5098058608122	10.5822709232503	9.6928719219677	9.65075374678742	9.64176296773577
YNR075C-A	6.80484010928681	6.94214288856223	6.74310984258071	6.13583421643723	6.81397096798224	6.25596928416214
YNR075W	11.1890839810774	11.2548233324919	11.252303164775	10.4834389636004	11.0335414150358	10.5702919943923
YNR077C	5.58829554626044	5.36337932324628	5.11485276135637	5.15954622307309	5.53239010499681	4.88427127045992
YOL001W	10.235263806072	10.1149377816475	10.1084642924285	9.39216531011743	9.65999595635103	9.48990319646572
YOL002C	13.1204800320944	13.0649145768603	13.1635326416083	12.1835012410767	12.7580737767092	12.2191489325514
YOL003C	9.93267936975738	9.98249290479297	10.0073934892033	9.79522436617726	9.7071231672155	9.77726888951861
YOL004W	11.8060037968222	11.8163402297613	11.7879934099436	12.1782194413653	12.0926403452575	12.2468186155689
YOL005C	11.1677614731912	11.1345984368937	11.261503136032	11.4366466052172	11.1846016634309	11.4503193979743
YOL006C	12.0990385256447	12.1035950617571	12.1098789920382	11.9512824595434	11.962023760821	11.9953737839715
YOL007C	10.5289064754871	10.5629495709457	10.678631663061	10.0170077441977	9.99109273256617	10.114960797491
YOL008W	9.44371393529812	9.40169584554591	9.50162255467402	9.32127132414242	9.318561688231	9.09496595637921
YOL009C	9.83246701071471	9.65584513171289	9.70802957899667	9.94024743481174	9.76651481700002	9.82156720925195
YOL010W	10.8904979492244	11.1632872238041	11.2516437734421	11.5451507432809	11.5836592120883	11.6187467730203
YOL011W	11.1095238781497	11.0766110011535	11.0563024219617	11.4459297990109	11.3061108080891	11.4591077077361
YOL012C	11.4600908250621	11.4920742050431	11.4994918619397	11.5822465427384	11.5957470133752	11.5534971309349
YOL013C	11.3551283978036	11.3066852079577	11.3736294240272	11.0981132262708	11.2751769965366	11.1054226383816
YOL014W	9.59929455877658	9.56115205768449	9.50605398102063	8.93464677053756	8.78156479998442	8.76504255018431
YOL015W	10.2434408676659	10.163814501413	10.176751938322	9.87024794822912	10.0860232785137	9.77539326467346
YOL016C	12.4442872296473	12.3972288744544	12.3607055725008	12.4002832419519	12.5748130601354	12.3174662713747
YOL017W	10.2825116668595	10.2660497248669	10.3592363241779	10.6827088614831	10.6450901992212	10.7375901527725
YOL018C	11.5343245181326	11.4652965913354	11.4566492956403	11.119156394977	11.2564150706473	11.0881526299996
YOL019W	11.2849999295836	11.2568725700431	11.3663382500045	11.6496819028064	11.6894189219441	11.7265232987464
YOL020W	11.5537107858814	11.6360045262627	11.6974421928357	12.3776627023175	12.2076887659329	12.4239448925607
YOL021C	11.8107278563983	11.8506662649779	11.8770480531827	11.9365400208582	11.916874489329	11.9945680232624
YOL022C	10.970783367566	10.910164493923	10.9235031000283	10.9513444493902	11.0055444363725	10.9961447762761
YOL023W	10.7007847012258	10.7197501898604	10.7438553198614	11.2014841883896	11.1311204283613	11.0986894097142
YOL024W	6.45776641252744	6.59297190014249	6.59873567177826	6.88053884167945	7.02551050937199	6.87162016115536
YOL025W	10.6070303911313	10.5646050225438	10.6277025864824	10.3951338816098	10.4992976812891	10.3847086275806
YOL026C	10.8710284038629	10.8537375829507	10.8249950454103	11.5771862403738	11.4028469419591	11.4491435678825
YOL027C	12.5770673192611	12.5842849224107	12.5439375492469	12.6144567976213	12.5762778853877	12.5749609053114
YOL028C	9.56427860521803	9.56115205768449	9.63100610692596	9.31114329866744	9.4156197901721	9.34818011074165
YOL029C	9.45984902318427	9.49843016617281	9.60438935448999	9.17479800812343	9.29264636116481	9.12179491039559
YOL030W	13.349836401303	13.3605171165211	13.3632255213213	12.9777227933865	13.0587483012564	12.9734649745643
YOL031C	11.3284733447658	11.4069766021453	11.5794387542384	11.0653592745408	11.0192518748148	11.2595964301829
YOL032W	10.3979412239196	10.2455551023228	10.0996964396825	10.1330618941466	9.92209940218302	10.0246906891902
YOL033W	10.0465472051578	10.0608315381999	10.1683907138847	10.1738635959183	10.2019103618307	10.0849894365071
YOL034W	10.6594785218583	10.686686754702	10.6317626559542	10.9810233632762	10.896410499345	11.0200987023463
YOL036W	12.1745872594066	12.1817153731484	12.2265457008127	12.1077361289896	12.1722880265236	12.0787093774177
YOL038C-A	5.81941378664086	5.78811052763976	5.82387347636411	6.05752324193937	6.09031256956116	6.25596928416214
YOL038W	12.9749761716616	12.9373644529052	12.9740766128402	13.0800901013013	13.0608426116229	13.0006062282399
YOL039W	13.0890663055632	13.2661381110092	13.1558003024037	13.9959838130211	13.9528367101882	13.9995024111198
YOL040C	14.0658898447439	14.2078020714014	14.1633117209289	14.7340449475001	14.6276253434973	14.7574392394943
YOL041C	11.7773299017671	11.8884964978291	11.9208400657456	12.0059687574167	12.1399644016535	12.084779170168
YOL042W	10.3083542582474	10.3557903757983	10.3257934665119	10.5049177704008	10.5637331445834	10.5842849749117
YOL043C	10.5096648483153	10.5302826149096	10.5780689292151	10.7396817799351	10.7185692634331	10.8208625601778
YOL044W	10.4432686215467	10.3963280807442	10.4180166065646	10.294916078032	10.3278484895441	10.2655146764564
YOL045W	11.3802408914396	11.4523898033993	11.4440062732316	11.2928050793161	11.1217879980116	11.2461188808445
YOL047C	9.64587346085184	9.58908014831232	9.60232141538726	10.3173466180166	10.3197084787117	10.1384973817157
YOL048C	10.95379898081	10.8264001601373	10.8591613563199	10.3213876850003	10.1477604067644	10.0497343537255
YOL049W	12.1405944140614	12.0783249527561	12.0405711402477	11.422138552182	11.5457793858014	11.4067682748793
YOL051W	12.3683486926485	12.3759389331071	12.3716709283968	13.2110845532523	13.1375928469843	13.1865391383565
YOL052C	10.669049531388	10.6613821504293	10.6981231131067	10.8722962397152	10.8316484903933	10.8970042825296
YOL052C-A	10.9192182646786	10.5932720556153	10.5979202753572	14.2608299060488	13.9549965900842	14.1603738364312
YOL053W	10.9351707258121	10.8208699532201	10.7863621163709	11.4675130031168	11.4246957289897	11.3897085606319
YOL054W	10.6436785829852	10.6403430371437	10.7230745315961	10.6597531713499	10.8291931528479	10.8541149529052
YOL055C	15.1613394369725	15.1504278188708	14.8764868689523	12.4790362090539	12.9279422908668	12.5439045717842
YOL056W	10.6160551992597	10.6403430371437	10.7000578506189	10.4524525275829	10.4553917415125	10.4543476772799
YOL057W	11.9262436503372	11.953429376641	12.0026691654444	11.8454759115414	11.7971940482822	11.8748851040261
YOL058W	15.8985082855868	15.879619254707	15.9062097067795	13.4028736061697	13.4638675741425	13.4737991621343
YOL059W	12.7184775654023	12.7100170181912	12.817146444427	12.484902419004	12.4210814838553	12.513852987879
YOL060C	12.1937011354378	12.1800965316295	12.1390509728428	11.9841512052449	11.9280081607951	11.9197177177454
YOL061W	12.1745872594066	12.2395932784937	12.2133994994405	12.3796017229349	12.4038602838956	12.4509231830918
YOL062C	11.9428359532565	11.9359501326353	11.9576928588094	11.8391486479643	11.7934204471389	11.8263520648085
YOL063C	11.1793756374955	11.2137427268599	11.1972065648638	10.888728555591	10.8924959453826	10.9302521116367
YOL064C	14.3999545504947	14.3361207892106	14.1391837973421	11.5141539481455	11.6454379799271	11.5039633737249
YOL065C	10.7376369514384	10.6652448310645	10.7382174563418	10.7290742933816	10.8135448722364	10.6399687391614
YOL066C	11.4038819340051	11.3757298145006	11.3958813294978	11.1821719796757	11.1096997581329	11.0568446614893
YOL067C	9.54361061392083	9.58419080607311	9.57727200621036	9.72526303255981	9.82848327246769	9.68236761983466
YOL068C	11.9017299986058	11.9518490767428	11.8944712743243	11.6265996842267	11.7811934813049	11.6599851825978
YOL069W	9.96553547225654	9.74616080590293	9.80111636635532	9.32328841783374	9.3757829750446	9.49675029192562
YOL070C	11.4240620650951	11.4772103317258	11.4905775009425	11.2452108836073	11.1922644986045	11.2729492306099
YOL071W	10.5759167030274	10.4166359409368	10.4424929203828	11.1261031201731	11.0392178325227	11.0722017372426
YOL072W	10.5897261257743	10.6308929091211	10.6041327858545	10.5146563434873	10.6497359633137	10.5960200814871
YOL073C	11.0007224518049	10.9738412168156	10.9953745372659	10.8211321485126	10.8655914899643	10.7961042141831
YOL075C	10.9778015983429	10.9831548550214	10.8976040195262	10.5278311382165	10.5498817786088	10.6285871693986
YOL076W	10.9052977308669	10.912116263542	10.9051711285257	10.5751346120074	10.4628028346943	10.5938935144964
YOL077C	11.3513505537532	11.4371091710198	11.3952844176118	12.0215749159043	11.9401946904397	12.1020889041463
YOL077W-A	10.690568513627	10.5924608545537	10.5135243805259	12.7863637338217	12.5187800207189	12.8335874345683
YOL078W	10.8305076340108	10.8964276622544	10.9110293369472	10.8082324433215	10.7732393025438	10.8831393277882
YOL080C	9.71639798587137	9.80617624606361	9.94349320146683	9.74946266081489	9.76651481700002	9.84857818829847
YOL081W	11.2833014268947	11.2440168158688	11.2641209588284	11.9203139327729	11.755562461087	12.0050079722584
YOL082W	12.9107882293498	12.8323788893176	12.9417391977949	12.5176277398242	12.4450647585651	12.4089040563881
YOL083W	10.9587734505291	10.8062514773234	10.7909078415383	12.0761003640327	12.0359248462554	12.01019975173
YOL084W	9.46385473646384	9.37928847812756	9.51707332081157	10.1938396151993	10.0272493122437	10.1929039545325
YOL085C	6.33767343629516	6.3318164600329	6.11825891202194	6.0165771608295	6.13498886978152	5.90310360971383
YOL086C	16.3776853817358	16.3427887950341	16.4858331633438	16.6880158473427	16.509550585819	16.6599962342865
YOL086W-A	9.50719831017397	9.44549204657669	9.35456642699187	9.96629079879254	9.64517985198286	10.0056183635515
YOL087C	11.9385258903233	11.9678874848302	11.9540496551533	12.2172339660098	12.1412845431738	12.2174234114078
YOL088C	11.0876318361294	10.9819165053697	10.992220060553	10.4122857493873	10.416664197506	10.4752935700629
YOL089C	10.3533035460128	10.4193831738298	10.4733642458588	10.5181814046173	10.6054635322049	10.627548014336
YOL090W	11.2460007632851	11.2857622620514	11.2182839091406	11.3348871046359	11.3178340126753	11.4794079294095
YOL091W	10.1232494692234	10.0620041240075	10.0367820569064	9.32328841783374	9.46918371809532	9.33040204657348
YOL092W	11.715277168108	11.8020270181542	11.7669214823726	11.5559084790459	11.617253056271	11.6244874383687
YOL093W	10.5403294423964	10.5777806816704	10.6287186756829	10.6094147106049	10.5278429996046	10.6160676268757
YOL094C	10.6133536804654	10.6889653131663	10.7058465422073	10.7717825860757	10.7569686199146	10.7288953991022
YOL095C	9.76102577146193	9.77790874550021	9.77381578657923	9.73286913319578	9.76480247114718	9.7977413401757
YOL096C	10.4483304805963	10.3757302182677	10.4121271806329	10.7245042405456	10.7308984725631	10.7015049624823
YOL097C	12.6642615289396	12.7267469799593	12.7091424316881	12.3159696249505	12.3388965559187	12.30289499514
YOL097W-A	6.31962585220145	5.92480708100172	6.11825891202194	6.44110824952682	6.33859026549983	6.38290282949403
YOL098C	11.6609377741342	11.621763773288	11.5945979446343	11.5207582855718	11.5170835789015	11.6066692353698
YOL100W	11.540025563434	11.557544819311	11.5006022939347	11.7048553171886	11.7955181107088	11.7158075254493
YOL101C	12.2250053900784	12.2002026483392	12.1390509728428	11.1410405740396	12.1085881404424	11.3693399985542
YOL102C	10.9119084156166	10.809047394132	10.7881821257389	10.8619301691944	10.9288800050252	10.8822683274296
YOL103W	11.6761186529872	11.6965174458244	11.6867499434894	11.4932623746105	11.5170835789015	11.4874487036088
YOL103W-B	14.3302436436742	14.4078414726161	14.2379496543029	13.7176744134571	13.7992809560527	13.5840968591439
YOL104C	9.44574072451859	9.55116448880463	9.47248143779533	6.84686363241129	7.43429555305364	7.08256750595072
YOL105C	10.9601915825999	10.9719712516091	10.9085215886989	10.1005094975258	10.1750894921637	10.157342019411
YOL107W	9.78042548492993	9.83527259294685	9.78662040181244	8.36982350949152	8.5741187173899	8.52249774955799
YOL108C	10.3511430931285	10.3219322435526	10.2015486648885	10.1342110003145	9.91130493384794	10.0040175595117
YOL109W	13.0252951692867	12.8251466038742	12.9632435714904	14.0159890810531	13.9642567261835	14.0243873647801
YOL110W	11.5944610159531	11.6197747260465	11.4782296123758	11.3468300637142	11.3518725811693	11.3624860646903
YOL111C	11.4555732907185	11.4000396174024	11.3645096840436	11.2145789878281	11.194809758387	11.2194698788893
YOL112W	11.9694859742781	11.9591041658085	11.9625361961363	11.7137210835738	11.6826346674531	11.7770667375929
YOL113W	10.579612161475	10.4697271842222	10.5288451511494	10.5563989565171	10.4415264383512	10.5429948115297
YOL114C	8.22260996037415	8.06539686998148	8.23892148611828	8.05182760764706	8.20077241983825	7.82806698784809
YOL115W	11.0594604036096	11.1211625451916	11.1133098400337	10.7798809500459	10.8783149379796	10.8190431100947
YOL116W	10.0769350715317	9.97877248202955	10.0352501296512	9.71608243502518	9.69278584509938	9.53272888229264
YOL117W	10.0331327275723	9.99113674870848	9.91878128582582	9.98424531009062	10.0860232785137	10.0120038704729
YOL118C	9.34942708432469	9.25557038496556	9.35702176750771	8.15073479882778	8.07903215699047	8.12832427506002
YOL119C	12.9461045660484	12.9031021277636	12.9080327659009	11.1266805067986	11.1998868452513	11.144448807111
YOL120C	14.9049843296066	15.0235159862109	14.9069568174023	15.3573573771097	15.2759262493855	15.3690106997932
YOL121C	13.8092266208942	13.9233066032028	13.8173120007973	14.3744532292648	14.2817513044904	14.3662496975417
YOL122C	11.7307308213833	11.7854425644317	11.7417856238818	12.1942826217009	12.3388965559187	12.2335624040601
YOL123W	11.5967421703661	11.4890264898857	11.4765375908559	12.4772264119941	12.4923846993586	12.4840234778633
YOL124C	10.78000953493	11.1295746306591	11.2699937490218	11.408433131183	11.1762540667374	11.5611364453817
YOL125W	11.2883909473722	11.3949312108366	11.3374209690308	11.0916216600605	10.9688372234369	11.1076600822201
YOL126C	12.742781789547	12.7189638012753	12.7915178528517	13.0766578798269	12.9751593807521	13.1350055837721
YOL127W	14.872216406616	14.9429602401176	14.8489604175431	15.4065648586363	15.3054088015927	15.3896898653682
YOL128C	11.0354444163446	10.9819165053697	11.1441914202818	10.0244637711716	10.1345622780248	10.0605556798912
YOL129W	12.5255560038762	12.4894358482994	12.5118067098075	12.5803000654583	12.5195416251641	12.5219840688035
YOL130W	11.9316751797289	11.9502670438785	11.8936262253137	12.2657436266264	12.2004244854939	12.1965545567073
YOL131W	7.79557617047764	7.48366082639552	8.19010488140943	7.37213976299762	7.39920394397203	7.25531429299259
YOL132W	10.2411092909013	10.2372750133238	10.3786944960476	9.65654061762839	9.98669239274383	9.79404062924413
YOL133W	11.0953964308163	11.0312383473983	11.0735678106276	10.5382850148665	10.4415264383512	10.3773089046838
YOL135C	10.579612161475	10.5175187478813	10.6277025864824	10.2825326037656	10.1853658616988	10.2110553555482
YOL136C	10.8845352588872	11.1898085639007	11.3336873267983	11.1855010590614	11.2175172438408	11.3391899822333
YOL137W	10.8993960260975	10.8852107578911	10.8089488373051	10.6944406801385	10.7766414487634	10.7230696443098
YOL138C	11.1461190717535	11.1183475806764	11.1212729241152	10.7517098725096	10.7595499073423	10.8541149529052
YOL139C	13.0786588216838	13.122520111302	13.1068755822011	13.7065177447851	13.6006709306779	13.6869317354366
YOL140W	12.1809867303232	12.2102837839832	12.1960255506005	10.9256945739569	10.966604803831	10.9742408029119
YOL141W	8.61404799610179	8.68125125590084	8.80116423963493	8.51468674276163	8.49361470331427	8.47238165052252
YOL142W	11.563073795895	11.5997319499038	11.6218976816379	11.3132388661007	11.3912424784824	11.3257985840649
YOL143C	14.3534971903756	14.3615175114258	14.4458531468875	13.0814309249039	13.0127889310396	13.2005817964154
YOL144W	10.4921251594375	10.4723752302032	10.456295141925	10.5742882498271	10.6469503007173	10.6066061432165
YOL145C	12.0223716446056	12.0362928759832	12.0344506780376	12.1882107262773	12.160943060023	12.178575545847
YOL146W	10.0782418694686	10.1171957551831	10.1099204331474	10.2436668866707	10.1451304251191	10.3218522950964
YOL147C	10.563840657685	10.5794192092735	10.5288451511494	11.0447330051999	10.9546398657822	11.0413223409582
YOL148C	11.0307278513786	11.0835552793135	11.0802679801294	10.9076659668154	10.9471110689247	10.8892216493759
YOL149W	11.1824165191288	11.0990587519386	11.0449300254757	11.0398366029975	11.0356726899662	11.0105648090289
YOL151W	11.068035516555	10.9140653960057	11.031163740485	11.2436147919483	11.1775414605801	11.0506557613793
YOL152W	9.78683449034106	9.76931930342477	9.98534899710802	9.33132868506979	9.69278584509938	9.31240198367659
YOL153C	11.5537107858814	11.3719532168013	11.4142641487458	11.3177968521042	11.4028469419591	11.2775936642122
YOL154W	18.61747790727	18.6179776656175	18.7666774912751	17.7023672674813	17.6229537385959	17.3590767923054
YOL155C	14.7362082729671	14.6730143414524	14.7022486455259	13.729410837225	14.1286037781308	13.5931737999082
YOL155W-A	6.62762452355476	6.31574583860577	6.6966244306837	6.8239568424582	6.7166817283254	6.87162016115536
YOL156W	9.15003445085276	9.14035781856963	8.90888368866364	9.06092921761446	8.82167368642777	9.09195389328372
YOL157C	8.83438632015619	8.74693734013538	8.84382292383322	10.0194973718659	9.86570379111257	9.9895297995
YOL158C	12.8434188252846	12.7603583099506	12.8939463106523	10.3738896751185	10.416664197506	10.3810135112831
YOL159C	10.3424687758603	10.2247650668238	10.1947033385508	10.3543014306894	10.4024197166836	10.3698710246665
YOL159C-A	9.16979084004691	9.10209451592126	8.98390176929186	9.25095458026844	9.46074610167472	9.06148183275919
YOL160W	7.90599694293156	7.88585340968416	7.84921087002342	7.73684514270311	7.69496136737987	7.57454547614986
YOL161C	6.91559965246164	7.17880288063479	7.2389852671264	9.10615650661325	9.0356973267895	8.71891172476563
YOL162W	9.07343783278783	8.77583203973644	8.74974425542504	8.61697114833752	8.72276081566071	8.40110029146024
YOL163W	9.22512687775898	9.15582269674023	9.10573067759791	8.79039798978447	8.8639004303217	8.73831281232695
YOL164W	11.851798596429	11.8277583541038	11.8719085118355	11.1586507997388	11.0920581741039	11.0805789592024
YOL164W-A	7.32394755772259	7.32764796554401	7.42003500328401	7.38773453282592	7.39029439026455	7.71479215815903
YOL165C	7.68284445827237	7.35100875103954	7.59744318621366	7.92444154295811	7.77908893532351	7.73817521929971
YOR001W	11.3029939409581	11.3841911839207	11.3236834463259	11.5264576899601	11.5175919648524	11.5258788121958
YOR002W	11.9574655969823	11.9728826189536	11.9483640989277	11.2183760209467	11.2859600823024	11.2495000909442
YOR003W	9.84326875325816	9.90489093050232	9.92375766058107	9.91238610183184	9.86090307464323	9.8324323868244
YOR004W	10.5327241909396	10.6481711252874	10.6864598759143	10.5374167463265	10.5597891650118	10.6461392244271
YOR005C	10.6392588230329	10.6118048703308	10.51682112936	10.4075417638109	10.5568240874874	10.5084127568304
YOR006C	10.8604349349747	10.8672144427361	10.898446772287	11.0013152410955	11.0026419880567	11.020890356605
YOR007C	13.3753055695842	13.3508367182801	13.333311304031	13.7056485237819	13.7708840320295	13.6721424498682
YOR008C	12.0903227475032	12.0867015984909	12.0240631516882	12.134680162267	12.118005828684	12.1346354110802
YOR008C-A	5.13054927052971	5.00823711295516	5.05925899540386	4.9780834168811	5.16636817302805	4.55252894231702
YOR009W	15.6831553772697	15.8700290802785	15.8399812431366	15.1200388263674	14.8686479658882	15.3559732760544
YOR010C	14.0930477614029	14.359373409144	14.4155615672028	13.9450905649588	13.9668650080106	13.9251266255067
YOR011W	14.8592115278044	15.0357633285747	15.0144008418418	14.0504014225811	13.7840435406634	14.1011583284672
YOR011W-A	7.80827373316232	7.36637239540678	7.68637776656579	7.6936851005861	7.46854441210834	7.52156771633958
YOR012W	10.436152043291	10.3624676643983	10.565389000847	9.87024794822912	9.74235494044814	9.78474708809546
YOR014W	12.0710919045372	11.9353105158901	11.9282863215987	12.1633829681637	12.1263628410584	12.125831659341
YOR015W	9.09942504422418	9.04865434334149	8.96470529706557	9.26361530600324	9.36225558887232	9.37568149417601
YOR016C	10.6321589184214	10.6775363577884	10.5685694477275	11.036767890579	10.9531372465667	11.0545269343121
YOR017W	10.4371708495186	10.4357575906517	10.471100001929	10.8598479862447	10.72914359554	10.8380338345464
YOR018W	10.6862903217197	10.6173983545739	10.6458835773006	10.7981189760951	10.8267336289769	10.7699720178765
YOR019W	10.8912415555543	10.7571488405549	10.7106527701596	10.549525201928	10.6989793398484	10.4496514383762
YOR020C	12.6575029004437	12.5543980025586	12.5363777855047	13.2232829487449	13.1107205568797	13.0889423559847
YOR020W-A	11.3712080303408	11.2486580960159	11.1944643378225	11.7044686103891	11.6574824935611	11.6680932711233
YOR021C	11.1386234400833	11.1183475806764	11.1291922933865	11.3694480079613	11.3090505525831	11.3761615231662
YOR022C	10.1570346669664	10.0817935917458	10.1387387168215	10.0957985938836	10.2019103618307	9.97816005480063
YOR023C	11.2255090240808	11.2548233324919	11.1965214966356	11.7735640502623	11.7675802944287	11.7501079897236
YOR025W	11.6012936865206	11.6049699186453	11.5951178448308	11.0701699529021	10.9410596119065	11.1261717136381
YOR026W	10.6124520487099	10.6253516081515	10.6337884133969	10.7359023398272	10.633878936464	10.6955673016376
YOR027W	12.5286656438553	12.4467642003292	12.358563707302	13.0723186252128	12.9908052539487	12.9850725964157
YOR028C	8.98698176626542	9.03915466479574	9.03694263329367	9.75245925797612	9.91285195625155	9.69234260711768
YOR029W	5.65014794869771	5.55109783011205	5.96585471539668	5.66034741162251	5.66508157346727	5.68343140305351
YOR030W	10.7285117751829	10.7865268403973	10.771718780284	10.6975531175125	10.7176845601669	10.8089949063038
YOR031W	10.8934700774308	10.6729393001963	10.6598676052556	12.05926257917	12.0101446681508	11.9636107810723
YOR032C	11.2494845910572	11.288269060146	11.177900599529	11.6747713792142	11.6616284291894	11.6736412650382
YOR032W-A	6.53756232314188	6.73131046648598	6.74310984258071	5.54580957336203	5.42254112143937	5.32909162943883
YOR033C	10.9488072980467	10.950607150411	10.9383306211314	10.8031845727252	10.9057623146767	10.8172213622777
YOR034C	11.2284542968294	11.3248692194533	11.136354187504	11.5559084790459	11.4971154750651	11.5562301036999
YOR034C-A	6.4740983207948	6.56627376124181	6.58173040199921	6.48597491736412	6.61211373890706	6.36254823158826
YOR035C	10.9243132086134	10.9410802832672	10.9787360428796	10.8853205583106	10.9142818778666	10.9251866729468
YOR036W	11.7131760821813	11.6041653141269	11.5177055809036	11.9069314990484	12.0126713888836	11.8501546871532
YOR037W	10.0977030692333	10.0359844145439	10.0655837143619	10.3294360118719	10.2601899010943	10.2412621059896
YOR038C	10.6124520487099	10.6277290584362	10.5999940865036	10.4515310081233	10.5217735210499	10.4868000802948
YOR039W	11.1769383086022	11.127896133204	11.0780380462031	11.0599280160946	11.0852150864329	10.9619266646253
YOR040W	11.0726318586255	11.0473112113804	10.9366906249736	11.5079625018329	11.4945353567772	11.4164268648363
YOR042W	12.5568235675548	12.4844163735087	12.4996401465028	12.5136602142598	12.4905731949642	12.4284267345212
YOR043W	12.5360540020186	12.6131653922366	12.5876991574203	12.3873318487449	12.4221679840395	12.3820452354292
YOR044W	10.8956951619057	10.7992378847915	10.8062570298083	10.1637708695699	10.2257544512288	10.1830346750649
YOR045W	10.1996844874004	10.1897925058892	10.1795282765	11.2275559919032	10.9917054987003	11.087397049714
YOR046C	12.1044993460819	12.1429069463302	12.1029499159873	12.3119137332438	12.3875439306389	12.2957173374708
YOR047C	11.9323978410383	11.9537452289987	11.9430645149671	10.0839535728425	9.99109273256617	10.0667030351846
YOR048C	11.9673719958245	11.9703872138081	11.9568840527125	11.870511060739	11.8290820818413	11.900489743984
YOR049C	11.2770564183178	11.2558483151365	11.3034651322472	10.3163345797831	10.2985636153367	10.3037502961626
YOR051C	12.1355825933212	12.1946011233276	12.2221769305499	11.6536936079655	11.6666795565233	11.7265232987464
YOR052C	10.7326667398525	10.7765624513236	10.9118642851936	11.4910219573795	11.5763576148885	11.4013067651015
YOR054C	11.7047410037665	11.7126576368931	11.7356684239625	12.3063181981544	12.2939031173956	12.2434311817036
YOR056C	11.6477972234072	11.6574933611558	11.6749945751501	11.8845754236895	11.9264775808784	11.9541096836097
YOR057W	11.7365352503805	11.6454208594838	11.5966764221939	11.043510461829	11.1324487178956	11.0676117559225
YOR058C	10.8649845221485	10.9302065568662	10.9185265304992	10.796668389518	10.8035735654942	10.8425188236327
YOR059C	11.7992847875161	11.7484171158194	11.6847973553489	11.051438536601	11.1436900698367	11.0583877467604
YOR060C	9.52839104953557	9.57764578484083	9.5431811154716	9.23818165782502	9.35544399366378	9.30721755222035
YOR061W	11.5967421703661	11.6843878497176	11.698894106163	11.9548633685071	11.9805804123521	11.9112035744094
YOR062C	11.4059647308794	11.3442731504163	11.3399047062872	11.1793918662283	11.0804055372019	11.1031817189033
YOR063W	16.2833172324582	16.4366194289174	16.3976873994563	16.364391601215	16.3180423289515	16.399976008461
YOR064C	10.1066958704626	9.99359693270416	10.1070066800966	10.6102407174884	10.5136409507639	10.6244260500235
YOR065W	10.5768414555776	10.5098058608122	10.4857544517279	11.9055864026548	11.9222600938065	11.8335792354553
YOR066W	11.1011925731886	11.1817414464772	11.1978913079193	11.0916216600605	11.2558057658367	11.1180558460953
YOR067C	11.2838678166844	11.2932696260549	11.261503136032	11.0361533639722	11.3259839381805	11.090416999269
YOR069W	11.5912613277905	11.557544819311	11.597195574022	11.5893850556726	11.6072567860747	11.6239665026282
YOR070C	11.4070050027597	11.4959832588714	11.5378572476179	11.3233482375595	11.4176311047335	11.4343642533685
YOR071C	13.0807789268695	13.1554341609642	13.0094152878924	12.9844276032966	13.1688365567782	13.0504987654526
YOR072W	6.83021844614141	7.1255070086395	6.83169411489467	6.41036491456969	6.54863496704451	6.72167909342218
YOR073W	9.84940504485959	10.0082705529164	10.0879224353808	9.77473742264451	9.79027658083312	9.82519803845021
YOR074C	10.6742434392968	10.6458271561241	10.6103186550321	11.0343082118933	10.8373614109662	11.0760155971001
YOR075W	10.4523672170735	10.3832544267069	10.4238820837774	10.7547012899851	10.8052402437586	10.7970288078408
YOR076C	10.7959809118686	10.8076501131047	10.8857534911225	10.3274281363984	10.4275265616206	10.3822462687904
YOR077W	8.90682809218667	8.91998686349223	8.90217193306217	9.20574517759664	9.02714835981282	9.02087962779706
YOR078W	11.1266751256285	11.2756912812203	11.3559455958424	11.7044686103891	11.6318840053303	11.7817448325843
YOR079C	10.6259177057825	10.6935116609704	10.7316119780575	10.062384257939	9.98080431005077	10.1179239612698
YOR080W	10.8274027671162	10.7964228718617	10.7698778672056	10.2340525690691	10.0428754876607	10.1530150591238
YOR081C	11.4720688768002	11.4343957066128	11.3693807187762	11.0336926363687	11.0900086540446	11.0506557613793
YOR083W	9.60836967307182	9.55283389550232	9.45883041833392	10.2918301624881	10.2245092780141	10.1716721819377
YOR084W	10.2163974464899	10.0933088643923	10.0151855699381	11.0743661767487	10.9448447463519	10.9361393968538
YOR085W	11.9171454097146	11.9963761405572	11.9397935296797	11.3738320799598	11.4862478314766	11.4602754477237
YOR086C	12.4916357980885	12.4519161650318	12.4144228916696	12.9915769173492	12.8929080337203	12.8860147455396
YOR087W	10.9623161701745	10.910164493923	10.9586747935311	10.4561327294562	10.4796008425428	10.4845061095735
YOR089C	12.0342019730278	12.0249144581498	12.014377924423	12.0766980940022	12.1838647992339	12.1614469635132
YOR090C	11.4245758105971	11.4216649487759	11.4295034069949	11.0963456941669	11.1251279437202	11.1091497858532
YOR091W	11.2425085018847	11.224777547208	11.1910292074197	11.78055185853	11.6510094842843	11.7548741801623
YOR092W	11.8248079231191	11.8180760682251	11.7825259891249	13.733207078711	13.727706706806	13.6967489816503
YOR093C	10.6982374294246	10.6821188117899	10.6638382679461	10.9342953069418	10.8527548205682	10.9064597205224
YOR094W	10.0769350715317	10.0760012936792	10.0745607647352	9.91104585058153	9.99839692787614	9.94015837829169
YOR095C	9.81218941663894	10.050235143585	9.9121192948916	10.4698504605812	10.3462835163746	10.5506902369453
YOR096W	14.1772333685012	14.2773992258449	14.1771805160719	14.5930528065961	14.5552548385901	14.6432578121325
YOR097C	9.93556632419879	9.9985047463793	9.94185884918048	10.0767995827769	10.0042137659092	10.0865028891559
YOR098C	11.7034714774105	11.7197322283711	11.7655364761259	11.6676473707826	11.6318840053303	11.7371600635931
YOR099W	13.1672753602179	13.1957817402824	13.2438070721229	12.9440508339575	12.9196959579051	13.0028117279436
YOR100C	10.2469311811251	10.1013151986386	10.1458542074656	10.176096865235	9.94496187612665	10.0880147553261
YOR101W	10.6965367458359	10.7744182406751	10.9795327189322	11.6056293925883	11.3363952117638	11.5191709903173
YOR103C	11.2178230540518	11.2047475387575	11.2054021080691	11.1197365681158	11.1430312331364	11.2542205106129
YOR104W	10.6559823496984	10.6980437251288	10.7306658642867	10.6732542206827	10.72914359554	10.6118701827627
YOR105W	7.0401216403859	7.23016952826747	7.17312381640086	7.2493939258415	7.53467087817063	7.30852341764853
YOR106W	11.0014113697376	10.9493405307655	10.9635149979744	10.6573574604606	10.8979733514339	10.6055510261871
YOR107W	11.0587986634042	11.3533993811144	11.5400190405223	10.2351239968084	10.1981092096068	10.1645248977841
YOR108W	11.9284187166309	12.0206996836515	11.9091800637404	11.2705110711029	11.3037546916535	11.4067682748793
YOR109W	11.6425073050303	11.739285200355	11.6531910849166	11.4207267729444	11.4621525183915	11.4402941606641
YOR110W	10.992429672009	10.9750865149858	10.9358699271967	10.6331789397224	10.6854683904604	10.5917638078138
YOR111W	9.58465451167399	9.58908014831232	9.61057543610228	9.64207104759381	9.76651481700002	9.62519544366386
YOR112W	10.8634695868315	10.8222544938011	10.8107405891453	10.5538251355146	10.5588014828883	10.5885633405433
YOR113W	11.0307278513786	11.0336308419339	10.9937981611451	11.559334080773	11.4668985931917	11.5773714435622
YOR114W	9.22512687775898	9.01754858922199	8.81909248784319	8.86986009501229	8.95085218187361	8.79499538682646
YOR115C	11.3001971292249	11.2047475387575	11.2456956492452	10.8175604526869	10.8559747126907	10.8770312523713
YOR116C	11.3775900336532	11.4537303559146	11.4388020215422	12.0740063567149	12.0076135142912	12.1106665055572
YOR117W	12.5038419138523	12.4172933692594	12.451931660645	12.6177462699142	12.6818790711392	12.6307359064432
YOR118W	11.378650961361	11.3316903229091	11.2848942651467	11.3893128701556	11.4637362788442	11.4585234830904
YOR119C	10.8466994423775	10.8918194949728	10.7744757524204	10.9578485301452	10.9710661936483	10.9611019725121
YOR120W	11.9017299986058	11.7808215140337	11.7408462028503	11.7433882536107	11.7342873035047	11.6620164808936
YOR122C	13.6573086846435	13.5705339024588	13.6471296873687	13.7635011329185	13.605461402655	13.7620042548446
YOR123C	12.1521179952607	12.1575141642153	12.1756617148988	12.4009993659818	12.3994537147028	12.4076939878895
YOR124C	11.715277168108	11.7126576368931	11.6651247292032	11.7286309279339	11.7503811553848	11.7299162384185
YOR125C	10.9089740728867	10.8174027767759	10.8582953303309	11.0113551364044	11.0399258167705	10.9872610451956
YOR126C	10.574065417491	10.6395578867894	10.7287717731126	10.942189187484	10.8535604676371	10.9141501534039
YOR127W	11.5654050841612	11.5814522404873	11.6371244315586	11.5969051772433	11.5362773975245	11.6921476521992
YOR128C	13.5610616402357	13.6003943192116	13.4361305817013	12.975160361312	13.0050148631744	12.9368132043064
YOR129C	10.2550425493541	10.2393494960792	10.2379623030546	10.1727456631859	10.1981092096068	10.1311833742687
YOR130C	11.7480745133631	11.7531429654044	11.7114165193317	10.2979954054738	10.2443041946789	10.315413343561
YOR131C	11.0361169542485	11.0389994909459	11.0357671141421	10.5700489739354	10.7194534244398	10.4845061095735
YOR132W	11.335593230874	11.2548233324919	11.2496637891378	11.4333833229945	11.405046771553	11.3499403228252
YOR133W	15.0966061912192	15.1363746563563	15.0761282301394	15.3267804732397	15.3318098172968	15.3883102133642
YOR134W	10.1396152318664	10.0082705529164	10.0042648308121	9.38831690141978	9.31622490812459	9.21886720038384
YOR136W	13.3415631771032	13.2865929274162	13.2443043237427	13.292326506085	13.3453027146887	13.237317301426
YOR137C	11.4168503515331	11.3728982935018	11.4248315270319	10.755448176077	10.855170413197	10.8053235907411
YOR138C	12.4164057474168	12.3377268816896	12.4082234423988	12.1126991168335	12.1921684022377	12.0945884388701
YOR140W	10.3947982265153	10.5029151667458	10.471100001929	10.8479918411522	10.8093985341509	10.8900884627519
YOR141C	11.6144124539497	11.6213661831712	11.5694197960548	11.6935985193058	11.6029513752114	11.6786664478534
YOR142W	12.3979502396654	12.3500172128573	12.4028883425666	12.4853526794672	12.4186338625493	12.4897530436117
YOR142W-B	14.2020171007272	13.8194226394153	14.2571301706655	13.0021562359507	13.3024308707396	13.0066133039385
YOR143C	11.2518024776364	11.1676506801087	11.1234370672235	10.1180395999144	10.084651375908	10.1399557429405
YOR144C	9.91961607719562	10.134018812146	10.0908749596592	10.4179580133056	10.4155734485011	10.5004878172438
YOR145C	12.0707637385981	12.2297155814464	12.2685433958541	12.7801383301278	12.7023707771607	12.7211854501952
YOR147W	11.1279375133693	11.1390494022384	11.1449017892177	11.5653093802841	11.5967096761973	11.6706177317952
YOR148C	11.0895769063266	10.9487068036492	10.9399687549595	11.5061886255706	11.4536763053867	11.4385177464237
YOR149C	10.3779189203171	10.3766728935674	10.2708781346953	9.77768200881299	9.88159173244113	9.76029978865874
YOR150W	11.0259958148587	11.0174039653103	11.0319319902672	11.5537633399399	11.3694405039807	11.4661000111837
YOR151C	12.7431937076248	12.781330512096	12.7876567349371	13.1523286405718	13.0557761475768	13.1830070121373
YOR152C	10.2859088135789	10.134018812146	10.0775407408615	10.3082126086865	10.498267683749	10.2588186545289
YOR153W	13.3028272067153	13.2689330022637	13.3583337381255	13.8131273445412	13.4472860301631	13.5210069586159
YOR154W	9.98238517756453	9.98373091599719	10.1113751052226	9.82114415720842	9.80867568397344	9.9334459509892
YOR155C	11.6305335874671	11.6081838566995	11.6955040325656	11.4919185418401	11.3688771234483	11.4073738349549
YOR156C	9.21802848486837	9.50534396210329	9.35210689720548	9.51372166541339	9.54097954410525	9.47379903416287
YOR157C	12.1465234252918	12.0809298102434	12.1557113629823	12.3618107966763	12.3299515390693	12.2871883526523
YOR158W	10.9756997119295	10.9781950653845	10.971546090108	11.4183707330033	11.3615330845915	11.3823350422376
YOR159C	9.82002227059312	9.61488026669706	9.66310473846106	9.88397588971563	9.84316244127449	9.87859123294351
YOR160W	11.0212482049414	10.9788159724508	10.9201872953201	11.3152664157738	11.3461595653495	11.2736136372889
YOR161C	11.7460206884259	11.7044224261527	11.6561837633317	11.6624802866251	11.5437841615876	11.7010656385012
YOR161C-C	5.41855710891443	5.36337932324628	5.59450235967106	5.38574294929138	5.06610471843126	5.37400505428203
YOR162C	10.8993960260975	10.7701202340287	10.8267669892001	10.7396817799351	10.8519487233035	10.6985391871225
YOR163W	11.0594604036096	10.9769524489304	11.0126019275401	11.051438536601	10.9576404168415	10.9064597205224
YOR164C	11.5161211244218	11.5361903505921	11.521539710799	11.0299936567804	11.0900086540446	11.090416999269
YOR165W	11.9553339180526	12.0046312674277	11.9187648222585	11.9022181646008	11.9582836148273	11.9532805364789
YOR166C	10.6294874188948	10.7160309224408	10.638840395629	10.8444861138604	10.7344018349682	10.8380338345464
YOR167C	13.3161781419725	13.3887074286331	13.3446405956854	14.0608616500595	13.869165523075	14.0646756587816
YOR168W	12.3950696947108	12.4550431594292	12.3927567828378	12.6542450614468	12.7037117051176	12.6208490092894
YOR171C	11.2684966940677	11.2932696260549	11.2706448079215	11.4431511078159	11.5748928503103	11.4567693882452
YOR172W	10.2504130688809	10.3150641891309	10.3005112805441	10.5776707230524	10.4910370337716	10.5218978848217
YOR173W	12.6191927189051	12.4800373717875	12.4167775968829	12.9671233002076	13.0888222081545	12.8308815283247
YOR174W	10.8497630963931	10.7593188556771	10.7643409899691	10.5075802720672	10.616896951089	10.5027565320377
YOR175C	13.201551818078	13.1071265936117	13.1549189994491	12.2317978979194	12.7119533332437	12.2622991772943
YOR176W	11.7733019574718	11.7886331042228	11.6993777527345	12.1857193845947	12.3997295199527	12.1792848423402
YOR177C	10.1803437760047	10.0466856405179	9.98534899710802	8.98649534532682	9.04983384695579	8.81340441545101
YOR178C	10.4713889358011	10.4429758670473	10.3883260250043	13.2211218696425	13.2861129252591	13.2332245440649
YOR179C	10.306125366385	10.3101383363525	10.2604265703942	10.0207405759259	10.0722451727598	9.99114675633707
YOR180C	9.40465344773872	9.34885968570028	9.53669835393483	9.05608481700739	8.90492443659312	9.05839888344756
YOR181W	10.1495949409438	10.2517341238797	10.1084642924285	10.7952163427924	10.554843977684	10.6223409803718
YOR182C	13.0880937871194	13.1470341109068	13.0766667971032	13.8920814505526	13.7613643536449	13.8473766667879
YOR183W	6.44123887173186	6.43932663499021	6.54708229446695	5.11699074193998	5.49686667297998	5.32909162943883
YOR184W	15.020147130392	14.9923388043994	14.9288787988805	13.2946405167343	13.3319241871043	13.3022470756741
YOR185C	11.9761598762391	11.8908076523318	11.9112691306252	12.3642609172039	12.365968301896	12.1484657342187
YOR186W	8.70152220436599	8.50259029859629	8.53652932689288	9.97272881397659	10.0215248269073	9.94183161487668
YOR187W	12.6603410198345	12.6330234193967	12.6435540771425	13.1184768087091	13.1394107027509	13.0921473026618
YOR188W	10.7638593453098	10.8264001601373	10.9481316365352	10.575980477884	10.641362784939	10.7298640749053
YOR189W	10.7409409374516	10.6790654604906	10.7230745315961	10.5243296087193	10.592008987346	10.5462978793098
YOR190W	10.2163974464899	10.0347904732651	10.0893994530442	9.986792090505	10.3150363354834	10.0925408681485
YOR191W	11.3642621834466	11.4083600052148	11.2887561768775	11.7025335199931	11.5636133047206	11.6980990975257
YOR192C	11.5857595831372	11.5102265103971	11.3724167845362	10.1028591917029	10.1411764388843	10.0450716714832
YOR192C-B	12.42951831586	12.5477180338211	12.5007504473254	11.2684195870204	11.4494194496249	11.6513201134235
YOR192C-C	8.82195039319421	8.86458207186264	8.79029917813343	8.68761450056151	8.51416684108525	8.6550108581319
YOR193W	10.436152043291	10.3248657138202	10.3245398267753	10.0132652259588	10.0456985100014	10.0278450325357
YOR194C	11.5820800621449	11.5650068511848	11.5122105152259	11.5447187607806	11.67079918294	11.4782555801203
YOR195W	10.7967748576898	10.743329081676	10.6913310234417	11.1168333663006	11.146322411837	11.0683777677114
YOR196C	11.8356648634318	11.8584470484221	11.7929870747864	12.0897858838323	12.0141132448879	12.1353666377595
YOR197W	11.8961843300556	11.9153404178731	11.8779028660974	11.974240659622	11.9642632029608	11.9925516503829
YOR198C	12.6612131652621	12.6834103376445	12.695388585837	12.6508371706966	12.629221445138	12.7163065151871
YOR201C	12.8604160114761	12.9380031545099	13.0663924920195	12.3388231417013	12.2852710471449	12.4070885728159
YOR202W	18.7431007005933	18.7296943876251	18.9238074661013	17.5867964123417	17.1976459802615	17.6282459027597
YOR204W	11.6269666495531	11.8294805164058	11.8766204567133	12.0299325681789	11.8352128407423	12.016167141591
YOR205C	10.8505279943315	10.9455339853371	10.9627094241825	10.9083377265074	10.8527548205682	10.9478423737378
YOR206W	11.7558524903414	11.8191165696586	11.7957036239794	12.0918571285991	12.0640393353732	12.1306070259258
YOR207C	11.495241672093	11.580225318164	11.5111089859055	11.8110460585892	11.7887948228768	11.9231093553282
YOR208W	10.7759889070875	10.7829760261578	10.8258812893752	11.0916216600605	11.0540130206403	11.0483280614102
YOR209C	13.0905238551274	13.1792647376007	13.1262493862791	13.0037286062232	13.171423373245	13.0317697784131
YOR210W	10.9366122399756	10.9936381267336	10.9521958210478	11.1028160848294	11.1756099387281	11.1408118665278
YOR211C	10.9580638613601	10.9632125530364	11.0479714413093	11.0219465141363	11.0693516937337	11.0926778198296
YOR212W	12.2492787650785	12.2907450037834	12.2554471928407	11.7175588352866	11.7967752463793	11.6441448865924
YOR213C	10.6811396864622	10.6544031525969	10.6628466264631	10.2679495475771	10.3439919820816	10.4366573826637
YOR214C	8.34944646254412	8.3799126805934	8.19010488140943	9.46887492546745	9.85929927785483	9.69234260711768
YOR215C	10.7614211457451	10.613405223134	10.6287186756829	12.0550222467345	12.0148336328575	12.0311749733452
YOR216C	11.0096528246013	11.0312383473983	10.9691414536087	10.8139798914848	10.90731507332	10.9386551825032
YOR217W	11.6067366182764	11.6241470156574	11.6178099249179	11.8096084771987	11.8610819147169	11.7695500887601
YOR219C	11.2225577258707	11.2640220641968	11.2297130302604	10.9243668210595	10.9342212406879	10.9004497987586
YOR220W	11.6135115313399	11.6241470156574	11.5662414039639	11.5008538720861	11.6058230763156	11.4655186119373
YOR221C	12.4073374656634	12.4166061154937	12.2795824531141	11.7882360498226	11.7879522045169	11.8007679831541
YOR222W	12.6480752981839	12.5775372867468	12.6412904329367	10.9090091735255	10.9227514209986	10.9428384332036
YOR223W	10.2938045116022	10.1725259282011	10.1557572863488	11.0069712775449	10.9250526922581	10.9013098934856
YOR224C	11.8594183684856	11.9208436541815	11.8323260669862	11.9309312126433	11.8654818186508	11.9457966896807
YOR226C	12.3672801783308	12.3671919328901	12.4346069521666	11.3844929445974	11.5675466356155	11.4116056530383
YOR227W	12.3656759215279	12.3536121794859	12.3213427007782	12.4590024655536	12.3939265079531	12.3743227855815
YOR228C	10.4228416600969	10.4111257281048	10.4238820837774	10.6348035107153	10.583292893585	10.5992040652634
YOR229W	11.1088847139894	11.2624930097515	11.1765116649141	11.2243226683604	11.1871604671005	11.1173157708496
YOR230W	14.8369994359114	14.8546823482455	14.7296752770773	15.5723986747014	15.5931485415235	15.5208310738833
YOR231W	11.2489045370356	11.2346892170492	11.2047209216441	11.00383177326	10.9643689241369	10.9132976826797
YOR232W	11.7517640460264	11.7900488601308	11.7857178355336	11.9822383410089	11.9908688163052	11.9685431466342
YOR233W	11.4240620650951	11.479405823545	11.5351504430392	11.3253616384135	11.3507317865289	11.3643585511099
YOR234C	12.8568041730324	12.8340955313444	12.856491092091	13.3400335062755	13.1725536485552	13.2674816393251
YOR235W	7.14453069201585	6.80136919780771	6.98088438740087	6.28000448976346	6.43002889356049	6.25596928416214
YOR236W	10.7951865288339	10.8631845884279	10.9691414536087	10.7389266836744	10.5987519465669	10.6614509379707
YOR237W	12.2086926664056	12.4809142361126	12.3354133528678	12.0829593519097	12.0588094332235	12.2679784756735
YOR238W	10.8196112362752	10.772270838083	10.8992890329934	10.7923078571156	10.9326971902919	10.8726524524833
YOR239W	12.2542004244346	12.3250868220534	12.2626648118602	12.1406952784208	12.1143133510711	12.0405737893721
YOR241W	11.7704756900134	11.809724929596	11.7502129983862	11.2871346728862	11.2454080148028	11.3090446556156
YOR242C	8.9417271105839	9.01754858922199	8.87500774857605	9.39791872862919	9.33018910211955	9.25969893884154
YOR243C	11.5290786942387	11.606577782678	11.4832938022995	11.5347472936315	11.5262072274191	11.6024445391962
YOR244W	10.978501547135	10.9556625368891	10.9993079576829	11.3091751977255	11.2685474338754	11.2338804826784
YOR245C	10.9104419903524	10.8618387980731	10.8720897409872	10.8211321485126	10.8519487233035	10.8813968008522
YOR246C	12.1220264099941	12.1668075549988	12.1571204244142	12.0841488976333	12.0003570793216	12.1331718449007
YOR247W	13.4643168189102	13.4900704357637	13.4951199175537	12.9669621014111	12.9412665412071	13.3126285602359
YOR249C	10.5897261257743	10.5429345290827	10.5058025377683	10.7426982185892	10.7638418150666	10.7538719468958
YOR250C	10.2469311811251	10.3500422794389	10.193330366076	10.1273025903586	10.075011343891	10.0697669149677
YOR251C	11.7423164191457	11.6640711231548	11.7042053215185	11.7926087095163	11.7095823372348	11.7563009721504
YOR252W	10.6603512424998	10.7212352159343	10.7173546995565	11.0477848385061	11.0561142862459	11.0668453371662
YOR253W	10.6178534050789	10.6613821504293	10.6538910424945	10.4643790129105	10.4188432241929	10.618161777569
YOR254C	12.3367629633975	12.3652936963828	12.3912608282657	12.55906881918	12.5233436281685	12.6302172292006
YOR255W	8.14476725749009	7.92256933808989	7.86313576438848	8.75794048075568	9.32554938525745	8.73058371709882
YOR256C	11.3080145786255	11.2972576359977	11.3085463377594	11.3493057838881	11.359265838073	11.3884822551065
YOR257W	10.5460071819101	10.4864166220457	10.4991507544071	10.941533011454	10.9425748577053	11.0506557613793
YOR258W	9.10969011223122	9.01754858922199	9.17417197676273	9.23175249736992	9.38249936209266	9.33040204657348
YOR259C	12.8727043633993	12.8550448294308	12.8651384188774	13.0369730091691	13.0925803984136	12.9963863431738
YOR260W	11.6782743679493	11.680957944962	11.6705614986886	11.6180017428345	11.6229342650274	11.5752173043171
YOR261C	12.6553159260642	12.5556470606227	12.5120820336489	12.7073182043651	12.7032648676009	12.6469795128963
YOR262W	11.4158171574484	11.425769242836	11.4782296123758	11.0330767980548	11.0392178325227	11.0350663428311
YOR264W	12.1961102737861	12.2036593912399	12.1613393700728	11.5682877746449	11.5109689321932	11.4555988056701
YOR265W	10.1936683277202	10.0875627204262	10.1795282765	10.1705071948546	10.0027617543664	10.1673880629721
YOR266W	10.2270401222249	10.3935365416269	10.3295478614314	10.4065910915225	10.4606892620782	10.366137652341
YOR267C	11.6309788352413	11.6931162922153	11.7061318348112	11.5163587550391	11.459509047734	11.4931647982023
YOR268C	5.03243027158677	5.2192917381649	5.00057216924608	5.11699074193998	5.69617035806299	5.41727125881426
YOR269W	10.4573973029736	10.5362006537767	10.5590069922476	9.8096817271479	9.77844464093282	9.68636589895644
YOR270C	13.9253105445887	14.0444347047568	14.0181145838376	13.6046167444776	13.7526454354535	13.6765449394481
YOR271C	12.2850812862364	12.401866165333	12.3891638824231	12.248340126634	12.1072377236967	12.2819145737529
YOR272W	11.2512233550435	11.3879359211484	11.4793565252157	11.5220755326649	11.47529769804	11.6456854423164
YOR273C	11.6327584534287	11.5458599481395	11.5550615603691	11.1467448140567	10.9695805962468	10.9544874077825
YOR274W	10.9162987684645	10.9581836020131	10.9739467249655	10.5615328618957	10.6626650630611	10.6233838919333
YOR275C	11.5723764298534	11.5596214805426	11.6476883317419	11.3203228576744	11.2793800015478	11.263615263597
YOR276W	12.0210134091443	12.0327093771627	12.024449211604	12.4979032548413	12.4538570782504	12.4704687480876
YOR278W	9.99212402183778	9.99359693270416	10.0352501296512	9.75245925797612	9.76137166737561	9.73735916262738
YOR279C	9.99765969095071	9.92565296404867	9.90206824794701	10.176096865235	10.2455324030339	10.2124422011795
YOR280C	10.3150203424714	10.3776149531935	10.3382702987968	10.1637708695699	10.1145358354456	10.2303508875086
YOR281C	10.9854824190984	10.9930235680491	11.1674508469139	11.0779532505269	10.9792097444204	11.1760645860839
YOR283W	11.7623699964236	11.8947610378429	11.9932332524796	12.1731977303848	12.1085881404424	12.12656736076
YOR284W	9.53030230427573	9.50534396210329	9.50605398102063	9.39216531011743	9.22698775990716	9.4267704293437
YOR285W	12.9126205088951	12.710203976539	12.7665800757157	13.720641385282	13.5838992610154	13.6545244344575
YOR286W	11.065402445169	11.0748696958727	11.1392090190849	11.3502948835604	11.2811775475962	11.2208485360762
YOR287C	10.4145891841459	10.5753193951893	10.4608666890607	10.9183767632212	11.0242693306051	11.0240526363655
YOR288C	10.7434139702433	10.6942679944896	10.770798617409	10.5572558773088	10.5637331445834	10.6087140647825
YOR289W	11.4545674701748	11.3804367008786	11.2855386354747	12.2623322278052	12.2939031173956	12.1838867887301
YOR290C	11.9083567833105	11.9794125947765	11.8645960086243	12.887089141824	12.8555950338581	12.9167504800685
YOR291W	11.0863336641499	11.1127011191627	11.0570574035515	11.3228444479745	11.2074691290125	11.285520927291
YOR292C	11.0340983991855	11.0089176165228	10.9085215886989	10.0587578011404	10.0736289214915	9.96176048047689
YOR293W	13.7111500728058	13.7899193559693	13.6131391446351	14.3473397736528	14.2575321534862	14.3624292281779
YOR294W	11.1781574877932	11.3615163042016	11.3808839329301	11.8465277627703	11.8690717855954	11.8094992468361
YOR295W	9.71135299935675	9.65584513171289	9.64914942669309	9.88124073582187	9.87048857938984	9.88903668576829
YOR296W	10.3468124551855	10.3991142277893	10.3518712992853	10.1949413234103	10.3091747936849	10.2840998331596
YOR297C	10.0236677985253	10.0131287697439	10.0428935457405	9.78501727572203	9.66367631685625	9.62311105401541
YOR298C-A	13.0947263008928	12.9571914286671	12.9219830092922	13.1947955712802	13.1453440843178	13.0809935934031
YOR298W	9.64939489595156	9.72114044504854	9.65115133086581	9.59777017350581	9.96150030620838	9.61054104016911
YOR299W	11.7068544015604	11.6729229783411	11.7483444982683	11.1860551594833	11.1096997581329	11.1393545190542
YOR301W	10.2152100648587	10.2341576840967	10.191956085408	10.1087167340278	10.1828036253164	10.1999123218045
YOR302W	10.2140217049328	10.0431273802631	10.1157303391452	8.58367753039858	8.74379044359259	8.70320041538456
YOR303W	15.5105269448136	15.4593791228668	15.4564592249088	14.0698212018883	14.1780003119655	14.1644991537103
YOR304C-A	9.47778773054704	9.39240173222049	9.52582855304079	9.45790089606801	9.40246278898111	9.40023547727029
YOR304W	11.6830056325351	11.7145227376798	11.6818635089706	11.7009835766532	11.7438782445904	11.7005716384325
YOR305W	10.7343253805364	10.7167755434752	10.7476016911804	10.6897593960924	10.8259128549222	10.6866147313335
YOR306C	12.6301472394952	12.8105723478219	12.9030026668323	11.8611737173903	11.9303009902416	11.9294472641319
YOR307C	11.0752517795365	11.0258406827692	10.992220060553	10.7472110826605	10.8160269665093	10.782163720615
YOR308C	10.0438742726194	10.0300047996528	9.97259918823735	9.90027876335852	9.96746756721157	9.9028473001715
YOR310C	12.4891821331175	12.7729423823663	12.7831009736116	12.9732355460582	12.973678053916	13.0701354556136
YOR311C	11.6508740750718	11.6504958267446	11.6101140212451	11.2096823568232	11.2299797600662	11.1342421776118
YOR312C	14.3542389254654	14.4402114548252	14.3807809502841	14.7822055081699	14.7088886849004	14.848379859537
YOR313C	9.33199974152118	9.27795142097149	9.38616420873342	9.39216531011743	9.21950424807529	9.4876135859224
YOR314W	6.12461592310118	6.29948396124629	6.37943767840969	6.65218466124834	6.41222148997289	6.51753308041011
YOR315W	11.7328065136851	11.8149500536272	11.9166865892697	11.6814674601559	11.3160815937333	12.0046078296464
YOR316C	12.6636088501719	12.6883535762211	12.7501012408603	11.8426672198055	11.8935628582193	11.7761292954776
YOR316C-A	6.10347316459433	5.94626211133769	5.88252785652735	5.93068627718378	5.92098711195727	5.41727125881426
YOR317W	13.0115118022245	12.9587658776974	12.9000603227622	12.44170587821	12.1119586623625	12.3474373646158
YOR319W	10.8015293780157	10.7227187147964	10.7457297217286	10.3041344081764	10.5607761713197	10.3231366432945
YOR320C	11.5797755866832	11.5391401386403	11.585207559105	11.2194590544413	11.3392739473695	11.2229140546097
YOR321W	11.4028394068403	11.5932590015978	11.4737131374581	11.2382816965065	11.0707380650889	11.3090446556156
YOR322C	11.7269870325837	11.7960503707168	11.8398035542261	11.6496819028064	11.6276515748601	11.7040260918546
YOR323C	13.1814790171808	13.1894926685149	13.1119705492935	12.4617507763981	12.4399780998945	12.3851226780096
YOR324C	11.0785200037357	11.1495657292754	11.1660518098684	10.6967756375246	10.7483308156838	10.7404767968066
YOR326W	12.7462793500358	12.8208243954537	12.7589443042208	12.7713035387486	12.7864051727689	12.8534993836755
YOR327C	12.0704354979937	11.9691378907346	12.0007084332504	12.5924725240982	12.430020734165	12.4745196616698
YOR328W	10.5563586806922	10.5687353586434	10.471100001929	10.8860028021745	10.8495277252953	10.8691398173535
YOR329C	11.2529600258389	11.2158511153039	11.2816680891264	10.8486919654013	10.7378967095981	10.8708972040818
YOR330C	11.3680064098973	11.3643702314761	11.3869016138249	11.9678104379588	11.7980312875307	11.9416221603379
YOR332W	13.8089315166755	13.7903615289097	13.7703238327661	13.8042222406185	13.7062369490989	13.7137394377433
YOR334W	10.8852819444173	10.9016761768481	10.9201872953201	11.0379961590021	11.0448720013988	11.0240526363655
YOR335C	13.2793036028839	13.3455508771728	13.3444859994023	13.4648038527998	13.3619594392917	13.522125652122
YOR336W	11.1842379760984	11.224777547208	11.2101614280377	10.8819044906653	10.9003144594395	10.9495065041043
YOR337W	12.3197406247002	12.4323307097237	12.4182473383548	10.8619301691944	10.7876433342308	11.0405418232656
YOR338W	10.3326474055071	11.140160001109	11.612683886772	11.2515776496258	11.1110479089296	11.4707427891661
YOR339C	9.73640325863649	9.69567827416528	9.68476522900867	9.42258823785083	9.45650870279763	9.46218492135613
YOR340C	10.5694267821245	10.7477075360893	10.6697738437051	10.7988437227452	10.8430517958657	10.8726524524833
YOR341W	12.0338653064766	12.1561424257734	11.9861155941647	12.3603387245519	12.3206594280634	12.4817252649952
YOR342C	10.6015882791395	10.7978310649892	10.7963438706664	11.4399025224339	11.2055772909428	11.3860265123514
YOR343C	7.18423185831763	7.02226514587791	6.94173725886818	6.71597961151852	6.7451748595388	6.72167909342218
YOR343W-B	12.6882053826911	12.7894932147948	12.7780729637525	12.2573317816588	12.2711705186734	12.4614581826913
YOR344C	11.7398416116199	11.8027285280925	11.8415573447875	11.6787140133374	11.8833429807065	11.7629407401388
YOR346W	11.0798252230392	11.0009924818926	11.0403558448497	11.0057162956182	11.09342290493	11.1335103619032
YOR347C	10.8382406893894	10.8544144246028	10.778143537941	11.1687783012816	11.171739119236	11.132778174763
YOR348C	8.71839690061375	8.48168752851862	8.67688662228779	9.73438555079253	9.61887959819971	9.7140476719583
YOR349W	9.86463250414795	9.89965338037515	9.87491786270278	9.80824249597404	9.89574274530953	9.88556326768362
YOR350C	10.859675273475	10.8291573335361	10.7438553198614	10.620116081829	10.794372254248	10.620252892471
YOR351C	7.69657708721058	7.51842037009271	7.58907709241871	7.06726456398368	7.10417101571129	7.05785837891065
YOR352W	10.2305703011003	10.1681767917849	10.0745607647352	10.5155384167051	10.6908879652893	10.4378435093651
YOR353C	10.9945073404701	11.0649623990136	11.0898913924429	11.2999898740193	11.2679432328959	11.3817188778179
YOR354C	11.2713555824189	11.3155601168291	11.2964491227902	11.6779263480319	11.6015133781766	11.6716262804607
YOR355W	11.7933301505379	11.9735057963928	11.9633418405326	12.0665028494209	12.0977492461774	12.1020889041463
YOR356W	9.97258012219566	9.94612033636637	10.0042648308121	11.3902749258262	11.1304558246724	11.457354323537
YOR357C	11.0361169542485	10.8752405349005	10.8487345714195	10.9513444493902	10.8234477270248	10.7548240004545
YOR358W	10.4614087802893	10.4653029426715	10.531020609173	10.9183767632212	10.6845631450827	10.7605231641768
YOR359W	10.3789796835651	10.6110040276279	10.7587827785803	11.0044602209592	10.9658598955833	11.1422677432388
YOR360C	12.1324413407315	12.6229299821036	12.9165854869515	12.6933551757632	12.6031122804158	12.7695593235701
YOR361C	12.7587600778038	12.7946156311199	12.835523553526	13.1044760287287	13.1014246685746	13.1337253814432
YOR362C	12.7618126405354	12.7215628624847	12.7651947562694	12.7843525707867	12.812534616265	12.77285262164
YOR363C	11.1659190800519	11.2073990096154	11.2081236418133	11.2248620591224	11.0954675834568	11.2874959553338
YOR365C	9.88269572292258	9.66821909545134	9.66508737451521	9.57594470990185	9.59979559151299	9.53937604638809
YOR367W	11.0986193845604	11.0431613373507	11.0380633040396	11.3433569021912	11.2721673352479	11.3232336871896
YOR368W	10.2688424988992	10.2892640671241	10.1878253692498	10.2124551600892	10.3735016703174	10.3011456507173
YOR369C	14.7843851512103	14.8938081573868	14.8055375150979	15.4712696000575	15.2847635208321	15.4757482023377
YOR370C	12.3386722825554	12.3872079353795	12.3397630471056	12.4326290253585	12.4702324588657	12.48918110992
YOR371C	10.6187516680735	10.6935116609704	10.5579405735567	10.5417528720631	10.4564528032233	10.6192077139436
YOR372C	11.2077099828355	11.2862639702717	11.2777871301302	11.3243552892384	11.4888428010992	11.5174891501623
YOR373W	10.6151552550377	10.6301025967735	10.6884103092644	10.5478016330623	10.5136409507639	10.6171150822472
YOR374W	12.8316523181352	12.6870243696175	12.675615295759	13.9993767550262	13.7150183868657	13.7239843324107
YOR375C	15.1091242978385	15.1089147986026	15.1566117383182	15.1410162229398	15.0303003229112	15.3474787177278
YOR376W	6.79197678045531	6.96260380221507	6.95490735371501	6.78888043656943	6.7166817283254	6.70576338134174
YOR376W-A	7.54535463009222	7.48366082639552	7.48466558046331	7.0476951110196	7.32631687012091	7.30852341764853
YOR377W	11.9514176405167	11.9685128232535	12.0058008046153	11.0207044982196	11.2889411351028	11.1696538474845
YOR378W	9.49354799932051	9.60686721006934	9.57727200621036	9.33533206358545	9.29264636116481	9.41958192605622
YOR380W	10.5712840266489	10.5875840447938	10.5843673389677	10.1648957775725	10.2356773269672	10.2574757117792
YOR381W	10.8405525454083	10.756424776156	10.8608918501179	9.90432584723547	9.95550825230688	9.94350291240162
YOR381W-A	5.65014794869771	5.71392922942525	5.9924991740079	5.35099088240602	5.3835764308024	5.18278656067217
YOR382W	14.6973562986243	14.6035076506034	14.8112541549582	12.7380605922869	13.082307639828	12.495175135002
YOR383C	16.058142290953	15.9776938104381	16.2540551526388	13.6240686834569	14.0481095819835	13.4070909991305
YOR384W	11.9866351563718	11.9130682634782	11.985322571203	10.9237024860495	10.9628764100997	10.8576643197866
YOR385W	10.1619732497565	10.2163644136434	10.1864458307781	10.2232942885896	10.3485714158959	10.2221129616081
YOR386W	11.1037611801253	11.0318368431263	11.0280866434774	10.7359023398272	10.8250916136004	10.620252892471
YOR387C	16.1147498440918	16.0348079609659	16.7660342251017	10.9356139570833	11.2775802129022	10.6002638333325
YOR388C	8.37522883847551	8.19529262365271	8.65708462233155	7.00772465108488	7.52657062268673	7.26611657134505
YOR389W	10.7943917081038	10.7271600794467	10.9659290237254	10.1353591916989	10.3324793821551	10.0262687232274
YOR390W	9.76914072557876	9.71667966657556	9.91878128582582	9.85080660581355	10.0372128115504	9.7412080340506
YOR391C	8.83128739036603	8.38367424968722	8.70801400955769	9.58101075812769	9.62644303420336	9.29940577400633
YOR393W	10.3304557672001	10.2548137364071	10.28512648664	10.4552135588837	10.3416968014473	10.3673831837624
YOR394C-A	5.52320216549982	5.39677652051554	5.2664625863053	5.27822177686045	4.95532230271542	4.73411590021462
YOR394W	9.67380704440563	9.98125382995097	9.78114662581454	12.4481875532301	11.7508136423191	12.3142409048007
YPL001W	10.807844459717	10.772270838083	10.7325574717033	10.6959977382681	10.7543827052036	10.7737342974996
YPL002C	10.7832179881197	10.7794164499816	10.7485367657221	10.8598479862447	10.7413831374855	10.8299255464521
YPL003W	10.3543825601822	10.2068548230148	10.1864458307781	10.3699932494619	10.1490736014029	10.1957113892389
YPL004C	12.9845891933205	12.818224841144	12.7621886595517	13.7006160777821	13.5889875473076	13.4820147419356
YPL005W	10.4543813568316	10.4501582014063	10.4355419657634	10.4254864998178	10.4606892620782	10.4461191979543
YPL006W	11.7232335030902	11.6885689115028	11.7370823894615	11.451471176425	11.4679511594188	11.4596916958834
YPL007C	10.9523745473726	10.8918194949728	10.8992890329934	10.5128905772239	10.4837699557585	10.6160676268757
YPL008W	10.7251791651082	10.7992378847915	10.7202174505843	10.8430814339352	10.7876433342308	10.856777796463
YPL009C	12.4723856156226	12.4745448617458	12.3282388331087	12.3457827759108	12.3825290986156	12.2940810592986
YPL010W	12.0638549536655	11.9979084358669	11.9975657083065	11.7929725002829	11.6482264217489	11.8656608061015
YPL011C	10.970079662893	11.0288418783627	11.0326998311342	10.7479618559714	10.7203370438515	10.7201479201508
YPL012W	11.9485627463642	12.1140892199519	12.0093157920719	12.5079100122181	12.4503998310482	12.6169275584349
YPL013C	11.0765599578605	11.0962002805726	11.1016481363975	11.6588922023109	11.592372625765	11.6951264438397
YPL014W	10.4062892220053	10.4148015411699	10.4946991296005	10.7651226678989	10.8719672416663	10.7414377292485
YPL015C	11.3892175458806	11.3160515700967	11.3820894789279	11.6696297933912	11.5787955890766	11.5976769207897
YPL016W	10.771957041626	10.767966418951	10.6952161326474	11.2227032849495	11.2168912829221	11.2595964301829
YPL017C	10.9799004266789	10.8591434449379	10.8026601217803	10.8514890693663	10.9127366041541	10.7727946471091
YPL018W	10.5346292662741	10.3972573945157	10.4297238062877	9.91906873836637	9.80034154516675	9.73349999069832
YPL019C	11.5074176322096	11.5542159309843	11.4989363252552	10.9630307630488	11.0413407437341	11.1371657336544
YPL020C	11.156053045589	11.1024814578295	11.0441686685458	11.1743741205935	11.174320819249	11.189505530314
YPL021W	8.20354105730573	8.04652145382156	8.14527469966742	7.87566499928792	8.05114380841906	7.55710359986904
YPL022W	11.5532410364247	11.6524429933658	11.6121702797641	11.6367689615926	11.5981524670457	11.6604932753727
YPL023C	11.4332816079682	11.4789669923989	11.5297215498395	11.3611304557727	11.3043440816166	11.3187341152199
YPL024W	10.6079354170142	10.5769607193835	10.5321071090767	9.98551926246301	9.925168753955	10.0167745153474
YPL026C	12.6430072233761	12.9438977780287	13.0533985614047	13.3400335062755	13.1976742028896	13.368584108925
YPL027W	9.00359238070018	9.00051696913704	8.99655877831835	9.40174162387068	9.41343527846551	9.27039483638508
YPL028W	13.160506306215	13.1969829093383	13.3466488412867	13.2159762953476	13.1791561087623	13.2614655236212
YPL029W	10.603404598711	10.4723752302032	10.5590069922476	10.8563709886392	10.7993984256254	10.8199531219906
YPL030W	11.4878864610013	11.5716075201975	11.6636384110246	11.1004665719677	11.1476367837902	11.2035198926119
YPL031C	12.0919407581851	11.983440198678	12.0436216616233	11.7867755464138	11.7028924630051	11.7279783929735
YPL032C	11.423034024904	11.472368456246	11.4012424512915	11.0892538291634	10.9568908639827	11.2215373709061
YPL033C	10.4269502599775	10.3500422794389	10.2538556741461	9.31925140393589	9.63958432705995	9.39291309514323
YPL034W	10.1693495616934	10.057308049887	10.1655928330398	9.90567235529116	9.94949119855459	9.8610122385759
YPL036W	11.3907958793251	11.410662733053	11.3510289076061	13.1473581314621	13.0355079690484	13.2120649666315
YPL037C	13.5950041107794	13.6178389772179	13.5906340076693	14.1130746539413	13.9668650080106	14.0786194560827
YPL038W	10.3359286317111	10.2771988615281	10.4156637209829	10.4094412307462	10.2771041573324	10.3785448310379
YPL038W-A	6.24495003829203	6.10643665644289	5.79352105099066	6.31377725776356	6.30023533873706	5.87391293753876
YPL039W	10.8443974243887	10.8332832377641	10.7671120851145	10.7509610478535	10.76726617081	10.6655067604155
YPL040C	10.4989715151465	10.4474690152512	10.4574393877357	10.6217554229167	10.6244691925979	10.6604351980457
YPL041C	9.80273348415631	10.0021746775373	9.88685909948607	9.29478896942207	9.30212411230661	9.24078798030474
YPL042C	11.0401456106046	11.1528708104533	11.2094824857483	11.6257830368405	11.5586815121319	11.4943053042998
YPL043W	11.7381893782157	11.9153404178731	11.8650271834341	12.1228635859645	12.1534389229529	12.1944509714735
YPL045W	11.500611759561	11.5200711139271	11.4491918181902	11.4093825242724	11.4349591132926	11.3631104969176
YPL046C	8.80940615310754	8.77009929505835	8.77568373300582	8.73689818462739	8.65776376319946	8.55350437861766
YPL047W	9.83401507919002	9.87851086579127	9.98534899710802	9.84940785778189	9.59787322467045	9.77351519708702
YPL048W	13.6042169793609	13.6827265047543	13.7059555743427	14.3318380324149	14.3979282432649	14.3024909827839
YPL049C	12.4926160967954	12.4719010108678	12.5482396947827	11.85665631376	11.8461829768382	11.9030683290035
YPL050C	11.990110081735	11.9572150485638	12.0046272364164	12.1332442876134	12.2010576161169	12.16108794659
YPL051W	10.2699865570202	10.4000417488303	10.343230968618	10.1376528359364	10.1712168983511	10.22486416807
YPL052W	10.6241295310434	10.63483798896	10.6796125160624	10.4385675353224	10.4522038652208	10.4402128406895
YPL053C	11.9914977116623	11.9769284688436	11.9324065833808	11.8618674487702	11.8121905134005	11.7638867886964
YPL054W	10.7368097711558	10.6411277603743	10.6348002262966	12.1895929482352	12.2840763531224	12.1789302376847
YPL055C	11.2448376152367	11.2721497621364	11.265428090977	11.5973218145953	11.5571986806965	11.5286645588821
YPL056C	8.24609570012859	8.12957280184475	8.19010488140943	8.64629090094879	8.53844810603895	8.60091829945271
YPL057C	11.3268252918914	11.457299084473	11.3742353617422	12.9140963060481	12.8816966432869	12.8989906814105
YPL058C	11.5088718655633	11.4780889294428	11.4674798060678	10.4506088995647	10.3554134207059	10.4913771061841
YPL059W	10.9993436281527	10.9924087474417	11.0265456301184	11.0975242894995	10.9546398657822	11.0506557613793
YPL060C-A	9.78523490737343	10.392604826738	10.0213890644451	9.637215409781	8.73681463688208	10.3011456507173
YPL060W	10.0532079438065	10.0395603194897	10.0459396060336	9.9150628734799	9.93281367495299	9.99920445877072
YPL061W	13.543549693907	13.5308630591681	13.5529964215658	15.1464001080736	14.9178607316212	15.0419443334283
YPL062W	5.67996789555208	5.78811052763976	5.93866168937446	6.22772126177893	6.09031256956116	6.36254823158826
YPL063W	11.930590508567	11.8762185060742	11.8628700195549	12.1920776154065	12.1075754464075	12.0752838628396
YPL064C	11.6517519715804	11.6524429933658	11.6720407049459	11.8167821015928	11.7946794112531	11.7704918144328
YPL065W	10.3874378226826	10.3150641891309	10.297958516938	10.6437060932384	10.6552912018217	10.5735332127057
YPL066W	11.7303153243007	11.8421610214833	11.7770377688456	11.4747874158919	11.6048664776244	11.6255287458631
YPL067C	9.59016196381152	9.69113790362031	9.5560598434866	10.1226785314467	10.075011343891	10.1929039545325
YPL068C	8.7250917921748	8.99069345231293	8.89542875933933	8.93991640725537	8.86069580864937	8.79499538682646
YPL069C	9.78523490737343	9.7432396672022	9.88515925023981	9.97144350804152	9.84153878180808	9.81061954792841
YPL070W	11.4829620705208	11.5567133170836	11.4793565252157	11.1821719796757	11.3335107201814	11.2338804826784
YPL071C	10.4723831639926	10.4483659678107	10.375066027106	10.6011285224318	10.6460205497937	10.5842849749117
YPL072W	10.083457252802	9.98249290479297	10.1215169352743	10.0514774169449	10.1789517160178	10.1238320878375
YPL074W	11.8079740352575	11.7407501968704	11.8047220208409	11.223783075845	11.2162650502751	11.1710809200578
YPL075W	12.3723485877636	12.3280136039021	12.3603997863778	12.1997804378579	12.2477675939364	12.2052866284083
YPL076W	10.1912548198478	10.1649063115427	10.191956085408	10.2835686304045	10.4264439988266	10.2695174191836
YPL077C	9.75122715977433	9.8637934726143	9.83320913525455	9.50130455052112	9.46074610167472	9.35573267090603
YPL078C	12.8285500679715	12.75311781931	12.7414384905196	14.1186724718754	14.0344089978325	14.1665573972064
YPL079W	14.1361858720111	14.216843816379	14.1614699855989	14.4977981930138	14.3784690647684	14.4990878213478
YPL080C	5.61960405563751	5.78811052763976	5.62992616824847	6.1547186830538	6.39418056898239	6.06584611162672
YPL081W	12.2279516239793	12.3564817167836	12.2096698342272	12.5202667080712	12.4890186644412	12.6299578206339
YPL082C	11.8232502402286	11.9114431022864	11.8585459909921	12.0446721087725	11.9095331475265	12.0014026870022
YPL083C	10.1888372665913	10.1962145512889	10.1515214329547	9.6740307063694	9.89574274530953	9.70422221582202
YPL084W	11.8487393829619	11.793582183364	11.7171596365829	11.5948201836884	11.6015133781766	11.5364361527264
YPL085W	11.38816436343	11.434848305259	11.516059257832	11.777246062874	11.5695092868047	11.9060708645819
YPL086C	11.0824321241882	11.2195333965914	11.2067635167263	11.4624904812464	11.6238789618126	11.6260491178883
YPL087W	11.7708797816576	11.7234418093179	11.7417856238818	11.853869325822	11.9230278272713	11.8577070487022
YPL088W	10.8687649146189	10.8187906475238	10.8643466224041	11.4150657994049	11.2895366071615	11.4140182729759
YPL089C	11.044163047583	11.1384937820111	11.1284741445132	11.2275559919032	11.3346652090047	11.3277192684888
YPL090C	14.8050502137477	14.9113956272734	14.8630051634946	15.0662019494924	15.0114743423266	15.1316648907644
YPL091W	12.1264540514684	12.1533950297978	12.1567682880572	11.7776137478048	11.7499485387581	11.6359006893956
YPL092W	12.2143488489886	12.2599145552038	12.2488542384341	11.4892271150676	11.5251963334359	11.4788318698243
YPL093W	12.4756118699369	12.739992652892	12.7716482297184	13.0977188635929	13.0019298025263	13.1905904215213
YPL094C	12.5826021734576	12.5869344408519	12.6768437489353	12.9083994343128	12.732901122344	12.8899197954509
YPL095C	13.3606151145739	13.3430212456813	13.1909620784095	12.6051647413191	12.2864647526476	12.3442783853386
YPL096C-A	9.1350373687519	9.06746785352975	9.12314813103613	9.28654169185559	9.12919852729268	9.05530932393292
YPL096W	11.1603777405353	11.0561638020797	11.0638345160917	10.8591532568523	10.934982662509	10.8089949063038
YPL097W	10.3227587020641	10.3500422794389	10.3978936672551	10.6348035107153	10.6926899748694	10.5832133978244
YPL098C	10.3905968816176	10.3747869264887	10.4250523224887	10.7628958447826	10.6092847499157	10.5896309521533
YPL099C	9.81218941663894	9.82839795190152	9.74035785794537	9.83534524889024	9.77844464093282	9.91652691232339
YPL100W	11.2506439998739	11.203154313886	11.2370603840952	11.1760486424454	11.2404889022265	11.1732188854463
YPL101W	11.080477390109	10.9979327223916	11.1125837389127	10.8591532568523	10.8349157863068	10.953658450564
YPL103C	10.7210025462193	10.6434793719665	10.594803957698	10.0827637027127	9.88001079187504	9.95514807665181
YPL104W	10.4573973029736	10.4221251843251	10.4121271806329	10.7298345632136	10.6663379064277	10.6076604890394
YPL105C	12.6376997467522	12.6911977589288	12.7033673123097	12.7335192176876	12.7260989041664	12.7629500878677
YPL106C	13.9674345945663	14.0740092362536	14.120706461505	14.2780191983571	14.2554001730354	14.3159378646017
YPL107W	9.89015579673176	9.88912086768661	9.82436588139405	10.4897367216523	10.4361579386592	10.4660218141372
YPL108W	9.145052743988	9.16458582797899	9.23417677957668	8.96855982361601	8.92960131121292	9.02087962779706
YPL109C	9.73971065339717	9.73149557586041	9.73659193430837	9.98169402439436	10.0172165024355	10.0865028891559
YPL110C	11.2337406818974	11.2147973062614	11.1653517822207	11.4197848186517	11.2715646487852	11.3939924394588
YPL111W	9.74465756549376	9.81871806232231	9.93365918978875	9.45606374232941	9.58240131885269	9.55476794671441
YPL112C	11.4173666712222	11.2573844249174	11.299642448567	11.0815314269739	11.0679639887508	11.0342824320224
YPL113C	10.3800396672926	10.2163644136434	10.2695758233231	10.4951130014809	10.4889644589456	10.494800369836
YPL115C	11.1114396732335	11.104758758544	11.1868962244601	10.8736727713667	10.9628764100997	10.9586250636207
YPL116W	11.1108013575213	11.224777547208	11.2209812716534	11.2134922830503	11.1941738643235	11.2609372856696
YPL117C	12.0938799786881	12.1665350727415	12.2643001560962	12.5261867960309	12.5499292731383	12.5995454081872
YPL118W	11.3421343899477	11.3794965513829	11.4048054959839	11.8034827240812	11.7602956993215	11.7424491802741
YPL119C	10.2971751957397	10.3160473442449	10.2825463243518	11.1976423739537	11.1351016334655	11.084370764866
YPL119C-A	7.87616786727661	7.71089681938753	7.77748156884271	8.45700902967787	8.51824227719109	8.38641012991385
YPL120W	10.3315520026122	10.2142565830317	10.1697876216369	9.9969344758662	10.05273198512	9.90627938726495
YPL121C	4.97970343435334	5.29358771106086	5.11485276135637	4.92728381411808	5.11739795750472	4.88427127045992
YPL122C	10.4940845791292	10.541254005059	10.5386089784921	10.3493625209418	10.5064871439469	10.3218522950964
YPL123C	10.6472046665588	10.3991142277893	10.4285573529282	11.1959927448896	11.4462185443581	11.1646479468399
YPL124W	9.26010374015575	9.20973794560669	9.17695435458704	9.39216531011743	9.36225558887232	9.39046401261592
YPL125W	11.2770564183178	11.2837536825228	11.1875858777531	11.1427542156081	11.1903526023858	11.1632144931598
YPL126W	11.5994748028907	11.6870499270521	11.7590554741999	11.7520210494207	11.7033394210544	11.9043558952276
YPL127C	11.5035324945744	11.4666252093279	11.515510065706	11.5503244689035	11.4846886062204	11.6559139854003
YPL128C	10.3402920210824	10.4294118309725	10.4401796552837	10.6881955860166	10.6543668131486	10.6975492387731
YPL129W	12.1229763349253	12.0540780558903	12.0867746976659	11.874641671208	11.8884619692082	11.9495434659014
YPL130W	7.96951562756935	8.16936432529843	8.05118498395464	9.60607739204437	9.89574274530953	9.56999726717086
YPL131W	15.4865863419355	15.6503158739752	15.6302474384859	15.7082798325326	15.7094339299445	15.7779245555239
YPL132W	9.96412240355164	10.0131287697439	9.94838517485998	10.310247393063	10.3079996214938	10.228981163117
YPL133C	10.8405525454083	10.8752405349005	10.9235031000283	11.1670953140321	11.1922644986045	11.0752536313372
YPL134C	9.95276773232424	10.0466856405179	10.0520124942894	12.3172347562405	12.1276954820145	12.3571864718195
YPL135W	12.6234502691882	12.713005448276	12.7327234094005	12.1526507907309	12.1713190890207	12.0703214935944
YPL137C	11.7377760240294	11.7697419823455	11.813237592903	12.2223750936931	12.0532098941906	12.1746681693176
YPL138C	11.0089678321722	10.9682240334977	10.9160317928068	10.6291094895531	10.7096977188603	10.6675304033068
YPL139C	10.7959809118686	10.8812309339758	10.8461160566962	10.8764219003328	10.8806881413484	10.7868255366414
YPL140C	10.8374692466429	10.794308001312	10.6815722235001	10.628294220057	10.641362784939	10.5528814103722
YPL141C	11.1247794703014	11.1318095936188	11.1498646013565	10.9230378449563	10.7543827052036	10.8452031391073
YPL143W	13.9720107283559	14.0090836183628	13.9213077446467	14.6295116748828	14.3886483779771	14.6124712017676
YPL144W	9.38788494753689	9.42010622295608	9.37893364379419	9.24031835423253	8.97476115037546	9.24350478418044
YPL145C	12.714071595675	12.7210063148373	12.7165679081514	12.2320662186412	12.2732793518099	12.2709761361762
YPL146C	11.6670293087166	11.7055481814065	11.7724482489131	11.790788378367	11.830719500013	11.8204532121907
YPL147W	9.41089168844292	9.26782128309062	9.1797313711542	10.4046878651738	10.3232026812764	10.3167034354432
YPL148C	9.25317594030147	9.16021092291419	9.23417677957668	9.52252601179359	9.53697183501085	9.50582946066074
YPL149W	10.7491679455341	10.7040644128757	10.6952161326474	10.8317944800867	10.7817296706179	10.8558907279891
YPL150W	11.4775257553218	11.4407192025324	11.3838959110992	11.4878795163813	11.5079018623987	11.4649369782852
YPL151C	10.9488072980467	10.9744640002759	11.0087046375588	10.9487345838647	10.9843681702698	10.9064597205224
YPL152W	10.5563586806922	10.4802903248254	10.4790093545658	10.3061749497693	10.4101072968719	10.2082776574075
YPL153C	10.0141403436663	10.1295518152434	10.2786674062171	10.7336299135547	10.5891094706295	10.6906005125064
YPL154C	14.5534602898605	14.4718159231491	14.488382330065	14.6044969151109	14.6970432792285	14.4993008542243
YPL155C	11.1241470312318	11.0707984575635	11.1667514979897	10.6913215126971	10.6244691925979	10.7942532471131
YPL156C	11.2957109215744	11.3790262467766	11.4018369035282	10.8374489960823	10.8543656650128	10.8761565550781
YPL157W	10.2457686815076	10.3091511439195	10.3931177789433	10.2742174914929	10.2926346096382	10.3384602757739
YPL158C	11.2354985141661	11.2751858819088	11.2816680891264	10.7374153043416	10.6818439954403	10.7054498683089
YPL159C	12.1336986626533	12.295487721899	12.5090505776444	12.2334070741918	12.2320552956444	12.2888324627543
YPL160W	13.5489787839695	13.5912877664115	13.4875793315236	13.2702869326188	13.2441846935669	13.2764590335562
YPL161C	11.2489045370356	11.2922708985961	11.2297130302604	10.9467740814143	11.0540130206403	10.9840169852477
YPL162C	10.2813775042652	10.3851293620795	10.2205445270699	10.0032374363593	10.0157775295055	10.0865028891559
YPL163C	11.2810336413918	11.2132151479224	11.4370630905568	10.5742882498271	10.4264439988266	10.8099112771085
YPL164C	10.3005380213251	10.2068548230148	10.1529347667661	10.6661223497806	10.5318751768085	10.5385789225503
YPL165C	10.375795050667	10.3981861099407	10.2512189109586	10.4357744255924	10.5399058741353	10.3422658817495
YPL166W	9.63170108503044	9.45087419267237	9.46111458335208	9.64691038896782	9.63396700339678	9.40266802950911
YPL167C	10.8777976396548	10.6851657137341	10.6448795115033	11.3433569021912	11.3524426403742	11.2769310884584
YPL168W	10.7109290442389	10.6675574843828	10.6942458358801	10.2969696932678	10.4490089279383	10.2262378058795
YPL169C	11.8917323950396	11.9691378907346	12.0065826533805	11.9335733683295	12.0155536612845	11.9107765453774
YPL170W	11.1216144986651	11.1561683367975	11.1533990433305	11.8271209031951	11.8482053609624	12.0026054501174
YPL171C	7.83333620607325	7.93802148664244	7.88377273723132	9.94287303676895	10.0243899097563	9.89250175817896
YPL172C	10.6837173029489	10.6706352659048	10.7587827785803	10.8332101883804	10.8846348247524	10.7298640749053
YPL173W	10.9133733517104	10.9675985497144	10.9874753741117	11.3433569021912	11.332355306713	11.2966771685772
YPL174C	10.9243132086134	10.9694741880422	10.9185265304992	10.8975518514593	10.978471318355	10.9319366462636
YPL175W	10.7991540766785	10.8455906151573	10.7963438706664	10.7130153612823	10.7034550136882	10.7652553274874
YPL176C	11.6229432743242	11.5583758425571	11.5198977598758	11.1943412273029	11.23555295871	11.1667954602098
YPL177C	12.5917800026056	12.5441566798761	12.5101536624359	12.5446670528575	12.5901200440989	12.5059585637913
YPL178W	11.4245758105971	11.4078990182437	11.4566492956403	11.2020321847782	11.1384109319763	11.2440863442711
YPL179W	12.3249785243971	12.3946719964861	12.4270344817588	12.5463942442042	12.7431533735198	12.6924067479165
YPL180W	11.2255090240808	11.3346038086989	11.1848252841915	11.1760486424454	11.2936980434987	11.1509722829526
YPL181W	12.2214619487768	12.1624416510445	12.1839800206613	12.2387580688006	12.4041352480812	12.2403756758061
YPL183C	11.3918471431001	11.515799103678	11.4306690168019	11.4551536380788	11.4991762524123	11.6369337941979
YPL183W-A	10.0290839329519	9.91790218650936	10.0244808341293	10.8894091899561	10.8414282608007	10.8053235907411
YPL184C	11.0226062600182	10.9781950653845	11.0653362271628	10.9623840011092	11.1049712839055	11.209782210176
YPL186C	10.4463078680668	10.2195203951022	10.3357835514437	12.6275699226834	12.629221445138	12.4617497262241
YPL187W	15.2016872807056	15.1676167352078	15.1639893509045	14.5780912150244	14.601187358558	14.600870528444
YPL188W	11.8138686572794	11.8778838130879	11.8274669582697	10.4807314844657	10.545899691995	10.4566900754728
YPL189C-A	7.91188901568524	7.72879328604664	7.91083463830714	9.17256185844785	8.89868859777043	9.08287974339468
YPL189W	7.99193340965157	8.19100360245445	8.3906183197241	7.7728313896433	7.73061712477976	7.76877023945792
YPL190C	11.7917380876048	11.8132104475202	11.773826638611	11.9619986311701	11.9916009023088	11.9349176857167
YPL191C	10.7848195426135	10.764369565443	10.7400991935355	10.0526933693109	10.0901311738829	10.0804395262962
YPL192C	7.68972724489228	7.78117849898173	7.70970297564133	8.00726014663066	8.10095929324253	7.93977267790868
YPL193W	10.4624099089099	10.4864166220457	10.3457049204296	10.6315525370412	10.6727429655643	10.5561619422352
YPL194W	9.59747266149971	9.70771649692403	9.5667049335565	9.54516882662127	9.59015802437514	9.63970240770877
YPL195W	11.8673760496441	11.8325752373489	11.8314438091311	11.7743012049613	11.8396922298349	11.8158991634416
YPL196W	11.3871104115465	11.2897710507825	11.2019929548749	11.291260813932	11.4317259259684	11.2056103537627
YPL198W	12.5094222349303	12.6041393188009	12.4167775968829	12.4309937843495	12.5213171402014	12.5339567693105
YPL199C	11.619806206453	11.6767547346612	11.6039276017785	11.2457425219788	11.2200183749429	11.2488244826209
YPL200W	5.13054927052971	5.2570456550259	5.31278787805311	6.81236182659494	6.75920685350194	6.88577017538733
YPL201C	6.44123887173186	6.3318164600329	6.61553551972646	8.59039814679748	8.63167288467667	8.48622369966409
YPL202C	11.1999283372291	11.2992475143609	11.3211715991014	10.620935985254	10.599712658524	10.5821410241035
YPL203W	11.2213755139284	11.2042166592841	11.0735678106276	11.4542339035264	11.5007199058633	11.3302762096907
YPL204W	12.9367710853079	13.0457827095335	13.0547221332419	13.3752010410976	13.3629499245339	13.3985884549447
YPL206C	12.6772534771005	12.6518333644231	12.6966003238248	12.7437172808394	12.6999091675064	12.7260479409945
YPL207W	12.287907469961	12.2726297649679	12.3554983731489	11.9489990627514	11.971703002798	12.0303889677025
YPL208W	10.8897539593843	10.8765738861193	10.9554389446413	10.782081727058	10.7985619455977	10.8416229406555
YPL209C	8.91270362375687	8.79571882038612	8.89542875933933	8.76982802426806	8.84456487328967	8.64682008047602
YPL210C	12.3422114708808	12.2741480865684	12.2808756298799	12.1254657723435	12.2924185094307	12.1298733822085
YPL211W	10.6339371733893	10.7219771560705	10.7541345198089	10.9597940497521	10.9843681702698	11.1150932643552
YPL212C	12.6414612253013	12.7523917676204	12.7315416474666	12.1071511240034	12.1233598904144	12.2087647118938
YPL213W	10.8343793435169	10.740402711379	10.771718780284	10.3816510913663	10.4231914270329	10.3333704651195
YPL214C	13.2102186707417	13.1570808882363	13.046572373239	11.7867755464138	11.795098821929	11.8492635691083
YPL215W	11.1902929430351	11.1946272691334	11.2236736000968	11.6249659269078	11.6332920606228	11.6502972633573
YPL216W	10.8180478672713	10.7999407805324	10.8107405891453	10.4160697360085	10.5706092669605	10.4752935700629
YPL217C	11.7797412812132	11.8431843022082	11.7719884928612	12.3187514507864	12.2897423590546	12.366870139929
YPL218W	12.8966011858522	12.9076742504277	12.9656579535646	13.1586942347136	12.9784868154195	13.2134506755652
YPL219W	10.0664378420028	10.2331170753493	10.1358826623523	10.4780189138396	10.2997464974868	10.3141220967704
YPL220W	13.6453476911556	13.7583543577146	13.6961749815817	14.2232623112193	14.1270221393058	14.3227750998812
YPL221W	12.8388008242728	12.9824883385037	13.046572373239	13.26347761435	13.1339502492354	13.3240587815283
YPL222W	11.3733385033454	11.2660582856677	11.3430033764898	11.6640721307138	11.591407063543	11.6182237598325
YPL223C	9.5754284166726	9.28198362541445	9.46567208515783	14.6948208876197	14.2001796214332	14.6175827285041
YPL224C	11.3749342958835	11.4728092988743	11.5133112041123	11.3463344094332	11.3773048168	11.3232336871896
YPL225W	12.7394822040423	12.6653959725864	12.6518238502894	12.8882813413205	12.9529661220804	12.915899581849
YPL226W	13.101970960946	13.2426774374438	13.2289767670803	13.4472305262779	13.4633399058748	13.54830556079
YPL227C	10.375795050667	10.3672183018341	10.3195143434615	10.2091874738163	10.2245092780141	10.2493916909638
YPL228W	11.1677614731912	11.1572658393568	11.1576289747194	10.9956369412128	11.022837551665	11.0545269343121
YPL229W	10.5601045202118	10.7772764805247	10.9643201221612	10.7404364811441	10.7960495912894	10.8787790574379
YPL230W	10.5346292662741	10.4285030106199	10.2928393957728	11.9315922053558	11.8274428030857	11.8076654723561
YPL231W	14.0405587897685	14.1266447478091	14.0139407417044	14.8409996571574	14.9172347478503	14.9180787979191
YPL232W	12.1418446534944	12.1429069463302	12.2342428024285	12.1868271787447	12.020583823147	12.1364627833225
YPL233W	10.2538865715244	10.2619740309051	10.291556771659	9.89892720762373	9.9236348946275	9.85569648190405
YPL234C	12.8807764333763	12.915802888511	12.874590993324	12.3437977325556	12.3716034561916	12.3369863747903
YPL235W	11.5190106589057	11.6025547575832	11.6028939477425	11.7362176427602	11.7934204471389	11.7211753614461
YPL236C	10.8328319064645	10.8550909488311	10.7872724080871	10.6331789397224	10.713252886604	10.6296255764069
YPL237W	13.0108277180851	13.0754025238439	13.0477123165859	13.2440525066213	13.1991010641419	13.2356133966608
YPL239W	11.1190775123174	11.1019115704907	11.1263175503579	11.2663250663256	11.1436900698367	11.2249766199727
YPL240C	13.7395049553706	13.5836548144238	13.4930292606999	14.2269691669287	14.4187623471158	14.1093692608221
YPL241C	10.2211372222052	10.2660497248669	10.191956085408	9.70065034502507	9.71601213899772	9.72380663210582
YPL242C	11.6945533736125	11.6536100330855	11.6754862993712	11.6877413885885	11.6417116536891	11.6665764715942
YPL243W	12.6169468460303	12.6239226628689	12.5626654437598	12.4900719494238	12.5956680850836	12.5499501884044
YPL244C	11.4685855398394	11.4907688297263	11.5378572476179	11.3893128701556	11.3190011104483	11.3656055265087
YPL245W	10.6419123037067	10.6737064945521	10.5611374673395	10.8591532568523	11.02784257314	10.9403299387688
YPL246C	11.198727426572	11.288269060146	11.3091802319041	11.3040794620606	11.3013947208573	11.2242894257938
YPL247C	10.8573938857515	10.7491640725811	10.7048833719982	11.3238518512732	11.2805786144125	11.2256634869588
YPL248C	10.5832981768129	10.5736762012907	10.6236310572241	10.6184748755714	10.6329407194641	10.6766018283974
YPL249C	10.8732883470626	10.8353417730272	10.7010242471501	10.7995681054577	10.8655914899643	10.7395152238166
YPL249C-A	14.2771866291506	14.3738436504635	14.2842226390921	14.8825278806832	14.7739516432748	14.8357822752695
YPL250C	15.2281194308861	15.1681952600343	15.1064848706357	11.6791076847787	11.933352438708	11.7496305034829
YPL252C	11.7996808907885	11.8591216592609	11.7979635139694	11.2210820816748	11.2901318335271	11.2809019859559
YPL253C	10.1730236192487	10.2548137364071	10.28512648664	9.65654061762839	9.82026314852849	9.67433764765621
YPL254W	11.136743430886	11.0967724281465	11.0847175335466	10.6110662516503	10.7517921465876	10.6614509379707
YPL255W	9.80115144960947	9.7476191592115	9.89025279893354	10.0070060328615	9.96448702298824	10.0357008395639
YPL256C	10.8912415555543	10.841499811924	10.7963438706664	9.99313943499722	10.0541345734514	10.2814594274096
YPL257W	8.81255247089707	8.77009929505835	8.87843141804288	8.56332531869787	8.69423484699884	8.60091829945271
YPL257W-B	10.2836449383441	10.2216205528301	9.94185884918048	3.71400165851154	8.82825123381335	9.01453032454468
YPL258C	12.217316903848	12.151744077297	11.7581272354338	10.7539540169838	10.7141403111765	10.7269560938678
YPL259C	11.181200935557	11.2273924909973	11.1709425150667	11.1743741205935	11.2404889022265	11.1880965769537
YPL260W	11.3897438489195	11.3370272268442	11.3596221464695	11.9619986311701	11.9739274817163	11.9328161315203
YPL261C	6.56823638343864	6.55272971585908	6.37943767840969	6.91342704961985	7.03701902976744	6.92738651100168
YPL262W	13.1337364494632	13.1272883446153	13.1554478458231	13.5046613894178	13.394430056917	13.4812959460739
YPL263C	11.2923370866479	11.2336490844986	11.1841343095849	10.8805357953312	10.9471110689247	10.9775068972544
YPL264C	11.2742088163943	11.3126078761589	11.3230558944217	9.31520305218641	9.38918460224671	9.26772829369902
YPL265W	15.209496495375	15.1890368296623	15.161885308518	14.2324110705494	14.2714644735027	14.2402091355635
YPL266W	11.1235143147769	11.2731625122049	11.1958361029257	11.2398836962955	11.2306000686753	11.1789046842957
YPL267W	10.0209520848206	9.92565296404867	10.0291060967079	9.98169402439436	9.88789822046746	9.95349022767775
YPL268W	11.2759180519714	11.3447549204144	11.3085463377594	11.2647521777168	11.3259839381805	11.3835665821224
YPL269W	10.6427957136875	10.6544031525969	10.5958434784774	10.6315525370412	10.5891094706295	10.6776062521029
YPL270W	12.069450327848	12.1295489155748	12.094517314702	12.0758014061524	12.0065273731271	12.0394022805575
YPL271W	10.8258478240279	10.7040644128757	10.7259259650102	13.0392747442273	12.7258789428973	13.0086101170408
YPL272C	15.2250629745808	15.4560385968482	15.2981179953704	14.8853880151624	14.8399716101856	15.0993319192144
YPL273W	13.0431360016651	13.0323873616425	12.9586046814251	12.1619753925938	11.9507741072414	12.1856528666695
YPL274W	14.7615910600446	14.7524568331936	14.6975961576027	13.0109395183466	13.06571754493	12.9222691192066
YPL275W	8.25074714439683	8.03698985884847	8.06930282405575	7.25791480966664	6.97851570595225	7.16580548530639
YPL276W	7.24177633746022	7.23016952826747	7.28125574058143	6.81236182659494	6.49904415602424	6.75297743686806
YPL277C	10.2825116668595	10.295259033593	10.3895254566586	9.62582159212278	9.76480247114718	9.50129702309464
YPL278C	7.73700171153286	7.72879328604664	8.19010488140943	7.3799584824223	7.75159196814406	7.67495097247679
YPL279C	9.79162262083596	9.78502773738356	9.71378748934911	9.91773468602222	9.87842811630124	10.0372668791797
YPL280W	9.145052743988	9.12472518438848	8.86123111080296	9.64207104759381	9.45012916031815	9.80695178038958
YPR001W	10.1668949802144	10.1801055027708	10.068582277175	10.0635910533743	10.0819036495834	10.1559011411612
YPR002W	10.9366122399756	10.8250195947196	10.9350487622465	11.5952374235376	11.3329331291204	11.5191709903173
YPR003C	10.859675273475	10.8222544938011	10.8530882277342	10.526956552378	10.5429058962825	10.4890904086483
YPR004C	12.4269566000408	12.4108662331362	12.3936536115714	12.6612360607832	12.6355584779113	12.6826848446779
YPR005C	10.1295659889863	10.025203193232	10.0337165734782	10.3414249204322	10.3126945763876	10.2138277146071
YPR006C	9.93844751106933	9.82425738139993	9.85247549045834	10.0355760325216	10.0653064446729	10.0056183635515
YPR007C	9.58649266746696	9.54781986541028	9.6906165991803	9.94549386730434	10.0471079517309	10.0309924920219
YPR008W	12.3460132195631	12.4778428764351	12.5104293018986	12.698801312358	12.7302718088969	12.697862134149
YPR009W	10.690568513627	10.9205435492655	11.1765116649141	10.745708362785	10.5054622691387	10.6379060311974
YPR010C	12.6216591476189	12.7489380233499	12.5944754499418	12.863555546347	12.8365702883077	12.9848697567123
YPR010C-A	10.3789796835651	10.1561486010296	10.068582277175	12.7932898950523	12.4337964729976	12.8065268027321
YPR011C	10.4218126789453	10.4028207387716	10.3738545062627	10.5785151035047	10.4858500023184	10.5297063808952
YPR013C	11.4962195396433	11.5123723636832	11.6142236115869	11.6963237302194	11.8208669973438	11.5987377540033
YPR014C	8.33199777468585	8.27444237278789	8.18457701199982	7.45587374145848	7.64350204546067	7.36985468125427
YPR015C	10.8979168195676	10.9224813359341	10.8942280764157	10.8549778396163	10.6617453891654	10.8848797523881
YPR016C	12.5262742082468	12.5885624984824	12.6327066903309	12.7852670833765	12.7370544264778	12.8213706881893
YPR017C	9.68585986117275	9.7935243951835	9.72523479129374	9.52428044764421	9.49420426621835	9.47379903416287
YPR018W	11.4142659775665	11.4161743294478	11.4318336855847	11.6056293925883	11.5860848885527	11.5660261574049
YPR019W	11.7286521382651	11.7946404950551	11.7861732376566	12.0787882007804	11.9601548998779	12.0358820353768
YPR020W	10.0886538447911	9.91530930943121	9.89870227169268	11.6720051102258	11.4711042581237	11.7563009721504
YPR021C	10.7425900969686	10.7527989925429	10.6256682583689	11.5066322991629	11.45580003216	11.457354323537
YPR022C	11.2861311547377	11.2414318600315	11.3417647069868	11.3056100736065	11.2441798082832	11.3018974601553
YPR023C	11.6855797972101	11.6609794413533	11.6916198828958	11.5330060679622	11.5292356661468	11.5022637001005
YPR024W	12.0818797143124	12.0395699487443	12.0700421127719	12.297883991239	12.160943060023	12.2410552365926
YPR025C	11.0514994159572	10.9134159777618	10.9586747935311	10.5657972025885	10.5358961141525	10.627548014336
YPR026W	10.8535835367277	10.8442283026479	10.8187760453744	11.7661717123139	11.6821812474419	11.7040260918546
YPR027C	9.39419601446366	9.31973727782943	9.41708423486748	10.3826183385067	10.2926346096382	10.2695174191836
YPR028W	13.0237701709626	12.971923849334	13.0195210817603	12.6200034391633	12.5944638028559	12.6405555082922
YPR029C	12.0148854752503	12.0446199190313	12.034067285629	11.9076035772387	11.9694750886043	11.935757450959
YPR030W	10.0912451362652	10.0264050943428	9.98851891523489	13.2784938578946	13.044178814781	13.175916710316
YPR031W	10.2163974464899	10.0323996214466	10.1084642924285	10.2178849062351	10.1595363363896	10.1716721819377
YPR032W	10.7792063053646	10.8153184638046	10.820555640023	10.5708978263972	10.6700014219183	10.6675304033068
YPR033C	13.0463106992412	13.0852382850833	13.0425754633038	12.7795877378867	12.7435880275754	12.8816633679448
YPR034W	12.0107856773292	12.0528991742701	12.0767584530824	11.7415047035462	11.7516782274217	11.7615205030533
YPR035W	14.9429087799558	15.0903613721074	15.1415199250666	15.4483295684214	15.3284816661047	15.4410514529641
YPR036W	14.4308399766031	14.4286122126492	14.4325333272773	13.9605560277041	13.8962959870887	13.9328232629969
YPR036W-A	16.2912262212086	16.1930686506712	16.1367619188133	15.5778451751648	15.3879744090106	15.4946062833028
YPR037C	10.4979954515712	10.5538104702641	10.6030992237181	11.9199808804299	11.8258016595132	11.9056423133314
YPR038W	8.54760343797322	8.80975739346551	8.76462397731146	9.63396920996128	9.58822275653447	9.54599270544844
YPR040W	10.8875196848406	10.9192502438528	10.9691414536087	11.1782783189571	11.1502619405142	11.0881526299996
YPR041W	12.5320070079316	12.6067526567286	12.647569584534	13.0599779072835	13.0395844484212	13.0624666169944
YPR042C	10.565705103837	10.5098058608122	10.4980391355119	10.3153218309645	10.2866811316971	10.3205668022575
YPR043W	13.5735074781233	13.7113083691443	13.6336547225452	14.4991365354061	14.3663135580143	14.5235921715656
YPR045C	10.8800470110802	10.7787034795045	10.7039195582494	10.5725940342232	10.6178456579485	10.5495934007881
YPR046W	9.71303662345958	9.46335494154764	9.45195612894764	9.08252970635013	9.01278638879658	9.11290730878137
YPR047W	9.97538837534669	9.89044164617357	9.90374829458578	10.0269405722643	10.0143371194196	9.81610376729031
YPR048W	10.8062682791996	10.7729869941941	10.722122799874	10.294916078032	10.365615957339	10.3611447434539
YPR049C	10.9693756147764	10.8298458042568	10.912698750455	11.1888224736534	11.1678578855288	11.2454416867925
YPR051W	10.5768414555776	10.5446130975224	10.5288451511494	10.7636385011678	10.5706092669605	10.6695512112768
YPR052C	11.930590508567	11.8841945060234	11.9245679978691	12.3428041856963	12.1236938604407	12.3417462121288
YPR053C	10.567567143248	10.5965123056506	10.551525451767	10.7260292007658	10.4680732566367	10.6755967048214
YPR054W	10.9637308255194	10.8577938774521	10.8660709108009	10.5785151035047	10.4425977447736	10.5429948115297
YPR055W	10.6638368546408	10.6356257118532	10.6558859826809	10.5555415263584	10.554843977684	10.5550692603723
YPR056W	10.6160551992597	10.6005524094806	10.6628466264631	10.3980067270935	10.578427765042	10.4283270728149
YPR057W	11.7648064900564	11.6771373511325	11.7361398997955	11.2840323038552	11.2137573976797	11.2888111401084
YPR058W	11.8375950341102	11.8135585365963	11.7655364761259	11.1179953482392	10.9265848361041	11.1349736222653
YPR060C	10.2032821747442	10.2902649601419	10.3714284075302	10.0946184597959	10.1595363363896	10.1486750788109
YPR061C	8.49763312806048	8.56021728853782	8.88525444118503	9.71300920104419	9.35316629059233	9.73735916262738
YPR062W	11.2494845910572	11.2553359148461	11.3473303634109	11.3969914111317	11.0920581741039	11.4891659113509
YPR063C	11.9474907028451	11.9276129136806	12.0557596501117	11.925964090278	11.824158646876	11.890129066131
YPR064W	8.20833205745039	8.18238696024422	8.09310971301981	7.01782371452122	7.2195824199561	6.55370706205689
YPR065W	10.334835718797	10.2792167507242	10.4459558769477	10.2059123676422	10.2795043689417	10.6233838919333
YPR066W	9.55867119845503	9.47220407191755	9.51487618018209	9.23175249736992	9.40905629925653	9.30721755222035
YPR067W	10.1483512470763	10.0783210051438	10.0908749596592	10.0981559690985	10.0042137659092	10.0246906891902
YPR068C	10.0168689020066	9.91660633068958	10.0595678210155	9.99567057150072	10.0186540410758	10.0651686510429
YPR069C	11.7423164191457	11.6927378908155	11.6754862993712	11.7490241934484	11.6821812474419	11.6811724903797
YPR070W	10.6699164824422	10.7950133027249	10.7744757524204	10.4634650837949	10.5774527671685	10.5583448259578
YPR071W	9.88717639644756	9.87717911014128	9.9003862418419	9.68661883097994	9.95099781714385	9.8342353175631
YPR072W	11.7521734122469	11.7697419823455	11.7706083449397	11.6692335267422	11.8425355256446	11.7662491994395
YPR073C	10.7126128539583	10.6285206719067	10.7353902400079	10.5555415263584	10.4479423743218	10.5407885568544
YPR074C	14.809777329528	14.8338136106094	14.8801710243936	14.1823316890417	14.1852980510601	14.243180175796
YPR075C	12.4874620812502	12.3972288744544	12.3822523785432	12.5346953728787	12.4354116266478	12.4406065347594
YPR078C	9.84326875325816	9.88117069328546	9.94022264266276	9.35321093966033	9.38473122194991	9.24078798030474
YPR079W	11.4565784104804	11.3667441989382	11.4972684304756	11.0075983593275	11.0831558141916	10.9124447078964
YPR080W	18.2045894211442	18.3062349252503	18.4002246570075	18.2892522901695	18.2833263428323	18.2947066694555
YPR081C	10.9658502107823	10.8638570130782	10.7881821257389	10.9829378984967	11.0292693955946	10.9921134974248
YPR082C	10.5135337623119	10.5504727523376	10.5024804803548	11.0779532505269	11.0285561607717	11.202822398517
YPR083W	11.1411263138852	11.178501925687	11.1248780277364	11.0987019227073	11.1069996709685	11.2083929314454
YPR084W	10.5018957492986	10.4942552498252	10.4413367515616	10.5844119674406	10.6635841509896	10.4993521203447
YPR085C	10.7310061898365	10.6942679944896	10.7202174505843	10.6967756375246	10.6589828441903	10.6876122095748
YPR086W	11.8406779457881	11.8267240690647	11.8136843915497	11.5145951791782	11.5392847921398	11.5202911287935
YPR088C	12.4052566876728	12.365056241107	12.3301138894697	12.5614196093319	12.6451284645908	12.581951272467
YPR089W	11.684293289018	11.7323060781885	11.764612399375	11.486080757725	11.523172417905	11.5627681915574
YPR091C	11.2065155353178	11.2058087119721	11.0795250517549	11.4103312929774	11.310811528098	11.2828833433975
YPR093C	10.0398555624797	9.97005398918188	10.0775407408615	10.5243296087193	10.5607761713197	10.5151710792899
YPR094W	9.32980643452109	9.32365442772513	9.24216906254904	9.64529907913594	9.59209069817418	9.56131450531341
YPR095C	11.4720688768002	11.5879782614146	11.5459473216621	11.4842797534743	11.6290637651435	11.6502972633573
YPR096C	5.7654419585004	6.17986186974316	6.16543343713687	5.86237680571784	6.13498886978152	6.01378786645931
YPR097W	11.3262755222809	11.3615163042016	11.3504131416845	11.4361808737377	11.5322577607808	11.5062264946902
YPR098C	11.3306678239746	11.2126873759723	11.2906832627427	11.8363275986325	11.800957804442	11.8918610211561
YPR099C	10.0141403436663	10.1239485432096	9.97739358499015	10.5546835862265	10.508534711612	10.4982155285677
YPR100W	10.2235012819617	10.0395603194897	10.1272804078814	11.0404495629135	10.740512320163	10.8944147339547
YPR101W	10.6914226315261	10.6308929091211	10.5364449433761	10.6905406658493	10.7344018349682	10.6265081101403
YPR102C	13.7002655784223	13.8096841788631	13.7363203904815	14.1275696242174	13.9937882988209	14.1496467657419
YPR103W	12.7259994913058	12.6385350328541	12.6171772582497	12.7335192176876	12.7214726600842	12.6119450363827
YPR104C	11.2178230540518	11.2573844249174	11.2790819435483	11.1139243100465	11.0582124956057	11.176775135002
YPR105C	11.580697818655	11.5587911747346	11.5454093925494	11.3532581201589	11.3784247985086	11.3649821735419
YPR106W	10.9993436281527	10.9936381267336	11.0133801236507	10.4413552469751	10.4764660807389	10.4879456990444
YPR107C	10.2756932754331	10.2424556365798	10.1026249835943	9.84940785778189	9.87366964133201	9.8610122385759
YPR108W	12.2876251005992	12.1792864291636	12.1304687501452	12.1196767486363	12.2221085058799	12.0456393632587
YPR109W	10.8558709536866	10.9127662670285	10.895072803158	10.8563709886392	10.7851118749199	10.8089949063038
YPR110C	12.028129921699	12.1500912333274	12.1018528027072	12.1077361289896	12.1864248481493	12.2572693973561
YPR111W	11.080477390109	11.0661315010574	11.0203650621119	10.6044487117468	10.6102384747855	10.5949571898745
YPR112C	11.4525537228286	11.5500439894394	11.5324385501686	11.9279529919254	11.8694701199252	12.0010015430263
YPR113W	13.1414134782202	13.1682834975677	13.1519185360175	13.3165669804431	13.3058195985272	13.3111731701877
YPR114W	11.9013609498553	12.0167749080631	11.9564794795589	11.3694480079613	11.5724482662101	11.4355521864133
YPR115W	11.9775609827378	11.9753737151993	11.9328179630842	11.9655530721434	11.8445630258052	11.9615506412865
YPR116W	7.18423185831763	7.497666365943	7.16184359582018	7.67478194342051	7.33563436818317	7.46654859476139
YPR117W	11.1411263138852	11.1812020312806	11.2848942651467	11.7244411656154	11.516575013732	11.7629407401388
YPR118W	11.2354985141661	11.2205837529013	11.2430441457445	10.7137841398744	10.616896951089	10.7044646527932
YPR119W	10.7285117751829	10.765809383246	10.8098449914127	10.3758339479744	10.2626184011687	10.4982155285677
YPR120C	10.6187516680735	10.6301025967735	10.6518933395431	10.6724635296122	10.7079168438634	10.6502382659739
YPR121W	13.9181231182206	13.8858110993746	13.7274557123301	10.3592234869087	10.6478794527646	10.4354702797983
YPR122W	11.3290222776026	11.3893376953289	11.3596221464695	10.6724635296122	10.7194534244398	10.6644938733863
YPR124W	11.9883736653032	11.9556388923342	12.0420972072267	11.7335668285234	11.94133191737	11.6482493850199
YPR125W	11.2083068359324	11.3648453375976	11.5794387542384	11.870511060739	11.8034615310986	11.9214145332362
YPR127W	11.8632132152989	11.7939350401972	11.8813170617569	12.1176450898141	12.141944161203	12.0710860469081
YPR128C	10.4330912999243	10.5183731951275	10.5353617071436	9.94418404737987	9.84153878180808	9.99759651574285
YPR129W	12.000140289795	12.0327093771627	12.0065826533805	11.8890063774733	11.833172147901	11.8523800770784
YPR131C	10.4793236392128	10.410205309336	10.525575799994	10.0599676335188	9.99109273256617	10.0758752171196
YPR132W	14.3719271144297	14.4335462131039	14.3428985932316	14.955270933934	14.8660553777006	14.9871496904034
YPR133C	11.8771679876366	11.9133930761424	11.9129382087884	12.0516817914806	12.1089255472114	12.041744347642
YPR133W-A	10.1557973745439	10.0875627204262	10.1669924518953	10.7114765738624	10.7396409768317	10.7567262246071
YPR134W	10.539380975923	10.4767778658914	10.5727991647018	10.26480533172	10.2132540800232	10.16165603758
YPR135W	10.8702743020026	10.9160118984315	10.8089488373051	11.2964019495493	11.3172501095237	11.2795795675487
YPR137C-B	15.3851247680591	15.347066443134	15.3185283888465	12.5586409909407	13.2926622682843	12.6244994380691
YPR137W	11.6189086469651	11.7793966693207	11.8813170617569	12.1751526955952	12.1193462080891	12.1807023899961
YPR138C	12.6092846201481	12.6302596963078	12.6410386975282	11.7812854522006	12.2267796038127	11.8145301408067
YPR139C	10.7359821162747	10.7808413346519	10.8116356311934	10.8168450510838	10.5696289682809	10.7366266530038
YPR140W	10.5703557032952	10.557971786314	10.4767539614832	10.7083940658061	10.7465970307045	10.6886089985497
YPR141C	10.3238608007269	10.3433070867562	10.3616829991562	10.418901225787	10.4910370337716	10.4078937423849
YPR143W	11.3350467931438	11.4750114935745	11.3705959119317	11.5939853417943	11.7615838918394	11.5578674056496
YPR144C	11.0706637907022	11.224777547208	11.159739298426	11.1410405740396	11.1204498515442	11.1873915839043
YPR145C-A	10.7848195426135	11.0186122357422	10.9026531667443	10.7336299135547	10.4264439988266	11.0295700003952
YPR145W	15.0743119228959	15.0735657987691	15.0277009912594	13.6592130171752	13.5382810541137	13.7574991649873
YPR147C	11.2201923323731	11.3002414252085	11.2509840805755	10.7524583086481	10.8909271446152	10.856777796463
YPR148C	12.7624223787798	12.7051475775837	12.7279905423616	12.7374937016393	12.7728414496585	12.6841847929331
YPR149W	14.1853651887917	14.025553435442	13.980704988635	13.6763706788997	13.7495109932299	13.4716293690218
YPR151C	6.40757688053549	6.40945811682214	6.71229187962271	7.79049103056291	7.5823309483662	7.69102078493837
YPR152C	9.67726099874281	9.65894859190951	9.62897601769816	10.4616354865391	10.3290076072939	10.3822462687904
YPR153W	7.18423185831763	7.46951648950499	7.65467401419664	7.43352050275318	7.67313360023156	7.69102078493837
YPR154W	10.603404598711	10.6714036863078	10.6618543028136	10.8764219003328	11.0349626147932	10.9420027529703
YPR155C	10.628595818452	10.5479643858207	10.6558859826809	10.8674680084773	10.6727429655643	10.9268771295971
YPR156C	12.4800671137531	12.4545968606929	12.4884898861327	11.9636153718725	12.1001272225292	12.0896921416337
YPR157W	9.85551533667208	9.87050182178126	9.83497129714348	9.15907160528924	8.81175069698242	9.04911026034394
YPR158C-C	3.71400165851154	3.71400165851154	3.71400165851154	11.1805045546136	11.193537689837	11.307747796531
YPR158C-D	12.1567636210028	12.1844094121587	12.1662459301251	9.22529453044238	9.78183511291533	9.86630847293795
YPR158W	10.5610394621818	10.3991142277893	10.340752766285	10.418901225787	10.2938223621086	10.2493916909638
YPR158W-B	11.4550704681054	10.8537375829507	11.6882126522262	10.1738635959183	9.98522262420675	10.1602194647565
YPR159W	12.5365293734674	12.6009163906469	12.6495731547646	12.3283203312198	12.29568263266	12.423645607463
YPR160W	13.4516442236798	13.346753906416	13.2983008143108	14.0926816355128	14.1263556670181	13.9810106110721
YPR161C	11.2951491634103	11.2912714792362	11.3205429533317	10.7442040758519	10.8010699319449	10.7784233901522
YPR162C	10.7711493144847	10.7293756443498	10.7211704398135	10.0969777631255	10.2319642438815	10.1090161438342
YPR163C	13.4521482313375	13.5220510213147	13.4565874944131	13.8804033110033	13.8906162271167	13.8848198881593
YPR164W	11.0837338102906	11.142378637118	11.1291922933865	11.3723722024604	11.5063658787896	11.3866408400586
YPR165W	12.6522485815938	12.6463724181974	12.6319468435606	12.7234394163421	12.7119533332437	12.7636596702621
YPR166C	9.86916956389909	9.81594040321952	9.82081333966873	10.5330675467032	10.3091747936849	10.3969577608949
YPR167C	13.9384101967184	13.8819990910023	13.6495093348773	10.0207405759259	10.1892007019878	10.0135958394588
YPR168W	10.5860565202515	10.5932720556153	10.4343802097889	9.37281970037899	9.34172347679598	9.27039483638508
YPR169W	12.7947726518399	12.7165461874943	12.6205008545655	11.8088891489498	11.8388788292752	11.7020531314537
YPR170W-B	12.3389448362744	12.3370006500169	12.3357244806046	11.9467120461489	11.9295371185772	11.8892623082709
YPR171W	10.8956951619057	10.8990543065329	10.912698750455	10.786473233897	10.7968875289938	10.7886860528739
YPR172W	10.1169051645954	10.0046161204232	9.96778880002397	10.589447306254	10.428608312548	10.4856535509542
YPR173C	12.5846722814889	12.5761019038028	12.5339394243623	12.3817800105219	12.469181573279	12.394621244117
YPR174C	10.2092584499476	10.2711282001902	10.1905804940509	10.1238359367529	10.05273198512	10.1030468867529
YPR175W	10.6312689682001	10.6675574843828	10.7306658642867	10.4151246695744	10.3746246896691	10.4437595564273
YPR176C	11.1127154579605	11.0944824750696	11.0265456301184	10.7524583086481	10.6700014219183	10.6846177032336
YPR178W	10.7016327932259	10.700304428837	10.6468869446951	10.2773412787477	10.3079996214938	10.3686276405865
YPR179C	11.048835960458	11.0324350906544	11.0055792069168	10.9681944461208	11.0011885710728	11.0327133312961
YPR180W	10.9148368016555	10.9029853271869	10.9448720246459	10.7359023398272	10.7910117177376	10.7661999001569
YPR181C	12.8168568530332	12.8494540785318	12.8532349349083	12.9588791100917	12.8294220140378	12.959906846007
YPR182W	9.88568438488094	9.69416640524779	9.85073460113402	10.2189684069138	10.0215248269073	10.0341330976384
YPR183W	11.9338420785721	11.9706993756039	12.014766584491	12.5667481112672	12.3861526694078	12.5947682476526
YPR184W	11.930590508567	11.8083283610796	11.8296776731338	13.4488474700841	13.3303335442418	13.3701380680204
YPR185W	11.5513605075137	11.6225586249474	11.5259091321271	10.8570670589355	10.7876433342308	10.7633643245956
YPR186C	10.2329189627057	10.2922646649695	10.2838369824293	10.1261479647231	10.1660372122909	10.2179762872072
YPR187W	12.0805763892556	12.0461018464752	12.0655471183596	12.3759639188013	12.2723759436139	12.4067857699798
YPR188C	10.7218388379828	10.6821188117899	10.8626202704916	10.937589674961	10.8398028964466	10.9192544257821
YPR189W	11.3377769143399	11.382315163796	11.3850989437776	11.226479022395	11.0975093680288	11.2960233019012
YPR190C	11.0428251446634	11.1763381965907	11.1765116649141	11.5360518350861	11.5322577607808	11.7104196421195
YPR191W	11.4449770357221	11.3912046112929	11.4048054959839	13.2300155314545	13.0723072876528	13.3012699705036
YPR192W	8.93308129554655	8.88063065136494	8.98390176929186	11.2752058531565	10.6111915695025	11.2696225994866
YPR193C	6.91559965246164	6.65755823912163	6.81731303394313	7.29149671369212	7.17869256630845	7.40932260734317
YPR194C	10.5202794920659	10.532821890925	10.5418489560409	10.7717825860757	10.9606347396932	10.9132976826797
YPR195C	8.04649210398377	8.18238696024422	7.98908541446806	8.37761818505676	8.43876330282767	8.4442915073153
YPR196W	9.86159984817893	9.86782222558503	9.87833974598866	9.51724985835917	9.55491944316752	9.67433764765621
YPR198W	11.6411817890644	11.7359835086936	11.6666095176473	10.7532063566721	10.8381756986762	10.7452750705691
YPR199C	11.1379970425392	11.0532189704978	11.1009161403002	11.198741079615	11.0961484994599	11.185274535237
YPR200C	7.89413967061591	7.89115644886576	7.81379500557418	7.8590303211177	7.86497542547254	7.89889603027817
YPR201W	8.92438327948839	8.9456394133971	8.94851050539208	9.04390207808783	9.2369057147131	9.19940915942405
YPR202W	9.77721026900672	9.98743858601098	10.0011293705735	10.0281773795766	10.1582326376723	10.1630911809751
YPR204W	14.1604454429963	14.1772244440276	14.2065672463828	14.9490411478213	14.7275754193827	14.9225866408928
