ID	Description	GeneRatio	BgRatio	RichFactor	FoldEnrichment	zScore	pvalue	p.adjust	qvalue	geneID	Count	comparison
respiratory chain complex [GO:0098803]	respiratory chain complex [GO:0098803]	36/316	41/5915	0.878048780487805	16.4356282803334	23.5601600448838	1.30661905004874e-41	2.57403952859603e-39	2.25563709692625e-39	YDR119W-A/YKL148C/YGL187C/YLL041C/YBR039W/YJR121W/YHR001W-A/YBL099W/YBL045C/YDR178W/YDR529C/YEL024W/YJL166W/YGL191W/YKL141W/YMR256C/YFR033C/YDL004W/YNL052W/YML081C-A/YDR298C/YDR377W/YPR191W/YPL271W/YLR038C/YKL016C/YLR395C/YHR051W/YLR295C/YPL078C/YOL077W-A/YOR065W/YDR322C-A/YGR183C/YPR020W/YDL067C	36	primary_UP_GOslim
generation of precursor metabolites and energy [GO:0006091]	generation of precursor metabolites and energy [GO:0006091]	50/316	145/5915	0.344827586206897	6.45460497599302	15.7975000908126	1.64512507088062e-28	1.62044819481741e-26	1.42000269276012e-26	YFR053C/YKL148C/YOR178C/YGL187C/YLL041C/YHR001W-A/YBL045C/YDR178W/YDR529C/YEL024W/YJL166W/YBL030C/YKL085W/YGL191W/YKL141W/YGR256W/YMR256C/YFR033C/YNL052W/YER054C/YCL040W/YPR191W/YPR184W/YML120C/YBR117C/YGR244C/YMR081C/YLR395C/YHR051W/YDL085W/YOR065W/YGR087C/YPL061W/YIL057C/YDR148C/YIL024C/YGR183C/YIL125W/YAL054C/YKL093W/YEL011W/YMR105C/YMR145C/YEL039C/YFR049W/YDL067C/YOR374W/YER067W/YJR048W/YJR120W	50	primary_UP_GOslim
cellular respiration [GO:0045333]	cellular respiration [GO:0045333]	32/316	76/5915	0.421052631578947	7.88141239173884	14.3431358344142	1.35058891684731e-21	8.86886722063066e-20	7.77180990747224e-20	YKL148C/YGL187C/YLL041C/YHR001W-A/YBL045C/YDR178W/YDR529C/YEL024W/YJL166W/YBL030C/YKL085W/YGL191W/YKL141W/YMR256C/YFR033C/YNL052W/YPR191W/YML120C/YGR244C/YMR081C/YLR395C/YHR051W/YOR065W/YDR148C/YGR183C/YIL125W/YKL093W/YEL039C/YFR049W/YDL067C/YJR048W/YJR120W	32	primary_UP_GOslim
mitochondrion [GO:0005739]	mitochondrion [GO:0005739]	120/316	1055/5915	0.113744075829384	2.1291019257304	9.61103615414502	2.07598157431459e-18	1.02242092534993e-16	8.95949942598927e-17	YFR053C/YDR343C/YDR119W-A/YKL148C/YHR008C/YNL144C/YIL136W/YJR077C/YKL217W/YGL187C/YLL041C/YBR039W/YIL155C/YJR121W/YAL062W/YHR001W-A/YMR118C/YBL099W/YBL045C/YNL195C/YDR178W/YDR529C/YEL024W/YDL222C/YAL039C/YDL048C/YJL166W/YBL030C/YKL085W/YDR070C/YGL191W/YKL141W/YPL134C/YMR256C/YFR033C/YGR236C/YDR077W/YDL004W/YPL036W/YNL052W/YML081C-A/YHL032C/YFL011W/YDR298C/YKL150W/YDR377W/YBL015W/YPR191W/YPR184W/YGR243W/YML120C/YGR244C/YGR174C/YPL271W/YLR038C/YKL016C/YLR395C/YHR051W/YLR295C/YPL078C/YOL077W-A/YDL085W/YOR065W/YMR110C/YDL174C/YPL061W/YML091C/YBL064C/YDL181W/YOR215C/YDL130W-A/YDR148C/YDR322C-A/YGR183C/YFL036W/YIL125W/YCR079W/YAL054C/YML128C/YJL102W/YDR155C/YBR203W/YCR083W/YJL062W-A/YBR230C/YBR072W/YNL135C/YPR020W/YMR145C/YER182W/YCL057C-A/YEL039C/YLR069C/YKR016W/YDR150W/YOL109W/YFR049W/YJL133C-A/YNL185C/YIR038C/YKR049C/YKL067W/YOR356W/YML009C/YDL067C/YNR002C/YDR342C/YEL034W/YBR269C/YNL318C/YOR374W/YIL162W/YLR154W-C/YLR106C/YMR252C/YHR116W/YNL112W/YGR159C/YPR061C/YJR048W	120	primary_UP_GOslim
proton-transporting ATP synthase complex [GO:0045259]	proton-transporting ATP synthase complex [GO:0045259]	14/316	15/5915	0.933333333333333	17.4704641350211	15.172405075474	1.67066120179882e-17	6.58240513508735e-16	5.76817762305277e-16	YBR039W/YJR121W/YBL099W/YDL004W/YML081C-A/YDR298C/YDR377W/YPL271W/YKL016C/YLR295C/YPL078C/YOL077W-A/YDR322C-A/YPR020W	14	primary_UP_GOslim
oxidoreductase activity [GO:0016491]	oxidoreductase activity [GO:0016491]	52/316	285/5915	0.182456140350877	3.41527870308683	9.92806134968141	8.82526828861204e-16	2.89762975476095e-14	2.53919999882873e-14	YEL070W/YNR073C/YKL148C/YHR008C/YGL187C/YLL041C/YIL155C/YAL062W/YHR001W-A/YBL045C/YDR178W/YDR529C/YEL024W/YJL166W/YKL085W/YGL191W/YKL141W/YGR256W/YMR256C/YFR033C/YNL052W/YKL150W/YPR191W/YGR088W/YML120C/YLR038C/YLR395C/YHR051W/YDL085W/YOR065W/YMR110C/YDL174C/YPL061W/YJL026W/YPL171C/YPR037C/YDR148C/YKL026C/YGR183C/YIL125W/YCR083W/YJR159W/YMR145C/YDL246C/YFR049W/YJR070C/YIR038C/YDL067C/YKL107W/YOR374W/YLR070C/YMR015C	52	primary_UP_GOslim
transmembrane transporter activity [GO:0022857]	transmembrane transporter activity [GO:0022857]	54/316	334/5915	0.161676646706587	3.02632077616918	9.05637479076273	4.87422345786067e-14	1.37174574456936e-12	1.20206413096113e-12	YDR343C/YJR077C/YKL217W/YHR096C/YGL187C/YBR039W/YEL069C/YJR121W/YHR001W-A/YBL099W/YBL045C/YDR529C/YEL024W/YDR536W/YJL166W/YBL030C/YGL191W/YPL134C/YMR256C/YFR033C/YDL004W/YPL036W/YNL052W/YML081C-A/YFL011W/YDR298C/YBR298C/YDR377W/YPR191W/YGR243W/YPL271W/YLR038C/YKL016C/YLR395C/YHR051W/YBR021W/YLR295C/YPL078C/YOL077W-A/YOR065W/YDR322C-A/YGR183C/YPR020W/YNR072W/YBL042C/YLL026W/YBR296C/YDL067C/YNR002C/YDR342C/YPL147W/YNL318C/YOR348C/YPR192W	54	primary_UP_GOslim
respiratory chain complex III [GO:0045275]	respiratory chain complex III [GO:0045275]	9/316	9/5915	1	18.7183544303797	12.6365024510058	3.17913692692174e-12	7.82862468254479e-11	6.86024284230481e-11	YHR001W-A/YBL045C/YDR529C/YEL024W/YJL166W/YFR033C/YPR191W/YOR065W/YGR183C	9	primary_UP_GOslim
respiratory chain complex IV [GO:0045277]	respiratory chain complex IV [GO:0045277]	9/316	10/5915	0.9	16.8465189873418	11.91387096318	3.03040757830873e-11	6.63322547696466e-10	5.81271161219452e-10	YDR119W-A/YGL187C/YGL191W/YMR256C/YNL052W/YLR038C/YLR395C/YHR051W/YDL067C	9	primary_UP_GOslim
carbohydrate metabolic process [GO:0005975]	carbohydrate metabolic process [GO:0005975]	29/316	149/5915	0.194630872483221	3.64316965423498	7.76264673224354	6.84947478261387e-10	1.34934653217493e-08	1.18243564668281e-08	YFR053C/YKR097W/YGR292W/YDL049C/YOR178C/YIL155C/YHL032C/YER054C/YCL040W/YDR516C/YPR184W/YGR087C/YPL061W/YIL024C/YJR159W/YBR299W/YEL011W/YMR105C/YDL246C/YPL201C/YLL026W/YHR043C/YOL157C/YOR374W/YIL162W/YLR070C/YNL117W/YFL053W/YLR308W	29	primary_UP_GOslim
transposition [GO:0032196]	transposition [GO:0032196]	10/316	16/5915	0.625	11.6989715189873	10.1798596945921	9.9087846113727e-10	1.77457324403675e-08	1.5550628481006e-08	YAR010C/YGR027W-A/YDR316W-A/YDR098C-A/YML045W-A/YPR158C-C/YGR038C-A/YER159C-A/YNL284C-A/YDR365W-A	10	primary_UP_GOslim
carbohydrate transport [GO:0008643]	carbohydrate transport [GO:0008643]	11/316	29/5915	0.379310344827586	7.10006547359232	7.82262180398736	1.23918923736158e-07	2.03433566466859e-06	1.78269328883596e-06	YFR053C/YDR343C/YHR096C/YEL069C/YDR277C/YDR536W/YFL011W/YCL040W/YNR072W/YDR342C/YNL318C	11	primary_UP_GOslim
nucleobase-containing small molecule metabolic process [GO:0055086]	nucleobase-containing small molecule metabolic process [GO:0055086]	28/316	203/5915	0.137931034482759	2.58184199039721	5.44811149826674	2.75263786163372e-06	4.17130506724495e-05	3.65532477172413e-05	YFR053C/YJL116C/YBR039W/YJR121W/YBL099W/YGR256W/YDL004W/YML081C-A/YDR298C/YDR377W/YCL040W/YBR117C/YGR244C/YPL271W/YKL016C/YLR295C/YPL078C/YOL077W-A/YPL061W/YJL026W/YDR322C-A/YAL054C/YDR399W/YMR105C/YPR020W/YGL037C/YKL067W/YOR374W	28	primary_UP_GOslim
cellular component [GO:0005575]	cellular component [GO:0005575]	62/316	656/5915	0.0945121951219512	1.76911276628589	4.96271485075801	3.33317709173765e-06	4.69025633623084e-05	4.11008303041334e-05	YEL070W/YNR073C/YNR071C/YMR206W/YGR201C/YDR277C/YBR298C/YPL054W/YHR138C/YMR081C/YHR139C/YPL171C/YMR107W/YJR115W/YMR175W-A/YAR020C/YKL093W/YJR159W/YDR461C-A/YDL079C/YDL246C/YDR059C/YBR255C-A/YOR186W/YIR016W/YEL049W/YBR230W-A/YOL157C/YGR174W-A/YHR021W-A/YER121W/YAR010C/YGR027W-A/YDR316W-A/YDR098C-A/YCL012C/YML045W-A/YPR158C-C/YBL043W/YFL051C/YCL036W/YFL053W/YLR146W-A/YHR054C/YPL189C-A/YER084W/YGR067C/YHR022C/YMR325W/YGR038C-A/YHR185C/YER159C-A/YNL284C-A/YGL158W/YDR365W-A/YGR294W/YNL184C/YHR050W-A/YGR273C/YJR120W/YBR292C/YJL027C	62	primary_UP_GOslim
small molecule metabolic process [GO:0044281]	small molecule metabolic process [GO:0044281]	52/316	558/5915	0.0931899641577061	1.74436277845833	4.38904357128557	3.55450877315927e-05	0.000466825485541584	0.000409080307928505	YFR053C/YKR097W/YJL116C/YBR039W/YIL155C/YJR121W/YAL062W/YBL099W/YGR256W/YDL004W/YML081C-A/YHL032C/YDR298C/YKL150W/YDR377W/YCL040W/YDR516C/YBL015W/YBR117C/YGR244C/YPL271W/YKL016C/YLR295C/YPL078C/YOL077W-A/YDL085W/YMR110C/YDL174C/YGR087C/YPL061W/YJL026W/YDR148C/YDR322C-A/YIL125W/YAL054C/YIL160C/YDR399W/YJR159W/YMR105C/YPR020W/YMR145C/YGL037C/YDL246C/YFR049W/YPL201C/YKL067W/YHR043C/YOR374W/YLR070C/YNL117W/YFL053W/YMR015C	52	primary_UP_GOslim
respiratory chain complex II (succinate dehydrogenase) [GO:0045273]	respiratory chain complex II (succinate dehydrogenase) [GO:0045273]	4/316	5/5915	0.8	14.9746835443038	7.42612425255462	3.83112334058318e-05	0.000471707061309304	0.00041335804464187	YKL148C/YLL041C/YDR178W/YKL141W	4	primary_UP_GOslim
biological process [GO:0008150]	biological process [GO:0008150]	93/316	1242/5915	0.0748792270531401	1.40161591145356	3.78270771906254	0.000170972570233708	0.00198127037270826	0.00173619204447852	YEL070W/YPL223C/YNR073C/YHR033W/YDR119W-A/YLR327C/YNR071C/YMR206W/YHR008C/YNL144C/YIL136W/YOR092W/YGR201C/YMR118C/YKL109W/YNL195C/YDL048C/YDR070C/YMR114C/YGR236C/YHR126C/YPL054W/YFR017C/YNR014W/YDL181W/YMR107W/YOR215C/YPR010C-A/YPR037C/YDL130W-A/YJR115W/YMR280C/YBR201C-A/YMR175W-A/YER150W/YDR247W/YAR020C/YJL103C/YCL042W/YKR075C/YBR230C/YKL065W-A/YDR461C-A/YDL079C/YKL171W/YKL050C/YNR034W-A/YDL218W/YBR255C-A/YOR186W/YJL133C-A/YCR021C/YOR356W/YFL020C/YIR016W/YKL221W/YEL049W/YBR230W-A/YEL033W/YGR174W-A/YOL161C/YHR021W-A/YMR040W/YER121W/YLR037C/YCL048W-A/YLR154W-C/YOR214C/YCL012C/YBL043W/YFL051C/YCL036W/YMR252C/YLR146W-A/YLL025W/YHR054C/YER084W/YGR067C/YHR022C/YOR394W/YMR325W/YBR301W/YGL138C/YGR294W/YDR034W-B/YER053C-A/YNL184C/YHR050W-A/YGR273C/YPR061C/YFR032C/YBR292C/YJL027C	93	primary_UP_GOslim
ligase activity [GO:0016874]	ligase activity [GO:0016874]	16/316	111/5915	0.144144144144144	2.69814117915384	4.29042731321791	0.000238640079729307	0.0026117830948152	0.00228871187576646	YBR039W/YJR121W/YBL099W/YDL004W/YML081C-A/YDR298C/YDR377W/YGR244C/YPL271W/YKL016C/YLR295C/YPL078C/YOL077W-A/YDR322C-A/YAL054C/YPR020W	16	primary_UP_GOslim
oligosaccharide metabolic process [GO:0009311]	oligosaccharide metabolic process [GO:0009311]	6/316	22/5915	0.272727272727273	5.10500575373993	4.58232467873226	0.000798027248082644	0.00827428251959373	0.00725077388839632	YGR292W/YBR299W/YMR105C/YLL026W/YOL157C/YIL162W	6	primary_UP_GOslim
cell wall [GO:0005618]	cell wall [GO:0005618]	12/316	91/5915	0.131868131868132	2.46835443037975	3.35328046268657	0.00307083584889929	0.0281759166840212	0.0246906242916349	YKL163W/YDR077W/YKL096W-A/YGR282C/YER150W/YAL005C/YKL096W/YPL130W/YDR218C/YOR214C/YGR059W/YBR301W	12	primary_UP_GOslim
external encapsulating structure [GO:0030312]	external encapsulating structure [GO:0030312]	12/316	91/5915	0.131868131868132	2.46835443037975	3.35328046268657	0.00307083584889929	0.0281759166840212	0.0246906242916349	YKL163W/YDR077W/YKL096W-A/YGR282C/YER150W/YAL005C/YKL096W/YPL130W/YDR218C/YOR214C/YGR059W/YBR301W	12	primary_UP_GOslim
vacuole [GO:0005773]	vacuole [GO:0005773]	26/316	276/5915	0.0942028985507246	1.76332324344157	3.08525417292966	0.00314654907131201	0.0281759166840212	0.0246906242916349	YDL049C/YJL116C/YKL217W/YOL052C-A/YDR536W/YHR126C/YPL057C/YFL011W/YGR282C/YBR021W/YPR037C/YIL024C/YDL130W/YDR382W/YKL096W/YNR072W/YBL042C/YFL020C/YNR002C/YOL161C/YNL318C/YLR037C/YIL162W/YCL048W-A/YOR214C/YLL025W	26	primary_UP_GOslim
anatomical structure development [GO:0048856]	anatomical structure development [GO:0048856]	8/316	51/5915	0.156862745098039	2.93621245966741	3.29890709834943	0.00516446438379688	0.0442347601568689	0.0387630278692306	YDL222C/YDR516C/YIL024C/YDR218C/YNL194C/YGR059W/YPR192W/YOR255W	8	primary_UP_GOslim
amino acid metabolic process [GO:0006520]	amino acid metabolic process [GO:0006520]	51/294	191/5915	0.267015706806283	5.37210172026926	14.0463880214428	1.01276978547565e-24	1.60017626105152e-22	1.46052063800173e-22	YLR134W/YNL277W/YER091C/YIL074C/YGL184C/YHR018C/YAL012W/YLR180W/YJL088W/YDR019C/YOL058W/YMR062C/YER069W/YIR034C/YMR189W/YER052C/YOR184W/YKL211C/YOL064C/YER055C/YGR155W/YLR058C/YJL060W/YNL104C/YGL009C/YLR303W/YJR109C/YDR354W/YGL125W/YOR303W/YOR130C/YDR158W/YOL140W/YDR502C/YHR208W/YDL131W/YIL116W/YGL026C/YPR145W/YDL066W/YCL030C/YJL071W/YGL202W/YFR025C/YBR248C/YJR130C/YAL044C/YBR145W/YJR139C/YDL182W/YOR202W	51	primary_DOWN_GOslim
small molecule metabolic process [GO:0044281]	small molecule metabolic process [GO:0044281]	86/294	558/5915	0.154121863799283	3.10078511691415	11.9246445080112	2.00557668991409e-23	1.58440558503213e-21	1.44612635009595e-21	YGR144W/YJR010W/YLR134W/YKL001C/YJR137C/YPR167C/YNL277W/YER091C/YPR121W/YBR092C/YIL074C/YGL184C/YHR018C/YAL012W/YLR180W/YJL088W/YDR019C/YOL058W/YMR062C/YER069W/YIR034C/YMR189W/YER052C/YOR184W/YKL211C/YEL071W/YOL064C/YOR047C/YER055C/YGR155W/YLR058C/YJL060W/YNL104C/YGL009C/YLR303W/YJR109C/YDR354W/YCR020C/YGL125W/YLR420W/YOR303W/YGL224C/YOR130C/YDR158W/YBR256C/YGR204W/YMR096W/YOL140W/YDR502C/YGR267C/YPL188W/YHR208W/YDL131W/YIL116W/YGL026C/YPL214C/YPR145W/YDL066W/YML123C/YCL030C/YJL071W/YGL202W/YKL216W/YOL055C/YOL143C/YEL029C/YER037W/YMR095C/YFR025C/YBR248C/YJR130C/YLL062C/YAL044C/YBR145W/YKL127W/YER073W/YHR063C/YOR143C/YJR139C/YDL182W/YMR120C/YPL258C/YOR202W/YPL275W/YOR388C/YHR216W	86	primary_DOWN_GOslim
sulfur compound metabolic process [GO:0006790]	sulfur compound metabolic process [GO:0006790]	35/294	118/5915	0.296610169491525	5.96751412429378	12.4648195796825	9.4656780270067e-19	4.98525709422353e-17	4.5501680340348e-17	YGR144W/YJR010W/YKL001C/YJR137C/YFR030W/YPR167C/YNL277W/YER091C/YPR121W/YBR092C/YGL184C/YAL012W/YLR180W/YER052C/YBR213W/YOL064C/YGR155W/YLR303W/YCR020C/YGL125W/YDR158W/YNL191W/YDR502C/YJL101C/YHR208W/YPL214C/YGL202W/YOL055C/YGR154C/YJR130C/YLL062C/YHR063C/YOR143C/YJR139C/YPL258C	35	primary_DOWN_GOslim
cytosol [GO:0005829]	cytosol [GO:0005829]	88/294	959/5915	0.091762252346194	1.84616912458414	6.54648778592208	1.14183061054427e-09	4.51023091164986e-08	4.1165998327517e-08	YGR144W/YJR010W/YLR134W/YKL001C/YJR137C/YFR030W/YPR167C/YNL277W/YER091C/YKR069W/YBR092C/YIL074C/YGL184C/YHR018C/YAL012W/YLR180W/YJL088W/YDR019C/YOL058W/YMR062C/YER069W/YIR034C/YER175C/YMR189W/YER052C/YBR213W/YOR184W/YKL211C/YER055C/YGR155W/YLR058C/YJL060W/YNL104C/YGL009C/YLR303W/YJR109C/YDR354W/YCR020C/YGL125W/YLR420W/YOR303W/YDR158W/YBR256C/YGR204W/YOL140W/YDR502C/YGR267C/YJL101C/YHR208W/YDL131W/YIL116W/YGL026C/YPL214C/YPR145W/YDL066W/YCL030C/YJL071W/YGL202W/YKL216W/YOL055C/YOL143C/YEL029C/YCL055W/YIL009C-A/YFR025C/YBR248C/YJR130C/YBR145W/YKL127W/YLL052C/YGL258W/YHR176W/YER073W/YHR063C/YER024W/YOR302W/YOR143C/YJR139C/YDL182W/YMR120C/YPL258C/YOR202W/YGR157W/YMR018W/YPL275W/YOR388C/YHR216W/YNL097C-B	88	primary_DOWN_GOslim
transmembrane transporter activity [GO:0022857]	transmembrane transporter activity [GO:0022857]	42/294	334/5915	0.125748502994012	2.52994011976048	6.58262611076599	1.30087693644664e-08	4.11077111917139e-07	3.75200295354084e-07	YDR345C/YHR094C/YLR092W/YLR004C/YHL047C/YOL158C/YHL028W/YIL121W/YGR138C/YOR222W/YGR055W/YPL274W/YHR162W/YGL186C/YLR130C/YBR104W/YOR130C/YKL120W/YHL036W/YHL016C/YER060W-A/YDL198C/YML123C/YLL061W/YEL065W/YJL212C/YHL040C/YOR192C/YLL052C/YKL175W/YLR237W/YDR046C/YMR058W/YMR301C/YPL058C/YHR092C/YLL055W/YLR034C/YBR294W/YAL067C/YBR085W/YER145C	42	primary_DOWN_GOslim
vitamin metabolic process [GO:0006766]	vitamin metabolic process [GO:0006766]	14/294	45/5915	0.311111111111111	6.25925925925926	8.09877473089507	1.70908258221616e-08	4.50058413316923e-07	4.10779497830903e-07	YGR144W/YPR121W/YBR092C/YBR256C/YMR096W/YGR267C/YPL214C/YOL055C/YOL143C/YEL029C/YMR095C/YHR063C/YOR143C/YPL258C	14	primary_DOWN_GOslim
monoatomic ion transport [GO:0006811]	monoatomic ion transport [GO:0006811]	17/294	92/5915	0.184782608695652	3.71765010351967	6.00788473697816	2.06716980784131e-06	4.31228426544782e-05	3.93592900976916e-05	YHL047C/YOL158C/YIL121W/YLR130C/YML123C/YEL065W/YHL040C/YKL175W/YMR058W/YMR301C/YLR034C/YKL220C/YBR085W/YER145C/YOR383C/YOR382W/YLR136C	17	primary_DOWN_GOslim
transmembrane transport [GO:0055085]	transmembrane transport [GO:0055085]	31/294	253/5915	0.122529644268775	2.46517974778844	5.4472056018735	2.18343507111282e-06	4.31228426544782e-05	3.93592900976916e-05	YDR345C/YHR094C/YLR092W/YLR004C/YIR034C/YIL121W/YGR055W/YHR162W/YLR130C/YBR104W/YOR130C/YKL120W/YHL036W/YER060W-A/YDL198C/YML123C/YEL065W/YOR192C/YLL052C/YLR237W/YDR046C/YMR058W/YMR301C/YER024W/YHR092C/YBR294W/YAL067C/YBR085W/YER145C/YMR018W/YLR136C	31	primary_DOWN_GOslim
plasma membrane [GO:0005886]	plasma membrane [GO:0005886]	38/294	379/5915	0.100263852242744	2.01721321774092	4.68102641341485	1.99132198155408e-05	0.000349587636761717	0.000319077323360128	YDR345C/YHR094C/YLR092W/YER091C/YOL158C/YIL121W/YGR138C/YOR047C/YLR452C/YGR055W/YLR058C/YPL274W/YLR303W/YGL186C/YLR130C/YDR158W/YKL178C/YHL016C/YER060W-A/YML123C/YLL061W/YCL027W/YEL017C-A/YJL212C/YDR309C/YHL040C/YLL052C/YLR237W/YMR058W/YPL058C/YHR092C/YDR033W/YMR120C/YHL044W/YBR294W/YAL067C/YKL220C/YER145C	38	primary_DOWN_GOslim
oxidoreductase activity [GO:0016491]	oxidoreductase activity [GO:0016491]	31/294	285/5915	0.108771929824561	2.18838763575606	4.70255506749765	2.56808931444466e-05	0.000405758111682256	0.000370345511662019	YJR137C/YFR030W/YPR167C/YIL074C/YER069W/YIR034C/YMR189W/YBR213W/YEL071W/YGL157W/YGL125W/YDR158W/YGR204W/YDR541C/YDL066W/YCL030C/YKL216W/YNL331C/YBR145W/YOR384W/YMR058W/YHR176W/YLR364W/YER073W/YHR063C/YJR139C/YER042W/YKL220C/YPL275W/YOR388C/YHR216W	31	primary_DOWN_GOslim
biosynthetic process [GO:0009058]	biosynthetic process [GO:0009058]	84/294	1135/5915	0.0740088105726872	1.48898678414097	4.19071992263922	4.1912914305061e-05	0.000602021860018148	0.000549480311941948	YGR144W/YJR010W/YLR134W/YKL001C/YJR137C/YPR167C/YNL277W/YER091C/YKR069W/YPR121W/YBR092C/YIL074C/YGL184C/YHR018C/YAL012W/YLR180W/YJL088W/YOL058W/YMR062C/YER069W/YIR034C/YER052C/YBR213W/YOR184W/YKL211C/YEL071W/YOL064C/YOR047C/YDL059C/YER055C/YGR155W/YLR058C/YJL060W/YNL104C/YGL009C/YLR303W/YJR109C/YDR354W/YGL125W/YLR420W/YOR303W/YOR130C/YDR158W/YBR256C/YGR204W/YMR096W/YOL140W/YDR502C/YGR267C/YJL101C/YKL201C/YPL188W/YHR208W/YDL131W/YIL116W/YGL026C/YPL214C/YPR145W/YDL066W/YCL030C/YJL071W/YGL202W/YKL216W/YOL055C/YOL143C/YEL029C/YMR095C/YIL009C-A/YFR025C/YOR337W/YBR248C/YJR130C/YKL127W/YER073W/YHR063C/YOR143C/YJR139C/YDL182W/YMR120C/YPL258C/YOR202W/YGR157W/YDR437W/YHR216W	84	primary_DOWN_GOslim
hydrolase activity, acting on carbon-nitrogen (but not peptide) bonds [GO:0016810]	hydrolase activity, acting on carbon-nitrogen (but not peptide) bonds [GO:0016810]	10/294	45/5915	0.222222222222222	4.47089947089947	5.34486541596295	5.33742390290074e-05	0.00070276081388193	0.000641427258506492	YJL060W/YIL164C/YLR420W/YGR204W/YGR267C/YCL030C/YOL055C/YMR095C/YBR248C/YMR120C	10	primary_DOWN_GOslim
nucleobase-containing small molecule metabolic process [GO:0055086]	nucleobase-containing small molecule metabolic process [GO:0055086]	23/294	203/5915	0.113300492610837	2.27949800609899	4.2422969589448	0.000160887340713135	0.00195539998712887	0.00178474216013761	YJR010W/YKL001C/YER091C/YLR180W/YOR184W/YOR047C/YER055C/YJL060W/YLR420W/YGL224C/YGR204W/YPL188W/YIL116W/YCL030C/YKL216W/YER037W/YFR025C/YBR248C/YKL127W/YHR063C/YMR120C/YOR202W/YHR216W	23	primary_DOWN_GOslim
ion binding [GO:0043167]	ion binding [GO:0043167]	57/294	726/5915	0.0785123966942149	1.57959464777647	3.8129259763157	0.000224274571925016	0.00253109874029661	0.00231019671832535	YGR144W/YDR261C-D/YER091C/YJL213W/YNL284C-B/YEL071W/YMR045C/YNL104C/YDR253C/YLR130C/YDL170W/YLR420W/YBR240C/YLR227W-B/YJR029W/YGR267C/YJR027W/YDL131W/YDR210C-D/YDR126W/YGL248W/YDR098C-B/YML123C/YCL030C/YGL209W/YER028C/YDR309C/YOR337W/YLL062C/YAL044C/YPR158C-D/YBR145W/YGR027W-B/YKL175W/YOR387C/YDL182W/YJL089W/YNL054W-B/YER160C/YDR365W-B/YFL002W-A/YGL089C/YER138C/YOL154W/YBR012W-B/YGR288W/YOR192C-B/YDR261W-B/YBL100W-B/YPR137C-B/YML045W/YGR161C-D/YLR136C/YPR158W-B/YBL005W-B/YMR050C/YLR013W	57	primary_DOWN_GOslim
transferase activity, transferring alkyl or aryl (other than methyl) groups [GO:0016765]	transferase activity, transferring alkyl or aryl (other than methyl) groups [GO:0016765]	8/294	43/5915	0.186046511627907	3.74307862679956	4.12844965849736	0.00107046743627956	0.0112755903288113	0.0102915114926526	YLR180W/YLR303W/YBR256C/YDR502C/YPL214C/YOL143C/YGR154C/YJR130C	8	primary_DOWN_GOslim
cell wall [GO:0005618]	cell wall [GO:0005618]	12/294	91/5915	0.131868131868132	2.6530612244898	3.63418042270336	0.00167856789432571	0.0156008074884389	0.0142392446763233	YJR004C/YNR044W/YHR143W/YDR261C/YGL028C/YJR150C/YNL066W/YEL040W/YLR042C/YOL154W/YOR383C/YOR382W	12	primary_DOWN_GOslim
external encapsulating structure [GO:0030312]	external encapsulating structure [GO:0030312]	12/294	91/5915	0.131868131868132	2.6530612244898	3.63418042270336	0.00167856789432571	0.0156008074884389	0.0142392446763233	YJR004C/YNR044W/YHR143W/YDR261C/YGL028C/YJR150C/YNL066W/YEL040W/YLR042C/YOL154W/YOR383C/YOR382W	12	primary_DOWN_GOslim
lyase activity [GO:0016829]	lyase activity [GO:0016829]	12/294	94/5915	0.127659574468085	2.56838905775076	3.50531025566282	0.00222415533666814	0.0195231412885314	0.0178192562060547	YLR134W/YGL184C/YHR018C/YAL012W/YBR213W/YKL211C/YGR155W/YGL009C/YLR303W/YMR096W/YGL026C/YOR202W	12	primary_DOWN_GOslim
vacuole [GO:0005773]	vacuole [GO:0005773]	24/294	276/5915	0.0869565217391304	1.74948240165631	2.91623465225172	0.00497410761389102	0.0413636317365674	0.0377536145763473	YJR137C/YHL047C/YOL158C/YGR055W/YJR004C/YGL186C/YHR143W/YHL036W/YER060W-A/YML123C/YEL065W/YHL040C/YOR192C/YMR058W/YNL279W/YGL089C/YLR042C/YKL220C/YOL154W/YGR295C/YCR101C/YOR383C/YOR382W/YLR461W	24	primary_DOWN_GOslim
respiratory chain complex	respiratory chain complex	38/313	45/5859	0.844444444444444	15.8070287539936	23.6861013229115	1.59314102004317e-42	2.87243325913784e-39	2.51380883057338e-39	YDR119W-A/YKL148C/YGL187C/YLL041C/YBR039W/YJR121W/YHR001W-A/YMR118C/YBL099W/YKL109W/YBL045C/YDR178W/YDR529C/YEL024W/YJL166W/YGL191W/YKL141W/YMR256C/YFR033C/YDL004W/YNL052W/YML081C-A/YDR298C/YDR377W/YPR191W/YPL271W/YLR038C/YKL016C/YLR395C/YHR051W/YLR295C/YPL078C/YOL077W-A/YOR065W/YDR322C-A/YGR183C/YPR020W/YDL067C	38	primary_UP_GO
generation of precursor metabolites and energy	generation of precursor metabolites and energy	64/313	207/5859	0.309178743961353	5.78747048201139	16.6589308407948	2.36920059077733e-33	2.13583433258576e-30	1.86917457135538e-30	YFR053C/YJL116C/YKL148C/YOR178C/YGL187C/YLL041C/YIL155C/YJR121W/YHR001W-A/YMR118C/YKL109W/YBL045C/YDR178W/YDR529C/YEL024W/YJL166W/YBL030C/YKL085W/YGL191W/YKL141W/YGR256W/YPL134C/YMR256C/YFR033C/YNL052W/YER054C/YDR298C/YCL040W/YDR516C/YPR191W/YPR184W/YML120C/YBR117C/YGR244C/YPL271W/YLR038C/YMR081C/YLR395C/YHR051W/YFR017C/YDL085W/YOR065W/YPL061W/YIL057C/YGR043C/YDR148C/YIL024C/YGR183C/YIL125W/YAL054C/YKL093W/YEL011W/YMR105C/YMR145C/YEL039C/YFR049W/YOR356W/YDL067C/YBR269C/YOR374W/YFL053W/YER067W/YJR048W/YJR120W	64	primary_UP_GO
energy derivation by oxidation of organic compounds	energy derivation by oxidation of organic compounds	56/313	159/5859	0.352201257861635	6.59280245946109	16.9842953822556	1.61004247534432e-32	9.67635527681938e-30	8.46825849312681e-30	YJL116C/YKL148C/YOR178C/YGL187C/YLL041C/YIL155C/YJR121W/YHR001W-A/YMR118C/YKL109W/YBL045C/YDR178W/YDR529C/YEL024W/YJL166W/YBL030C/YKL085W/YGL191W/YKL141W/YPL134C/YMR256C/YFR033C/YNL052W/YER054C/YDR298C/YPR191W/YPR184W/YML120C/YGR244C/YPL271W/YLR038C/YMR081C/YLR395C/YHR051W/YFR017C/YDL085W/YOR065W/YIL057C/YDR148C/YIL024C/YGR183C/YIL125W/YAL054C/YKL093W/YEL011W/YMR105C/YMR145C/YEL039C/YFR049W/YOR356W/YDL067C/YBR269C/YFL053W/YER067W/YJR048W/YJR120W	56	primary_UP_GO
oxidative phosphorylation	oxidative phosphorylation	29/313	37/5859	0.783783783783784	14.671530955876	19.8170420749325	9.37172080610199e-31	4.22430315335047e-28	3.6968972337755e-28	YJL116C/YKL148C/YGL187C/YLL041C/YJR121W/YHR001W-A/YMR118C/YBL045C/YDR178W/YDR529C/YEL024W/YJL166W/YGL191W/YKL141W/YMR256C/YFR033C/YNL052W/YDR298C/YPR191W/YML120C/YPL271W/YLR038C/YLR395C/YHR051W/YOR065W/YGR183C/YEL039C/YDL067C/YJR048W	29	primary_UP_GO
proton transmembrane transporter activity	proton transmembrane transporter activity	42/313	93/5859	0.451612903225806	8.45367412140575	17.2120055054042	1.16586617842234e-29	4.20411343939096e-27	3.67922821358966e-27	YDR343C/YKL217W/YHR096C/YGL187C/YBR039W/YEL069C/YJR121W/YHR001W-A/YBL099W/YBL045C/YDR529C/YEL024W/YDR536W/YJL166W/YGL191W/YMR256C/YFR033C/YDL004W/YPL036W/YNL052W/YML081C-A/YFL011W/YDR298C/YBR298C/YDR377W/YPR191W/YPL271W/YLR038C/YKL016C/YLR395C/YHR051W/YLR295C/YPL078C/YOL077W-A/YOR065W/YDR322C-A/YGR183C/YPR020W/YNR072W/YDL067C/YDR342C/YNL318C	42	primary_UP_GO
respiratory electron transport chain	respiratory electron transport chain	28/313	39/5859	0.717948717948718	13.4391742442861	18.5148109673275	7.19310623661439e-28	2.16152842410262e-25	1.89166074538333e-25	YKL148C/YGL187C/YLL041C/YIL155C/YHR001W-A/YMR118C/YBL045C/YDR178W/YDR529C/YEL024W/YJL166W/YGL191W/YKL141W/YPL134C/YMR256C/YFR033C/YNL052W/YPR191W/YML120C/YLR038C/YLR395C/YHR051W/YOR065W/YGR183C/YEL039C/YOR356W/YDL067C/YJR048W	28	primary_UP_GO
cellular respiration	cellular respiration	43/313	107/5859	0.401869158878505	7.52252844047655	16.175412005194	8.97233675042538e-28	2.31101759443099e-25	2.02248613366732e-25	YJL116C/YKL148C/YGL187C/YLL041C/YIL155C/YJR121W/YHR001W-A/YMR118C/YKL109W/YBL045C/YDR178W/YDR529C/YEL024W/YJL166W/YBL030C/YKL085W/YGL191W/YKL141W/YPL134C/YMR256C/YFR033C/YNL052W/YDR298C/YPR191W/YML120C/YGR244C/YPL271W/YLR038C/YMR081C/YLR395C/YHR051W/YOR065W/YDR148C/YGR183C/YIL125W/YKL093W/YEL039C/YFR049W/YOR356W/YDL067C/YBR269C/YJR048W/YJR120W	43	primary_UP_GO
transmembrane transporter complex	transmembrane transporter complex	33/313	59/5859	0.559322033898305	10.4698651648887	17.3665169394656	2.24952567304081e-27	4.5764546856725e-25	4.00508250799724e-25	YDR119W-A/YGL187C/YBR039W/YJR121W/YHR001W-A/YBL099W/YBL045C/YDR529C/YEL024W/YJL166W/YGL191W/YMR256C/YFR033C/YDL004W/YNL052W/YML081C-A/YDR298C/YDR377W/YPR191W/YPL271W/YLR038C/YKL016C/YLR395C/YHR051W/YLR295C/YPL078C/YOL077W-A/YOR065W/YDR322C-A/YGR183C/YPR020W/YDL067C/YPL147W	33	primary_UP_GO
electron transport chain	electron transport chain	28/313	40/5859	0.7	13.1031948881789	18.2457938355409	2.28441997620923e-27	4.5764546856725e-25	4.00508250799724e-25	YKL148C/YGL187C/YLL041C/YIL155C/YHR001W-A/YMR118C/YBL045C/YDR178W/YDR529C/YEL024W/YJL166W/YGL191W/YKL141W/YPL134C/YMR256C/YFR033C/YNL052W/YPR191W/YML120C/YLR038C/YLR395C/YHR051W/YOR065W/YGR183C/YEL039C/YOR356W/YDL067C/YJR048W	28	primary_UP_GO
aerobic electron transport chain	aerobic electron transport chain	25/313	32/5859	0.78125	14.6241014376997	18.3576577321482	1.46872411124717e-26	2.40737233870787e-24	2.10681095000911e-24	YKL148C/YGL187C/YLL041C/YHR001W-A/YMR118C/YBL045C/YDR178W/YDR529C/YEL024W/YJL166W/YGL191W/YKL141W/YMR256C/YFR033C/YNL052W/YPR191W/YML120C/YLR038C/YLR395C/YHR051W/YOR065W/YGR183C/YEL039C/YDL067C/YJR048W	25	primary_UP_GO
mitochondrial ATP synthesis coupled electron transport	mitochondrial ATP synthesis coupled electron transport	25/313	32/5859	0.78125	14.6241014376997	18.3576577321482	1.46872411124717e-26	2.40737233870787e-24	2.10681095000911e-24	YKL148C/YGL187C/YLL041C/YHR001W-A/YMR118C/YBL045C/YDR178W/YDR529C/YEL024W/YJL166W/YGL191W/YKL141W/YMR256C/YFR033C/YNL052W/YPR191W/YML120C/YLR038C/YLR395C/YHR051W/YOR065W/YGR183C/YEL039C/YDL067C/YJR048W	25	primary_UP_GO
ATP synthesis coupled electron transport	ATP synthesis coupled electron transport	25/313	33/5859	0.757575757575758	14.1809468486785	18.0374549072498	5.77072673153716e-26	8.67051691413459e-24	7.58799944787211e-24	YKL148C/YGL187C/YLL041C/YHR001W-A/YMR118C/YBL045C/YDR178W/YDR529C/YEL024W/YJL166W/YGL191W/YKL141W/YMR256C/YFR033C/YNL052W/YPR191W/YML120C/YLR038C/YLR395C/YHR051W/YOR065W/YGR183C/YEL039C/YDL067C/YJR048W	25	primary_UP_GO
aerobic respiration	aerobic respiration	37/313	90/5859	0.411111111111111	7.69552715654952	15.2059192866482	2.10641146576347e-24	2.92143067136272e-22	2.55668889650157e-22	YJL116C/YKL148C/YGL187C/YLL041C/YJR121W/YHR001W-A/YMR118C/YBL045C/YDR178W/YDR529C/YEL024W/YJL166W/YBL030C/YKL085W/YGL191W/YKL141W/YMR256C/YFR033C/YNL052W/YDR298C/YPR191W/YML120C/YGR244C/YPL271W/YLR038C/YMR081C/YLR395C/YHR051W/YOR065W/YDR148C/YGR183C/YIL125W/YKL093W/YEL039C/YFR049W/YDL067C/YJR048W	37	primary_UP_GO
proton transmembrane transport	proton transmembrane transport	36/313	87/5859	0.413793103448276	7.74573096838162	15.0585238694639	6.99917053959495e-24	9.01393177349264e-22	7.88853882620514e-22	YDR343C/YKL217W/YHR096C/YGL187C/YBR039W/YEL069C/YJR121W/YHR001W-A/YBL099W/YBL045C/YDR529C/YEL024W/YDR536W/YJL166W/YGL191W/YMR256C/YFR033C/YPL036W/YNL052W/YML081C-A/YFL011W/YBR298C/YPR191W/YLR038C/YKL016C/YLR395C/YHR051W/YPL078C/YOR065W/YDR322C-A/YGR183C/YPR020W/YNR072W/YDL067C/YDR342C/YNL318C	36	primary_UP_GO
electron transfer activity	electron transfer activity	24/313	34/5859	0.705882352941177	13.2133057695922	16.9660852010971	9.97507661359636e-24	1.19900420895428e-21	1.0493080592127e-21	YKL148C/YGL187C/YLL041C/YHR001W-A/YMR118C/YBL045C/YDR529C/YEL024W/YJL166W/YGL191W/YKL141W/YMR256C/YFR033C/YNL052W/YPR191W/YLR038C/YLR395C/YHR051W/YOR065W/YGR183C/YEL039C/YOR356W/YDL067C/YJR048W	24	primary_UP_GO
inorganic cation transmembrane transporter activity	inorganic cation transmembrane transporter activity	44/313	150/5859	0.293333333333333	5.49086261980831	13.2358640459157	6.88171711394662e-22	7.7548349727786e-20	6.78664075908288e-20	YDR343C/YKL217W/YHR096C/YGL187C/YBR039W/YEL069C/YJR121W/YHR001W-A/YBL099W/YBL045C/YDR529C/YEL024W/YDR536W/YJL166W/YGL191W/YMR256C/YFR033C/YDL004W/YPL036W/YNL052W/YML081C-A/YFL011W/YDR298C/YBR298C/YDR377W/YPR191W/YPL271W/YLR038C/YKL016C/YLR395C/YHR051W/YLR295C/YPL078C/YOL077W-A/YOR065W/YDR322C-A/YGR183C/YPR020W/YNR072W/YBR296C/YDL067C/YNR002C/YDR342C/YNL318C	44	primary_UP_GO
oxidoreductase complex	oxidoreductase complex	27/313	51/5859	0.529411764705882	9.90997932719414	15.1811754832807	1.06801429916832e-21	1.13272340082381e-19	9.91302436193999e-20	YDR119W-A/YKL148C/YGL187C/YLL041C/YHR001W-A/YMR118C/YBL045C/YDR178W/YDR529C/YEL024W/YJL166W/YGL191W/YKL141W/YMR256C/YFR033C/YNL052W/YPR191W/YLR038C/YLR395C/YHR051W/YOR065W/YJL026W/YDR148C/YGR183C/YIL125W/YFR049W/YDL067C	27	primary_UP_GO
cytochrome complex	cytochrome complex	18/313	20/5859	0.9	16.84696485623	16.8635410764016	1.34937427055703e-21	1.35162322767462e-19	1.18287253307894e-19	YDR119W-A/YGL187C/YHR001W-A/YBL045C/YDR529C/YEL024W/YJL166W/YGL191W/YMR256C/YFR033C/YNL052W/YPR191W/YLR038C/YLR395C/YHR051W/YOR065W/YGR183C/YDL067C	18	primary_UP_GO
oxidoreduction-driven active transmembrane transporter activity	oxidoreduction-driven active transmembrane transporter activity	17/313	18/5859	0.944444444444444	17.6789137380192	16.8351632393648	2.64979464279387e-21	2.51451565313544e-19	2.20057737925097e-19	YGL187C/YHR001W-A/YBL045C/YDR529C/YEL024W/YJL166W/YGL191W/YMR256C/YFR033C/YNL052W/YPR191W/YLR038C/YLR395C/YHR051W/YOR065W/YGR183C/YDL067C	17	primary_UP_GO
monoatomic cation transmembrane transporter activity	monoatomic cation transmembrane transporter activity	44/313	155/5859	0.283870967741935	5.31373801916933	12.9296502297729	2.96487779461586e-21	2.6728373318462e-19	2.3391325337522e-19	YDR343C/YKL217W/YHR096C/YGL187C/YBR039W/YEL069C/YJR121W/YHR001W-A/YBL099W/YBL045C/YDR529C/YEL024W/YDR536W/YJL166W/YGL191W/YMR256C/YFR033C/YDL004W/YPL036W/YNL052W/YML081C-A/YFL011W/YDR298C/YBR298C/YDR377W/YPR191W/YPL271W/YLR038C/YKL016C/YLR395C/YHR051W/YBR021W/YLR295C/YPL078C/YOL077W-A/YOR065W/YDR322C-A/YGR183C/YPR020W/YNR072W/YBR296C/YDL067C/YDR342C/YNL318C	44	primary_UP_GO
transporter complex	transporter complex	33/313	85/5859	0.388235294117647	7.2673181732757	13.826419709411	6.55907824730135e-21	5.6314371808973e-19	4.92835002140587e-19	YDR119W-A/YGL187C/YBR039W/YJR121W/YHR001W-A/YBL099W/YBL045C/YDR529C/YEL024W/YJL166W/YGL191W/YMR256C/YFR033C/YDL004W/YNL052W/YML081C-A/YDR298C/YDR377W/YPR191W/YPL271W/YLR038C/YKL016C/YLR395C/YHR051W/YLR295C/YPL078C/YOL077W-A/YOR065W/YDR322C-A/YGR183C/YPR020W/YDL067C/YPL147W	33	primary_UP_GO
inorganic molecular entity transmembrane transporter activity	inorganic molecular entity transmembrane transporter activity	46/313	176/5859	0.261363636363636	4.89242666279408	12.4550324818998	1.45906335815908e-20	1.1957687430731e-18	1.04647654252654e-18	YDR343C/YJR077C/YKL217W/YHR096C/YGL187C/YBR039W/YEL069C/YJR121W/YHR001W-A/YBL099W/YBL045C/YDR529C/YEL024W/YDR536W/YJL166W/YGL191W/YMR256C/YFR033C/YDL004W/YPL036W/YNL052W/YML081C-A/YFL011W/YDR298C/YBR298C/YDR377W/YPR191W/YPL271W/YLR038C/YKL016C/YLR395C/YHR051W/YLR295C/YPL078C/YOL077W-A/YOR065W/YDR322C-A/YGR183C/YPR020W/YNR072W/YBR296C/YDL067C/YNR002C/YDR342C/YNL318C/YPR192W	46	primary_UP_GO
monoatomic ion transmembrane transporter activity	monoatomic ion transmembrane transporter activity	44/313	162/5859	0.271604938271605	5.08413205537806	12.5225015289411	2.06087701783001e-20	1.61554837528153e-18	1.41384652161428e-18	YDR343C/YKL217W/YHR096C/YGL187C/YBR039W/YEL069C/YJR121W/YHR001W-A/YBL099W/YBL045C/YDR529C/YEL024W/YDR536W/YJL166W/YGL191W/YMR256C/YFR033C/YDL004W/YPL036W/YNL052W/YML081C-A/YFL011W/YDR298C/YBR298C/YDR377W/YPR191W/YPL271W/YLR038C/YKL016C/YLR395C/YHR051W/YBR021W/YLR295C/YPL078C/YOL077W-A/YOR065W/YDR322C-A/YGR183C/YPR020W/YNR072W/YBR296C/YDL067C/YDR342C/YNL318C	44	primary_UP_GO
mitochondrion	mitochondrion	132/313	1201/5859	0.109908409658618	2.05735901658096	9.76227763157413	2.46954164882032e-19	1.85524316367627e-17	1.62361532086915e-17	YFR053C/YDR343C/YDR119W-A/YJL116C/YKL148C/YHR008C/YNL144C/YIL136W/YJR077C/YKL217W/YGL187C/YLL041C/YBR039W/YIL155C/YJR121W/YAL062W/YHR001W-A/YMR118C/YBL099W/YBL045C/YNL195C/YDR178W/YDR529C/YEL024W/YDL222C/YAL039C/YDL048C/YJL166W/YBL030C/YKL085W/YDR070C/YGL191W/YKL141W/YPL134C/YMR256C/YFR033C/YGR236C/YPL186C/YDR077W/YDL004W/YPL036W/YNL052W/YML081C-A/YHL032C/YFL011W/YDR298C/YKL150W/YDR377W/YCL040W/YDR516C/YBL015W/YPR191W/YGR088W/YPR184W/YGR243W/YML120C/YGR244C/YGR174C/YPL271W/YLR038C/YKL016C/YLR395C/YHR051W/YLR295C/YPL078C/YOL077W-A/YDL085W/YOR065W/YMR110C/YDL174C/YPL061W/YML091C/YBL064C/YDL181W/YOR215C/YPR010C-A/YDL130W-A/YDR148C/YKL026C/YDR322C-A/YGR183C/YFL036W/YIL125W/YER095W/YCR079W/YAL054C/YML128C/YJL102W/YDR155C/YBR203W/YGR008C/YCR083W/YKL093W/YJL062W-A/YIL160C/YBR230C/YBR072W/YNL135C/YPR020W/YMR145C/YER182W/YCL057C-A/YEL039C/YLR069C/YKR016W/YDR150W/YOL109W/YFR049W/YJL133C-A/YNL185C/YIR038C/YKR049C/YKL067W/YOR356W/YML009C/YDL067C/YNR002C/YDR342C/YEL034W/YBR269C/YNL318C/YOR374W/YIL162W/YLR106C/YMR252C/YPL189C-A/YHR116W/YNL112W/YGR159C/YPR151C/YPR061C/YJR048W	132	primary_UP_GO
active monoatomic ion transmembrane transporter activity	active monoatomic ion transmembrane transporter activity	33/313	95/5859	0.347368421052632	6.50233731293089	12.8441079522538	3.81044398015408e-19	2.74809219848712e-17	2.40499180052672e-17	YDR343C/YKL217W/YHR096C/YGL187C/YBR039W/YEL069C/YJR121W/YHR001W-A/YBL045C/YDR529C/YEL024W/YDR536W/YJL166W/YGL191W/YMR256C/YFR033C/YPL036W/YNL052W/YFL011W/YBR298C/YPR191W/YLR038C/YLR395C/YHR051W/YBR021W/YPL078C/YOR065W/YGR183C/YNR072W/YBR296C/YDL067C/YDR342C/YNL318C	33	primary_UP_GO
ATP biosynthetic process	ATP biosynthetic process	15/313	16/5859	0.9375	17.5489217252396	15.7459428122616	9.08771370857316e-19	6.06857326539164e-17	5.31090949284646e-17	YJL116C/YBR039W/YJR121W/YBL099W/YDL004W/YML081C-A/YDR298C/YDR377W/YPL271W/YKL016C/YLR295C/YPL078C/YOL077W-A/YDR322C-A/YPR020W	15	primary_UP_GO
proton motive force-driven ATP synthesis	proton motive force-driven ATP synthesis	15/313	16/5859	0.9375	17.5489217252396	15.7459428122616	9.08771370857316e-19	6.06857326539164e-17	5.31090949284646e-17	YJL116C/YBR039W/YJR121W/YBL099W/YDL004W/YML081C-A/YDR298C/YDR377W/YPL271W/YKL016C/YLR295C/YPL078C/YOL077W-A/YDR322C-A/YPR020W	15	primary_UP_GO
proton channel activity	proton channel activity	14/313	14/5859	1	18.7188498402556	15.7675496647153	1.16606372780933e-18	7.24969965944907e-17	6.34457178942357e-17	YBR039W/YJR121W/YBL099W/YDL004W/YML081C-A/YDR298C/YDR377W/YPL271W/YKL016C/YLR295C/YPL078C/YOL077W-A/YDR322C-A/YPR020W	14	primary_UP_GO
proton-transporting ATP synthase activity, rotational mechanism	proton-transporting ATP synthase activity, rotational mechanism	14/313	14/5859	1	18.7188498402556	15.7675496647153	1.16606372780933e-18	7.24969965944907e-17	6.34457178942357e-17	YBR039W/YJR121W/YBL099W/YDL004W/YML081C-A/YDR298C/YDR377W/YPL271W/YKL016C/YLR295C/YPL078C/YOL077W-A/YDR322C-A/YPR020W	14	primary_UP_GO
purine nucleoside triphosphate biosynthetic process	purine nucleoside triphosphate biosynthetic process	16/313	20/5859	0.8	14.9750798722045	14.871575447349	1.21129594794344e-17	7.04505352949039e-16	6.16547580973587e-16	YJL116C/YBR039W/YJR121W/YBL099W/YDL004W/YML081C-A/YDR298C/YDR377W/YPL271W/YKL016C/YLR295C/YPL078C/YOL077W-A/YDR322C-A/YPR020W/YKL067W	16	primary_UP_GO
purine ribonucleoside triphosphate biosynthetic process	purine ribonucleoside triphosphate biosynthetic process	16/313	20/5859	0.8	14.9750798722045	14.871575447349	1.21129594794344e-17	7.04505352949039e-16	6.16547580973587e-16	YJL116C/YBR039W/YJR121W/YBL099W/YDL004W/YML081C-A/YDR298C/YDR377W/YPL271W/YKL016C/YLR295C/YPL078C/YOL077W-A/YDR322C-A/YPR020W/YKL067W	16	primary_UP_GO
proton-transporting ATP synthase complex	proton-transporting ATP synthase complex	14/313	15/5859	0.933333333333333	17.4709265175719	15.1727909921165	1.66558587803377e-17	9.38453543154652e-16	8.21287247096257e-16	YBR039W/YJR121W/YBL099W/YDL004W/YML081C-A/YDR298C/YDR377W/YPL271W/YKL016C/YLR295C/YPL078C/YOL077W-A/YDR322C-A/YPR020W	14	primary_UP_GO
mitochondrial envelope	mitochondrial envelope	78/313	539/5859	0.144712430426716	2.70885025517613	9.89007292427879	2.29020457111246e-17	1.25128449748963e-15	1.09506113304548e-15	YDR343C/YDR119W-A/YKL148C/YNL144C/YIL136W/YJR077C/YGL187C/YLL041C/YBR039W/YIL155C/YJR121W/YHR001W-A/YMR118C/YBL099W/YBL045C/YDR178W/YDR529C/YEL024W/YAL039C/YJL166W/YBL030C/YGL191W/YKL141W/YPL134C/YMR256C/YFR033C/YGR236C/YPL186C/YDL004W/YNL052W/YML081C-A/YDR298C/YKL150W/YDR377W/YPR191W/YGR243W/YML120C/YGR174C/YPL271W/YLR038C/YKL016C/YLR395C/YHR051W/YLR295C/YPL078C/YOL077W-A/YDL085W/YOR065W/YMR110C/YDL174C/YPR010C-A/YKL026C/YDR322C-A/YGR183C/YCR079W/YDR155C/YJL062W-A/YIL160C/YBR230C/YPR020W/YMR145C/YER182W/YCL057C-A/YEL039C/YKR016W/YOL109W/YJL133C-A/YNL185C/YIR038C/YKL067W/YOR356W/YML009C/YDL067C/YPL189C-A/YHR116W/YPR151C/YPR061C/YJR048W	78	primary_UP_GO
cation channel complex	cation channel complex	14/313	16/5859	0.875	16.3789936102236	14.6327813930858	1.268854706467e-16	6.53641438788572e-15	5.72034046614747e-15	YBR039W/YJR121W/YBL099W/YDL004W/YML081C-A/YDR298C/YDR377W/YPL271W/YKL016C/YLR295C/YPL078C/YOL077W-A/YDR322C-A/YPR020W	14	primary_UP_GO
monoatomic ion channel complex	monoatomic ion channel complex	14/313	16/5859	0.875	16.3789936102236	14.6327813930858	1.268854706467e-16	6.53641438788572e-15	5.72034046614747e-15	YBR039W/YJR121W/YBL099W/YDL004W/YML081C-A/YDR298C/YDR377W/YPL271W/YKL016C/YLR295C/YPL078C/YOL077W-A/YDR322C-A/YPR020W	14	primary_UP_GO
inorganic cation transmembrane transport	inorganic cation transmembrane transport	38/313	150/5859	0.253333333333333	4.74210862619808	11.0290706295354	1.32456183119801e-16	6.63384717125004e-15	5.80560872797024e-15	YDR343C/YKL217W/YHR096C/YGL187C/YBR039W/YEL069C/YJR121W/YHR001W-A/YBL099W/YBL045C/YDR529C/YEL024W/YDR536W/YJL166W/YGL191W/YMR256C/YFR033C/YPL036W/YNL052W/YML081C-A/YFL011W/YBR298C/YPR191W/YLR038C/YKL016C/YLR395C/YHR051W/YPL078C/YOR065W/YDR322C-A/YGR183C/YPR020W/YNR072W/YBR296C/YDL067C/YNR002C/YDR342C/YNL318C	38	primary_UP_GO
active transmembrane transporter activity	active transmembrane transporter activity	37/313	149/5859	0.248322147651007	4.64830499388897	10.7157639327602	6.97710675751899e-16	3.39992526589371e-14	2.97544325164181e-14	YDR343C/YJR077C/YKL217W/YHR096C/YGL187C/YBR039W/YEL069C/YJR121W/YHR001W-A/YBL045C/YDR529C/YEL024W/YDR536W/YJL166W/YBL030C/YGL191W/YPL134C/YMR256C/YFR033C/YPL036W/YNL052W/YFL011W/YBR298C/YPR191W/YLR038C/YLR395C/YHR051W/YBR021W/YPL078C/YOR065W/YGR183C/YNR072W/YBR296C/YDL067C/YDR342C/YPL147W/YNL318C	37	primary_UP_GO
monoatomic cation transmembrane transport	monoatomic cation transmembrane transport	37/313	151/5859	0.245033112582781	4.58673804032753	10.6072564808798	1.11455127877317e-15	5.19549600113252e-14	4.54683627036673e-14	YDR343C/YKL217W/YHR096C/YGL187C/YBR039W/YEL069C/YJR121W/YHR001W-A/YBL099W/YBL045C/YDR529C/YEL024W/YDR536W/YJL166W/YGL191W/YMR256C/YFR033C/YPL036W/YNL052W/YML081C-A/YFL011W/YBR298C/YPR191W/YLR038C/YKL016C/YLR395C/YHR051W/YPL078C/YOR065W/YDR322C-A/YGR183C/YPR020W/YNR072W/YBR296C/YDL067C/YDR342C/YNL318C	37	primary_UP_GO
oxidoreductase activity	oxidoreductase activity	55/313	317/5859	0.173501577287066	3.24774997228409	9.77465170129433	1.12381777062767e-15	5.19549600113252e-14	4.54683627036673e-14	YEL070W/YNR073C/YKL148C/YHR008C/YGL187C/YLL041C/YIL155C/YAL062W/YHR001W-A/YBL045C/YDR178W/YDR529C/YEL024W/YJL166W/YKL085W/YGL191W/YKL141W/YGR256W/YMR256C/YFR033C/YNL052W/YKL150W/YPR191W/YGR088W/YML120C/YLR038C/YLR395C/YHR051W/YDL085W/YOR065W/YMR110C/YDL174C/YPL061W/YJL026W/YBL064C/YPL171C/YPR037C/YDR148C/YKL026C/YGR183C/YIL125W/YCR083W/YJR159W/YMR145C/YDL246C/YFR049W/YJR070C/YIR038C/YKR049C/YOR356W/YDL067C/YKL107W/YOR374W/YLR070C/YMR015C	55	primary_UP_GO
ribonucleoside triphosphate biosynthetic process	ribonucleoside triphosphate biosynthetic process	16/313	24/5859	0.666666666666667	12.4792332268371	13.3861285140425	1.51136436882497e-15	6.81247489247853e-14	5.96193470754901e-14	YJL116C/YBR039W/YJR121W/YBL099W/YDL004W/YML081C-A/YDR298C/YDR377W/YPL271W/YKL016C/YLR295C/YPL078C/YOL077W-A/YDR322C-A/YPR020W/YKL067W	16	primary_UP_GO
mitochondrial inner membrane	mitochondrial inner membrane	57/313	341/5859	0.167155425219941	3.12895730467615	9.62299395961695	1.77511185405817e-15	7.80616261674847e-14	6.83156012640101e-14	YDR119W-A/YKL148C/YJR077C/YGL187C/YLL041C/YBR039W/YIL155C/YJR121W/YHR001W-A/YMR118C/YBL099W/YBL045C/YDR178W/YDR529C/YEL024W/YAL039C/YJL166W/YBL030C/YGL191W/YKL141W/YPL134C/YMR256C/YFR033C/YDL004W/YNL052W/YML081C-A/YDR298C/YDR377W/YPR191W/YGR243W/YML120C/YGR174C/YPL271W/YLR038C/YKL016C/YLR395C/YHR051W/YLR295C/YPL078C/YOL077W-A/YOR065W/YMR110C/YDL174C/YPR010C-A/YDR322C-A/YGR183C/YJL062W-A/YPR020W/YER182W/YCL057C-A/YKR016W/YNL185C/YOR356W/YML009C/YDL067C/YPL189C-A/YPR061C	57	primary_UP_GO
inorganic ion transmembrane transport	inorganic ion transmembrane transport	39/313	171/5859	0.228070175438596	4.26921136707584	10.3066655021078	2.40203064493817e-15	1.03115744114846e-13	9.02417026757472e-14	YDR343C/YJR077C/YKL217W/YHR096C/YGL187C/YBR039W/YEL069C/YJR121W/YHR001W-A/YBL099W/YBL045C/YDR529C/YEL024W/YDR536W/YJL166W/YGL191W/YMR256C/YFR033C/YPL036W/YNL052W/YML081C-A/YFL011W/YBR298C/YPR191W/YLR038C/YKL016C/YLR395C/YHR051W/YPL078C/YOR065W/YDR322C-A/YGR183C/YPR020W/YNR072W/YBR296C/YDL067C/YNR002C/YDR342C/YNL318C	39	primary_UP_GO
monoatomic ion transmembrane transport	monoatomic ion transmembrane transport	37/313	160/5859	0.23125	4.3287340255591	10.1413711689064	8.28102351888005e-15	3.47225241966063e-13	3.03874033165268e-13	YDR343C/YKL217W/YHR096C/YGL187C/YBR039W/YEL069C/YJR121W/YHR001W-A/YBL099W/YBL045C/YDR529C/YEL024W/YDR536W/YJL166W/YGL191W/YMR256C/YFR033C/YPL036W/YNL052W/YML081C-A/YFL011W/YBR298C/YPR191W/YLR038C/YKL016C/YLR395C/YHR051W/YPL078C/YOR065W/YDR322C-A/YGR183C/YPR020W/YNR072W/YBR296C/YDL067C/YDR342C/YNL318C	37	primary_UP_GO
mitochondrial membrane	mitochondrial membrane	69/313	493/5859	0.139959432048682	2.61987959224673	8.92766281789544	1.49569028389882e-14	6.12893086788539e-13	5.36373142479505e-13	YDR343C/YDR119W-A/YKL148C/YNL144C/YIL136W/YJR077C/YGL187C/YLL041C/YBR039W/YIL155C/YJR121W/YHR001W-A/YMR118C/YBL099W/YBL045C/YDR178W/YDR529C/YEL024W/YAL039C/YJL166W/YBL030C/YGL191W/YKL141W/YPL134C/YMR256C/YFR033C/YGR236C/YPL186C/YDL004W/YNL052W/YML081C-A/YDR298C/YKL150W/YDR377W/YPR191W/YGR243W/YML120C/YGR174C/YPL271W/YLR038C/YKL016C/YLR395C/YHR051W/YLR295C/YPL078C/YOL077W-A/YOR065W/YMR110C/YDL174C/YPR010C-A/YKL026C/YDR322C-A/YGR183C/YJL062W-A/YBR230C/YPR020W/YMR145C/YER182W/YCL057C-A/YKR016W/YOL109W/YJL133C-A/YNL185C/YIR038C/YOR356W/YML009C/YDL067C/YPL189C-A/YPR061C	69	primary_UP_GO
organelle inner membrane	organelle inner membrane	57/313	359/5859	0.158774373259053	2.9720736515169	9.16106427013013	1.8797900505588e-14	7.53169213590558e-13	6.59135739365529e-13	YDR119W-A/YKL148C/YJR077C/YGL187C/YLL041C/YBR039W/YIL155C/YJR121W/YHR001W-A/YMR118C/YBL099W/YBL045C/YDR178W/YDR529C/YEL024W/YAL039C/YJL166W/YBL030C/YGL191W/YKL141W/YPL134C/YMR256C/YFR033C/YDL004W/YNL052W/YML081C-A/YDR298C/YDR377W/YPR191W/YGR243W/YML120C/YGR174C/YPL271W/YLR038C/YKL016C/YLR395C/YHR051W/YLR295C/YPL078C/YOL077W-A/YOR065W/YMR110C/YDL174C/YPR010C-A/YDR322C-A/YGR183C/YJL062W-A/YPR020W/YER182W/YCL057C-A/YKR016W/YNL185C/YOR356W/YML009C/YDL067C/YPL189C-A/YPR061C	57	primary_UP_GO
nucleoside triphosphate biosynthetic process	nucleoside triphosphate biosynthetic process	16/313	28/5859	0.571428571428571	10.6964856230032	12.2173994277114	5.13856812902112e-14	2.01409529057067e-12	1.76263469688848e-12	YJL116C/YBR039W/YJR121W/YBL099W/YDL004W/YML081C-A/YDR298C/YDR377W/YPL271W/YKL016C/YLR295C/YPL078C/YOL077W-A/YDR322C-A/YPR020W/YKL067W	16	primary_UP_GO
mitochondrial electron transport, ubiquinol to cytochrome c	mitochondrial electron transport, ubiquinol to cytochrome c	11/313	12/5859	0.916666666666667	17.158945686901	13.3104891926517	9.77117732399596e-14	3.74838993939675e-12	3.28040197282642e-12	YHR001W-A/YBL045C/YDR529C/YEL024W/YJL166W/YFR033C/YPR191W/YOR065W/YGR183C/YEL039C/YJR048W	11	primary_UP_GO
monoatomic cation transport	monoatomic cation transport	38/313	193/5859	0.196891191709845	3.68557665248556	9.01228343740638	8.32581277891656e-13	3.12738342508053e-11	2.73692836745525e-11	YDR343C/YKL217W/YHR096C/YGL187C/YBR039W/YEL069C/YJR121W/YHR001W-A/YBL099W/YBL045C/YDR529C/YEL024W/YDR536W/YJL166W/YBL030C/YGL191W/YMR256C/YFR033C/YPL036W/YNL052W/YML081C-A/YFL011W/YBR298C/YPR191W/YLR038C/YKL016C/YLR395C/YHR051W/YPL078C/YOR065W/YDR322C-A/YGR183C/YPR020W/YNR072W/YBR296C/YDL067C/YDR342C/YNL318C	38	primary_UP_GO
monoatomic cation channel activity	monoatomic cation channel activity	14/313	24/5859	0.583333333333333	10.9193290734824	11.5670978302181	1.40235435880775e-12	5.1600916508783e-11	4.51585216724557e-11	YBR039W/YJR121W/YBL099W/YDL004W/YML081C-A/YDR298C/YDR377W/YPL271W/YKL016C/YLR295C/YPL078C/YOL077W-A/YDR322C-A/YPR020W	14	primary_UP_GO
organelle envelope	organelle envelope	81/313	698/5859	0.116045845272206	2.17224475223596	7.83855479894533	1.99217139787973e-12	7.18377006075431e-11	6.28687352720362e-11	YDR343C/YDR119W-A/YKL148C/YNL144C/YIL136W/YJR077C/YGL187C/YLL041C/YBR039W/YIL155C/YJR121W/YHR001W-A/YMR118C/YBL099W/YBL045C/YDR178W/YDR529C/YEL024W/YAL039C/YJL166W/YBL030C/YGL191W/YKL141W/YPL134C/YMR256C/YFR033C/YGR236C/YPL186C/YDL004W/YNL052W/YML081C-A/YDR298C/YKL150W/YDR377W/YPR191W/YGR243W/YML120C/YGR174C/YPL271W/YLR038C/YKL016C/YLR395C/YHR051W/YLR295C/YPL078C/YOL077W-A/YDL085W/YOR065W/YMR110C/YDL174C/YPR010C-A/YKL026C/YDR322C-A/YGR183C/YCR079W/YML128C/YDR155C/YJL062W-A/YIL160C/YBR230C/YPR020W/YMR145C/YER182W/YCL057C-A/YEL039C/YKR016W/YOL109W/YJL133C-A/YNL185C/YIR038C/YKL067W/YOR356W/YML009C/YDL067C/YPL189C-A/YHR116W/YGR159C/YPL200W/YPR151C/YPR061C/YJR048W	81	primary_UP_GO
oxidoreductase activity, acting on diphenols and related substances as donors	oxidoreductase activity, acting on diphenols and related substances as donors	9/313	9/5859	1	18.7188498402556	12.6367609265262	3.1750322214724e-12	1.08011001798391e-10	9.45257855012339e-11	YHR001W-A/YBL045C/YDR529C/YEL024W/YJL166W/YFR033C/YPR191W/YOR065W/YGR183C	9	primary_UP_GO
respiratory chain complex III	respiratory chain complex III	9/313	9/5859	1	18.7188498402556	12.6367609265262	3.1750322214724e-12	1.08011001798391e-10	9.45257855012339e-11	YHR001W-A/YBL045C/YDR529C/YEL024W/YJL166W/YFR033C/YPR191W/YOR065W/YGR183C	9	primary_UP_GO
ubiquinol-cytochrome-c reductase activity	ubiquinol-cytochrome-c reductase activity	9/313	9/5859	1	18.7188498402556	12.6367609265262	3.1750322214724e-12	1.08011001798391e-10	9.45257855012339e-11	YHR001W-A/YBL045C/YDR529C/YEL024W/YJL166W/YFR033C/YPR191W/YOR065W/YGR183C	9	primary_UP_GO
monoatomic ion transport	monoatomic ion transport	38/313	203/5859	0.187192118226601	3.50402115236312	8.62557849230893	4.31048048859036e-12	1.43922154091267e-10	1.25953416226061e-10	YDR343C/YKL217W/YHR096C/YGL187C/YBR039W/YEL069C/YJR121W/YHR001W-A/YBL099W/YBL045C/YDR529C/YEL024W/YDR536W/YJL166W/YBL030C/YGL191W/YMR256C/YFR033C/YPL036W/YNL052W/YML081C-A/YFL011W/YBR298C/YPR191W/YLR038C/YKL016C/YLR395C/YHR051W/YPL078C/YOR065W/YDR322C-A/YGR183C/YPR020W/YNR072W/YBR296C/YDL067C/YDR342C/YNL318C	38	primary_UP_GO
purine ribonucleotide biosynthetic process	purine ribonucleotide biosynthetic process	18/313	46/5859	0.391304347826087	7.32476732879567	10.2301082163992	5.59384136193819e-12	1.83376290464992e-10	1.60481688067854e-10	YJL116C/YBR039W/YJR121W/YBL099W/YDL004W/YML081C-A/YDR298C/YDR377W/YPL271W/YKL016C/YLR295C/YPL078C/YOL077W-A/YJL026W/YDR322C-A/YDR399W/YPR020W/YKL067W	18	primary_UP_GO
mitochondrial electron transport, cytochrome c to oxygen	mitochondrial electron transport, cytochrome c to oxygen	10/313	12/5859	0.833333333333333	15.5990415335463	12.0255608454	9.88815200556705e-12	3.18363179750668e-10	2.78615410833553e-10	YGL187C/YGL191W/YMR256C/YNL052W/YLR038C/YLR395C/YHR051W/YEL039C/YDL067C/YJR048W	10	primary_UP_GO
monoatomic ion channel activity	monoatomic ion channel activity	14/313	28/5859	0.5	9.3594249201278	10.5327267224405	2.35902828095203e-11	7.4619789308009e-10	6.53034790978226e-10	YBR039W/YJR121W/YBL099W/YDL004W/YML081C-A/YDR298C/YDR377W/YPL271W/YKL016C/YLR295C/YPL078C/YOL077W-A/YDR322C-A/YPR020W	14	primary_UP_GO
primary active transmembrane transporter activity	primary active transmembrane transporter activity	22/313	76/5859	0.289473684210526	5.41861442744241	9.21028832967685	2.58476686521717e-11	8.03505975514922e-10	7.03187936653454e-10	YGL187C/YBR039W/YJR121W/YHR001W-A/YBL045C/YDR529C/YEL024W/YJL166W/YGL191W/YMR256C/YFR033C/YPL036W/YNL052W/YPR191W/YLR038C/YLR395C/YHR051W/YPL078C/YOR065W/YGR183C/YDL067C/YPL147W	22	primary_UP_GO
purine ribonucleoside triphosphate metabolic process	purine ribonucleoside triphosphate metabolic process	19/313	56/5859	0.339285714285714	6.35103833865815	9.55790502320871	2.73796698838001e-11	8.36704149160874e-10	7.32241305188516e-10	YFR053C/YJL116C/YBR039W/YJR121W/YBL099W/YDL004W/YML081C-A/YDR298C/YDR377W/YCL040W/YDR516C/YPL271W/YKL016C/YLR295C/YPL078C/YOL077W-A/YDR322C-A/YPR020W/YKL067W	19	primary_UP_GO
ATP metabolic process	ATP metabolic process	18/313	51/5859	0.352941176470588	6.60665288479609	9.55283712703463	4.33248101104274e-11	1.30191054381834e-09	1.13936649746545e-09	YFR053C/YJL116C/YBR039W/YJR121W/YBL099W/YDL004W/YML081C-A/YDR298C/YDR377W/YCL040W/YDR516C/YPL271W/YKL016C/YLR295C/YPL078C/YOL077W-A/YDR322C-A/YPR020W	18	primary_UP_GO
transmembrane transporter activity	transmembrane transporter activity	54/313	395/5859	0.136708860759494	2.55903263638937	7.62176104861821	4.8400462391857e-11	1.43059071627079e-09	1.2519808994891e-09	YDR343C/YJR077C/YKL217W/YHR096C/YGL187C/YBR039W/YEL069C/YJR121W/YHR001W-A/YBL099W/YBL045C/YDR529C/YEL024W/YDR536W/YJL166W/YBL030C/YGL191W/YPL134C/YMR256C/YFR033C/YDL004W/YPL036W/YNL052W/YML081C-A/YFL011W/YDR298C/YBR298C/YDR377W/YPR191W/YGR243W/YPL271W/YLR038C/YKL016C/YLR395C/YHR051W/YBR021W/YLR295C/YPL078C/YOL077W-A/YOR065W/YDR322C-A/YGR183C/YPR020W/YNR072W/YBL042C/YBR296C/YDL067C/YNR002C/YDR342C/YKL221W/YPL147W/YNL318C/YOR348C/YPR192W	54	primary_UP_GO
purine nucleoside triphosphate metabolic process	purine nucleoside triphosphate metabolic process	19/313	58/5859	0.327586206896552	6.13203701663545	9.33059338998847	5.53701571420709e-11	1.61019989237345e-09	1.40916579891281e-09	YFR053C/YJL116C/YBR039W/YJR121W/YBL099W/YDL004W/YML081C-A/YDR298C/YDR377W/YCL040W/YDR516C/YPL271W/YKL016C/YLR295C/YPL078C/YOL077W-A/YDR322C-A/YPR020W/YKL067W	19	primary_UP_GO
ribonucleoside triphosphate metabolic process	ribonucleoside triphosphate metabolic process	19/313	61/5859	0.311475409836066	5.83046142565338	9.00889136937299	1.49831604144217e-10	4.28803781384164e-09	3.75267459669476e-09	YFR053C/YJL116C/YBR039W/YJR121W/YBL099W/YDL004W/YML081C-A/YDR298C/YDR377W/YCL040W/YDR516C/YPL271W/YKL016C/YLR295C/YPL078C/YOL077W-A/YDR322C-A/YPR020W/YKL067W	19	primary_UP_GO
respiratory chain complex IV	respiratory chain complex IV	9/313	11/5859	0.818181818181818	15.3154225965728	11.2889553028385	1.58677079220538e-10	4.4702308411661e-09	3.91212075249321e-09	YDR119W-A/YGL187C/YGL191W/YMR256C/YNL052W/YLR038C/YLR395C/YHR051W/YDL067C	9	primary_UP_GO
purine nucleotide metabolic process	purine nucleotide metabolic process	28/313	133/5859	0.210526315789474	3.94081049268539	8.14937134178631	2.00410893059125e-10	5.55908984900928e-09	4.8650352825203e-09	YFR053C/YJL116C/YBR039W/YIL155C/YJR121W/YBL099W/YGR256W/YDL004W/YML081C-A/YDR298C/YDR377W/YCL040W/YDR516C/YBR117C/YPL271W/YKL016C/YLR295C/YPL078C/YOL077W-A/YPL061W/YJL026W/YGR043C/YDR322C-A/YDR399W/YPR020W/YGL037C/YKL067W/YOR374W	28	primary_UP_GO
channel activity	channel activity	16/313	43/5859	0.372093023255814	6.96515342893231	9.32611072340667	2.14780026818523e-10	5.77982669184772e-09	5.05821304322021e-09	YBR039W/YJR121W/YBL099W/YDL004W/YML081C-A/YDR298C/YDR377W/YPL271W/YKL016C/YLR295C/YPL078C/YOL077W-A/YDR322C-A/YPR020W/YNR002C/YPR192W	16	primary_UP_GO
passive transmembrane transporter activity	passive transmembrane transporter activity	16/313	43/5859	0.372093023255814	6.96515342893231	9.32611072340667	2.14780026818523e-10	5.77982669184772e-09	5.05821304322021e-09	YBR039W/YJR121W/YBL099W/YDL004W/YML081C-A/YDR298C/YDR377W/YPL271W/YKL016C/YLR295C/YPL078C/YOL077W-A/YDR322C-A/YPR020W/YNR002C/YPR192W	16	primary_UP_GO
proton-transporting two-sector ATPase complex	proton-transporting two-sector ATPase complex	14/313	32/5859	0.4375	8.18949680511182	9.68741477873935	2.28005748552694e-10	6.04550536236041e-09	5.29072162663295e-09	YBR039W/YJR121W/YBL099W/YDL004W/YML081C-A/YDR298C/YDR377W/YPL271W/YKL016C/YLR295C/YPL078C/YOL077W-A/YDR322C-A/YPR020W	14	primary_UP_GO
cytochrome-c oxidase activity	cytochrome-c oxidase activity	8/313	9/5859	0.888888888888889	16.6389776357827	11.1534339587714	5.22776862721712e-10	1.34652383355321e-08	1.1784098003306e-08	YGL187C/YGL191W/YMR256C/YNL052W/YLR038C/YLR395C/YHR051W/YDL067C	8	primary_UP_GO
oxidoreductase activity, acting on a heme group of donors	oxidoreductase activity, acting on a heme group of donors	8/313	9/5859	0.888888888888889	16.6389776357827	11.1534339587714	5.22776862721712e-10	1.34652383355321e-08	1.1784098003306e-08	YGL187C/YGL191W/YMR256C/YNL052W/YLR038C/YLR395C/YHR051W/YDL067C	8	primary_UP_GO
structural constituent of cell wall	structural constituent of cell wall	15/313	40/5859	0.375	7.01956869009585	9.07461296898043	7.05584959587823e-10	1.79178828469978e-08	1.5680828086318e-08	YKL163W/YDR077W/YHR126C/YKL096W-A/YER150W/YKL096W/YFL020C/YEL049W/YOL161C/YLR037C/YLL025W/YOR394W/YMR325W/YBR301W/YGR294W	15	primary_UP_GO
purine ribonucleotide metabolic process	purine ribonucleotide metabolic process	21/313	84/5859	0.25	4.6797124600639	8.06927380205189	1.49267464555348e-09	3.73790609157352e-08	3.27122703755069e-08	YFR053C/YJL116C/YBR039W/YJR121W/YBL099W/YDL004W/YML081C-A/YDR298C/YDR377W/YCL040W/YDR516C/YPL271W/YKL016C/YLR295C/YPL078C/YOL077W-A/YJL026W/YDR322C-A/YDR399W/YPR020W/YKL067W	21	primary_UP_GO
nucleoside triphosphate metabolic process	nucleoside triphosphate metabolic process	19/313	69/5859	0.27536231884058	5.15446589804139	8.24626679751887	1.57605031260448e-09	3.89262837482998e-08	3.40663218254379e-08	YFR053C/YJL116C/YBR039W/YJR121W/YBL099W/YDL004W/YML081C-A/YDR298C/YDR377W/YCL040W/YDR516C/YPL271W/YKL016C/YLR295C/YPL078C/YOL077W-A/YDR322C-A/YPR020W/YKL067W	19	primary_UP_GO
ribonucleotide biosynthetic process	ribonucleotide biosynthetic process	18/313	62/5859	0.290322580645161	5.43450479233227	8.33865955185163	1.67407336633586e-09	4.07885713446428e-08	3.5696102078769e-08	YJL116C/YBR039W/YJR121W/YBL099W/YDL004W/YML081C-A/YDR298C/YDR377W/YPL271W/YKL016C/YLR295C/YPL078C/YOL077W-A/YJL026W/YDR322C-A/YDR399W/YPR020W/YKL067W	18	primary_UP_GO
purine nucleotide biosynthetic process	purine nucleotide biosynthetic process	19/313	71/5859	0.267605633802817	5.00926967556136	8.07396945633106	2.67758066623082e-09	6.43690392161889e-08	5.63325392095439e-08	YJL116C/YBR039W/YJR121W/YBL099W/YDL004W/YML081C-A/YDR298C/YDR377W/YPL271W/YKL016C/YLR295C/YPL078C/YOL077W-A/YJL026W/YDR322C-A/YDR399W/YPR020W/YGL037C/YKL067W	19	primary_UP_GO
transporter activity	transporter activity	54/313	450/5859	0.12	2.24626198083067	6.53602993179541	6.61329801677807e-09	1.56891793740143e-07	1.37303791234769e-07	YDR343C/YJR077C/YKL217W/YHR096C/YGL187C/YBR039W/YEL069C/YJR121W/YHR001W-A/YBL099W/YBL045C/YDR529C/YEL024W/YDR536W/YJL166W/YBL030C/YGL191W/YPL134C/YMR256C/YFR033C/YDL004W/YPL036W/YNL052W/YML081C-A/YFL011W/YDR298C/YBR298C/YDR377W/YPR191W/YGR243W/YPL271W/YLR038C/YKL016C/YLR395C/YHR051W/YBR021W/YLR295C/YPL078C/YOL077W-A/YOR065W/YDR322C-A/YGR183C/YPR020W/YNR072W/YBL042C/YBR296C/YDL067C/YNR002C/YDR342C/YKL221W/YPL147W/YNL318C/YOR348C/YPR192W	54	primary_UP_GO
ribose phosphate biosynthetic process	ribose phosphate biosynthetic process	18/313	68/5859	0.264705882352941	4.95498966359707	7.7925562613161	8.5915850598721e-09	2.01176985233109e-07	1.76059959053292e-07	YJL116C/YBR039W/YJR121W/YBL099W/YDL004W/YML081C-A/YDR298C/YDR377W/YPL271W/YKL016C/YLR295C/YPL078C/YOL077W-A/YJL026W/YDR322C-A/YDR399W/YPR020W/YKL067W	18	primary_UP_GO
mitochondrial intermembrane space	mitochondrial intermembrane space	21/313	92/5859	0.228260869565217	4.27278094179747	7.51610425100633	8.81987230457014e-09	2.03874740578718e-07	1.78420898576932e-07	YJR077C/YGL187C/YIL155C/YJR121W/YBL099W/YAL039C/YFR033C/YNL052W/YKL150W/YLR038C/YDL085W/YOR065W/YDL174C/YCR079W/YDR155C/YIL160C/YMR145C/YEL039C/YKL067W/YHR116W/YJR048W	21	primary_UP_GO
carbohydrate metabolic process	carbohydrate metabolic process	37/313	253/5859	0.146245059288538	2.73753930470141	6.71158772688332	1.23483546700541e-08	2.81823841393766e-07	2.46638023323265e-07	YEL070W/YNR073C/YFR053C/YKR097W/YGR292W/YNR071C/YDL049C/YOR178C/YIL155C/YKL109W/YHL032C/YER054C/YGR282C/YCL040W/YDR516C/YPR184W/YFR017C/YDL085W/YGR043C/YIL024C/YMR280C/YBR105C/YJR159W/YBR299W/YEL011W/YMR105C/YMR145C/YDL246C/YPL201C/YLL026W/YHR043C/YOL157C/YIL162W/YLR070C/YNL117W/YFL053W/YLR308W	37	primary_UP_GO
transmembrane transport	transmembrane transport	55/313	479/5859	0.11482254697286	2.14934601506066	6.2356873651416	2.29516322322943e-08	5.17272411435333e-07	4.5269074626591e-07	YFR053C/YDR343C/YBL075C/YJR077C/YKL217W/YHR096C/YOR092W/YGL187C/YBR039W/YEL069C/YJR121W/YHR001W-A/YBL099W/YBL045C/YDR529C/YEL024W/YDR277C/YDR536W/YJL166W/YBL030C/YGL191W/YPL134C/YMR256C/YFR033C/YPL036W/YNL052W/YML081C-A/YFL011W/YBR298C/YCL040W/YPR191W/YGR243W/YLR038C/YKL016C/YLR395C/YHR051W/YBR021W/YPL078C/YOR065W/YDR322C-A/YGR183C/YAL005C/YPR020W/YKR016W/YNR072W/YBL042C/YBR296C/YDL067C/YNR002C/YDR342C/YKL221W/YPL147W/YNL318C/YOR348C/YPR192W	55	primary_UP_GO
organelle envelope lumen	organelle envelope lumen	21/313	97/5859	0.216494845360825	4.05253450149863	7.20139679812885	2.40728813504301e-08	5.3584450709661e-07	4.68944108437878e-07	YJR077C/YGL187C/YIL155C/YJR121W/YBL099W/YAL039C/YFR033C/YNL052W/YKL150W/YLR038C/YDL085W/YOR065W/YDL174C/YCR079W/YDR155C/YIL160C/YMR145C/YEL039C/YKL067W/YHR116W/YJR048W	21	primary_UP_GO
purine-containing compound metabolic process	purine-containing compound metabolic process	30/313	184/5859	0.16304347826087	3.05198638699819	6.71826876290062	2.68982062414944e-08	5.91432510407493e-07	5.1759192754814e-07	YFR053C/YJL116C/YBR039W/YIL155C/YJR121W/YBL099W/YGR256W/YDL004W/YML081C-A/YDR298C/YDR377W/YCL040W/YDR516C/YBR117C/YGR244C/YPL271W/YKL016C/YLR295C/YPL078C/YOL077W-A/YPL061W/YJL026W/YGR043C/YDR322C-A/YAL054C/YDR399W/YPR020W/YGL037C/YKL067W/YOR374W	30	primary_UP_GO
ribonucleotide metabolic process	ribonucleotide metabolic process	21/313	101/5859	0.207920792079208	3.8920380855977	6.96443331570734	5.1069617648504e-08	1.10937976650907e-06	9.70873263856785e-07	YFR053C/YJL116C/YBR039W/YJR121W/YBL099W/YDL004W/YML081C-A/YDR298C/YDR377W/YCL040W/YDR516C/YPL271W/YKL016C/YLR295C/YPL078C/YOL077W-A/YJL026W/YDR322C-A/YDR399W/YPR020W/YKL067W	21	primary_UP_GO
membrane protein complex	membrane protein complex	43/313	340/5859	0.126470588235294	2.36738395038527	6.17101581461901	6.27725094391921e-08	1.34736707760552e-06	1.17914776502944e-06	YDR119W-A/YKL148C/YGL187C/YLL041C/YBR039W/YJR121W/YHR001W-A/YMR118C/YBL099W/YBL045C/YDR178W/YDR529C/YEL024W/YJL166W/YBL030C/YGL191W/YKL141W/YMR256C/YFR033C/YDL004W/YNL052W/YML081C-A/YDR298C/YDR377W/YPR191W/YGR243W/YPL271W/YLR038C/YKL016C/YLR395C/YHR051W/YLR295C/YPL078C/YOL077W-A/YOR065W/YDR322C-A/YGR183C/YPR020W/YCL057C-A/YKR016W/YDL067C/YPL147W/YPL200W	43	primary_UP_GO
nucleotide metabolic process	nucleotide metabolic process	28/313	176/5859	0.159090909090909	2.97799883822248	6.32922387843701	1.37715566037166e-07	2.92119018311778e-06	2.55647843330913e-06	YFR053C/YJL116C/YBR039W/YIL155C/YJR121W/YBL099W/YGR256W/YDL004W/YML081C-A/YDR298C/YDR377W/YCL040W/YDR516C/YBR117C/YPL271W/YKL016C/YLR295C/YPL078C/YOL077W-A/YPL061W/YJL026W/YGR043C/YDR322C-A/YDR399W/YPR020W/YGL037C/YKL067W/YOR374W	28	primary_UP_GO
solute:monoatomic cation symporter activity	solute:monoatomic cation symporter activity	12/313	36/5859	0.333333333333333	6.23961661341853	7.49090493605193	1.72103058664093e-07	3.54133417792163e-06	3.09919720507022e-06	YDR343C/YKL217W/YHR096C/YEL069C/YDR536W/YFL011W/YBR298C/YBR021W/YNR072W/YBR296C/YDR342C/YNL318C	12	primary_UP_GO
symporter activity	symporter activity	12/313	36/5859	0.333333333333333	6.23961661341853	7.49090493605193	1.72103058664093e-07	3.54133417792163e-06	3.09919720507022e-06	YDR343C/YKL217W/YHR096C/YEL069C/YDR536W/YFL011W/YBR298C/YBR021W/YNR072W/YBR296C/YDR342C/YNL318C	12	primary_UP_GO
ribose phosphate metabolic process	ribose phosphate metabolic process	21/313	108/5859	0.194444444444444	3.63977635782748	6.57755137228258	1.7284382010932e-07	3.54133417792163e-06	3.09919720507022e-06	YFR053C/YJL116C/YBR039W/YJR121W/YBL099W/YDL004W/YML081C-A/YDR298C/YDR377W/YCL040W/YDR516C/YPL271W/YKL016C/YLR295C/YPL078C/YOL077W-A/YJL026W/YDR322C-A/YDR399W/YPR020W/YKL067W	21	primary_UP_GO
purine-containing compound biosynthetic process	purine-containing compound biosynthetic process	20/313	102/5859	0.196078431372549	3.67036271377561	6.46292544934516	2.96966920545026e-07	6.01608267126609e-06	5.2649723701596e-06	YJL116C/YBR039W/YJR121W/YBL099W/YDL004W/YML081C-A/YDR298C/YDR377W/YPL271W/YKL016C/YLR295C/YPL078C/YOL077W-A/YJL026W/YDR322C-A/YAL054C/YDR399W/YPR020W/YGL037C/YKL067W	20	primary_UP_GO
hexitol dehydrogenase activity	hexitol dehydrogenase activity	5/313	5/5859	1	18.7188498402556	9.41566700099571	4.22088419578824e-07	8.45583800556244e-06	7.40012328594921e-06	YEL070W/YNR073C/YJR159W/YDL246C/YLR070C	5	primary_UP_GO
tricarboxylic acid cycle	tricarboxylic acid cycle	10/313	28/5859	0.357142857142857	6.685303514377	7.16338131189869	9.10537882807496e-07	1.80406571725485e-05	1.57882739887616e-05	YKL148C/YLL041C/YMR118C/YDR178W/YKL085W/YKL141W/YGR244C/YDR148C/YIL125W/YFR049W	10	primary_UP_GO
alditol metabolic process	alditol metabolic process	8/313	17/5859	0.470588235294118	8.80887051306145	7.65929550745332	9.66889493691334e-07	1.89489321426682e-05	1.65831504696031e-05	YEL070W/YNR073C/YIL155C/YHL032C/YJR159W/YDL246C/YPL201C/YFL053W	8	primary_UP_GO
carbohydrate transmembrane transport	carbohydrate transmembrane transport	12/313	42/5859	0.285714285714286	5.3482428115016	6.71809004856512	1.13680986644136e-06	2.20394428945568e-05	1.9287809731699e-05	YFR053C/YDR343C/YHR096C/YEL069C/YDR277C/YDR536W/YFL011W/YBR298C/YCL040W/YNR072W/YDR342C/YNL318C	12	primary_UP_GO
carbohydrate catabolic process	carbohydrate catabolic process	18/313	92/5859	0.195652173913043	3.66238366439783	6.11429653669399	1.22167043276344e-06	2.343267861992e-05	2.05070994256707e-05	YFR053C/YGR292W/YNR071C/YIL155C/YHL032C/YCL040W/YDR516C/YPR184W/YFR017C/YIL024C/YJR159W/YBR299W/YMR105C/YDL246C/YOL157C/YIL162W/YLR070C/YFL053W	18	primary_UP_GO
hexose transmembrane transport	hexose transmembrane transport	10/313	29/5859	0.344827586206897	6.45477580698469	6.9951744077546	1.3246524104161e-06	2.48786280831275e-05	2.17725215264665e-05	YFR053C/YDR343C/YHR096C/YEL069C/YDR277C/YFL011W/YCL040W/YNR072W/YDR342C/YNL318C	10	primary_UP_GO
monosaccharide transmembrane transport	monosaccharide transmembrane transport	10/313	29/5859	0.344827586206897	6.45477580698469	6.9951744077546	1.3246524104161e-06	2.48786280831275e-05	2.17725215264665e-05	YFR053C/YDR343C/YHR096C/YEL069C/YDR277C/YFL011W/YCL040W/YNR072W/YDR342C/YNL318C	10	primary_UP_GO
carbohydrate transport	carbohydrate transport	12/313	43/5859	0.27906976744186	5.22386507169923	6.6037250858186	1.50231698272033e-06	2.79245105138635e-05	2.4438124330958e-05	YFR053C/YDR343C/YHR096C/YEL069C/YDR277C/YDR536W/YFL011W/YBR298C/YCL040W/YNR072W/YDR342C/YNL318C	12	primary_UP_GO
cell wall	cell wall	22/313	134/5859	0.164179104477612	3.07324400362405	5.76729267744594	1.855948231899e-06	3.41456598174888e-05	2.98825606833148e-05	YJL116C/YKL163W/YDR077W/YKL096W-A/YGR282C/YER150W/YAL005C/YKL096W/YFL020C/YPL130W/YEL049W/YDR218C/YOL161C/YLR037C/YOR214C/YGR059W/YLL025W/YOR394W/YMR325W/YBR301W/YGR294W/YOR255W	22	primary_UP_GO
carbohydrate:monoatomic cation symporter activity	carbohydrate:monoatomic cation symporter activity	9/313	24/5859	0.375	7.01956869009585	7.01952112065695	2.0275164153168e-06	3.65561209681619e-05	3.19920748058935e-05	YDR343C/YHR096C/YEL069C/YDR536W/YFL011W/YBR298C/YNR072W/YDR342C/YNL318C	9	primary_UP_GO
carbohydrate:proton symporter activity	carbohydrate:proton symporter activity	9/313	24/5859	0.375	7.01956869009585	7.01952112065695	2.0275164153168e-06	3.65561209681619e-05	3.19920748058935e-05	YDR343C/YHR096C/YEL069C/YDR536W/YFL011W/YBR298C/YNR072W/YDR342C/YNL318C	9	primary_UP_GO
external encapsulating structure	external encapsulating structure	22/313	135/5859	0.162962962962963	3.05047923322684	5.72571025006856	2.11107211922337e-06	3.76857725837597e-05	3.2980688970462e-05	YJL116C/YKL163W/YDR077W/YKL096W-A/YGR282C/YER150W/YAL005C/YKL096W/YFL020C/YPL130W/YEL049W/YDR218C/YOL161C/YLR037C/YOR214C/YGR059W/YLL025W/YOR394W/YMR325W/YBR301W/YGR294W/YOR255W	22	primary_UP_GO
nucleotide biosynthetic process	nucleotide biosynthetic process	19/313	105/5859	0.180952380952381	3.38722044728435	5.86353019918177	2.13881766635714e-06	3.78067475729601e-05	3.30865601844103e-05	YJL116C/YBR039W/YJR121W/YBL099W/YDL004W/YML081C-A/YDR298C/YDR377W/YPL271W/YKL016C/YLR295C/YPL078C/YOL077W-A/YJL026W/YDR322C-A/YDR399W/YPR020W/YGL037C/YKL067W	19	primary_UP_GO
nucleoside phosphate metabolic process	nucleoside phosphate metabolic process	31/313	242/5859	0.128099173553719	2.39786919441291	5.27568582903555	3.87870146592311e-06	6.78961043015473e-05	5.94192488239013e-05	YFR053C/YJL116C/YBR039W/YIL155C/YJR121W/YBL099W/YGR256W/YDL004W/YML081C-A/YDR298C/YDR377W/YCL040W/YDR516C/YBR117C/YGR244C/YPL271W/YKL016C/YLR295C/YPL078C/YOL077W-A/YPL061W/YJL026W/YGR043C/YDR322C-A/YAL054C/YDR399W/YMR105C/YPR020W/YGL037C/YKL067W/YOR374W	31	primary_UP_GO
solute:proton symporter activity	solute:proton symporter activity	10/313	33/5859	0.303030303030303	5.67237873947139	6.39391250039505	5.05307521827259e-06	8.73634824657133e-05	7.64561171241523e-05	YDR343C/YKL217W/YHR096C/YEL069C/YDR536W/YFL011W/YBR298C/YNR072W/YDR342C/YNL318C	10	primary_UP_GO
secondary active transmembrane transporter activity	secondary active transmembrane transporter activity	15/313	73/5859	0.205479452054795	3.8463390082717	5.81320662669852	5.08772360449246e-06	8.73634824657133e-05	7.64561171241523e-05	YDR343C/YJR077C/YKL217W/YHR096C/YEL069C/YDR536W/YBL030C/YPL134C/YFL011W/YBR298C/YBR021W/YNR072W/YBR296C/YDR342C/YNL318C	15	primary_UP_GO
fungal-type cell wall	fungal-type cell wall	21/313	132/5859	0.159090909090909	2.97799883822248	5.46017203129176	5.37224793886278e-06	9.13788965449961e-05	7.99702051673814e-05	YJL116C/YKL163W/YDR077W/YKL096W-A/YGR282C/YER150W/YAL005C/YKL096W/YFL020C/YPL130W/YEL049W/YDR218C/YOL161C/YLR037C/YOR214C/YGR059W/YLL025W/YOR394W/YMR325W/YBR301W/YGR294W	21	primary_UP_GO
respiratory chain complex II (succinate dehydrogenase)	respiratory chain complex II (succinate dehydrogenase)	5/313	7/5859	0.714285714285714	13.370607028754	7.77937652800097	8.10406355224984e-06	0.000136557257800995	0.000119508030150738	YKL148C/YLL041C/YMR118C/YDR178W/YKL141W	5	primary_UP_GO
carbohydrate transmembrane transporter activity	carbohydrate transmembrane transporter activity	9/313	28/5859	0.321428571428571	6.0167731629393	6.32104495926323	8.85363594361602e-06	0.000147806533392034	0.000129352829234702	YDR343C/YHR096C/YEL069C/YDR536W/YFL011W/YBR298C/YNR072W/YDR342C/YNL318C	9	primary_UP_GO
nucleobase-containing small molecule metabolic process	nucleobase-containing small molecule metabolic process	31/313	254/5859	0.122047244094488	2.28458403562175	4.97219886527677	1.06596424560047e-05	0.000176324177506207	0.000154310034201363	YFR053C/YJL116C/YBR039W/YIL155C/YJR121W/YBL099W/YGR256W/YDL004W/YML081C-A/YDR298C/YDR377W/YCL040W/YDR516C/YBR117C/YGR244C/YPL271W/YKL016C/YLR295C/YPL078C/YOL077W-A/YPL061W/YJL026W/YGR043C/YDR322C-A/YAL054C/YDR399W/YMR105C/YPR020W/YGL037C/YKL067W/YOR374W	31	primary_UP_GO
small molecule metabolic process	small molecule metabolic process	64/313	714/5859	0.0896358543417367	1.67788009772599	4.59162296728535	1.31129236161285e-05	0.000214932738907997	0.000188098301440924	YEL070W/YNR073C/YFR053C/YKR097W/YHR033W/YNR071C/YJL116C/YBR039W/YIL155C/YJR121W/YAL062W/YBL099W/YKL085W/YGR256W/YDL004W/YML081C-A/YHL032C/YDR298C/YKL150W/YDR377W/YCL040W/YDR516C/YBL015W/YBR117C/YGR244C/YPL271W/YKL016C/YLR295C/YPL078C/YOL077W-A/YDL085W/YMR110C/YDL174C/YGR087C/YPL061W/YJL026W/YGR043C/YDR148C/YDR322C-A/YMR280C/YIL125W/YAL054C/YBR105C/YDR216W/YIL160C/YDR399W/YJR159W/YMR105C/YNL135C/YPR020W/YMR145C/YGL037C/YDL246C/YFR049W/YPL201C/YKL067W/YHR043C/YPL147W/YOR374W/YLR070C/YNL117W/YFL053W/YMR101C/YMR015C	64	primary_UP_GO
fructose transmembrane transport	fructose transmembrane transport	7/313	17/5859	0.411764705882353	7.70776169892877	6.57927788144748	1.42013805273719e-05	0.00023067647829596	0.000201876428739028	YFR053C/YDR343C/YHR096C/YEL069C/YFL011W/YNR072W/YDR342C	7	primary_UP_GO
mitochondrial respirasome assembly	mitochondrial respirasome assembly	13/313	63/5859	0.206349206349206	3.86261980830671	5.42658585269736	2.08694277651602e-05	0.000335960520183785	0.00029401571635315	YGL187C/YDR529C/YGL191W/YML081C-A/YGR174C/YLR038C/YLR295C/YGR183C/YJL062W-A/YER182W/YBR269C/YPL189C-A/YHR116W	13	primary_UP_GO
hexose transmembrane transporter activity	hexose transmembrane transporter activity	7/313	18/5859	0.388888888888889	7.27955271565495	6.33838010668931	2.21821933955863e-05	0.000347778214715148	0.000304357967047907	YDR343C/YHR096C/YEL069C/YFL011W/YNR072W/YDR342C/YNL318C	7	primary_UP_GO
monosaccharide transmembrane transporter activity	monosaccharide transmembrane transporter activity	7/313	18/5859	0.388888888888889	7.27955271565495	6.33838010668931	2.21821933955863e-05	0.000347778214715148	0.000304357967047907	YDR343C/YHR096C/YEL069C/YFL011W/YNR072W/YDR342C/YNL318C	7	primary_UP_GO
sugar transmembrane transporter activity	sugar transmembrane transporter activity	7/313	18/5859	0.388888888888889	7.27955271565495	6.33838010668931	2.21821933955863e-05	0.000347778214715148	0.000304357967047907	YDR343C/YHR096C/YEL069C/YFL011W/YNR072W/YDR342C/YNL318C	7	primary_UP_GO
NADH dehydrogenase activity	NADH dehydrogenase activity	4/313	5/5859	0.8	14.9750798722045	7.42625506594941	3.83007676264422e-05	0.000595312793366166	0.000520987755644618	YKL150W/YML120C/YDL085W/YMR145C	4	primary_UP_GO
alditol catabolic process	alditol catabolic process	5/313	9/5859	0.555555555555556	10.3993610223642	6.70345305550671	4.44659953959972e-05	0.000679425336432059	0.000594598814438892	YIL155C/YHL032C/YJR159W/YDL246C/YFL053W	5	primary_UP_GO
mitochondrial electron transport, succinate to ubiquinone	mitochondrial electron transport, succinate to ubiquinone	5/313	9/5859	0.555555555555556	10.3993610223642	6.70345305550671	4.44659953959972e-05	0.000679425336432059	0.000594598814438892	YKL148C/YLL041C/YMR118C/YDR178W/YKL141W	5	primary_UP_GO
fructose transmembrane transporter activity	fructose transmembrane transporter activity	6/313	14/5859	0.428571428571429	8.0223642172524	6.24902166661453	4.62084458092165e-05	0.000694281898283478	0.000607600528666803	YDR343C/YHR096C/YEL069C/YFL011W/YNR072W/YDR342C	6	primary_UP_GO
mannose transmembrane transporter activity	mannose transmembrane transporter activity	6/313	14/5859	0.428571428571429	8.0223642172524	6.24902166661453	4.62084458092165e-05	0.000694281898283478	0.000607600528666803	YDR343C/YHR096C/YEL069C/YFL011W/YNR072W/YDR342C	6	primary_UP_GO
fungal-type cell wall organization	fungal-type cell wall organization	25/313	200/5859	0.125	2.33985623003195	4.57994508447361	5.29642550037213e-05	0.000789211171667021	0.000690677844720124	YDL049C/YPR030W/YJL116C/YDL222C/YKL163W/YDR077W/YKL096W-A/YGR282C/YHR139C/YER150W/YOL109W/YKL096W/YFL020C/YEL049W/YOL161C/YNL194C/YLR037C/YLL025W/YOR394W/YMR325W/YHR185C/YBR301W/YGR294W/YOR255W/YLR308W	25	primary_UP_GO
organic hydroxy compound catabolic process	organic hydroxy compound catabolic process	8/313	27/5859	0.296296296296296	5.54632587859425	5.62458658609202	5.51198568849275e-05	0.00081459919642233	0.000712896164542763	YIL155C/YHL032C/YDL174C/YPL061W/YAL054C/YJR159W/YDL246C/YFL053W	8	primary_UP_GO
nucleoside phosphate biosynthetic process	nucleoside phosphate biosynthetic process	20/313	142/5859	0.140845070422535	2.63645772397966	4.68944866671733	5.63519672914263e-05	0.000826037374198712	0.000722906281299512	YJL116C/YBR039W/YJR121W/YBL099W/YDL004W/YML081C-A/YDR298C/YDR377W/YPL271W/YKL016C/YLR295C/YPL078C/YOL077W-A/YJL026W/YDR322C-A/YAL054C/YDR399W/YPR020W/YGL037C/YKL067W	20	primary_UP_GO
glucose 6-phosphate metabolic process	glucose 6-phosphate metabolic process	7/313	21/5859	0.333333333333333	6.23961661341853	5.71391837895136	7.05054567905981e-05	0.00102517208543103	0.000897178945068816	YFR053C/YGR256W/YCL040W/YDR516C/YBR117C/YGR043C/YMR105C	7	primary_UP_GO
D-glucose transmembrane transporter activity	D-glucose transmembrane transporter activity	6/313	15/5859	0.4	7.48753993610224	5.97623256945955	7.35755953911346e-05	0.00105283173404933	0.000921385275616631	YDR343C/YHR096C/YEL069C/YFL011W/YNR072W/YDR342C	6	primary_UP_GO
mannose transmembrane transport	mannose transmembrane transport	6/313	15/5859	0.4	7.48753993610224	5.97623256945955	7.35755953911346e-05	0.00105283173404933	0.000921385275616631	YDR343C/YHR096C/YEL069C/YFL011W/YNR072W/YDR342C	6	primary_UP_GO
cell wall organization	cell wall organization	25/313	206/5859	0.121359223300971	2.27170507770092	4.41405197506859	8.66126420554637e-05	0.00122002026270313	0.00106770025033832	YDL049C/YPR030W/YJL116C/YDL222C/YKL163W/YDR077W/YKL096W-A/YGR282C/YHR139C/YER150W/YOL109W/YKL096W/YFL020C/YEL049W/YOL161C/YNL194C/YLR037C/YLL025W/YOR394W/YMR325W/YHR185C/YBR301W/YGR294W/YOR255W/YLR308W	25	primary_UP_GO
external encapsulating structure organization	external encapsulating structure organization	25/313	206/5859	0.121359223300971	2.27170507770092	4.41405197506859	8.66126420554637e-05	0.00122002026270313	0.00106770025033832	YDL049C/YPR030W/YJL116C/YDL222C/YKL163W/YDR077W/YKL096W-A/YGR282C/YHR139C/YER150W/YOL109W/YKL096W/YFL020C/YEL049W/YOL161C/YNL194C/YLR037C/YLL025W/YOR394W/YMR325W/YHR185C/YBR301W/YGR294W/YOR255W/YLR308W	25	primary_UP_GO
oxidoreductase activity, acting on the CH-CH group of donors, quinone or related compound as acceptor	oxidoreductase activity, acting on the CH-CH group of donors, quinone or related compound as acceptor	4/313	6/5859	0.666666666666667	12.4792332268371	6.68276458804589	0.000110059317746721	0.00152643807613337	0.00133586167856142	YKL148C/YLL041C/YDR178W/YKL141W	4	primary_UP_GO
succinate dehydrogenase (quinone) activity	succinate dehydrogenase (quinone) activity	4/313	6/5859	0.666666666666667	12.4792332268371	6.68276458804589	0.000110059317746721	0.00152643807613337	0.00133586167856142	YKL148C/YLL041C/YDR178W/YKL141W	4	primary_UP_GO
alcohol catabolic process	alcohol catabolic process	7/313	23/5859	0.304347826086957	5.69704125572996	5.36151556321771	0.000135481591095762	0.00186468174615006	0.00163187549258776	YIL155C/YHL032C/YPL061W/YAL054C/YJR159W/YDL246C/YFL053W	7	primary_UP_GO
hexose metabolic process	hexose metabolic process	14/313	85/5859	0.164705882352941	3.08310467957151	4.59556684407808	0.000139119208391272	0.00190024191461714	0.00166299595995627	YFR053C/YKR097W/YNR071C/YCL040W/YDR516C/YDL085W/YMR280C/YBR105C/YJR159W/YMR105C/YMR145C/YDL246C/YHR043C/YLR070C	14	primary_UP_GO
cristae formation	cristae formation	5/313	11/5859	0.454545454545455	8.50856810920709	5.92115875038511	0.000149131458172327	0.00202168435402035	0.00176927626276469	YLR295C/YDR322C-A/YPR020W/YCL057C-A/YKR016W	5	primary_UP_GO
ligase activity	ligase activity	17/313	118/5859	0.144067796610169	2.69678345156225	4.42313882080414	0.000153673861523317	0.00206771621139209	0.00180956102453615	YBR039W/YJR121W/YBL099W/YDL004W/YML081C-A/YDR298C/YDR377W/YGR244C/YPL271W/YKL016C/YLR295C/YPL078C/YOL077W-A/YOR215C/YDR322C-A/YAL054C/YPR020W	17	primary_UP_GO
cytochrome complex assembly	cytochrome complex assembly	10/313	49/5859	0.204081632653061	3.82017343678686	4.70915202881064	0.000208882666205016	0.00278974405309366	0.00244144340461068	YGL187C/YDR529C/YAL039C/YGR174C/YLR038C/YGR183C/YJL062W-A/YER182W/YPL189C-A/YHR116W	10	primary_UP_GO
ethanol metabolic process	ethanol metabolic process	6/313	18/5859	0.333333333333333	6.23961661341853	5.28870179342176	0.00023801508863451	0.00312350268296372	0.00273353213752671	YDL085W/YGR087C/YPL061W/YAL054C/YMR145C/YOR374W	6	primary_UP_GO
polyol catabolic process	polyol catabolic process	5/313	12/5859	0.416666666666667	7.79952076677316	5.60091910914162	0.000244525405510299	0.00312350268296372	0.00273353213752671	YIL155C/YHL032C/YJR159W/YDL246C/YFL053W	5	primary_UP_GO
acetate metabolic process	acetate metabolic process	4/313	7/5859	0.571428571428571	10.6964856230032	6.09772927750076	0.000245999656672684	0.00312350268296372	0.00273353213752671	YBL015W/YPL061W/YAL054C/YOR374W	4	primary_UP_GO
beta-fructofuranosidase activity	beta-fructofuranosidase activity	4/313	7/5859	0.571428571428571	10.6964856230032	6.09772927750076	0.000245999656672684	0.00312350268296372	0.00273353213752671	YGR292W/YBR299W/YOL157C/YIL162W	4	primary_UP_GO
sucrose alpha-glucosidase activity	sucrose alpha-glucosidase activity	4/313	7/5859	0.571428571428571	10.6964856230032	6.09772927750076	0.000245999656672684	0.00312350268296372	0.00273353213752671	YGR292W/YBR299W/YOL157C/YIL162W	4	primary_UP_GO
sucrose catabolic process	sucrose catabolic process	4/313	7/5859	0.571428571428571	10.6964856230032	6.09772927750076	0.000245999656672684	0.00312350268296372	0.00273353213752671	YGR292W/YBR299W/YOL157C/YIL162W	4	primary_UP_GO
sucrose metabolic process	sucrose metabolic process	4/313	7/5859	0.571428571428571	10.6964856230032	6.09772927750076	0.000245999656672684	0.00312350268296372	0.00273353213752671	YGR292W/YBR299W/YOL157C/YIL162W	4	primary_UP_GO
energy reserve metabolic process	energy reserve metabolic process	9/313	42/5859	0.214285714285714	4.0111821086262	4.65231437970068	0.000294335839602011	0.00371110153008689	0.00324776903616794	YOR178C/YER054C/YPR184W/YFR017C/YIL057C/YIL024C/YEL011W/YMR105C/YER067W	9	primary_UP_GO
fungal-type cell wall organization or biogenesis	fungal-type cell wall organization or biogenesis	25/313	224/5859	0.111607142857143	2.08915734824281	3.94843137909759	0.000329774984879723	0.00412905762318153	0.00361354314572153	YDL049C/YPR030W/YJL116C/YDL222C/YKL163W/YDR077W/YKL096W-A/YGR282C/YHR139C/YER150W/YOL109W/YKL096W/YFL020C/YEL049W/YOL161C/YNL194C/YLR037C/YLL025W/YOR394W/YMR325W/YHR185C/YBR301W/YGR294W/YOR255W/YLR308W	25	primary_UP_GO
monosaccharide metabolic process	monosaccharide metabolic process	14/313	93/5859	0.150537634408602	2.81789137380192	4.19787018112945	0.000368570800077037	0.00458298725888895	0.00401079948686373	YFR053C/YKR097W/YNR071C/YCL040W/YDR516C/YDL085W/YMR280C/YBR105C/YJR159W/YMR105C/YMR145C/YDL246C/YHR043C/YLR070C	14	primary_UP_GO
alpha-glucosidase activity	alpha-glucosidase activity	5/313	13/5859	0.384615384615385	7.19955763086754	5.31569301287139	0.00038007878527044	0.00469371267015482	0.00410770078673677	YGR292W/YPR184W/YBR299W/YOL157C/YIL162W	5	primary_UP_GO
alcohol metabolic process	alcohol metabolic process	17/313	128/5859	0.1328125	2.48609724440895	4.03825676522763	0.000415326179361706	0.00509410273053848	0.0044581019897114	YEL070W/YNR073C/YIL155C/YHL032C/YKL150W/YDL085W/YGR087C/YPL061W/YAL054C/YJR159W/YMR145C/YDL246C/YPL201C/YOR374W/YFL053W/YMR101C/YMR015C	17	primary_UP_GO
succinate dehydrogenase activity	succinate dehydrogenase activity	4/313	8/5859	0.5	9.3594249201278	5.62034876097971	0.00047133377708734	0.00574199189248968	0.00502510193352718	YKL148C/YLL041C/YDR178W/YKL141W	4	primary_UP_GO
mitochondrial respiratory chain complex assembly	mitochondrial respiratory chain complex assembly	10/313	54/5859	0.185185185185185	3.46645367412141	4.32539377108404	0.000479496787921116	0.00580223294377028	0.00507782186572768	YGL187C/YDR529C/YGR174C/YLR038C/YGR183C/YJL062W-A/YER182W/YBR269C/YPL189C-A/YHR116W	10	primary_UP_GO
disaccharide metabolic process	disaccharide metabolic process	6/313	21/5859	0.285714285714286	5.3482428115016	4.74185543521512	0.000607044522494674	0.00729667516038599	0.00638568238048784	YGR292W/YBR299W/YMR105C/YLL026W/YOL157C/YIL162W	6	primary_UP_GO
carbohydrate derivative metabolic process	carbohydrate derivative metabolic process	30/313	301/5859	0.0996677740863787	1.86566609703544	3.66295265708888	0.000612630854628265	0.00731505583374014	0.00640176821950345	YFR053C/YJL116C/YBR039W/YIL155C/YJR121W/YBL099W/YGR256W/YDL004W/YPL057C/YML081C-A/YHL032C/YDR298C/YDR377W/YCL040W/YDR516C/YBR117C/YPL271W/YKL016C/YLR295C/YPL078C/YOL077W-A/YJL026W/YGR043C/YDR322C-A/YDR399W/YMR105C/YPR020W/YKL067W/YMR101C/YLR308W	30	primary_UP_GO
oxidoreductase activity, acting on the aldehyde or oxo group of donors	oxidoreductase activity, acting on the aldehyde or oxo group of donors	7/313	29/5859	0.241379310344828	4.51834306488928	4.51190374015008	0.000653577102293359	0.00775262839101925	0.00678470966992898	YMR110C/YPL061W/YDR148C/YIL125W/YFR049W/YKL107W/YOR374W	7	primary_UP_GO
fructose metabolic process	fructose metabolic process	4/313	9/5859	0.444444444444444	8.31948881789137	5.22012608775183	0.000812828002440414	0.00951642135324718	0.0083282923831728	YFR053C/YJR159W/YDL246C/YLR070C	4	primary_UP_GO
tricarboxylic acid cycle heteromeric enzyme complex	tricarboxylic acid cycle heteromeric enzyme complex	4/313	9/5859	0.444444444444444	8.31948881789137	5.22012608775183	0.000812828002440414	0.00951642135324718	0.0083282923831728	YGR244C/YDR148C/YIL125W/YFR049W	4	primary_UP_GO
carbohydrate biosynthetic process	carbohydrate biosynthetic process	14/313	102/5859	0.137254901960784	2.56925389964292	3.79797505116701	0.000956111665083848	0.0111217376267495	0.00973318428496223	YKR097W/YDL049C/YOR178C/YER054C/YPR184W/YMR280C/YBR105C/YJR159W/YEL011W/YMR105C/YDL246C/YPL201C/YLR070C/YLR308W	14	primary_UP_GO
mitochondrion organization	mitochondrion organization	23/313	216/5859	0.106481481481481	1.99321086261981	3.53321634613372	0.00109919714361933	0.0127041823714465	0.0111180601773642	YGL187C/YDR529C/YBL030C/YGL191W/YKL141W/YML081C-A/YGR174C/YLR038C/YLR295C/YML091C/YDR322C-A/YGR183C/YER095W/YJL062W-A/YPR020W/YER182W/YCL057C-A/YKR016W/YDR150W/YBR269C/YPL189C-A/YHR116W/YJR120W	23	primary_UP_GO
D-glucose transmembrane transport	D-glucose transmembrane transport	5/313	16/5859	0.3125	5.84964057507987	4.61432862050266	0.0011293219544582	0.0128871359739755	0.0112781719502521	YFR053C/YHR096C/YDR277C/YCL040W/YDR342C	5	primary_UP_GO
NADPH regeneration	NADPH regeneration	5/313	16/5859	0.3125	5.84964057507987	4.61432862050266	0.0011293219544582	0.0128871359739755	0.0112781719502521	YGR256W/YBR117C/YPL061W/YGR043C/YOR374W	5	primary_UP_GO
fermentation	fermentation	4/313	10/5859	0.4	7.48753993610224	4.87748736955161	0.00129801249030743	0.0147189718240522	0.0128813023698831	YDL085W/YAL054C/YMR145C/YFL053W	4	primary_UP_GO
fructokinase activity	fructokinase activity	3/313	5/5859	0.6	11.2313099041534	5.43684313090311	0.00139337996893004	0.0153186834389077	0.0134061397524142	YFR053C/YCL040W/YDR516C	3	primary_UP_GO
glucokinase activity	glucokinase activity	3/313	5/5859	0.6	11.2313099041534	5.43684313090311	0.00139337996893004	0.0153186834389077	0.0134061397524142	YFR053C/YCL040W/YDR516C	3	primary_UP_GO
hexokinase activity	hexokinase activity	3/313	5/5859	0.6	11.2313099041534	5.43684313090311	0.00139337996893004	0.0153186834389077	0.0134061397524142	YFR053C/YCL040W/YDR516C	3	primary_UP_GO
oxoglutarate dehydrogenase complex	oxoglutarate dehydrogenase complex	3/313	5/5859	0.6	11.2313099041534	5.43684313090311	0.00139337996893004	0.0153186834389077	0.0134061397524142	YDR148C/YIL125W/YFR049W	3	primary_UP_GO
peptidase inhibitor activity	peptidase inhibitor activity	3/313	5/5859	0.6	11.2313099041534	5.43684313090311	0.00139337996893004	0.0153186834389077	0.0134061397524142	YMR174C/YHR138C/YNL015W	3	primary_UP_GO
polyol metabolic process	polyol metabolic process	8/313	42/5859	0.19047619047619	3.56549520766773	3.9637224900792	0.00145275181114097	0.0158746152453768	0.0138926632529526	YEL070W/YNR073C/YIL155C/YHL032C/YJR159W/YDL246C/YPL201C/YFL053W	8	primary_UP_GO
glucose metabolic process	glucose metabolic process	10/313	62/5859	0.161290322580645	3.01916932907348	3.796853628797	0.00147394581608559	0.0160091825686887	0.0140104297927223	YFR053C/YKR097W/YNR071C/YCL040W/YDR516C/YDL085W/YMR280C/YBR105C/YMR145C/YHR043C	10	primary_UP_GO
carbohydrate binding	carbohydrate binding	7/313	33/5859	0.212121212121212	3.97066511762997	4.06520401902409	0.001487947154951	0.0160644833555488	0.0140588262544692	YFR053C/YNR071C/YOR178C/YER054C/YCL040W/YDR516C/YIL024C	7	primary_UP_GO
organic hydroxy compound metabolic process	organic hydroxy compound metabolic process	18/313	156/5859	0.115384615384615	2.15986728926026	3.4879948399931	0.00153651290992406	0.0164900760511493	0.0144312835336852	YEL070W/YNR073C/YIL155C/YHL032C/YKL150W/YDL085W/YDL174C/YGR087C/YPL061W/YAL054C/YJR159W/YMR145C/YDL246C/YPL201C/YOR374W/YFL053W/YMR101C/YMR015C	18	primary_UP_GO
mitochondrial nucleoid	mitochondrial nucleoid	6/313	25/5859	0.24	4.49252396166134	4.15702949752038	0.00165287459998035	0.0174276777997928	0.015251825333152	YBL099W/YDR148C/YFL036W/YIL125W/YER095W/YOR374W	6	primary_UP_GO
nucleoid	nucleoid	6/313	25/5859	0.24	4.49252396166134	4.15702949752038	0.00165287459998035	0.0174276777997928	0.015251825333152	YBL099W/YDR148C/YFL036W/YIL125W/YER095W/YOR374W	6	primary_UP_GO
oligosaccharide metabolic process	oligosaccharide metabolic process	6/313	25/5859	0.24	4.49252396166134	4.15702949752038	0.00165287459998035	0.0174276777997928	0.015251825333152	YGR292W/YBR299W/YMR105C/YLL026W/YOL157C/YIL162W	6	primary_UP_GO
heme binding	heme binding	6/313	26/5859	0.230769230769231	4.31973457852052	4.02996215466997	0.00205382060154958	0.0214048470785775	0.0187324434543525	YDR178W/YGR088W/YOR065W/YEL039C/YJR048W/YMR015C	6	primary_UP_GO
tetrapyrrole binding	tetrapyrrole binding	6/313	26/5859	0.230769230769231	4.31973457852052	4.02996215466997	0.00205382060154958	0.0214048470785775	0.0187324434543525	YDR178W/YGR088W/YOR065W/YEL039C/YJR048W/YMR015C	6	primary_UP_GO
cell wall organization or biogenesis	cell wall organization or biogenesis	25/313	258/5859	0.0968992248062016	1.81384203878446	3.17595328611228	0.0025706173237606	0.0262287566199151	0.0229540859814069	YDL049C/YPR030W/YJL116C/YDL222C/YKL163W/YDR077W/YKL096W-A/YGR282C/YHR139C/YER150W/YOL109W/YKL096W/YFL020C/YEL049W/YOL161C/YNL194C/YLR037C/YLL025W/YOR394W/YMR325W/YHR185C/YBR301W/YGR294W/YOR255W/YLR308W	25	primary_UP_GO
alpha-amylase activity	alpha-amylase activity	3/313	6/5859	0.5	9.3594249201278	4.86653313237464	0.00267670062011336	0.0262287566199151	0.0229540859814069	YGR292W/YBR299W/YOL157C	3	primary_UP_GO
amylase activity	amylase activity	3/313	6/5859	0.5	9.3594249201278	4.86653313237464	0.00267670062011336	0.0262287566199151	0.0229540859814069	YGR292W/YBR299W/YOL157C	3	primary_UP_GO
endopeptidase regulator activity	endopeptidase regulator activity	3/313	6/5859	0.5	9.3594249201278	4.86653313237464	0.00267670062011336	0.0262287566199151	0.0229540859814069	YMR174C/YHR138C/YNL015W	3	primary_UP_GO
glucan 1,4-alpha-maltotriohydrolase activity	glucan 1,4-alpha-maltotriohydrolase activity	3/313	6/5859	0.5	9.3594249201278	4.86653313237464	0.00267670062011336	0.0262287566199151	0.0229540859814069	YGR292W/YBR299W/YOL157C	3	primary_UP_GO
glycogen binding	glycogen binding	3/313	6/5859	0.5	9.3594249201278	4.86653313237464	0.00267670062011336	0.0262287566199151	0.0229540859814069	YOR178C/YER054C/YIL024C	3	primary_UP_GO
maltose catabolic process	maltose catabolic process	3/313	6/5859	0.5	9.3594249201278	4.86653313237464	0.00267670062011336	0.0262287566199151	0.0229540859814069	YGR292W/YBR299W/YOL157C	3	primary_UP_GO
oligo-1,6-glucosidase activity	oligo-1,6-glucosidase activity	3/313	6/5859	0.5	9.3594249201278	4.86653313237464	0.00267670062011336	0.0262287566199151	0.0229540859814069	YGR292W/YBR299W/YOL157C	3	primary_UP_GO
oxidoreductase activity, acting on the aldehyde or oxo group of donors, disulfide as acceptor	oxidoreductase activity, acting on the aldehyde or oxo group of donors, disulfide as acceptor	3/313	6/5859	0.5	9.3594249201278	4.86653313237464	0.00267670062011336	0.0262287566199151	0.0229540859814069	YDR148C/YIL125W/YFR049W	3	primary_UP_GO
polysaccharide binding	polysaccharide binding	3/313	6/5859	0.5	9.3594249201278	4.86653313237464	0.00267670062011336	0.0262287566199151	0.0229540859814069	YOR178C/YER054C/YIL024C	3	primary_UP_GO
regulation of ATP-dependent activity	regulation of ATP-dependent activity	3/313	6/5859	0.5	9.3594249201278	4.86653313237464	0.00267670062011336	0.0262287566199151	0.0229540859814069	YDL181W/YDL130W-A/YCR021C	3	primary_UP_GO
cell differentiation	cell differentiation	15/313	126/5859	0.119047619047619	2.22843450479233	3.31133582771564	0.00274397890410119	0.0267426700761862	0.0234038371393894	YDL222C/YDR516C/YHR139C/YIL024C/YDR155C/YDL079C/YKL096W/YPL130W/YDR218C/YNL194C/YGR059W/YHR185C/YPR192W/YOR255W/YLR308W	15	primary_UP_GO
aldehyde dehydrogenase (NAD+) activity	aldehyde dehydrogenase (NAD+) activity	4/313	12/5859	0.333333333333333	6.23961661341853	4.31599076188993	0.00280951120310752	0.0268018449693273	0.0234556240237158	YMR110C/YPL061W/YKL107W/YOR374W	4	primary_UP_GO
disaccharide catabolic process	disaccharide catabolic process	4/313	12/5859	0.333333333333333	6.23961661341853	4.31599076188993	0.00280951120310752	0.0268018449693273	0.0234556240237158	YGR292W/YBR299W/YOL157C/YIL162W	4	primary_UP_GO
mitochondrial respiratory chain complex III assembly	mitochondrial respiratory chain complex III assembly	4/313	12/5859	0.333333333333333	6.23961661341853	4.31599076188993	0.00280951120310752	0.0268018449693273	0.0234556240237158	YDR529C/YGR174C/YGR183C/YER182W	4	primary_UP_GO
respiratory chain complex III assembly	respiratory chain complex III assembly	4/313	12/5859	0.333333333333333	6.23961661341853	4.31599076188993	0.00280951120310752	0.0268018449693273	0.0234556240237158	YDR529C/YGR174C/YGR183C/YER182W	4	primary_UP_GO
cell periphery	cell periphery	63/313	852/5859	0.073943661971831	1.38414030508932	2.88122914003024	0.00348818175786017	0.0331010089969573	0.0289683349309274	YGR292W/YDR343C/YJL116C/YDL204W/YBL075C/YKL217W/YHR096C/YEL069C/YDL222C/YKL163W/YDR536W/YGR256W/YDR077W/YPL036W/YHR126C/YKL096W-A/YFL011W/YGR282C/YBR298C/YCL040W/YDL223C/YBR021W/YER150W/YML128C/YAL005C/YBR299W/YDR150W/YOL109W/YFL014W/YKL096W/YNR072W/YBL042C/YIR038C/YBR296C/YCR021C/YFL020C/YNR002C/YPL130W/YDR342C/YKL221W/YEL049W/YDR218C/YOL161C/YPL147W/YNL194C/YNL318C/YLR037C/YIL162W/YCL048W-A/YOR214C/YGR059W/YOR348C/YFL051C/YLL025W/YOR394W/YMR325W/YBR301W/YER067W/YPR192W/YBR183W/YGR294W/YDR034W-B/YOR255W	63	primary_UP_GO
aldehyde dehydrogenase [NAD(P)+] activity	aldehyde dehydrogenase [NAD(P)+] activity	4/313	13/5859	0.307692307692308	5.75964610469403	4.08106820662333	0.00388925894436845	0.0363333361486855	0.031797104759249	YMR110C/YPL061W/YKL107W/YOR374W	4	primary_UP_GO
glycerol metabolic process	glycerol metabolic process	4/313	13/5859	0.307692307692308	5.75964610469403	4.08106820662333	0.00388925894436845	0.0363333361486855	0.031797104759249	YIL155C/YHL032C/YPL201C/YFL053W	4	primary_UP_GO
oligosaccharide catabolic process	oligosaccharide catabolic process	4/313	13/5859	0.307692307692308	5.75964610469403	4.08106820662333	0.00388925894436845	0.0363333361486855	0.031797104759249	YGR292W/YBR299W/YOL157C/YIL162W	4	primary_UP_GO
glucosidase activity	glucosidase activity	6/313	30/5859	0.2	3.74376996805112	3.57905372607837	0.0044233409899407	0.0407568854737817	0.0356683722014179	YGR292W/YGR282C/YPR184W/YBR299W/YOL157C/YIL162W	6	primary_UP_GO
2-oxoglutarate metabolic process	2-oxoglutarate metabolic process	3/313	7/5859	0.428571428571429	8.0223642172524	4.41608202700055	0.00449972634269386	0.0407568854737817	0.0356683722014179	YDR148C/YIL125W/YFR049W	3	primary_UP_GO
alpha-1,4-glucosidase activity	alpha-1,4-glucosidase activity	3/313	7/5859	0.428571428571429	8.0223642172524	4.41608202700055	0.00449972634269386	0.0407568854737817	0.0356683722014179	YGR292W/YBR299W/YOL157C	3	primary_UP_GO
glycerol catabolic process	glycerol catabolic process	3/313	7/5859	0.428571428571429	8.0223642172524	4.41608202700055	0.00449972634269386	0.0407568854737817	0.0356683722014179	YIL155C/YHL032C/YFL053W	3	primary_UP_GO
maltose metabolic process	maltose metabolic process	3/313	7/5859	0.428571428571429	8.0223642172524	4.41608202700055	0.00449972634269386	0.0407568854737817	0.0356683722014179	YGR292W/YBR299W/YOL157C	3	primary_UP_GO
negative regulation of molecular function	negative regulation of molecular function	3/313	7/5859	0.428571428571429	8.0223642172524	4.41608202700055	0.00449972634269386	0.0407568854737817	0.0356683722014179	YDL181W/YDL130W-A/YCR021C	3	primary_UP_GO
ascospore formation	ascospore formation	14/313	120/5859	0.116666666666667	2.18386581469649	3.1126616185152	0.0045210078173912	0.0407568854737817	0.0356683722014179	YDL222C/YDR516C/YHR139C/YIL024C/YDR155C/YKL096W/YPL130W/YDR218C/YNL194C/YGR059W/YHR185C/YPR192W/YOR255W/YLR308W	14	primary_UP_GO
cellular developmental process	cellular developmental process	15/313	133/5859	0.112781954887218	2.11114847822431	3.07913807687826	0.00461807208974595	0.0414247959095122	0.0362528937550625	YDL222C/YDR516C/YHR139C/YIL024C/YDR155C/YDL079C/YKL096W/YPL130W/YDR218C/YNL194C/YGR059W/YHR185C/YPR192W/YOR255W/YLR308W	15	primary_UP_GO
glycogen metabolic process	glycogen metabolic process	7/313	40/5859	0.175	3.27579872204473	3.43080935878935	0.00471108637246026	0.0420499442056725	0.0367999920391763	YOR178C/YER054C/YPR184W/YFR017C/YIL024C/YEL011W/YMR105C	7	primary_UP_GO
carbohydrate derivative biosynthetic process	carbohydrate derivative biosynthetic process	21/313	214/5859	0.0981308411214953	1.83689647965125	2.96280844864631	0.00480747868589329	0.0426989363086976	0.0373679572214366	YJL116C/YBR039W/YJR121W/YBL099W/YDL004W/YPL057C/YML081C-A/YHL032C/YDR298C/YDR377W/YPL271W/YKL016C/YLR295C/YPL078C/YOL077W-A/YJL026W/YDR322C-A/YDR399W/YPR020W/YKL067W/YMR101C	21	primary_UP_GO
cell development	cell development	14/313	121/5859	0.115702479338843	2.16581733688908	3.07822132460182	0.00487261611969439	0.0430653277637696	0.0376886045584205	YDL222C/YDR516C/YHR139C/YIL024C/YDR155C/YKL096W/YPL130W/YDR218C/YNL194C/YGR059W/YHR185C/YPR192W/YOR255W/YLR308W	14	primary_UP_GO
alpha-amino acid metabolic process	alpha-amino acid metabolic process	54/291	159/5859	0.339622641509434	6.83796926667963	17.0606079689781	4.02823776420242e-32	6.70701587739703e-29	5.65225362071771e-29	YLR134W/YNL277W/YER091C/YIL074C/YGL184C/YHR018C/YAL012W/YLR180W/YJL088W/YDR019C/YOL058W/YMR062C/YER069W/YIR034C/YMR189W/YER052C/YOR184W/YKL211C/YOL064C/YER055C/YGR155W/YLR058C/YJL060W/YNL104C/YGL009C/YLR303W/YJR109C/YDR354W/YHR112C/YGL125W/YOR303W/YOR130C/YDR158W/YMR096W/YOL140W/YDR502C/YHR208W/YDL131W/YIL116W/YGL026C/YPR145W/YDL066W/YCL030C/YJL071W/YGL202W/YMR095C/YFR025C/YBR248C/YJR130C/YAL044C/YBR145W/YJR139C/YDL182W/YOR202W	54	primary_DOWN_GO
amino acid biosynthetic process	amino acid biosynthetic process	47/291	119/5859	0.394957983193277	7.95209217707702	17.5147773589737	2.06830933066892e-31	1.72186751778188e-28	1.45108228304299e-28	YNL277W/YER091C/YIL074C/YGL184C/YHR018C/YAL012W/YLR180W/YJL088W/YOL058W/YMR062C/YER069W/YIR034C/YER052C/YOR184W/YKL211C/YOL064C/YER055C/YGR155W/YLR058C/YNL104C/YGL009C/YLR303W/YDR253C/YJR109C/YDR354W/YGL125W/YOR303W/YIR017C/YOR130C/YDR158W/YOL140W/YDR502C/YHR208W/YDL131W/YIL116W/YGL026C/YPR145W/YNL311C/YDL066W/YCL030C/YJL071W/YGL202W/YFR025C/YBR248C/YJR139C/YDL182W/YOR202W	47	primary_DOWN_GO
L-amino acid metabolic process	L-amino acid metabolic process	51/291	147/5859	0.346938775510204	6.98527245949926	16.8004168626062	7.64433013148473e-31	3.18195241723052e-28	2.68155054349188e-28	YLR134W/YNL277W/YER091C/YIL074C/YGL184C/YHR018C/YAL012W/YLR180W/YJL088W/YDR019C/YOL058W/YMR062C/YER069W/YIR034C/YMR189W/YER052C/YOR184W/YKL211C/YOL064C/YER055C/YGR155W/YLR058C/YNL104C/YGL009C/YLR303W/YJR109C/YHR112C/YGL125W/YOR303W/YOR130C/YDR158W/YMR096W/YOL140W/YDR502C/YHR208W/YDL131W/YIL116W/YPR145W/YDL066W/YCL030C/YJL071W/YGL202W/YMR095C/YFR025C/YBR248C/YJR130C/YAL044C/YBR145W/YJR139C/YDL182W/YOR202W	51	primary_DOWN_GO
proteinogenic amino acid metabolic process	proteinogenic amino acid metabolic process	51/291	147/5859	0.346938775510204	6.98527245949926	16.8004168626062	7.64433013148473e-31	3.18195241723052e-28	2.68155054349188e-28	YLR134W/YNL277W/YER091C/YIL074C/YGL184C/YHR018C/YAL012W/YLR180W/YJL088W/YDR019C/YOL058W/YMR062C/YER069W/YIR034C/YMR189W/YER052C/YOR184W/YKL211C/YOL064C/YER055C/YGR155W/YLR058C/YNL104C/YGL009C/YLR303W/YJR109C/YHR112C/YGL125W/YOR303W/YOR130C/YDR158W/YMR096W/YOL140W/YDR502C/YHR208W/YDL131W/YIL116W/YPR145W/YDL066W/YCL030C/YJL071W/YGL202W/YMR095C/YFR025C/YBR248C/YJR130C/YAL044C/YBR145W/YJR139C/YDL182W/YOR202W	51	primary_DOWN_GO
carboxylic acid biosynthetic process	carboxylic acid biosynthetic process	55/291	181/5859	0.303867403314917	6.11807256364983	15.9889372168989	7.15107340919166e-30	1.98442287105069e-27	1.672347518325e-27	YJR010W/YKL001C/YJR137C/YFR030W/YPR167C/YNL277W/YER091C/YIL074C/YGL184C/YHR018C/YAL012W/YLR180W/YJL088W/YOL058W/YMR062C/YER069W/YIR034C/YER052C/YOR184W/YKL211C/YEL071W/YOL064C/YER055C/YGR155W/YLR058C/YJL060W/YNL104C/YGL009C/YLR303W/YJR109C/YDR354W/YGL125W/YOR303W/YOR130C/YDR158W/YOL140W/YDR502C/YGR267C/YHR208W/YDL131W/YIL116W/YGL026C/YPR145W/YDL066W/YCL030C/YJL071W/YGL202W/YFR025C/YBR248C/YJR130C/YER073W/YHR063C/YJR139C/YDL182W/YOR202W	55	primary_DOWN_GO
organic acid biosynthetic process	organic acid biosynthetic process	55/291	181/5859	0.303867403314917	6.11807256364983	15.9889372168989	7.15107340919166e-30	1.98442287105069e-27	1.672347518325e-27	YJR010W/YKL001C/YJR137C/YFR030W/YPR167C/YNL277W/YER091C/YIL074C/YGL184C/YHR018C/YAL012W/YLR180W/YJL088W/YOL058W/YMR062C/YER069W/YIR034C/YER052C/YOR184W/YKL211C/YEL071W/YOL064C/YER055C/YGR155W/YLR058C/YJL060W/YNL104C/YGL009C/YLR303W/YJR109C/YDR354W/YGL125W/YOR303W/YOR130C/YDR158W/YOL140W/YDR502C/YGR267C/YHR208W/YDL131W/YIL116W/YGL026C/YPR145W/YDL066W/YCL030C/YJL071W/YGL202W/YFR025C/YBR248C/YJR130C/YER073W/YHR063C/YJR139C/YDL182W/YOR202W	55	primary_DOWN_GO
alpha-amino acid biosynthetic process	alpha-amino acid biosynthetic process	44/291	110/5859	0.4	8.05360824742268	17.07194837158	1.06667105748667e-29	2.53715330102185e-27	2.13815416485673e-27	YNL277W/YER091C/YIL074C/YGL184C/YHR018C/YAL012W/YLR180W/YJL088W/YOL058W/YMR062C/YER069W/YIR034C/YER052C/YOR184W/YKL211C/YOL064C/YER055C/YGR155W/YLR058C/YNL104C/YGL009C/YLR303W/YJR109C/YDR354W/YGL125W/YOR303W/YOR130C/YDR158W/YOL140W/YDR502C/YHR208W/YDL131W/YIL116W/YGL026C/YPR145W/YDL066W/YCL030C/YJL071W/YGL202W/YFR025C/YBR248C/YJR139C/YDL182W/YOR202W	44	primary_DOWN_GO
L-amino acid biosynthetic process	L-amino acid biosynthetic process	41/291	105/5859	0.39047619047619	7.86185567010309	16.2189548430182	3.34585014846702e-27	6.18982277466398e-25	5.21639561158659e-25	YNL277W/YER091C/YIL074C/YGL184C/YHR018C/YAL012W/YLR180W/YJL088W/YOL058W/YMR062C/YER069W/YIR034C/YER052C/YOR184W/YOL064C/YER055C/YGR155W/YLR058C/YNL104C/YGL009C/YLR303W/YJR109C/YGL125W/YOR303W/YOR130C/YDR158W/YOL140W/YDR502C/YHR208W/YDL131W/YIL116W/YPR145W/YDL066W/YCL030C/YJL071W/YGL202W/YFR025C/YBR248C/YJR139C/YDL182W/YOR202W	41	primary_DOWN_GO
proteinogenic amino acid biosynthetic process	proteinogenic amino acid biosynthetic process	41/291	105/5859	0.39047619047619	7.86185567010309	16.2189548430182	3.34585014846702e-27	6.18982277466398e-25	5.21639561158659e-25	YNL277W/YER091C/YIL074C/YGL184C/YHR018C/YAL012W/YLR180W/YJL088W/YOL058W/YMR062C/YER069W/YIR034C/YER052C/YOR184W/YOL064C/YER055C/YGR155W/YLR058C/YNL104C/YGL009C/YLR303W/YJR109C/YGL125W/YOR303W/YOR130C/YDR158W/YOL140W/YDR502C/YHR208W/YDL131W/YIL116W/YPR145W/YDL066W/YCL030C/YJL071W/YGL202W/YFR025C/YBR248C/YJR139C/YDL182W/YOR202W	41	primary_DOWN_GO
amino acid metabolic process	amino acid metabolic process	57/291	222/5859	0.256756756756757	5.16954583449429	14.4781405036614	1.02916119827282e-26	1.71355339512424e-24	1.44407566031333e-24	YLR134W/YNL277W/YER091C/YIL074C/YGL184C/YHR018C/YAL012W/YLR180W/YJL088W/YDR019C/YOL058W/YMR062C/YER069W/YIR034C/YMR189W/YER052C/YOR184W/YKL211C/YOL064C/YER055C/YGR155W/YLR058C/YJL060W/YNL104C/YGL009C/YLR303W/YDR253C/YJR109C/YDR354W/YHR112C/YGL125W/YOR303W/YIR017C/YOR130C/YDR158W/YMR096W/YOL140W/YDR502C/YHR208W/YDL131W/YIL116W/YGL026C/YPR145W/YNL311C/YDL066W/YCL030C/YJL071W/YGL202W/YMR095C/YFR025C/YBR248C/YJR130C/YAL044C/YBR145W/YJR139C/YDL182W/YOR202W	57	primary_DOWN_GO
small molecule biosynthetic process	small molecule biosynthetic process	70/291	343/5859	0.204081632653061	4.10898379970545	13.565161079601	2.65366943047151e-26	4.01669054703187e-24	3.38501564671629e-24	YGR144W/YJR010W/YLR134W/YKL001C/YJR137C/YFR030W/YPR167C/YNL277W/YER091C/YPR121W/YIL074C/YGL184C/YHR018C/YAL012W/YLR180W/YJL088W/YOL058W/YMR062C/YER069W/YIR034C/YER052C/YOR184W/YKL211C/YEL071W/YOL064C/YOR047C/YER055C/YGR155W/YLR058C/YJL060W/YNL104C/YGL009C/YLR303W/YJR109C/YDR354W/YGL125W/YOR303W/YOR130C/YDR158W/YBR256C/YBR240C/YMR096W/YOL140W/YDR502C/YGR267C/YHR208W/YDL131W/YIL116W/YGL026C/YPL214C/YPR145W/YDL066W/YCL030C/YJL071W/YGL202W/YOL055C/YOL143C/YEL029C/YMR095C/YFR025C/YBR248C/YJR130C/YER073W/YHR063C/YOR143C/YJR139C/YDL182W/YJL089W/YPL258C/YOR202W	70	primary_DOWN_GO
DNA integration	DNA integration	26/291	42/5859	0.619047619047619	12.4639175257732	17.044322034564	3.40741077461543e-24	4.72778244977891e-22	3.98427944084418e-22	YDR261C-D/YNL284C-B/YMR045C/YLR227W-B/YJR029W/YJR027W/YDR210C-D/YDR098C-B/YPR158C-D/YGR027W-B/YNL054W-B/YER160C/YDR365W-B/YFL002W-A/YER138C/YBR012W-B/YOR192C-B/YDR261W-B/YBL100W-B/YPR137C-B/YML045W/YAR009C/YGR161C-D/YPR158W-B/YBL005W-B/YMR050C	26	primary_DOWN_GO
RNA-directed DNA polymerase activity	RNA-directed DNA polymerase activity	26/291	43/5859	0.604651162790698	12.1740589786622	16.8114259909195	8.24108005277818e-24	1.05549217599044e-21	8.89502810554924e-22	YDR261C-D/YNL284C-B/YMR045C/YLR227W-B/YJR029W/YJR027W/YDR210C-D/YDR098C-B/YPR158C-D/YGR027W-B/YNL054W-B/YER160C/YDR365W-B/YFL002W-A/YER138C/YBR012W-B/YOR192C-B/YDR261W-B/YBL100W-B/YPR137C-B/YML045W/YAR009C/YGR161C-D/YPR158W-B/YBL005W-B/YMR050C	26	primary_DOWN_GO
carboxylic acid metabolic process	carboxylic acid metabolic process	66/291	338/5859	0.195266272189349	3.93149515036906	12.6914201443808	1.3590070372445e-23	1.61624765500863e-21	1.36207246665182e-21	YJR010W/YLR134W/YKL001C/YJR137C/YFR030W/YPR167C/YNL277W/YER091C/YIL074C/YGL184C/YHR018C/YAL012W/YLR180W/YJL088W/YDR019C/YOL058W/YMR062C/YER069W/YIR034C/YMR189W/YER052C/YOR184W/YKL211C/YEL071W/YOL064C/YER055C/YGR155W/YLR058C/YJL060W/YNL104C/YGL009C/YLR303W/YJR109C/YDR354W/YHR112C/YGL125W/YOR303W/YOR130C/YDR158W/YGR204W/YMR096W/YOL140W/YDR502C/YGR267C/YHR208W/YDL131W/YIL116W/YGL026C/YPR145W/YDL066W/YCL030C/YJL071W/YGL202W/YMR095C/YFR025C/YBR248C/YJR130C/YLL062C/YAL044C/YBR145W/YER073W/YHR063C/YJR139C/YDL182W/YOR202W/YOR388C	66	primary_DOWN_GO
oxoacid metabolic process	oxoacid metabolic process	67/291	353/5859	0.189801699716714	3.82147133553342	12.5001854595564	3.19982010410547e-23	3.55180031555707e-21	2.99323522720883e-21	YJR010W/YLR134W/YKL001C/YJR137C/YFR030W/YPR167C/YNL277W/YER091C/YIL074C/YGL184C/YHR018C/YAL012W/YLR180W/YJL088W/YDR019C/YOL058W/YMR062C/YER069W/YIR034C/YMR189W/YER052C/YOR184W/YKL211C/YEL071W/YOL064C/YER055C/YGR155W/YLR058C/YJL060W/YNL104C/YGL009C/YLR303W/YJR109C/YDR354W/YHR112C/YGL125W/YOR303W/YOR130C/YDR158W/YGR204W/YMR096W/YOL140W/YDR502C/YGR267C/YHR208W/YDL131W/YIL116W/YGL026C/YPR145W/YDL066W/YML123C/YCL030C/YJL071W/YGL202W/YMR095C/YFR025C/YBR248C/YJR130C/YLL062C/YAL044C/YBR145W/YER073W/YHR063C/YJR139C/YDL182W/YOR202W/YOR388C	67	primary_DOWN_GO
organic acid metabolic process	organic acid metabolic process	67/291	354/5859	0.189265536723164	3.81067621876638	12.4711169905622	3.78924724655279e-23	3.94318541594399e-21	3.32307011819399e-21	YJR010W/YLR134W/YKL001C/YJR137C/YFR030W/YPR167C/YNL277W/YER091C/YIL074C/YGL184C/YHR018C/YAL012W/YLR180W/YJL088W/YDR019C/YOL058W/YMR062C/YER069W/YIR034C/YMR189W/YER052C/YOR184W/YKL211C/YEL071W/YOL064C/YER055C/YGR155W/YLR058C/YJL060W/YNL104C/YGL009C/YLR303W/YJR109C/YDR354W/YHR112C/YGL125W/YOR303W/YOR130C/YDR158W/YGR204W/YMR096W/YOL140W/YDR502C/YGR267C/YHR208W/YDL131W/YIL116W/YGL026C/YPR145W/YDL066W/YML123C/YCL030C/YJL071W/YGL202W/YMR095C/YFR025C/YBR248C/YJR130C/YLL062C/YAL044C/YBR145W/YER073W/YHR063C/YJR139C/YDL182W/YOR202W/YOR388C	67	primary_DOWN_GO
RNA-DNA hybrid ribonuclease activity	RNA-DNA hybrid ribonuclease activity	26/291	46/5859	0.565217391304348	11.3800986104886	16.1566679142335	9.59311384519766e-23	9.39560856014948e-21	7.91803142764612e-21	YDR261C-D/YNL284C-B/YMR045C/YLR227W-B/YJR029W/YJR027W/YDR210C-D/YDR098C-B/YPR158C-D/YGR027W-B/YNL054W-B/YER160C/YDR365W-B/YFL002W-A/YER138C/YBR012W-B/YOR192C-B/YDR261W-B/YBL100W-B/YPR137C-B/YML045W/YAR009C/YGR161C-D/YPR158W-B/YBL005W-B/YMR050C	26	primary_DOWN_GO
DNA-directed DNA polymerase activity	DNA-directed DNA polymerase activity	26/291	55/5859	0.472727272727273	9.51790065604498	14.5084754214954	4.06796415750203e-20	3.64150764435021e-18	3.06883495490364e-18	YDR261C-D/YNL284C-B/YMR045C/YLR227W-B/YJR029W/YJR027W/YDR210C-D/YDR098C-B/YPR158C-D/YGR027W-B/YNL054W-B/YER160C/YDR365W-B/YFL002W-A/YER138C/YBR012W-B/YOR192C-B/YDR261W-B/YBL100W-B/YPR137C-B/YML045W/YAR009C/YGR161C-D/YPR158W-B/YBL005W-B/YMR050C	26	primary_DOWN_GO
small molecule metabolic process	small molecule metabolic process	93/291	714/5859	0.130252100840336	2.62249848392965	10.5757769057641	4.15547418874798e-20	3.64150764435021e-18	3.06883495490364e-18	YGR144W/YJR010W/YLR134W/YKL001C/YJR137C/YFR030W/YPR167C/YNL277W/YER091C/YPR121W/YBR092C/YIL074C/YGL184C/YHR018C/YAL012W/YLR180W/YJL088W/YDR019C/YOL058W/YMR062C/YER069W/YIR034C/YMR189W/YER052C/YOR184W/YKL211C/YEL071W/YOL064C/YOR047C/YER055C/YGR155W/YLR058C/YJL060W/YNL104C/YGL009C/YLR303W/YDR253C/YJR109C/YDR354W/YCR020C/YHR112C/YGL125W/YLR420W/YOR303W/YGL224C/YIR017C/YOR130C/YDR158W/YBR256C/YGR204W/YBR240C/YMR096W/YOL140W/YDR502C/YGR267C/YPL188W/YHR208W/YDL131W/YIL116W/YGL026C/YPL214C/YPR145W/YNL311C/YGL248W/YDL066W/YML123C/YCL030C/YJL071W/YGL202W/YKL216W/YOL055C/YOL143C/YEL029C/YER037W/YMR095C/YFR025C/YBR248C/YJR130C/YLL062C/YAL044C/YBR145W/YKL127W/YER073W/YHR063C/YOR143C/YJR139C/YDL182W/YMR120C/YJL089W/YPL258C/YOR202W/YOR388C/YHR216W	93	primary_DOWN_GO
sulfur compound metabolic process	sulfur compound metabolic process	40/291	146/5859	0.273972602739726	5.51617003248129	12.6324086204166	6.09593374911853e-20	5.07486484614118e-18	4.27677878293421e-18	YGR144W/YJR010W/YKL001C/YJR137C/YFR030W/YPR167C/YNL277W/YER091C/YKR069W/YPR121W/YBR092C/YGL184C/YAL012W/YLR180W/YER052C/YBR213W/YOL064C/YGR155W/YLR303W/YDR253C/YCR020C/YHR112C/YGL125W/YIR017C/YDR158W/YBR240C/YNL191W/YDR502C/YJL101C/YHR208W/YPL214C/YGL202W/YOL055C/YGR154C/YJR130C/YLL062C/YHR063C/YOR143C/YJR139C/YPL258C	40	primary_DOWN_GO
DNA polymerase activity	DNA polymerase activity	26/291	57/5859	0.456140350877193	9.18393922951709	14.1932720203985	1.27639458556862e-19	1.01199856427226e-17	8.52849114066649e-18	YDR261C-D/YNL284C-B/YMR045C/YLR227W-B/YJR029W/YJR027W/YDR210C-D/YDR098C-B/YPR158C-D/YGR027W-B/YNL054W-B/YER160C/YDR365W-B/YFL002W-A/YER138C/YBR012W-B/YOR192C-B/YDR261W-B/YBL100W-B/YPR137C-B/YML045W/YAR009C/YGR161C-D/YPR158W-B/YBL005W-B/YMR050C	26	primary_DOWN_GO
sulfur amino acid metabolic process	sulfur amino acid metabolic process	23/291	43/5859	0.534883720930233	10.7693598657396	14.6980493547748	1.70593844756969e-19	1.29108523418343e-17	1.08804590938297e-17	YJR010W/YKL001C/YJR137C/YFR030W/YPR167C/YNL277W/YER091C/YGL184C/YAL012W/YLR180W/YER052C/YOL064C/YGR155W/YLR303W/YHR112C/YGL125W/YDR158W/YDR502C/YHR208W/YGL202W/YJR130C/YLL062C/YJR139C	23	primary_DOWN_GO
RNA endonuclease activity, producing 5'-phosphomonoesters	RNA endonuclease activity, producing 5'-phosphomonoesters	27/291	63/5859	0.428571428571429	8.62886597938144	13.9167439435429	1.86221080297127e-19	1.34807868997703e-17	1.13607643037103e-17	YDR261C-D/YNL284C-B/YMR045C/YLR227W-B/YJR029W/YNL221C/YJR027W/YDR210C-D/YDR098C-B/YPR158C-D/YGR027W-B/YNL054W-B/YER160C/YDR365W-B/YFL002W-A/YER138C/YBR012W-B/YOR192C-B/YDR261W-B/YBL100W-B/YPR137C-B/YML045W/YAR009C/YGR161C-D/YPR158W-B/YBL005W-B/YMR050C	27	primary_DOWN_GO
sulfur amino acid biosynthetic process	sulfur amino acid biosynthetic process	21/291	35/5859	0.6	12.080412371134	15.0297178377248	2.52838476607909e-19	1.75406693146737e-17	1.47821793560677e-17	YJR010W/YKL001C/YJR137C/YFR030W/YPR167C/YNL277W/YER091C/YGL184C/YAL012W/YLR180W/YER052C/YOL064C/YGR155W/YLR303W/YGL125W/YDR158W/YDR502C/YHR208W/YGL202W/YJR130C/YJR139C	21	primary_DOWN_GO
sulfur compound biosynthetic process	sulfur compound biosynthetic process	30/291	87/5859	0.344827586206897	6.94276573053679	12.7660529155853	2.71779558115299e-18	1.68902685637021e-16	1.42340622699004e-16	YGR144W/YJR010W/YKL001C/YJR137C/YFR030W/YPR167C/YNL277W/YER091C/YPR121W/YGL184C/YAL012W/YLR180W/YER052C/YOL064C/YGR155W/YLR303W/YGL125W/YDR158W/YBR240C/YDR502C/YJL101C/YHR208W/YPL214C/YGL202W/YOL055C/YJR130C/YHR063C/YOR143C/YJR139C/YPL258C	30	primary_DOWN_GO
aspartic-type endopeptidase activity	aspartic-type endopeptidase activity	21/291	38/5859	0.552631578947368	11.1266956049919	14.3163503987992	2.73896246978953e-18	1.68902685637021e-16	1.42340622699004e-16	YDR261C-D/YNL284C-B/YMR045C/YLR227W-B/YJR029W/YJR027W/YDR210C-D/YDR098C-B/YPR158C-D/YGR027W-B/YNL054W-B/YER160C/YDR365W-B/YER138C/YBR012W-B/YPR137C-B/YML045W/YGR161C-D/YPR158W-B/YBL005W-B/YMR050C	21	primary_DOWN_GO
aspartic-type peptidase activity	aspartic-type peptidase activity	21/291	38/5859	0.552631578947368	11.1266956049919	14.3163503987992	2.73896246978953e-18	1.68902685637021e-16	1.42340622699004e-16	YDR261C-D/YNL284C-B/YMR045C/YLR227W-B/YJR029W/YJR027W/YDR210C-D/YDR098C-B/YPR158C-D/YGR027W-B/YNL054W-B/YER160C/YDR365W-B/YER138C/YBR012W-B/YPR137C-B/YML045W/YGR161C-D/YPR158W-B/YBL005W-B/YMR050C	21	primary_DOWN_GO
RNA-templated DNA biosynthetic process	RNA-templated DNA biosynthetic process	27/291	69/5859	0.391304347826087	7.87852980726132	13.1387016815108	3.25222738578222e-18	1.93391378475978e-16	1.62978161851417e-16	YDR261C-D/YNL284C-B/YMR045C/YLR227W-B/YJR029W/YJR027W/YDR210C-D/YDR098C-B/YIL009C-A/YPR158C-D/YGR027W-B/YNL054W-B/YER160C/YDR365W-B/YFL002W-A/YER138C/YBR012W-B/YOR192C-B/YDR261W-B/YBL100W-B/YPR137C-B/YML045W/YAR009C/YGR161C-D/YPR158W-B/YBL005W-B/YMR050C	27	primary_DOWN_GO
endonuclease activity, active with either ribo- or deoxyribonucleic acids and producing 5'-phosphomonoesters	endonuclease activity, active with either ribo- or deoxyribonucleic acids and producing 5'-phosphomonoesters	27/291	70/5859	0.385714285714286	7.7659793814433	13.0181562570818	5.062221024575e-18	2.90641310548875e-16	2.44934323983973e-16	YDR261C-D/YNL284C-B/YMR045C/YLR227W-B/YJR029W/YNL221C/YJR027W/YDR210C-D/YDR098C-B/YPR158C-D/YGR027W-B/YNL054W-B/YER160C/YDR365W-B/YFL002W-A/YER138C/YBR012W-B/YOR192C-B/YDR261W-B/YBL100W-B/YPR137C-B/YML045W/YAR009C/YGR161C-D/YPR158W-B/YBL005W-B/YMR050C	27	primary_DOWN_GO
RNA endonuclease activity	RNA endonuclease activity	27/291	83/5859	0.325301204819277	6.54962116507266	11.6401977008433	7.90751779592386e-16	4.38867237673774e-14	3.69849867437421e-14	YDR261C-D/YNL284C-B/YMR045C/YLR227W-B/YJR029W/YNL221C/YJR027W/YDR210C-D/YDR098C-B/YPR158C-D/YGR027W-B/YNL054W-B/YER160C/YDR365W-B/YFL002W-A/YER138C/YBR012W-B/YOR192C-B/YDR261W-B/YBL100W-B/YPR137C-B/YML045W/YAR009C/YGR161C-D/YPR158W-B/YBL005W-B/YMR050C	27	primary_DOWN_GO
DNA biosynthetic process	DNA biosynthetic process	28/291	98/5859	0.285714285714286	5.75257731958763	10.8458815277928	9.73439940160476e-15	5.22831451731352e-13	4.40609657125268e-13	YDR261C-D/YNL284C-B/YDL059C/YMR045C/YLR227W-B/YJR029W/YJR027W/YDR210C-D/YDR098C-B/YIL009C-A/YPR158C-D/YGR027W-B/YNL054W-B/YER160C/YDR365W-B/YFL002W-A/YER138C/YBR012W-B/YOR192C-B/YDR261W-B/YBL100W-B/YPR137C-B/YML045W/YAR009C/YGR161C-D/YPR158W-B/YBL005W-B/YMR050C	28	primary_DOWN_GO
serine family amino acid metabolic process	serine family amino acid metabolic process	16/291	29/5859	0.551724137931034	11.1084251688589	12.4744034748186	3.46339966760905e-14	1.80205013955283e-12	1.51865518319831e-12	YNL277W/YIL074C/YGL184C/YAL012W/YDR019C/YMR189W/YER052C/YOR184W/YGR155W/YLR058C/YLR303W/YHR112C/YDR158W/YJR130C/YAL044C/YJR139C	16	primary_DOWN_GO
RNA nuclease activity	RNA nuclease activity	27/291	100/5859	0.27	5.43618556701031	10.2284006258787	1.38610624724525e-13	6.99353606564648e-12	5.89371492050372e-12	YDR261C-D/YNL284C-B/YMR045C/YLR227W-B/YJR029W/YNL221C/YJR027W/YDR210C-D/YDR098C-B/YPR158C-D/YGR027W-B/YNL054W-B/YER160C/YDR365W-B/YFL002W-A/YER138C/YBR012W-B/YOR192C-B/YDR261W-B/YBL100W-B/YPR137C-B/YML045W/YAR009C/YGR161C-D/YPR158W-B/YBL005W-B/YMR050C	27	primary_DOWN_GO
endonuclease activity	endonuclease activity	27/291	108/5859	0.25	5.03350515463918	9.6715120020358	1.0585804512843e-12	5.18393073937753e-11	4.36869269833428e-11	YDR261C-D/YNL284C-B/YMR045C/YLR227W-B/YJR029W/YNL221C/YJR027W/YDR210C-D/YDR098C-B/YPR158C-D/YGR027W-B/YNL054W-B/YER160C/YDR365W-B/YFL002W-A/YER138C/YBR012W-B/YOR192C-B/YDR261W-B/YBL100W-B/YPR137C-B/YML045W/YAR009C/YGR161C-D/YPR158W-B/YBL005W-B/YMR050C	27	primary_DOWN_GO
L-arginine biosynthetic process	L-arginine biosynthetic process	10/291	13/5859	0.769230769230769	15.4877081681205	11.9540075207087	1.96936632948299e-11	9.36855696739765e-10	7.89523403669421e-10	YHR018C/YJL088W/YOL058W/YMR062C/YER069W/YJR109C/YOR303W/YOR130C/YOL140W/YJL071W	10	primary_DOWN_GO
aspartate family amino acid metabolic process	aspartate family amino acid metabolic process	18/291	53/5859	0.339622641509434	6.83796926667963	9.75961730220494	2.68640156069402e-11	1.24246072182099e-09	1.04706821064478e-09	YNL277W/YER091C/YGL184C/YAL012W/YLR180W/YIR034C/YER052C/YOL064C/YLR303W/YGL125W/YDR158W/YDR502C/YHR208W/YDL131W/YPR145W/YGL202W/YJR139C/YDL182W	18	primary_DOWN_GO
nucleotidyltransferase activity	nucleotidyltransferase activity	27/291	123/5859	0.219512195121951	4.41966306261001	8.76199228894996	2.8879920243944e-11	1.29959641097748e-09	1.09521859701785e-09	YJR010W/YDR261C-D/YNL284C-B/YMR045C/YLR227W-B/YJR029W/YJR027W/YDR210C-D/YDR098C-B/YPR158C-D/YGR027W-B/YNL054W-B/YER160C/YDR365W-B/YFL002W-A/YER138C/YBR012W-B/YOR192C-B/YDR261W-B/YBL100W-B/YPR137C-B/YML045W/YAR009C/YGR161C-D/YPR158W-B/YBL005W-B/YMR050C	27	primary_DOWN_GO
aspartate family amino acid biosynthetic process	aspartate family amino acid biosynthetic process	17/291	47/5859	0.361702127659574	7.2825180960737	9.88533608568024	3.04715410834609e-11	1.33513462905164e-09	1.12516798515937e-09	YNL277W/YER091C/YGL184C/YLR180W/YIR034C/YER052C/YOL064C/YLR303W/YGL125W/YDR158W/YDR502C/YHR208W/YDL131W/YPR145W/YGL202W/YJR139C/YDL182W	17	primary_DOWN_GO
L-methionine biosynthetic process	L-methionine biosynthetic process	13/291	26/5859	0.5	10.0670103092784	10.591960686657	4.99792399186739e-11	2.0803858616148e-09	1.75321912662085e-09	YNL277W/YER091C/YGL184C/YLR180W/YER052C/YOL064C/YLR303W/YGL125W/YDR158W/YDR502C/YHR208W/YGL202W/YJR139C	13	primary_DOWN_GO
methionine biosynthetic process	methionine biosynthetic process	13/291	26/5859	0.5	10.0670103092784	10.591960686657	4.99792399186739e-11	2.0803858616148e-09	1.75321912662085e-09	YNL277W/YER091C/YGL184C/YLR180W/YER052C/YOL064C/YLR303W/YGL125W/YDR158W/YDR502C/YHR208W/YGL202W/YJR139C	13	primary_DOWN_GO
methionine metabolic process	methionine metabolic process	13/291	27/5859	0.481481481481481	9.69415807560137	10.3507595861065	9.21370798952232e-11	3.7416643420865e-09	3.1532407573898e-09	YNL277W/YER091C/YGL184C/YLR180W/YER052C/YOL064C/YLR303W/YGL125W/YDR158W/YDR502C/YHR208W/YGL202W/YJR139C	13	primary_DOWN_GO
vitamin metabolic process	vitamin metabolic process	19/291	65/5859	0.292307692307692	5.88532910388581	9.05384016717638	1.45543559986106e-10	5.63558203202015e-09	4.74931616796767e-09	YGR144W/YPR121W/YBR092C/YLR058C/YCR020C/YGL125W/YBR256C/YGR204W/YBR240C/YMR096W/YGR267C/YPL214C/YOL055C/YOL143C/YEL029C/YMR095C/YHR063C/YOR143C/YPL258C	19	primary_DOWN_GO
water-soluble vitamin metabolic process	water-soluble vitamin metabolic process	19/291	65/5859	0.292307692307692	5.88532910388581	9.05384016717638	1.45543559986106e-10	5.63558203202015e-09	4.74931616796767e-09	YGR144W/YPR121W/YBR092C/YLR058C/YCR020C/YGL125W/YBR256C/YGR204W/YBR240C/YMR096W/YGR267C/YPL214C/YOL055C/YOL143C/YEL029C/YMR095C/YHR063C/YOR143C/YPL258C	19	primary_DOWN_GO
homoserine metabolic process	homoserine metabolic process	10/291	15/5859	0.666666666666667	13.4226804123711	11.0122840089708	1.89129190806796e-10	7.15682051575718e-09	6.03132084558515e-09	YNL277W/YGL184C/YAL012W/YER052C/YGR155W/YLR303W/YHR112C/YDR158W/YJR130C/YJR139C	10	primary_DOWN_GO
non-proteinogenic amino acid metabolic process	non-proteinogenic amino acid metabolic process	12/291	24/5859	0.5	10.0670103092784	10.1746824781217	2.85325826889168e-10	1.05570555948992e-08	8.89682636826342e-09	YNL277W/YGL184C/YAL012W/YJL088W/YMR062C/YER069W/YGR155W/YLR303W/YHR112C/YOL140W/YJL071W/YJR130C	12	primary_DOWN_GO
endopeptidase activity	endopeptidase activity	21/291	83/5859	0.253012048192771	5.09414979505651	8.58738130293633	3.04706621953751e-10	1.1029054903326e-08	9.29459787332609e-09	YDR261C-D/YNL284C-B/YMR045C/YLR227W-B/YJR029W/YJR027W/YDR210C-D/YDR098C-B/YPR158C-D/YGR027W-B/YNL054W-B/YER160C/YDR365W-B/YER138C/YBR012W-B/YPR137C-B/YML045W/YGR161C-D/YPR158W-B/YBL005W-B/YMR050C	21	primary_DOWN_GO
sulfate assimilation	sulfate assimilation	9/291	12/5859	0.75	15.1005154639175	11.1771384404726	3.14550174374115e-10	1.11431072411256e-08	9.39071405242318e-09	YJR010W/YKL001C/YJR137C/YFR030W/YPR167C/YKR069W/YBR213W/YOL064C/YLR303W	9	primary_DOWN_GO
nuclease activity	nuclease activity	27/291	142/5859	0.190140845070423	3.82829969507768	7.79932589368877	9.22415126005386e-10	3.19962746833118e-08	2.69644597141487e-08	YDR261C-D/YNL284C-B/YMR045C/YLR227W-B/YJR029W/YNL221C/YJR027W/YDR210C-D/YDR098C-B/YPR158C-D/YGR027W-B/YNL054W-B/YER160C/YDR365W-B/YFL002W-A/YER138C/YBR012W-B/YOR192C-B/YDR261W-B/YBL100W-B/YPR137C-B/YML045W/YAR009C/YGR161C-D/YPR158W-B/YBL005W-B/YMR050C	27	primary_DOWN_GO
pyrimidine-containing compound metabolic process	pyrimidine-containing compound metabolic process	15/291	46/5859	0.326086956521739	6.5654415060511	8.66263352435789	2.44964203272472e-09	8.32378364180952e-08	7.0147644030549e-08	YGR144W/YPR121W/YBR092C/YJR109C/YCR020C/YLR420W/YOR303W/YGL224C/YBR240C/YPL214C/YKL216W/YOL055C/YER037W/YOR143C/YPL258C	15	primary_DOWN_GO
arginine metabolic process	arginine metabolic process	10/291	19/5859	0.526315789473684	10.5968529571351	9.57791067396849	4.86758756589983e-09	1.58912417592612e-07	1.33921449439514e-07	YHR018C/YJL088W/YOL058W/YMR062C/YER069W/YJR109C/YOR303W/YOR130C/YOL140W/YJL071W	10	primary_DOWN_GO
serine family amino acid biosynthetic process	serine family amino acid biosynthetic process	10/291	19/5859	0.526315789473684	10.5968529571351	9.57791067396849	4.86758756589983e-09	1.58912417592612e-07	1.33921449439514e-07	YNL277W/YIL074C/YAL012W/YER052C/YOR184W/YGR155W/YLR058C/YLR303W/YDR158W/YJR139C	10	primary_DOWN_GO
hydrogen sulfide biosynthetic process	hydrogen sulfide biosynthetic process	7/291	8/5859	0.875	17.6172680412371	10.751303815161	5.32981155484297e-09	1.67436532807803e-07	1.41105040766746e-07	YJR010W/YKL001C/YJR137C/YFR030W/YPR167C/YAL012W/YGR155W	7	primary_DOWN_GO
hydrogen sulfide metabolic process	hydrogen sulfide metabolic process	7/291	8/5859	0.875	17.6172680412371	10.751303815161	5.32981155484297e-09	1.67436532807803e-07	1.41105040766746e-07	YJR010W/YKL001C/YJR137C/YFR030W/YPR167C/YAL012W/YGR155W	7	primary_DOWN_GO
transition metal ion transport	transition metal ion transport	17/291	69/5859	0.246376811594203	4.96055580457194	7.56507025008665	2.44689214653981e-08	7.54458411849775e-07	6.35810376479058e-07	YHL047C/YOL158C/YIL121W/YLR130C/YML123C/YEL065W/YHL040C/YOR384W/YKL175W/YMR058W/YMR301C/YLR034C/YKL220C/YBR085W/YER145C/YOR383C/YOR382W	17	primary_DOWN_GO
aromatic amino acid family biosynthetic process	aromatic amino acid family biosynthetic process	10/291	23/5859	0.434782608695652	8.75392200806813	8.51724754314337	5.04448178135645e-08	1.52710221199245e-06	1.28694626115754e-06	YKL211C/YER055C/YDR354W/YIL116W/YGL026C/YCL030C/YGL202W/YFR025C/YBR248C/YOR202W	10	primary_DOWN_GO
thiamine-containing compound metabolic process	thiamine-containing compound metabolic process	9/291	18/5859	0.5	10.0670103092784	8.80700664093224	5.32977966054709e-08	1.5846577026448e-06	1.33545042998295e-06	YGR144W/YPR121W/YBR092C/YCR020C/YBR240C/YPL214C/YOL055C/YOR143C/YPL258C	9	primary_DOWN_GO
glutamine family amino acid metabolic process	glutamine family amino acid metabolic process	14/291	49/5859	0.285714285714286	5.75257731958763	7.63678791575537	5.70551425351409e-08	1.66661074247385e-06	1.40451532778103e-06	YHR018C/YJL088W/YOL058W/YMR062C/YER069W/YKL211C/YJR109C/YOR303W/YOR130C/YMR096W/YOL140W/YDL066W/YJL071W/YMR095C	14	primary_DOWN_GO
glutamine family amino acid biosynthetic process	glutamine family amino acid biosynthetic process	11/291	29/5859	0.379310344827586	7.63704230359047	8.19050862932523	5.8408642656385e-08	1.67673086246347e-06	1.41304393214086e-06	YHR018C/YJL088W/YOL058W/YMR062C/YER069W/YJR109C/YOR303W/YOR130C/YOL140W/YDL066W/YJL071W	11	primary_DOWN_GO
iron ion transport	iron ion transport	13/291	42/5859	0.30952380952381	6.2319587628866	7.77877107242917	5.96193935136499e-08	1.6824794949191e-06	1.41788852013729e-06	YHL047C/YOL158C/YEL065W/YHL040C/YOR384W/YMR058W/YMR301C/YLR034C/YKL220C/YBR085W/YER145C/YOR383C/YOR382W	13	primary_DOWN_GO
transmembrane transporter activity	transmembrane transporter activity	45/291	395/5859	0.113924050632911	2.29374918439254	6.08646117945483	7.62679530949297e-08	2.1164356983843e-06	1.7835996750095e-06	YDR345C/YHR094C/YLR092W/YLR004C/YHL047C/YOL158C/YHL028W/YIL121W/YGR138C/YOL119C/YOR222W/YGR055W/YPL274W/YHR162W/YGL186C/YLR130C/YBR104W/YOR130C/YKL120W/YHL036W/YHL016C/YER060W-A/YDL054C/YDL198C/YML123C/YLL061W/YEL065W/YJL212C/YHL040C/YOR192C/YLL052C/YKL175W/YLR237W/YDR046C/YMR058W/YMR301C/YLL053C/YPL058C/YHR092C/YLL055W/YLR034C/YBR294W/YAL067C/YBR085W/YER145C	45	primary_DOWN_GO
vitamin biosynthetic process	vitamin biosynthetic process	14/291	52/5859	0.269230769230769	5.42069785884219	7.31961362507082	1.30544598498177e-07	3.50575413708814e-06	2.95443038706401e-06	YGR144W/YPR121W/YBR256C/YBR240C/YMR096W/YGR267C/YPL214C/YOL055C/YOL143C/YEL029C/YMR095C/YHR063C/YOR143C/YPL258C	14	primary_DOWN_GO
water-soluble vitamin biosynthetic process	water-soluble vitamin biosynthetic process	14/291	52/5859	0.269230769230769	5.42069785884219	7.31961362507082	1.30544598498177e-07	3.50575413708814e-06	2.95443038706401e-06	YGR144W/YPR121W/YBR256C/YBR240C/YMR096W/YGR267C/YPL214C/YOL055C/YOL143C/YEL029C/YMR095C/YHR063C/YOR143C/YPL258C	14	primary_DOWN_GO
aromatic amino acid metabolic process	aromatic amino acid metabolic process	13/291	45/5859	0.288888888888889	5.81649484536082	7.41432139556457	1.49014437321198e-07	3.93823870063166e-06	3.31890133582551e-06	YLR134W/YKL211C/YER055C/YJL060W/YDR354W/YIL116W/YGL026C/YCL030C/YGL202W/YFR025C/YBR248C/YBR145W/YOR202W	13	primary_DOWN_GO
transferase activity	transferase activity	78/291	900/5859	0.0866666666666667	1.74494845360825	5.55292730974383	1.77569883748496e-07	4.61959150689448e-06	3.89310287889384e-06	YGR144W/YJR010W/YKL001C/YNL277W/YDR261C-D/YER091C/YKR069W/YPR121W/YLR180W/YJL088W/YDR019C/YNL284C-B/YMR062C/YER069W/YER175C/YER052C/YOR184W/YMR265C/YER055C/YLR058C/YMR045C/YJL060W/YNL104C/YLR303W/YDR354W/YBR256C/YLR227W-B/YNL191W/YOL140W/YDR502C/YJR029W/YPL188W/YHR208W/YJR027W/YDL131W/YDR210C-D/YIL116W/YPL214C/YDR126W/YDR098C-B/YJL071W/YGL202W/YOL055C/YOL143C/YEL029C/YBR248C/YGR154C/YJR130C/YLL062C/YPR158C-D/YNR069C/YGR027W-B/YER024W/YOR143C/YDL182W/YMR120C/YNL054W-B/YER160C/YDR365W-B/YFL002W-A/YEL040W/YNL024C/YER138C/YPL258C/YBR012W-B/YGR157W/YOR192C-B/YDR261W-B/YBL100W-B/YJL218W/YPR137C-B/YDR437W/YML045W/YAR009C/YGR161C-D/YPR158W-B/YBL005W-B/YMR050C	78	primary_DOWN_GO
homocysteine metabolic process	homocysteine metabolic process	7/291	11/5859	0.636363636363636	12.8125585754452	8.96413112270774	1.93048011979742e-07	4.87007484767076e-06	4.10419457685799e-06	YNL277W/YGL184C/YAL012W/YGR155W/YLR303W/YHR112C/YJR130C	7	primary_DOWN_GO
non-proteinogenic amino acid biosynthetic process	non-proteinogenic amino acid biosynthetic process	7/291	11/5859	0.636363636363636	12.8125585754452	8.96413112270774	1.93048011979742e-07	4.87007484767076e-06	4.10419457685799e-06	YNL277W/YJL088W/YMR062C/YER069W/YLR303W/YOL140W/YJL071W	7	primary_DOWN_GO
peptidase activity	peptidase activity	23/291	140/5859	0.164285714285714	3.30773195876289	6.31772763324645	2.897709470464e-07	7.16131013990624e-06	6.03510442010117e-06	YDR261C-D/YNL284C-B/YMR045C/YLR227W-B/YNL191W/YJR029W/YJR027W/YDR210C-D/YDR098C-B/YPR158C-D/YGR027W-B/YNL054W-B/YER160C/YDR365W-B/YER138C/YOL154W/YBR012W-B/YPR137C-B/YML045W/YGR161C-D/YPR158W-B/YBL005W-B/YMR050C	23	primary_DOWN_GO
ornithine metabolic process	ornithine metabolic process	5/291	5/5859	1	20.1340206185567	9.78445061564195	2.92473927635811e-07	7.16131013990624e-06	6.03510442010117e-06	YJL088W/YMR062C/YER069W/YOL140W/YJL071W	5	primary_DOWN_GO
sulfur compound transport	sulfur compound transport	10/291	27/5859	0.37037037037037	7.45704467353952	7.68738231711231	3.11328542805078e-07	7.51249309812254e-06	6.33105945933134e-06	YLR092W/YGR055W/YPL274W/YKL120W/YHL036W/YLL061W/YOR192C/YLR237W/YLL055W/YBR294W	10	primary_DOWN_GO
L-amino acid catabolic process	L-amino acid catabolic process	13/291	48/5859	0.270833333333333	5.45296391752577	7.08134774488839	3.4405467014518e-07	7.9562642471073e-06	6.70504203660125e-06	YLR134W/YAL012W/YDR019C/YIR034C/YMR189W/YMR096W/YDR502C/YHR208W/YIL116W/YGL202W/YMR095C/YAL044C/YBR145W	13	primary_DOWN_GO
proteinogenic amino acid catabolic process	proteinogenic amino acid catabolic process	13/291	48/5859	0.270833333333333	5.45296391752577	7.08134774488839	3.4405467014518e-07	7.9562642471073e-06	6.70504203660125e-06	YLR134W/YAL012W/YDR019C/YIR034C/YMR189W/YMR096W/YDR502C/YHR208W/YIL116W/YGL202W/YMR095C/YAL044C/YBR145W	13	primary_DOWN_GO
vitamin binding	vitamin binding	13/291	48/5859	0.270833333333333	5.45296391752577	7.08134774488839	3.4405467014518e-07	7.9562642471073e-06	6.70504203660125e-06	YLR134W/YGL184C/YAL012W/YOR184W/YLR058C/YJL060W/YLR303W/YHR112C/YOL140W/YIL116W/YGL202W/YJR130C/YOR143C	13	primary_DOWN_GO
imidazole-containing compound metabolic process	imidazole-containing compound metabolic process	6/291	8/5859	0.75	15.1005154639175	9.12297528852207	3.67402786197699e-07	8.15634185358891e-06	6.87365493335484e-06	YER055C/YIL116W/YCL030C/YFR025C/YBR248C/YOR202W	6	primary_DOWN_GO
L-histidine biosynthetic process	L-histidine biosynthetic process	6/291	8/5859	0.75	15.1005154639175	9.12297528852207	3.67402786197699e-07	8.15634185358891e-06	6.87365493335484e-06	YER055C/YIL116W/YCL030C/YFR025C/YBR248C/YOR202W	6	primary_DOWN_GO
L-histidine metabolic process	L-histidine metabolic process	6/291	8/5859	0.75	15.1005154639175	9.12297528852207	3.67402786197699e-07	8.15634185358891e-06	6.87365493335484e-06	YER055C/YIL116W/YCL030C/YFR025C/YBR248C/YOR202W	6	primary_DOWN_GO
catalytic activity, acting on DNA	catalytic activity, acting on DNA	27/291	189/5859	0.142857142857143	2.87628865979381	5.99391515625168	4.9554473718399e-07	1.08563419396229e-05	9.14904618651328e-06	YDR261C-D/YNL284C-B/YMR045C/YLR227W-B/YJR029W/YJR027W/YDR210C-D/YDR098C-B/YIL009C-A/YPR158C-D/YGR027W-B/YNL054W-B/YER160C/YDR365W-B/YFL002W-A/YER138C/YBR012W-B/YOR192C-B/YDR261W-B/YBL100W-B/YPR137C-B/YML045W/YAR009C/YGR161C-D/YPR158W-B/YBL005W-B/YMR050C	27	primary_DOWN_GO
primary alcohol metabolic process	primary alcohol metabolic process	11/291	35/5859	0.314285714285714	6.32783505154639	7.22679398821749	5.386546130698e-07	1.16475315683275e-05	9.81581133591311e-06	YGR144W/YLR134W/YPR121W/YCR020C/YBR240C/YPL214C/YOL055C/YBR145W/YER073W/YOR143C/YPL258C	11	primary_DOWN_GO
transmembrane transport	transmembrane transport	49/291	479/5859	0.102296450939457	2.05963885242021	5.53230426507161	5.51137649821992e-07	1.16568396354218e-05	9.82365559286695e-06	YDR345C/YHR094C/YLR092W/YLR004C/YHL047C/YOL158C/YHL028W/YIR034C/YIL121W/YGR138C/YOL119C/YOR222W/YGR055W/YPL274W/YHR162W/YGL186C/YLR130C/YBR104W/YOR130C/YKL120W/YHL036W/YHL016C/YER060W-A/YDL054C/YDL198C/YML123C/YLL061W/YEL065W/YJL212C/YHL040C/YOR192C/YLL052C/YKL175W/YLR237W/YDR046C/YMR058W/YMR301C/YLL053C/YPL058C/YER024W/YHR092C/YLL055W/YLR034C/YBR294W/YAL067C/YBR085W/YER145C/YMR018W/YLR136C	49	primary_DOWN_GO
thiamine metabolic process	thiamine metabolic process	8/291	17/5859	0.470588235294118	9.47483323226198	7.99919732515533	5.53087286004999e-07	1.16568396354218e-05	9.82365559286695e-06	YGR144W/YPR121W/YCR020C/YBR240C/YPL214C/YOL055C/YOR143C/YPL258C	8	primary_DOWN_GO
sulfur compound transmembrane transporter activity	sulfur compound transmembrane transporter activity	9/291	23/5859	0.391304347826087	7.87852980726132	7.5556784089877	7.1821122237592e-07	1.49477710656988e-05	1.25970468345671e-05	YLR092W/YGR055W/YPL274W/YKL120W/YHL036W/YLL061W/YLR237W/YLL055W/YBR294W	9	primary_DOWN_GO
transsulfuration	transsulfuration	6/291	9/5859	0.666666666666667	13.4226804123711	8.52570299263562	1.05627585981319e-06	2.17123371183823e-05	1.82978001446522e-05	YGL184C/YAL012W/YGR155W/YLR303W/YHR112C/YJR130C	6	primary_DOWN_GO
pyridoxal phosphate binding	pyridoxal phosphate binding	11/291	38/5859	0.289473684210526	5.82826912642431	6.82583888465267	1.35872336904521e-06	2.72563181862684e-05	2.29699207474606e-05	YGL184C/YAL012W/YOR184W/YLR058C/YJL060W/YLR303W/YHR112C/YOL140W/YIL116W/YGL202W/YJR130C	11	primary_DOWN_GO
vitamin B6 binding	vitamin B6 binding	11/291	38/5859	0.289473684210526	5.82826912642431	6.82583888465267	1.35872336904521e-06	2.72563181862684e-05	2.29699207474606e-05	YGL184C/YAL012W/YOR184W/YLR058C/YJL060W/YLR303W/YHR112C/YOL140W/YIL116W/YGL202W/YJR130C	11	primary_DOWN_GO
alpha-amino acid catabolic process	alpha-amino acid catabolic process	14/291	63/5859	0.222222222222222	4.47422680412371	6.33776041753239	1.68015837438841e-06	3.33031392066274e-05	2.80658034218014e-05	YLR134W/YAL012W/YDR019C/YIR034C/YMR189W/YJL060W/YMR096W/YDR502C/YHR208W/YIL116W/YGL202W/YMR095C/YAL044C/YBR145W	14	primary_DOWN_GO
pyrimidine-containing compound biosynthetic process	pyrimidine-containing compound biosynthetic process	11/291	39/5859	0.282051282051282	5.67882632831086	6.70161232456179	1.80988034085005e-06	3.54523619707687e-05	2.98770339857971e-05	YGR144W/YPR121W/YJR109C/YLR420W/YOR303W/YBR240C/YPL214C/YKL216W/YOL055C/YOR143C/YPL258C	11	primary_DOWN_GO
amino acid catabolic process	amino acid catabolic process	14/291	65/5859	0.215384615384615	4.33655828707375	6.18354767862118	2.50475956304188e-06	4.84329206770877e-05	4.08162372451764e-05	YLR134W/YAL012W/YDR019C/YIR034C/YMR189W/YJL060W/YMR096W/YDR502C/YHR208W/YIL116W/YGL202W/YMR095C/YAL044C/YBR145W	14	primary_DOWN_GO
cysteine metabolic process	cysteine metabolic process	6/291	10/5859	0.6	12.080412371134	8.01653471664405	2.53072918853251e-06	4.84329206770877e-05	4.08162372451764e-05	YGL184C/YAL012W/YGR155W/YLR303W/YHR112C/YJR130C	6	primary_DOWN_GO
transporter activity	transporter activity	45/291	450/5859	0.1	2.01340206185567	5.11447564201516	3.22380948555113e-06	6.09959408345754e-05	5.14035651224839e-05	YDR345C/YHR094C/YLR092W/YLR004C/YHL047C/YOL158C/YHL028W/YIL121W/YGR138C/YOL119C/YOR222W/YGR055W/YPL274W/YHR162W/YGL186C/YLR130C/YBR104W/YOR130C/YKL120W/YHL036W/YHL016C/YER060W-A/YDL054C/YDL198C/YML123C/YLL061W/YEL065W/YJL212C/YHL040C/YOR192C/YLL052C/YKL175W/YLR237W/YDR046C/YMR058W/YMR301C/YLL053C/YPL058C/YHR092C/YLL055W/YLR034C/YBR294W/YAL067C/YBR085W/YER145C	45	primary_DOWN_GO
iron coordination entity transport	iron coordination entity transport	8/291	21/5859	0.380952380952381	7.67010309278351	6.99973684953183	3.88654592480886e-06	7.27089771326601e-05	6.12745797489084e-05	YHL047C/YOL158C/YEL065W/YHL040C/YMR301C/YBR085W/YOR383C/YOR382W	8	primary_DOWN_GO
chorismate metabolic process	chorismate metabolic process	9/291	28/5859	0.321428571428571	6.47164948453608	6.63433394608033	4.86877344829991e-06	9.00723087935483e-05	7.59073100185237e-05	YKL211C/YLR058C/YDR354W/YGL125W/YGR204W/YGR267C/YIL116W/YGL026C/YGL202W	9	primary_DOWN_GO
primary alcohol biosynthetic process	primary alcohol biosynthetic process	7/291	16/5859	0.4375	8.80863402061856	7.14971419614925	5.39114892158419e-06	9.65189564993299e-05	8.13401416239018e-05	YGR144W/YPR121W/YBR240C/YPL214C/YOL055C/YOR143C/YPL258C	7	primary_DOWN_GO
thiamine biosynthetic process	thiamine biosynthetic process	7/291	16/5859	0.4375	8.80863402061856	7.14971419614925	5.39114892158419e-06	9.65189564993299e-05	8.13401416239018e-05	YGR144W/YPR121W/YBR240C/YPL214C/YOL055C/YOR143C/YPL258C	7	primary_DOWN_GO
thiamine-containing compound biosynthetic process	thiamine-containing compound biosynthetic process	7/291	16/5859	0.4375	8.80863402061856	7.14971419614925	5.39114892158419e-06	9.65189564993299e-05	8.13401416239018e-05	YGR144W/YPR121W/YBR240C/YPL214C/YOL055C/YOR143C/YPL258C	7	primary_DOWN_GO
hydrolase activity, acting on carbon-nitrogen (but not peptide) bonds	hydrolase activity, acting on carbon-nitrogen (but not peptide) bonds	14/291	70/5859	0.2	4.02680412371134	5.82375541227979	6.33601068947095e-06	0.00011222827444648	9.45789725539169e-05	YPR121W/YJL213W/YJL060W/YIL164C/YLR420W/YOR303W/YGR204W/YGR267C/YCL030C/YOL055C/YMR095C/YBR248C/YMR120C/YPL258C	14	primary_DOWN_GO
threonine metabolic process	threonine metabolic process	7/291	17/5859	0.411764705882353	8.29047907822923	6.88131307642342	8.77779206648965e-06	0.000153842355691634	0.000129648718278456	YNL277W/YER091C/YAL012W/YER052C/YLR303W/YDR158W/YJR139C	7	primary_DOWN_GO
cell periphery	cell periphery	69/291	852/5859	0.0809859154929577	1.6305720923479	4.55131938184088	1.35468579627931e-05	0.000234953317792192	0.000198003965618456	YDR345C/YHR094C/YLR092W/YJR137C/YLR004C/YER091C/YHL047C/YBR092C/YOL158C/YIL121W/YGR138C/YOL119C/YOR047C/YLR452C/YGR055W/YLR058C/YPL274W/YLR303W/YJR004C/YNR044W/YGL186C/YLR130C/YDR158W/YKL178C/YHR143W/YHL036W/YHL016C/YER060W-A/YDR126W/YML123C/YLL061W/YCL027W/YEL065W/YEL017C-A/YJL212C/YDR261C/YDR309C/YOR337W/YHL040C/YOR192C/YLL052C/YGL028C/YOR384W/YGL258W/YLR237W/YMR058W/YLL053C/YPL058C/YHR092C/YJR150C/YDR033W/YMR120C/YNL279W/YLL055W/YNL066W/YEL040W/YHL044W/YBR294W/YAL067C/YLR042C/YKL220C/YOL154W/YGR157W/YER145C/YOR383C/YOR107W/YOR382W/YLR461W/YNL145W	69	primary_DOWN_GO
siderophore transport	siderophore transport	5/291	8/5859	0.625	12.5837628865979	7.4946467618831	1.44603970299888e-05	0.000248211969638468	0.000209177528388227	YHL047C/YEL065W/YHL040C/YOR383C/YOR382W	5	primary_DOWN_GO
metal ion transport	metal ion transport	17/291	106/5859	0.160377358490566	3.22904104259872	5.29413943698647	1.50007432600444e-05	0.00025485956661198	0.000214779707471957	YHL047C/YOL158C/YIL121W/YLR130C/YML123C/YEL065W/YHL040C/YOR384W/YKL175W/YMR058W/YMR301C/YLR034C/YKL220C/YBR085W/YER145C/YOR383C/YOR382W	17	primary_DOWN_GO
transition metal ion binding	transition metal ion binding	55/291	632/5859	0.0870253164556962	1.75216951585541	4.57635369040567	1.6729777230432e-05	0.000281364435239084	0.000237116353515852	YGR144W/YDR261C-D/YER091C/YJL213W/YNL284C-B/YMR045C/YNL104C/YDR253C/YLR130C/YDL170W/YLR420W/YBR240C/YLR227W-B/YJR029W/YGR267C/YJR027W/YDL131W/YDR210C-D/YDR126W/YGL248W/YDR098C-B/YML123C/YCL030C/YGL209W/YER028C/YOR337W/YLL062C/YPR158C-D/YBR145W/YGR027W-B/YKL175W/YMR058W/YOR387C/YDL182W/YJL089W/YNL054W-B/YER160C/YDR365W-B/YFL002W-A/YGL089C/YER138C/YOL154W/YBR012W-B/YGR288W/YOR192C-B/YDR261W-B/YBL100W-B/YPR137C-B/YML045W/YGR161C-D/YLR136C/YPR158W-B/YBL005W-B/YMR050C/YLR013W	55	primary_DOWN_GO
zinc ion binding	zinc ion binding	52/291	586/5859	0.0887372013651877	1.78663664191971	4.58844636354108	1.73031557713692e-05	0.000288097543593297	0.000242790596244581	YDR261C-D/YER091C/YJL213W/YNL284C-B/YMR045C/YNL104C/YDR253C/YLR130C/YDL170W/YLR420W/YBR240C/YLR227W-B/YJR029W/YGR267C/YJR027W/YDL131W/YDR210C-D/YDR126W/YGL248W/YDR098C-B/YML123C/YCL030C/YGL209W/YER028C/YOR337W/YLL062C/YPR158C-D/YBR145W/YGR027W-B/YKL175W/YOR387C/YDL182W/YJL089W/YNL054W-B/YER160C/YDR365W-B/YFL002W-A/YER138C/YOL154W/YBR012W-B/YGR288W/YOR192C-B/YDR261W-B/YBL100W-B/YPR137C-B/YML045W/YGR161C-D/YLR136C/YPR158W-B/YBL005W-B/YMR050C/YLR013W	52	primary_DOWN_GO
metal ion binding	metal ion binding	62/291	745/5859	0.0832214765100671	1.67558292396042	4.51178091885829	1.80628736331155e-05	0.000297769154446904	0.00025094122514792	YGR144W/YLR134W/YDR261C-D/YER091C/YJL213W/YNL284C-B/YER055C/YMR045C/YNL104C/YDR253C/YJR109C/YLR130C/YDL170W/YLR420W/YBR240C/YLR227W-B/YJR029W/YGR267C/YJR027W/YDL131W/YDR210C-D/YPL214C/YDR126W/YGL248W/YDL066W/YDR098C-B/YML123C/YCL030C/YGL209W/YER028C/YOR337W/YLL062C/YPR158C-D/YBR145W/YKL127W/YGR027W-B/YKL175W/YMR058W/YOR387C/YDL182W/YJL089W/YNL054W-B/YER160C/YDR365W-B/YFL002W-A/YGL089C/YER138C/YOL154W/YBR012W-B/YGR288W/YOR192C-B/YDR261W-B/YBL100W-B/YPR137C-B/YML045W/YHR216W/YGR161C-D/YLR136C/YPR158W-B/YBL005W-B/YMR050C/YLR013W	62	primary_DOWN_GO
transferase activity, transferring phosphorus-containing groups	transferase activity, transferring phosphorus-containing groups	37/291	364/5859	0.101648351648352	2.04659000793021	4.71319048666862	1.85927356573199e-05	0.000303499067347429	0.000255770037473761	YJR010W/YKL001C/YDR261C-D/YPR121W/YNL284C-B/YER069W/YER052C/YMR045C/YLR227W-B/YJR029W/YPL188W/YJR027W/YDR210C-D/YPL214C/YDR098C-B/YOL055C/YEL029C/YPR158C-D/YGR027W-B/YOR143C/YNL054W-B/YER160C/YDR365W-B/YFL002W-A/YER138C/YPL258C/YBR012W-B/YOR192C-B/YDR261W-B/YBL100W-B/YPR137C-B/YML045W/YAR009C/YGR161C-D/YPR158W-B/YBL005W-B/YMR050C	37	primary_DOWN_GO
cation binding	cation binding	63/291	767/5859	0.0821382007822686	1.65377222812135	4.43967845548933	2.30725410737863e-05	0.000372968746484022	0.000314314739410906	YGR144W/YLR134W/YDR261C-D/YER091C/YJL213W/YNL284C-B/YER055C/YMR045C/YNL104C/YDR253C/YJR109C/YLR130C/YDL170W/YLR420W/YBR240C/YLR227W-B/YJR029W/YGR267C/YJR027W/YDL131W/YDR210C-D/YPL214C/YDR126W/YGL248W/YDL066W/YDR098C-B/YML123C/YCL030C/YGL209W/YER028C/YOR337W/YLL062C/YPR158C-D/YBR145W/YKL127W/YGR027W-B/YKL175W/YMR058W/YOR143C/YOR387C/YDL182W/YJL089W/YNL054W-B/YER160C/YDR365W-B/YFL002W-A/YGL089C/YER138C/YOL154W/YBR012W-B/YGR288W/YOR192C-B/YDR261W-B/YBL100W-B/YPR137C-B/YML045W/YHR216W/YGR161C-D/YLR136C/YPR158W-B/YBL005W-B/YMR050C/YLR013W	63	primary_DOWN_GO
plasma membrane	plasma membrane	51/291	578/5859	0.0882352941176471	1.77653123104912	4.49506863652906	2.47710740829816e-05	0.000396575368732349	0.000334208924621604	YDR345C/YHR094C/YLR092W/YLR004C/YER091C/YHL047C/YOL158C/YIL121W/YGR138C/YOL119C/YOR047C/YLR452C/YGR055W/YLR058C/YPL274W/YLR303W/YGL186C/YLR130C/YDR158W/YKL178C/YHL036W/YHL016C/YER060W-A/YML123C/YLL061W/YCL027W/YEL065W/YEL017C-A/YJL212C/YDR261C/YDR309C/YHL040C/YOR192C/YLL052C/YOR384W/YLR237W/YMR058W/YLL053C/YPL058C/YHR092C/YDR033W/YMR120C/YNL279W/YLL055W/YHL044W/YBR294W/YAL067C/YKL220C/YER145C/YOR107W/YNL145W	51	primary_DOWN_GO
one-carbon metabolic process	one-carbon metabolic process	7/291	20/5859	0.35	7.04690721649485	6.1922806282238	3.07439661716812e-05	0.000487511463579517	0.000410844179517304	YDR019C/YMR189W/YLR058C/YGL125W/YGR204W/YGR267C/YAL044C	7	primary_DOWN_GO
oxidoreductase activity	oxidoreductase activity	33/291	317/5859	0.10410094637224	2.09597060066994	4.58634625617976	3.37219778776069e-05	0.000529689558171844	0.000446389240425521	YJR137C/YFR030W/YPR167C/YIL074C/YER069W/YIR034C/YMR189W/YBR213W/YEL071W/YGL157W/YGL125W/YDR158W/YGR204W/YDR541C/YDL066W/YCL030C/YKL216W/YNL331C/YGR154C/YBR145W/YOR384W/YMR058W/YHR176W/YLR364W/YER073W/YHR063C/YJR139C/YER042W/YKL220C/YNL234W/YCR102C/YOR388C/YHR216W	33	primary_DOWN_GO
intracellular iron ion homeostasis	intracellular iron ion homeostasis	12/291	62/5859	0.193548387096774	3.89690721649485	5.24204017512652	4.14789112823613e-05	0.00064544287182366	0.000543938895616209	YHL047C/YOL158C/YDL198C/YEL065W/YHL040C/YOR384W/YMR058W/YMR301C/YLR034C/YKL220C/YJR005C-A/YLR136C	12	primary_DOWN_GO
siderophore-dependent iron import into cell	siderophore-dependent iron import into cell	4/291	6/5859	0.666666666666667	13.4226804123711	6.95942310474875	8.26235943633078e-05	0.00126209435426521	0.00106361420846247	YHL047C/YOL158C/YEL065W/YHL040C	4	primary_DOWN_GO
siderophore-iron transmembrane transporter activity	siderophore-iron transmembrane transporter activity	4/291	6/5859	0.666666666666667	13.4226804123711	6.95942310474875	8.26235943633078e-05	0.00126209435426521	0.00106361420846247	YHL047C/YOL158C/YEL065W/YHL040C	4	primary_DOWN_GO
hydrolase activity, acting on ester bonds	hydrolase activity, acting on ester bonds	34/291	347/5859	0.0979827089337176	1.97278588193351	4.27069893649996	8.81562186110698e-05	0.00133436458170392	0.00112451903740245	YDR261C-D/YBR092C/YNL284C-B/YOL064C/YMR045C/YGL224C/YKL128C/YLR227W-B/YJR029W/YNL221C/YJR027W/YDR210C-D/YGL248W/YDR098C-B/YER037W/YFR025C/YPR158C-D/YGR027W-B/YNL054W-B/YER160C/YDR365W-B/YFL002W-A/YER138C/YBR012W-B/YOR192C-B/YDR261W-B/YBL100W-B/YPR137C-B/YML045W/YAR009C/YGR161C-D/YPR158W-B/YBL005W-B/YMR050C	34	primary_DOWN_GO
organic cation transmembrane transporter activity	organic cation transmembrane transporter activity	9/291	39/5859	0.230769230769231	4.64631245043616	5.22271414717544	9.20891974843295e-05	0.00138133796226494	0.00116410526549655	YIL121W/YGR055W/YPL274W/YBR104W/YOR130C/YHL036W/YHL016C/YLR237W/YLL055W	9	primary_DOWN_GO
monoatomic ion transport	monoatomic ion transport	23/291	203/5859	0.113300492610837	2.28119445431923	4.24697724001588	0.000158621421111068	0.00235807737633865	0.00198724017237833	YDR345C/YHR094C/YLR092W/YHL047C/YOL158C/YIL121W/YLR130C/YML123C/YEL065W/YHL040C/YOR384W/YKL175W/YMR058W/YMR301C/YHR092C/YLR034C/YBR294W/YKL220C/YBR085W/YER145C/YOR383C/YOR382W/YLR136C	23	primary_DOWN_GO
carboxylic acid catabolic process	carboxylic acid catabolic process	15/291	104/5859	0.144230769230769	2.9039452815226	4.47837063409085	0.000166711632242728	0.00245641475826675	0.0020701127692553	YLR134W/YAL012W/YDR019C/YIR034C/YMR189W/YJL060W/YMR096W/YDR502C/YHR208W/YIL116W/YGL202W/YMR095C/YAL044C/YBR145W/YOR388C	15	primary_DOWN_GO
iron import into cell	iron import into cell	5/291	12/5859	0.416666666666667	8.38917525773196	5.85722096670349	0.000173329655053069	0.00253152522511719	0.00213341117438357	YHL047C/YOL158C/YEL065W/YHL040C/YMR058W	5	primary_DOWN_GO
cyclohydrolase activity	cyclohydrolase activity	4/291	7/5859	0.571428571428571	11.5051546391753	6.35727320745055	0.000185252019344226	0.00266892444248512	0.00224920264380127	YGR204W/YGR267C/YCL030C/YMR120C	4	primary_DOWN_GO
organic acid catabolic process	organic acid catabolic process	15/291	105/5859	0.142857142857143	2.87628865979381	4.4348704648878	0.000185943084281245	0.00266892444248512	0.00224920264380127	YLR134W/YAL012W/YDR019C/YIR034C/YMR189W/YJL060W/YMR096W/YDR502C/YHR208W/YIL116W/YGL202W/YMR095C/YAL044C/YBR145W/YOR388C	15	primary_DOWN_GO
amino acid transmembrane transport	amino acid transmembrane transport	10/291	52/5859	0.192307692307692	3.87192704203013	4.75522122938272	0.000192871466602982	0.00274470933242704	0.00231306941054228	YIL121W/YOR222W/YGR055W/YPL274W/YBR104W/YOR130C/YHL036W/YLL061W/YDR046C/YLL055W	10	primary_DOWN_GO
organic cation transport	organic cation transport	9/291	43/5859	0.209302325581395	4.21409733876768	4.83562505276604	0.000205640572769427	0.00290162333611099	0.00244530672169176	YGR055W/YPL274W/YBR104W/YOR130C/YHL036W/YHL016C/YOR192C/YLR237W/YLL055W	9	primary_DOWN_GO
amino acid transmembrane transporter activity	amino acid transmembrane transporter activity	10/291	53/5859	0.188679245283019	3.79887181482202	4.67901020762426	0.000227467434112751	0.00318263258653555	0.00268212374765411	YIL121W/YOR222W/YGR055W/YPL274W/YBR104W/YOR130C/YHL036W/YLL061W/YDR046C/YLL055W	10	primary_DOWN_GO
lyase activity	lyase activity	15/291	107/5859	0.14018691588785	2.82252625493786	4.34938455986921	0.000230241637504682	0.00319460272037746	0.00269221142801527	YLR134W/YGL184C/YHR018C/YAL012W/YBR213W/YKL211C/YGR155W/YGL009C/YLR303W/YHR112C/YIL164C/YMR096W/YGL026C/YMR095C/YOR202W	15	primary_DOWN_GO
indolalkylamine metabolic process	indolalkylamine metabolic process	7/291	27/5859	0.259259259259259	5.21993127147766	5.0240050481181	0.000260706628724554	0.00358740939525935	0.00302324433309987	YLR134W/YKL211C/YJL060W/YDR354W/YGL026C/YGL202W/YBR145W	7	primary_DOWN_GO
amine metabolic process	amine metabolic process	10/291	55/5859	0.181818181818182	3.66073102155576	4.53200291811999	0.00031240612787308	0.00426357543367769	0.00359307479253508	YLR134W/YKL211C/YJL060W/YDR253C/YDR354W/YIR017C/YGL026C/YNL311C/YGL202W/YBR145W	10	primary_DOWN_GO
indole-containing compound metabolic process	indole-containing compound metabolic process	7/291	28/5859	0.25	5.03350515463918	4.89059473651235	0.000333028468175928	0.00447171289929775	0.00376848003462235	YLR134W/YKL211C/YJL060W/YDR354W/YGL026C/YGL202W/YBR145W	7	primary_DOWN_GO
NAD binding	NAD binding	7/291	28/5859	0.25	5.03350515463918	4.89059473651235	0.000333028468175928	0.00447171289929775	0.00376848003462235	YIL074C/YER069W/YDR158W/YDL066W/YCL030C/YJR139C/YOR388C	7	primary_DOWN_GO
glycine metabolic process	glycine metabolic process	4/291	8/5859	0.5	10.0670103092784	5.86631823524413	0.000356043641658463	0.00466781624693969	0.00393374367451911	YDR019C/YMR189W/YLR058C/YAL044C	4	primary_DOWN_GO
thiamine diphosphate biosynthetic process	thiamine diphosphate biosynthetic process	4/291	8/5859	0.5	10.0670103092784	5.86631823524413	0.000356043641658463	0.00466781624693969	0.00393374367451911	YPL214C/YOL055C/YOR143C/YPL258C	4	primary_DOWN_GO
thiamine diphosphate metabolic process	thiamine diphosphate metabolic process	4/291	8/5859	0.5	10.0670103092784	5.86631823524413	0.000356043641658463	0.00466781624693969	0.00393374367451911	YPL214C/YOL055C/YOR143C/YPL258C	4	primary_DOWN_GO
nucleotide metabolic process	nucleotide metabolic process	20/291	176/5859	0.113636363636364	2.28795688847235	3.96588755948301	0.000409885006973986	0.0052989022933369	0.00446558353533623	YJR010W/YKL001C/YER055C/YJL060W/YJR109C/YLR420W/YOR303W/YGL224C/YPL188W/YIL116W/YGL248W/YDL066W/YCL030C/YKL216W/YER037W/YFR025C/YBR248C/YMR120C/YOR202W/YHR216W	20	primary_DOWN_GO
transaminase activity	transaminase activity	6/291	21/5859	0.285714285714286	5.75257731958763	4.98744773977461	0.000410545583087363	0.0052989022933369	0.00446558353533623	YOR184W/YJL060W/YOL140W/YHR208W/YIL116W/YGL202W	6	primary_DOWN_GO
monoatomic cation transport	monoatomic cation transport	21/291	193/5859	0.10880829015544	2.19074835745954	3.84531502934546	0.000532275988939779	0.00681722708911332	0.00574513273892085	YDR345C/YHR094C/YHL047C/YOL158C/YIL121W/YLR130C/YML123C/YEL065W/YHL040C/YOR384W/YKL175W/YMR058W/YMR301C/YHR092C/YLR034C/YKL220C/YBR085W/YER145C/YOR383C/YOR382W/YLR136C	21	primary_DOWN_GO
transferase activity, transferring nitrogenous groups	transferase activity, transferring nitrogenous groups	6/291	22/5859	0.272727272727273	5.49109653233365	4.82436822716731	0.000541228313779639	0.00687897055300076	0.0057971662697329	YOR184W/YJL060W/YOL140W/YHR208W/YIL116W/YGL202W	6	primary_DOWN_GO
amino acid transport	amino acid transport	10/291	59/5859	0.169491525423729	3.41254586755198	4.25754407774422	0.00056269780327395	0.0070976654731146	0.00598146867435547	YIL121W/YOR222W/YGR055W/YPL274W/YBR104W/YOR130C/YHL036W/YLL061W/YDR046C/YLL055W	10	primary_DOWN_GO
catalytic activity, acting on RNA	catalytic activity, acting on RNA	29/291	308/5859	0.0941558441558442	1.89573570759138	3.69182576773373	0.000582447847745344	0.00729154636463156	0.00614485936719069	YDR261C-D/YNL284C-B/YMR265C/YMR045C/YLR227W-B/YJR029W/YNL221C/YJR027W/YDR210C-D/YDR098C-B/YIL009C-A/YPR158C-D/YGR027W-B/YNL054W-B/YER160C/YDR365W-B/YFL002W-A/YER138C/YBR012W-B/YOR192C-B/YDR261W-B/YBL100W-B/YPR137C-B/YML045W/YAR009C/YGR161C-D/YPR158W-B/YBL005W-B/YMR050C	29	primary_DOWN_GO
glutamine metabolic process	glutamine metabolic process	4/291	9/5859	0.444444444444444	8.94845360824742	5.45503486084819	0.000615906116191067	0.007652863309389	0.0064493546966433	YKL211C/YOR303W/YMR096W/YMR095C	4	primary_DOWN_GO
nucleotide biosynthetic process	nucleotide biosynthetic process	14/291	105/5859	0.133333333333333	2.68453608247423	3.98163645034432	0.000624779078173213	0.00770560863080296	0.00649380515559371	YER055C/YJL060W/YJR109C/YLR420W/YOR303W/YPL188W/YIL116W/YCL030C/YKL216W/YFR025C/YBR248C/YMR120C/YOR202W/YHR216W	14	primary_DOWN_GO
cellular modified amino acid metabolic process	cellular modified amino acid metabolic process	10/291	60/5859	0.166666666666667	3.35567010309278	4.1926161781364	0.000646177197532455	0.00791091936684954	0.00666682820673965	YPR167C/YLR058C/YGL125W/YGR204W/YNL191W/YGR267C/YJL101C/YGR154C/YHR063C/YER024W	10	primary_DOWN_GO
small molecule binding	small molecule binding	97/291	1467/5859	0.0661213360599864	1.33128834355828	3.35012962630168	0.000699261568502748	0.00849832490187646	0.00716185686372772	YGR144W/YLR134W/YKL001C/YJR137C/YFR030W/YDR261C-D/YER091C/YIL074C/YJL213W/YGL184C/YAL012W/YLR180W/YOL058W/YNL284C-B/YER069W/YOR184W/YEL071W/YER055C/YLR058C/YMR045C/YJL060W/YNL104C/YGL009C/YLR303W/YDR253C/YJR109C/YLR130C/YHR112C/YDL170W/YGL125W/YLR420W/YDR158W/YGR204W/YBR240C/YLR227W-B/YOL140W/YDR502C/YJR029W/YGR267C/YJR027W/YDL131W/YDR210C-D/YIL116W/YPL214C/YDR126W/YGL248W/YDL066W/YDR098C-B/YML123C/YFL028C/YCL030C/YGL202W/YGL209W/YER028C/YDR309C/YOR337W/YJR130C/YLL062C/YAL044C/YPR158C-D/YBR145W/YKL127W/YGR027W-B/YKL175W/YMR058W/YHR176W/YMR301C/YPL058C/YHR063C/YOR143C/YOR387C/YJR139C/YDL182W/YJL089W/YNL054W-B/YER160C/YDR365W-B/YFL002W-A/YGL089C/YER138C/YOL154W/YBR012W-B/YGR288W/YOR192C-B/YDR261W-B/YNL234W/YBL100W-B/YPR137C-B/YOR388C/YML045W/YHR216W/YGR161C-D/YLR136C/YPR158W-B/YBL005W-B/YMR050C/YLR013W	97	primary_DOWN_GO
organic acid transport	organic acid transport	12/291	83/5859	0.144578313253012	2.91094274003229	4.00815670607595	0.000729591180049992	0.00880267619408143	0.00741834510302547	YIL121W/YOR222W/YGR055W/YHR162W/YBR104W/YOR130C/YKL120W/YHL036W/YPL058C/YER024W/YLL055W/YAL067C	12	primary_DOWN_GO
nucleobase-containing small molecule metabolic process	nucleobase-containing small molecule metabolic process	25/291	254/5859	0.0984251968503937	1.98169494277133	3.65659758780853	0.000736404953174162	0.00882096580600705	0.0074337584443859	YJR010W/YKL001C/YOR184W/YOR047C/YER055C/YJL060W/YJR109C/YLR420W/YOR303W/YGL224C/YGR204W/YPL188W/YIL116W/YGL248W/YDL066W/YCL030C/YKL216W/YER037W/YFR025C/YBR248C/YKL127W/YHR063C/YMR120C/YOR202W/YHR216W	25	primary_DOWN_GO
organic hydroxy compound biosynthetic process	organic hydroxy compound biosynthetic process	13/291	97/5859	0.134020618556701	2.69837389733234	3.85570777743143	0.000925044188234546	0.0110014183815037	0.00927130754072669	YGR144W/YLR134W/YPR121W/YEL071W/YBR240C/YMR096W/YGR267C/YPL214C/YOL055C/YEL029C/YMR095C/YOR143C/YPL258C	13	primary_DOWN_GO
lysine biosynthetic process	lysine biosynthetic process	4/291	10/5859	0.4	8.05360824742268	5.10319413205048	0.000986576615120522	0.0115679581984202	0.00974875187513458	YIR034C/YDL131W/YGL202W/YDL182W	4	primary_DOWN_GO
lysine metabolic process	lysine metabolic process	4/291	10/5859	0.4	8.05360824742268	5.10319413205048	0.000986576615120522	0.0115679581984202	0.00974875187513458	YIR034C/YDL131W/YGL202W/YDL182W	4	primary_DOWN_GO
pentosyltransferase activity	pentosyltransferase activity	5/291	17/5859	0.294117647058824	5.92177077016374	4.64554457895962	0.00110246453553225	0.0128350751205926	0.0108165987897897	YGR144W/YER055C/YDR354W/YNL191W/YBR248C	5	primary_DOWN_GO
cysteine biosynthetic process	cysteine biosynthetic process	3/291	5/5859	0.6	12.080412371134	5.66612474229093	0.00112547805862253	0.0128350751205926	0.0108165987897897	YAL012W/YGR155W/YLR303W	3	primary_DOWN_GO
indolalkylamine biosynthetic process	indolalkylamine biosynthetic process	3/291	5/5859	0.6	12.080412371134	5.66612474229093	0.00112547805862253	0.0128350751205926	0.0108165987897897	YKL211C/YDR354W/YGL026C	3	primary_DOWN_GO
tryptophan biosynthetic process	tryptophan biosynthetic process	3/291	5/5859	0.6	12.080412371134	5.66612474229093	0.00112547805862253	0.0128350751205926	0.0108165987897897	YKL211C/YDR354W/YGL026C	3	primary_DOWN_GO
ion binding	ion binding	92/291	1397/5859	0.0658554044380816	1.32593407079973	3.19105835189308	0.00119014006011939	0.0134801578238012	0.011360234157817	YGR144W/YLR134W/YKL001C/YJR137C/YFR030W/YDR261C-D/YER091C/YJL213W/YGL184C/YAL012W/YLR180W/YOL058W/YNL284C-B/YER069W/YOR184W/YEL071W/YER055C/YLR058C/YMR045C/YJL060W/YNL104C/YLR303W/YDR253C/YJR109C/YLR130C/YHR112C/YDL170W/YGL125W/YLR420W/YGR204W/YBR240C/YLR227W-B/YOL140W/YDR502C/YJR029W/YGR267C/YJR027W/YDL131W/YDR210C-D/YIL116W/YPL214C/YDR126W/YGL248W/YDL066W/YDR098C-B/YML123C/YFL028C/YCL030C/YGL202W/YGL209W/YER028C/YDR309C/YOR337W/YJR130C/YLL062C/YAL044C/YPR158C-D/YBR145W/YKL127W/YGR027W-B/YKL175W/YMR058W/YHR176W/YMR301C/YPL058C/YOR143C/YOR387C/YJR139C/YDL182W/YJL089W/YNL054W-B/YER160C/YDR365W-B/YFL002W-A/YGL089C/YER138C/YOL154W/YBR012W-B/YGR288W/YOR192C-B/YDR261W-B/YNL234W/YBL100W-B/YPR137C-B/YML045W/YHR216W/YGR161C-D/YLR136C/YPR158W-B/YBL005W-B/YMR050C/YLR013W	92	primary_DOWN_GO
carboxylic acid transmembrane transporter activity	carboxylic acid transmembrane transporter activity	10/291	65/5859	0.153846153846154	3.09754163362411	3.88731368777702	0.00123166673593973	0.0137632558076487	0.0115988114377087	YIL121W/YOR222W/YGR055W/YHR162W/YBR104W/YOR130C/YKL120W/YHL036W/YLL055W/YAL067C	10	primary_DOWN_GO
organic acid transmembrane transporter activity	organic acid transmembrane transporter activity	10/291	65/5859	0.153846153846154	3.09754163362411	3.88731368777702	0.00123166673593973	0.0137632558076487	0.0115988114377087	YIL121W/YOR222W/YGR055W/YHR162W/YBR104W/YOR130C/YKL120W/YHL036W/YLL055W/YAL067C	10	primary_DOWN_GO
small molecule catabolic process	small molecule catabolic process	18/291	166/5859	0.108433734939759	2.18320705502422	3.53521448092163	0.00137431642883246	0.0152549123600404	0.0128558863132188	YLR134W/YAL012W/YDR019C/YIR034C/YMR189W/YJL060W/YMR096W/YDR502C/YHR208W/YIL116W/YGL202W/YOL055C/YMR095C/YAL044C/YBR145W/YKL127W/YER073W/YOR388C	18	primary_DOWN_GO
nucleobase metabolic process	nucleobase metabolic process	7/291	35/5859	0.2	4.02680412371134	4.10562444841458	0.00140243931957307	0.015463983225756	0.0130320781665451	YOR184W/YLR420W/YOR303W/YGL224C/YGR204W/YKL216W/YER037W	7	primary_DOWN_GO
pyrimidine nucleobase metabolic process	pyrimidine nucleobase metabolic process	5/291	18/5859	0.277777777777778	5.59278350515464	4.4610818175501	0.00146518416569871	0.0160495502361076	0.0135255574298919	YLR420W/YOR303W/YGL224C/YKL216W/YER037W	5	primary_DOWN_GO
vitamin transport	vitamin transport	4/291	11/5859	0.363636363636364	7.32146204311153	4.79713300719325	0.00149012284159284	0.0162160426879221	0.0136658668582268	YOL119C/YGL186C/YOR192C/YLR237W	4	primary_DOWN_GO
carboxylic acid transmembrane transport	carboxylic acid transmembrane transport	9/291	56/5859	0.160714285714286	3.23582474226804	3.84305899111673	0.00156598889388876	0.0168217516666115	0.0141763205130982	YOR222W/YGR055W/YHR162W/YBR104W/YOR130C/YKL120W/YHL036W/YER024W/YLL055W	9	primary_DOWN_GO
organic acid transmembrane transport	organic acid transmembrane transport	9/291	56/5859	0.160714285714286	3.23582474226804	3.84305899111673	0.00156598889388876	0.0168217516666115	0.0141763205130982	YOR222W/YGR055W/YHR162W/YBR104W/YOR130C/YKL120W/YHL036W/YER024W/YLL055W	9	primary_DOWN_GO
biogenic amine metabolic process	biogenic amine metabolic process	7/291	36/5859	0.194444444444444	3.91494845360825	4.01033173999422	0.00166835169001522	0.0178064459222778	0.0150061592630923	YLR134W/YKL211C/YJL060W/YDR354W/YGL026C/YGL202W/YBR145W	7	primary_DOWN_GO
dicarboxylic acid metabolic process	dicarboxylic acid metabolic process	10/291	68/5859	0.147058823529412	2.96088538508187	3.71793205147689	0.00175380399950346	0.0185310763796961	0.0156168325045898	YKL211C/YLR058C/YDR354W/YGL125W/YGR204W/YGR267C/YIL116W/YGL026C/YDL066W/YGL202W	10	primary_DOWN_GO
organic hydroxy compound metabolic process	organic hydroxy compound metabolic process	17/291	156/5859	0.108974358974359	2.19409199048374	3.45557213683298	0.00175850454534053	0.0185310763796961	0.0156168325045898	YGR144W/YLR134W/YPR121W/YEL071W/YCR020C/YBR240C/YMR096W/YGR267C/YPL214C/YDL066W/YOL055C/YEL029C/YMR095C/YBR145W/YER073W/YOR143C/YPL258C	17	primary_DOWN_GO
amide transmembrane transporter activity	amide transmembrane transporter activity	5/291	19/5859	0.263157894736842	5.29842647856755	4.28994223775532	0.00190870332607174	0.0199873650182984	0.0168441015137612	YHL016C/YJL212C/YOR192C/YLR237W/YAL067C	5	primary_DOWN_GO
indole-containing compound biosynthetic process	indole-containing compound biosynthetic process	3/291	6/5859	0.5	10.0670103092784	5.07951254823778	0.00216833252288175	0.0220138637231593	0.0185519079140011	YKL211C/YDR354W/YGL026C	3	primary_DOWN_GO
L-leucine biosynthetic process	L-leucine biosynthetic process	3/291	6/5859	0.5	10.0670103092784	5.07951254823778	0.00216833252288175	0.0220138637231593	0.0185519079140011	YNL104C/YGL009C/YHR208W	3	primary_DOWN_GO
serine family amino acid catabolic process	serine family amino acid catabolic process	3/291	6/5859	0.5	10.0670103092784	5.07951254823778	0.00216833252288175	0.0220138637231593	0.0185519079140011	YDR019C/YMR189W/YAL044C	3	primary_DOWN_GO
sulfate transmembrane transport	sulfate transmembrane transport	3/291	6/5859	0.5	10.0670103092784	5.07951254823778	0.00216833252288175	0.0220138637231593	0.0185519079140011	YLR092W/YKL120W/YBR294W	3	primary_DOWN_GO
sulfate transmembrane transporter activity	sulfate transmembrane transporter activity	3/291	6/5859	0.5	10.0670103092784	5.07951254823778	0.00216833252288175	0.0220138637231593	0.0185519079140011	YLR092W/YKL120W/YBR294W	3	primary_DOWN_GO
carboxylic acid transport	carboxylic acid transport	11/291	82/5859	0.134146341463415	2.70090520492834	3.54574433268018	0.00224367786033492	0.0226407493179251	0.0190802078968194	YIL121W/YOR222W/YGR055W/YHR162W/YBR104W/YOR130C/YKL120W/YHL036W/YER024W/YLL055W/YAL067C	11	primary_DOWN_GO
erythrose 4-phosphate/phosphoenolpyruvate family amino acid catabolic process	erythrose 4-phosphate/phosphoenolpyruvate family amino acid catabolic process	4/291	13/5859	0.307692307692308	6.19508326724822	4.28653474564358	0.00298329169609768	0.0295124222672796	0.0248712242024869	YLR134W/YIL116W/YGL202W/YBR145W	4	primary_DOWN_GO
iron ion transmembrane transport	iron ion transmembrane transport	4/291	13/5859	0.307692307692308	6.19508326724822	4.28653474564358	0.00298329169609768	0.0295124222672796	0.0248712242024869	YMR058W/YMR301C/YLR034C/YER145C	4	primary_DOWN_GO
L-phenylalanine catabolic process	L-phenylalanine catabolic process	4/291	13/5859	0.307692307692308	6.19508326724822	4.28653474564358	0.00298329169609768	0.0295124222672796	0.0248712242024869	YLR134W/YIL116W/YGL202W/YBR145W	4	primary_DOWN_GO
organic anion transmembrane transporter activity	organic anion transmembrane transporter activity	11/291	85/5859	0.129411764705882	2.60557913887204	3.40858677562006	0.00299555517307523	0.0295124222672796	0.0248712242024869	YIL121W/YOR222W/YGR055W/YHR162W/YBR104W/YOR130C/YKL120W/YHL036W/YLL055W/YAL067C/YBR085W	11	primary_DOWN_GO
NADP binding	NADP binding	5/291	21/5859	0.238095238095238	4.79381443298969	3.981303184896	0.00307811824665906	0.0301474522393372	0.025406387757254	YER069W/YDR158W/YHR176W/YHR063C/YJR139C	5	primary_DOWN_GO
organic anion transport	organic anion transport	14/291	124/5859	0.112903225806452	2.27319587628866	3.27575128198248	0.00316996636412304	0.0308654619664612	0.0260114814612251	YOL158C/YIL121W/YOL119C/YOR222W/YGR055W/YHR162W/YBR104W/YOR130C/YKL120W/YHL036W/YER024W/YLL055W/YAL067C/YBR085W	14	primary_DOWN_GO
transferase activity, transferring alkyl or aryl (other than methyl) groups	transferase activity, transferring alkyl or aryl (other than methyl) groups	8/291	51/5859	0.156862745098039	3.15827774408733	3.53875651091293	0.00331248424309537	0.032065617818336	0.0270228977726201	YLR180W/YLR303W/YBR256C/YDR502C/YPL214C/YOL143C/YGR154C/YJR130C	8	primary_DOWN_GO
oxidoreductase activity, acting on CH-OH group of donors	oxidoreductase activity, acting on CH-OH group of donors	11/291	87/5859	0.126436781609195	2.54568076786349	3.32038033600317	0.00360088397011773	0.0343451029579376	0.0289439053219098	YIL074C/YEL071W/YGL157W/YDR541C/YDL066W/YCL030C/YNL331C/YBR145W/YHR063C/YJR139C/YHR216W	11	primary_DOWN_GO
carbon-sulfur lyase activity	carbon-sulfur lyase activity	3/291	7/5859	0.428571428571429	8.62886597938144	4.61666552847243	0.0036556429005349	0.0343451029579376	0.0289439053219098	YGL184C/YAL012W/YHR112C	3	primary_DOWN_GO
glutaminase activity	glutaminase activity	3/291	7/5859	0.428571428571429	8.62886597938144	4.61666552847243	0.0036556429005349	0.0343451029579376	0.0289439053219098	YOR303W/YMR095C/YBR248C	3	primary_DOWN_GO
L-serine biosynthetic process	L-serine biosynthetic process	3/291	7/5859	0.428571428571429	8.62886597938144	4.61666552847243	0.0036556429005349	0.0343451029579376	0.0289439053219098	YIL074C/YOR184W/YLR058C	3	primary_DOWN_GO
transition metal ion transmembrane transporter activity	transition metal ion transmembrane transporter activity	6/291	31/5859	0.193548387096774	3.89690721649485	3.69681081357698	0.00366294980764561	0.0343451029579376	0.0289439053219098	YLR130C/YML123C/YKL175W/YMR058W/YLR034C/YER145C	6	primary_DOWN_GO
cytosol	cytosol	91/291	1428/5859	0.0637254901960784	1.28305033353548	2.81156717663159	0.00367172872463236	0.0343451029579376	0.0289439053219098	YGR144W/YJR010W/YLR134W/YKL001C/YJR137C/YFR030W/YPR167C/YNL277W/YER091C/YKR069W/YPR121W/YIL074C/YGL184C/YHR018C/YAL012W/YLR180W/YJL088W/YDR019C/YOL058W/YMR062C/YER069W/YIR034C/YER175C/YMR189W/YER052C/YBR213W/YOR184W/YKL211C/YER055C/YGR155W/YLR058C/YJL060W/YNL104C/YGL009C/YLR303W/YJR109C/YDR354W/YCR020C/YJR111C/YGL125W/YLR420W/YOR303W/YDR158W/YBR256C/YGR204W/YMR096W/YOL140W/YDR502C/YGR267C/YJL101C/YHR208W/YDL131W/YIL116W/YGL026C/YPL214C/YPR145W/YDL066W/YCL030C/YJL071W/YGL202W/YKL216W/YOL055C/YOL143C/YEL029C/YCL055W/YMR095C/YIL009C-A/YFR025C/YBR248C/YJR130C/YHR122W/YBR145W/YKL127W/YLL052C/YGL258W/YHR176W/YER073W/YHR063C/YER024W/YOR302W/YOR143C/YOR387C/YJR139C/YDL182W/YMR120C/YPL258C/YOR202W/YGR157W/YMR018W/YOR388C/YHR216W	91	primary_DOWN_GO
amino acid salvage	amino acid salvage	4/291	14/5859	0.285714285714286	5.75257731958763	4.06979483307602	0.00401521928765885	0.0365319131909945	0.0307868122545255	YLR180W/YDR502C/YHR208W/YGL202W	4	primary_DOWN_GO
L-leucine metabolic process	L-leucine metabolic process	4/291	14/5859	0.285714285714286	5.75257731958763	4.06979483307602	0.00401521928765885	0.0365319131909945	0.0307868122545255	YNL104C/YGL009C/YHR208W/YBR145W	4	primary_DOWN_GO
L-methionine salvage	L-methionine salvage	4/291	14/5859	0.285714285714286	5.75257731958763	4.06979483307602	0.00401521928765885	0.0365319131909945	0.0307868122545255	YLR180W/YDR502C/YHR208W/YGL202W	4	primary_DOWN_GO
purine-containing compound transmembrane transport	purine-containing compound transmembrane transport	4/291	14/5859	0.285714285714286	5.75257731958763	4.06979483307602	0.00401521928765885	0.0365319131909945	0.0307868122545255	YOR222W/YER060W-A/YDL198C/YBR085W	4	primary_DOWN_GO
regulation of sulfur metabolic process	regulation of sulfur metabolic process	4/291	14/5859	0.285714285714286	5.75257731958763	4.06979483307602	0.00401521928765885	0.0365319131909945	0.0307868122545255	YAL012W/YDR253C/YIR017C/YBR240C	4	primary_DOWN_GO
nucleoside phosphate metabolic process	nucleoside phosphate metabolic process	22/291	242/5859	0.0909090909090909	1.83036551077788	3.01575695711576	0.00412932627851928	0.0373659144224706	0.0314896563459165	YJR010W/YKL001C/YER055C/YJL060W/YJR109C/YLR420W/YOR303W/YGL224C/YPL188W/YIL116W/YGL248W/YDL066W/YCL030C/YKL216W/YER037W/YFR025C/YBR248C/YKL127W/YHR063C/YMR120C/YOR202W/YHR216W	22	primary_DOWN_GO
nucleoside phosphate biosynthetic process	nucleoside phosphate biosynthetic process	15/291	142/5859	0.105633802816901	2.12683316393205	3.1073577841195	0.00435180084405118	0.0391662075964606	0.0330068308683939	YER055C/YJL060W/YJR109C/YLR420W/YOR303W/YPL188W/YIL116W/YCL030C/YKL216W/YFR025C/YBR248C/YHR063C/YMR120C/YOR202W/YHR216W	15	primary_DOWN_GO
oxidoreductase activity, acting on the aldehyde or oxo group of donors, NAD or NADP as acceptor	oxidoreductase activity, acting on the aldehyde or oxo group of donors, NAD or NADP as acceptor	5/291	23/5859	0.217391304347826	4.37696100403407	3.709401872365	0.00469153253210823	0.0419967831503237	0.0353922629615183	YER069W/YDR158W/YDR541C/YER073W/YOR388C	5	primary_DOWN_GO
pyridine-containing compound biosynthetic process	pyridine-containing compound biosynthetic process	6/291	33/5859	0.181818181818182	3.66073102155576	3.50384001221468	0.00506943154771653	0.0451369172564065	0.0380385716470933	YOR047C/YJL060W/YMR096W/YPL188W/YEL029C/YMR095C	6	primary_DOWN_GO
L-phenylalanine metabolic process	L-phenylalanine metabolic process	4/291	15/5859	0.266666666666667	5.36907216494845	3.87303399419238	0.00526409322427225	0.0458885613529492	0.0386720102945985	YLR134W/YIL116W/YGL202W/YBR145W	4	primary_DOWN_GO
neutral L-amino acid transmembrane transporter activity	neutral L-amino acid transmembrane transporter activity	4/291	15/5859	0.266666666666667	5.36907216494845	3.87303399419238	0.00526409322427225	0.0458885613529492	0.0386720102945985	YIL121W/YGR055W/YBR104W/YLL055W	4	primary_DOWN_GO
tetrahydrofolate interconversion	tetrahydrofolate interconversion	4/291	15/5859	0.266666666666667	5.36907216494845	3.87303399419238	0.00526409322427225	0.0458885613529492	0.0386720102945985	YLR058C/YGL125W/YGR204W/YGR267C	4	primary_DOWN_GO
tetrahydrofolate metabolic process	tetrahydrofolate metabolic process	4/291	15/5859	0.266666666666667	5.36907216494845	3.87303399419238	0.00526409322427225	0.0458885613529492	0.0386720102945985	YLR058C/YGL125W/YGR204W/YGR267C	4	primary_DOWN_GO
fungal-type cell wall	fungal-type cell wall	14/291	132/5859	0.106060606060606	2.13542642924086	3.01615695726035	0.00558835001132728	0.0483656963350936	0.0407595847729918	YBR092C/YJR004C/YNR044W/YHR143W/YDR261C/YGL028C/YJR150C/YNL066W/YEL040W/YLR042C/YOL154W/YOR383C/YOR382W/YLR461W	14	primary_DOWN_GO
hydroxymethyl-, formyl- and related transferase activity	hydroxymethyl-, formyl- and related transferase activity	3/291	8/5859	0.375	7.55025773195876	4.23798970860516	0.00563540245586076	0.0483656963350936	0.0407595847729918	YDR019C/YLR058C/YMR120C	3	primary_DOWN_GO
L-serine metabolic process	L-serine metabolic process	3/291	8/5859	0.375	7.55025773195876	4.23798970860516	0.00563540245586076	0.0483656963350936	0.0407595847729918	YIL074C/YOR184W/YLR058C	3	primary_DOWN_GO
nucleobase biosynthetic process	nucleobase biosynthetic process	5/291	24/5859	0.208333333333333	4.19458762886598	3.58485472758153	0.00568993662503348	0.048583305029132	0.040942971774195	YOR184W/YLR420W/YOR303W/YGR204W/YKL216W	5	primary_DOWN_GO
respiratory chain complex [GO:0098803]	respiratory chain complex [GO:0098803]	36/315	41/5915	0.878048780487805	16.4878048780488	23.6002579231449	1.15876886331301e-41	2.28277466072662e-39	2.00040098508772e-39	YDR119W-A/YKL148C/YGL187C/YLL041C/YBR039W/YJR121W/YHR001W-A/YBL099W/YBL045C/YDR178W/YDR529C/YEL024W/YJL166W/YGL191W/YKL141W/YMR256C/YFR033C/YDL004W/YNL052W/YML081C-A/YDR298C/YDR377W/YPR191W/YPL271W/YLR038C/YKL016C/YLR395C/YHR051W/YLR295C/YPL078C/YOL077W-A/YOR065W/YDR322C-A/YGR183C/YPR020W/YDL067C	36	threshold_matched_UP_GOslim
generation of precursor metabolites and energy [GO:0006091]	generation of precursor metabolites and energy [GO:0006091]	50/315	145/5915	0.344827586206897	6.47509578544061	15.8303216598587	1.40817327591596e-28	1.38705067677722e-26	1.2154758802643e-26	YFR053C/YKL148C/YOR178C/YGL187C/YLL041C/YHR001W-A/YBL045C/YDR178W/YDR529C/YEL024W/YJL166W/YBL030C/YKL085W/YGL191W/YKL141W/YGR256W/YMR256C/YFR033C/YNL052W/YER054C/YCL040W/YPR191W/YPR184W/YML120C/YBR117C/YGR244C/YMR081C/YLR395C/YHR051W/YDL085W/YOR065W/YGR087C/YPL061W/YIL057C/YDR148C/YIL024C/YGR183C/YIL125W/YAL054C/YKL093W/YEL011W/YMR105C/YMR145C/YEL039C/YFR049W/YDL067C/YOR374W/YER067W/YJR048W/YJR120W	50	threshold_matched_UP_GOslim
cellular respiration [GO:0045333]	cellular respiration [GO:0045333]	32/315	76/5915	0.421052631578947	7.90643274853801	14.3712078041705	1.22310479879565e-21	8.03172151209146e-20	7.03821708780657e-20	YKL148C/YGL187C/YLL041C/YHR001W-A/YBL045C/YDR178W/YDR529C/YEL024W/YJL166W/YBL030C/YKL085W/YGL191W/YKL141W/YMR256C/YFR033C/YNL052W/YPR191W/YML120C/YGR244C/YMR081C/YLR395C/YHR051W/YOR065W/YDR148C/YGR183C/YIL125W/YKL093W/YEL039C/YFR049W/YDL067C/YJR048W/YJR120W	32	threshold_matched_UP_GOslim
mitochondrion [GO:0005739]	mitochondrion [GO:0005739]	120/315	1055/5915	0.113744075829384	2.13586097946287	9.65239751209289	1.54184195690793e-18	7.59357163777156e-17	6.65426528770791e-17	YFR053C/YDR343C/YDR119W-A/YKL148C/YHR008C/YNL144C/YIL136W/YJR077C/YKL217W/YGL187C/YLL041C/YBR039W/YIL155C/YJR121W/YAL062W/YHR001W-A/YMR118C/YBL099W/YBL045C/YNL195C/YDR178W/YDR529C/YEL024W/YDL222C/YAL039C/YDL048C/YJL166W/YBL030C/YKL085W/YDR070C/YGL191W/YKL141W/YPL134C/YMR256C/YFR033C/YGR236C/YDR077W/YDL004W/YPL036W/YNL052W/YML081C-A/YHL032C/YFL011W/YDR298C/YKL150W/YDR377W/YBL015W/YPR191W/YPR184W/YGR243W/YML120C/YGR244C/YGR174C/YPL271W/YLR038C/YKL016C/YLR395C/YHR051W/YLR295C/YPL078C/YOL077W-A/YDL085W/YOR065W/YMR110C/YDL174C/YPL061W/YML091C/YBL064C/YDL181W/YOR215C/YDL130W-A/YDR148C/YDR322C-A/YGR183C/YFL036W/YIL125W/YCR079W/YAL054C/YML128C/YJL102W/YDR155C/YBR203W/YCR083W/YJL062W-A/YBR230C/YBR072W/YNL135C/YPR020W/YMR145C/YER182W/YCL057C-A/YEL039C/YLR069C/YKR016W/YDR150W/YOL109W/YFR049W/YJL133C-A/YNL185C/YIR038C/YKR049C/YKL067W/YOR356W/YML009C/YDL067C/YNR002C/YDR342C/YEL034W/YBR269C/YNL318C/YOR374W/YIL162W/YLR154W-C/YLR106C/YMR252C/YHR116W/YNL112W/YGR159C/YPR061C/YJR048W	120	threshold_matched_UP_GOslim
proton-transporting ATP synthase complex [GO:0045259]	proton-transporting ATP synthase complex [GO:0045259]	14/315	15/5915	0.933333333333333	17.5259259259259	15.1980318034914	1.59690976759927e-17	6.29182448434114e-16	5.51354109234276e-16	YBR039W/YJR121W/YBL099W/YDL004W/YML081C-A/YDR298C/YDR377W/YPL271W/YKL016C/YLR295C/YPL078C/YOL077W-A/YDR322C-A/YPR020W	14	threshold_matched_UP_GOslim
oxidoreductase activity [GO:0016491]	oxidoreductase activity [GO:0016491]	52/315	285/5915	0.182456140350877	3.42612085769981	9.95594726603384	7.6848143955791e-16	2.52318072654847e-14	2.21106940504381e-14	YEL070W/YNR073C/YKL148C/YHR008C/YGL187C/YLL041C/YIL155C/YAL062W/YHR001W-A/YBL045C/YDR178W/YDR529C/YEL024W/YJL166W/YKL085W/YGL191W/YKL141W/YGR256W/YMR256C/YFR033C/YNL052W/YKL150W/YPR191W/YGR088W/YML120C/YLR038C/YLR395C/YHR051W/YDL085W/YOR065W/YMR110C/YDL174C/YPL061W/YJL026W/YPL171C/YPR037C/YDR148C/YKL026C/YGR183C/YIL125W/YCR083W/YJR159W/YMR145C/YDL246C/YFR049W/YJR070C/YIR038C/YDL067C/YKL107W/YOR374W/YLR070C/YMR015C	52	threshold_matched_UP_GOslim
transmembrane transporter activity [GO:0022857]	transmembrane transporter activity [GO:0022857]	54/315	334/5915	0.161676646706587	3.03592814371257	9.08409341399277	4.24840899062098e-14	1.19562367307476e-12	1.04772793152156e-12	YDR343C/YJR077C/YKL217W/YHR096C/YGL187C/YBR039W/YEL069C/YJR121W/YHR001W-A/YBL099W/YBL045C/YDR529C/YEL024W/YDR536W/YJL166W/YBL030C/YGL191W/YPL134C/YMR256C/YFR033C/YDL004W/YPL036W/YNL052W/YML081C-A/YFL011W/YDR298C/YBR298C/YDR377W/YPR191W/YGR243W/YPL271W/YLR038C/YKL016C/YLR395C/YHR051W/YBR021W/YLR295C/YPL078C/YOL077W-A/YOR065W/YDR322C-A/YGR183C/YPR020W/YNR072W/YBL042C/YLL026W/YBR296C/YDL067C/YNR002C/YDR342C/YPL147W/YNL318C/YOR348C/YPR192W	54	threshold_matched_UP_GOslim
respiratory chain complex III [GO:0045275]	respiratory chain complex III [GO:0045275]	9/315	9/5915	1	18.7777777777778	12.6576746976063	3.08859188786384e-12	7.60565752386471e-11	6.6648561790746e-11	YHR001W-A/YBL045C/YDR529C/YEL024W/YJL166W/YFR033C/YPR191W/YOR065W/YGR183C	9	threshold_matched_UP_GOslim
respiratory chain complex IV [GO:0045277]	respiratory chain complex IV [GO:0045277]	9/315	10/5915	0.9	16.9	11.9340841775415	2.94456916420693e-11	6.4453347260974e-10	5.64806249040862e-10	YDR119W-A/YGL187C/YGL191W/YMR256C/YNL052W/YLR038C/YLR395C/YHR051W/YDL067C	9	threshold_matched_UP_GOslim
carbohydrate metabolic process [GO:0005975]	carbohydrate metabolic process [GO:0005975]	29/315	149/5915	0.194630872483221	3.65473527218494	7.78357220943356	6.35110119346262e-10	1.25116693511214e-08	1.09640062708197e-08	YFR053C/YKR097W/YGR292W/YDL049C/YOR178C/YIL155C/YHL032C/YER054C/YCL040W/YDR516C/YPR184W/YGR087C/YPL061W/YIL024C/YJR159W/YBR299W/YEL011W/YMR105C/YDL246C/YPL201C/YLL026W/YHR043C/YOL157C/YOR374W/YIL162W/YLR070C/YNL117W/YFL053W/YLR308W	29	threshold_matched_UP_GOslim
transposition [GO:0032196]	transposition [GO:0032196]	10/315	16/5915	0.625	11.7361111111111	10.1981105195287	9.60450404909941e-10	1.72007936152053e-08	1.50730972636584e-08	YAR010C/YGR027W-A/YDR316W-A/YDR098C-A/YML045W-A/YPR158C-C/YGR038C-A/YER159C-A/YNL284C-A/YDR365W-A	10	threshold_matched_UP_GOslim
carbohydrate transport [GO:0008643]	carbohydrate transport [GO:0008643]	11/315	29/5915	0.379310344827586	7.12260536398467	7.83839348594184	1.19954836693789e-07	1.96925856905637e-06	1.72566607173521e-06	YFR053C/YDR343C/YHR096C/YEL069C/YDR277C/YDR536W/YFL011W/YCL040W/YNR072W/YDR342C/YNL318C	11	threshold_matched_UP_GOslim
nucleobase-containing small molecule metabolic process [GO:0055086]	nucleobase-containing small molecule metabolic process [GO:0055086]	28/315	203/5915	0.137931034482759	2.59003831417625	5.4671807516503	2.58542796883502e-06	3.91791776815768e-05	3.43328086549751e-05	YFR053C/YJL116C/YBR039W/YJR121W/YBL099W/YGR256W/YDL004W/YML081C-A/YDR298C/YDR377W/YCL040W/YBR117C/YGR244C/YPL271W/YKL016C/YLR295C/YPL078C/YOL077W-A/YPL061W/YJL026W/YDR322C-A/YAL054C/YDR399W/YMR105C/YPR020W/YGL037C/YKL067W/YOR374W	28	threshold_matched_UP_GOslim
cellular component [GO:0005575]	cellular component [GO:0005575]	61/315	656/5915	0.0929878048780488	1.74610433604336	4.80619980740588	6.24962443222469e-06	8.79411437963046e-05	7.70630381116428e-05	YEL070W/YNR073C/YNR071C/YMR206W/YGR201C/YDR277C/YBR298C/YPL054W/YHR138C/YMR081C/YHR139C/YPL171C/YMR107W/YJR115W/YMR175W-A/YAR020C/YKL093W/YJR159W/YDR461C-A/YDL079C/YDL246C/YDR059C/YBR255C-A/YOR186W/YIR016W/YEL049W/YBR230W-A/YOL157C/YGR174W-A/YHR021W-A/YER121W/YAR010C/YGR027W-A/YDR316W-A/YDR098C-A/YCL012C/YML045W-A/YPR158C-C/YBL043W/YFL051C/YCL036W/YFL053W/YLR146W-A/YHR054C/YPL189C-A/YER084W/YGR067C/YHR022C/YMR325W/YGR038C-A/YHR185C/YER159C-A/YNL284C-A/YGL158W/YDR365W-A/YGR294W/YNL184C/YHR050W-A/YGR273C/YJR120W/YBR292C	61	threshold_matched_UP_GOslim
small molecule metabolic process [GO:0044281]	small molecule metabolic process [GO:0044281]	52/315	558/5915	0.0931899641577061	1.74990043807248	4.41429961559415	3.25282081133373e-05	0.000427203799888497	0.000374359728462268	YFR053C/YKR097W/YJL116C/YBR039W/YIL155C/YJR121W/YAL062W/YBL099W/YGR256W/YDL004W/YML081C-A/YHL032C/YDR298C/YKL150W/YDR377W/YCL040W/YDR516C/YBL015W/YBR117C/YGR244C/YPL271W/YKL016C/YLR295C/YPL078C/YOL077W-A/YDL085W/YMR110C/YDL174C/YGR087C/YPL061W/YJL026W/YDR148C/YDR322C-A/YIL125W/YAL054C/YIL160C/YDR399W/YJR159W/YMR105C/YPR020W/YMR145C/YGL037C/YDL246C/YFR049W/YPL201C/YKL067W/YHR043C/YOR374W/YLR070C/YNL117W/YFL053W/YMR015C	52	threshold_matched_UP_GOslim
respiratory chain complex II (succinate dehydrogenase) [GO:0045273]	respiratory chain complex II (succinate dehydrogenase) [GO:0045273]	4/315	5/5915	0.8	15.0222222222222	7.43892244017089	3.7831626232942e-05	0.000465801897993099	0.000408183335671216	YKL148C/YLL041C/YDR178W/YKL141W	4	threshold_matched_UP_GOslim
ligase activity [GO:0016874]	ligase activity [GO:0016874]	16/315	111/5915	0.144144144144144	2.70670670670671	4.30485577674029	0.000230137675458366	0.00266688953325283	0.0023370017817444	YBR039W/YJR121W/YBL099W/YDL004W/YML081C-A/YDR298C/YDR377W/YGR244C/YPL271W/YKL016C/YLR295C/YPL078C/YOL077W-A/YDR322C-A/YAL054C/YPR020W	16	threshold_matched_UP_GOslim
biological process [GO:0008150]	biological process [GO:0008150]	92/315	1242/5915	0.0740740740740741	1.39094650205761	3.67605637159983	0.00024908258094916	0.00272607046927692	0.00238886217986329	YEL070W/YPL223C/YNR073C/YHR033W/YDR119W-A/YLR327C/YNR071C/YMR206W/YHR008C/YNL144C/YIL136W/YOR092W/YGR201C/YMR118C/YKL109W/YNL195C/YDL048C/YDR070C/YMR114C/YGR236C/YHR126C/YPL054W/YFR017C/YNR014W/YDL181W/YMR107W/YOR215C/YPR010C-A/YPR037C/YDL130W-A/YJR115W/YMR280C/YBR201C-A/YMR175W-A/YER150W/YDR247W/YAR020C/YJL103C/YCL042W/YKR075C/YBR230C/YKL065W-A/YDR461C-A/YDL079C/YKL171W/YKL050C/YNR034W-A/YDL218W/YBR255C-A/YOR186W/YJL133C-A/YCR021C/YOR356W/YFL020C/YIR016W/YKL221W/YEL049W/YBR230W-A/YEL033W/YGR174W-A/YOL161C/YHR021W-A/YMR040W/YER121W/YLR037C/YCL048W-A/YLR154W-C/YOR214C/YCL012C/YBL043W/YFL051C/YCL036W/YMR252C/YLR146W-A/YLL025W/YHR054C/YER084W/YGR067C/YHR022C/YOR394W/YMR325W/YBR301W/YGL138C/YGR294W/YDR034W-B/YER053C-A/YNL184C/YHR050W-A/YGR273C/YPR061C/YFR032C/YBR292C	92	threshold_matched_UP_GOslim
oligosaccharide metabolic process [GO:0009311]	oligosaccharide metabolic process [GO:0009311]	6/315	22/5915	0.272727272727273	5.12121212121212	4.59272045300659	0.000784750463644506	0.00813662322831409	0.00713014271677003	YGR292W/YBR299W/YMR105C/YLL026W/YOL157C/YIL162W	6	threshold_matched_UP_GOslim
cell wall [GO:0005618]	cell wall [GO:0005618]	12/315	91/5915	0.131868131868132	2.47619047619048	3.36553673756323	0.00299179306104848	0.0269792922742403	0.0236420194121048	YKL163W/YDR077W/YKL096W-A/YGR282C/YER150W/YAL005C/YKL096W/YPL130W/YDR218C/YOR214C/YGR059W/YBR301W	12	threshold_matched_UP_GOslim
external encapsulating structure [GO:0030312]	external encapsulating structure [GO:0030312]	12/315	91/5915	0.131868131868132	2.47619047619048	3.36553673756323	0.00299179306104848	0.0269792922742403	0.0236420194121048	YKL163W/YDR077W/YKL096W-A/YGR282C/YER150W/YAL005C/YKL096W/YPL130W/YDR218C/YOR214C/YGR059W/YBR301W	12	threshold_matched_UP_GOslim
vacuole [GO:0005773]	vacuole [GO:0005773]	26/315	276/5915	0.0942028985507246	1.76892109500805	3.10268147705722	0.00301291588849384	0.0269792922742403	0.0236420194121048	YDL049C/YJL116C/YKL217W/YOL052C-A/YDR536W/YHR126C/YPL057C/YFL011W/YGR282C/YBR021W/YPR037C/YIL024C/YDL130W/YDR382W/YKL096W/YNR072W/YBL042C/YFL020C/YNR002C/YOL161C/YNL318C/YLR037C/YIL162W/YCL048W-A/YOR214C/YLL025W	26	threshold_matched_UP_GOslim
anatomical structure development [GO:0048856]	anatomical structure development [GO:0048856]	8/315	51/5915	0.156862745098039	2.94553376906318	3.30924410636515	0.00506700887805494	0.0434000325642097	0.0380315540503895	YDL222C/YDR516C/YIL024C/YDR218C/YNL194C/YGR059W/YPR192W/YOR255W	8	threshold_matched_UP_GOslim
amino acid metabolic process [GO:0006520]	amino acid metabolic process [GO:0006520]	51/289	191/5915	0.267015706806283	5.4650446566061	14.2161630346899	4.3869035706536e-25	6.93130764163269e-23	6.32637672820572e-23	YLR134W/YNL277W/YER091C/YIL074C/YGL184C/YHR018C/YAL012W/YLR180W/YJL088W/YDR019C/YOL058W/YMR062C/YER069W/YIR034C/YMR189W/YER052C/YOR184W/YKL211C/YOL064C/YER055C/YGR155W/YLR058C/YJL060W/YNL104C/YGL009C/YLR303W/YJR109C/YDR354W/YGL125W/YOR303W/YOR130C/YDR158W/YOL140W/YDR502C/YHR208W/YDL131W/YIL116W/YGL026C/YPR145W/YDL066W/YCL030C/YJL071W/YGL202W/YFR025C/YBR248C/YJR130C/YAL044C/YBR145W/YJR139C/YDL182W/YOR202W	51	threshold_matched_DOWN_GOslim
small molecule metabolic process [GO:0044281]	small molecule metabolic process [GO:0044281]	86/289	558/5915	0.154121863799283	3.15443191824484	12.1193343894228	5.3948957581252e-24	4.26196764891891e-22	3.89000378349028e-22	YGR144W/YJR010W/YLR134W/YKL001C/YJR137C/YPR167C/YNL277W/YER091C/YPR121W/YBR092C/YIL074C/YGL184C/YHR018C/YAL012W/YLR180W/YJL088W/YDR019C/YOL058W/YMR062C/YER069W/YIR034C/YMR189W/YER052C/YOR184W/YKL211C/YEL071W/YOL064C/YOR047C/YER055C/YGR155W/YLR058C/YJL060W/YNL104C/YGL009C/YLR303W/YJR109C/YDR354W/YCR020C/YGL125W/YLR420W/YOR303W/YGL224C/YOR130C/YDR158W/YBR256C/YGR204W/YMR096W/YOL140W/YDR502C/YGR267C/YPL188W/YHR208W/YDL131W/YIL116W/YGL026C/YPL214C/YPR145W/YDL066W/YML123C/YCL030C/YJL071W/YGL202W/YKL216W/YOL055C/YOL143C/YEL029C/YER037W/YMR095C/YFR025C/YBR248C/YJR130C/YLL062C/YAL044C/YBR145W/YKL127W/YER073W/YHR063C/YOR143C/YJR139C/YDL182W/YMR120C/YPL258C/YOR202W/YPL275W/YOR388C/YHR216W	86	threshold_matched_DOWN_GOslim
sulfur compound metabolic process [GO:0006790]	sulfur compound metabolic process [GO:0006790]	35/289	118/5915	0.296610169491525	6.07075831329541	12.6096195171461	5.37198280843721e-19	2.82924427911026e-17	2.58232156054701e-17	YGR144W/YJR010W/YKL001C/YJR137C/YFR030W/YPR167C/YNL277W/YER091C/YPR121W/YBR092C/YGL184C/YAL012W/YLR180W/YER052C/YBR213W/YOL064C/YGR155W/YLR303W/YCR020C/YGL125W/YDR158W/YNL191W/YDR502C/YJL101C/YHR208W/YPL214C/YGL202W/YOL055C/YGR154C/YJR130C/YLL062C/YHR063C/YOR143C/YJR139C/YPL258C	35	threshold_matched_DOWN_GOslim
cytosol [GO:0005829]	cytosol [GO:0005829]	88/289	959/5915	0.091762252346194	1.87810976687798	6.73259019027187	4.32976007369912e-10	1.71025522911115e-08	1.5609924476231e-08	YGR144W/YJR010W/YLR134W/YKL001C/YJR137C/YFR030W/YPR167C/YNL277W/YER091C/YKR069W/YBR092C/YIL074C/YGL184C/YHR018C/YAL012W/YLR180W/YJL088W/YDR019C/YOL058W/YMR062C/YER069W/YIR034C/YER175C/YMR189W/YER052C/YBR213W/YOR184W/YKL211C/YER055C/YGR155W/YLR058C/YJL060W/YNL104C/YGL009C/YLR303W/YJR109C/YDR354W/YCR020C/YGL125W/YLR420W/YOR303W/YDR158W/YBR256C/YGR204W/YOL140W/YDR502C/YGR267C/YJL101C/YHR208W/YDL131W/YIL116W/YGL026C/YPL214C/YPR145W/YDL066W/YCL030C/YJL071W/YGL202W/YKL216W/YOL055C/YOL143C/YEL029C/YCL055W/YIL009C-A/YFR025C/YBR248C/YJR130C/YBR145W/YKL127W/YLL052C/YGL258W/YHR176W/YER073W/YHR063C/YER024W/YOR302W/YOR143C/YJR139C/YDL182W/YMR120C/YPL258C/YOR202W/YGR157W/YMR018W/YPL275W/YOR388C/YHR216W/YNL097C-B	88	threshold_matched_DOWN_GOslim
transmembrane transporter activity [GO:0022857]	transmembrane transporter activity [GO:0022857]	42/289	334/5915	0.125748502994012	2.57371071006775	6.71014399888309	7.73923416188719e-09	2.44559799515635e-07	2.23215806353378e-07	YDR345C/YHR094C/YLR092W/YLR004C/YHL047C/YOL158C/YHL028W/YIL121W/YGR138C/YOR222W/YGR055W/YPL274W/YHR162W/YGL186C/YLR130C/YBR104W/YOR130C/YKL120W/YHL036W/YHL016C/YER060W-A/YDL198C/YML123C/YLL061W/YEL065W/YJL212C/YHL040C/YOR192C/YLL052C/YKL175W/YLR237W/YDR046C/YMR058W/YMR301C/YPL058C/YHR092C/YLL055W/YLR034C/YBR294W/YAL067C/YBR085W/YER145C	42	threshold_matched_DOWN_GOslim
vitamin metabolic process [GO:0006766]	vitamin metabolic process [GO:0006766]	14/289	45/5915	0.311111111111111	6.36755094194541	8.19130503211538	1.37137342234449e-08	3.61128334550715e-07	3.2961080501964e-07	YGR144W/YPR121W/YBR092C/YBR256C/YMR096W/YGR267C/YPL214C/YOL055C/YOL143C/YEL029C/YMR095C/YHR063C/YOR143C/YPL258C	14	threshold_matched_DOWN_GOslim
transmembrane transport [GO:0055085]	transmembrane transport [GO:0055085]	31/289	253/5915	0.122529644268775	2.5078299164353	5.55542643976966	1.50904152807411e-06	3.21938499048019e-05	2.93841268285001e-05	YDR345C/YHR094C/YLR092W/YLR004C/YIR034C/YIL121W/YGR055W/YHR162W/YLR130C/YBR104W/YOR130C/YKL120W/YHL036W/YER060W-A/YDL198C/YML123C/YEL065W/YOR192C/YLL052C/YLR237W/YDR046C/YMR058W/YMR301C/YER024W/YHR092C/YBR294W/YAL067C/YBR085W/YER145C/YMR018W/YLR136C	31	threshold_matched_DOWN_GOslim
monoatomic ion transport [GO:0006811]	monoatomic ion transport [GO:0006811]	17/289	92/5915	0.184782608695652	3.78196930946292	6.09484367150633	1.63006834961022e-06	3.21938499048019e-05	2.93841268285001e-05	YHL047C/YOL158C/YIL121W/YLR130C/YML123C/YEL065W/YHL040C/YKL175W/YMR058W/YMR301C/YLR034C/YKL220C/YBR085W/YER145C/YOR383C/YOR382W/YLR136C	17	threshold_matched_DOWN_GOslim
plasma membrane [GO:0005886]	plasma membrane [GO:0005886]	38/289	379/5915	0.100263852242744	2.0521131004008	4.79814877694374	1.3370347972495e-05	0.000234723886628245	0.000214238324237639	YDR345C/YHR094C/YLR092W/YER091C/YOL158C/YIL121W/YGR138C/YOR047C/YLR452C/YGR055W/YLR058C/YPL274W/YLR303W/YGL186C/YLR130C/YDR158W/YKL178C/YHL016C/YER060W-A/YML123C/YLL061W/YCL027W/YEL017C-A/YJL212C/YDR309C/YHL040C/YLL052C/YLR237W/YMR058W/YPL058C/YHR092C/YDR033W/YMR120C/YHL044W/YBR294W/YAL067C/YKL220C/YER145C	38	threshold_matched_DOWN_GOslim
oxidoreductase activity [GO:0016491]	oxidoreductase activity [GO:0016491]	31/289	285/5915	0.108771929824561	2.2262490135373	4.80879896132087	1.82441183379276e-05	0.000288257069739257	0.000263099390768009	YJR137C/YFR030W/YPR167C/YIL074C/YER069W/YIR034C/YMR189W/YBR213W/YEL071W/YGL157W/YGL125W/YDR158W/YGR204W/YDR541C/YDL066W/YCL030C/YKL216W/YNL331C/YBR145W/YOR384W/YMR058W/YHR176W/YLR364W/YER073W/YHR063C/YJR139C/YER042W/YKL220C/YPL275W/YOR388C/YHR216W	31	threshold_matched_DOWN_GOslim
biosynthetic process [GO:0009058]	biosynthetic process [GO:0009058]	84/289	1135/5915	0.0740088105726872	1.51474780116763	4.3718796706795	2.09923038233119e-05	0.000301525818553026	0.00027521010754007	YGR144W/YJR010W/YLR134W/YKL001C/YJR137C/YPR167C/YNL277W/YER091C/YKR069W/YPR121W/YBR092C/YIL074C/YGL184C/YHR018C/YAL012W/YLR180W/YJL088W/YOL058W/YMR062C/YER069W/YIR034C/YER052C/YBR213W/YOR184W/YKL211C/YEL071W/YOL064C/YOR047C/YDL059C/YER055C/YGR155W/YLR058C/YJL060W/YNL104C/YGL009C/YLR303W/YJR109C/YDR354W/YGL125W/YLR420W/YOR303W/YOR130C/YDR158W/YBR256C/YGR204W/YMR096W/YOL140W/YDR502C/YGR267C/YJL101C/YKL201C/YPL188W/YHR208W/YDL131W/YIL116W/YGL026C/YPL214C/YPR145W/YDL066W/YCL030C/YJL071W/YGL202W/YKL216W/YOL055C/YOL143C/YEL029C/YMR095C/YIL009C-A/YFR025C/YOR337W/YBR248C/YJR130C/YKL127W/YER073W/YHR063C/YOR143C/YJR139C/YDL182W/YMR120C/YPL258C/YOR202W/YGR157W/YDR437W/YHR216W	84	threshold_matched_DOWN_GOslim
hydrolase activity, acting on carbon-nitrogen (but not peptide) bonds [GO:0016810]	hydrolase activity, acting on carbon-nitrogen (but not peptide) bonds [GO:0016810]	10/289	45/5915	0.222222222222222	4.54825067281815	5.41490968708494	4.61042745606062e-05	0.000607039615047982	0.000554060141649391	YJL060W/YIL164C/YLR420W/YGR204W/YGR267C/YCL030C/YOL055C/YMR095C/YBR248C/YMR120C	10	threshold_matched_DOWN_GOslim
nucleobase-containing small molecule metabolic process [GO:0055086]	nucleobase-containing small molecule metabolic process [GO:0055086]	23/289	203/5915	0.113300492610837	2.31893568786541	4.33378394867591	0.00012427564929673	0.0015104271222218	0.00137860436871676	YJR010W/YKL001C/YER091C/YLR180W/YOR184W/YOR047C/YER055C/YJL060W/YLR420W/YGL224C/YGR204W/YPL188W/YIL116W/YCL030C/YKL216W/YER037W/YFR025C/YBR248C/YKL127W/YHR063C/YMR120C/YOR202W/YHR216W	23	threshold_matched_DOWN_GOslim
ion binding [GO:0043167]	ion binding [GO:0043167]	56/289	726/5915	0.0771349862258953	1.57873163849886	3.77305744912776	0.000258342272422379	0.00291557707448114	0.0026611196482606	YGR144W/YDR261C-D/YER091C/YJL213W/YNL284C-B/YEL071W/YMR045C/YNL104C/YDR253C/YLR130C/YDL170W/YLR420W/YBR240C/YLR227W-B/YJR029W/YGR267C/YJR027W/YDL131W/YDR210C-D/YDR126W/YGL248W/YDR098C-B/YML123C/YCL030C/YGL209W/YER028C/YDR309C/YOR337W/YLL062C/YAL044C/YPR158C-D/YBR145W/YGR027W-B/YKL175W/YOR387C/YDL182W/YJL089W/YNL054W-B/YER160C/YDR365W-B/YFL002W-A/YGL089C/YER138C/YOL154W/YBR012W-B/YGR288W/YOR192C-B/YDR261W-B/YBL100W-B/YPR137C-B/YML045W/YGR161C-D/YLR136C/YPR158W-B/YBL005W-B/YMR050C	56	threshold_matched_DOWN_GOslim
transferase activity, transferring alkyl or aryl (other than methyl) groups [GO:0016765]	transferase activity, transferring alkyl or aryl (other than methyl) groups [GO:0016765]	8/289	43/5915	0.186046511627907	3.80783777259194	4.18796394411363	0.000957104394982949	0.0100814996271537	0.00920163523597642	YLR180W/YLR303W/YBR256C/YDR502C/YPL214C/YOL143C/YGR154C/YJR130C	8	threshold_matched_DOWN_GOslim
cell wall [GO:0005618]	cell wall [GO:0005618]	12/289	91/5915	0.131868131868132	2.69896193771626	3.70154795264629	0.00144957865399528	0.0134725545488973	0.0122967353311055	YJR004C/YNR044W/YHR143W/YDR261C/YGL028C/YJR150C/YNL066W/YEL040W/YLR042C/YOL154W/YOR383C/YOR382W	12	threshold_matched_DOWN_GOslim
external encapsulating structure [GO:0030312]	external encapsulating structure [GO:0030312]	12/289	91/5915	0.131868131868132	2.69896193771626	3.70154795264629	0.00144957865399528	0.0134725545488973	0.0122967353311055	YJR004C/YNR044W/YHR143W/YDR261C/YGL028C/YJR150C/YNL066W/YEL040W/YLR042C/YOL154W/YOR383C/YOR382W	12	threshold_matched_DOWN_GOslim
lyase activity [GO:0016829]	lyase activity [GO:0016829]	12/289	94/5915	0.127659574468085	2.61282485459766	3.57225170568808	0.00192519899661688	0.0168989689703037	0.0154241089202639	YLR134W/YGL184C/YHR018C/YAL012W/YBR213W/YKL211C/YGR155W/YGL009C/YLR303W/YMR096W/YGL026C/YOR202W	12	threshold_matched_DOWN_GOslim
vacuole [GO:0005773]	vacuole [GO:0005773]	24/289	276/5915	0.0869565217391304	1.77975026327667	3.00675984300927	0.00400444257863318	0.0333001014433707	0.0303938300982131	YJR137C/YHL047C/YOL158C/YGR055W/YJR004C/YGL186C/YHR143W/YHL036W/YER060W-A/YML123C/YEL065W/YHL040C/YOR192C/YMR058W/YNL279W/YGL089C/YLR042C/YKL220C/YOL154W/YGR295C/YCR101C/YOR383C/YOR382W/YLR461W	24	threshold_matched_DOWN_GOslim
