gene_id	JCYL001B	JCYL002B	JCYL003B	JCYL001D	JCYL002D	JCYL003D
cdt-1EGFP	26487.96	26288.62	28504.227	17625.826	16685.012	18084.796
gene-Q0158	876201.406	898425.038	870139.654	889798.792	910427.133	884368.221
gh1-1	16749.162	16507.644	17878.484	11389.51	10748.226	11617.773
NR_132153.1	2456.197	2509.877	2530.322	2463.524	2474.791	2483.686
NR_132166.1	387.914	393.122	394.968	337.374	336.933	340.993
NR_132171.1	1531.479	1501.611	1556.414	1210.568	1178.348	1203.314
NR_132176.1	1856	1856	1856	1856	1856	1856
NR_132177.1	1006.518	995.107	1005.792	1035.058	1016.134	1020.651
NR_132251.1	1728.254	1691.139	1722.649	1760.297	1662.001	1691.462
NR_172474.1	5792.11	5829.182	6158.458	4783.213	4650.98	4831.834
NR_172475.1	783.903	795.715	796.104	778.681	783.856	789.394
NR_172476.1	610.716	632.283	632.96	534.786	545.044	549.927
NR_172477.1	12803.344	12996.719	12905.932	12402.902	12341.615	12241.952
NR_172478.1	2459.747	2416.149	2381.907	2504.725	2420.57	2406.071
Q0020	485172.888	500002.94	482868.471	497310.017	512579.812	496690.008
Q0045	16041.897	16020.073	15763.2	15668.578	15341.929	15166.517
Q0050	156865.856	161644.12	158890.698	153387.144	155234.661	152983.1
Q0055	108368.671	111395.187	109998.847	105652.532	106405.552	105350.466
Q0060	159137.189	164211.166	161225.108	157575.602	160953.974	160605.178552766
Q0065	1622	157934.547	1622	150166.906	152253.394	150594.882
Q0070	38772.6003956842	1844	295611.225	294962.426	1844	295539.269
Q0075	396719.337	396719.337	396719.337	396719.337	396719.337	396719.337
Q0080	98	98	98	98	98	98
Q0085	40983.8899254044	42670.856	42222.59	40474.646	40095.492	39546.773
Q0105	6947.92	6991.655	6999.268	6812.742	6719.857	6727.714
Q0110	1223	202326.765	197049.615	197085.147	200606.482	196084.021
Q0115	39557.1949840549	356561.426	1505	342770.802	349877.699	1505
Q0120	242004.738	247937.589	244545.141	243347.024	247687.273	243348.466
Q0130	76.117	77.0775621817476	74.95	79.422	77.384	77.588
Q0140	747827.829999999	747827.83	747827.829999999	747827.829999999	747827.829999999	747827.829999999
Q0160	126627.595026555	128867.199	126340.117	126627.595026555	126986.973	124357.104
Q0250	19125.605	19678.867	19158.607	18467.88	18632.414	18339.332
Q0255	466956.699	466956.699	466956.699	466956.699	466956.699	466956.699
Q0275	5362.05	5330.17	5200.961	5235.937	5078.981	5029.058
Q0285	249053.634	251726.527486704	246534.248	252927.651	259201.642	251096.537
tA(UGC)Q	27	27	27	27	27	27
tC(GCA)Q	27	27	27	27	27	27
tD(GUC)Q	26	26	26	26	26	26
tE(UUC)Q	23	23	23	23	23	23
tF(GAA)Q	26	26	26	26	26	26
tG(UCC)Q	26	26	26	26	26	26
tH(GUG)Q	26	26	26	26	26	26
tI(GAU)Q	27	27	27	27	27	27
tK(UUU)Q	25	25	25	25	25	25
tL(UAA)Q	36	36	36	36	36	36
tM(CAU)Q1	27	27	27	27	27	27
tM(CAU)Q2	29	29	29	29	29	29
tN(GUU)Q	22	22	22	22	22	22
tP(UGG)Q	23	23	23	23	23	23
tQ(UUG)Q	27	27	27	27	27	27
tR(ACG)Q2	25	25	25	25	25	25
tR(UCU)Q1	24	24	24	24	24	24
tS(GCU)Q1	37	37	37	37	37	37
tS(UGA)Q2	41	41	41	41	41	41
tT(UAG)Q2	25	25	25	25	25	25
tT(UGU)Q1	27	27	27	27	27	27
tV(UAC)Q	27	27	27	27	27	27
tW(UCA)Q	25	25	25	25	25	25
tY(GUA)Q	35	35	35	35	35	35
YAL001C	5224.059	5352.541	5400.066	5254.271	5257.71	5318.52
YAL002W	6927.468	7151.059	7226.957	6917.281	7048.215	7123.051
YAL003W	232.653	231.264	233.219	223.167	221.275	223.481
YAL005C	1721.445	1699.185	1773.156	1283.461	1253.035	1304.237
YAL007C	230.104	231.009	230.984	236.869	235.388	234.412
YAL008W	434.246	436.946	436.256	450.533	446.036	444.574
YAL009W	627.438	634.782	642.822	644.136	643.078	644.387
YAL010C	1264.406	1294.697	1316.418	1320.267	1327.725	1342.932
YAL011W	1191.877	1231.515	1229.806	1221.689	1242.9	1250.977
YAL012W	627.942	625.323	626.127	584.562	579.359	585.393
YAL013W	4124.964	4428.446	4730.936	2954.116	3005.556	3210.553
YAL014C	242.226	243.686	241.061	239.798	240.881	239.18
YAL015C	507.686	512.612	514.893	468.83	471.259	473.051
YAL016W	954.208	957.668	959.712	970.306	962.71	963.181
YAL017W	2416.211	2433.933	2435.501	2471.024	2455.145	2461.503
YAL018C	454.918	450.076	456.448	471.434	461.507	463.949
YAL019W	2199.94	2230.337	2236.669	2237.127	2238.7	2247.928
YAL020C	6149.651	6430.199	6889.124	4159.78	4169.351	4416.819
YAL021C	5184.004	5173.03	5564.913	3666.65	3535.399	3753.458
YAL022C	1313.851	1328.015	1331.064	1180.559	1175.988	1185.744
YAL023C	797.086	802.418	802.655	775.338	778.076	780.605
YAL024C	2826.956	2850.418	2858.904	2930.645	2914.035	2923.909
YAL025C	261.637	266.157	265.046	265.228	268.957	267.781
YAL026C	1952.541	1954.628	1955.114	2022.668	2004.609	2000.828
YAL027W	405.347	408.439	405.245	422.286	420.807	419.858
YAL028W	676.587	670.32	674.19	678.372	670.168	671.458
YAL029C	2269.973	2298.497	2309.803	2366.902	2369.981	2381.187
YAL030W	123.371	127.177	125.602	125.142	127.693	127.314
YAL031C	866.224	864.902	867.635	886.865	880.205	882.04
YAL032C	392.029	395.733	393.12	386.686	390.035	388.999
YAL033W	240.678	246.052	246.884	247.511	251.361	251.665
YAL034C	686.016	680.12	681.221	668.472	656.889	660.17
YAL034W-A	361.96	366.799	367.375	371.044	373.053	371.999
YAL035W	1202.292	1220.882	1218.636	1204.975	1216.248	1216.422
YAL036C	523.684	523.714	521.793	473.869	472.384	472.958
YAL037C-A	44	44	44	44	44	44
YAL037W	319.811	319.966	323.781	326.633	324.537	326.132
YAL038W	648.562	649.918	663.124	577.127	577.052	590.817
YAL039C	1515.573	1557.987	1587.236	1201.91	1209.89	1234.926
YAL040C	1503.713	1525.933	1552.977	1371.98	1364.092	1392.261
YAL041W	1179.063	1171.78	1178.716	1215.987	1198.473	1202.24
YAL042W	2585.618	2696.874	2804.82	1952.728	1974.47	2046.209
YAL043C	1122.826	1120.732	1126.849	1020.393	1015.864	1028.076
YAL044C	226.847	232.659	232.034	216.365	219.81	220.324
YAL044W-A	99.562	99.819	98.321	97.289	97.195	97.059
YAL046C	102.337	104.091	102.76	99.682	101.485	101.581
YAL047C	1780.274	1788.979	1794.958	1840.418	1819.363	1824.913
YAL048C	751.886	754.221	757.576	769.765	766.831	769.174
YAL049C	278.373	279.009	279.509	277.897	276.385	276.285
YAL051W	2074.406	2069.013	2079.241	2149.497	2117.678	2121.228
YAL053W	1084.377	1096.978	1096.652	1070.85	1074.581	1078.328
YAL054C	834.609	836.385	832.949	810.738	811.11	812.318
YAL055W	155.78	158.57	156.76	156.456	158.334	157.18
YAL056W	1830.723	1820.981	1836.183	1727.574	1698.291	1712.237
YAL058W	603.755	612.968	609.626	588.548	595.317	594.636
YAL059W	171.766	175.54	175.642	175.295	178.645	178.329
YAL060W	409.409	413.221	412.117	382.386	383.282	382.792
YAL061W	845.991	861.626	858.592	766.999	773.912	778.043
YAL062W	1385.463	1367.127	1370.563	1220.672	1196.76	1203.15
YAL063C	1083.035	1074.67	1072.782	1065.197	1057.572	1061.904
YAL063C-A	867.841	895.273	897.782	895.165	905.474	906.484
YAL064C-A	83.398	81.826	81.416	82.266	80.865	80.676
YAL064W	286.472	285.707	286.551	286.477	282.14	283.6
YAL064W-B	76.447	76.815	76.078	75.412	75.691	75.132
YAL065C	96.461	97.507	96.984	94.758	95.891	95.909
YAL067C	1485.236	1488.744	1500.6	1514.31	1496.517	1499.666
YAL067W-A	49	49	49	49	49	49
YAL068C	204.492	206.208	208.832	187.826	188.013	192.057
YAR002C-A	139.564	139.669	140.056	141.665	141.788	141.619
YAR002W	570.284	573.337	580.197	586	586.718	591.656
YAR003W	458.227	457.385	456.79	470.116	466.554	466.224
YAR007C	666.418	670.406	674.899	686.574	685.814	686.954
YAR008W	286.645	287.508	288.266	296.574	295.079	295.295
YAR009C	1892.932	1900.886	1900.33	1967.85	1950.328	1955.623
YAR010C	459.789057392667	459.789057392667	459.789057392667	461.214	458.003	460.156
YAR014C	669.5	672.812	670.952	672.752	673.49	671.825
YAR015W	309.839	311.161	309.511	299.585	300.034	300.667
YAR018C	512.461	523.137	522.626	525.766	532.649	532.922
YAR019C	2746.955	2743.481	2752.345	2814.097	2753.614	2781.056
YAR020C	4796.801	5285.166	5808.176	3221.666	3451.92	3762.021
YAR023C	158.055	158.273	158.951	161.69	161.311	160.995
YAR027W	293.292	297.917	300.185	302.944	304.771	304.76
YAR028W	280.397	283.235	281.322	273.963	274.577	272.691
YAR029W	58.353	58.385	58.507	60.303	60.206	60.086
YAR031W	823.671	769.537	774.177	834.693	765.832	775.153
YAR033W	542.172	560.064	565.533	556.589	562.944	562.523
YAR035C-A	32	32	32	32	32	32
YAR035W	14214.734	14363.318	15196.443	10109.961	9988.722	10489.239
YAR042W	7889.748	7702.894	7851.038	7599.766	7327.602	7490.647
YAR050W	1445.54	1435.137	1431.306	1396.8	1384.199	1390.384
YAR061W	285.062	284.795	285.808	286.866	286.375	286.523
YAR064W	373.884	372.016	373.498	333.212	327.51	328.979
YAR066W	469.928	473.086	482.782	408.372	403.965	416.845
YAR068W	132.554	132.02	132.305	129.036	128.631	129.435
YAR071W	432.941	433.912	434.036	432.673	431.733	431.961
YBL001C	86.273	85.145	85.617	88.021	86.396	86.499
YBL002W	115.464	114.138	114.374	117.206	115.453	115.922
YBL003C	103.125	104.979	104.605	105.289	106.575	106.751
YBL004W	8953.449	9051.466	9076.658	9234.398	9219.169	9243.771
YBL005W	9878.964	9808.21	10036.367	9923.395	9695.038	9807.559
YBL005W-A	829.872858445798	829.872858445798	829.872858445798	826.205	829.872858445798	833.557
YBL005W-B	3112.013	3108.099	3103.846	3207.764	3153.258	3165.422
YBL006C	289.356	296.384	294.16	271.906	275.319	277.024
YBL007C	2608.884	2574.012	2629.221	2230.573	2179.567	2218.013
YBL008W	1007.22	1023.272	1026.314	1031.409	1040.235	1041.153
YBL008W-A	137.416	139.341	141.89	145.514	145.603	146.602
YBL009W	940.419	928.147	942.238	965.086	946.936	957.147
YBL010C	242.398	243.404	243.87	249.013	248.961	248.219
YBL011W	845.06	853.499	852.089	838.025	840.723	839.864
YBL013W	1839.043	1872.501	1911.699	1523.641	1527.635	1565.521
YBL014C	1415.074	1453.958	1448.157	1403.137	1417.953	1416.01
YBL015W	622.667	627.595	620.831	592.644	594.148	593.236
YBL016W	625.316	627.808	626.227	576.156	571.743	576.416
YBL017C	2113.716	2131.654	2146.819	2172.118	2176.505	2182.137
YBL018C	135.961	140.456	141.377	141.309	144.33	143.774
YBL019W	1375.386	1443.124	1456.018	1419.317	1467.372	1484.444
YBL020W	865.697	866.241	870.698	894.235	886.134	887.958
YBL021C	150.083	153.333	151.345	147.2	150.158	150.236
YBL022C	1510.446	1526.405	1524.758	1529.709	1532.975	1535.886
YBL023C	1152.836	1161.344	1157.372	1132.746	1130.719	1129.232
YBL024W	794.623	801.249	804.11	818.329	818.955	819.092
YBL025W	107.771	109.728	109.423	109.574	111.296	110.947
YBL026W	123.434	127.148	127.852	129.264	131.627	131.468
YBL027W	114.929	116.129	115.29	113.161	114.402	114.246
YBL028C	177.381	181.21	182.784	186.504	188.378	189.399
YBL029C-A	87.372	87.316	87.758	89.338	89.2	89.17
YBL029W	34065.66	34953.763	33776.178	34979.604	35392.595	34452.948
YBL030C	274.072	276.277	276.88	273.997	276.409	277.384
YBL031W	354.537	353.825	355.668	363.241	360.362	360.919
YBL032W	21900.76	22545.397	23363.957	18693.315	18820.674	19558.808
YBL033C	476.588	486.39	478.156	453.039	459.42	458.121
YBL034C	13375.841	13451.352	13450.765	13102.99	12851.689	12858.345
YBL035C	1040.917	1050.329	1062.529	1066.595	1066.933	1075.515
YBL036C	389.526	412.179	418.681	405.57	422.219	425.682
YBL037W	1916.897	1890.655	1886.575	1981.159	1940.463	1939.63
YBL038W	255.107	258.409	257.453	262.679	264.35	262.705
YBL039C	513.739	516.38	516.844	523.486	523.984	522.001
YBL039W-B	58.738	58.264	58.896	61.032	59.927	59.891
YBL040C	211.955	211.775	212.777	218.568	217.509	217.855
YBL041W	238.881	236.346	236.868	243.665	240.092	239.899
YBL042C	559.46	558.421	557.816	565.18	561.599	562.175
YBL043W	398.539	403.811	407.166	380.497	383.321	387.817
YBL044W	507.323	527.44	536.615	395.913	401.918	411.484
YBL045C	535.794	525.285	532.043	510.928	500.708	506.325
YBL046W	760.065	769.457	763.946	737.359	734.825	732.936
YBL047C	3724.865	3816.404	4012.987	3032.108	3022.929	3134.74
YBL048W	4705.079	4804.898	4854.45	4537.65	4544.92	4567.315
YBL049W	90.682	89.957	89.801	92.468	91.381	90.84
YBL050W	473.096	468.793	467.388	485.809	474.344	472.026
YBL051C	1062.728	1049.29	1057.581	1093.298	1067.454	1076.095
YBL052C	1930.249	1952.469	1944.306	1987.572	1981.383	1975.472
YBL054W	692.844	702.964	710.991	652.257	653.533	661.087
YBL055C	351.996	354.715	353.887	359.355	360.029	358.795
YBL056W	527.687	537.242	536.464	539.791	544.296	543.155
YBL057C	158.514	162.473	161.955	157.621	161.302	161.053
YBL058W	640.063	639.089	638.433	635.401	627.83	630.087
YBL059C-A	90.093	91.108	91.563	93.728	94.284	94.286
YBL059W	355.911	346.019	347.738	373.329	359.057	357.359
YBL060W	1032.044	1037.552	1040.98	1069.51	1063.696	1062.238
YBL061C	1422.594	1507.364	1497.516	1457.287	1508.267	1507.587
YBL063W	7813.271	7877.706	7862.44	7767.274	7677.814	7672.431
YBL064C	317.153	321.093	324.225	318.589	321.637	323.857
YBL066C	1347.143	1345.529	1351.609	1378.728	1366.243	1368.975
YBL067C	1312.469	1323.313	1332.002	1357.49	1351.887	1354.892
YBL068W	999.007	1023.507	1016.667	991.391	987.38	991.168
YBL069W	532.12	535.431	531.198	529.766	528.709	526.944
YBL071C	110.769	113.128	113.167	115.47	116.325	116.338
YBL071C-B	49	49	49	49	49	49
YBL071W-A	188.951	196.765	198.541	159.394	165.402	168.956
YBL072C	141.456	142.547	142.277	139.527	140.745	141.136
YBL074C	455.874	452.626	455.657	471.345	465.183	466.665
YBL075C	3262.926	3236.086	3391.532	2404.867	2287.091	2380.932
YBL076C	1380.02	1381.336	1387.217	1418.115	1408.174	1408.369
YBL078C	82.554	83.623	83.601	83.976	84.894	84.643
YBL079W	3661.955	3694.426	3740.804	3688.751	3658.926	3706.597
YBL080C	705.57	706.874	707.939	702.069	700.125	700.808
YBL081W	360.444	353.654	354.551	355.948	349.874	352.534
YBL082C	1048.795	1046.624	1061.096	914.335	904.261	915.534
YBL084C	56445.93	58440.611	56308.153	58591.758	60470.264	58829.23
YBL085W	1686.687	1709.371	1718.246	1723.652	1732.693	1745.447
YBL086C	484.508	492.506	495.047	491.686	496.094	497.642
YBL087C	110.214	111.633	109.956	108.749	109.856	109.435
YBL088C	12062.514	12272.068	12381.909	12170.794	12180.75	12247.298
YBL089W	1039.394	1069.749	1062.205	1057.508	1063.328	1066.345
YBL090W	242.948	244.061	245.687	251.516	249.681	251.771
YBL091C	372.356	378.557	376.306	373.466	378.356	377.097
YBL091C-A	184.492	188.475	187.586	180.918	183.938	184.686
YBL092W	79.236	80.334	80.449	78.183	79.32	79.498
YBL093C	223.969	228.236	227.709	218.48	221.483	222.749
YBL095W	290.039	296.107	294.649	280.098	282.436	282.754
YBL097W	1030.134	1040.894	1039.112	1068.478	1067.62	1064.264
YBL098W	731.488	744.115	743.729	729.892	731.645	734.035
YBL099W	502.618	501.543	501.967	490.026	488.525	490.703
YBL100W-A	1268	1268	1268	1268	1268	1268
YBL100W-B	4111.212	4002.895	4000.791	4231.126	4044.405	4044.335
YBL100W-C	49	49	49	49	49	49
YBL101C	1558.001	1571.361	1577.344	1541.093	1542.914	1550.86
YBL102W	166.648	165.496	165.487	165.153	164.329	164.356
YBL103C	494.341	502.263	504.369	503.93	508.994	509.131
YBL104C	1455.642	1456.893	1459.321	1495.84	1482.919	1483.516
YBL105C	1576.962	1583.079	1589.16	1625.771	1615.522	1620.684
YBL106C	1109.556	1111.522	1116.173	1143.539	1136.106	1138.958
YBL107C	358.416	372.741	373.013	377.76	387.335	385.49
YBL108C-A	49	49	49	49	49	49
YBL111C	1082.763	1096.828	1098.004	1015.552	1023.106	1026.32
YBL112C	103.147	103.333	101.572	103.84	103.359	102.068
YBL113C	971.024	968.449	962.489	937.049	931.862	932.737
YBR001C	1008.663	1022.99	1017.633	1037.657	1040.636	1036.313
YBR002C	396.378	402.223	397.881	402.345	403.32	399.441
YBR003W	367.831	368.476	368.617	371.313	371.779	371.519
YBR004C	3023.386	2990.117	2970.956	3062.426	2971.668	2939.865
YBR005W	646.344	652.539	660.88	531.099	527.507	535.89
YBR006W	593.372	593.877	599.023	583.364	580.434	583.146
YBR007C	1322.305	1335.255	1336.235	1365.444	1360.931	1368.387
YBR008C	792.243	791.356	795.602	756.529	747.753	749.722
YBR009C	60.436	61.63	61.489	60.217	61.367	61.488
YBR010W	106.139	105.851	105.734	105.677	105.614	105.608
YBR011C	243.384	242.379	244.003	235.911	235.203	237.504
YBR012W-A	488.401544443612	483.867	488.401544443612	492.814	486.952	490.019
YBR012W-B	2748.349	2735.072	2728.061	2825.55	2777.21	2782.207
YBR013C	353.762	349.181	353.608	372.953	361.855	363.75
YBR014C	168.779	169.97	169.498	173.778	173.579	172.679
YBR015C	911.848	924.699	923.519	918.483	922.594	925.149
YBR016W	444.242	461.611	473.231	364.717	371.281	381.556
YBR017C	9780.57	9119.235	9130.219	9745.66	8998.573	8825.096
YBR018C	601.101	582.823	590.833	623.609	599.067	603.271
YBR019C	716.535	724.611	726.991	732.251	735.147	735.177
YBR020W	720.382	719.831	725.199	688.457	682.211	685.649
YBR021W	1279.608	1260.403	1282.961	1041.311	1020.253	1039.948
YBR022W	374.741	384.006	385.992	389.071	390.789	393.837
YBR023C	1897.272	1881.144	1884.312	1876.867	1836.349	1838.472
YBR024W	240.736	240.913	240.304	245.145	244.497	243.394
YBR025C	485.955	487.572	488.7	500.098	497.431	497.108
YBR026C	415.072	416.749	417	426.723	425.258	425.394
YBR027C	9486.189	10087.525	10291.795	9284.648	9777.842	9793.149
YBR028C	765.753	774.517	774.457	789.37	791.246	790.785
YBR029C	926.598	913.621	919.949	922.568	900.554	909.46
YBR030W	1015.76	1019.754	1015.267	1023.257	1015.449	1011.308
YBR031W	696.275	692.441	701.755	604.268	596.434	605.642
YBR032W	85.714	86.013	84.557	83.307	82.582	82.198
YBR033W	3080.187	3157.39	3176.152	3131.917	3154.547	3186.89
YBR034C	472.739	469.768	473.053	484.145	476.99	478.765
YBR035C	296.604	305.57	304.864	289.517	295.491	297.464
YBR036C	377.004	379.186	380.13	376.762	378.196	378.375
YBR037C	318.592	322.021	318.362	313.665	315.935	314.228
YBR038W	1553.659	1551.537	1567.241	1595.618	1574.292	1583.332
YBR039W	322.12	326.232	328.004	331.761	334.086	334.293
YBR040W	2867.071	2920.229	2892.76	2764.184	2740.046	2799.503
YBR041W	2256.71	2175.863	2144.148	2263.657	2149.069	2157.396
YBR042C	1488.257	1430.907	1436.988	1437.083	1372.507	1381.757
YBR043C	858.337	840.46	839.359	870.452	845.489	841.914
YBR044C	638.705	646.876	649.718	660.384	663.083	662.683
YBR045C	5876.241	5999.163	5982.327	5753.677	5728.654	5738.881
YBR046C	414.383	409.434	410.976	427.099	419.028	418.149
YBR047W	321.282	323.945	322.807	331.768	329.001	328.97
YBR048W	163.512	163.18	161.837	157.726	156.865	157.038
YBR049C	1284.871	1301.958	1301.809	1320.225	1319.944	1321.912
YBR050C	2157.531	2085.141	2102.329	2164.197	2034.496	2043.815
YBR052C	415.955	416.818	417.502	375.754	374.65	375.454
YBR053C	400.184	397.492	400.53	413.279	405.947	404.372
YBR054W	245.824	244.96	244.722	247.592	245.823	245.147
YBR055C	1435.25	1456.945	1462.799	1492.333	1497.182	1498.671
YBR056W	519.403	526.012	528.267	536.064	538.611	537.585
YBR056W-A	49	49	49	49	49	49
YBR057C	379.966	381.522	384.212	392.42	391.473	392.768
YBR058C	1453.456	1473.561	1481.827	1487.729	1478.922	1486.717
YBR058C-A	100.169	102.503	103.493	103.61	104.877	105.392
YBR059C	1680.529	1681.717	1688.892	1708.024	1696.38	1706.343
YBR060C	1378.942	1414.71	1418.065	1401.939	1416.423	1443.762
YBR061C	304.19	304.394	306.205	311.835	309.535	309.961
YBR062C	139.128	139.629	139.558	141.179	141.432	141.529
YBR063C	694.382	697.367	699.187	729.907	723.085	720.694
YBR065C	636.313	646.005	652.453	661.052	663.466	669.044
YBR066C	253.39	258.129	259.594	262.127	264.347	265.424
YBR067C	553.21	549.972	557.382	495.438	484.442	493.876
YBR068C	1535.057	1546.982	1549.368	1555.671	1541.856	1534.66
YBR069C	654.971	659.099	659.879	647.674	648.382	648.335
YBR070C	401.228	398.329	404.851	411.679	405.848	414.728
YBR071W	253.913	253.693	253.985	250.104	249.026	249.895
YBR072C-A	49	49	49	49	49	49
YBR072W	173.337	173.746	173.013	173.14	173.873	173.039
YBR073W	1366.282	1387.77	1398.657	1423.806	1430.813	1437.283
YBR074W	1257.554	1247.578	1250.792	1297.975	1274.15	1276.37
YBR076W	604.449	617.236	622.688	632.443	637.114	638.96
YBR077C	203.262	203.638	208.419	210.404	210.94	213.478
YBR078W	324.748	316.916	320.962	326.714	319.735	322.988
YBR079C	1214.993	1223.78	1229.821	1181.867	1183.573	1188.919
YBR080C	3437.772	3450.211	3435.859	3387.935	3350.322	3394.073
YBR081C	4969.523	4792.032	4796.458	5069.759	4830.127	4835.893
YBR082C	169.393	169.468	168.307	158.568	157.691	159.434
YBR083W	824.55	818.569	821.9	842.503	828.565	833.13
YBR084C-A	123.286	125.605	124.002	121.749	123.719	123.364
YBR084W	1156.79	1165.969	1174.236	1167.028	1168.591	1174.655
YBR085C-A	92.133	92.879	92.944	95.199	94.923	94.499
YBR085W	261.082	260.431	261.744	264.889	263.778	264.097
YBR086C	2219.869	2217.165	2271.603	2231.991	2197.247	2217.54
YBR087W	405.135	405.928	407.266	420.427	417.83	418.239
YBR088C	210.24	208.3	208.753	214.992	212.124	211.92
YBR089C-A	73.498	74.66	73.603	72.42	73.466	73.269
YBR090C	152.001	154.47	154.933	153.873	155.37	155.636
YBR091C	86.899	88.018	87.289	85.927	87.116	87.081
YBR092C	447.811	451.438	453.829	436.6	438.288	440.962
YBR093C	312.677	309.34	310.136	312.836	310.315	310.079
YBR094W	894.457	914.276	916.228	925.893	938.707	939.793
YBR095C	747.427	744.472	741.72	779.911	767.468	764.942
YBR096W	330.809	318.632	319.808	342.944	325.91	322.495
YBR097W	9202.356	9145.438	9233.52	9208.064	9018.444	9012.503
YBR098W	1170.805	1167.577	1174.381	1225.298	1206.702	1209.62
YBR101C	505.499	500.023	504.608	525.899	516.542	520.511
YBR102C	990.27	993.462	992.846	1022.876	1016.172	1017.868
YBR103W	490.388	491.89	490.301	497.271	495.765	492.703
YBR104W	287.897	290.345	290.699	291.985	292.746	292.089
YBR105C	688.905	699.825	710.977	606.533	608.594	620.046
YBR106W	127.013	126.748	126.135	126.29	125.76	125.607
YBR107C	207.665	211.172	210.505	208.704	211.436	210.899
YBR108W	3858.707	3750.371	3877.138	3002.719	2843.542	2931.353
YBR109C	126.343	125.419	126.149	129.482	128.037	128.258
YBR110W	701.426	701.251	700.694	730.844	721.963	721.518
YBR111C	335.109	339.569	338.563	333.096	335.357	335.26
YBR111W-A	133.047	134.123	135.173	139.648	139.373	139.205
YBR112C	1338.417	1330.819	1336.85	1309.353	1298.921	1306.383
YBR114W	904.694	913.223	915.947	927.586	929.837	929.504
YBR115C	4130	4130	4130	4130	4130	4130
YBR117C	777.138	778.279	779.296	755.227	755.039	757.149
YBR118W	314.144	314.034	312.541	308.822	308.899	307.653
YBR119W	340.143	340.367	344.677	353.882	351.467	353.093
YBR120C	505.971	522.683	522.694	528.736	535.532	537.868
YBR121C	817.625	825.083	831.882	840.066	840.936	843.738
YBR122C	176.983	178.307	178.782	182.049	181.618	182.23
YBR123C	1297.61	1291.408	1289.822	1352.292	1330.64	1332.915
YBR125C	635.302	633.34	635.247	609.759	603.633	605.395
YBR126C	715.38	735.251	734.358	656.206	667.444	668.107
YBR126W-A	131.409	127.47	131.081	119.627	116.669	118.489
YBR127C	453.358	458.075	456.508	451.228	452.917	453.016
YBR128C	825.011	850.891	850.172	830.901	838.799	844.891
YBR129C	1211.004	1238.359	1228.924	1280.651	1280.423	1253.955
YBR130C	1367.796	1374.173	1381.578	1409.597	1390.925	1396.572
YBR131W	7636.56	7902.836	7885.084	7550.95	7577.59	7583.342
YBR132C	864.426	859.82	861.265	881.469	866.827	866.598
YBR133C	1352.458	1342.338	1351.703	1370.908	1350.917	1361.163
YBR135W	1063.868	1080.972	1140.686	793.336	783.521	827.468
YBR136W	4431.688	4434.02	4480.627	4607.046	4561.936	4581.087
YBR137W	165.322	167.7	169.525	168.387	170.781	171.942
YBR138C	1620.211	1688.111	1690.321	1674.152	1705.773	1724.017
YBR139W	455.992	451.797	452.862	464.987	457.408	456.615
YBR140C	5715.505	5734.194	5787.622	5928.033	5871.425	5902.859
YBR141C	371.255	375.189	374.562	379.381	380.944	380.163
YBR142W	2743.612	2565.077	2620.511	2825.608	2608.019	2635.994
YBR143C	1188.299	1225.261	1264.055	1247.245	1266.041	1279.751
YBR144C	145.292	142.549	143.658	149.078	144.468	145.441
YBR145W	315.35	319.545	318.997	314.642	316.949	316.652
YBR146W	796.396	780.595	763.92	796.032	772.613	768.436
YBR147W	326.26	326.907	328.84	337.077	335.667	336.232
YBR148W	3416.158	3699.284	3679.42	3483.903	3657.664	3686.918
YBR149W	299.632	299.168	300.27	302.881	301.486	301.64
YBR150C	20926.548	21438.362	21030.198	20755.849	20962.894	20678.365
YBR151W	313.568	312.661	314.771	319.385	316.714	317.031
YBR152W	326.588	333.727	335.321	335.902	340.757	341.032
YBR153W	341.965	345.141	345.805	350.104	350.29	349.922
YBR154C	463.164	483.031	483.1	478.45	490.638	491.214
YBR155W	422.971	429.615	428.939	434.132	436.557	436.784
YBR156C	1779.222	1831.897	1834.094	1849.749	1867.03	1874.368
YBR157C	292.507	296.392	298.882	302.97	303.664	304.194
YBR158W	792.687	794.234	801.36	821.962	817.046	819.483
YBR159W	587.575	599.649	605.188	604.32	611.757	614.7
YBR160W	276.864	279.234	276.685	281.157	281.31	279.789
YBR161W	626.894	630.874	629.789	643.812	639.293	636.705
YBR162C	381.145	378.637	378.418	379.206	376.381	376.752
YBR162W-A	57.132	58.625	58.894	58.833	59.782	60.125
YBR163W	1990.036	1962.56	1970.003	2018.01	1957.436	1957.125
YBR164C	136.369	135.745	135.747	139.298	138.112	137.153
YBR165W	276.537	277.069	278.236	285.518	284.713	284.846
YBR166C	620.802	618.501	618.514	642.543	632.706	632.642
YBR167C	155.427	157.535	158.516	161.024	161.896	162.025
YBR168W	1269.343	1266.724	1278.756	1309.505	1279.684	1288.302
YBR169C	840.716	847.264	850.175	853.308	853.232	853.473
YBR170C	977.412	981.802	982.399	1002.177	992.978	993.155
YBR171W	589.717	586.621	584.538	605.067	589.161	588.723
YBR172C	871.201	872.833	878.216	895.153	891.155	893.227
YBR173C	188.708	187.585	186.624	179.006	177.526	178.572
YBR175W	214.962	215.398	214.645	215.003	215.446	214.882
YBR176W	258.678	257.518	258.805	265.265	263.275	263.516
YBR177C	405.148	404.549	404.393	413.186	411.227	410.414
YBR179C	2439.374	2440.564	2435.617	2530.269	2491.714	2487.318
YBR180W	1007.687	983.868	990.939	1032.425	995.523	992.668
YBR181C	151.567	152.748	152.801	149.574	151.238	151.151
YBR182C	587.013	591.374	590.733	589.581	589.038	589.381
YBR182C-A	96.089	96.812	97.479	100.297	99.801	99.713
YBR183W	315.1	308.219	309.045	322.688	314.815	313.772
YBR184W	1530.273	1512.229	1521.295	1593.107	1544.888	1545.612
YBR185C	442.015	446.958	449.311	458.896	458.146	457.036
YBR186W	881.277	884.732	889.676	909.309	902.003	903.418
YBR187W	645.97	625.451	637.316	542.655	521.843	533.421
YBR188C	188.367	190.55	191.894	195.605	196.033	196.531
YBR189W	172.552	172.743	173.577	173.46	173.609	173.708
YBR191W	114.996	116.316	116.018	115.04	115.772	115.576
YBR192W	694.301	705.488	703.687	685.533	686.839	687.84
YBR193C	155.355	155.263	155.379	155.786	155.628	155.677
YBR194W	94.45	96.048	96.071	96.139	97.488	97.526
YBR195C	398.52	401.801	401.607	406.415	408.358	407.741
YBR196C	414.262	410.982	413.912	414.018	411.975	412.751
YBR196C-A	78.105	77.133	76.589	82.358	80.027	79.462
YBR196C-B	49	49	49	49	49	49
YBR197C	202.525	206.162	203.468	200.248	203.641	202.72
YBR198C	1577.104	1586.531	1587.685	1592.13	1582.233	1591.21
YBR199W	641.754	650.076	652.164	665.936	667.112	667.732
YBR200W	2863.179	2994.608	3022.681	2876.159	2932.619	2950.528
YBR200W-A	49	49	49	49	49	49
YBR201C-A	49	49	49	49	49	49
YBR201W	227.387	224.408	224.715	235.477	230.1	229.541
YBR202W	900.796	903.177	903.899	909.513	907.202	909.139
YBR203W	1548.037	1562.854	1577.491	1558.237	1557.333	1565.244
YBR204C	852.188	865.932	860.602	873.27	872.447	869.446
YBR205W	917.848	919.655	918.453	921.992	910.44	912.715
YBR207W	488.512	487.796	486.451	497.666	494.012	493.057
YBR208C	2222.182	2232.787	2231.421	2244.576	2238.562	2233.187
YBR209W	164.697	157.325	157.322	167.396	158.397	158.412
YBR210W	228.429	230.598	232.529	238.94	237.923	237.73
YBR211C	2247.023	2305.259	2338.163	2214.655	2221.199	2237.106
YBR212W	820.429	817.938	819.689	836.97	829.377	828.243
YBR213W	380.039	390.289	387.469	360.6	367.911	369.371
YBR214W	3347	3335.237	3539.598	2448.264	2369.166	2520.476
YBR215W	1077.583	1092.916	1104.495	1114.353	1117.247	1125.206
YBR216C	1239.21	1266.621	1264.054	1290.462	1296.997	1296.421
YBR217W	333.914	341.306	346.394	349.194	353.299	354.566
YBR218C	1274.846	1286.756	1281.899	1254.989	1260.044	1259.958
YBR219C	244.451	243.96	245.195	235.507	230.222	232.499
YBR220C	864.368	852.851	857.396	829.226	808.881	811.455
YBR221C	294.647	296.498	296.399	292.918	294.689	294.416
YBR221W-A	49	49	49	49	49	49
YBR222C	526.459	524.703	522.048	519.311	516.006	515.917
YBR223C	1002.848	1023.936	1034.153	886.429	892.135	902.322
YBR225W	1538.835	1545.976	1557.966	1570.835	1561.976	1571.485
YBR227C	911.231	934.7	936.8	938.83	951.512	953.379
YBR228W	722.034	733.982	742.698	746.105	745.539	745.062
YBR229C	1241.546	1241.096	1245.374	1282.388	1270.479	1271.321
YBR230C	151.925	154.347	155.072	147.496	150.667	151.883
YBR230W-A	223.607	230.803	231.037	196.785	200.123	201.877
YBR231C	1059.339	1063.999	1122.481	900.795	908.069	944.885
YBR233W	548.257	550.261	548.812	551.587	548.886	550.583
YBR233W-A	87.44	86.631	88.156	89.855	89.203	89.772
YBR234C	325.256	322.898	321.714	323.41	319.954	318.759
YBR235W	1241.179	1237.766	1249.243	1237.65	1230.393	1235.277
YBR236C	617.731	618.324	620.227	640.997	633.607	633.297
YBR237W	1109.849	1121.046	1123.975	1150.115	1149.923	1147.513
YBR238C	991.99	1001.308	1011.668	1019.001	1017.823	1025.103
YBR239C	514.606	518.557	518.697	522.141	523.532	525.52
YBR240C	707.469	709.224	710.158	665.868	662.66	669.169
YBR241C	1507.962	1541.168	1568.101	1298.372	1307.423	1329.397
YBR242W	199.273	203.635	202.249	202.141	205.496	204.385
YBR243C	590.093	587.897	586.692	603.075	595.12	593.778
YBR244W	215.556	213.134	213.501	222.641	218.159	217.239
YBR245C	2562.922	2617.332	2619.254	2653.814	2663.479	2674.545
YBR246W	305.908	303.678	303.955	311.45	308.418	307.842
YBR247C	559.43	563.594	567.448	572.563	572.617	575.34
YBR248C	638.483	643.443	642.527	636.239	638.372	637.654
YBR249C	333.463	333.622	333.407	333.367	332.903	334.578
YBR250W	1382.095	1388.697	1395.608	1436.499	1420.606	1430.359
YBR251W	309.315	313.056	311.275	315.382	316.851	315.859
YBR252W	196.448	198.523	198.121	188.584	189.575	190.436
YBR253W	91.377	92.803	92.187	92.086	93.333	92.896
YBR254C	212.281	217.698	215.526	216.349	219.28	218.076
YBR255C-A	166.574	175.428	174.382	168.481	174.712	177.901
YBR255W	1182.437	1207.132	1195.112	1207.425	1213.911	1212.755
YBR256C	309.3	313.719	313.599	320.284	320.68	320.14
YBR257W	2082.115	2106.39	2091.011	2108.573	2086.291	2083.543
YBR258C	196.405	206.375	205.441	204.571	210.915	211.005
YBR259W	1317.921	1320.114	1326.466	1374.822	1359.122	1360.426
YBR260C	905.109	910.928	913.439	916.577	912.44	914.519
YBR261C	454.234	468.312	466.818	396.182	402.856	406.554
YBR262C	128.372	131.987	129.734	121.735	124.155	123.141
YBR263W	404.216	406.239	405.607	399.895	402.29	402.356
YBR264C	305.965	315.168	315.594	304.797	311.115	311.804
YBR265W	370.017	372.837	371.15	369.344	370.512	370.396
YBR266C	92.453	88.389	90.658	93.486	90.081	90.956
YBR267W	751.157	773.025	776.838	670.813	686.022	693.807
YBR268W	112.904	117.048	115.028	110.291	113.641	112.515
YBR269C	252.456	258.284	253.831	234.048	237.534	239.632
YBR270C	472.369	475.144	476.755	479.471	480.639	481.168
YBR271W	633.572	644.814	645.059	653.966	660.631	659.811
YBR272C	673.381	675.068	675.687	701.38	695.211	693.062
YBR273C	480.912	490.233	489.041	467.101	474.83	476.724
YBR274W	866.408	879.778	880.544	900.587	899.799	901.026
YBR275C	6598.118	6380.26	6426.383	6732.472	6412.453	6405.979
YBR276C	1615.052	1590.569	1597.873	1649.575	1603.321	1604.853
YBR278W	197.394	198.826	198.476	202.563	203.138	202.969
YBR279W	512.029	516.048	514.185	528.8	526.809	525.966
YBR280C	2062.633	2247.154	2279.11	1715.662	1814.132	1854.253
YBR281C	3752.705	3472.437	3557.422	3797.411	3467.642	3504.469
YBR282W	157.083	157.189	155.92	161.546	160.732	160.84
YBR283C	631.087	630.23	631.643	648.65	641.505	641.473
YBR284W	1310.377	1330.564	1333.1	1324.854	1328.201	1330.06
YBR285W	190.174	195.267	193.418	198.222	200.781	200.768
YBR286W	638.571	665.646	657.07	642.85	663.999	662.433
YBR287W	369.413	368.593	371.485	375.349	373.39	373.48
YBR288C	3098.6	3133.349	3085.976	3059.277	3019.098	3008.095
YBR289W	972.47	965.69	968.926	973.041	965.473	967.492
YBR290W	561.867	574.241	573.916	582.258	586.163	586.521
YBR291C	275.619	276.054	275.592	274.257	274.054	273.553
YBR292C	1438.638	1376.347	1391.326	1424.841	1345.06	1350.852
YBR293W	648.597	643.093	641.169	665.721	653.072	651.315
YBR294W	796.967	798.833	799.547	814.476	811.481	809.714
YBR295W	1180.333	1186.329	1186.765	1193.822	1193.057	1190.965
YBR296C	694.11	691.264	693.79	693.078	687.835	688.462
YBR296C-A	49	49	49	49	49	49
YBR297W	443.443	444.982	448.207	457.769	456.86	458.241
YBR298C	576.787	571.486	573.637	586.102	579.4	578.333
YBR298C-A	49.079	49	49	50.135	49.534	49.57
YBR299W	566.617	571.507	572.625	578.771	579.826	580.381
YBR301W	204.331	203.991	205.383	184.662	184.07	186.483
YBR302C	717.502	716.173	720.109	740.487	726.028	724.946
YCL001W	719.225	706.31	697.316	740.425	712.261	714.256
YCL001W-A	1068.846	1082.139	1097.499	1096.175	1095.192	1111.078
YCL001W-B	110.028	113.115	113.95	116.175	118.053	117.816
YCL002C	368.604	366.471	368.559	386.701	379.445	379.273
YCL004W	1177.711	1207.97	1212.998	1213.775	1226.159	1237.122
YCL005W	224.404	224.133	224.229	227.384	226.166	227.001
YCL005W-A	96.817	96.873	97.02	88.638	87.652	87.637
YCL008C	995.827	994.265	1001.267	863.977	852.793	870.8
YCL009C	565.132	562.167	564.651	527.513	523.527	528.571
YCL010C	505.147	511.336	508.839	467.658	471.897	472.907
YCL011C	6323.354	6396.049	6445.2	5628.571	5506.503	5534.428
YCL012C	208.862	211.055	212.99	217.971	218.328	219.355
YCL014W	2425.473	2455.639	2468.865	2511.06	2515.716	2521.788
YCL016C	294.654	292.712	292.019	294.288	292.332	291.574
YCL017C	796.081	804.129	807.762	722.501	723.364	729.289
YCL018W	1046	1046	1046	1046	1046	1046
YCL019W	3481.786	3471.374	3479.83	3593.261	3524.17	3538.89
YCL020W	1268	1268	1268	1268	1268	1268
YCL021W-A	86.451	85.84	86.602	86.536	85.928	86.251
YCL024W	1759.95	1787.991	1794.479	1777.149	1789.192	1797.79
YCL025C	580.289	572.481	570.93	577.059	567.313	566.488
YCL026C-A	353.786	336.806	346.573	309.48	295.409	302.442
YCL026C-B	357.063	351.572	352.24	332.072	325.36	329.527
YCL027W	469.64	471.407	471.366	477.446	477.492	478.189
YCL028W	808.031	821.258	832.2	696.263	699.291	711.36
YCL029C	510.562	506.864	508.819	500.126	496.281	497.959
YCL030C	668.738	674.808	675.229	671.438	675.747	675.677
YCL031C	773.655	780.64	780.494	803.99	798.114	799.888
YCL032W	319.449	320.575	320.26	312.567	313.171	314.038
YCL033C	249.805	253.437	252.193	238.295	240.857	241.962
YCL034W	6287.277	6730.406	7209.928	4949.31	5290.573	5613.457
YCL035C	72.251	72.633	72.513	72.56	72.987	72.823
YCL036W	1032.309	1059.685	1050.257	955.184	969.697	969.009
YCL037C	557.301	559.92	563.989	534.892	535.287	540.819
YCL038C	668.139	662.007	663.801	659.03	648.258	647.097
YCL039W	1710.312	1715.46	1742.586	1516.811	1509.801	1537.773
YCL040W	2623.715	2675.756	2718.185	2040.462	2026.179	2099.29
YCL042W	1233.135	1277.879	1317.219	941.379	955.857	984.636
YCL043C	805.449	779.857	790.544	727.375	705.575	714.476
YCL044C	1175.133	1171.321	1186.355	1048.493	1034.849	1051.853
YCL045C	751.249	745.629	749.176	771.918	761.31	761.945
YCL047C	318.346	322.814	324.797	328.847	330.235	332.576
YCL048W	1749.734	1673.348	1668.59	1758.515	1641.303	1638.28
YCL048W-A	249.365	248.241	246.564	209.761	204.578	208.033
YCL049C	751.899	761.881	753.282	748.332	746.768	743.433
YCL050C	333.53	339.14	342.56	342.836	346.999	349.684
YCL051W	576.682	577.807	575.54	583.829	582.694	581.961
YCL052C	380.018	381.521	381.905	389.726	389.075	388.288
YCL054W	1259.242	1271.226	1273.796	1300.446	1296.923	1295.786
YCL054W-A	103.235	100.617	100.71	104.498	101.124	101.293
YCL055W	772.843	733.987	742.429	811.134	753.389	763.12
YCL056C	938.53	1026.921	1012.153	936.768	988.131	980.436
YCL057C-A	283.445	292.434	294.215	241.938	246.544	249.877
YCL057W	884.992	880.141	886.248	912.311	902.404	903.793
YCL058C	130.133	124.441	125.817	131.216	125.338	125.856
YCL058W-A	210.643333333333	210.643333333333	210.643333333333	210.643333333333	210.643333333333	210.643333333333
YCL059C	389.228	399.041	397.142	402.718	407.445	406.317
YCL061C	3278.621	3316.382	3304.806	3311.891	3281.314	3296.571
YCL063W	459.969	466.386	468.319	470.39	473.274	474.652
YCL064C	573.924	572.947	574.765	590.44	579.821	581.739
YCL066W	581.83	578.354	581.647	592.281	582.102	585.348
YCL067C	367.405	374.044	374.604	385.43	387.922	387.891
YCL068C	300.292	734	734	293.793	734	734
YCL069W	710.518	709.724	716.893	733.925	724.709	726.577
YCL073C	735.165	728.127	735.386	749.798	738.336	742.128
YCL074W	316.57	311.764	313.634	311.304	307.041	310.325
YCL075W	143.572	145.699	147.211	143.98	146.138	146.959
YCR001W	362.516	352.7	357.275	373.469	357.306	358.241
YCR002C	477.46	479.356	483.58	493.773	490.054	491.494
YCR003W	257.988	263.306	263.078	268.042	271.009	270.768
YCR004C	405.168	412.263	410.392	354.986	355.773	359.442
YCR005C	523.258	514.781	513.535	536.21	523.377	522.611
YCR006C	188.189	192.068	192.063	185.739	188.737	190.054
YCR007C	377.529	370.669	374.965	392.911	381.662	382.967
YCR008W	833.491	840.391	848.389	867.077	866.29	871.997
YCR009C	325.281	331.791	333.657	337.223	339.796	340.948
YCR010C	240.582	238.333	238.226	244.484	241.686	240.852
YCR011C	1438.118	1445.615	1446.93	1483.026	1475.462	1472.721
YCR012W	401.243	400.404	401.028	388.66	388.763	389.605
YCR014C	835.535	844.499	849.406	868.454	868.913	869.466
YCR015C	1312.93	1341.799	1369.349	1347.189	1358.634	1376.143
YCR016W	1602.94	1657.799	1670.952	1643.079	1661.051	1667.74
YCR017C	1226.94	1230.242	1238.492	1250.646	1240.462	1244.506
YCR018C	313.569	315.793	316.283	328.134	326.641	326.026
YCR019W	290.014	291.859	291.393	294.244	295.423	294.519
YCR020C	279.841	287.045	290.158	290.682	294.17	296.768
YCR020C-A	92.353	93.151	92.717	93.901	93.934	93.335
YCR020W-B	167.715	174.936	177.29	175.489	179.229	181.574
YCR021C	267.961	268.642	267.978	268.548	268.713	268.693
YCR022C	108.775	109.645	110.233	105.992	105.875	106.824
YCR023C	811.513	812.828	814.23	838.985	830.488	828.841
YCR024C	654.832	657.803	661.873	680.931	677.347	679.39
YCR024C-A	49	49	49	49	49	49
YCR024C-B	253.655	260.642	262.184	264.483	264.476	266.696
YCR025C	1704.251	1864.426	1930.078	1273.248	1337.684	1391.006
YCR026C	789.256	797.605	796.93	800.149	804.145	802.751
YCR027C	204.278	202.718	202.089	211.084	208.207	207.354
YCR028C	564.736	564.89	561.663	566.789	561.345	558.986
YCR028C-A	185.74	186.343	189.564	192.236	191.237	193.252
YCR030C	1291.09	1291.861	1304.237	1240.88	1235.238	1250.124
YCR031C	113.547	114.782	113.418	111.331	112.241	112.322
YCR032W	5813.272	5827.249	5857.288	6024.824	5951.725	5966.791
YCR033W	8230.583	8410.797	8477.319	7999.439	7983.94	8047.886
YCR034W	1198.348	1159.451	1155.663	1227.814	1169.238	1171.819
YCR035C	553.008	576.296	578.092	567.325	586.886	590.516
YCR036W	332.695	335.3	336.013	342.227	343.081	342.907
YCR037C	2465.882	2405.238	2416.697	2517.829	2417.254	2425.436
YCR038C	6641.69	6475.709	6560.118	6537.169	6364.128	6373.2
YCR041W	272.332	253.606	260.382	280.543	260.98	264.522
YCR042C	2597.179	2657.718	2666.085	2711.777	2732.652	2736.853
YCR043C	148.789	144.062	143.233	154.209	147.43	145.171
YCR044C	471.614	481.082	479.903	475.711	479.56	478.243
YCR045C	1084.761	1094.291	1100.883	960.961	961.47	971.466
YCR046C	498.899	500.152	497.715	453.506	450.242	453.799
YCR047C	2062.025	2088.649	2113.519	1596.824	1594.013	1624.66
YCR048W	3305.233	3269.917	3422.319	2505.879	2440.845	2541.786
YCR050C	77.87	77.505	77.488	77.684	77.557	77.655
YCR051W	3731.47	4165.108	4363.138	2696.2	2882.541	3031.211
YCR052W	847.834	860.863	870.054	754.932	762.88	771.251
YCR053W	498.182	496.442	497.922	504.506	501.45	502.317
YCR054C	816.117	816.829	818.632	846.1	837.31	837.91
YCR057C	1051.337	1063.198	1062.935	1058.286	1063.73	1062.933
YCR059C	1593.611	1623.599	1647.055	1236.001	1238.151	1264.704
YCR060W	171.935	174.667	174.165	160.791	162.607	163.641
YCR061W	1714.196	1702.687	1722.147	1496.774	1474.87	1498.118
YCR063W	334.676	334.255	338.068	296.362	293.672	295.744
YCR065W	791.008	783.323	784.598	786.993	774.066	776.894
YCR066W	874.2	854.088	863.644	906.969	874.969	883.099
YCR067C	1499.245	1494.601	1502.12	1526.526	1506.497	1511.392
YCR068W	1226.36	1260.889	1260.463	1068.72	1085.181	1100.546
YCR069W	310.895	312.135	311.954	308.324	308.815	310.066
YCR071C	127.938	130.152	129.573	129.922	131.722	131.389
YCR072C	663.903	677.71	674.061	669.266	678.098	677.61
YCR073C	1843.361	1843.503	1846.034	1896.175	1879.575	1877.093
YCR073W-A	785.518	780.261	789.394	676.608	672.196	679.785
YCR075C	231.554	230.377	230.064	233.548	231.771	231.031
YCR075W-A	49	49	49	49	49	49
YCR076C	413.041	423.668	419.845	385.327	392.692	394.481
YCR077C	3936.288	3994.959	4030.272	3617.294	3614.272	3657.869
YCR079W	5705.333	5600.936	6204.568	3868.025	3661.063	3946.392
YCR081W	9219.054	9085.682	9107.363	9215.343	8878.403	8903.197
YCR082W	122.349	120.615	121.937	125.102	123.222	123.676
YCR083W	132.392	133.265	132.26	135.701	135.403	135.22
YCR084C	1130.379	1129.061	1134.854	1060.678	1056.52	1064.28
YCR085W	1677.794	1687.605	1668.779	1647.429	1627.453	1617.529
YCR086W	232.975	233.104	232.159	223.252	223.511	223.162
YCR087C-A	307.937	314.691	314.705	277.506	280.87	281.515
YCR088W	923.629	923.882	921.617	868.65	863.961	868.122
YCR089W	1369.487	1345.601	1357.332	1368.54	1344.368	1354.731
YCR090C	167.072	167.367	168.301	172.077	171.039	170.674
YCR091W	818.702	827.239	828.58	837.661	841.071	844.872
YCR092C	5804.825	5747.421	5779.513	5797.918	5616.816	5608.04
YCR093W	11628.916	11426.53	11488.147	11677.471	11274.777	11343.893
YCR094W	8521.514	8834.551	8822.481	8028.633	8230.333	8258.341
YCR095C	2003.4	2014.231	2025.357	2041.024	2023.397	2024.066
YCR095W-A	374.658	389.242	395.229	376.682	382.717	390.453
YCR096C	276.8855	276.8855	276.8855	276.8855	276.8855	276.8855
YCR097W	3156.59649229863	3156.59649229863	3156.59649229863	3156.59649229863	3156.817	3156.376
YCR098C	533.971	538.043	535.024	550.285	547.88	545.579
YCR099C	145.915	146.359	147.13	151.972	150.713	150.709
YCR100C	275.906	274.107	275.165	281.937	278.918	278.449
YCR101C	189.912	191.515	191.067	195.843	196.096	195.82
YCR102C	558.898	562.247	561.966	531.076	531.783	533.394
YCR104W	843.902	835.144	894.137	604.996	591.861	617.451
YCR105W	405.407	411.616	408.216	400.997	402.969	402.474
YCR106W	1597.315	1599.593	1612.203	1661.923	1644.524	1645.504
YCR107W	435.268	432.358	431.995	442.023	435.363	433.979
YCR108C	49	49	49	49	49	49
YDL001W	667.993	679.503	681.231	692.149	695.555	696.021
YDL002C	611.356	614.958	608.27	633.836	626.188	625.919
YDL003W	673.665	680.562	683.797	696.719	698.966	701.599
YDL004W	175.679	176.278	177.63	179.907	179.008	179.398
YDL005C	3163.205	3158.358	3133.569	3159.894	3114.316	3131.779
YDL006W	254.495	259.354	259.33	262.308	265.789	265.029
YDL007C-A	142.104	143.018	143.637	148.755	148.095	148.598
YDL007W	562.712	570.963	566.728	578.054	579.741	578.324
YDL008W	115.008	115.825	115.552	115.133	116.222	115.979
YDL009C	4593.601	4341.949	4450.547	4355.513	4141.79	4250.179
YDL010W	257.274	261.085	261.501	266.435	268.232	268.184
YDL012C	114.991	112.921	112.74	111.673	110.01	111.033
YDL013W	914.129	936.293	935.568	882.463	896.91	901.847
YDL014W	4139.338	4193.063	4483.065	2801.286	2768.772	2950.116
YDL015C	623.056	630.08	634.446	644.795	642.648	645.927
YDL017W	666.583	667.572	668.788	690.449	684.22	682.052
YDL018C	229.891	230.848	231.744	234.843	233.881	234.185
YDL019C	1486.657	1503.352	1509.557	1514.923	1521.68	1523.411
YDL020C	566.533	568.141	569.007	584.464	581.518	580.859
YDL021W	496.692	503.288	505.269	514.502	513.837	515.197
YDL022C-A	101.721	100.422	101.391	104.12	102.542	103.675
YDL022W	330.332	337.058	336.303	329.577	334.791	334.143
YDL024C	475.331	477.097	477.895	488.114	487.035	486.351
YDL025C	1273.773	1292.877	1295.695	1278.433	1287.074	1296.744
YDL027C	2944.625	2894.831	2941.64	2973.334	2885.612	2910.923
YDL028C	1205.527	1207.425	1214.859	1253.117	1241.77	1243.782
YDL029W	522.86	532.339	533.556	537.818	541.064	541.983
YDL030W	1240.496	1265.431	1265.104	1290.262	1295.474	1296.452
YDL031W	3092.796	3153.704	3158.107	3084.58	3082.898	3085.302
YDL033C	487.047	497.787	494.338	476.611	485.139	485.058
YDL035C	57219.302	57959.839	56853.683	57041.632	57265.612	56160.883
YDL036C	752.573	759.801	764.906	787.217	785.293	785.864
YDL037C	245.13	244.914	247.777	250.081	249.386	251.85
YDL039C	450.324	441.151	444.696	447.15	439.825	443.454
YDL040C	1063.928	1069.785	1077.825	1104.819	1103.933	1106.745
YDL042C	1697.651	1712.707	1686.235	1690.582	1662.236	1658.427
YDL043C	439.223	450.344	449.288	457.103	459.797	458.724
YDL044C	844.158	865.27	870.563	875.672	886.386	890.105
YDL045C	236.207	237.545	237.489	240.265	240.56	239.768
YDL045W-A	72.588	72.706	73.332	74.438	74.243	74.471
YDL046W	125.188	126.456	126.256	125.581	127.169	127.393
YDL047W	318.544	319.517	316.319	307.206	307.525	307.335
YDL048C	500.295	494.97	494.562	493.487	487.947	489.83
YDL049C	215.906	219.919	218.736	214.049	216.733	216.877
YDL051W	268.811	271.668	272.649	273.532	275.496	275.115
YDL052C	291.143	289.703	288.956	293.527	291.432	290.811
YDL053C	370.337	375.311	373.915	363.077	364.215	365.18
YDL054C	405.644	403.705	404.978	407.087	403.28	404.905
YDL055C	262.311	259.948	260.968	264.572	262.101	261.837
YDL056W	1746.141	1753.098	1758.138	1802.044	1786.228	1790.109
YDL057W	467.988	475.311	474.338	465.737	468.61	471.272
YDL058W	6001.968	6111.084	6158.656	6194.75	6201.457	6233.135
YDL059C	496.621	515.844	519.782	511.996	527.182	529.56
YDL060W	1681.669	1668.772	1648.206	1684.019	1645.377	1640.703
YDL061C	49	49	49	49	49	49
YDL063C	1478.794	1374.877	1376.682	1558.915	1427.78	1422.653
YDL064W	154.92	157.745	157.389	156.704	158.612	158.592
YDL065C	1884.522	1992.847	2032.183	1958.619	2041.495	2075.292
YDL066W	411.772	416.25	417.29	412.957	416.202	417.879
YDL067C	243.239	236.464	242.13	195.789	189.725	194.987
YDL069C	5630.915	5547.142	5629.475	5599.528	5406.492	5445.547
YDL070W	4034.85	4067.584	4119.823	4038.851	4008.194	4034.047
YDL072C	265.546	269.575	271.727	252.947	253.702	256.292
YDL073W	12884.736	12605.337	12814.38	12463.796	12002.943	11995.003
YDL074C	1825.787	1865.716	1873.781	1906.518	1916.102	1924.077
YDL075W	70.713	71.345	70.872	70.311	71.171	70.74
YDL076C	537.46	553.167	549.134	554.493	562.6	560.817
YDL077C	2985.547	3019.168	3044.227	3087.821	3070.677	3088.463
YDL078C	4649.296	4411.493	4539.555	3273.679	3010.141	3131.924
YDL079C	740.442	745.355	744.86	763.906	757.711	758.803
YDL080C	621.813	629.178	627.183	630.865	634.976	633.518
YDL081C	1253.238	1181.727	1282.872	867.415	804.165	865.872
YDL082W	192.08	195.225	195.712	194.421	196.365	197.21
YDL083C	96.464	97.383	96.937	95.144	96.021	95.781
YDL084W	524.445	527.611	528.24	525.103	522.685	522.635
YDL085C-A	88.611	93.855	93.546	89.309	93.934	94.208
YDL085W	603.917	607.409	605.635	588.563	590.297	587.83
YDL086W	435.446	442.563	445.795	404.44	410.135	415.318
YDL087C	441.872	443.774	445.043	409.196	411.016	412.638
YDL088C	781.506	788.652	793.44	811.84	809.894	812.011
YDL089W	1008	993.169	1005.104	1048.95	1022.016	1028.399
YDL090C	546.538	552.434	551.285	558.493	558.615	557.791
YDL091C	691.277	700.744	702.166	715.264	715.911	717.818
YDL092W	110.872	112.331	112.285	113.65	114.675	114.193
YDL093W	783.633	776.245	780.307	805.514	793.351	793.007
YDL095W	769.896	766.986	768.426	771.04	765.398	766.733
YDL097C	951.772	961.782	970.336	826.518	821.55	829.583
YDL098C	657.449	669.553	666.546	666.189	668.216	664.946
YDL099W	2218.647	2310.546	2289.293	2258.795	2294.455	2292.513
YDL100C	333.141	333.024	334.106	341.676	339.911	340.291
YDL101C	589.36	595.421	600.697	611.122	613.783	615.089
YDL102W	3535.269	3395.372	3406.174	3573.742	3379.368	3364.336
YDL103C	460.831	463.13	463.069	470.055	470.703	469.636
YDL104C	521.507	518.061	516.727	543.391	533.42	530.456
YDL105W	598.707	604.599	607.207	621.613	618.865	622.125
YDL106C	1201.653	1204.082	1204.04	1247.102	1233.897	1238.071
YDL107W	1266.609	1353.257	1379.927	1312.8	1384.077	1395.224
YDL108W	297.152	300.971	300.03	302.726	303.58	302.923
YDL109C	794.641	790.607	789.371	798.583	789.351	787.975
YDL110C	195.263	204.957	201.555	189.582	197.832	196.637
YDL111C	213.243	211.742	212.649	216.729	214.174	214.207
YDL112W	2594.195	2576.22	2585.662	2687.076	2637.434	2642.413
YDL113C	1212.53	1215.894	1222.892	1258.932	1244.986	1249.32
YDL114W	767.717	761.089	762.798	797.057	775.777	775.926
YDL115C	433.09	443.719	440.716	447.445	453.077	450.345
YDL116W	1889.495	1899.445	1910.545	1934.192	1914.03	1921.805
YDL117W	1850.357	1888.724	1912.725	1888.147	1894.919	1917.264
YDL119C	395.781	398.299	400.276	406.624	404.833	407.78
YDL120W	191.322	193.237	192.787	196.93	196.937	197.177
YDL121C	299.752	306.057	304.458	306.708	309.543	307.466
YDL122W	4740.616	4618.177	4593.166	4751.014	4568.473	4513.593
YDL123W	178.619	174.67	176.456	173.394	169.942	171.914
YDL124W	232.312	233.153	234.498	232.91	233.765	234.177
YDL125C	143.438	142.993	142.947	145.403	144.101	144.088
YDL126C	949.007	912.245	928.201	878.711	847.472	849.214
YDL127W	408.778	409.561	412.035	423.073	420.306	421.035
YDL128W	385.845	380.124	380.983	386.68	379.735	380.525
YDL129W	396.92	405.122	402.808	396.101	399.851	400.405
YDL130W	1282.643	1318.61	1404.305	880.42	876.717	936.922
YDL130W-A	905.961	947.347	945.552	889.919	905.733	918.845
YDL131W	413.672	416.567	416.422	408.736	409.874	409.95
YDL132W	4074.956	4214.594	4231.065	4068.931	4133.276	4138.99
YDL133C-A	29	29	29	29	29	29
YDL133W	580.38	578.251	580.604	596.2	586.913	587.639
YDL134C	371.066	375.101	373.783	366.041	365.953	366.084
YDL135C	1530.641	1609.479	1610.757	1507.173	1543.897	1576.553
YDL136W	78.06	78.369	78.772	77.85	78.236	78.543
YDL137W	121.685	121.052	121.08	121.865	121.36	121.091
YDL138W	736.614	737.029	737.755	742.086	739.585	740.149
YDL139C	168.442	170.913	170.701	171.158	173.536	173.164
YDL140C	1895.437	1911.421	1915.174	1909.211	1909.988	1912.028
YDL141W	726.853	724.517	724.691	741.565	733.157	732.657
YDL142C	233.534	232.539	233.429	239.338	237.088	237.365
YDL143W	674.19	680.621	683.013	657.192	657.983	662.589
YDL144C	573.823	580.533	573.707	538.353	541.24	541.388
YDL145C	1526.387	1541.172	1543.935	1543.018	1545.495	1546.479
YDL146W	968.11	969.166	971.302	1001.88	990.611	992.405
YDL147W	1207.182	1219.7	1231.474	1257.4	1248.286	1257.333
YDL148C	1871.394	1894.96	1915.871	1920.66	1916.845	1933.062
YDL149W	5660.42	5723.359	5844.77	5661.365	5615.767	5664.608
YDL150W	535.769	541.62	537.001	541.32	543.114	541.513
YDL153C	666.74	672.395	673.467	690.223	691.958	690.408
YDL154W	1170.559	1176.716	1180.591	1217.311	1212.544	1211.539
YDL155W	403.947	410.119	409.196	409.815	414.662	414.509
YDL156W	648.791	659.435	659.75	649.816	656.68	657.052
YDL157C	385.896	414.912	414.826	409.784	430.58	430.884
YDL159W	1653.613	1657.475	1647.061	1699.084	1674.099	1668.118
YDL159W-A	49	49	49	49	49	49
YDL160C	927.186	933.761	942.544	941.56	937.341	945.017
YDL160C-A	77.996	79.935	79.196	81.515	82.356	82.077
YDL161W	349.94	351.319	352.061	352.174	354.064	353.534
YDL164C	818.043	821.429	822.608	838.067	836.156	836.727
YDL165W	134.3	134.35	134.462	133.717	133.767	134.113
YDL166C	316.466	336.778	338.938	319.573	334.262	332.56
YDL167C	19700.044	20142.14	19800.508	19110.919	19096.505	19211.016
YDL168W	437.963	441.444	441.057	441.559	441.933	441.606
YDL169C	475.539	483.796	482.345	483.303	483.689	482.37
YDL170W	2757.507	2749.043	2784.064	2510.048	2455.91	2478.584
YDL171C	2704.005	2697.175	2710.578	2771.653	2739.825	2746.808
YDL173W	414.364	417.417	414.483	410.53	410.16	410.687
YDL174C	871.477	872.544	867.761	806.368	802.646	803.731
YDL175C	552.575	534.985	539.205	567.364	547.316	549.812
YDL176W	2706.949	2624.899	2610.805	2754.465	2611.429	2588.657
YDL177C	258.478	263.217	262.456	265.762	267.32	267.071
YDL178W	4727.837	4909.825	4907.835	4746.976	4824.562	4831.171
YDL179W	353.9	351.576	355.95	366.336	361.955	365.209
YDL180W	673.001	665.751	670.737	690.049	675.663	678.157
YDL181W	209.833	217.343	217.865	199.341	203.497	205.381
YDL182W	954.62	969.73	986.096	773.232	771.389	778.977
YDL183C	385.379	391.412	392.806	398.705	402.045	403.522
YDL184C	29	29	29	29	29	29
YDL185W	1145.338	1131.006	1132.34	1119.454	1101.607	1103.311
YDL186W	227.111	226.659	226.409	226.468	226.325	225.922
YDL188C	310.064	309.773	306.299	310.832	309.152	307.603
YDL189W	863.896	866.502	869.345	787.256	780.62	792.757
YDL190C	1522.93	1531.512	1538.332	1581.534	1571.73	1574.733
YDL191W	75.345	75.607	75.879	74.914	75.284	75.521
YDL192W	134.27	134.287	134.453	135.992	135.465	135.178
YDL193W	791.239	818.506	815.339	796.174	808.757	810.946
YDL194W	1002.469	1002.501	1008.208	1024.877	1020.623	1022.723
YDL195W	1550.356	1543.973	1545.564	1554.95	1539.268	1544.235
YDL197C	543.678	543.701	543.993	542.365	542.701	543.586
YDL198C	390.911	391.623	389.616	380.14	380.118	378.551
YDL199C	820.317	820.717	824.948	845.768	839.493	841.526
YDL200C	1401.547	1364.237	1378.406	1394.751	1341.325	1358.715
YDL201W	248.501	249.652	249.643	254.01	254.077	253.217
YDL202W	317.645	321.479	322.315	328.045	328.657	327.807
YDL203C	713.026	719.178	719.198	721.656	724.686	727.928
YDL204W	363.97	363.094	361.568	363.642	361.452	361.874
YDL204W-A	49	49	49	49	49	49
YDL205C	433.637	440.45	438.465	440.069	444.251	444.388
YDL206W	1670.148	1709.117	1717.504	1726.262	1749.786	1760.888
YDL207W	921.185	912.189	920.181	950.655	932.686	935.443
YDL208W	178.152	184.136	183.821	182.433	186.398	186.553
YDL209C	995.936	1036.339	1022.087	992.175	1011.098	1003.292
YDL210W	736.925	732.45	729.304	738.094	727.251	724.779
YDL211C	308.546	306.094	306.39	315.218	311.06	310.288
YDL212W	189.398	190.24	190.773	194.978	194.154	193.685
YDL213C	221.512	225.382	225.031	224.451	227.523	227.02
YDL214C	942.375	954.654	956.901	972.976	976.251	978.538
YDL215C	2360.334	2377.711	2379.198	2433.318	2417.94	2424.105
YDL216C	549.354	554.323	554.431	568.941	568.23	566.418
YDL217C	229.06	234.114	232.233	223.242	226.083	226.684
YDL218W	291.715	294.671	291.428	290.149	292.05	291.098
YDL219W	285.249	295.052	296.383	297.04	302.654	304.811
YDL220C	6939.797	7294.294	7979.712	4893.488	4891.611	5246.712
YDL222C	3000.172	3138.404	3320.214	2132.723	2126.103	2231.01
YDL223C	1282.075	1300.911	1304.824	1271.936	1285.09	1292.046
YDL224C	1712.756	1661.953	1695.231	1744.194	1664.611	1681.397
YDL225W	1067.9	1085.847	1078.283	1098.17	1094.773	1092.345
YDL226C	439.123	441.838	441.945	436.982	437.522	438.855
YDL227C	706.855	726.02	727.532	709.528	721.613	721.753
YDL229W	409.045	407.431	408.592	406.059	405.818	406.569
YDL230W	495.437	507.369	507.414	462.644	469.512	473.365
YDL231C	1693.176	1712.501	1715.975	1727.263	1728.866	1737.569
YDL232W	49	49	49	49	49	49
YDL233W	1501.753	1515.044	1527.359	1344.292	1337.723	1356.043
YDL234C	1124.37	1130.973	1132.726	1162.445	1156.644	1160.218
YDL235C	223.877	222.234	222.433	234.319	230.662	229.586
YDL236W	222.296	224.419	224.538	225.023	226.322	225.753
YDL237W	519.672	523.634	529.84	531.913	531.762	534.176
YDL238C	506.975	510.888	509.656	507.648	509.567	508.697
YDL239C	5677.802	5531.373	5595.374	5755.565	5520.408	5553.021
YDL240W	1768.048	1780.464	1805.639	1838.289	1829.49	1845.342
YDL241W	160.141	165.149	165.301	164.646	167.509	168.034
YDL242W	3679.136	3691.019	3670.52	3691.233	3606.343	3601.305
YDL243C	292.443	296.693	295.493	296.526	300.136	298.598
YDL244W	332.026	332.311	332.631	316.756	315.951	317.699
YDL245C	478.206	478.42	477.86	482.366	481.81	481.504
YDL246C	551.03	543.472	543.271	498.857	490.492	490.143
YDL247W	701.864	708.502	709.889	716.962	718.8	717.493
YDL248W	377.309	374.512	377.769	388.887	383.673	384.121
YDR001C	911.197	915.579	917.636	935.67	934.056	933.697
YDR002W	273.777	281.089	281.823	282.175	286.388	287.076
YDR003W	295.647	299.988	299.008	290.667	291.43	291.515
YDR003W-A	68.494	69.731	69.7	71.094	71.418	70.927
YDR004W	601.622	599.547	600.237	618.179	608.55	608.543
YDR005C	833.006	825.632	831.196	867.206	846.636	849.917
YDR006C	2441.071	2386.31	2438.399	2210.585	2141.524	2179.315
YDR007W	212.554	213.965	212.523	213.546	213.625	212.153
YDR009W	861.131	846.317	863.224	800.739	784.66	793.333
YDR010C	338.26	340.486	339.603	291.267	289.405	292.119
YDR011W	1844.556	1834.61	1840.392	1890.24	1866.013	1866.459
YDR012W	677.129	673.734	683.075	587.873	580.32	589.426
YDR013W	473.513	484.994	479.794	494.34	496.308	496.086
YDR014W	15284.07	16100.38	16445.569	15086.777	15456.623	15701.003
YDR014W-A	241.561	252.532	254.123	227.558	236.831	237.755
YDR016C	61.337	61.775	61.273	62.167	62.366	61.818
YDR017C	1414.294	1426.14	1429.841	1475.058	1470.754	1470.565
YDR018C	473.955	477.862	480.12	490.688	490.466	490.406
YDR019C	455.321	462.136	463.782	468.191	474.021	477.137
YDR020C	483.891	480.467	479.436	505.765	497.734	495.999
YDR021W	988.046	999.508	1008.242	1029.732	1024.632	1028.019
YDR022C	251.04	253.596	253.783	263.842	264.224	262.753
YDR023W	526.752	529.56	532.271	541.422	540.237	540.115
YDR025W	121.3	121.543	120.862	117.587	117.483	117.87
YDR026C	861.833	876.536	883.933	891.115	897.916	902.712
YDR027C	3376.839	3429.19	3421.045	3441.076	3420.535	3436.928
YDR028C	1335.145	1346.282	1347.501	1376.014	1373.191	1375.137
YDR029W	488.447	504.874	508.806	513.349	515.397	517.213
YDR030C	1050.869	1059.08	1055.653	1093.199	1085.958	1084.778
YDR031W	349.308	360.219	358.069	363.369	365.265	363.601
YDR032C	370.042	375.356	376.146	341.963	344.171	346.74
YDR033W	398.163	392.472	391.823	407.792	397.142	396.576
YDR034C	2874.218	2844.817	2866.177	2942.218	2863.091	2881.477
YDR034C-A	105.525	104.366	104.447	110.7	107.442	107.327
YDR034C-C	1268	1268	1268	1268	1268	1268
YDR034C-D	4165.213	4062.774	4060.902	4294.684	4112.673	4112.788
YDR034W-B	59.116	58.807	58.883	56.516	55.62	56.526
YDR035W	456.264	460.079	460.387	466.951	466.748	467.413
YDR036C	804.532	816.247	820.613	823.54	824.259	829.411
YDR037W	505.448	507.014	508.361	509.351	508.99	508.932
YDR038C	909.801	909.925	911.124	921.718	919.739	917.8
YDR039C	925.942	926.237	927.224	937.168	935.218	933.383
YDR040C	882.319	882.991	883.758	892.597	891.209	889.331
YDR041W	203.868	206.651	208.071	208.557	210.814	211.832
YDR042C	533.906	524.782	528.833	551.211	534.812	536.616
YDR043C	277.572	280.269	282.263	289.513	290.639	291.51
YDR044W	240.579	241.554	240.466	238.902	240.096	240.467
YDR045C	55.335	55.033	54.796	56.201	55.757	55.384
YDR046C	902.581	906.345	901.515	899.546	894.296	891.906
YDR047W	444.892	447.186	444.51	433.628	433.585	432.226
YDR049W	991.56	997.015	1002.557	1024.883	1016.59	1023.28
YDR050C	242.409	244.149	244.894	240.093	241.59	242.712
YDR051C	337.291	342.904	341.147	347.965	350.867	348.846
YDR052C	1020.387	1029.834	1036.768	1055.591	1054.174	1057.064
YDR054C	323.856	332.651	331.233	312.051	316.63	317.397
YDR055W	384.668	374.213	379.023	390.158	380.125	382.543
YDR056C	214.956	218.519	219.154	222.519	224.499	224.73
YDR057W	771.716	781.296	784.245	798.648	797.052	797.48
YDR058C	498.668	497.336	501.123	516.893	510.602	512.392
YDR059C	138.066	138.983	139.239	140.172	140.242	140.65
YDR060W	2471.617	2481.364	2476.066	2539.309	2507.19	2512.008
YDR061W	497.812	500.969	503.112	508.034	509.978	509.722
YDR062W	2133.713	2012.127	2017.058	2117.81	1974.341	1993.468
YDR063W	120.282	121.069	121.991	123.079	123.771	124.205
YDR064W	94.617	94.377	94.498	94.432	94.533	94.543
YDR065W	882.395	893.405	902.711	926.833	924.247	928.976
YDR066C	246.356	242.095	242.959	254.502	247.251	248.386
YDR067C	572.989	586.794	584.714	596.875	598.549	601.093
YDR068W	632.492	631.253	635.036	654.609	645.736	646.772
YDR069C	5097.582	5351.602	5354.489	5168.623	5292.748	5317.208
YDR070C	89.458	90.055	90.011	89.432	89.692	89.61
YDR071C	205.083	206.416	207.991	212.13	211.751	213.06
YDR072C	613.546	611.366	612.843	623.781	615.865	616.296
YDR073W	638.328	650.729	647.864	633.747	634.533	636.607
YDR074W	969.241	966.163	972.448	994.114	985.813	990.274
YDR075W	554.868	562.78	564.636	576.314	577.072	571.355
YDR076W	665.565	663.133	662.212	695.112	684.12	683.017
YDR077W	281.464	275.62	275.117	274.124	269.831	272.813
YDR078C	368.147	366.269	366.895	385.644	378.527	378.435
YDR079C-A	96.358	97.75	98.182	100.665	100.314	100.353
YDR079W	118.114	121.03	121.204	123.828	125.549	125.465
YDR080W	15267.835	16185.551	16480.119	15494.191	16403.663	16751.77
YDR081C	8493.13	8500.775	8415.837	8537.325	8323.762	8283.079
YDR082W	592.918	593.463	597.647	614.213	609.652	609.917
YDR083W	4981.288	4873.629	4959.571	5033.551	4819.971	4890.757
YDR084C	263.712	261.977	264.485	271.964	268.695	269.547
YDR085C	731.786	735.7	739.451	762.182	759.813	760.538
YDR086C	49	49	49	49	49	49
YDR087C	262.734	267.106	268.171	270.287	273.552	273.098
YDR088C	581.945	585.523	584.981	602.024	600.231	599.606
YDR089W	4539.644	4502.124	4511.91	4586.287	4456.111	4446.298
YDR090C	285.859	284.291	283.066	290.934	288.017	287.132
YDR091C	755.782	756.864	762.961	781.082	775.955	777.901
YDR092W	108.288	109.213	108.833	108.827	109.396	109.199
YDR093W	2655.533	2667.688	2675.306	2609.182	2592.152	2604.697
YDR096W	1844.208	1834.768	1844.05	1910.75	1872.103	1880.822
YDR097C	2133.312	2157.309	2163.006	2210.732	2211.933	2212.124
YDR098C	289.34	282.747	286.192	297.04	288.438	290.059
YDR098C-A	484.082122984728	484.082122984728	484.082122984728	487.048	481.044	484.173
YDR098C-B	2301.569	2308.056	2313.264	2364.918	2350.321	2359.251
YDR099W	260.533	261.019	263.307	264.597	264.668	265.778
YDR100W	163.491	164.275	167.933	168.864	169.565	171.426
YDR101C	1669.103	1655.341	1647.324	1717.443	1678.756	1687.162
YDR102C	161.707	159.034	162.038	169.568	165.846	167.369
YDR103W	1517.509	1538.126	1544.757	1574.503	1572.184	1580.6
YDR104C	2968.911	3035.795	3053.796	3056.945	3071.398	3082.255
YDR105C	594.578	607.279	605.787	607.62	612.012	608.722
YDR106W	972.53	990.356	984.525	993.068	987.041	985.914
YDR107C	1775.133	1758.425	1780.06	1805.334	1756.6	1767.212
YDR108W	1339.322	1359.153	1364.626	1389.166	1387.751	1392.115
YDR109C	898.259	913.208	910.15	891.873	898.18	894.808
YDR110W	1391.246	1421.343	1432.938	1401.787	1410.388	1417.982
YDR111C	506.891	508.026	507.228	511.949	511.58	511.443
YDR113C	494.702	506.33	510.795	510.334	519.105	521.645
YDR114C	1454.705	1508.873	1559.341	1473.462	1472.793	1475.14
YDR115W	64.246	62.998	63.225	64.051	63.102	63.196
YDR116C	342.403	349.123	350.448	349.753	353.814	353.222
YDR117C	666.165	666.698	671.605	690.938	685.299	687.464
YDR118W	1637.048	1681.163	1677.305	1715.345	1738.175	1723.518
YDR119W	868.937	870.212	873.083	895.385	890.193	890.345
YDR119W-A	49	49	49	49	49	49
YDR120C	568.911	577.016	578.07	584.086	587.969	588.117
YDR121W	131.429	132.971	131.583	132.474	133.904	132.728
YDR122W	1749.433	1758.4	1754.004	1761.197	1746.283	1745.721
YDR123C	293.074	297.364	297.14	291.066	294.686	295.068
YDR124W	572.833	589.402	592.97	597.383	607.253	610.151
YDR125C	1680.235	1702.138	1709.461	1726.199	1710.332	1718.686
YDR126W	223.153	222.919	222.73	226.385	225.674	225.464
YDR127W	1494.59	1504.558	1503.826	1522.628	1524.168	1522.067
YDR128W	2494.988	2554.959	2577.796	2449.764	2468.534	2487.82
YDR129C	663.102	671.277	667.01	672.582	674.326	670.934
YDR130C	405.611	407.093	410.495	418.736	416.02	417.186
YDR131C	865.165	865.645	871.561	902.269	893.368	896.713
YDR132C	704.62	708.856	713.846	738.763	734.614	735.793
YDR134C	237.767	233.495	234.575	215.905	210.076	214.458
YDR135C	2344.943	2359.777	2371.097	2422.916	2410.521	2413.471
YDR137W	1144.868	1155.157	1161.734	1197.149	1191.576	1197.249
YDR138W	1448.372	1433.66	1444.734	1500.4	1469.165	1471.543
YDR139C	75.464	74.878	75.296	77.235	76.595	76.72
YDR140W	302.715	302.775	304.641	313.649	310.392	310.489
YDR141C	3977.705	4069.563	4127.806	4082.068	4109.09	4154.643
YDR142C	420.846	422.136	422.454	433.823	431.799	431.917
YDR143C	988.14	983.951	990.665	937.879	926.954	936.034
YDR144C	464.676	461.921	461.391	471.396	468.611	467.642
YDR145W	715.512	721.039	723.486	733.231	734.788	739.254
YDR146C	922.358	936.525	940.08	942.778	948.176	950.821
YDR147W	1517.463	1523.284	1527.689	1566.638	1547.553	1552.449
YDR148C	732.161	795.351	806.364	665.981	703.397	714.268
YDR150W	7328.167	7347.228	7440.126	7446.982	7370.895	7386.62
YDR151C	540.935	546.448	551.531	564.258	564.558	567.012
YDR152W	276.269	283.832	280.44	280.221	285.04	283.535
YDR153C	871.824	891.899	893.599	878.677	891.841	903.275
YDR155C	193.398	192.142	191.182	187.01	186.489	186.966
YDR156W	2571.152	2625.683	2778.335	1799.868	1775.151	1879.43
YDR157W	2485.13	2559.054	2580.62	2434.311	2442.754	2472.497
YDR158W	280.976	280.807	280.487	279.275	279.212	279.097
YDR159W	5248.554	5274.22	5313.91	5331.907	5288.094	5320.256
YDR160W	1504.577	1519.358	1528.269	1553.542	1544.359	1552.795
YDR161W	1455.266	1633.023	1638.948	1457.602	1574.69	1566.038
YDR162C	273.005	281.337	281.103	280.351	286.692	286.919
YDR163W	266.688	270.979	268.789	270.125	271.378	270.663
YDR164C	3838.397	3759.608	3774.864	3743.319	3612.674	3616.235
YDR165W	3797.131	3843.574	3883.167	3742.197	3724.785	3758.56
YDR166C	3280.425	3259.014	3284.613	3381.497	3309.205	3343.5
YDR167W	205.573	210.628	209.075	199.459	203.273	202.38
YDR168W	1547.068	1675.591	1700.503	1634.319	1739.689	1763.645
YDR169C	681.654	702.755	703.827	650.248	662.258	666.746
YDR169C-A	49	49	49	49	49	49
YDR170C	3024.392	3026.489	3049.421	3126.457	3097.983	3110.152
YDR170W-A	823.231	830.846	841.5	844.763	838.988	852.925
YDR171W	352.878	359.871	356.89	347.877	353.961	353.615
YDR172W	604.442	609.829	609.013	611.829	613.977	612.819
YDR173C	911.502	916.767	923.314	950.3	942.091	943.372
YDR174W	225.393	221.752	221.743	224.511	221.356	222.19
YDR175C	275.237	276.713	276.011	282.001	281.478	280.849
YDR176W	1053.182	1068.489	1073.951	1088.474	1094.492	1098.781
YDR177W	147.478	147.194	146.826	148.56	148.376	147.697
YDR178W	349.282	347.76	346.05	314.602	309.528	313.251
YDR179C	488.177	483.678	482.652	515.368	502.456	499.439
YDR179W-A	1333.498	1325.209	1338.676	1367.176	1337.124	1345.131
YDR180W	4470.315	4441.359	4461.516	4644.348	4545.177	4542.142
YDR181C	731.168	733.717	731.165	761.825	753.391	750.87
YDR182W	698.401	701.987	701.443	714.561	708.478	708.63
YDR182W-A	49	49	49	49	49	49
YDR183W	283.508	286.13	285.996	296.012	295.213	294.696
YDR184C	794.224	818.929	822.301	823.674	834.654	843.335
YDR185C	130.62	131.772	131.243	130.051	130.99	130.522
YDR186C	1490.988	1511.499	1507.212	1496.997	1499.08	1498.958
YDR188W	1181.742	1194.958	1196.59	1043.869	1042.852	1051.323
YDR189W	975.121	998.603	1004.574	1006.709	1018.568	1023.832
YDR190C	466.828	475.766	472.987	476.434	480.956	478.463
YDR191W	430.112	435.79	435.477	438.131	440.683	439.505
YDR192C	404.917	403.41	403.953	407.478	404.948	405.804
YDR194C	2217.176	2305.057	2292.004	2264.49	2296.421	2289.91
YDR194W-A	49.4505119115971	49	49	50.364	49.4505119115971	49.4505119115971
YDR195W	932.849	938.97	944.391	972.081	966.9	968.475
YDR196C	283.496	287.673	287.193	292.461	293.508	292.876
YDR197W	1083.723	1119.585	1131.55	1117.093	1131.051	1146.701
YDR198C	1411.018	1422.653	1437.989	1451.441	1437.137	1444.172
YDR200C	1875.642	1862.681	1867.741	1925.566	1876.12	1879.273
YDR201W	181.853	184.06	185.613	186.441	187.558	187.777
YDR202C	386.177	384.1	387.487	399.745	395.449	396.357
YDR204W	445.67	446.044	445.749	442.581	441.572	443.698
YDR205W	1087.991	1077.64	1085.205	1123.271	1101.524	1101.68
YDR206W	1992.641	2008.168	2019.247	2040.151	2028.49	2037.232
YDR207C	22505.474	22223.504	23221.737	17890.587	16937.95	17884.795
YDR208W	1209.088	1214.833	1213.399	1239.523	1228.215	1228.002
YDR209C	224.753	215.98	215.156	232.926	220.906	220.95
YDR210C-C	480.971	480.971	480.971	480.971	480.971	480.971
YDR210C-D	2372.36	2381.532	2388.407	2441.474	2428.508	2439.572
YDR210W	76.546	75.39	75.645	77.218	75.66	75.914
YDR210W-A	1268	1268	1268	1268	1268	1268
YDR210W-B	4392.336	4307.637	4307.503	4519.791	4347.415	4351.564
YDR211W	1018.573	1029.872	1031.427	1060.397	1060.227	1060.624
YDR212W	468.318	469.754	469.251	478.476	477.175	475.211
YDR213W	880.942	889.767	886.723	889.503	894.591	894.957
YDR214W	391.562	395.479	390.604	383.081	384.668	383.495
YDR215C	4535.777	4178.887	4693.345	3105.701	2725.738	2978.687
YDR216W	2977.448	3010.164	3025.913	3074.941	3064.311	3076.655
YDR217C	2585.145	2558.537	2565.668	2655.016	2593.073	2595.675
YDR218C	1411.519	1412.863	1430.777	1443.764	1420.509	1432.157
YDR219C	1279.008	1302.354	1318.83	1335.278	1331.403	1343.641
YDR221W	1746.402	1733.644	1732.353	1786.8	1744.192	1757.189
YDR222W	1043.579	1044.603	1047.922	1072.95	1063.681	1067.283
YDR223W	1370.457	1392.311	1388.108	1384.678	1375.466	1376.539
YDR224C	102.59	103.26	103.526	103.976	104.441	104.827
YDR225W	81.307	82.125	81.684	81.257	82.092	82.012
YDR226W	178.374	179.945	179.294	176.634	177.961	178.128
YDR227W	2959.23	2995.952	3014.141	3078.395	3070.807	3087.628
YDR228C	979.739	987.382	995.482	1020.355	1017.682	1022.462
YDR229W	641.091	646.828	644.623	646.709	647.07	646.907
YDR231C	332.268	329.797	329.612	318.697	315.203	316.709
YDR232W	1794.429	1795.91	1818.532	1504.093	1480.446	1509.309
YDR233C	347.659	342.41	345.727	354.599	347.579	349.679
YDR234W	1321.744	1350.018	1356.247	1182.113	1194.807	1206.096
YDR235W	2330.693	2375.425	2392.856	2369.433	2391.232	2394.798
YDR236C	1365.774	1377.982	1389.239	1348.714	1330.937	1331.052
YDR237W	340.705	346.048	347.165	349.528	352.032	353.758
YDR238C	1164.46	1178.092	1181.519	1198.464	1199.663	1201.496
YDR239C	1009.655	1016.745	1020.536	1036.527	1034.807	1037.167
YDR240C	1085.793	1107.201	1117.031	1107.239	1113.393	1123.87
YDR242W	975.414	1000.43	1000.814	1012.622	1025.172	1025.543
YDR243C	763.671	770.904	773.561	792.121	790.284	790.846
YDR244W	821.661	827.144	832.253	845.027	838.457	845.058
YDR245W	530.848	539.803	538.995	548.866	545.939	546.675
YDR246W	349.692	352.73	354.22	334.448	334.523	338.678
YDR246W-A	57.68	59.107	59.458	55.84	56.903	57.334
YDR247W	474.05	471	472.532	488.482	482.267	483.392
YDR248C	261.977	267.795	269.945	270.071	273.416	274.163
YDR249C	644.227	654.967	659.003	672.127	675.787	681.552
YDR251W	1499.477	1506.053	1511.684	1557.4	1545.868	1552.4
YDR252W	561.779	585.718	580.226	569.265	579.893	582.072
YDR253C	572.089	599.322	584.431	587.671	598.431	589.877
YDR254W	3540.354	3606.669	3610.363	3532.628	3534.62	3540.485
YDR255C	1032.958	1026.676	1026.33	1076.036	1043.451	1048.227
YDR256C	547.186	544.582	547.763	538.426	536.207	538.842
YDR257C	697.557	701.769	705.118	727.01	723.658	724.655
YDR258C	1070.967	1083.957	1087.599	1106.804	1108.989	1110.908
YDR259C	1189.332	1207.967	1215.948	1233.43	1229.56	1240.788
YDR260C	300.25	312.063	321.326	268.416	279.083	285.699
YDR261C	617.563	622.733	625.503	629.824	631.211	631.139
YDR261C-C	1142.7435	1142.7435	1142.7435	1142.7435	1142.7435	1142.7435
YDR261C-D	2252.748	2252.01	2252.84	2321.263	2293.105	2300.259
YDR261W-A	1268	1268	1268	1268	1268	1268
YDR261W-B	4370.024	4282.949	4281.494	4501.231	4327.882	4329.616
YDR262W	285.368	285.413	286.307	291.534	289.75	289.884
YDR263C	948.326	958.175	965.628	989.787	988.966	993.383
YDR264C	1426.543	1454.119	1478.582	1448.531	1457.7	1476.427
YDR265W	669.761	674.774	683.944	695.124	690.04	699.712
YDR266C	2405.598	2416.763	2419.696	2364.804	2338.787	2335.591
YDR267C	331.577	330.614	329.099	333.659	331.437	329.433
YDR268W	526.841	526.381	530.102	544.707	538.742	539.164
YDR270W	1395	1380.421	1385.985	1443.234	1411.988	1410.073
YDR272W	269.297	273.972	272.568	275.699	278.334	276.881
YDR273W	604.738	618.69	619.101	611.801	619.091	619.995
YDR274C	397.19	399.878	411.45	330.375	328.15	339.349
YDR275W	244.533	245.894	243.958	252.09	250.626	248.868
YDR276C	49	49	49	49	49	49
YDR277C	383.037	382.789	383.867	389.694	388.199	387.861
YDR279W	797.899	805.586	815.635	838.044	835.139	841.837
YDR280W	286.972	290.534	289.677	292.504	294.708	292.919
YDR281C	65.831	66.184	65.319	65.777	65.896	65.18
YDR282C	501.218	505.075	506.485	519.162	518.585	517.385
YDR283C	3524.764	3547.16	3551.178	3657.202	3629.383	3633.387
YDR284C	263.44	260.894	262.151	266.08	262.547	261.772
YDR285W	2414.55	2436.008	2462.026	2526.896	2509.684	2518.082
YDR286C	119.066	120.473	119.994	123.464	123.16	122.563
YDR287W	475.681	482.82	482.505	483.245	483.931	485.336
YDR288W	493.455	498.604	503.81	514.684	513.795	516.505
YDR289C	854.686	885.101	880.167	872.352	887.255	889.459
YDR291W	1468.477	1489.81	1491.87	1521.857	1527.223	1528.13
YDR292C	1040.631	1045.271	1051.894	1083.664	1077.476	1080.721
YDR293C	1862.852	1863.073	1869.59	1892.421	1879.103	1882.269
YDR294C	836.789	828.639	824.014	841.564	823.858	819.737
YDR295C	1067.583	1069.294	1074.606	1108.055	1097.182	1100.578
YDR296W	199.5	203.316	200.927	195.709	198.804	198.521
YDR297W	429.25	427.117	426.124	414.868	410.303	410.968
YDR298C	255.669	253.387	254.77	251.328	248.104	249.9
YDR299W	1126.325	1146.382	1159.911	1161.446	1166.215	1171.266
YDR300C	457.319	459.068	458.928	469.656	468.228	467.123
YDR301W	2615.59	2659.337	2657.679	2707.376	2706.494	2705.035
YDR302W	355.898	360.596	359.93	370.989	369.473	367.248
YDR303C	7761.855	7784.757	7680.009	7693.849	7552.21	7531.634
YDR304C	195.217	193.547	194.027	196.131	194.203	194.088
YDR305C	554.092	557.688	556.737	560.845	557.449	557.012
YDR306C	1123.861	1123.083	1116.134	1161.764	1142.778	1138.594
YDR307W	3714.628	3505.765	3602.58	3711.515	3471.038	3510.699
YDR308C	135.834	139.019	139.492	140.459	142.747	142.706
YDR309C	318.318	316.116	317.839	321.77	319.195	320.967
YDR310C	1753.928	1735.532	1737.23	1690.18	1663.402	1670.721
YDR311W	1522.247	1533.462	1545.219	1547.978	1534.036	1541.519
YDR312W	822.767	849.715	855.367	851.467	866.823	870.032
YDR313C	330.602	332.753	332.259	337.174	336.221	335.971
YDR314C	1507.847	1511.896	1521.241	1575.424	1557.751	1563.571
YDR315C	2678.446	2612.235	2636.433	2701.124	2599.986	2625.358
YDR316W	1152.069	1171.181	1164.702	1205.203	1199.36	1199.737
YDR316W-A	484.179081420796	484.179081420796	484.179081420796	487.159	481.134	484.263
YDR316W-B	2598.79833333333	2598.79833333333	2598.79833333333	2598.79833333333	2598.79833333333	2598.79833333333
YDR317W	7321.215	7254.994	7359.266	7278.184	7156.022	7151.082
YDR318W	814.894	819.649	822.906	845.775	837.07	838.041
YDR319C	615.319	612.489	619.598	635.892	626.854	632.916
YDR320C	1070.222	1062.871	1061.377	1094.621	1079.88	1074.837
YDR320C-A	49	49	49	49	49	49
YDR321W	366.274	366.689	367.079	375.428	373.18	372.903
YDR322C-A	150.27	148.671	148.793	155.236	151.862	151.167
YDR322W	668.989	672.086	668.288	681.929	676.218	672.268
YDR323C	734.785	731.48	734.89	765.624	754.897	754.331
YDR324C	1289.515	1294.893	1304.983	1342.711	1334.354	1337.219
YDR325W	2629	2628.253	2662.331	2693.37	2648.041	2681.126
YDR326C	3504.602	3459.463	3474.872	3594.167	3497.736	3507.556
YDR328C	242.618	246.715	244.881	236.614	240.708	241.546
YDR329C	630.663	639.093	639.645	619.488	621.854	624.238
YDR330W	498.169	505.301	505.743	503.829	508.454	509.084
YDR331W	444.956	445.729	449.266	459.652	456.822	457.549
YDR332W	1584.625	1604.97	1620.122	1632.044	1631.469	1644.922
YDR333C	976.725	977.811	985.64	1011.229	1004.463	1008.919
YDR334W	2247.948	2241.468	2263.682	2321.759	2296.184	2298.891
YDR335W	2531.937	2573.153	2596.403	2663.293	2660.159	2679.762
YDR336W	473.929	485.055	490.636	497.033	502.089	504.223
YDR337W	548.688	547.877	545.22	565.914	556.124	553.22
YDR338C	722.388	715.042	715.629	740.639	728.024	726.822
YDR339C	294.856	293.736	290.963	303.607	299.793	299.437
YDR341C	699.174	709.464	713.886	722.658	727.903	725.055
YDR342C	453.16	449.116	447.933	456.309	450.4	448.726
YDR343C	443.535	439.487	438.297	447.575	441.681	439.97
YDR344C	194.428	197.43	198.544	193.783	194.905	195.951
YDR345C	386.934	382.404	381.981	390.955	385.008	383.287
YDR346C	418.539	422.102	421.865	429.114	430.402	429.24
YDR347W	639.189	659.93	668.956	582.62	592.675	604.565
YDR348C	476.569	478.84	477.355	479.376	479.994	479.479
YDR349C	534.575	533.795	534.702	539.954	538.428	538.967
YDR350C	1563.531	1602.809	1614.101	1609.539	1625.942	1642.813
YDR351W	1784.313	1755.636	1776.212	1840.293	1791.851	1803.109
YDR352W	726.23	703.441	704.695	738.025	705.599	701.866
YDR353W	395.554	400.484	397.689	386.244	389.843	389.253
YDR354W	293.651	294.857	295.921	295.811	296.962	297.607
YDR356W	5906.826	5998.654	6001.467	5983.49	5938.461	5975.764
YDR357C	206.728	204.659	204.434	218.225	213.654	213.293
YDR358W	685.428	681.238	684.834	708.301	698.927	700.399
YDR359C	1267.006	1279.536	1277.067	1301.658	1303.636	1304.011
YDR361C	452.987	445.787	449.363	474.183	460.079	461.861
YDR362C	933.649	942.017	937.329	939.833	938.321	935.022
YDR363W	714.824	708.21	708.673	744.063	729.313	726.719
YDR363W-A	3708.474	3757.486	3738.005	3640.294	3596.512	3670.681
YDR364C	734.494	726.253	734.876	756.445	743.226	748.587
YDR365C	793.053	804.845	806.758	823.684	828.565	827.515
YDR365W-A	483.271327199308	483.271327199308	483.271327199308	486.171	480.273	483.388
YDR365W-B	2489.525	2489.739	2490.07	2566.518	2535.26	2541.941
YDR366C	6772.419	6409.896	6397.311	6472.961	6001.757	6074.932
YDR367W	201.029	202.941	203.745	207.768	208.235	208.091
YDR368W	704.909	649.308	647.411	716.039	652.156	651.018
YDR369C	3497.475	3576.293	3632.278	3513.169	3516.757	3523.123
YDR370C	530.19	530.07	534.129	549.243	543.918	545.142
YDR371W	8961.93	9062.133	9105.407	8732.065	8699.806	8765.636
YDR372C	472.572	476.872	479.306	489.664	489.882	487.96
YDR373W	251.228	251.804	254.821	259.164	257.439	258.739
YDR374C	1534.984	1515.88	1518.923	1569.734	1519.128	1524.821
YDR374W-A	119.35	121.848	123.708	123.879	125.243	125.256
YDR375C	525.57	526.667	529.423	538.281	536.376	536.882
YDR376W	521.773	521.516	522.373	536.766	533.508	532.089
YDR377W	69.05	68.81	69.408	70.738	70.53	71.005
YDR378C	75.812	73.873	72.724	77.757	74.883	74.438
YDR379C-A	179.523	167.72	167.075	184.963	169.917	170.641
YDR379W	1406.873	1424.119	1432.876	1454.571	1457.429	1463.741
YDR380W	1012.982	1002.391	1006.757	1036.214	1014.719	1013.363
YDR381C-A	101.377	101.385	101.327	104.591	103.682	103.372
YDR381W	200.391	204.256	202.965	199.661	203.224	202.853
YDR382W	1573.042	1471.374	1588.828	1090.223	1003.076	1081.542
YDR383C	370.494	369.374	371.857	385.664	378.164	379.856
YDR384C	414.76	422.995	418.581	366.744	369.696	368.861
YDR385W	690.261	687.313	687.551	675.768	672.66	673.803
YDR386W	903.537	912.879	914.906	939.766	939.682	941.553
YDR387C	783.145	785.89	789.163	778.543	774.145	777.578
YDR388W	5481.705	5532.84	5791.662	4234.755	4149.894	4339.119
YDR389W	713.187	723.563	728.875	735.785	741.029	743.512
YDR390C	1346.559	1342.711	1348.886	1383.692	1358.536	1359.717
YDR391C	236.174	236.09	236.56	243.151	240.99	241.883
YDR392W	416.482	422.668	421.728	411.404	413.738	414.914
YDR393W	671.457	680.869	684.407	698.79	702.094	703.799
YDR394W	654.435	634.502	634.548	657.361	630.37	635.425
YDR395W	1742.451	1743.415	1752.357	1794.079	1772.129	1777.077
YDR397C	184.117	186.597	184.153	186.831	186.888	185.965
YDR398W	807.314	811.497	810.946	796.665	794.788	793.831
YDR399W	172.605	173.416	173.603	174.026	174.277	174.261
YDR400W	383.158	384.095	385.475	395.558	394.006	393.879
YDR402C	930.715	949.306	956.782	965.52	974.451	979.361
YDR403W	1275.098	1269.558	1276.725	1314.993	1287.294	1289.179
YDR404C	172.488	173.486	172.448	175.907	175.625	174.618
YDR405W	1296.092	1339.683	1388.179	1014.163	1025.88	1063.714
YDR406W	2445.869	2459.106	2475.584	2430.799	2421.785	2433.962
YDR407C	4914.961	4651.588	4579.04	4932.6	4597.91	4572.864
YDR408C	302.715	308.908	307.295	289.949	293.944	294.104
YDR409W	64468.51	67524.872	65651.663	66458.129	68982.669	67323.218
YDR410C	368.899	364.357	367.124	383.034	374.797	376.632
YDR411C	313.533	310.779	309.728	311.971	309.394	308.879
YDR412W	273.219	284.043	283.994	286.267	294.315	294.561
YDR414C	422.398	424.455	429.548	438.258	437.659	439.908
YDR415C	519.045	513.944	513.606	517.881	507.793	508.66
YDR416W	1275.689	1280.093	1285.947	1315.421	1309.214	1310.564
YDR418W	285.995	286.858	286.459	255.075	255.401	256.743
YDR419W	1537.878	1599.104	1609.73	1564.784	1605.939	1636.415
YDR420W	2177.357	2170.286	2187.064	2174.442	2158.417	2175.627
YDR421W	2150.674	2187.216	2188.909	2200.721	2207.321	2200.792
YDR422C	819.061	822.651	823.646	836.695	837.404	836.816
YDR423C	564.55	576.304	580.899	574.561	581.639	584.542
YDR424C	56.179	57.59	57.298	56.165	57.413	57.107
YDR425W	4512.128	4440.723	4525.449	4544.769	4357.85	4454.906
YDR427W	1896.931	1923.319	1928.494	1937.643	1926.931	1944.202
YDR428C	318.787	321.806	322.302	330.231	329.802	329.487
YDR429C	702.734	729.384	733.427	606.965	617.024	622.352
YDR430C	1923.216	1962.844	1958.774	1963.684	1967.422	1961.02
YDR432W	1827.067	1816.316	1856.375	1441.329	1416.042	1457.496
YDR434W	663.509	661.765	662.878	688.569	679.516	678.751
YDR435C	302.297	300.022	301.208	309.561	305.684	305.899
YDR436W	1858.558	1903.12	1925.602	1774.007	1773.619	1786.592
YDR437W	109.625	111.08	109.939	110.931	111.97	111.842
YDR438W	479.901	466.162	468.308	489.614	471.698	471.924
YDR439W	660.648	649.596	651.411	684.237	667.064	667.371
YDR440W	2481.925	2439.252	2426.114	2492.114	2394.968	2406.203
YDR441C	261.701	259.405	261.947	244.629	241.171	243.578
YDR443C	5015.117	5040.93	5025.127	5074.748	5007.944	5036.786
YDR444W	1093.965	1110.471	1119.318	1131.483	1137.627	1139.265
YDR446W	661.75	692.183	700.32	677.71	699.219	705.747
YDR447C	98.726	98.977	99.575	99.912	100.241	100.251
YDR448W	694.978	695.96	699.331	671.426	668.117	671.214
YDR449C	1471.208	1494.86	1490.272	1526.38	1520.479	1524.76
YDR450W	103.468	104.489	104.981	104.231	105.2	105.356
YDR451C	364.977	363.311	366.249	358.245	356.358	360.404
YDR452W	1280.22	1275.834	1284.41	1326.389	1306.124	1305.895
YDR453C	200.212	198.088	198.403	199.801	197.139	196.491
YDR454C	166.889	166.752	167.162	170.659	169.138	169.458
YDR456W	881.324	867.681	867.58	902.555	880.277	875.031
YDR457W	7691.524	7816.176	7910.109	7919.59	7930.75	7955.699
YDR458C	1525.668	1531.152	1533.963	1590.925	1572.175	1573.904
YDR459C	453.514	455.66	457.342	467.082	465.219	464.978
YDR460W	345.473	352.949	352.466	353.686	358.768	357.373
YDR461C-A	213.177	219.199	213.053	192.685	195.969	195.391
YDR461W	49	49	49	49	49	49
YDR462W	207.157	209.957	209.487	201.874	204.303	204.733
YDR463W	582.9	583.48	584.891	594.398	591.329	591.943
YDR464W	2405.233	2443.085	2447.416	2427.607	2433.895	2446.193
YDR465C	405.598	411.896	410.203	412.635	415.807	413.77
YDR466W	1292.553	1298.978	1303.377	1328.441	1324.96	1325.546
YDR468C	271.879	274.159	274.445	282.206	282.099	280.416
YDR469W	210.177	211.428	212.637	218.968	217.861	218.468
YDR470C	773.631	774.106	776.314	803.98	795.267	797.743
YDR471W	86.54	87.562	87.053	86.297	87.182	86.873
YDR472W	278.269	276.709	278.017	281.193	277.92	278.929
YDR473C	881.995	905.795	902.269	917.637	928.584	926.965
YDR475C	1548.23	1574.211	1581.642	1538.794	1546.696	1555.461
YDR476C	537.67	532.914	535.226	496.2	489.107	495.936
YDR477W	2656.234	2685.968	2668.044	2622.321	2601.907	2594.954
YDR478W	338.101	348.093	349.484	346.252	352.622	355.289
YDR479C	3077.266	3075.865	3118.152	3027.721	2956.11	2944.644
YDR480W	287.297	289.136	289.493	293.134	294.345	294.519
YDR481C	788.366	786.583	789.16	746.235	743.155	746.337
YDR482C	322.415	328.142	325.453	304.215	307.832	307.531
YDR483W	408.217	409.486	410.067	416.03	415.396	415.494
YDR484W	2730.792	2780.859	2786.306	2844.649	2831.932	2848.753
YDR485C	1244.838	1263.675	1265.847	1295.209	1298.641	1301.553
YDR486C	444.157	459.418	464.351	456.045	467.237	471.537
YDR487C	234.005	232.32	230.707	224.638	220.987	220.998
YDR488C	2883.116	2913.516	2981.642	2292.367	2277.797	2335.861
YDR489W	314.084	316.055	316.511	324.284	323.203	323.666
YDR490C	1235.694	1251.976	1256.612	1218.756	1216.983	1223.358
YDR492W	272.646	271.231	273.893	275.716	274.133	275.128
YDR493W	83.413	85.721	84.89	83.157	85.036	84.802
YDR494W	413.745	418.108	420.518	428.468	429.644	431.839
YDR495C	6221.7	6419.815	6565.412	6315.83	6416.697	6552.059
YDR496C	924.935	937.643	944.224	962.453	963.768	967.342
YDR497C	474.322	476.309	475.949	473.029	474.237	472.755
YDR498C	480.663	483.745	484.384	470.211	468.383	469.571
YDR499W	10684.841	11062.053	11310.857	10612.357	10814.353	10917.874
YDR500C	53.33	53.035	52.922	52.333	52.328	52.479
YDR501W	497.837	496.098	501.09	513.543	509.978	512.324
YDR502C	785.689	841.453	877.493	665.061	696.332	711.373
YDR503C	212.334	213.947	213.346	217.292	217.663	217.187
YDR504C	8396.359	8127.371	8333.186	7942.538	7559.623	7510.173
YDR505C	4634.675	4593.426	4608.791	4668.952	4575.324	4555.35
YDR506C	650.92	656.693	654.142	659.823	659.846	657.774
YDR507C	1808.966	1811.031	1818.031	1873.809	1855.704	1860.09
YDR508C	1231.848	1238.777	1240.211	1242.5	1232.388	1238.987
YDR510W	58.909	59.14	58.999	58.591	59.079	59.118
YDR511W	98.599	100.269	100.004	98.097	99.439	99.864
YDR512C	227.79	233.23	227.961	220.772	223.991	221.296
YDR513W	168.608	165.039	167.465	173.397	169.024	170.324
YDR514C	552.944	567.069	564.459	566.544	574.476	572.96
YDR515W	1364.471	1397.214	1400.692	1419.83	1429.134	1442.084
YDR516C	508.197	511.532	510.34	497.781	498.837	499.412
YDR517W	669.547	685.338	679.147	619.504	630.412	634.061
YDR518W	660.189	652.813	656.568	679.61	667.083	669.313
YDR519W	121.811	122.081	122.221	122.807	123.341	123.636
YDR520C	1683.893	1734.188	1749.757	1761.732	1787.392	1792.41
YDR522C	1542.354	1515.482	1515.778	1576.306	1525.971	1520.629
YDR523C	707.45	702.433	704.213	737.798	723.482	722.429
YDR524C	1456.474	1421.052	1428.506	1477.763	1419.408	1423.037
YDR524C-B	466.569	443.373	460.841	367.314	347.692	361.776
YDR524W-C	41	41	41	41	41	41
YDR525W	1769.044	1742.867	1874.923	1230.896	1176.46	1242.757
YDR525W-A	94.561	95.196	93.775	94.538	94.36	93.523
YDR527W	656.325	661.15	662.225	670.768	668.784	671.735
YDR528W	569.028	558.346	561.313	588.598	573.058	575.464
YDR529C	66.066	65.653	65.55	65.642	65.346	65.334
YDR530C	275.307	278.029	277.499	270.648	273.537	273.884
YDR531W	1088.437	1084.053	1104.83	1161.177	1138.495	1147.721
YDR532C	1235.48	1220.987	1224.262	1300.133	1262.533	1266.384
YDR533C	265.111	271.454	272.346	271.552	276.841	276.69
YDR534C	1939.197	1971.329	2023.67	1537.74	1528.541	1617.281
YDR536W	869.861	848.468	843.805	884.399	853.967	854.724
YDR538W	210.709	212.116	211.083	210.704	211.509	210.725
YDR539W	475.326	479.757	479.87	486.119	488.556	487.966
YDR540C	723.437	752.476	743.184	749.162	762.664	761.278
YDR541C	352.497	354.052	355.942	363.072	361.578	362.042
YDR542W	333.081	347.708	357.58	287.221	295.945	307.694
YDR545W	3786.361	3761.218	3862.056	3249.214	3219.794	3277.717
YEL001C	230.27	236.626	236.56	234.863	238.818	238.368
YEL002C	731.859	737.066	742.36	754.118	752.482	754.199
YEL003W	486.2	500.528	509.759	507.851	511.236	520.467
YEL004W	1017.642	1019.25	1027.358	1052.814	1035.365	1037.397
YEL005C	369.363	368.897	373.279	384.269	380.879	383.333
YEL006W	481.714	482.118	483.798	490.445	483.75	485.939
YEL007W	54410.144	56269.983	53816.531	56137.662	57318.197	55447.545
YEL008W	148.601	150.239	147.88	141.986	142.816	142.012
YEL009C	255.737	252.974	255.53	259.222	256.502	257.745
YEL009C-A	216.261	210.684	214.34	224.078	216.739	218.248
YEL011W	667.856	670.888	669.781	678.472	676.748	674.964
YEL012W	206.734	211.008	209.357	213.192	215.146	213.703
YEL013W	719.125	713.526	716.622	743.82	728.27	730.327
YEL014C	2685.548	2626.097	2609.818	2604.077	2490.564	2496.983
YEL015W	608.988	611.53	615.832	626.261	625.647	626.348
YEL016C	605.031	612.499	614.5	615.351	618.331	617.336
YEL017C-A	49	49	49	49	49	49
YEL017W	789.488	753.68	774.47	727.148	690.559	703.985
YEL018W	298.121	306.496	305.924	305.423	311.429	311.927
YEL019C	630.76	605.46	613.321	639.409	608.636	614.285
YEL020C	936.927	935.338	937.585	911.244	898.91	905.092
YEL020W-A	69.604	71.13	71.792	70.102	71.37	71.336
YEL021W	276.464	285.205	283.118	270.233	275.905	275.819
YEL022W	3641.321	3639.008	3657.568	3768.014	3710.02	3726.866
YEL023C	3480.675	3763.733	3718.811	3472.649	3660.378	3632.645
YEL024W	152.39	154.521	154.831	153.236	155.434	155.863
YEL025C	1594.066	1602.682	1611.646	1661.789	1651.965	1653.772
YEL026W	77.592	77.299	77.194	77.699	77.372	77.589
YEL027W	115.902	114.497	114.033	115.618	114.127	113.994
YEL028W	104.73	104.082	104.685	106.173	105.566	105.446
YEL029C	461.449	457.88	458.4	473.08	465.92	465.256
YEL030W	793.523	803.217	803.283	803.992	805.506	806.937
YEL031W	1375.36	1387.126	1392.416	1407.934	1408.701	1412.842
YEL032W	1464.33	1456.192	1451.477	1429.872	1410.392	1411.896
YEL033W	15167.047	14876.683	15215.187	14049.503	13568.232	13640.041
YEL034W	120.103	121.886	121.558	118.212	119.889	120.522
YEL035C	984.466	949.857	993.03	781.28	747.081	779.213
YEL036C	1064.026	1044.743	1054.913	943.452	924.377	931.615
YEL037C	2209.789	2202.018	2279.751	1708.35	1664.366	1737.386
YEL038W	380.563	384.171	384.945	356.469	356.432	356.135
YEL039C	72.414	73.751	73.658	73.371	74.553	74.136
YEL040W	427.918	426.991	424.747	430.359	428.175	427.084
YEL041W	999.047	992.791	996.649	1029.077	1006.583	1008.081
YEL042W	485.31	482.328	483.152	495.012	490.198	490.124
YEL043W	1669.096	1655.889	1669.234	1665.41	1635.807	1647.44
YEL044W	295.423	298.818	297.317	286.968	286.887	287.919
YEL046C	490.962	496.155	493.596	471.16	474.51	475.02
YEL047C	986.609	974.762	981.098	984.158	965.146	969.648
YEL048C	256.963	262.625	264.746	267.716	269.472	271.298
YEL049W	182.025	180.89	182.666	164.648	162.47	164.112
YEL050C	324.175	326.08	323.584	327.198	328.582	326.771
YEL051W	229.207	233.064	233.276	234.607	237.361	237.341
YEL052W	698.148	711.314	716.929	705.572	714.905	718.806
YEL053C	1721.847	1748.51	1758.517	1779.067	1783.008	1792.343
YEL054C	174.66	176.936	176.36	170.406	172.322	173.444
YEL055C	1748.888	1764.843	1782.848	1826.293	1819.237	1823.797
YEL056W	680.921	681.938	682.321	692.117	686.319	685.862
YEL057C	634.437	630.671	630.832	662.046	645.199	645.865
YEL058W	835.302	843.95	842.443	798.259	802.733	805.771
YEL059C-A	231.378	225.641	232.396	188.155	181.405	186.349
YEL059W	76.935	72.433	72.843	76.4	72.212	72.377
YEL060C	1363.825	1367.648	1368.624	1237.927	1230.042	1239.26
YEL061C	5177.779	5268.114	5302.196	5245.125	5221.391	5277.69
YEL062W	3699.355	3597.788	3645.185	3725.394	3569.813	3613.695
YEL063C	557.868	551.623	552.528	558.436	549.284	548.009
YEL064C	522.572	518.08	520.747	542.394	534.383	532.784
YEL065W	839.176	832.425	835.507	847.147	831.718	832.793
YEL066W	200.375	201.833	199.106	189.773	189.648	189.814
YEL067C	125.752	123.724	124.008	125.031	123.502	123.008
YEL068C	97.293	96.239	95.742	98.331	97.066	96.009
YEL069C	447.689	446.13	445.499	450.392	449.234	448.051
YEL070W	389.472	390.773	388.802	385.291	386.696	386.127
YEL071W	529.484	531.928	530.568	538.865	537.119	536.306
YEL072W	316.168	318.774	319.599	330.277	329.601	330.642
YEL073C	75.698	75.993	75.802	76.866	76.925	76.875
YEL075C	320	320	320	320	320	320
YEL076C	1166.712	1119.696	1175.78	879.668	849.629	878.49
YEL076C-A	602	602	602	602	602	602
YEL077C	1755.435	1772.791	1767.469	1654.516	1663.515	1664.612
YER001W	1567.431	1556.086	1577.279	1607.868	1585.936	1595.358
YER002W	653.242	703.361	715.635	671.125	703.876	706.934
YER003C	341.582	343.395	346.218	346.693	348.416	350.372
YER004W	598.931	622.498	623.419	527.637	537.646	542.783
YER005W	567.955	568.958	570.668	577.122	575.858	574.217
YER006W	553.892	555.199	557.942	555.233	553.799	555.873
YER007C-A	271.656	271.812	270.572	268.81	265.697	267.891
YER007W	961.892	968.996	973.289	1011.898	1004.875	1005.769
YER008C	2113.793	2127.17	2139.237	2195.163	2184.302	2189.663
YER009W	91.296	90.972	91.892	93.372	93.057	93.441
YER010C	208.015	205.456	205.464	209.083	206.464	206.381
YER011W	283.16	269.85	271.558	275.144	262.893	267.575
YER012W	182.095	183.132	183.347	186.139	185.638	184.727
YER013W	1597.906	1627.237	1632.36	1653.416	1665.989	1667.08
YER014C-A	124.694	126.273	126.826	124.422	126.29	126.618
YER014W	1535.986	1507.397	1489.773	1521.406	1470.381	1461.439
YER015W	1163.654	1165.62	1169.592	1197.708	1182.831	1185.429
YER016W	510.231	518.577	516.327	519.942	521.817	521.848
YER017C	1346.549	1350.519	1359.625	1258.679	1251.622	1263.058
YER018C	2865.753	2954.63	3059.74	2190.011	2207.237	2276.896
YER019C-A	86.77	86.105	85.663	84.993	84.018	84.191
YER019W	1591.183	1608.862	1651.276	1354.243	1353.477	1388.367
YER020W	800.509	809.004	813.601	729.092	734.182	740.156
YER021W	965.078	982.929	990.507	998.008	1003.255	1012.43
YER022W	7114.381	7309.281	7422.735	6861.661	6968.385	7106.481
YER023W	213.655	214.373	211.867	211.773	211.946	210.587
YER024W	949.213	954.137	954.001	956.173	956.517	956.232
YER025W	551.421	557.322	555.265	563.284	564.3	561.9
YER026C	314.999	318.589	318.194	320.481	320.875	320.477
YER027C	430.294	437.022	435.383	431.787	434.823	434.129
YER028C	319.506	319.931	319.363	315.632	315.423	315.722
YER029C	185.305	188.57	187.359	189.294	191.459	190.512
YER030W	120.947	125.381	125.51	123.917	127.928	127.34
YER031C	311.992	311.56	309.721	310.252	307.389	306.51
YER032W	1295.379	1298.972	1313.399	1330.324	1324.103	1332.599
YER033C	1482.925	1489.326	1498.355	1497.496	1489.493	1498.581
YER034W	552.045	551.421	547.716	543.716	536.474	537.929
YER035W	515.386	524.724	525.775	457.015	460.655	465.11
YER036C	686.266	691.735	693.064	681.18	683.75	684.73
YER037W	588.631	599.261	599.788	607.71	610.163	611.676
YER038C	9006.918	9163.949	9161.863	9000.883	9026.247	8956.177
YER038W-A	179.799	185.642	185.859	168.009	171.397	173.923
YER039C	304.182	301.376	305.592	292.329	289.212	291.8
YER039C-A	59.48	58.422	57.886	59.168	57.828	57.577
YER040W	1133.445	1141.967	1151.216	1155.662	1152.14	1159.832
YER041W	1598.583	1574.023	1573.363	1634.356	1586.521	1591.884
YER042W	195.958	197.914	197.407	203.376	202.914	202.613
YER043C	397.425	398.813	399.09	390.834	391.058	391.758
YER044C	102.699	102.544	103.961	104.353	104.416	105.071
YER044C-A	1007.292	1043.928	1050.247	1046.958	1067.644	1069.517
YER045C	1837.076	1899.557	1906.346	1874.331	1889.652	1914.776
YER046W	96.687	96.89	97.28	97.873	98.287	98.013
YER047C	1104.467	1105.042	1108.619	1118.395	1110.399	1115.05
YER048C	462.324	467.44	467.989	479.06	481.195	479.254
YER048W-A	142.561	143.233	144.106	149.226	149.038	149.679
YER049W	680.394	685.711	690.167	698.708	700.969	700.926
YER050C	114.698	114.696	115.212	117.45	117.605	117.43
YER051W	677.325	682.532	680.145	700.99	698.286	696.218
YER052C	518.028	523.009	524.797	529.924	531.291	532.03
YER053C	592.94	598.838	611.139	614.19	614.307	620.478
YER053C-A	49	49	49	49	49	49
YER054C	1366.49	1404.897	1407.929	1384.86	1398.311	1408.848
YER055C	277.157	279.312	278.627	278.251	278.642	277.929
YER056C	591.712	592.992	591.898	596.602	592.662	590.398
YER056C-A	94.209	95.73	95.522	95.173	96.709	96.763
YER057C	107.003	107.68	108.04	106.234	106.336	106.855
YER058W	93.58	94.451	93.455	93.707	94.164	93.628
YER059W	406.864	410.231	412.531	419.98	421.464	423.059
YER060W	497.711	494.461	494.173	504.745	500.189	498.352
YER060W-A	572.839	576.203	575.645	581.325	580.87	579.685
YER061C	369.504	373.113	373.265	375.474	377.648	378.461
YER062C	246.179	245.865	244.796	240.125	239.932	239.273
YER063W	281.804	286.487	286.974	284.034	286.821	287.327
YER064C	735.43	724.358	726.664	747.527	731.559	734.94
YER065C	487.257	495.995	495.257	477.951	485.687	486.46
YER066W	140.612	140.521	139.771	143.126	142.389	141.253
YER067W	137.441	138.93	138.827	141.326	141.463	141.314
YER068W	902.947	906.805	905.833	915.644	911.177	914.98
YER069W	1070.777	1077.076	1081.152	1091.083	1087.117	1088.512
YER070W	996.509	990.959	995.831	1004.778	992.922	998.437
YER071C	849.071	873.441	875.336	872.143	875.652	884.298
YER072W	123.127	119.475	120.325	125.287	121.554	122.11
YER073W	547.273	553.358	553.683	536.558	540.043	540.615
YER074W	90.08	90.587	90.808	89.653	90.459	90.677
YER074W-A	100.22	102.953	102.489	102.663	103.742	103.598
YER075C	3022.458	3079.292	3043.703	3020.534	3009.151	3015.014
YER076C	477.663	488.262	485.663	447.509	451.608	453.751
YER077C	1181.815	1187.635	1195.882	1224.511	1216.145	1223.271
YER078C	616.045	623.985	622.895	632.872	635.488	634.659
YER078W-A	58.898	57.317	57.243	58.115	56.104	56.749
YER079W	261.575	264.675	267.391	268.877	270.362	271.892
YER080W	1099.344	1113.745	1118.112	1140.824	1141.052	1143.847
YER081W	483.755	483.982	484.33	496.147	492.23	493.096
YER082C	1021.218	1030.065	1034.103	1058.875	1053.489	1057.746
YER083C	519.052	520.389	520.179	487.164	483.402	486.557
YER084W	193.946	189.909	189.579	189.459	185.238	186.719
YER085C	364.239	348.512	349.646	375.474	357.436	356.115
YER086W	441.053	438.61	438.986	446.741	443.099	443.362
YER087C-B	73.129	72.031	73.067	74.427	73.281	73.967
YER087W	906.087	914.505	916.589	934.522	933.29	934.39
YER088C	1890.282	1796.668	1896.622	1485.938	1415.231	1470.382
YER089C	1846.789	1754.852	1810.876	1498.126	1417.711	1455.613
YER090W	658.969	671.417	679.773	676.366	684.137	691.252
YER091C	583.279	579.834	582.379	584.461	581.462	582.306
YER092W	85.416	87.104	86.312	86.823	88.192	87.777
YER093C	3985.039	3967.307	4003.13	4018.962	3940.342	3950.674
YER093C-A	120.784	121.88	121.022	120.022	120.342	120.133
YER094C	225.01	228.427	226.241	217.453	219.3	219.758
YER095W	871.639	885.989	898.92	722.072	726.095	738.377
YER096W	619.015	619.107	621.995	629.463	625.149	626.587
YER098W	2671.639	2732.525	2704.722	2689.084	2699.053	2696.089
YER099C	291.357	294.656	292.509	293.585	294.806	293.317
YER100W	447.485	449.764	449.382	452.516	446.321	448.111
YER101C	594.219	598.042	598.97	603.824	599.526	599.435
YER102W	128.126	129.224	129.215	126.657	127.92	128.158
YER103W	5573.412	5567.617	6006.389	3821.485	3603.032	3877.459
YER104W	826.102	834.854	846.862	830.969	829.858	841.794
YER105C	3162.53	3172.596	3186.831	3229.742	3191.556	3207.47
YER106W	787.285	798.968	802.572	828.634	828.415	831.602
YER107C	254.813	256.849	256.003	257.96	259.496	258.481
YER109C	2037.431	2027.008	2065.637	1824.235	1791.814	1835.441
YER110C	1016.297	1013.795	1019.849	1037.706	1031.655	1033.614
YER111C	3150.77	3149.934	3172.668	3275.019	3224.945	3242.974
YER112W	462.611	466.775	469.38	481.644	480.176	480.93
YER113C	1133.163	1142.26	1142.838	1161.879	1156.068	1156.427
YER114C	1310.869	1313.677	1321.27	1311.068	1302.527	1308.282
YER115C	743.645	759.881	760.292	744.231	746.324	750.25
YER116C	451.671	448.219	452.177	421.121	416.609	422.899
YER117W	85.993	86.606	85.755	85.137	85.732	85.342
YER118C	519.313	518.942	517.558	529.378	523.272	522.761
YER119C	705.486	718.019	726.518	634.384	637.444	643.806
YER120W	307.246	309.719	309.385	298.509	300.192	301.174
YER121W	160.898	161.674	162.783	167.061	165.732	166.037
YER122C	689.019	689.662	692.849	711.837	707.27	710.005
YER123W	875.331	876.801	881.108	906.235	897.637	900.504
YER124C	1387.852	1347.959	1364.707	1427.521	1374.52	1396.484
YER125W	1237.449	1230.707	1232.706	1255.284	1234.895	1235.62
YER126C	227.75	232.57	231.579	232.226	235.66	234.309
YER127W	392.204	397.764	396.843	398.265	400.742	400.953
YER128W	202.086	204.307	205.305	208.209	209.725	209.686
YER129W	2180.152	2205.379	2225.681	2252.436	2246.888	2257.579
YER130C	565.984	567.46	567.755	584.645	581.996	582.341
YER131W	72.473	73.296	72.902	71.14	72.254	72.135
YER132C	3966.745	3907.038	3924.785	4024.589	3907.121	3913.382
YER133W	447.132	447.413	445.486	467.331	461.014	458.594
YER134C	435.203	440.356	440.457	449.303	450.551	446.608
YER135C	198.28	199.293	200.227	206.397	205.409	205.337
YER136W	474.708	472.272	472.929	491.488	484.365	483.716
YER137C	1843.281	1952.2	1998.645	1844.071	1925.847	1967.985
YER138C	2547.022	2555.762	2558.026	2625.541	2604.307	2613.449
YER138W-A	49	49	49	49	49	49
YER139C	515.173	530.643	531.758	518.938	523.515	520.694
YER140W	808.542	802.89	803.472	830.142	817.762	819.464
YER141W	528.933	533.191	532.436	537.175	537.2	535.505
YER142C	523.917	539.43	541.654	550.386	558.719	559.01
YER143W	702.388	700.794	708.743	630.115	625.026	634.95
YER144C	1414.098	1409.31	1416.268	1447.149	1427.114	1437.976
YER145C	476.582	476.718	476.168	454.6	452.954	453.544
YER145C-A	172.34	167.905	169.96	172.32	167.634	168.696
YER146W	123.573	128.01	127.03	120.833	124.534	124.403
YER147C	2335.749	2398.031	2441.709	1935.812	1945.902	1992.438
YER148W	218.445	224.751	226.58	223.774	229.087	229.453
YER149C	471.409	473.697	473.927	480.977	480.873	481.235
YER150W	362.05	389.174	390.126	311.602	322.225	329.172
YER151C	1506.347	1509.26	1523.448	1537.552	1522.448	1532.95
YER152C	1599.763	1568.918	1584.475	1367.653	1333.925	1354.982
YER153C	6722.472	6698.525	7137.77	4826.28	4656.139	4868.213
YER154W	850.526	843.767	857.313	787.427	775.841	789.339
YER155C	5318.58	5312.531	5345.138	5482.062	5395.356	5420.299
YER156C	405.736	412.888	408.59	393.871	397.106	396.727
YER157W	1621.893	1634.313	1643.077	1685.568	1674.642	1682.859
YER158C	699.69	700.501	702.372	708.412	704.865	709.498
YER159C	265.716	263.154	265.161	275.619	268.78	269.947
YER159C-A	493.244853852393	493.244853852393	493.244853852393	495.906	490.569	493.274
YER160C	2759.098	2753.971	2745.403	2839.926	2799.172	2803.247
YER161C	325.537	332.001	330.099	332.038	336.711	336.61
YER162C	818.031	834.346	832.268	839.056	848.985	847.632
YER163C	183.869	186.757	183.56	182.104	184.626	183.146
YER164W	2199.918	2242.915	2259.308	2260.564	2279.122	2281.703
YER165W	5352.313	5988.906	6229.114	3684.814	3959.959	4191.584
YER166W	2374.404	2389.052	2394.955	2446.791	2435.396	2437.713
YER167W	1373.453	1369.268	1379.868	1360.709	1346.096	1356.245
YER168C	7312.54	7331.591	7407.473	7133.261	6997.609	7074.334
YER169W	976.306	976.376	983.583	997.587	992.923	997.317
YER170W	266.563	271.849	272.497	271.728	275.399	276.661
YER171W	1477.46	1460.848	1473.048	1520.951	1486.043	1495.878
YER172C	3407.874	3466.507	3475.366	3540.011	3552.451	3556.062
YER173W	1995.195	1998.726	2007.818	2056.422	2028.29	2043.924
YER174C	216.63	216.881	217.626	221.487	220.579	220.622
YER175C	376.966	380.082	380.772	378.793	378.94	379.673
YER175W-A	155.479	165.14	164.367	164.166	170.269	169.665
YER176W	1612.879	1651.043	1658.075	1653.6	1678.274	1684.051
YER177W	262.468	259.345	258.668	253.843	251.405	251.565
YER178W	377.534	374.971	371.466	372.338	369.213	368.393
YER179W	394.998	407.021	408.788	407.751	416.951	417.707
YER180C	341.858	345.062	347.181	354.888	354.247	356.275
YER180C-A	134.289	136.784	136.592	128.46	129.076	130.104
YER181C	338.31	344.185	346.36	344.45	344.545	347.656
YER182W	215.22	217.267	218.412	219.819	220.862	220.796
YER183C	166.37	165.522	165.768	168.955	167.599	167.447
YER184C	1081.668	1091.217	1101.601	1122.699	1121.443	1125.507
YER185W	518.22	505.261	507.165	533.148	513.633	511.192
YER186C	451.907	456.336	457.36	464.82	463.532	463.199
YER187W	211.168	213.76	211.682	208.667	209.2	208.29
YER188C-A	416.415	405.332	411.267	422.958	406.787	414.924
YER188W	333.01	334.437	331.271	303.557	302.221	303.935
YER189W	105.26	105.159	105.945	108.135	108	107.747
YER190C-B	434	434	434	434	434	434
YER190W	3669.597	3640.483	3746.577	3109.021	3071.892	3130.364
YFL001W	800.038	805.803	814.066	833.356	826.615	833.794
YFL002C	1027.433	1045.841	1049.632	1062.932	1068.314	1069.698
YFL002W-A	3495.535	3486.634	3494.97	3609.235	3540.915	3556.094
YFL002W-B	1268	1268	1268	1268	1268	1268
YFL003C	12213.536	12854.758	12941.314	12284.869	12597.639	12710.476
YFL004W	1705.296	1711.57	1707.583	1772.364	1753.482	1749.576
YFL005W	206.371	208.449	206.475	210.706	210.87	209.654
YFL007W	4559.203	4576.158	4548.905	4653.117	4594.005	4579.704
YFL008W	5283.907	5453.822	5486.854	5466.949	5528.038	5574.747
YFL009W	2044.392	2023.018	2074.719	2129.929	2081.117	2123.913
YFL010C	462.432	470.799	468.282	426.236	430.745	434.911
YFL010W-A	210.552	207.354	211.004	191.122	185.654	188.537
YFL011W	491.648	490.021	490.997	497.417	494.825	493.245
YFL012W	219.125	221.268	222.71	229.911	229.568	229.2
YFL013C	1573.007	1602.996	1610.964	1601.909	1605.075	1610.998
YFL014W	106.043	108.853	108.071	104.795	107.651	107.33
YFL015C	634.423	604.12	621.67	528.611	498.629	509.019
YFL016C	16339.192	16024.491	17152.787	12958.646	12304.543	12995.02
YFL017C	284.776	287.339	283.076	283.545	282.656	280.912
YFL017W-A	73.87	74.723	73.573	74.725	74.964	74.508
YFL018C	433.396	436.916	437.51	437.987	439.836	440.432
YFL019C	199.967	197.987	199.983	208.832	204.674	205.461
YFL020C	4946.405	5564.375	6147.229	3433.278	3774.891	4206.112
YFL021W	10683.406	10511.314	10839.928	9333.77	9057.814	9325.555
YFL022C	521.212	519.089	522.775	519.54	518.266	520.608
YFL023W	1279.169	1298.451	1293.447	1305.94	1311.393	1308.042
YFL024C	1599.588	1634.826	1637.005	1649.521	1662.327	1670.983
YFL025C	1555.476	1563.956	1573.932	1617.458	1605.815	1613.977
YFL026W	642.649	634.607	638.702	656.565	641.55	643.34
YFL027C	773.314	770.987	773.724	797.03	785.21	785.898
YFL028C	270.269	273.295	275.615	277.805	280.12	282.158
YFL029C	421.128	423.919	423.84	418.854	420.061	421.218
YFL030W	688.961	700.118	704.627	622.96	626.112	634.551
YFL031W	896.674	905.702	918.91	747.231	746.549	755.144
YFL033C	19130.562	19544.514	19433.74	18827.458	19075.472	19025.018
YFL034C-A	152.69	151.83	152.849	158.134	155.471	156.242
YFL034C-B	296.719	294.448	295.938	301.823	298.063	299.087
YFL034W	1202.453	1208.948	1207.635	1225.398	1224.187	1221.688
YFL036W	8876.767	8889.04	9092.093	8766.344	8609.531	8763.188
YFL037W	429.968	433.431	433.611	420.261	423.025	424.38
YFL038C	151.525	152.964	151.743	148.43	150.003	149.369
YFL039C	340.972	339.316	339.4	329.178	325.598	326.756
YFL040W	935.389	941.79	939.485	965.039	959.205	953.217
YFL041W	1302.016	1320.841	1349.999	1296.089	1293.265	1326.629
YFL041W-A	49	49	49	49	49	49
YFL042C	593.608	597.373	594.473	599.048	600.981	598.826
YFL044C	265.174	263.491	263.299	264.203	263.226	262.583
YFL045C	215.725	218.468	220.588	220.851	222.901	222.956
YFL046W	188.151	189.718	190.389	193.19	194.244	194.19
YFL047W	984.326	984.689	984.156	1016.493	1005.328	1003.591
YFL048C	763.512	772.897	774.874	797.961	795.936	794.367
YFL049W	1209.655	1246.964	1254.831	1217.421	1240.186	1246.23
YFL050C	1050.882	1052.817	1052.706	1075.18	1069.171	1067.945
YFL051C	144.071	143.871	145.11	148.446	147.284	148.452
YFL052W	562.865	566.259	566.703	557.537	556.514	557.841
YFL053W	4160.207	4413.033	4862.604	3024.636	3097.881	3248.963
YFL054C	881.866	916.008	914.077	811.937	835.066	836.375
YFL055W	658.893	650.281	649.84	650.783	639.934	640.804
YFL056C	488.069	502.087	501.122	492.494	502.716	501.131
YFL058W	332.341	332.819	333.139	316.748	316.262	317.927
YFL059W	305.225	313.398	309.052	296.733	302.456	301.311
YFL060C	231.124	232.477	233.674	237.866	238.149	237.739
YFL061W	233.757	233.907	231.71	225.412	224.131	224.188
YFL062W	566.061	566.322	569.653	586.002	578.509	577.466
YFL064C	190.506	189.649	191.229	194.586	193.439	193.552
YFL065C	87.145	88.354	88.232	88.407	89.034	88.981
YFL066C	640.75	646.4	648.18	586.532	587.941	590.394
YFL067W	172.341	172.785	169.763	168.273	167.827	166.425
YFL068W	255.305666666667	255.305666666667	255.305666666667	255.305666666667	255.305666666667	255.305666666667
YFR001W	265.579	268.134	268.846	277.251	277.773	276.885
YFR002W	3220.93	3270.042	3313.797	3330.365	3331.993	3381.895
YFR003C	268.411	273.433	271.467	264.21	266.721	266.44
YFR004W	386.495	392.998	390.502	389.477	392.926	390.92
YFR005C	678.311	675.178	680.381	704.041	692.556	696.291
YFR006W	657.307	658.871	660.94	675.471	671.479	671.333
YFR007W	482.944	479.157	481.725	499.414	491.513	490.632
YFR008W	286.619	291.178	294.262	295.89	298.544	299.734
YFR009W	704.984	708.682	709.301	721.991	721.282	720.238
YFR010W	811.461	822.192	826.093	848.569	847.925	847.141
YFR011C	228.284	228.038	229.897	236.901	234.592	234.386
YFR012W	425.882	431.644	430.124	436.843	436.491	437.607
YFR012W-A	38	38	38	38	38	38
YFR013W	1440.096	1443.57	1442.427	1475.959	1459.103	1461.585
YFR014C	499.887	506.156	507.47	501.329	503.465	503.542
YFR015C	642.481	643.841	640.231	649.016	647.264	644.873
YFR016C	1502.234	1526.235	1523.922	1537.277	1548.838	1545.313
YFR017C	3548.279	3665.967	3908.624	2420.523	2395.664	2553.46
YFR018C	5143.802	5292.911	5537.907	3761.656	3719.497	3898.377
YFR019W	30635.142	31744.985	31424.52	31513.441	32369.355	31700.303
YFR020W	234.968	234.455	234.738	238.863	237.779	237.186
YFR021W	458.241	458.062	456.694	459.849	458.542	458.729
YFR022W	946.931	946.027	950.398	916.812	910.479	917.692
YFR023W	2174.355	2184.36	2198.073	2266.369	2234.942	2249.205
YFR024C-A	780.009	785.669	784.834	710.418	711.78	712.995
YFR025C	378.099	382.086	380.797	378.744	380.632	380.832
YFR026C	156.18	155.098	154.778	159.508	157.361	156.797
YFR027W	261.517	264.02	262.277	266.703	267.33	266.128
YFR028C	843.619	847.151	847.169	825.549	821.701	826.967
YFR029W	890.047	915.494	912.825	843.204	858.858	864.421
YFR030W	1116.751	1109.046	1118.597	1148.471	1131.911	1136.785
YFR031C	4216.648	4221.843	4266.555	4373.471	4305.267	4339.005
YFR031C-A	278.217	280.396	279.975	264.332	265.566	267.689
YFR032C	4285.032	4431.852	4855.044	2911.234	2869.285	3117.638
YFR032C-A	53.814	53.588	53.325	52.086	51.75	52.087
YFR032C-B	320.918	319.112	318.071	325.025	316.484	316.813
YFR033C	220.243	225.205	221.535	205.909	208.599	208.954
YFR034C	7522.081	7670.935	8178.818	5786.56	5667.564	5903.89
YFR035C	117.306	117.181	116.867	114.956	114.036	114.156
YFR035W-A	105.842	109.433	108.293	102.248	105.184	105.395
YFR036W	191.924	191.462	191.698	183.941	183.162	184.399
YFR037C	1221.724	1262.111	1281.096	1071.937	1096.21	1115.857
YFR038W	4657.045	4750.789	4835.155	4680.148	4695.429	4742.726
YFR039C	866.906	873.582	870.56	893.146	888.306	887.443
YFR040W	3022.883	3062.715	3053.92	3104.605	3092.54	3101.976
YFR041C	488.335	490.893	495.158	511.652	508.842	511.392
YFR042W	244.619	244.472	246.112	254.611	251.87	251.322
YFR043C	294.518	299.926	301.761	304.226	307.501	309.177
YFR044C	382.898	379.592	381.228	388.563	385.492	386.029
YFR045W	799.462	811.742	820.572	821.013	820.184	830.714
YFR046C	402.259	406.914	408.272	413.709	416.789	417.462
YFR047C	288.654	291.269	287.323	285.026	285.623	284.373
YFR048W	1836.378	1882.232	1897.025	1868.54	1880.293	1890.24
YFR049W	82.043	82.897	82.769	82.855	83.067	82.976
YFR050C	241.551	241.269	240.126	243.887	242.56	241.409
YFR051C	2450.447	2446.684	2551.288	1842.98	1808.847	1880.442
YFR052W	393.519	393.617	398.437	406.939	405.038	408.983
YFR053C	331.32	330.873	329.97	332.324	331.583	330.687
YFR054C	309.385	310.104	315.713	325.601	320.932	324.551
YFR055W	315.347	314.973	313.561	313.713	311.6	311.389
YFR057W	293.554	293.848	298.631	308.697	304.526	307.536
YGL001C	486.703	488.632	494.652	502.326	499.408	501.761
YGL002W	199.355	198.682	199.07	204.002	202.768	202.306
YGL003C	525.541	525.432	525.546	532	531.235	530.646
YGL004C	509.438	516.102	514.95	525.42	525.909	524.587
YGL005C	307.382	308.543	310.182	319.921	318.756	318.239
YGL006W	5259.087	5370.445	5385.655	5339.655	5348.549	5360.3
YGL006W-A	49	49	49	49	49	49
YGL007C-A	177.779	172.075	173.383	181.523	171.988	172.576
YGL007W	180.016	186.155	188.603	173.397	177.928	179.782
YGL008C	789.069	788.691	790.271	779.258	777.231	779.256
YGL009C	869.5	869.473	869.782	880.416	875.606	875.402
YGL010W	135.342	136.333	137.335	139.86	139.975	139.793
YGL011C	299.311	303.437	303.474	301.136	301.178	302.237
YGL012W	379.428	376.086	376.826	380.648	377.054	377.123
YGL013C	2897.179	2872.396	2886.514	2937.793	2879.535	2894.487
YGL014W	16883.357	17290.095	16945.896	16992.068	17293.061	17125.481
YGL015C	855.158	864.216	858.425	858.806	846.591	841.997
YGL016W	2647.009	2637.222	2641.03	2734.023	2676.744	2690.952
YGL017W	477.715	482.427	480.647	482.007	484.874	483.285
YGL018C	138.099	139.262	138.702	137.852	138.816	138.928
YGL019W	215.382	217.431	214.272	213.013	214.849	213.283
YGL020C	288.395	289.691	289.988	300.773	299.338	299.553
YGL021W	1742.711	1772.91	1783.899	1805.678	1819.01	1817.327
YGL022W	781.967	772.744	771.668	753.882	745.278	745.459
YGL023C	1236.727	1252.106	1247.099	1146.235	1147.789	1154.058
YGL025C	1033.351	1036.693	1052.402	895.957	891.179	906.708
YGL026C	534.055	538.062	537.669	532.88	537.04	537.29
YGL027C	2028.876	2065.798	2067.343	2042.991	2052.676	2043.114
YGL028C	438.737	433.49	436.3	442.147	435.975	438.107
YGL029W	138.448	142.761	142.48	143.566	146.718	145.638
YGL030W	50.322	50.071	50.096	50.27	50.172	50.159
YGL031C	104.985	105.898	106.391	104.775	105.942	106.367
YGL032C	70.375	68.782	69.568	72.121	70.223	70.016
YGL033W	389.749	393.374	395.555	408.555	408.126	409.512
YGL034C	3179.58	3260.58	3454.701	2239.863	2231.409	2395.661
YGL035C	434.37	432.33	433.041	437.727	434.599	435.697
YGL036W	6650.886	6786.206	6686.037	6555.85	6499.509	6474.147
YGL037C	211.498	214.896	215.744	212.155	215.566	217.465
YGL038C	1909.913	1877.217	1883.613	1819.008	1775.468	1790.47
YGL039W	374.769	370.533	375.139	386.257	379.401	381.274
YGL040C	549.38	535.478	532.554	501.419	486.775	489.566
YGL041C-B	90.698	91.377	93.206	94.064	93.995	94.746
YGL041W-A	172.101	175.681	176.582	179.048	181.493	180.975
YGL043W	353.038	356.227	354.579	357.379	358.027	357.395
YGL044C	476.005	472.42	473.181	474.178	464.234	466.005
YGL045W	617.667	621.985	622.16	620.28	620.588	621.233
YGL047W	151.647	152.029	151.417	151.349	151.622	150.758
YGL048C	363.929	369.407	369.629	369.373	373.596	372.341
YGL049C	1222.396	1251.875	1259.955	1229.699	1250.187	1255.075
YGL050W	253.66	255.904	255.693	260.312	261.743	261.007
YGL051W	507.392	522.237	525.92	519.833	523.684	522.97
YGL053W	337.295	343.229	343.903	345.834	346.526	345.107
YGL054C	200.856	194.147	194.824	208.746	199.479	199.852
YGL055W	410.061	407.298	409.501	413.501	410.89	411.93
YGL056C	3468.984	3565.726	3643.189	3380.938	3418.813	3528.503
YGL057C	397.308	390.124	393.645	413.219	401.868	402.502
YGL058W	135.389	136.612	136.365	137.232	137.742	137.216
YGL059W	848.416	848.365	858.21	878.457	864.731	866.678
YGL060W	1223.275	1237.286	1245.027	1258.653	1257.011	1264.478
YGL061C	379.261	381.339	380.75	397.651	395.415	394.635
YGL062W	1415.911	1428.552	1426.761	1372.186	1377.587	1378.385
YGL063W	1418.258	1471.921	1489.852	1220.257	1247.873	1270.438
YGL064C	902.399	907.869	909.061	917.735	911.974	914.418
YGL065C	2052.731	1995.789	2007.077	2065.711	1973.877	1975.794
YGL066W	1077.781	1069.112	1077.323	1017.597	1004.261	1014.373
YGL067W	433.361	434.838	438.208	446.064	444.192	445.661
YGL068W	459.603	445.977	453.09	404.016	389.436	395.842
YGL070C	106.573	106.84	107.215	108.304	108.302	108.051
YGL071W	767.328	771.459	774.378	784.68	783.367	786.068
YGL073W	2664.074	2709.138	2706.629	2692.8	2685.933	2696.672
YGL075C	472.212	468.94	473.408	490.233	481.713	483.222
YGL076C	163.724	163.123	163.662	162.963	162.604	163.06
YGL077C	522.51	519.421	521.685	529.035	523.516	523.478
YGL078C	576.737	590.093	591.863	594.69	603.125	603.504
YGL079W	339.148	335.056	337.314	351.376	344.327	345.468
YGL080W	372.623	363.724	381.456	382.535	368.594	379.227
YGL081W	359.077	361.011	361.795	371.573	370.226	369.401
YGL082W	478.973	490.164	494.2	496.989	504.131	507.216
YGL083W	1220.504	1227.053	1235.332	1257.72	1251.364	1257.814
YGL084C	709.273	699.911	706.169	734.701	718.407	722.051
YGL085W	437.399	447.634	447.068	448.824	451.886	452.9
YGL086W	39479.088	40195.299	39170.407	39725.62	40020.378	39120.872
YGL087C	110.879	111.865	111.815	113.09	113.865	114.269
YGL088W	1853.34976912667	1806.925	1922.768	1803.341	1853.34976912667	1883.149
YGL089C	133.019	133.716	132.125	130.787	130.927	130.462
YGL090W	493.983	497.148	497.339	511.343	510.343	508.431
YGL091C	2405.53	2480.604	2543.439	2395.685	2439.448	2460.093
YGL092W	2050.693	2057.261	2067.866	2111.599	2098.099	2102.865
YGL093W	1690.847	1732.95	1744.008	1701.938	1725.552	1732.49
YGL094C	1227.211	1229.561	1236.86	1270.702	1264.808	1267.197
YGL095C	1358.852	1373.095	1367.535	1401.325	1392.898	1388.112
YGL096W	354.317	358.548	360.329	362.724	362.927	365.928
YGL097W	525.371	530.529	529.081	526.506	530.282	529.538
YGL098W	581.942	586.493	575.123	594.627	581.943	578.193
YGL099W	888.375	903.275	907.888	914.726	919.195	921.935
YGL100W	319.194	322.269	323.08	324.029	326.016	325.922
YGL101W	294.728	297.614	299.071	305.732	305.137	305.143
YGL103W	166.472	170.33	168.988	159.321	161.388	162.167
YGL104C	631.176	627.042	626.533	650.172	639.566	636.63
YGL105W	1418.065	1309.572	1326.884	1135.252	1051.896	1049.189
YGL106W	154.302	158.231	156.019	150.354	153.934	153.836
YGL107C	1211.365	1216.054	1228.709	1252.399	1243.04	1248.674
YGL108C	127.57	127.812	128.342	129.744	129.744	130.055
YGL110C	1081.678	1084.484	1091.593	1130.928	1120.293	1121.765
YGL111W	2259.442	2138.275	2085.049	2291.837	2144.712	2071.235
YGL112C	663.52	666.438	671.86	685.857	682.31	684.951
YGL113W	4380.549	4588.209	4611.97	4357.372	4435.829	4441.233
YGL114W	1892.219	1853.871	1867.29	1621.86	1573.369	1592.105
YGL115W	337.466	337.835	337.002	346.642	344.996	343.481
YGL116W	942.976	957.671	963.033	960.863	964.307	968.072
YGL117W	277.006	276.412	278.367	286.32	282.942	282.367
YGL118C	2125.6	2129.361	2083.34	2166.809	2141.569	2111.653
YGL119W	805.152	813.744	818.764	819.766	820.953	823.313
YGL120C	1067.118	1075.477	1081.88	1075.883	1078.036	1084.497
YGL121C	90.74	90.313	90.778	90.372	90.105	90.379
YGL122C	764.819	768.64	776.027	714.084	712.436	719.272
YGL123W	205.677	205.377	204.149	201.509	201.81	201.536
YGL124C	1037.67	1033.315	1041.009	1081.236	1065.801	1068.756
YGL125W	1083.352	1089.433	1089.2	982.332	978.78	989.503
YGL126W	13780.214	14029.848	15262.933	9820.858	9653.79	10282.057
YGL127C	137.673	138.286	137.89	134.24	134.397	134.565
YGL128C	315.449	315.804	317.327	319.838	319.003	320.341
YGL129C	754.746	755.853	762.338	780.321	773.258	776.404
YGL130W	502.252	506.807	507.724	517.086	517.569	517.479
YGL131C	3216.424	3213.264	3211.661	3324.172	3272.749	3276.976
YGL133W	2004.472	2020.414	2030.688	2071.661	2061.891	2067.953
YGL134W	467.261	471.103	473.236	482.937	481.982	482.255
YGL135W	160.211	159.016	160.641	160.357	159.32	159.462
YGL136C	353.1	355.205	355.044	358.161	358.554	357.847
YGL137W	941.713	952.935	956.503	930.53	937.153	939.646
YGL138C	853.61	858.82	864.385	891.957	884.38	890.62
YGL139W	1065.83	1061.524	1067.568	1094.106	1078.761	1079.782
YGL140C	1825.09	1825.134	1830.394	1882.466	1860.618	1864.638
YGL141W	2110.964	2133.328	2144.462	2185.99	2176.819	2179.126
YGL142C	3607.672	3852.611	3968.543	3546.969	3800.917	3869.964
YGL143C	651.146	651.571	647.219	665.169	658.075	655.814
YGL144C	703.157	706.895	709.957	721.237	719.053	718.6
YGL145W	2679.156	2684.584	2690.041	2744.01	2691.419	2709.441
YGL146C	742.971	751.544	745.681	707.669	707.037	706.01
YGL147C	123.066	123.328	123.95	121.734	122.345	122.196
YGL148W	433.243	436.354	432.69	424.134	425.74	426.3
YGL149W	52.981	49.779	50.92	53.193	50.418	50.803
YGL150C	1779.245	1789.456	1793.213	1837.859	1834.237	1832.834
YGL151W	4639.339	4852.553	4986.678	4779.789	4924.552	5032.613
YGL153W	440.906	449.843	451.483	456.009	461.927	462.705
YGL154C	354.526	370.244	372.383	362.962	372.979	375.747
YGL155W	482.113	482.83	482.149	497.703	493.151	490.543
YGL156W	1136.592	1137.599	1139.868	1166.636	1159.148	1157.295
YGL157W	443.369	440.587	446.342	458.525	453.283	455.302
YGL158W	576.334	576.226	577.911	590.587	586.314	585.523
YGL159W	778.914	784.927	788.836	815.169	810.559	808.957
YGL160W	1105.92	1090.138	1100.601	1152.936	1124.276	1132.448
YGL161C	301.245	303.735	301.329	302.415	303.522	301.284
YGL162W	1681.101	1770.006	1826.505	1366.554	1388.609	1435.663
YGL163C	1537.609	1562.512	1569.283	1472.013	1482.587	1486.517
YGL164C	481.664	488.543	487.407	497.3	499.944	498.17
YGL166W	581.269	574.873	574.572	489.646	483.757	489.589
YGL167C	1569.583	1621.692	1640.82	1598.483	1630.15	1646.007
YGL168W	259.737	261.091	259.922	269.602	264.962	264.513
YGL169W	572.863	571.846	571.675	591.219	583.363	583.596
YGL170C	757.675	764.899	770.602	790.06	789.287	793.163
YGL171W	1350.923	1358.57	1370.087	1418.073	1400.904	1410.147
YGL172W	1095.27	1079.152	1093.468	1055.591	1032.586	1044.453
YGL173C	2835.561	2879.215	2887.184	2920.924	2923.003	2923.322
YGL174W	277.57	284.492	286.522	283.088	289.454	290.432
YGL175C	523.65	528.314	530.642	541.911	539.073	544.264
YGL176C	1268.625	1295.128	1293.279	1307.097	1311.297	1310.249
YGL178W	7310.717	7642.36	7721.151	7217.329	7354.847	7389.847
YGL179C	597.665	593.273	592.072	613.096	603.778	602.496
YGL180W	1850.268	1867.7	1884.343	1930.5	1922.876	1923.976
YGL181W	2101.238	2084.231	2166.877	1644.594	1621.216	1685.427
YGL183C	672.624	699.499	699.959	704.637	718.55	719.065
YGL184C	546.983	544.752	541.35	550.337	541.882	541.26
YGL185C	492.775	499.84	504.351	505.067	509.794	512.393
YGL186C	644.633	641.948	640.883	658.835	650.551	648.759
YGL187C	98.563	98.565	98.414	99.029	99.098	98.879
YGL188C-A	88.217	91.237	90.734	92.192	93.084	92.723
YGL189C	78.97	80.633	80.338	77.351	79.242	79.206
YGL190C	3125.545	3103.52	3142.08	3158.122	3066.552	3107.949
YGL191W	77.742	78.328	78.331	78.379	78.928	78.921
YGL192W	603.611	612.732	613.924	616.191	622.864	622.247
YGL193C	81.869	78.415	79.319	82.367	78.958	79.361
YGL194C	607.27	607.112	608.724	625.683	620.691	621.61
YGL194C-A	1275.655	1416.638	1441.364	1280.622	1379.556	1392.038
YGL195W	3459.231	3459.093	3483.446	3565.841	3533.027	3538.976
YGL196W	577.769	572.285	576.694	595.658	585.521	588.608
YGL197W	1752.502	1754.67	1758.987	1792.342	1780.565	1784.506
YGL198W	565.958	575.252	573.537	496.551	497.435	501.931
YGL200C	163.475	160.554	161.1	163.083	160.474	160.719
YGL201C	1983.285	2017.125	2026.93	2004.017	2017.098	2028.113
YGL202W	400.221	396.774	397.975	400.477	396.802	397.784
YGL203C	809.21	812.382	810.881	822.897	819.667	816.524
YGL204C	78.258	76.855	77.373	81.341	79.47	79.32
YGL205W	2084.198	2141.85	2118.327	1980.637	1994.15	1972.816
YGL206C	2878.303	2884.875	2902.247	2972.326	2942.227	2948.131
YGL207W	3100.096	3023.303	3022.911	3157.614	3037.188	3047.387
YGL208W	403.259	405.541	401.478	398.541	399.779	399.345
YGL209W	376.353	375.854	374.453	364.02	362.289	363.828
YGL210W	298.501	301.024	299.422	300.072	300.488	299.655
YGL211W	368.485	371.264	367.247	362.256	363.137	361.251
YGL212W	456.535	468.883	464.824	430.774	437.403	436.098
YGL213C	430.546	432.508	430.722	444.267	442.459	439.478
YGL215W	1284.551	1344.856	1338.506	1279.113	1304.977	1313.796
YGL216W	1887.524	1915.603	1930.827	1653.277	1652.799	1667.277
YGL219C	516.856	525.601	529.939	525.854	533.177	536.558
YGL220W	126.49	130.319	128.195	126.719	129.369	128.338
YGL221C	291.158	296.396	295.226	281.624	285.238	286.034
YGL222C	214.863	212.184	214.615	218.959	216.007	218.194
YGL223C	523.893	524.213	528.198	543.082	539.932	540.847
YGL224C	297.092	298.195	299.589	303.957	301.977	301.924
YGL225W	487.944	475.957	480.153	471.788	456.244	461.421
YGL226C-A	92.028	90.28	91.339	95.841	93.47	94.475
YGL226W	109.836	110.684	109.459	109.457	109.725	109.202
YGL227W	1931.91	1979.343	1975.688	1983.721	1994.983	1992.969
YGL228W	1319.366	1347.508	1353.286	1324.472	1339.356	1338.066
YGL229C	19103.546	19602.871	19743.318	18201.55	18312.363	18465.513
YGL230C	350.603	352.965	358.517	369.672	368.303	370.54
YGL231C	168.029	169.56	171.141	172.896	173.538	174.374
YGL232W	596.432	613.331	614.86	617.403	624.716	627.984
YGL233W	12957.346	12751.178	12565.478	12550.42	12077.633	12030.697
YGL234W	1546.679	1519.67	1552.429	1283.856	1251.266	1268.221
YGL235W	567.783	567.829	576.529	481.691	476.335	487.82
YGL236C	1185.665	1215.564	1209.39	1093.772	1109.931	1118.449
YGL237C	356.5	363.305	362.394	350.609	356.469	357.942
YGL238W	3532.509	3561.717	3540.566	3634.31	3588.402	3598.522
YGL240W	157.716	158.987	157.575	157.406	158.588	157.587
YGL241W	3882.869	3880.216	3885.124	3948.286	3857.662	3849.345
YGL242C	112.608	113.739	113.207	113.582	114.577	113.762
YGL243W	790.098	789.668	787.913	821.579	808.42	807.789
YGL244W	615.028	624.35	621.368	625.928	631.533	628.977
YGL245W	591.679	593.442	596.671	602.778	602.826	604.441
YGL246C	891.913	911.591	915.09	925.264	927.999	934.051
YGL247W	618.563	593.492	604.114	639.477	605.568	612.345
YGL248W	391.814	391.929	391.569	398.738	396.571	396.592
YGL249W	9837.351	9901.915	9996.668	9762.039	9689.651	9724.726
YGL250W	262.695	264.314	263.622	265.766	266.082	265.933
YGL251C	14999.539	15157.231	15611.762	14697.871	14727.947	14959.506
YGL252C	607.358	614.972	615.53	626.768	629.862	630.071
YGL253W	452.087	451.99	455.649	455.853	454.231	456.68
YGL254W	281.205	282.981	283.971	285.376	285.337	286.301
YGL255W	334.781	332.543	331.588	339.844	335.403	334.517
YGL256W	306.289	305.512	307.275	309.15	308.096	309.126
YGL257C	856.702	852.955	857.479	888.902	878.773	880.737
YGL258W	145.362	144.334	144.874	144.557	143.675	143.28
YGL258W-A	85.744	86.862	87.616	88.822	89.533	89.713
YGL259W	148.322	145.891	147.045	150.877	147.841	148.343
YGL260W	49	49	49	49	49	49
YGL261C	287.784	295.355	303.156	250.016	254.32	261.744
YGL262W	304.283	306.063	303.821	309.999	308.361	305.134
YGL263W	1080.959	1050.733	1047.995	1096.664	1043.958	1041.28
YGR001C	313.156	310.104	312.1	323.952	318.234	318.327
YGR002C	1294.94	1283.735	1303.657	1193.295	1172.27	1187.523
YGR003W	1596.649	1611.748	1620.494	1665.71	1658.59	1657.592
YGR004W	599.301	598.124	597.777	618.612	611.522	610.212
YGR005C	938.659	963.159	961.928	949.274	952.875	954.701
YGR006W	480.201	469.392	475.25	490.259	473.471	476.244
YGR007W	249.352	251.756	250.872	252.46	253.956	252.659
YGR008C	60.161	61.027	60.449	59.673	60.569	60.353
YGR009C	676.451	687.021	685	687.395	693.803	690.706
YGR010W	480.808	488.468	485.717	487.678	490.233	490.883
YGR012W	345.628	350.075	347.204	347.513	350.385	349.128
YGR013W	970.452	1001.029	999.109	939.523	956.738	962.275
YGR014W	1447.525	1426.352	1432.089	1424.713	1400.663	1406.521
YGR015C	508.49	513.193	509.406	524.307	520.45	519.326
YGR016C-A	49	49	49	49	49	49
YGR016W	1107.124	1109.349	1121.044	1101.364	1072.487	1075.659
YGR017W	375.407	377.181	379.372	386.821	385.63	386.468
YGR018C	91.108	89.005	90.426	90.891	89.254	89.891
YGR019W	505.903	503.987	502.351	493.411	489.05	488.885
YGR020C	79.778	80.786	80.81	80.374	81.174	81.438
YGR021W	905.435	927.442	925.781	758.863	768.118	776.498
YGR023W	491.651	485.115	489.156	498.638	491.441	495.534
YGR024C	390.151	394.938	394.437	409.413	408.609	407.492
YGR025W	242.722	235.235	242.284	251.395	241.75	246.108
YGR026W	765.473	811.885	815.946	799.821	834.794	847.67
YGR027C	76.062	76.52	76.439	75.854	76.535	76.752
YGR027W-A	458.574351395463	458.574351395463	458.574351395463	459.785	456.89	459.053
YGR027W-B	2491.643	2489.203	2485.063	2575.619	2540.299	2543.623
YGR028W	659.849	671.989	680.86	684.86	690.271	695.191
YGR029W	216.057	220.365	218.552	211.889	214.645	215.419
YGR030C	3572.065	3658.126	3699.096	3504.774	3513.672	3528.153
YGR031C-A	443	443	443	443	443	443
YGR031W	1799.942	1915.374	1959.442	1390.084	1397.667	1450.743
YGR032W	2136.245	2148.66	2152.521	2167.89	2163.079	2164.419
YGR033C	209.613	209.583	209.922	215.25	214.166	213.76
YGR034W	72.751	72.856	72.766	71.704	72.022	71.821
YGR035C	154.315	154.288	153.639	160.142	157.634	157.436
YGR035W-A	126.445	127.133	124.44	128.882	127.605	126.434
YGR036C	352.801	348.355	350.618	367.323	359.759	358.837
YGR037C	57.098	57.579	57.364	56.769	57.301	57.119
YGR038C-A	484.263714619581	484.263714619581	484.263714619581	487.245	481.204	484.361
YGR038C-B	2339.873	2347.581	2353.538	2405.829	2391.893	2401.816
YGR038W	242.493	238.395	238.541	248.007	241.816	241.845
YGR039W	351.043	351.575	352.509	362.869	356.006	355.084
YGR040W	461.579	470.008	470.019	471.198	475.13	475.668
YGR041W	1500.735	1494.712	1526.067	1492.302	1470.351	1486.467
YGR042W	463.71	473.329	472.866	480.774	483.667	482.821
YGR043C	316.482	318.052	318.8	323.667	324.079	324.325
YGR044C	443.043	455.369	452.66	419.154	427.543	428.356
YGR045C	172.853	168.703	169.991	177.944	172.395	172.451
YGR046W	551.827	562.022	567.506	573.525	578.115	581.978
YGR047C	2906.466	2974.795	3047.951	3041.638	3079.273	3106.022
YGR048W	383.836	385.425	385.256	389.137	388.624	387.452
YGR049W	162.918	165.644	164.695	164.724	166.206	166.922
YGR050C	76.434	76.403	76.537	76.864	76.823	76.687
YGR052W	336.884	337.941	339.5	345.391	344.971	346.268
YGR053C	336.851	340.222	341.06	350.508	350.085	349.301
YGR054W	1071.518	1081.567	1082.308	1061.619	1061.486	1067.428
YGR055W	957.49	966.3	983.12	916.102	913.15	921.026
YGR056W	2508.181	2549.673	2577.147	2420.476	2422.555	2449.507
YGR057C	1302.213	1313.092	1322.703	1342.391	1328.412	1336.058
YGR058W	384.237	386.529	387.545	390.235	389.456	389.527
YGR059W	1161.076	1170.021	1181.531	1219.967	1211.905	1214.748
YGR060W	286.478	279.721	281.806	289.69	281.802	284.069
YGR061C	1299.153	1295.674	1298.89	1322.92	1313.638	1315.019
YGR062C	273.53	274.136	274.201	275.541	275.327	275.715
YGR063C	77.224	78.501	77.173	75.667	76.492	76.34
YGR065C	730.744	722.428	725.928	744.481	731.218	731.395
YGR066C	349.751	352.752	351.089	355.369	355.175	354.383
YGR067C	1071.887	1049.401	1053.927	1097.773	1064.474	1066.87
YGR068C	2899.57	2947.484	3080.919	2184.553	2170.217	2265.911
YGR070W	3520.061	3514.429	3536.282	3644.983	3584.248	3597.193
YGR071C	2472.032	2498.61	2519.179	2530.631	2513.506	2533.014
YGR072W	3016.165	2806.317	2843.147	3033.136	2757.79	2784.607
YGR074W	105.615	104.706	104.163	107.199	106.121	105.769
YGR075C	4046.733	4267.532	4184.922	4004.265	4077.736	4059.969
YGR076C	164.521	164.354	165.725	171.779	170.045	170.375
YGR077C	2698.37	2780.534	2804.895	2633.667	2663.357	2693.4
YGR078C	247.958	255.131	253.806	242.548	248.317	248.46
YGR079W	731.038	698.499	706.275	659.579	631.505	640.731
YGR080W	373.388	370.83	372.678	381.804	377.606	377.877
YGR081C	219.124	223.02	223.969	227.021	229.78	229.912
YGR082W	148.816	149.622	149.058	150.355	150.315	150.308
YGR083C	1195.695	1196.93	1204.558	1222.864	1214.851	1221.518
YGR084C	483.005	492.589	497.265	502.397	507.203	508.979
YGR085C	99.816	100.686	100.385	98.818	99.949	99.678
YGR086C	342.797	347.476	345.947	339.007	343.027	342.92
YGR087C	707.029	722.483	722.217	691.512	702.205	705.132
YGR088W	540.544	541.04	542.057	550.823	548.128	549.181
YGR089W	2215.783	2223.958	2229.021	2293.933	2268.873	2278.724
YGR090W	2193.309	2171.572	2192.76	2267.738	2220.808	2234.063
YGR091W	836.897	857.416	865.012	867.567	876.074	884.011
YGR092W	675.029	683.065	686.73	696.386	700.168	700.683
YGR093W	801.349	806.222	811.17	826.768	822.114	829.611
YGR094W	977.117	983.379	986.886	999.117	1002.087	1001.937
YGR095C	209.912	214.524	215.023	212.87	216.281	215.721
YGR096W	595.605	601.084	607.551	530.864	529.231	533.285
YGR097W	2404.017	2428.839	2476.696	2171.506	2157.901	2192.541
YGR098C	6321.334	6332.339	6390.127	6496.553	6400.44	6462.282
YGR099W	1361.039	1316.877	1311.08	1405.265	1335.763	1325.645
YGR100W	1250.949	1252.577	1256.04	1294.323	1282.241	1282.83
YGR101W	511.82	510.189	511.595	487.738	482.976	484.119
YGR102C	861.757	931.954	927.717	873.922	922.3	918.989
YGR103W	1206.73	1228.41	1225.821	1241.92	1241.93	1242.564
YGR104C	430.427	433.066	433.025	446.195	443.288	441.551
YGR105W	49	49	49	49	49	49
YGR106C	371.191	365.731	368.914	385.553	377.475	377.192
YGR108W	677.908	685.684	690.115	706.716	706.829	706.245
YGR109C	1795.256	1802.259	1803.764	1852.567	1821.921	1826.654
YGR109W-A	314.825	317.139	317.366	322.506	322.613	322.811
YGR109W-B	1851.811	1852.705	1861.511	1866.003	1857.108	1867.167
YGR110W	667.449	664.801	667.987	672.363	665.041	665.235
YGR111W	539.72	538.888	543.32	554.135	549.28	552.022
YGR112W	289.333	290.982	291.01	290.413	292.084	291.783
YGR113W	358.292	360.247	360.417	369.357	369.264	369.711
YGR116W	2315.641	2342.158	2356.339	2395.243	2399.094	2406.26
YGR117C	622.302	621.769	624.238	649.367	641.71	642.95
YGR118W	86.079	85.648	85.848	85.883	85.724	85.519
YGR119C	907.095	922.143	920.683	913.688	923.844	924.244
YGR120C	586.89	588.372	594.265	606.648	601.641	607.319
YGR121C	814.12	822.211	822.788	743.261	740.651	744.548
YGR121W-A	99.628	99.379	98.597	104.149	103.065	102.182
YGR122W	435.048	437.567	439.38	450.341	450.038	450.491
YGR123C	926.597	931.551	931.881	951.95	944.064	945.5
YGR124W	462.357	464.955	464.03	462.119	464.844	464.561
YGR125W	2000.396	2028.849	2048.548	2057.296	2051.884	2064.07
YGR126W	229.625	230.72	232.342	235.588	235.258	236.23
YGR127W	548.388	553.932	554.439	570.053	567.121	566.432
YGR128C	2461.963	2479.628	2501.496	2530.204	2515.022	2529.184
YGR129W	311.043	320.68	322.359	321.087	326.382	325.84
YGR130C	1809.786	1831.217	1823.113	1865.132	1859.221	1860.401
YGR131W	223.589	221.943	221.574	229.352	224.111	224.179
YGR132C	222.106	224.424	223.608	225.388	226.461	225.894
YGR133W	156.004	157.609	156.509	154.28	155.453	155.403
YGR134W	2524.345	2541.853	2541.943	2595.82	2568.418	2569.04
YGR135W	261.228	264.355	265.572	268.579	269.338	270.718
YGR136W	559.892	563.045	564.697	535.662	532.516	537.163
YGR138C	559.166	556.455	556.419	563.481	558.381	558.031
YGR140W	4076.058	4165.384	4227.643	4201.996	4228.32	4276.885
YGR141W	438.312	442.23	440.618	443.26	445.243	444.088
YGR142W	471.14	480.391	480.709	491.477	496.509	495.471
YGR143W	3462.105	3358.19	3372.044	3453.355	3336.703	3374.155
YGR144W	276.092	278.375	278.145	269.33	270.664	270.323
YGR145W	1197.751	1221.966	1233.305	1248.673	1258.042	1262.497
YGR146C	202.72	201.015	202.951	208.311	205.359	206.687
YGR146C-A	49	49	49	49	49	49
YGR147C	318.032	327.8	325.675	321.956	329.106	328.496
YGR148C	132.269	134.055	134.812	133.175	134.834	135.555
YGR149W	567.261	559.186	563.047	590.393	576.302	575.014
YGR150C	1710.027	1743.572	1748.005	1787.254	1792.465	1796.698
YGR152C	266.007	267.761	269.286	274.304	273.923	273.341
YGR153W	157.273	159.007	158.754	160.506	161.778	160.698
YGR154C	475	483.462	483.494	485.911	490.576	488.749
YGR155W	614.061	609.689	613.704	628.393	620.617	623.032
YGR156W	2416.478	2210.801	2270.341	2245.646	2027.414	2042.772
YGR157W	2649.222	2572.141	2591.198	2735.438	2619.934	2629.096
YGR158C	267.983	268.449	269.021	271.178	269.351	269.497
YGR159C	3571.69	3769.862	4040.08	2393.277	2397.29	2581.501
YGR161C	339.925	339.676	340.111	336.892	335.051	336.416
YGR161C-D	2643.941	2633.864	2627.294	2712.831	2672.12	2677.512
YGR161W-C	102.265	106.239	104.982	99.882	102.976	102.944
YGR162W	1146.816	1148.8	1145.763	1124.478	1120.973	1123.144
YGR163W	514.377	513.655	516.96	537.548	530.412	531.539
YGR164W	187.048	186.657	186.706	196.151	193.062	192.266
YGR165W	319.783	323.708	325.555	328.297	330.865	330.974
YGR166W	2765.207	2687.114	2682.309	2805.381	2667.2	2653.058
YGR167W	237.957	238.438	237.933	246.106	244.468	243.642
YGR168C	2849.136	2943.273	2941.075	2874.362	2898.897	2905.579
YGR169C	335.438	337.215	335.744	340.678	340.649	338.778
YGR169C-A	195.214	195.175	193.694	179.937	178.223	178.704
YGR170W	2000.905	1997.716	2002.458	2039.651	2007.797	2009.987
YGR171C	842.231	844.204	848.75	872.686	863.722	866.485
YGR172C	253.321	251.393	252.641	262.752	258.98	258.358
YGR173W	561.385	564.577	563.114	586.81	585.978	583.639
YGR174C	131.537	132.65	131.967	132.159	133.45	132.688
YGR174W-A	38	38	38	38	38	38
YGR175C	332.549	331.347	330.971	335.306	333.692	332.024
YGR177C	778.202	755.587	757.978	793.683	762.65	767.152
YGR178C	1702.947	1712.518	1730.494	1509.753	1500.376	1515.566
YGR179C	1674.989	1677.801	1673.356	1714.515	1715.444	1705.842
YGR180C	258.546	257.777	258.45	260.841	259.648	259.858
YGR181W	90.573	91.31	91.337	91.759	92.48	93.021
YGR183C	56.291	55.781	56.6	58.513	58.213	58.256
YGR184C	4144.61	4206.536	4222.605	4285.373	4296.732	4306.733
YGR185C	348.604	348.472	350.124	354.701	353.513	354.539
YGR186W	930.963	953.254	952.743	937.869	951.682	951.85
YGR187C	996.714	1016.77	1011.187	1038.238	1034.363	1031.538
YGR188C	1756.657	1784.626	1790.422	1809.193	1816.077	1823.379
YGR189C	501.35	496.205	497.558	498.774	492.006	495.753
YGR191W	537.358	532.627	532.487	542.628	535.627	533.716
YGR192C	346.782	343.514	342.165	332.004	328.299	329.73
YGR193C	374.802	378.301	379.822	382.371	383.98	384.805
YGR194C	896.146	897.639	911.705	857.648	852.736	858.924
YGR195W	253.703	258.721	261.038	251.44	254.942	256.711
YGR196C	1032.429	1045.136	1045.436	1067.336	1070.58	1068.842
YGR197C	4406.532	4249.726	4518.696	3207.983	2999.307	3153.307
YGR198W	3916.415	4045.045	4054.395	3980.057	4036.201	4043.725
YGR199W	1056.553	1057.534	1062.545	1091.523	1084.419	1088.079
YGR200C	2714.158	2704.543	2699.359	2664.02	2614.917	2611.652
YGR201C	203.279	199.312	199.681	198.068	194.158	194.254
YGR202C	1040.186	1063.245	1075.671	1028.071	1031.513	1045.52
YGR203W	1686.307	1738.611	1832.609	1274.862	1286.957	1347.35
YGR204C-A	49	49	49	49	49	49
YGR204W	1194.109	1189.014	1186.746	1131.384	1125.693	1130.486
YGR205W	302.025	308.227	310.917	309.221	313.259	314.663
YGR206W	64.744	64.625	64.574	65.733	65.446	65.322
YGR207C	384.582	393.462	391.824	398.232	402.492	400.79
YGR208W	664.522	674.803	684.459	546.839	544.9	551.544
YGR209C	119.135	118.453	118.771	113.422	112.816	113.978
YGR210C	688.076	707.261	707.496	633.707	643.549	645.365
YGR211W	535.215	544.381	542.374	512.869	516.951	517.923
YGR212W	875.911	872.369	875.83	915.44	898.057	897.471
YGR213C	482.624	481.088	482.423	497.185	490.435	490.486
YGR214W	275.111	273.332	274.525	258.936	257.621	258.648
YGR215W	103.266	103.697	103.423	105.463	105.069	105.093
YGR216C	3535.178	3422.785	3381.32	3508.877	3347.566	3325.813
YGR217W	4293.421	4332.204	4316.517	4396.156	4367.435	4351.572
YGR218W	3013.76	3023.043	3035.105	3085.587	3048.399	3059.277
YGR220C	304.584	303.387	304.984	316.356	311.066	312.092
YGR221C	1125.212	1152.162	1151.918	1090.4	1102.912	1109.75
YGR222W	524.779	522.864	523.265	540.661	533.138	532.829
YGR223C	492.756	497.427	497.429	502.69	503.94	503.541
YGR224W	584.682	578.486	580.031	597.056	587.419	586.732
YGR225W	847.412	857.454	858.778	878.23	879.565	880.962
YGR227C-A	51.625	51.031	51.167	54.24	53.155	52.967
YGR227W	1355.639	1317.65	1326.152	1392.52	1333.292	1342.243
YGR229C	550.43	559.756	561.016	568.345	574.273	573.672
YGR230W	163.752	167.694	167.891	168.768	171.9	171.315
YGR231C	343.091	351.405	350.74	324.957	329.336	330.451
YGR232W	318.491	320.499	321.119	328.214	326.311	326.429
YGR233C	20412.037	19809.154	19969.289	19798.044	18982.845	19037.621
YGR234W	385.802	387.622	390.102	397.943	398.157	399.02
YGR235C	186.921	188.212	189.063	190.299	191.375	191.152
YGR236C	142.596	149.427	146.883	128.911	132.867	133.035
YGR237C	1156.35	1162.85	1166.578	1194.132	1189.372	1192.552
YGR238C	4474.281	4408.982	4460.017	4400.96	4273.399	4309.358
YGR239C	323.299	322.908	323.731	319.748	319	320.471
YGR240C	926.367	928.844	931.862	919.475	917.72	918.532
YGR240C-A	71.808	74.443	74.448	74.779	75.936	76.824
YGR241C	696.742	701.812	701.381	701.158	701.264	703.699
YGR243W	185.045	179.166	177.639	181.94	177.451	176.538
YGR244C	486.068	492.482	488.825	485.048	487.783	485.977
YGR245C	14726.201	15167.889	15059.424	14444.505	14625.707	14454.092
YGR246C	583.327	590.01	590.07	596.035	599.691	598.278
YGR247W	408.251	419.199	417.148	365.835	370.564	372.038
YGR248W	218.677	220.826	219.892	220.217	221.494	220.8
YGR249W	866.318	839.927	861.664	780.734	755.53	766.381
YGR250C	2955.01	2941.29	2900.768	2978.236	2893.694	2888.145
YGR251W	1031.844	991.939	1044.083	1110.137	1045.712	1068.917
YGR252W	1053.647	1080.268	1079.995	1050.858	1062.704	1068.426
YGR253C	264.632	266.413	266.351	271.985	271.823	271.533
YGR254W	380.06	377.77	376.977	373.305	372.737	373.366
YGR255C	642.81	639.531	643.189	658.873	652.486	653.511
YGR256W	686.047	687.957	688.717	628.859	624.439	627.553
YGR257C	544.885	558.719	556.611	512.013	519.512	520.361
YGR258C	1636.155	1656.698	1656.197	1691.299	1693.941	1692.791
YGR260W	438.925	443.046	442.141	438.722	441.064	439.106
YGR261C	2514.373	2555.27	2548.384	2531.623	2519.157	2498.397
YGR262C	184.605	185.134	184.903	184.905	185.52	185.171
YGR263C	503.934	501.113	506.392	519.717	513.319	515.255
YGR264C	955.061	960.448	965.114	990.095	985.87	986.807
YGR266W	894.154	905.945	908.129	925.439	926.005	928.457
YGR267C	204.712	207.233	208.909	209.589	211.93	213.249
YGR268C	761.251	757.363	774.889	638.289	632.1	651.435
YGR270W	2651.878	2703.76	2707.532	2725.032	2741.74	2744.207
YGR271C-A	3029.67	2964.098	3031.903	3059.178	2937.559	2963.523
YGR271W	5069.45	5046.277	5089.12	5198.074	5103.771	5081.395
YGR273C	265.632	264.633	267.455	276.162	273.125	274.716
YGR274C	4425.88	4399.586	4507.102	4503.103	4393.58	4462.545
YGR275W	154.314	157.878	154.392	156.03	158.177	156.407
YGR276C	2771.595	2910.085	2892.772	2789.8	2847.999	2856.797
YGR277C	334.72	333.375	331.273	331.015	328.03	327.191
YGR278W	835.31	835.539	842.366	865.715	858.438	859.742
YGR279C	396.469	385.394	386.363	385.577	375.554	379.342
YGR280C	316.197	327.282	327.03	324.061	334.024	333.071
YGR281W	1825.074	1847.957	1850.073	1892.219	1898.022	1895.247
YGR282C	213.098	211.917	213.175	212.606	212.138	212.488
YGR283C	753.999	755.593	761.899	780.784	769.807	777.333
YGR284C	400.478	402.668	404.946	414.054	411.178	410.552
YGR285C	471.02	480.186	479.68	453.824	459.491	460.728
YGR286C	249.054	249.838	248.963	249.164	249.92	249.423
YGR287C	460.932	459.171	459.278	462.711	460.7	460.164
YGR288W	456.689	458.981	460.237	465.723	465.94	466.864
YGR289C	617.658	611.483	615.791	627.902	619.917	621.632
YGR292W	559.986	563.943	565.081	571.518	571.956	572.443
YGR294W	193.292	191.798	193.444	174.851	173.497	175.661
YGR295C	383.316	380.066	383.645	393.179	387.144	386.86
YGR296W	4172.924	4129.713	4240.684	3628.506	3569.33	3628.839
YHL001W	117.807	118.716	119.323	117.936	119.209	119.734
YHL002W	509.974	513.771	515.912	519.348	519.987	521.347
YHL003C	573.468	581.889	583.843	592.498	592.205	592.148
YHL004W	409.317	408.303	405.827	408.985	407.159	406.578
YHL005C	209.803	210.953	209.624	217.418	215.466	214.868
YHL006C	546.352	564.691	565.123	462.742	472.281	476.812
YHL007C	1208.237	1230.831	1231.38	1190.851	1202.249	1209.249
YHL008C	722.9	729.749	732.409	740.104	741.257	741.524
YHL009C	7162.087	7291.378	7196.945	6838.43	6754.337	6679.535
YHL009W-A	1193	1193	1193	1193	1193	1193
YHL009W-B	16996.913	17026.323	16992.387	16927.656	16645.586	16645.525
YHL010C	830.708	838.459	843.051	855.768	856.742	854.568
YHL011C	340.396	343.288	343.923	347.705	346.792	347.025
YHL012W	1399.291	1417.133	1418.762	1450.182	1438.582	1438.821
YHL013C	350.09	352.456	353.394	362.291	362.481	362.046
YHL014C	854.935	882.302	882.34	870.352	881.476	883.862
YHL015W	88.394	88.235	89.049	88.11	88.314	88.466
YHL015W-A	35	35	35	35	35	35
YHL016C	899.929	907.403	908.183	905.967	905.529	906.436
YHL017W	561.152	564.998	565.53	575.029	574.377	574.354
YHL018W	158.118	164.448	163.256	148.385	153.238	154.148
YHL019C	1725.247	1752.97	1778.984	1765.347	1765.024	1782.969
YHL020C	805.665	806.694	803.232	749.505	746.579	748.414
YHL021C	529.919	529.569	530.854	521.636	519.193	521.874
YHL022C	532.161	537.886	545.421	549.745	550.153	553.333
YHL023C	2276.789	2289.303	2287.503	2349.363	2330.664	2335.636
YHL024W	1610.584	1629.467	1626.57	1590.846	1578.106	1588.608
YHL025W	2424.994	2423.154	2545.914	1847.02	1821.579	1932.494
YHL026C	360.871	366.511	370.413	339.708	343.08	348.87
YHL027W	808.668	805.253	811.728	781.476	778.471	786.998
YHL028W	849.197	853.447	850.74	828.543	826.948	831.662
YHL029C	926.4	917.48	925.977	932.541	917.452	921.436
YHL030W	3503.154	3515.108	3535.886	3621.328	3590.526	3606.413
YHL031C	438.007	439.416	443.969	396.743	396.439	403.955
YHL032C	1318.229	1329.764	1329.954	1205.865	1208.801	1214.041
YHL033C	192.389	192.101	191.96	189.16	189.306	189.741
YHL034C	388.38	402.441	398.486	378.886	388.351	388.051
YHL035C	5290.293	5255.194	5304.092	5416.724	5308.91	5332.923
YHL036W	575.59	570.074	571.729	589.788	580.432	579.356
YHL037C	370.318	374.833	378.488	379.943	378.093	379.393
YHL038C	791.169	793.674	800.048	815.467	811.095	813.851
YHL039W	4352.691	4306.533	4271.801	4349.88	4209.366	4186.955
YHL040C	580.619	576.441	576.008	588.597	582.171	581.812
YHL041W	299.891	307.74	315.28	313.962	317.982	319.623
YHL042W	122.583	118.073	119.498	124.823	119.895	120.081
YHL043W	181.593	181.106	181.159	184.844	182.889	182.314
YHL044W	996.496	968.687	969.949	1002.618	959.799	960.673
YHL045W	116.054	117.986	117.163	120.607	121.547	121.132
YHL046C	325.419	339.561	349.824	279.87	288.306	300.062
YHL047C	637.555	638.755	635.608	648.962	645.935	644.257
YHL048C-A	49	49	49	49	49	49
YHL048W	421.954	421.938	426.979	435.142	431.476	432.329
YHL049C	287.028	287.457	289	290.224	290.087	290.223
YHL050C	1091.604	1091.109	1092.842	1013.527	1008.566	1011.88
YHR001W	528.177	530.435	527.113	536.857	534.511	532.111
YHR001W-A	51.226	50.856	51.65	52.529	52.185	52.477
YHR002W	572.5	583.436	585.807	594.747	599.388	602.293
YHR003C	367.671	373.727	374.364	376.431	380.694	380.762
YHR004C	3183.419	3400.463	3453.973	3092.678	3249.319	3401.647
YHR005C	817.192	826.627	833.806	846.14	844.428	845.298
YHR005C-A	576.069	586.585	587.271	572.905	568.767	570.806
YHR006W	742.495	750.896	758.24	717.789	725.944	728.429
YHR007C	641.044	644.288	649.99	650.472	651.386	657.787
YHR007C-A	148.644	157.157	157.32	154.226	160.439	162.069
YHR008C	1657.54	1708.113	1806.591	1215.767	1224.766	1281.71
YHR009C	380.771	380.105	378.439	377.247	376.576	376.069
YHR010W	90.983	90.909	90.914	90.503	90.475	90.348
YHR011W	568.616	574.12	572.889	584.935	584.726	585.061
YHR012W	402.026	402.057	402.844	413.983	410.284	409.311
YHR013C	257.755	267.11	268.842	263.554	271.013	273.108
YHR014W	956.551	962.272	972.301	987.046	975.402	984.137
YHR015W	7083.9	7326.517	7409.231	7105.297	7154.175	7241.339
YHR016C	737.041	748.471	755.627	723.925	729.692	733.89
YHR017W	553.185	547.779	547.658	570.323	556.947	557.648
YHR018C	383.022	380.472	380.127	386.509	383.43	382.485
YHR019C	425.121	423.945	422.785	420.782	420.208	419.627
YHR020W	693.619	697.237	696.558	682.122	681.774	680.867
YHR021C	49	49	49	49	49	49
YHR021W-A	806.333	787.439	801.151	825.551	797.301	807.788
YHR022C	273.148	269.44	271.683	281.468	276.205	276.368
YHR022C-A	41	41	41	41	41	41
YHR023W	5062.048	5108.309	5155.611	5280.254	5260.974	5289.875
YHR024C	484.502	489.429	490.784	479.31	482.371	484.376
YHR025W	489.59	484.723	485.495	463.616	458.018	463.108
YHR026W	195.112	191.376	190.295	193.812	189.068	188.463
YHR027C	1007.583	1015.891	1014.873	1034.642	1035.352	1030.507
YHR028C	1045.13	1045.058	1046.741	1069.377	1061.542	1065.827
YHR029C	360.16	356.951	358.115	369.823	364.053	364.199
YHR030C	819.129	847.231	854.008	838.335	859.666	869.523
YHR031C	766.967	771.803	770.977	786.069	784.84	781.857
YHR032W	813.927	819.509	816.502	773.797	779.019	782.926
YHR033W	1529.877	1539.205	1571.937	1280.195	1271.357	1297.336
YHR034C	1383.693	1376.913	1435.162	1049.7	1034.539	1072.137
YHR035W	2434.66	2485.052	2491.251	2446.941	2436.555	2450.464
YHR036W	819.16	815.799	812.557	840.401	823.183	820.389
YHR037W	527.932	531.44	531.286	537.135	538.513	537.922
YHR038W	1031.544	1023.283	1038.937	1069.941	1046.354	1060.283
YHR039C	645.013	645.404	648.092	644.057	639.697	639.84
YHR039C-A	98.143	99.541	99.352	99.736	100.735	100.596
YHR040W	750.423	783.508	778.569	661.795	681.402	687.061
YHR041C	1866.61	1881.764	1976.916	1392.899	1376.748	1451.96
YHR042W	2004.963	2081.776	2130.29	1676.152	1728.257	1773.489
YHR043C	267.2	270.62	270.032	272.113	273.732	272.577
YHR044C	245.253	245.371	246.804	239.735	240.02	240.387
YHR045W	751.234	753.707	760.114	774.695	766.97	767.482
YHR046C	327.336	333.839	331.899	335.945	339.56	337.344
YHR047C	1100.542	1102.269	1104.96	1132.906	1127.097	1125.495
YHR048W	529.588	528.805	526.44	516.058	514.245	514.063
YHR049W	242.945	245.129	245.789	245.8	246.432	246.77
YHR050W	529.346	527.861	529.571	525.783	522.616	523.244
YHR050W-A	319.33	329.73	330.878	318.777	321.16	324.719
YHR051W	109.788	111.088	111.033	111.635	112.504	112.443
YHR052C-B	64.449	64.422	63.235	62.168	61.396	61.508
YHR052W	917.103	921.104	919.3	945.042	932.144	928.842
YHR053C	67.969	67.857	66.83	66.051	65.222	65.38
YHR054C	6258.65222673661	6258.65222673661	6258.65222673661	6355.701	6218.189	6203.19
YHR056C	8494.345	8547.908	8501.081	8246.072	8089.902	8100.242
YHR057C	251.117	252.754	252.143	241.739	243.159	243.966
YHR058C	674.525	679.815	684.375	578.889	580.289	586.715
YHR059W	166.741	169.051	170.354	172.364	172.758	173.026
YHR060W	200.182	201.835	202.97	207.339	207.805	207.811
YHR061C	304.931	302.076	302.445	310.991	306.36	307.496
YHR062C	319.7	326.084	323.751	315.104	319.479	318.688
YHR063C	1131.685	1074.483	1089.99	1156.549	1092.325	1113.586
YHR064C	443.955	443.783	443.807	447.852	446.764	445.974
YHR065C	1057.956	1059.405	1056.268	1074.889	1065.073	1066.842
YHR066W	570.294	582.458	585.086	590.909	599.103	600.64
YHR067W	359.81	361.966	361.691	370.832	369.721	370.838
YHR068W	282.298	282.557	282.391	284.444	284.319	283.83
YHR069C	256.42	260.663	259.305	257.095	260.132	259.508
YHR070W	1071.191	1074.208	1098.767	961.523	956.063	977.597
YHR071W	575.505	588.912	596.305	556.125	560.979	566.986
YHR072W	647.902	648.163	644.364	649.907	648.257	646.179
YHR072W-A	49	49	49	49	49	49
YHR073W	1097.617	1104.293	1109.581	1112.881	1114.668	1116.375
YHR074W	684.889	690.684	691.333	695.932	698.949	698.469
YHR075C	541.231	547.273	549.68	561.224	561.615	565.405
YHR076W	512.494	517.519	520.275	506.527	505.955	506.226
YHR077C	2731.639	2759.277	2757.084	2824.766	2813.517	2813.869
YHR078W	883.919	883.389	890.857	917.801	907.455	910.095
YHR079C	1834.777	1833.374	1833.629	1903.067	1880.713	1878.22
YHR079C-A	161.255	163.724	164.521	169.886	169.801	170.178
YHR080C	1923.31	1947.776	1951.557	1951.11	1950.088	1953.375
YHR081W	205.4	206.58	206.662	214.284	213.121	212.822
YHR082C	2129.165	2115.082	2115.935	2196.654	2149.761	2148.606
YHR083W	334.702	341.611	340.441	332.561	337.379	337.355
YHR084W	995.91	997.082	1003.128	1020.866	1014.294	1019.406
YHR085W	531.736	542.327	543.942	534.588	538.486	540.469
YHR086W	705.031	715.265	720.664	709.38	712.361	716.886
YHR086W-A	49	49	49	49	49	49
YHR087W	1549.452	1559.136	1699.032	1046.161	1026.056	1100.724
YHR088W	680.833	680.359	682.588	703.364	694.44	700.101
YHR089C	1471.431	1510.748	1521.546	1109.985	1112.411	1133.606
YHR090C	533.708	544.82	548.711	554.576	560.175	564.664
YHR091C	1581.908	1593.8	1599.086	1588.464	1573.51	1572.808
YHR092C	425.12	420.038	422.301	432.639	426.678	425.497
YHR093W	576.055	576.422	580.203	558.642	552.435	555.386
YHR094C	499.763	498.958	499.565	501.479	498.616	498.574
YHR096C	535.309	529.547	530.819	538.004	532.557	531.15
YHR097C	510.262	507.885	509.471	477.477	472.509	475.59
YHR098C	1410.995	1422.284	1413.738	1457.216	1449.51	1445.061
YHR099W	9681.916	9620.119	9656.202	9889.359	9685.214	9706.45
YHR100C	587.739	577.974	588.537	608.197	590.457	597.39
YHR101C	697.934	700.505	705.583	724.897	718.125	716.243
YHR102W	1303.656	1307.847	1312.033	1321.873	1318.19	1323.357
YHR103W	1584.077	1597.078	1586.788	1625.724	1614.005	1607.901
YHR104W	325.798	322.181	324.223	333.202	328.075	328.255
YHR105W	157.32	157.176	157.766	156.091	156.616	157.484
YHR106W	449.493	453.016	447.949	453.937	452.288	451.28
YHR107C	407.936	412.283	411.619	398.558	401.539	400.278
YHR108W	809.011	825.64	829.972	814.95	825.356	827.92
YHR109W	1538.965	1562.361	1594.066	1563.42	1564.364	1584.921
YHR110W	142.226	142.954	142.564	143.606	144.371	143.896
YHR111W	1212.171	1162.294	1186.882	992.969	950.215	960.723
YHR112C	311.376	311.002	309.334	313.325	312.31	312.223
YHR113W	471.325	472.786	471.763	470.829	470.984	469.589
YHR114W	1123.903	1143.293	1147.242	1151.998	1159.232	1163.485
YHR115C	683.838	696.385	697.483	650.539	654.284	660.415
YHR116W	331.919	323.118	328.456	292.335	285.776	291.786
YHR117W	919.981	916.935	918.688	916.073	906.647	907.439
YHR118C	587.318	591.547	592.655	610.707	608.173	606.604
YHR119W	3906.137	4013.953	4024.83	3969.096	4025.991	4029.184
YHR120W	11892.876	12695.045	13187.799	11788.929	12335.836	12743.904
YHR121W	169.77	171.508	172.714	174.147	175.177	175.555
YHR122W	243.796	246.346	244.88	244.352	245.466	245.551
YHR123W	350.115	346.461	348.145	357.905	352.005	350.421
YHR124W	1473.505	1484.799	1500.911	1484.111	1475.459	1484.804
YHR125W	154.469	153.506	155.883	162.127	159.066	160.41
YHR126C	137.227	136.781	136.242	134.025	133.278	133.01
YHR127W	337.852	338.982	335.928	339.537	337.808	337.054
YHR128W	184.596	185.435	184.546	186.798	186.734	186.655
YHR129C	326.897	331.509	330.096	333.53	336.59	335.768
YHR130C	461.198	467.298	464.946	480.465	473.592	470.4
YHR131C	1149.974	1172.543	1169.905	1173.375	1186.829	1187.661
YHR132C	537.18	544.852	544.71	514.394	515.411	518.394
YHR132W-A	102.385	104.9	104.522	104.331	106.27	106.152
YHR133C	392.541	393.906	397.076	406.377	404.928	405.041
YHR134W	285.932	291.343	289.225	292.281	295.653	294.241
YHR135C	1168.198	1126.701	1172.462	993.027	963.678	990.477
YHR136C	259.689	255.207	252.96	265.575	257.069	257.175
YHR137W	623.161	625.514	625.535	637.478	634.997	634.415
YHR138C	69.746	71.362	71.236	71.497	72.802	72.392
YHR139C	562.568	560.067	568.787	498.632	493.574	502.172
YHR139C-A	142.184	143.654	145.177	148.497	149.248	150.15
YHR140W	579.343	572.669	571.819	598.87	582.211	582.193
YHR141C	56.271	56.691	56.648	55.845	56.261	56.316
YHR142W	398.264	396.029	395.99	409.727	404.655	405.451
YHR143W	1983.317	1867.745	1851.332	1935.806	1800.589	1782.036
YHR143W-A	80.203	79.259	80.988	82.571	82.183	83.904
YHR144C	925.107	957.842	964.931	941.886	955.979	967.105
YHR146W	726.301	755.025	757.059	708.41	726.127	728.358
YHR147C	202.668	204.29	203.473	208.183	208.396	207.349
YHR148W	206.792	207.904	207.494	211.084	210.441	210.262
YHR149C	867.014	875.265	865.807	879.184	879.488	880.318
YHR150W	1397.489	1406.574	1424.81	1426.477	1419.315	1431.276
YHR151C	692.891	695.113	692.105	704.864	700.868	700.628
YHR152W	156.654	154.949	156.123	159.21	157.111	157.431
YHR153C	341.696	339.567	341.965	359.5	351.767	351.563
YHR154W	8825.202	8980.375	8930.262	8710.39	8653.382	8654.144
YHR155W	3934.951	3986.471	4003.437	4072.055	4063.763	4087.597
YHR156C	720.073	733.129	739.1	757.206	763.06	763.468
YHR157W	264.008	273.937	272.334	275.604	282.007	279.996
YHR158C	2877.88	2919.491	2929.373	2904.227	2904.536	2908.813
YHR159W	640.926	647.425	645.756	650.134	651.941	651.485
YHR160C	292.157	293.273	294.873	302.985	302.713	302.329
YHR161C	712.51	706.126	706.846	706.711	699.123	700.004
YHR162W	113.481	112.681	111.992	110.359	109.747	109.099
YHR163W	203.545	203.703	204.135	204.134	204.238	204.433
YHR164C	4645.536	4541.939	4555.711	4818.681	4640.6	4635.426
YHR165C	6411.191	6565.197	6572.74	6541.913	6557.713	6611.553
YHR166C	3687.48	3901.262	4011.227	3673.086	3844.409	3868.219
YHR167W	336.825	337.009	337.343	350.638	348.024	348.128
YHR168W	705.481	720.668	719.018	691.882	699.261	701.199
YHR169W	404.507	409.171	405.948	405.775	408.45	407.049
YHR170W	619.149	621.452	622.762	626.943	623.813	625.297
YHR171W	1110.514	1122.274	1124.369	1158.415	1154.348	1150.592
YHR172W	1774.559	1780.755	1779.292	1837.612	1816.085	1816.003
YHR173C	120.197	120.503	120.979	124.317	123.594	123.617
YHR174W	500.989	502.735	502.413	476.402	478.095	481.048
YHR175W	120.772	120.823	119.944	121.976	121.877	121.168
YHR175W-A	49	49	49	49	49	49
YHR176W	594.561	594.171	596.68	582.115	579.332	581.361
YHR177W	508.222	500.225	501.571	505.955	496.184	499.097
YHR178W	765.273	774.698	774.832	771.024	774.652	776.168
YHR179W	348.457	348.686	347.954	348.585	348.471	348.428
YHR180W	117.502	116.132	116.669	118.833	117.32	117.793
YHR181W	319.124	310.613	311.934	331.772	319.751	320.727
YHR182W	1417.458	1450.859	1454.23	1465.249	1478.076	1480.219
YHR183W	552.293	550.135	552.319	521.638	518.163	521.851
YHR184W	1678.469	1709.239	1728.458	1735.767	1745.234	1758.615
YHR185C	588.214	589.657	590.292	608.901	599.908	601.615
YHR186C	3045.262	3108.285	3115.758	3074.292	3100.141	3121.496
YHR187W	476.895	473.111	472.311	495.328	487.605	480.672
YHR188C	733.143	736.435	735.852	718.585	718.612	720.669
YHR189W	993.71	990.996	995.038	789.846	782.633	791.856
YHR190W	424.189	418.958	420.253	431.905	425.188	424.879
YHR191C	164.412	167.613	166.272	168.972	170.768	169.368
YHR192W	293.922	297.827	297.376	303.315	304.842	305.477
YHR193C	287.293	294.485	295.711	259.859	264.765	268.73
YHR194W	814.724	818.276	820.603	787.318	786.42	793.541
YHR195W	332.948	339.8	337.513	338.227	342.082	341.769
YHR196W	1593.785	1585.341	1588.177	1661.007	1621.398	1622.378
YHR197W	1967.285	1982.714	1997.71	2036.509	2022.749	2033.421
YHR198C	388.336	386.001	389.738	403.299	397.33	398.763
YHR199C	597.461	593.631	592.176	546.54	540.895	543.522
YHR199C-A	102.391	104.17	104.721	101.898	102.986	103.761
YHR200W	617.908	628.736	638.317	549.658	559.145	570.585
YHR201C	533.672	550.926	550.249	552.159	563.161	561.529
YHR202W	645.098	645.438	647.776	657.652	654.208	656.028
YHR203C	176.427	176.72	176.043	174.651	174.972	174.299
YHR204W	886.789	886.533	889.152	907.736	901.191	901.362
YHR205W	1027.229	1019.332	1026.759	1047.985	1033.808	1038.317
YHR206W	569.428	567.226	570.476	579.616	575.271	576.343
YHR207C	574.817	584.336	584.08	593.33	597.223	596.32
YHR208W	290.782	288.679	289.219	290.77	289.116	289.443
YHR209W	625.536	627.687	630.208	647.133	639.495	641.493
YHR210C	302.789	300.964	301.712	307.561	304.2	304.429
YHR211W	960.251	954.237	951.051	937.204	929.07	931.31
YHR212W-A	155	155	155	155	155	155
YHR213W	548	548	548	548	548	548
YHR213W-A	104.589	101.373	103.357	107.141	102.973	103.052
YHR213W-B	360.79	359.179	361.266	322.192	316.447	318.595
YHR214C-B	2684.188	2672.361	2669.966	2764.05	2720.991	2728.123
YHR214C-C	1388	1388	1388	1388	1388	1388
YHR214C-D	98.951	96.813	97.745	101.611	99.362	99.552
YHR214C-E	125.305	126.526	127.071	129.788	130.19	130.443
YHR214W	470.066	473.008	482.74	408.475	403.895	416.841
YHR215W	428.11	429.18	429.115	427.59	426.822	427.018
YHR216W	518.028	522.848	522.336	523.777	524.925	525.064
YHR218W	1127.8265	1127.8265	1127.8265	1127.8265	1127.8265	1127.8265
YHR219W	795.545	793.936	789.33	765.697	761.648	761.072
YIL001W	827.894	821.884	827.545	852.87	841.54	845.975
YIL002C	1512.725	1525.412	1521.982	1561.591	1553.033	1549.388
YIL002W-A	49	49.235	49.72	49.638	50.39	50.307
YIL003W	293.747	297.477	297.282	298.532	300.117	300.889
YIL004C	163.896	167.229	167.671	169.157	170.811	171.103
YIL005W	3541.541	3607.616	3562.939	3535.782	3498.589	3484.989
YIL006W	621.773	645.348	645.594	537.293	547.211	551.76
YIL007C	363.494	364.641	366.814	339.589	338.814	340.761
YIL008W	102.059	101.87	102.113	105.316	104.344	104.082
YIL009C-A	148.776	147.163	148.642	152.161	149.904	150.752
YIL009W	923.106	938.513	936.919	941.535	948.095	950.042
YIL010W	272.797	276.57	276.421	278.916	280.327	280.078
YIL011W	473.711	452.107	464.991	412.134	391.993	405.633
YIL012W	81.177	82.402	82.748	82.612	83.595	83.524
YIL013C	3864.014	3984.405	4019.814	3852.6	3917.828	3956.403
YIL014C-A	89.937	88.541	87.777	91.116	89.409	89.479
YIL014W	933.267	935.922	942.854	968.523	959.316	960.429
YIL015W	763.5	756.201	752.241	784.493	768.468	770.103
YIL016W	125.456	128.329	128.51	127.489	129.932	129.25
YIL017C	2015.051	2045.492	2061.331	2078.492	2078.015	2088.707
YIL018W	231.846	233.178	231.767	225.445	226.346	227.475
YIL019W	329.423	334.538	335.216	336.924	340.576	340.251
YIL020C	306.598	314.822	314.637	303.793	308.303	308.155
YIL021W	303.386	308.443	307.615	304.786	308.174	307.701
YIL022W	680.85	691.747	691.71	636.512	644.153	649.988
YIL023C	607.675	617.919	621.98	548.954	549.735	559.218
YIL024C	125.901	126.983	126.6	124.367	125.823	125.529
YIL026C	5260.852	5296.963	5329.14	5304.892	5222.882	5254.018
YIL027C	134.026	132.582	133.04	140.2	137.603	137.023
YIL029C	243.258	242.229	245.152	252.482	248.489	248.733
YIL030C	2275.133	2258.356	2268.61	2312.361	2270.778	2272.613
YIL031W	7326.466	7512.635	7693.142	7367.296	7394.559	7502.741
YIL033C	452.279	448.269	448.994	439.103	436.073	437.719
YIL034C	227.698	226.968	227.076	228.496	227.737	228.181
YIL035C	787.238	808.067	814.469	821.885	831.913	835.159
YIL036W	1958.027	2010.571	2010.721	1967.888	1990.172	1991.166
YIL037C	1929.783	1940.468	1957.888	1999.248	1982.774	2001.127
YIL038C	3763.21	3827.868	3888.729	3598.106	3576.578	3634.572
YIL039W	526.25	532.019	535.225	541.765	544.559	545.461
YIL040W	256.488	259.623	263.546	264.885	263.148	265.356
YIL041W	328.204	330.77	330.602	326.182	328.202	329.187
YIL042C	1143.936	1210.435	1222.896	939.012	974.74	985.516
YIL043C	215.985	216.735	214.041	213.247	214.016	212.987
YIL044C	539.752	541.938	544.158	553.333	547.17	548.532
YIL045W	1160.462	1155.857	1152.732	1196.632	1167.74	1168.483
YIL046W	1075.053	1106.765	1107.708	993.324	1016.615	1024.158
YIL046W-A	49	49	49	49	49	49
YIL047C	1384.445	1403.074	1402.717	1308.925	1311.334	1318.544
YIL048W	1850.494	1867.171	1869.409	1918.685	1917.605	1925.998
YIL049W	357.259	355.55	358.408	373.403	367.742	369.473
YIL050W	281.001	280.61	282.125	289.517	287.273	287.28
YIL051C	1259.722	1242.285	1271.015	940.72	902.508	936.743
YIL052C	85.677	86.053	86.033	85.841	86.456	86.754
YIL053W	226.798	226.681	227.103	223.939	224.287	224.85
YIL054W	138.427	136.937	137.35	140.305	137.241	137.773
YIL055C	1122.485	1121.614	1141.04	1059.001	1046.969	1064.842
YIL056W	3521.674	3573.071	3611.503	3474.969	3457.515	3476.004
YIL057C	119.064	120.466	120.729	119.991	121.407	121.4
YIL059C	100.302	101.693	100.038	99.674	100.678	99.974
YIL060W	187.692	190.109	188.753	192.796	192.985	193.383
YIL061C	592.671	609.641	615.603	532.652	540.879	545.784
YIL062C	164.784	167.162	166.553	159.324	160.362	161.319
YIL063C	295.617	299.606	300.794	301.589	304.727	304.671
YIL064W	286.5	291.562	289.016	287.886	289.646	289.126
YIL065C	2540.673	2584.951	2741.489	1748.285	1744.417	1848.521
YIL066C	727.047	724.592	723.272	734.051	729.603	728.168
YIL067C	1015.716	1027.691	1024.516	1028.925	1026.747	1027.183
YIL068C	2315.48	2343.35	2350.181	2390.175	2376.796	2381.506
YIL069C	85.231	85.997	86.342	85.195	86.139	86.213
YIL070C	278.885	276.832	278.741	286.987	282.475	283.636
YIL071C	1723.496	1735.466	1731.882	1777.553	1754.956	1755.127
YIL072W	937.554	954.664	961.383	966.057	974.452	980.597
YIL073C	3616.057	3574.615	3572.514	3681.353	3586.651	3568.823
YIL074C	413.114	411.947	414.12	421.693	418.255	419.284
YIL075C	1408.993	1414.727	1422.338	1462.168	1454.752	1458.066
YIL076W	724.941	718.387	730.403	743.913	728.594	738.852
YIL077C	271.934	274.043	274	278.096	279.424	278.555
YIL078W	1110.609	1126.454	1131.751	1149.782	1152.487	1158.599
YIL079C	497.393	504.906	507.699	516.62	517.528	520.119
YIL082W-A	1873.803	1873.845	1884.579	1876.695	1867.67	1879.892
YIL083C	338.904	341.169	341.596	348.07	347.954	347.795
YIL084C	3842.067	3930.69	3900.763	3696.631	3683.65	3683.624
YIL085C	1708.998	1701.737	1695.985	1707.314	1656.748	1642.145
YIL086C	212.903	210.742	213.306	223.023	216.13	219.33
YIL087C	146.28	144.383	144.276	143.68	142.262	143.332
YIL088C	1013.705	1036.074	1039.04	1034.32	1042.24	1045.189
YIL089W	309.906	306.068	308.94	319.744	314.128	314.634
YIL090W	698.631	689.815	697.071	722.587	707.299	707.921
YIL091C	908.243	914.001	916.035	936.915	936.296	935.444
YIL092W	1014.044	1020.437	1020.039	1044.621	1038.981	1042.848
YIL093C	219.514	222.171	220.574	217.114	219.897	219.108
YIL094C	284.184	284.811	284.165	286.7	286.788	286.874
YIL095W	1073.563	1079.195	1081.591	1100.15	1095.374	1098.831
YIL096C	3365.451	3403.221	3482.333	3372.121	3345.07	3405.609
YIL097W	1222.239	1215.83	1219.687	1276.505	1251.803	1252.863
YIL098C	120.499	121.12	121.309	122.684	123.146	122.993
YIL099W	970.963	980.188	978.406	912.511	918.869	921.177
YIL101C	4506.831	4351.881	4471.083	3421.191	3252.411	3355.743
YIL102C	405.943	428.213	429.805	363.752	373.294	376.349
YIL102C-A	56.271	54.639	55.655	57.997	56.228	56.306
YIL103W	708.491	724.218	723.24	721.403	726.938	724.335
YIL104C	770.993	784.332	780.161	792.512	796.342	794.107
YIL105C	1425.17	1411.818	1427.685	1468.524	1439.161	1450.567
YIL105W-A	49	49	49	49	49	49
YIL106W	775.968	764.131	766.65	728.979	711.779	715.408
YIL107C	8547.687	8332.597	8372.426	8309.355	7963.237	7894.933
YIL108W	1120.953	1137.726	1129.104	1099.299	1104.76	1108.913
YIL109C	1533.824	1542.278	1550.224	1464.365	1461.209	1470.436
YIL110W	370.379	375.354	377.955	379.683	382.586	383.385
YIL111W	132.467	134.561	134.876	134.089	135.993	136.055
YIL112W	2646.104	2726.043	2724.633	2734.814	2770.857	2776.408
YIL113W	180.567	183.111	181.055	179.357	181.413	180.824
YIL114C	385.299	392.048	396.411	369.697	373.905	376.485
YIL115C	2201.401	2240.109	2253.758	2263.431	2278.699	2284.98
YIL116W	351.979	357.69	360.079	359.992	365.237	364.527
YIL117C	291.036	287.034	287.896	297.469	291.456	292.174
YIL118W	267.19	268.758	270.644	269.844	269.615	270.285
YIL119C	17048.838	17206.851	16568.392	16867.479	16711.682	16311.424
YIL120W	678.165	682.585	684.736	700.995	701.27	700.676
YIL121W	768.634	774.295	776.04	728.978	726.636	728.854
YIL122W	661.723	667.872	669.545	640.895	638.321	637.895
YIL123W	956.373	963.052	975.362	837.749	840.445	855.577
YIL124W	343.145	347.515	351.115	357.675	358.247	359.82
YIL125W	1092.67	1098.094	1099.431	1116.205	1113.045	1114.495
YIL126W	2715.119	2743.215	2753.509	2788.637	2779.818	2787.016
YIL127C	2281.563	2348.185	2386.789	2322.669	2334.474	2357.849
YIL128W	3927.503	3831.41	3865.638	4005.37	3856.883	3879.086
YIL129C	3836.239	3838.954	3870.638	3985.8	3946.699	3959.298
YIL130W	41275.702	40594.532	40808.331	39990.279	38897.626	38982.652
YIL131C	374.315	379.889	377.182	376.491	380.688	379.317
YIL132C	493.447	507.956	511.418	502.351	509.329	520.121
YIL133C	205.476	207.649	207.055	209.443	209.028	208.698
YIL134C-A	347.396	366.064	355.02	352.525	359.928	354.193
YIL134W	482.056	493.538	500.267	472.964	479.937	485.525
YIL135C	2607.906	2608.42	2604.947	2514.496	2432.997	2460.692
YIL136W	651.914	667.012	661.428	623.539	634.229	635.122
YIL137C	1197.447	1206.996	1216.879	1230.01	1229.93	1234.106
YIL138C	185.541	187.14	187.748	190.443	190.929	191.275
YIL139C	2487.658	2624.585	2569.643	2522.188	2620.109	2580.85
YIL140W	810.477	800.384	806.299	811.942	800.689	805.216
YIL142W	701.508	705.493	702.386	683.656	682.418	683.037
YIL143C	1136.059	1149.988	1150.142	1092.926	1095.485	1095.785
YIL144W	9304.675	9371.908	9381.792	9158.94	9017.307	9073.561
YIL145C	249.005	250.927	250.115	248.398	250.134	248.804
YIL146C	763.489	772.704	781.597	782.086	785.112	791.255
YIL147C	1897.874	1907.352	1918.716	1921.416	1907.232	1916.873
YIL148W	71.802	71.625	72.295	71.901	71.976	72.372
YIL149C	10999.941	11351.015	11409.877	10827.67	10943.003	10963.765
YIL150C	707.827	715.531	717.047	721.623	724.126	724.242
YIL151C	2165.606	2175.118	2184.514	2236.845	2220.079	2222.491
YIL152W	458.764	447.321	451.623	410.341	399.988	407.188
YIL153W	1917.929	1967.667	2010.293	1561.762	1580.741	1617.344
YIL154C	4045.063	4054.632	4216.877	3054.469	3018.294	3131.99
YIL155C	4955.458	4998.861	5211.095	3559.953	3509.311	3650.95
YIL156W	3380.028	3408.184	3400.479	3326.717	3298.812	3331.455
YIL156W-B	49	49	49	49	49	49
YIL157C	157.607	160.155	158.255	155.098	156.924	155.95
YIL158W	204.521	207.166	205.787	208.317	210.051	208.995
YIL159W	13455.98	13632.697	13712.197	13114.472	13049.91	13183.935
YIL160C	943.389	951.057	954.74	849.161	850.092	857.65
YIL161W	1360.247	1453.038	1453.829	1375.979	1432.164	1432.991
YIL162W	371.957	365.421	367.328	373.655	367.776	368.473
YIL163C	161.445	164.643	166.244	164.793	166.727	167.838
YIL164C	363.045	370.324	370.353	338.621	343.452	345.835
YIL165C	93.843	95.145	93.552	93.331	94.242	93.407
YIL166C	874.263	882.274	884.826	902.684	898.783	896.607
YIL167W	315.31	317.53	317.202	322.03	322.708	321.358
YIL169C	737.401	720.482	723.672	720.822	706.449	711.764
YIL170W	513.768	521.979	520.816	488.831	493.205	495.638
YIL171W	77.07	76.531	76.863	77.091	76.759	77.258
YIL172C	473.744	473.697	473.356	474.227	474.495	474.069
YIL173W	1914.372	1917.357	1920.062	1969.805	1957.43	1956.726
YIL174W	75.043	74.923	74.344	74.922	74.37	74.492
YIL175W	97.981	96.884	97.72	100.775	99.052	99.567
YIL176C	202.884	202.579	204.247	183.613	182.939	185.261
YIL177C	3448.39016666667	3448.39016666667	3448.39016666667	3448.39016666667	3448.39016666667	3448.39016666667
YIR001C	347.746	348.335	351.493	361.028	359.35	362.69
YIR002C	2399.021	2435.745	2440.346	2486.124	2485.525	2487.251
YIR003W	938.516	956.605	949.348	938.758	946.473	946.232
YIR004W	481.08	495.384	495.972	497.054	507.411	507.215
YIR005W	238.849	240.685	244.325	248.78	247.75	250.126
YIR006C	5336.016	5618.76	5717.728	5215.816	5365.584	5432.144
YIR007W	884.574	890.171	886.337	902.679	901.667	897.463
YIR008C	506.629	510.906	512.478	519.113	518.744	520.683
YIR009W	120.392	121.461	120.735	118.101	118.205	118.404
YIR010W	981.209	1007.769	1020.31	994.587	1016.189	1028.538
YIR011C	659.903	671.633	681.849	579.121	582.868	591.332
YIR012W	395.553	398.314	398.303	393.392	395.645	394.86
YIR013C	202.21	208.581	206.889	184.934	188.103	188.909
YIR014W	196.975	199.021	198.735	198.855	200.442	199.788
YIR015W	162.222	165.109	164.584	162.016	163.697	163.725
YIR016W	837.979	861.89	864.232	723.809	732.996	742.969
YIR017C	319.577	325.189	324.148	307.359	310.294	311.498
YIR018C-A	476.72	473.521	465.024	498.183	480.211	479.463
YIR018W	241.212	242.381	240.929	240.375	241.309	241.56
YIR019C	1185.096	1151.522	1151.928	1149.259	1119.52	1131.895
YIR020C	118.274	116.173	117.954	121.735	118.727	119.288
YIR021W	300.342	296.27	297.961	305.199	300.842	300.684
YIR021W-A	118.464	116.041	117.315	125.587	121.852	122.275
YIR022W	180.184	177.072	177.244	182.418	178.096	178.51
YIR023W	1656.91	1628.524	1642.153	1659.426	1622.101	1633.816
YIR024C	376.305	381.579	381.184	392.914	392.105	390.789
YIR025W	338.618	347.102	342.733	348.328	354.115	350.654
YIR026C	267.621	268.315	266.488	267.986	267.951	266.875
YIR027C	538.518	542.174	538.269	535.984	535.683	535.514
YIR028W	592.353	592.269	591.795	598.363	595.12	594.89
YIR029W	323.155	329.514	328.393	327.955	332.718	330.817
YIR030C	549.543	556.385	559.088	576.572	575.903	575.669
YIR031C	666.911	669.202	669.674	677.155	673.326	673.321
YIR032C	190.33	192.483	191.108	186.902	188.362	188.179
YIR033W	3165.518	3305.888	3311.063	3206.544	3279.431	3327.476
YIR034C	404.02	404.33	404.333	407.032	406.004	407.588
YIR035C	347.374	349.375	348.272	327.983	327.478	328.354
YIR036C	586.023	593.188	595.046	535	540.533	545.423
YIR037W	144.929	145.186	143.723	148.269	147.392	146.277
YIR038C	176.226	177.353	177.458	179.139	180.099	179.47
YIR039C	825.465	826.587	826.217	844.744	836.537	834.595
YIR041W	2102.591	2050.999	2287.126	1366.552	1280.79	1399.543
YIR042C	281.859	284.079	284.476	290.478	290.774	290.088
YIR043C	531.879	531.992	539.03	552.775	546.637	546.572
YJL001W	263.265	265.149	264.604	267.213	266.834	266.893
YJL002C	573.309	574.067	580.974	591.449	588.259	592.559
YJL003W	250.153	250.263	249.493	260.599	257.671	255.898
YJL004C	2318.716	2105.11	2261.489	2221.892	1999.424	2076.744
YJL005W	3178.501	3192.811	3204.818	3221.927	3204.655	3213.766
YJL006C	1044.522	1055.101	1048.191	1093.988	1083.641	1081.349
YJL007C	384.754	384.655	382.79	390.846	382.241	382.977
YJL008C	772.323	785.078	781.369	755.129	759.67	756.196
YJL010C	1165.749	1179.952	1192.431	1212.257	1211.745	1216.714
YJL011C	164.148	165.06	165.58	170.053	169.882	169.718
YJL012C	749.727	746.264	745.36	766.873	759.784	758.332
YJL013C	1793.607	1857.31	1859.739	1805.309	1839.686	1831.875
YJL014W	506.436	510.334	508.366	511.813	512.873	510.281
YJL016W	635.725	639.39	642.055	657.673	655.976	655.321
YJL019W	1274.503	1267.452	1270.266	1306.667	1282.665	1280.044
YJL020C	2526.437	2548.744	2605.822	2214.108	2217.838	2271.323
YJL023C	581.639	584.11	586.592	607.517	603.27	603.155
YJL024C	404.035	409.183	406.719	416.12	415.056	412.122
YJL025W	581.979	580.249	582.509	588.87	584.911	588.118
YJL026W	307.63	306.248	306.665	308.036	306.62	306.784
YJL027C	3540.095	3496.199	3714.569	2368.138	2239.066	2375.476
YJL028W	402.567	409.647	429.812	330.211	334.029	345.599
YJL029C	1655.275	1688.098	1701.876	1658.205	1672.053	1691.885
YJL030W	162.791	164.659	164.227	166.183	166.757	165.969
YJL031C	939.175	986.212	990.912	974.236	1004.25	1008.128
YJL033W	1440.278	1467.352	1484.56	1478.636	1488.34	1493.81
YJL034W	694.17	704.293	704.879	682.213	688.037	689.925
YJL035C	285.319	292.506	290.787	287.955	293.064	292.564
YJL036W	566.156	573.952	576.668	585.801	588.769	589.842
YJL037W	297.23	301.737	302.523	306.664	307.747	308.413
YJL038C	315.066	316.831	320.123	329.413	329.502	330.325
YJL039C	3081.481	3097.693	3125.592	3199.426	3182.357	3196.203
YJL041W	981.319	979.468	981.478	996.026	990.677	993.358
YJL042W	3811.315	3867.511	3898.757	3427.996	3436.028	3469.171
YJL043W	2877.84	2957.222	3133.356	2010.845	1996.372	2103.996
YJL044C	781.871	776.516	779.208	799.435	785.747	785.688
YJL045W	702.336	709.1	704.573	701.046	704.131	703.175
YJL046W	1005.872	1006.177	1012.956	1046.348	1029.666	1031.199
YJL047C	1124.794	1130.014	1133.64	1166.234	1159.81	1163.062
YJL047C-A	69.029	70.418	71.147	72.221	72.396	73.409
YJL048C	377.782	377.951	379.028	376.451	375.088	376.086
YJL049W	1263.331	1266.46	1260.273	1310.593	1288.963	1284.739
YJL050W	1327.35	1348.53	1347.053	1363.369	1372.212	1368.042
YJL051W	1169.695	1155.078	1156.727	1211.217	1177.963	1178.667
YJL052C-A	49	49	49	49	49	49
YJL052W	274.04	272.062	270.904	268.164	266.718	266.647
YJL053W	427.297	431.654	433.515	439.331	440.983	442.177
YJL054W	388.886	392.546	391.25	391.861	394.313	393.638
YJL055W	237.317	239.869	236.288	236.408	236.976	234.179
YJL056C	2777.65	2776.616	2861.156	2454.991	2415.497	2480.096
YJL057C	809.258	809.136	812.478	835.199	829.695	830.685
YJL058C	2094.824	2177.777	2218.143	2184.186	2239.111	2275.406
YJL059W	569.588	567.014	573.355	588.462	581.102	584.936
YJL060W	655.588	655.425	660.094	670.942	660.721	662.607
YJL061W	1245.999	1258.014	1274.244	1297.271	1290.808	1297.612
YJL062W	1383.78	1368.521	1371.588	1391.666	1361.613	1362.805
YJL062W-A	361.566	347.708	350.245	318.985	304.261	307.921
YJL063C	864.784	883.471	906.867	690.945	695.155	711.352
YJL065C	213.451	213.505	212.744	204.825	204.626	205.564
YJL066C	234.529	234.443	233.654	231.435	232.174	232.297
YJL068C	363.935	361.502	362.829	347.123	343.904	345.02
YJL069C	811.567	809.415	808.099	811.863	804.174	804.018
YJL070C	2711.126	2689.962	2694.156	2697.859	2633.471	2632.013
YJL071W	764.344	766.348	770.634	792.566	786.932	789.344
YJL072C	387.96	398.113	400.518	396.493	401.014	404.74
YJL073W	1683.616	1696.104	1696.344	1736.279	1721.727	1727.26
YJL074C	2731.937	2765.559	2793.196	2834.992	2825.487	2842.334
YJL075C	152.285	149.115	151.048	156.426	152.709	153.749
YJL076W	1614.468	1616.702	1620.945	1598.378	1594.059	1596.352
YJL077C	179.462	180.511	180.107	179.641	178.318	178.184
YJL077W-A	38	38	38	38	38	38
YJL077W-B	76.696	80.505	82.699	80.664	82.396	84.319
YJL078C	1927.462	1925.724	1970.508	1657.302	1646.546	1686.291
YJL079C	727.635	703.717	712.809	654.083	630.177	644.049
YJL080C	1306.036	1309.64	1317.349	1337.713	1332.8	1337.34
YJL081C	630.429	635.946	636.931	648.236	649.209	649.096
YJL082W	819.843	836.18	844.912	843.845	854.737	860.147
YJL083W	796.386	806.598	806.542	757.727	762.334	767.317
YJL084C	1927.685	1913.418	1927.102	1987.744	1948.321	1957.173
YJL085W	1277.105	1276.33	1279.357	1318.362	1297.98	1300.829
YJL087C	1860.304	1885.38	1884.638	1923.357	1916.006	1916.467
YJL088W	552.694	550.398	556.724	574.519	566.738	570.436
YJL089W	9383.793	9543.168	9670.954	9593.222	9563.519	9723.944
YJL090C	7434.967	7383.487	7384.494	7324.389	7183.648	7186.647
YJL091C	736.345	724.226	732.178	772.546	750.238	751.94
YJL092W	2152.494	2159.831	2176.375	2225.91	2208.262	2218.594
YJL093C	1557.608	1544.465	1524.66	1565.472	1535.044	1525.312
YJL094C	1278.953	1273.332	1277.349	1325.939	1306.752	1310.132
YJL095W	3008.653	3062.535	3079.88	3076.548	3089.74	3109.28
YJL096W	260.513	266.903	267.464	266.35	270.797	276.352
YJL097W	296.897	302.997	306.929	306.688	308.832	313.793
YJL098W	1444.638	1468.989	1472.448	1495.594	1502.913	1504.749
YJL099W	4462.366	4732.496	4831.264	4464.316	4624.113	4719.418
YJL100W	1228.809	1261.532	1268.541	1175.615	1194.614	1207.294
YJL101C	961.932	966.639	971.454	973.984	970.533	974.434
YJL102W	1560.275	1579.006	1586.484	1607.393	1603.903	1611.49
YJL103C	1138.36	1146.801	1157.913	1180.699	1176.25	1183.276
YJL104W	226.128	229.539	227.524	234.598	235.118	232.36
YJL105W	943.099	956.527	960.169	975.655	975.811	975.91
YJL106W	957.808	959.571	962.645	990.04	980.085	981.691
YJL107C	480.746	490.163	489.598	493.999	497.785	497.967
YJL108C	302.388	299.423	301.53	304.579	300.789	300.287
YJL109C	9846.034	10006.421	10181.714	9786.547	9725.793	9871.487
YJL110C	798.112	799.663	801.514	815.189	808.256	811.618
YJL111W	740.673	747.309	752.235	751.837	753.528	755.381
YJL112W	1407.535	1425.052	1425.359	1419.221	1417.407	1417.891
YJL113W	14729.686	14760.709	14703.636	14660.199	14403.014	14375.864
YJL114W	1954.839	1935.839	1954.246	1949.757	1915.048	1938.685
YJL115W	371.817	380.641	375.067	365.709	370.761	368.667
YJL116C	319.356	316.685	316.074	311.839	309.67	309.469
YJL117W	243.592	243.288	243.032	247.683	246.713	246.05
YJL118W	428.618	435.871	434.668	396.007	397.504	399.786
YJL121C	373.058	375.064	377.816	343.459	342.491	346.198
YJL122W	208.395	215.636	214.852	203.895	209.157	211.542
YJL123C	493.857	498.438	495.614	502.836	505.249	502.935
YJL124C	140.03	143.268	143.504	143.829	146.526	146.363
YJL125C	368.504	373.944	374.722	379.787	382.354	381.487
YJL126W	291.419	295.561	296.311	296.291	299.223	299.483
YJL127C	710.124	718.853	717.529	725.615	730.328	728.434
YJL127C-B	49	49	49	49	49	49
YJL128C	649.296	653.523	654.728	656.215	657.666	659.078
YJL129C	2075.731	2057.939	2070.156	2127.682	2088.123	2089.764
YJL130C	2125.447	2126.216	2137.853	2170.191	2159.761	2161.137
YJL131C	723.668	731.848	734.213	757.617	755.749	755.55
YJL132W	888.506	886.485	894.155	915.862	907.214	909.1
YJL133C-A	1673.602	1607.459	1740.466	1196.601	1112.974	1175.707
YJL133W	376.827	377.293	373.163	370.692	367.532	367.226
YJL134W	655.247	674.585	680.296	595.508	601.537	609.795
YJL136C	64.012	64.126	63.9	63.884	63.78	63.59
YJL136W-A	35	35	35	35	35	35
YJL137C	1216.497	1295.017	1300.292	1226.54	1287.115	1278.206
YJL138C	312.937	311.867	313.081	316.268	314.729	315.126
YJL139C	541.63	548.364	551.395	559.108	561	561.291
YJL140W	335.693	346.556	345.297	345.107	351.395	349.222
YJL141C	1263.995	1281.808	1285.594	1275.206	1276.942	1284.449
YJL142C	1083.746	1041.711	1019.613	1099.983	1036.186	1037.084
YJL143W	164.803	165.693	162.767	161.44	160.788	159.716
YJL144W	388.622	391.328	395.029	327.012	324.232	328.259
YJL145W	301.76	303.476	307.749	311.93	312.735	313.517
YJL146W	665.496	661.852	662.558	686.485	675.506	674.242
YJL147C	1376.935	1437.202	1449.349	1431.895	1473.661	1478.586
YJL148W	196.711	196.657	196.603	203.622	201.992	201.386
YJL149W	1080.737	1070.848	1080.925	1118.092	1098.238	1104.74
YJL151C	681.566	703.376	732.897	528.785	536.147	554.829
YJL153C	465.589	465.687	465.037	466.664	466.145	466.127
YJL154C	1764.952	1775.599	1789.023	1823.016	1812.829	1817.486
YJL155C	913.024	932.22	930.282	948.48	953.475	955.66
YJL156C	4823.222	4808.367	4897.298	4805.653	4713.376	4767.493
YJL157C	941.484	945.821	945.807	969.08	966.123	964.045
YJL158C	793.729	742.489	754.553	660.128	615.308	622.916
YJL159W	605.413	597.343	598.798	576.341	567.616	575.244
YJL160C	430.13	428.708	435.255	395.378	392.035	396.205
YJL161W	116.088	115.882	117.372	117.826	117.8	118.346
YJL162C	915.988	935.461	939.116	950.839	958.147	960.655
YJL163C	493.958	494.87	492.13	499.854	497.459	495.482
YJL164C	370.235	372.468	372.09	378.988	378.71	377.537
YJL165C	1201.831	1214.014	1219.429	1233.201	1234.66	1237.949
YJL166W	284.919	296.842	296.853	291.405	297.81	301.309
YJL167W	284	285.642	287.536	287.235	288.975	289.607
YJL168C	1610.802	1632.971	1632.348	1658.79	1656.773	1663.287
YJL170C	168.482	167.037	166.901	170.211	168.771	168.717
YJL171C	302.835	300.649	301.039	306.539	303.765	303.145
YJL172W	664.959	660.002	665.017	650.017	642.737	646.938
YJL173C	107.46	109.398	109.311	111.16	111.884	111.455
YJL174W	181.486	180.653	180.268	180.997	180.46	180.549
YJL176C	2574.207	2639.939	2642.783	2627.471	2629.669	2642.401
YJL177W	114.73	114.784	114.85	113.692	113.856	114.005
YJL178C	274.83	280.704	279.287	274.189	277.802	277.123
YJL179W	365.805	365.354	367.468	374.758	367.253	368.032
YJL180C	388.912	392.476	391.329	401.97	401.121	399.439
YJL181W	3808.964	3886.284	3975.34	3764.746	3753.598	3855.786
YJL183W	626.932	629.752	629.678	646.46	641.771	642.135
YJL184W	316.987	326.578	327.013	287.337	295.418	299.79
YJL185C	435.891	429.357	433.975	413.351	406.047	410.475
YJL186W	642.13	638.421	640.762	647.702	640.54	642.431
YJL187C	1503.581	1538.121	1546.45	1551.353	1575.852	1595.714
YJL189W	49	49	49	49	49	49
YJL190C	80.393	81.017	80.805	80.465	80.962	80.587
YJL191W	181.543	185.359	183.073	170.464	172.807	173.915
YJL192C	250.532	249.095	250.911	254.075	250.986	251.826
YJL193W	1105.876	1133.895	1162.805	1141.954	1156.072	1173.506
YJL194W	759.467	751.976	758.115	727.061	715.744	721.595
YJL196C	370.548	366.543	367.602	361.76	356.025	356.042
YJL197W	3922.512	4070.99	4065.417	3874.242	3922.367	3929.631
YJL198W	1280.641	1261.84	1271.588	1261.224	1238.278	1243.532
YJL199C	93.706	93.897	93.124	92.109	92.269	92.27
YJL200C	1051.972	1071.309	1073.641	1033.77	1042.69	1049.016
YJL201W	1227.86	1219.07	1223.708	1255.635	1227.771	1229.109
YJL203W	278.365	283.755	283.526	284.896	287.762	287.782
YJL204C	21447.215	21555.754	21633.148	21169.773	20925.91	20929.899
YJL205C	49	49	49	49	49	49
YJL206C	980.377	990.7	999.852	1013.37	1016.14	1020.487
YJL207C	9242.319	9142.82	9150.883	9412.102	9152.214	9154.825
YJL208C	344.172	349.091	350.37	350.58	354.152	356.248
YJL209W	1181.361	1191.859	1200.45	1226.185	1220.334	1224.377
YJL210W	403.323	410.375	406.739	378.898	381.359	381.641
YJL212C	2160.412	2158.167	2171.422	2137.913	2102.333	2109.984
YJL213W	432.331	441.824	441.778	440.204	446.548	446.82
YJL214W	553.609	550.158	552.929	560.259	554.477	552.999
YJL216C	525.469	529.014	529.91	534.672	535.38	535.372
YJL217W	133.215	133.162	132.95	133.269	133.156	132.613
YJL218W	212.2	214.733	215.291	219.41	219.291	219.859
YJL219W	492.176	489.889	488.746	488.567	486.273	485.809
YJL222W	1917.747	1920.99	1923.594	1972.863	1960.658	1960.053
YJL225C	3273.281	3237.148	3288.935	2882.684	2855.014	2886.001
YJR001W	581.045	576.603	578.728	591.504	585.128	586.715
YJR002W	602.78	603.269	607.501	618.138	616.169	617.855
YJR003C	2114.29	2071.095	2087.605	2172.846	2085.185	2095.218
YJR004C	568.815	560.141	564.852	579.492	570.275	571.609
YJR005C-A	78.455	80.423	79.66	78.35	80.468	80.323
YJR005W	1329.941	1321.335	1330.866	1387.17	1358.938	1369.403
YJR006W	608.392	623.16	627.564	627.169	634.235	637.258
YJR007W	427.675	435.317	436.628	443.48	446.181	446.294
YJR008W	249.118	250.656	250.384	252.049	252.37	251.798
YJR009C	330.175	326.705	325.339	319.817	315.964	316.739
YJR010C-A	71.336	72.234	72.57	73.647	74.308	74.253
YJR010W	439.988	444.693	443.942	444.043	446.564	446.977
YJR011C	1300.577	1297.305	1287.073	1314.597	1294.396	1282.516
YJR012C	111.525	111.538	110.803	113.113	112.628	112.343
YJR013W	572.668	565.91	568.925	585.099	572.379	574.518
YJR014W	172.117	175.938	175.934	174.986	178.059	177.65
YJR015W	435.716	434.787	437.365	441.266	439.307	441.059
YJR016C	598.443	603.285	603.23	574.168	576.204	578.426
YJR017C	2616.566	2719.598	2763.993	1884.225	1878.146	1996.213
YJR019C	849.162	845.276	851.977	764.538	757.044	765.308
YJR021C	1100.012	1134.697	1140.115	1064.571	1079.307	1087.921
YJR022W	145.196	146.245	148.619	150.096	151.451	153.838
YJR024C	182.702	183.885	182.62	181.968	182.976	182.385
YJR025C	135.293	136.574	136.138	136.932	137.861	137.201
YJR026W	1142.5055	1142.5055	1142.5055	1142.5055	1142.5055	1142.5055
YJR027W	2444.848	2452.343	2455.248	2519.056	2499.18	2508.069
YJR028W	1002.16966666667	1002.16966666667	1002.16966666667	1002.16966666667	1002.16966666667	1002.16966666667
YJR029W	2532.922	2531.841	2527.825	2614.436	2578.947	2583.78
YJR030C	966.261	969.552	977.928	1000.897	996.398	1001.054
YJR031C	6996.503	6838.165	6996.354	7062.755	6821.429	6885.633
YJR032W	1170.527	1174.393	1181.013	1202.492	1183.691	1194.488
YJR033C	2033.079	2040.653	2048.024	2089.093	2075.438	2078.503
YJR034W	71.148	71.646	71.101	70.706	71.192	70.92
YJR035W	1410.589	1438.081	1441.148	1437.672	1452.336	1454.599
YJR036C	2075.96	2107.059	2114.351	2141.837	2138.59	2136.375
YJR039W	2474.694	2442.04	2455.111	2543.953	2476.681	2483.338
YJR040W	1027.207	1029.632	1034.357	1031.428	1029.489	1032.688
YJR041C	2680.109	2683.91	2702.96	2790.404	2753.203	2762.967
YJR042W	1298.245	1324.909	1342.714	1332.859	1340.553	1346.262
YJR043C	543.987	555.344	556.547	562.876	567.891	570.157
YJR044C	1521.983	1499.391	1494.659	1478.733	1445.491	1460.566
YJR045C	573.332	572.32	572.675	571.118	569.267	569.444
YJR046W	932.295	945.085	945.75	881.96	885.013	890.131
YJR047C	160.91	164.847	164.509	156.081	159.008	159.629
YJR048W	85.684	88.528	88.955	86.347	89.367	89.379
YJR049C	776.838	780.302	784.108	736.441	732.119	732.574
YJR050W	241.188	244.798	244.735	248.553	250.355	249.532
YJR051W	782.75	765.964	763.018	807.766	784.982	781.748
YJR052W	567.604	566.907	570.571	583.819	579.958	580.19
YJR053W	800.973	811.791	816.962	832.541	834.789	838.753
YJR054W	1979.928	1963.653	1984.522	2026.742	1984.983	1994.796
YJR055W	295.41	299.871	297.172	313.62	312.393	310.271
YJR056C	274.244	277.832	279.958	279.474	282	281.598
YJR057W	261.445	264.584	266.226	269.532	270.005	269.244
YJR058C	154.428	157.633	156.409	157.552	159.572	158.426
YJR059W	951.141	958.846	959.815	953.688	956.885	958.928
YJR060W	337.025	346.13	341.666	331.965	339.053	336.982
YJR061W	1284.859	1301.572	1311.357	1333.767	1340.846	1346.62
YJR062C	902.37	895.711	917.241	930.876	915.964	925.707
YJR063W	81.725	81.749	81.983	82.151	82.252	82.173
YJR064W	723.349	737.36	740.317	739.02	744.222	747.375
YJR065C	588.949	595.406	595.683	576.907	578.849	581.851
YJR066W	5801.49	5809.4	5737.655	5825.946	5745.809	5699.363
YJR067C	124.094	125.139	125.806	126.642	127.077	127.262
YJR068W	382.226	385.25	385.339	392.555	391.976	391.896
YJR069C	210.837	214.16	212.109	212.049	214.891	213.288
YJR070C	308.548	312.577	310.493	302.742	306.022	306.016
YJR072C	391.389	397.231	392.982	388.285	392.602	391.503
YJR073C	271.076	272.829	271.206	256.96	257.29	258.441
YJR074W	290.901	296.719	293.038	276.667	280.936	280.504
YJR075W	432.723	432.663	434.164	441.282	438.465	441.133
YJR076C	416.847	415.844	417.025	426.086	423.475	422.684
YJR077C	868.035	830.655	855.531	725.518	692.991	708.888
YJR078W	557.095	565.447	560.89	552.365	558.356	556.51
YJR079W	1046.151	1000.174	1012.406	1023.815	957.769	958.88
YJR080C	450.471	452.423	454.061	461.931	460.26	459.167
YJR082C	98.791	100.028	99.924	100.68	101.326	101.364
YJR083C	828.667	861.834	867.437	862.6	878.875	883.382
YJR084W	510.462	521.311	520.548	522.056	528.086	527.753
YJR085C	74.445	73.113	71.926	73.586	72.38	71.979
YJR086W	412.953	404.983	413.881	428.874	415.254	421.698
YJR088C	372.078	373.45	375.288	387.749	384.862	384.295
YJR089W	6602.566	7008.138	7069.605	6525.52	6770.38	6888.733
YJR090C	5380.784	5360.112	5366.93	5446.57	5341.654	5357.933
YJR091C	1330.59	1318.93	1324.928	1346.356	1327.478	1332.086
YJR092W	1849.862	1863.272	1873.185	1898.788	1896.946	1899.672
YJR093C	329.908	332.324	331.67	331.525	332.527	332.706
YJR094C	1569.44	1603.435	1622.922	1605.853	1602.821	1629.075
YJR094W-A	56.466	56.954	55.896	55.72	55.983	55.526
YJR095W	294.712	291.086	288.668	295.24	290.692	289.363
YJR096W	206.969	206.914	207.479	209.942	210.109	209.647
YJR097W	217.165	213.161	214.247	227.288	220.93	219.998
YJR098C	845.344	855.025	855.69	877.831	877.366	876.805
YJR099W	398.516	398.141	400.558	411.867	404.317	407.407
YJR100C	358.528	357.171	357.904	373.549	368.898	367.498
YJR101W	266.185	267.981	268.4	275.381	275.037	274.37
YJR102C	285.692	286.178	286.295	296.177	292.218	292.317
YJR103W	756.365	763.301	758.84	693.515	695.339	694.952
YJR104C	193.06	192.378	191.405	186.271	186.483	186.685
YJR105W	765.944	761.184	770.957	672.205	666.204	675.45
YJR106W	1368.948	1388.534	1392.635	1387.932	1387.884	1398.523
YJR107C-A	55.66	57.262	56.994	56.456	57.792	57.772
YJR107W	352.219	353.953	354.745	361.952	361.311	360.539
YJR108W	81.013	81.709	81.678	81.88	82.392	82.156
YJR109C	1296.985	1313.029	1316.214	1336.453	1338.114	1339.087
YJR110W	3072.479	3054.589	3056.959	3049.728	2961.807	2968.654
YJR111C	327.29	326.647	327	328.042	325.099	327.16
YJR112W	582.748	603.806	613.717	467.588	477.329	491.28
YJR112W-A	103.604	104.921	104.704	100.937	102.394	102.023
YJR113C	780.455	794.523	797.19	694.954	701.442	711.623
YJR115W	277.558	271.935	273.758	267.347	262.281	263.621
YJR116W	479.952	469.434	473.974	440.971	429.908	435.769
YJR117W	364.381	361.28	363.328	371.472	367.702	368.336
YJR118C	794.705	777.784	801.659	816.165	787.567	796.288
YJR119C	1921.918	1951.982	1962.24	1984.604	1984.948	1989.218
YJR120W	21212.045	21470.97	22572.84	17387.444	17289.845	17938.186
YJR121W	457.349	455.698	455.411	456.929	454.501	454.396
YJR122W	844.035	863.453	867.833	869.096	877.333	883.276
YJR123W	215.231	215.372	215.899	207.931	207.329	208.787
YJR124C	463.356	461.59	464.523	475.653	470.435	470.726
YJR125C	558.664	561.016	559.39	566.462	564.607	564.385
YJR126C	1016.528	1042.061	1037.641	1011.846	1024.683	1021.77
YJR127C	1833.831	1738.839	1757.167	1757.684	1676.852	1684.02
YJR128W	297.354	292.152	291.778	275.657	268.588	271.194
YJR129C	295.675	297.021	294.638	297.945	298.978	296.909
YJR130C	788.024	801.003	799.426	807.47	809.824	808.326
YJR131W	846.316	865.172	868.65	857.758	869.556	872.695
YJR132W	1815.032	1814.034	1810.09	1887.587	1860.203	1854.43
YJR133W	207.712	211.976	213.617	211.424	214.475	215.268
YJR134C	4098.435	4053.418	4108.741	4139.597	4033.141	4085.543
YJR135C	316.686	316.731	315.265	329.955	324.802	323.961
YJR135W-A	89.271	88.795	90.336	92.411	91.549	92.44
YJR136C	519.845	520.425	523.112	536.747	533.321	532.861
YJR137C	1761.08	1782.508	1782.919	1804.993	1808.199	1811.263
YJR138W	5863.505	5858.064	5828.817	5914.693	5829.441	5813.014
YJR139C	524	518.894	525.232	484.594	474.452	476.527
YJR140C	2897.181	2821.81	2847.343	3020.434	2911.856	2924.169
YJR141W	468.52	472.218	478.359	489.346	488.862	491.196
YJR142W	374.23	379.831	379.841	387.266	390.552	389.155
YJR143C	774.909	780.861	785.539	790.878	791.852	794.028
YJR144W	434.723	439.405	440.702	406.744	409.882	416.238
YJR145C	172.958	172.662	172.012	171.138	170.997	170.452
YJR146W	250.436	253.913	255.774	233.015	234.738	237.121
YJR147W	578.244	574.568	574.572	542.898	536.281	540.081
YJR148W	396.203	400.063	397.681	389	391.192	391.939
YJR149W	1342.288	1332.548	1368.15	1403.394	1376.602	1401.064
YJR150C	367.628	368.415	368.29	343.159	341.006	343.481
YJR151C	833.289	810.569	814.785	821.473	801.477	806.399
YJR151W-A	3.07	3.07	3.07	3.07	3.07	3.07
YJR152W	593.901	603.201	603.467	610.364	614.162	614.073
YJR153W	315.769	313.238	313.5	322.747	318.967	317.709
YJR154W	405.907	411.241	411.052	412.868	415.266	414.474
YJR155W	244.611	249.529	248.897	248.905	252.88	252.355
YJR156C	336.862	337.034	337.917	322.214	321.353	323.212
YJR158W	1655	1655	1655	1655	1655	1655
YJR159W	550.751	543.19	542.982	498.596	490.231	489.866
YJR160C	699.153	705.657	707.097	714.461	716.11	714.828
YJR161C	366.96	362.982	365.864	377.32	371.279	370.537
YKL001C	163.511	164.598	164.175	165.5	165.466	164.995
YKL002W	406.937	410.951	410.509	417.582	416.709	417.303
YKL003C	126.691	128.538	129.441	129.491	130.497	130.825
YKL004W	319.001	310.947	313.098	323.148	314.659	314.297
YKL005C	792.231	805.376	811.324	810.466	819.128	823.568
YKL006C-A	75.21	75.906	75.626	77.043	76.937	76.834
YKL006W	129.237	130.268	130.889	128.204	129.54	130.131
YKL007W	609.48	650.404	649.186	624.531	648.379	650.337
YKL008C	543.842	546.887	544.182	559.124	555.062	552.8
YKL009W	230.673	233.542	234.349	237.107	238.429	238.506
YKL010C	2244.833	2273.649	2275.887	2320.976	2321.454	2316.164
YKL011C	755.501	781.984	789.671	793.778	808.379	812.25
YKL012W	869.487	881.003	887.872	898.132	903.319	908.064
YKL013C	210.124	209.627	208.861	217.042	213.488	213.145
YKL014C	4354.997	4372.776	4384.954	4531.356	4477.497	4490.377
YKL015W	2619.414	2604.867	2626.489	2715.25	2659.233	2672.267
YKL016C	134.756	134.227	135.285	136.969	136.364	136.251
YKL017C	1729.65	1782.303	1792.264	1770.404	1796.208	1807.089
YKL018C-A	69.772	70.988	69.732	69.462	70.656	69.702
YKL018W	621.31	612.093	614.557	642.542	624.574	626.158
YKL019W	366.893	366.421	365.64	355.704	354.496	355.619
YKL020C	1768.308	1770.76	1776.574	1805.311	1785.887	1789.01
YKL021C	777.234	779.5	781.954	805.321	799.655	799.928
YKL022C	1108.919	1114.048	1116.001	1150.262	1143.504	1139.998
YKL023C-A	54.728	53.984	54.546	55.901	55.147	55.276
YKL023W	330.399	343.413	341.407	336.152	346.225	345.013
YKL024C	246.715	247.859	250.155	234.625	234.577	235.674
YKL025C	2978.381	3037.433	3048.303	3020.316	3029.507	3047.453
YKL026C	184.737	183.904	184.895	191.755	189.519	188.694
YKL027W	521.805	531.627	532.363	524.197	530.994	528.838
YKL028W	551.36	562.632	561.096	566.431	570.797	569.879
YKL029C	1662.589	1704.94	1712.264	1441.421	1451.765	1472.616
YKL032C	4652.081	4339.53	4575.852	3310.061	2950.563	3134.181
YKL033W	2535.019	2556.338	2556.854	2609.071	2589.55	2597.912
YKL033W-A	257.366	255.581	255.386	263.961	260.493	258.973
YKL034W	1206.658	1183.274	1182.615	1237.99	1199.553	1197.844
YKL035W	497.221	497.006	499.482	495.372	494.67	494.55
YKL037W	522.173	517.977	525.702	422.056	411.932	424.89
YKL038W	5050.842	4855.221	4899.897	4816.503	4557.725	4577.788
YKL039W	712.961	717.854	719.728	736.061	733.693	731.958
YKL040C	650.838	616.811	619.709	655.519	612.224	609.029
YKL041W	268.776	272.281	269.982	276.149	276.535	274.576
YKL042W	661.408	700.546	703.029	687.49	714.186	717.302
YKL043W	285.481	286.637	285.303	282.234	283.62	284.329
YKL044W	139.033	138.006	138.03	142.724	138.934	139.483
YKL045W	653.039	657.703	661.669	668.015	667.435	669.437
YKL046C	393.101	393.601	390.968	392.883	392.028	389.639
YKL047W	804.466	805.784	809.989	837.514	828.926	832.776
YKL048C	889.446	903.434	908.094	927.193	932.032	934.125
YKL049C	182.588	185.018	185.707	186.527	188.599	188.305
YKL050C	980.164	987.791	987.845	1002.339	1004.302	1004.111
YKL051W	370.241	368.378	367.924	366.783	362.613	363.247
YKL052C	754.369	781.866	766.21	650.068	664.736	667.212
YKL053C-A	84.328	85.122	84.723	84.386	84.724	84.522
YKL054C	1647.969	1649.219	1655.304	1557.857	1542.776	1553.317
YKL055C	284.379	290.582	288.022	282.173	286.036	284.507
YKL056C	110.255	111.157	110.827	109.491	110.527	110.387
YKL057C	2503.759	2499.328	2521.108	2605.628	2568.75	2582.43
YKL058W	336.786	333.524	335.549	285.367	280.28	282.817
YKL059C	438.211	438.997	437.539	441.075	440.626	439.739
YKL060C	251.32	249.942	249.073	247.46	247.346	247.767
YKL061W	205.893	209.781	211.619	216.953	218.614	219.141
YKL062W	804.495	805.149	808.005	815.193	809.022	812.443
YKL063C	365.047	373.191	374.202	381.223	385.382	386.467
YKL064W	926.385	929.311	930.806	949.701	946.776	944.447
YKL065C	199.924	200.223	201.71	205.631	205.282	205.482
YKL065W-A	242.543	236.312	238.888	244.634	236.044	237.739
YKL067W	245.929	243.939	247.918	253.724	250.606	251.775
YKL068W	1437.763	1434.396	1435.037	1466.076	1451.155	1448.46
YKL068W-A	72.854	72.946	74.717	75.284	75.011	75.752
YKL069W	299.861	313.781	314.375	300.409	308.855	312.372
YKL070W	132.894	133.358	133.27	135.092	135.201	135.121
YKL071W	209.362	208.434	210.22	213.58	212.539	212.597
YKL072W	3756.051	4352.354	4387.622	3694.14	4138.654	4145.258
YKL073W	1342.228	1344.935	1346.611	1391.895	1378.059	1375.596
YKL074C	621.885	627.283	630.464	638.432	639.383	637.496
YKL075C	1224.706	1266.626	1270.968	1255.815	1273.857	1276.575
YKL077W	349.266	352.354	353.77	357.805	359.273	358.407
YKL078W	754.251	756.032	756.644	772.721	769.191	768.46
YKL079W	2793.251	2880.235	2884.753	2840.201	2879.597	2887.403
YKL080W	440.705	440.213	443.333	451.603	448.788	450.456
YKL081W	323.091	321.753	323.471	323.604	322.707	323.937
YKL082C	596.948	614.397	616.339	619.779	632.626	633.064
YKL084W	79.361	79.972	80.392	80.691	81.099	81.658
YKL085W	457.404	453.852	456.788	435.428	431.599	433.964
YKL086W	23815.846	24510.714	26683.866	16866.431	16431.937	17862.994
YKL087C	297.032	300.752	300.226	290.101	292.886	293.419
YKL088W	615.501	617.774	615.242	627.274	624.685	623.061
YKL089W	581.532	592.179	590.128	598.696	604.507	603.278
YKL090W	741.769	732.485	733.479	774.662	755.417	754.996
YKL091C	614.03	613.397	626.197	632.505	626.008	632.573
YKL092C	5486.45	5677.519	5782.861	5665.843	5750.373	5802.599
YKL093W	277.791	276.623	277.165	280.257	278.696	279.375
YKL094W	242.854	244.154	243.59	243.946	245.106	244.186
YKL095W	223.011	228.28	227.316	227.144	231.054	230.286
YKL096C-B	1016.694	976.092	956.828	975.998	906.529	903.276
YKL096W	1033.475	1086.061	1115.74	760.327	767.546	792.842
YKL096W-A	322.516	326.161	327.043	275.29	272.459	278.734
YKL097C	4386.635	4057.261	4320.769	3211.392	2921.947	3082.542
YKL098W	402.138	403.493	401.25	397.424	396.737	397.061
YKL099C	281.369	287.84	289.139	289.79	294.385	295.565
YKL100C	1096.343	1127.432	1140.743	1161.663	1180.176	1180.733
YKL101W	2787.671	2856.447	2875.008	2910.137	2943.376	2954.115
YKL102C	108.563	107.354	108.005	108.316	106.959	107.706
YKL103C	481.698	481.383	477.976	478.215	476.088	475.258
YKL104C	910.017	900.278	898.442	934.73	916.848	915.586
YKL104W-A	206	206	206	206	206	206
YKL105C	1245.561	1257.315	1260.775	1269.404	1275.322	1278.655
YKL106C-A	49	49	49	49	49	49
YKL106W	943.836	949.294	956.732	980.404	967.76	974.117
YKL107W	356.056	360.881	360.506	367.636	369.674	368.581
YKL108W	530.585	536.466	534.255	541.712	544.406	544.355
YKL109W	1002.118	978.572	983.119	1035.079	994.739	1000.177
YKL110C	321.028	320.148	320.711	329.402	326.308	326.984
YKL112W	1046.623	1059.003	1056.906	1076.579	1075.545	1075.741
YKL113C	723.053	721.306	727.366	743.102	733.296	736.197
YKL114C	667.424	676.355	677.988	688.027	686.297	686.304
YKL116C	733.775	755.211	755.395	750.679	763.016	767.741
YKL117W	417.857	426.786	424.655	401.086	400.979	402.304
YKL119C	331.962	331.723	335.601	344.515	340.611	341.359
YKL120W	282.721	283.341	283.878	289.657	288.943	288.12
YKL121W	3204.471	3221.781	3258.524	3249.458	3185.79	3226.155
YKL122C	1552.055	1563.862	1578.917	1589.708	1573.641	1582.16
YKL124W	729.512	740.026	740.984	757.415	758.501	757.269
YKL125W	1114.961	1101.983	1107.752	1144.575	1117.795	1121.945
YKL126W	1232.968	1250.423	1246.763	1257.404	1253.354	1253.218
YKL127W	698.935	698.413	704.274	720.378	713.086	715.727
YKL128C	449.32	450.79	458.92	409.193	406.79	410.279
YKL129C	7529.066	7389.154	7446.351	7428.284	7175.069	7213.289
YKL130C	344.385	336.105	337.656	359.466	348.133	348.658
YKL132C	446.519	446.948	448.573	459.512	457.596	456.974
YKL133C	723.289	732.931	738.421	749.426	750.119	753.492
YKL134C	1541.182	1561.432	1569.198	1587.83	1586.309	1588.779
YKL135C	1104.906	1123.808	1141.481	1150.686	1155.042	1166.563
YKL137W	325.981	336.714	334.683	340.847	344.233	340.67
YKL138C	197.425	195.735	196.509	207.354	202.764	203.553
YKL138C-A	50	50.393	51.252	51.9	52.228	52.365
YKL139W	4729.529	4820.44	4858.451	4662.467	4646.898	4715.705
YKL140W	697.024	693.337	700.202	721.637	713.725	715.954
YKL141W	174.593	168.781	168.83	169.154	163.835	165.3
YKL142W	172.062	172.295	173.045	176.212	176.104	175.556
YKL143W	580.157	588.39	589.919	600.742	604.748	602.491
YKL144C	287.453	290.55	290.81	299.215	298.454	298.126
YKL145W	326.56	330.54	328.458	328.728	332.528	330.498
YKL146W	1534.347	1546.271	1574.008	1312.548	1315.513	1331.311
YKL148C	2152.283	2178.827	2241.726	1591.866	1559.501	1630.241
YKL149C	934.125	938.786	945.146	960.294	952.25	960.494
YKL150W	219.089	218.492	218.912	220.206	219.13	219.33
YKL151C	436.082	449.435	441.177	439.638	449.361	450.669
YKL152C	379.675	383.02	390.062	333.814	338.209	345.458
YKL154W	351.079	356.935	358.654	360.475	362.674	363.143
YKL155C	854.183	867.84	872.633	887.426	893.241	893.824
YKL156W	49	49	49	49	49	49
YKL157W	1554.414	1560.101	1551.377	1614.217	1594.344	1591.403
YKL159C	257.441	257.996	257.703	267.167	265.377	265.237
YKL160W	631.657	658.078	672.454	632.222	647.876	661.955
YKL161C	579.149	590.279	595.709	602.378	609.123	612.156
YKL162C	743.635	748.078	751.991	775.51	769.194	772.643
YKL163W	338.626	333.974	332.832	331.132	326.145	327.743
YKL164C	293.978	288.823	288.226	288.825	284.187	286.472
YKL165C	5272.366	5100.516	5198.011	5112.695	4870.995	4873.001
YKL166C	344.057	347.824	347.153	351.539	353.427	351.903
YKL167C	150.947	155.531	155.4	159.121	161.965	161.709
YKL168C	1935.323	1951.99	1958.98	1978.73	1962.939	1965.229
YKL170W	98.465	100.946	100.017	99.071	101.14	100.569
YKL171W	1091.232	1092.739	1094.932	1104.354	1098.288	1100.175
YKL172W	849.62	837.525	846.442	886.585	868.438	879.79
YKL173W	3344.692	3428.867	3431.72	3422.383	3410.277	3411.978
YKL174C	800.934	794.037	795.196	823.788	810.684	808.754
YKL175W	422.254	418.52	420.042	422.821	418.367	418.533
YKL176C	992.24	992.607	997.794	1023.596	1016.617	1018.036
YKL178C	924.25	950.804	960.442	959.183	974.165	985.943
YKL179C	1526.302	1565.955	1576.062	1583.135	1600.261	1607.448
YKL180W	121.102	120.792	120.923	120.675	120.416	120.615
YKL181W	348.725	352.43	351.965	351.393	354.303	353.533
YKL182W	2702.512	2699.245	2717.117	2750.147	2719.128	2727.969
YKL183C-A	135.123	134.869	136.54	142.062	138.967	139.198
YKL183W	1398.907	1427.818	1491.28	1121.755	1139.018	1179.252
YKL184W	447.503	446.947	448.967	457.058	454.592	455.772
YKL185W	943.455	942.39	945.328	957.75	946.913	953.525
YKL186C	204.719	205.343	205.365	205.212	204.487	204.83
YKL187C	1103.215	1085.747	1098.05	1103.037	1081.267	1091.458
YKL188C	1504.302	1497.8	1503.802	1564.029	1536.703	1537.175
YKL189W	1049.922	1032.794	1030.536	1082.95	1044.551	1047.649
YKL190W	187.278	190.15	190.934	193.501	195.024	195.053
YKL191W	707.982	705.791	706.915	651.574	647.444	652.647
YKL192C	151.389	147.895	150.688	142.701	138.584	139.106
YKL193C	1140.973	1148.589	1154.058	1159.45	1151.055	1155.665
YKL194C	738.691	735.802	740.564	754.459	739.754	746.455
YKL195W	439.953	446.104	446.424	437.378	442.226	441.959
YKL196C	185.934	188.781	190.066	189.839	191.593	191.414
YKL197C	1444.884	1463.742	1464.602	1486.811	1489.913	1486.949
YKL198C	16931.616	16465.009	18254.692	12096.454	11359.282	12248.277
YKL201C	2257.536	2263.917	2271.71	2329.623	2305.098	2306.031
YKL203C	5283.339	5394.974	5395.285	5210.751	5206.571	5205.541
YKL204W	904.253	906.973	909.693	919.112	914.189	916.379
YKL205W	20931.098	21401.819	21293.048	20396.817	20357.094	20259.704
YKL206C	191.446	190.391	190.713	192.935	191.938	191.317
YKL207W	2571.986	2671.388	2725.561	1828.68	1847.654	1906.086
YKL208W	266.22	266.506	267.087	270.458	268.997	268.956
YKL209C	2387.613	2419.127	2430.436	2475.231	2480.278	2486.52
YKL210W	1742.82	1702.904	1684.444	1781.177	1721.404	1708.379
YKL211C	461.652	463.669	461.343	458.98	458.208	458.204
YKL212W	894.415	913.921	926.126	908.899	921.713	929.403
YKL213C	1346.973	1340.184	1333.282	1391.056	1360.75	1354.422
YKL214C	322.01	327.903	331.137	310.505	312.972	316.217
YKL215C	2617.691	2665.463	2688.04	2520.889	2539.509	2560.524
YKL216W	318.537	320.287	321.962	328.653	327.872	328.309
YKL217W	615.172	618.88	619.475	615.769	615.357	615.19
YKL218C	419.461	424.021	425.357	402.488	401.875	404.74
YKL219W	387.241	383.475	386.228	397.532	391.791	391.621
YKL220C	764.072	768.448	771.694	789.136	786.172	785.671
YKL221W	707.455	709.311	708.277	730.535	721.364	721.856
YKL222C	2122.71	2185.653	2208.051	2187.687	2212.362	2218.654
YKL224C	2105.603	2054.166	2290.108	1369.519	1283.932	1402.674
YKR001C	997.015	1013.32	1018.809	1033.516	1041.305	1043.543
YKR002W	854.396	853.748	861.113	889.781	882.243	883.278
YKR003W	499.003	498.953	503.668	516.53	513.033	514.143
YKR004C	2155.54	2209.691	2200.185	2193.6	2215.312	2224.56
YKR005C	763.663	763.712	773.217	749.43	743.572	749.043
YKR006C	1040.428	1131.354	1163.688	1077.956	1146.125	1171.721
YKR007W	296.058	299.971	299.425	293.725	295.999	296.251
YKR008W	5490.06	5698.201	5591.874	5549.486	5818.546	5787.835
YKR009C	922.523	921.404	922.406	938.727	932.887	931.158
YKR010C	1879.964	1940.804	1954.224	1917.634	1953.556	1962
YKR011C	803.063	793.939	811.157	840.342	823.764	831.864
YKR013W	377.924	374.47	374.595	366.655	363.112	366.796
YKR014C	402.726	412.654	409.207	417.042	418.409	413.511
YKR015C	6689.14	6456.899	6395.892	6791.767	6446.23	6478.515
YKR016W	2073.442	2144.257	2168.037	2129.403	2147.096	2161.602
YKR017C	1207.73	1230.742	1236.999	1245.365	1246.53	1257.081
YKR018C	661.075	667.381	666.308	673.793	676.894	675.215
YKR019C	648.313	653.245	653.735	646.548	649.463	651.162
YKR020W	201.078	202.87	202.156	205.252	205.645	205.523
YKR021W	1567.883	1583.691	1584.755	1593.267	1586.77	1593.245
YKR022C	445.348	451.792	452.664	465.51	466.881	466.094
YKR023W	932.818	951.22	953.441	975.743	981.604	981.08
YKR024C	792.25	797.151	796.46	813.648	811.978	809.891
YKR025W	276.48	279.866	277.487	276.031	278.329	276.746
YKR026C	391.974	396.047	394.602	402.407	401.458	399.618
YKR027W	1092.442	1089.413	1094.474	1132.352	1119.584	1119.709
YKR028W	1481.686	1491.304	1489.497	1530.948	1526.802	1521.619
YKR029C	1989.709	2054.21	2072.136	2073.175	2107.899	2125.401
YKR030W	1278.532	1281.613	1284.468	1285.281	1263.641	1261.548
YKR031C	2914.75	2947.828	2957.415	3018.181	3017.225	3025.57
YKR032W	117.213	112.974	113.31	115.666	111.458	111.392
YKR034W	312.02	315.163	314.433	304.903	306.886	308.115
YKR035W-A	320.323	322.674	324.506	322.15	321.464	322.455
YKR036C	698.213	706.096	705.274	716.766	718.051	716.681
YKR037C	265.353	264.149	263.303	268.778	266.434	265.338
YKR038C	633.949	642.507	652.498	551.916	552.92	561.465
YKR039W	604.179	600.519	597.844	601.071	595.52	593.29
YKR041W	752.783	773.01	776.204	638.331	643.229	653.567
YKR042W	2328.72	2313.853	2451.963	1758.968	1727.626	1816.311
YKR043C	352.163	359.966	356.31	342.881	348.096	347.928
YKR044W	428.305	429.105	428.067	434.629	432.663	431.705
YKR045C	383.915	391.96	393.106	346.323	349.446	353.454
YKR046C	354.989	350.19	350.595	342.455	337.66	339.614
YKR048C	1459.117	1470.491	1500.98	1216.806	1221.42	1246.45
YKR049C	306.597	309.694	310.679	280.12	281.556	284.47
YKR050W	1435.276	1433.184	1454.512	1318.831	1311.63	1327.085
YKR051W	712.363	706.65	707.232	739.449	724.725	725.88
YKR052C	280.482	283.64	282.263	283.399	285.543	285.206
YKR053C	348.494	348.098	346.611	349.353	347.783	346.781
YKR054C	8727.679	8837.675	8914.362	9074.724	9074.35	9105.546
YKR055W	260.709	258.843	258.997	264.198	261.68	261.53
YKR056W	865.21	861.703	868.71	895.198	881.552	881.001
YKR057W	50.958	51.749	51.31	50.451	51.141	51.009
YKR058W	923.08	939.144	944.288	948.307	955.596	959.847
YKR059W	311.514	310.857	312.074	314.681	313.623	314.01
YKR060W	294.038	297.962	298.642	304.23	305.677	305.875
YKR061W	631.361	628.683	630.251	653.399	644.14	642.718
YKR062W	445.733	452.762	452.651	456.836	459.828	459.989
YKR063C	9008.561	9362.066	9240.24	8983.7	9211.571	9070.257
YKR064W	2681.585	2679.127	2699.236	2785.117	2738.368	2758.947
YKR065C	251.871	246.104	249.747	254.686	247.834	249.882
YKR066C	814.697	813.303	816.126	749.328	744.319	752.555
YKR067W	955.46	954.823	955.273	971.341	963.26	964.255
YKR068C	1346.478	1328.938	1333.416	1382.708	1343.008	1338.167
YKR069W	725.083	739.293	734.957	724.967	729.765	728.124
YKR070W	300.379	298.887	299.778	304.078	302.039	301.286
YKR071C	542.048	545.219	546.007	563.888	560.85	560.471
YKR072C	1265.407	1265.435	1279.134	1203.879	1199.91	1209.03
YKR073C	460.813	466.476	485.462	478.046	482.577	500.138
YKR074W	146.614	147.019	148.619	151.314	150.672	151.064
YKR075C	441.275	445.585	447.683	444.619	443.632	449.544
YKR076W	382.392	384.869	384.613	378.832	379.644	379.808
YKR077W	629.376	626.398	629.437	648.757	642.466	647.982
YKR078W	1626.636	1630.138	1637.106	1682.176	1659.255	1661.098
YKR079C	1614.099	1618.682	1619.749	1679.038	1657.56	1659.132
YKR080W	325.761	325.869	325.942	328.734	326.484	326.124
YKR081C	532.431	548.689	550.42	552.968	561.165	562.687
YKR082W	4104.865	4127.095	4131.968	4229.568	4169.907	4196.743
YKR083C	150.824	151.546	151.139	156.736	156.431	155.242
YKR084C	561.212	561.022	562.514	572.972	570.594	568.54
YKR085C	182.766	186.413	185.745	181.041	183.648	183.388
YKR086W	1437.386	1458.707	1463.851	1472.827	1479.355	1482.111
YKR087C	367.642	371.178	372.568	379.372	379.499	379.601
YKR088C	737.322	734.565	733.738	766.058	750.512	746.225
YKR089C	1289.016	1291.588	1295.131	1323.589	1312.597	1309.047
YKR090W	901.044	905.891	908.504	890.978	889.527	893.142
YKR091W	263.474	259.744	259.574	258.191	254.115	254.896
YKR092C	714.849	714.361	726.229	671.228	672.521	684.807
YKR093W	971.984	960.427	968.894	976.378	957.477	962.516
YKR094C	69.561	69.659	70.045	69.452	69.889	70.289
YKR095W	4706.479	4765.604	4803.491	4928.024	4905.68	4932.482
YKR095W-A	59.029	58.949	58.805	58.724	58.422	58.267
YKR096W	2077.514	2074.737	2080.975	2135.291	2111.035	2113.835
YKR097W	463.318	460.911	462.855	468.206	464.466	465.16
YKR098C	1295.525	1290.779	1303.225	1347.67	1329.86	1337.049
YKR099W	896.237	901.412	904.086	916.089	914.282	915.563
YKR100C	508.559	514.658	515.867	513.784	515.454	516.884
YKR101W	2363.875	2363.857	2397.644	2474.733	2414.492	2451.784
YKR102W	1052.303	1045.06	1046.233	1048.21	1037.776	1042.347
YKR103W	2507.267	2506.768	2541.051	2612.04	2572.738	2594.452
YKR104W	709.53	727.783	730.194	732.806	737.293	746.822
YKR105C	751.951	746.696	752.544	773.064	760.805	762.413
YKR106W	725.466	718.53	725.617	740.686	729.235	733.113
YLL001W	1135.384	1118.672	1116.277	1175.414	1145.528	1141.457
YLL002W	1862.9	1991.63	1990.72	1896.903	1996.766	1987.453
YLL003W	2631.381	2691.049	2723.907	2717.983	2732.136	2743.714
YLL004W	6435.093	6775.175	6760.296	6285.262	6391.615	6466.118
YLL005C	14161.114	14347.282	14355.877	13754.696	13633.495	13759.796
YLL006W	538.021	544.327	549.209	560.101	561.44	562.746
YLL006W-A	182.328	179.680867511038	179.514	179.680867511038	177.64	179.273
YLL007C	1260.048	1263.225	1268.754	1305.48	1295.768	1296
YLL008W	911.802	928.581	928.347	920.038	929.549	929.253
YLL009C	57.366	58.262	57.852	57.502	58.294	58.197
YLL010C	661.635	667.134	675.271	627.511	627.47	631.863
YLL011W	2599.405	2643.669	2659.579	2539.873	2564.303	2588.079
YLL012W	825.218	820.974	823.228	839.906	826.774	826.932
YLL013C	11070.611	11370.02	12303.055	8044.815	7880.556	8458.492
YLL014W	82.151	80.205	80.829	84.069	81.872	81.855
YLL015W	8231.978	8100.886	8163.249	8084.816	7846.528	7854.497
YLL016W	2588.153	2588.076	2583.876	2679.372	2641.926	2642.006
YLL017W	101.495	104.141	103.153	103.192	104.492	104.508
YLL018C	643.923	639.561	637.561	617.5	611.884	612.549
YLL018C-A	278.893	287.604	288.029	238.393	241.971	248.221
YLL019C	905.36	903.328	905.979	897.833	891.607	895.728
YLL021W	1852.64	1870.403	1871.178	1894.239	1898.335	1899.217
YLL022C	1546.856	1519.586	1608	1207.545	1177.945	1224.087
YLL023C	272.116	269.843	269.166	267.968	264.341	264.875
YLL024C	791.761	797.662	810.109	696.671	699.75	710.322
YLL025W	682.59	686.638	709.645	515.633	503.302	519.401
YLL026W	891.567	895.549	895.232	909.934	908.683	906.809
YLL027W	249.637	250.823	249.043	246.062	246.503	246.258
YLL028W	3153.964	3189.429	3307.992	2605.099	2627.732	2700.284
YLL029W	981.598	986.904	985.62	957.529	958.194	961.814
YLL030C	448.786	449.378	458.313	460.74	454.303	459.961
YLL031C	9847.696	9608.935	9566.565	9727.015	9429.681	9352.58
YLL032C	14640.988	14808.77	15051.937	14511.339	14489.52	14529.429
YLL033W	375.271	374.482	378.955	392.896	388.182	389.968
YLL034C	1168.725	1181.636	1181.306	1194.001	1195.863	1195.041
YLL035W	807.285	802.655	806.794	801.048	790.915	792.72
YLL036C	506.474	510.614	512.061	518.998	521.267	522.663
YLL038C	434.96	424.692	426.638	395.762	388.262	391.634
YLL039C	249.563	252.193	253.288	249.897	253.171	253.053
YLL040C	5912.115	5961.79	6008.839	6115.965	6095.21	6120.826
YLL041C	210.664	213.382	212.296	209.528	212.11	211.994
YLL042C	6341.522	6473.278	6358.979	6144.602	6141.519	6055.128
YLL043W	4767.101	4876.675	4932.136	4608.117	4638.931	4736.204
YLL045C	194.151	194.526	194.148	191.642	192.332	192.761
YLL046C	3366.481	3655.513	3655.853	3388.413	3527.039	3537.981
YLL048C	3047.137	3004.524	3016.771	3145.964	3058.486	3061.729
YLL049W	244.249	241.999	240.709	247.742	243.389	241.861
YLL050C	353.267	336.12	346.273	365.294	345.098	352.627
YLL051C	992.317	978.868	986.631	990.345	967.749	971.373
YLL052C	128.592	128.22	127.475	127.006	126.311	126.116
YLL053C	256.49	256.903	257.022	231.608	229.759	231.489
YLL054C	1580.942	1587.198	1605.025	1645.184	1633.022	1641.93
YLL055W	1759.563	1777.677	1759.974	1778.388	1776.338	1770.297
YLL056C	312.807	318.856	319.141	311.164	314.996	315.876
YLL057C	521.593	517.01	516.859	527.732	518.682	519.958
YLL058W	594.902	597.509	595.892	605.724	604.831	603.612
YLL060C	775.473	839.587	849.196	625.403	656.681	668.298
YLL061W	1021.955	1054.685	1060.695	1034.387	1056.259	1056.022
YLL062C	352.239	354.461	354.945	361.369	361.239	361.918
YLL063C	443.025	438.988	440.216	441.081	436.743	437.438
YLL064C	215.084	214.22	215.733	195.345	194.087	196.658
YLL066C	1691.017	1709.081	1699.143	1613.524	1622.896	1622.529
YLL066W-B	151.02	158.661	159.965	127.701	131.69	135.382
YLL067C	1595.54439323183	1595.54439323183	1655.016	1571.151	1578.852	1578.607
YLR001C	2399.642	2390.185	2392.884	2438.058	2390.557	2401.322
YLR002C	2847.154	2822.028	2826.972	2883.023	2814.859	2850.258
YLR003C	861.315	883.188	899.055	900.038	912.739	923.82
YLR004C	485.468	485.774	487.516	493.76	491.872	492.251
YLR005W	411.286	415.775	413.954	419.14	420.994	419.496
YLR006C	1100.614	1102.776	1104.691	1052.903	1044.93	1049.558
YLR007W	272.747	274.408	274.65	275.751	276.562	276.352
YLR008C	280.579	291.039	292.542	292.56	299.693	302.332
YLR009W	178.035	181.517	182.008	182.58	185.111	185.645
YLR010C	245.471	248.92	250.084	257.515	258.574	258.042
YLR011W	268.451	274.063	271.826	263.503	265.451	264.753
YLR012C	120.865	122.988	123.576	124.77	125.921	126.966
YLR013W	157.588	160.241	159.282	161.714	163.017	162.546
YLR014C	6052.716	6188.985	6315.452	6104.017	6101.607	6194.63
YLR015W	485.559	490.562	491.869	496.747	499.744	498.91
YLR016C	163.295	165.065	164.564	163.828	165.73	165.019
YLR017W	321.828	324.145	323.137	322.737	324.014	323.749
YLR018C	427.384	430.758	433.259	385.742	385.191	389.122
YLR019W	396.184	397.795	397.707	391.764	393.204	393.781
YLR020C	716.669	725.44	729.007	740.822	741.84	744.155
YLR021W	193.445	195.645	196.309	197.954	198.796	199.251
YLR022C	574.965	567.394	568.544	591.351	574.985	573.706
YLR023C	504.746	503.611	505.881	517.12	514.201	514.335
YLR024C	9031.244	9007.818	9041.808	9089.035	8947.261	8930.535
YLR025W	223.806	226.129	225.967	229.941	230.848	230.556
YLR026C	467.639	468.986	474.821	472.789	469.382	473.076
YLR027C	427.518	422.662	421.252	421.268	416.786	416.723
YLR028C	746.436	752.897	751.091	741.713	744.603	742.032
YLR029C	143.77	146.654	145.795	141.938	144.985	144.981
YLR030W	303.107	306.89	307.076	303.584	305.737	306.685
YLR031W	635.465	628.433	628.373	649.627	635.795	631.108
YLR032W	1708.429	1723.379	1735.153	1765.177	1765.977	1770.307
YLR033W	2125.124	2133.366	2136.374	2165.297	2140.984	2144.017
YLR034C	1004.094	1032.853	1047.002	1022.627	1045.902	1052.923
YLR035C	2168.065	2185.632	2187.861	2215.68	2194.888	2211.097
YLR035C-A	2101.875	2098.155	2127.38224001867	2172.737	2127.38224001867	2137.62
YLR036C	888.874	894.983	906.038	924.394	913.68	924.216
YLR037C	227.998	227.962	230.527	195.039	192.924	194.637
YLR038C	50.985	50.966	51.325	51.691	51.75	51.79
YLR039C	3366.076	3415.516	3436.798	3473.691	3470.188	3490.074
YLR040C	159.465	155.683	156.724	159.543	156.266	157.116
YLR042C	124.847	120.953	122.539	127.742	123.651	124.609
YLR043C	75.49	75.763	75.842	76.913	76.894	76.835
YLR044C	484.017	484.069	483.564	476.789	477.017	478.337
YLR045C	1628.598	1669.134	1675.039	1672.543	1691.106	1693.471
YLR046C	381.323	377.685	380.642	397.906	389.496	389.226
YLR047C	2700.104	2732.284	2848.387	2667.911	2679.889	2762.011
YLR048W	156.022	155.857	155.291	153.764	154.061	153.936
YLR049C	1393.459	1387.066	1404.208	1429.37	1405.253	1417.21
YLR050C	128.615	125.668	126.419	132.066	128.678	128.838
YLR051C	219.334	222.852	222.184	227.658	228.056	227.161
YLR052W	297.258	301.916	303.284	305.397	308.179	309.601
YLR053C	206.207	204.409	204.417	211.081	205.785	207.153
YLR054C	1001.926	1011.803	1014.586	1036.028	1035.957	1036.95
YLR055C	1637.008	1679.394	1682.635	1439.412	1455.186	1465.488
YLR056W	327.287	324.96	324.626	324.987	321.415	320.616
YLR057W	1489.53	1491.281	1502.83	1541.22	1526.991	1531.256
YLR058C	395.736	394.93	394.765	395.702	394.59	394.765
YLR059C	535.742	542.367	545.839	464.124	464.364	469.287
YLR060W	566.693	575.005	575.393	565.344	570.627	570.844
YLR061W	83.402	82.464	82.655	82.204	81.666	82.022
YLR063W	3541.06	3594.34	3771.252	3430.86	3445.885	3584.944
YLR064W	493.437	493.557	498.133	512.547	508.078	512.724
YLR065C	1989.869	1784.583	1797.817	1916.822	1702.516	1695.883
YLR066W	349.698	353.736	354.494	368.678	366.78	367.655
YLR067C	1854.054	1856.656	1865.96	1931.784	1908.533	1911.343
YLR068W	204.344	210.882	210.457	210.846	215.743	215.826
YLR069C	848.929	865.305	870.117	843.316	849.749	850.311
YLR070C	388.095	387.413	386.053	373.982	372.567	372.662
YLR071C	4072.351	4189.808	4225.662	4099.819	4134.845	4178.014
YLR072W	915.319	926.555	926.52	902.044	905.078	908.073
YLR073C	506.954	491.006	494.983	511.607	489.499	488.448
YLR074C	516.872	519.601	528.312	417.802	417.502	425.699
YLR075W	186.327	189.557	186.992	178.374	180.507	180.137
YLR077W	617.298	620.167	624.05	615.335	615.485	617.644
YLR078C	383.859	390.92	393.623	395.286	399.272	400.045
YLR079W	295.159	290.367	289.679	285.694	281.698	282.444
YLR080W	412.546	418.815	420.765	422.403	426.651	425.727
YLR081W	518.262	519.115	519.435	519.33	518.402	517.805
YLR082C	860.484	866.428	876.661	895.758	892.66	901.909
YLR083C	1113.185	1114.547	1116.585	1146.186	1127.582	1127.096
YLR084C	2013.572	2031.804	2036.712	2076.345	2068.205	2078.268
YLR085C	478.592	482.007	481.841	484.923	484.333	484.141
YLR086W	2624.339	2667.896	2685.574	2729.448	2743.777	2752.492
YLR087C	5036.055	5050.357	5080.094	5219.47	5172.368	5185.844
YLR088W	4833.431	4950.431	4994.707	4700.271	4702.293	4794.671
YLR089C	481.909	481.512	484.077	488.314	487.078	488.142
YLR090W	518.75	523.744	520.466	522.048	524.479	523.367
YLR091W	364.237	360.236	356.589	357.881	352.791	353.536
YLR092W	1346.51	1360.816	1362.671	1357.214	1351.962	1357.325
YLR093C	508.158	524.588	531.151	520.234	526.42	530.839
YLR094C	1404.363	1404.599	1430.413	1265.634	1253.9	1272.421
YLR095C	2259.412	2318.025	2310.42	2219.693	2226.469	2234.463
YLR096W	1888.812	1917.053	1932.409	1930.073	1936.479	1946.599
YLR097C	513.051	515.862	516.051	533.598	530.534	528.479
YLR098C	1181.224	1159.19	1159.881	1219.001	1180.406	1181.189
YLR099C	812.818	825.032	825.586	701.865	707.73	714.317
YLR099W-A	291.155	294.9	295.832	261.425	263.177	266.134
YLR100W	238.382	236.218	236.18	240.787	238.752	237.894
YLR102C	204.55	205.999	205.231	207.396	208.287	207.493
YLR103C	855.259	858.495	857.387	884.727	880.33	876.78
YLR104W	116.929	116.683	117.795	117.43	116.985	117.546
YLR105C	475.982	477.011	478.055	488.906	486.87	487.927
YLR106C	9689.536	9775.086	9801.514	9935.286	9872.685	9900.668
YLR107W	1957.153	1949.497	2002.337	1976.252	1921.778	1961.579
YLR108C	594.573	597.166	603.615	617.465	613.497	615.077
YLR109W	165.407	165.533	164.168	164.17	163.355	163.065
YLR110C	474.402	465.335	477.03	405.49	392.514	406.121
YLR111W	257.873	245.161	251.053	238.906	228.379	230.817
YLR112W	290.648	297.033	298.992	289.086	292.36	292.342
YLR113W	4905.237	4880.532	5279.858	3460.74	3294.566	3521.513
YLR114C	1121.438	1126.699	1129.841	1160.077	1154.603	1155.891
YLR115W	1298.272	1316.053	1326.572	1343.808	1350.504	1356.42
YLR116W	621.398	629.466	631.357	609.37	614.431	617.411
YLR117C	1021.325	1048.452	1049.922	1062.558	1075.813	1079.17
YLR118C	250.749	254.18	255.083	257.554	258.401	258.818
YLR119W	608.396	610.415	620.651	636.836	628.397	631.235
YLR120C	1220.296	1207.842	1216.445	1028.173	1008.159	1017.202
YLR121C	813.366	808.249	807.308	772.509	765.829	769.974
YLR122C	285.247	293.694	293.634	290.508	292.026	294.179
YLR125W	112.331	112.878	112.11	114.732	114.608	113.891
YLR126C	658.102	664.878	670.487	670.61	666.656	667.202
YLR127C	7203.926	7254.907	7255.636	7168.72	7099.859	7080.368
YLR128W	284.6	290.819	288.904	290.885	293.84	293.219
YLR129W	4931.148	5089.777	5064.792	4873.478	4955.445	4942.383
YLR130C	403.992	403.583	404.507	406.451	404.836	404.642
YLR131C	1224.807	1226.264	1221.551	1229.318	1220.784	1221.484
YLR132C	627.436	610.433	620.01	646.49	620.704	626.063
YLR133W	548.058	550.7	549.452	555.783	557.445	555.649
YLR134W	410.808	410.49	411.373	411.103	411.577	411.881
YLR135W	2034.525	2199.007	2188.629	2083.435	2209.79	2245.79
YLR136C	224.084	223.68	224.56	226.43	226.148	226.478
YLR137W	1289.7	1262.728	1296.011	1052.347	1025.079	1042.364
YLR138W	1446.655	1472.575	1462.59	1461.559	1469.648	1464.103
YLR139C	1213.045	1204.795	1217.367	1170.901	1152.502	1166.354
YLR141W	14020.025	14253.015	15004.863	10213.158	9859.05	10393.215
YLR142W	535.56	532.871	534.135	541.751	537.583	540.19
YLR143W	1553.131	1575.564	1589.013	1594.508	1584.531	1597.674
YLR144C	2034.791	1973.427	1995.473	2032.344	1965.572	1974.915
YLR145W	201.45	203.561	203	207.608	208.215	206.904
YLR146C	2915.299	3044.906	3067.686	2962.484	3053.177	3056.074
YLR146W-A	49	49	49	49	49	49
YLR147C	80.378	80.678	80.044	81.837	81.614	81.11
YLR148W	4021.586	3985.94	3997.7	4138.492	4028.095	4024.17
YLR149C	1375.783	1339.729	1351.753	1395.258	1347.361	1346.101
YLR150W	383.191	386.209	390.504	357.288	360.413	366.167
YLR151C	481.017	483.47	485.359	500.676	497.151	496.225
YLR152C	785.84	783.983	783.997	813.872	800.628	797.873
YLR153C	594.42	593.39	592.478	587.781	585.553	585.67
YLR154C	82.992	84.336	84.439	83.748	85.186	85.064
YLR154C-G	101	101	101	101	101	101
YLR154C-H	49	49	49	49	49	49
YLR154W-C	164.447063094881	164.447063094881	164.447063094881	164.038	163.505	165.807
YLR155C	631.335	646.655	645.089	580.329	584.721	591.085
YLR156W	467.378	430.19	448.633	381.938	350.7	360.007
YLR157C-B	2544.913	2552.598	2580.16893435285	2623.074	2600.918	2580.16893435285
YLR157W-D	72.202	73.035	164	70.376	70.91	164
YLR157W-E	116	116	116	116	116	116
YLR162W	8017.547	8581.252	9641.992	5028.364	4988.718	5596.568
YLR162W-A	54.94	54.622	54.957	55.691	55.129	55.635
YLR163C	736.475	756.305	752.183	751.624	763.191	764.365
YLR164W	252.627	254.397	255.745	238.347	236.955	239.013
YLR165C	818.127	806.268	814.447	837.163	811.725	819.421
YLR166C	5260.229	5390.329	5369.246	5336.627	5337.334	5322.622
YLR167W	83.656	83.915	83.571	82.6	83.227	83.066
YLR168C	186.152	187.366	186.947	191.276	191.027	189.987
YLR170C	155.945	159.767	158.933	159.423	161.852	161.205
YLR172C	300.252	301.359	302.57	299.627	300.162	301.026
YLR173W	2006.029	2055.299	2093.734	1881.963	1895.319	1914.346
YLR174W	369.146	371.629	368.505	376.6	376.736	375.438
YLR175W	427.638	431.357	430.583	436.405	438.425	437.008
YLR176C	7801.33	7993.105	7891.266	7554.546	7548.695	7475.7
YLR177W	3357.378	3345.593	3325.907	3190.869	3128.765	3117.547
YLR178C	393.198	402.698	401.453	356.563	362.039	362.415
YLR179C	250.15	253.159	250.565	242.192	244.235	244.547
YLR180W	697.129	700.037	708.876	622.699	619.94	627.549
YLR181C	1100.605	1069.536	1066.161	1144.45	1085.989	1086.489
YLR182W	1445.499	1448.801	1458.037	1517.148	1500.253	1503.404
YLR183C	586.969	591.829	591.105	600.299	599.265	599.212
YLR185W	51.107	50.901	50.707	50.253	50.305	50.34
YLR186W	245.509	247.271	247.076	248.58	249.305	249.231
YLR187W	3678.826	3717.867	3810.478	3687.453	3695.215	3757.214
YLR188W	582.363	583.868	583.957	587.627	587.624	586.773
YLR189C	1451.813	1454.403	1456.697	1495.857	1485.677	1481.842
YLR190W	734.557	746.682	746.29	735.084	739.275	738.752
YLR191W	936.673	951.25	957.121	937.21	932.711	936.773
YLR192C	308.481	315.538	313.755	298.479	302.931	303.552
YLR193C	122.284	123.034	123.273	123.002	123.596	123.155
YLR194C	465.841	457.586	460.659	426.147	416.307	422.691
YLR195C	850.249	855.812	862.707	890.86	886.854	887.947
YLR196W	545.54	553.136	551.343	558.189	562.091	559.398
YLR197W	749.262	756.878	763.817	782.289	783.775	786.302
YLR199C	264.736	264.003	264.768	270.969	269.257	269.494
YLR200W	162.511	169.571	170.967	168.093	173.337	174.601
YLR201C	268.262	266.534	268.64	275.601	271.659	273.665
YLR203C	886.361	898.058	897.221	898.942	893.274	894.996
YLR204W	132.159	135.38	133.957	127.289	129.78	129.481
YLR205C	279.149	278.756	276.821	277.311	277.428	277.096
YLR206W	701.909	696.002	695.877	678.333	676.271	678.376
YLR207W	937.107	941.593	940.198	950.478	949.015	948.891
YLR208W	359.725	370.904	369.17	364.145	372.776	374.071
YLR209C	280.002	278.619	277.124	283.818	281.009	280.455
YLR210W	514.021	524.699	525.902	522.715	528.543	529.566
YLR211C	1320.049	1303.361	1313.249	1359.869	1320.768	1330.452
YLR212C	678.383	676.02	682.868	643.738	635.5	639.925
YLR213C	684.445	696.606	696.193	639.334	645.191	649.993
YLR214W	2169.898	2158.187	2160.338	2228.069	2174.187	2185.484
YLR215C	423.052	429.096	430.27	435.648	438.623	438.688
YLR216C	752.255	758.238	759.781	778.909	773.659	775.363
YLR218C	197.641	206.768	205.183	196.996	205.686	205.839
YLR219W	1460.408	1438.079	1453.266	1320.959	1296.248	1312.549
YLR220W	308.578	313.137	309.57	312.378	315.04	313.05
YLR221C	311.336	316.434	317.007	322.539	323.817	323.56
YLR222C	1032.325	1040.746	1045.454	1065.193	1063.789	1065.53
YLR223C	2242.23	2289.312	2299.999	2344.01	2360.083	2364.409
YLR224W	310.479	314.064	314.211	316.195	318.753	317.654
YLR225C	968.156	1010.87	1025.629	1000.055	1028.153	1030.69
YLR226W	4997.172	5012.367	5061.338	5035.681	4939.554	4980.671
YLR227C	4519.158	4476.464	4496.044	4552.696	4414.211	4436.146
YLR227W-B	2324.701	2334.955	2341.075	2388.126	2376.24	2386.964
YLR228C	1095.631	1093.239	1094.802	1116.237	1105.338	1108.139
YLR229C	133.234	131.886	131.375	133.634	132.514	131.861
YLR231C	478.615	478.491	478.444	489.417	486.808	486.687
YLR233C	5255.193	5453.594	5524.74	5296.765	5387	5410.756
YLR234W	4325.189	4399.226	4706.978	3136.919	3100.065	3275.954
YLR236C	700.513	715.912	726.696	557.219	556.105	573.702
YLR237W	559.812	561.524	563.481	558.025	558.257	559.944
YLR238W	888.035	887.323	889.343	928.062	917.652	917.257
YLR239C	1239.657	1197.308	1206.867	1276.515	1207.691	1225.249
YLR240W	1236.324	1247.445	1246.579	1279.892	1277.323	1277.291
YLR241W	1408.127	1398.878	1412.977	1446.384	1422.842	1425.335
YLR242C	770.825	766.657	764.338	795.078	778.445	776.312
YLR243W	325.712	325.051	326.21	337.675	333.496	334.214
YLR244C	323.972	322.356	322.025	329.431	327.225	327.504
YLR245C	124.478	124.389	122.872	123.06	122.552	121.281
YLR246W	452.757	455.529	456.326	458.119	456.337	455.771
YLR247C	4984.813	5143.543	5164.297	5058.947	5129.806	5113.567
YLR248W	1055.928	1090.789	1091.383	1078.282	1100.066	1107.457
YLR249W	794.192	795.425	797.592	791.771	792.884	793.749
YLR250W	249.641	251.759	250.66	256.604	256.627	255.723
YLR251W	179.562	177.831	179.224	186.273	183.429	183.053
YLR253W	669.241	673.337	669.592	685.113	682.948	680.47
YLR254C	372.557	377.116	380.82	388.458	388.226	392.342
YLR255C	204.706	204.653	202.346	187.196	187.112	187.18
YLR256W	4418.679	4426.562	4544.694	3812.199	3747.401	3828.621
YLR256W-A	483.527	480.107	483.435	488.143	482.549	485.761
YLR257W	366.071	377.618	376.926	373.283	381.413	381.415
YLR258W	760.806	769.063	770.54	781.378	784.849	785.839
YLR259C	670.56	673.293	674.679	624.581	622.978	625.805
YLR260W	1002.63	1021.303	1036.135	1038.759	1052.867	1064.717
YLR261C	99.532	102.414	103.304	103.484	105.774	105.612
YLR262C	451.842	466.009	465.398	474.816	478.495	476.747
YLR262C-A	49	49	49	49	49	49
YLR263W	5196.737	5178.589	5172.671	5246.796	5092.622	5128.108
YLR264C-A	130.423	137.812	136.587	132.846	137.704	137.383
YLR264W	49	49	49	49	49	49
YLR265C	947.309	936.802	941.005	987.452	963.137	958.537
YLR266C	2398.739	2438.85	2474.405	2483.514	2488.562	2496.21
YLR267W	1136.726	1141.796	1148.673	1187.951	1179.174	1182.873
YLR268W	179.089	177.634	178.841	182.007	180.316	180.801
YLR270W	330.537	326.714	327.336	336.657	331.357	331.159
YLR271W	1351.044	1351.664	1340.039	1383	1362.952	1355.171
YLR272C	2086.39	2103.668	2113.055	2171.655	2157.971	2157.891
YLR273C	3427.056	3393.043	3422.596	3514.545	3418.284	3440.723
YLR274W	1215.516	1210.92	1206.203	1244.249	1225.85	1226.082
YLR275W	212.38	226.851	230.61	222.805	233.197	234.78
YLR276C	2986.456	3027.633	3049.639	3018.972	3018.081	3026.676
YLR277C	1408.297	1429.549	1451.824	1468.524	1471.402	1479.479
YLR278C	53036.211	54233.162	52519.76	54298.922	55331.417	53804.02
YLR281C	4061.079	3845.085	4177.508	2787.558	2541.262	2731.326
YLR283W	572.676	575.088	578.513	597.69	592.267	596.016
YLR284C	271.271	274.114	272.987	278.414	278.133	277.065
YLR285C-A	1285.566	1325.503	1355.799	1287.039	1314.704	1319.108
YLR285W	474.491	473.653	475.311	489.246	482.73	482.33
YLR286C	458.09	451.902	455.625	463.538	457.073	459.696
YLR287C	488.631	490.984	493.61	510.353	507.004	508.116
YLR287C-A	49	49	49	49	49	49
YLR288C	588.614	591.83	589.382	590.077	589.336	588.719
YLR289W	1255.597	1298.978	1298.136	1293.676	1314.68	1310.558
YLR290C	541.956	544.43	552.705	570.418	566.208	571.951
YLR291C	368.42	371.175	369.75	378.095	377.397	375.92
YLR292C	287.14	293.439	293.013	298.34	299.569	299.828
YLR293C	142.279	141.348	142.204	142.661	142.115	142.561
YLR295C	77.184	78.008	77.901	77.166	78.166	78.51
YLR296W	473.559	482.107	486.417	493.717	488.973	496.039
YLR297W	196.183	196.925	196.948	201.282	199.603	199.524
YLR298C	325.61	331.839	329.475	330.444	334.735	335.511
YLR299W	955.181	977.757	977.897	897.026	907.211	909.574
YLR300W	333.058	329.084	328.659	334.275	330.131	329.15
YLR301W	218.212	217.609	218.054	222.578	221.347	221.144
YLR302C	147.012	146.167	148.632	151.891	149.457	151.17
YLR303W	376.452	372.411	373.632	373.744	368.66	369.851
YLR304C	716.337	724.183	724.037	730.708	733.895	733.655
YLR305C	3926.531	3880.997	3921.635	3826.771	3731.841	3752.619
YLR306W	799.202	756.76	732.07	789.859	739.538	722.962
YLR307C-A	57.207	57.445	57.851	58.241	58.317	58.597
YLR307W	451.566	443.476	450.165	439.256	432.827	435.649
YLR308W	399.699	394.724	397.919	414.105	407.33	408.917
YLR309C	6191.209	6342.569	6404.199	6300.661	6316.114	6398.449
YLR310C	4307.081	4239.277	4261.867	4433.842	4285.512	4285.897
YLR312C	497.108	497.525	498.698	513.876	510.615	509.723
YLR312W-A	243.316	245.584	246.348	248.951	249.847	249.591
YLR313C	955.922	974.666	972.042	984.874	986.448	985.52
YLR314C	1335.832	1345.327	1339.55	1367.741	1351.769	1354.348
YLR315W	214.821	204.952	202.055	215.764	204.817	203.844
YLR316C	589.089	590.057	587.321	575.326	572.299	572.455
YLR318W	6649.366	6593.611	6671.332	6558.265	6381.851	6479.591
YLR319C	1841.149	1898.263	1901.881	1888.791	1914.856	1915.868
YLR320W	2689.655	2673.509	2690.448	2775.152	2720.657	2733.695
YLR321C	755.395	775.99	773.313	771.995	782.781	781.891
YLR323C	219.182	223.81	222.275	221.612	225.868	225.451
YLR324W	475.799	481.221	481.452	483.96	488.004	486.485
YLR325C	49	49	49	49	49	49
YLR326W	385.394	391.671	393.109	365.001	368.383	368.536
YLR327C	100.291	103.088	102.394	97.561	100.292	100.986
YLR328W	380.86	382.7	383.256	386.756	386.506	386.774
YLR329W	434.602	445.402	446.401	450.978	455.908	458.066
YLR330W	780.321	796.126	793.674	797.997	805.066	805.576
YLR331C	87.888	89.935	89.006	88.462	90.036	89.315
YLR332W	329.931	326.717	329.067	335.027	331.174	332.463
YLR333C	89.745	89.538	89.852	88.957	88.787	88.935
YLR335W	798.207	800.285	807.162	806.481	805.186	809.103
YLR336C	1406.835	1418.575	1422.944	1466.055	1462.202	1461.546
YLR337C	6889.542	6551.291	6973.425	5101.464	4701.034	4944.205
YLR340W	723.003	724.558	739.094	604.437	599.27	617.678
YLR341W	1750.527	1706.875	1718.731	1809.727	1738.631	1738.447
YLR342W	1976.431	1972.565	1980.09	2025.098	2009.237	2011.311
YLR342W-A	91.417	90.741	90.653	95.235	92.663	91.937
YLR343W	587.725	591.832	593.702	604.94	605.234	605.319
YLR344W	86.958	86.425	86.074	86.6	85.945	85.641
YLR345W	759.794	765.924	763.344	786.682	779.465	779.065
YLR346C	101.276	101.875	101.405	105.401	104.774	104.138
YLR347C	798.343	797.518	799.16	811.603	808.155	807.506
YLR348C	872.907	868.081	885.506	748.233	742.068	754.477
YLR350W	300.042	294.663	294.265	281.325	275.125	277.538
YLR351C	240.78	241.724	241.654	240.887	241.001	240.938
YLR352W	1688.064	1690.906	1708.556	1751.473	1729.746	1742.454
YLR353W	640.593	643.938	642.291	644.963	646.105	644.809
YLR354C	279.825	274.802	275.763	280.494	276.25	276.578
YLR355C	443.685	434.577	436.538	422.039	413.567	416.105
YLR356W	228.013	224.961	225.82	218.092	214.512	217.07
YLR357W	2090.446	2106.422	2138.607	1927.176	1916.367	1945.227
YLR358C	245.374	246.384	244.737	230.245	228.588	228.391
YLR359W	394.412	393.766	394.614	401.675	399.633	398.669
YLR360W	692.204	689.826	691.008	725.563	713.899	711.83
YLR361C	700.656	710.406	706.8	719.356	722.956	719.379
YLR361C-A	430.175	421.306	407.433	436.862	417.684	408.46
YLR362W	2363.871	2372.14	2353.423	2406.876	2362.166	2356.679
YLR363C	864.174	881.834	884.266	904.531	904.507	904.475
YLR363W-A	101.722	100.772	101.082	105.934	103.825	104.121
YLR364W	95.417	94.941	95.296	97.214	96.349	96.432
YLR365W	125.261	125.95	128.471	128.146	128.141	129.683
YLR367W	82.711	83.043	82.976	83.447	83.477	83.22
YLR368W	1037.183	1027.067	1026.712	1077.602	1054.239	1051.652
YLR369W	975.887	991.23	989.111	1004.06	1006.077	1005.753
YLR370C	138.111	134.595	134.957	138.982	135.7	135.928
YLR371W	9307.98	9507.132	9415.503	9317.81	9338.642	9290.245
YLR372W	456.192	450.609	452.945	471.852	461.087	462.342
YLR373C	3634.926	3574.959	3605.542	3685.288	3592.638	3594.466
YLR375W	1237.084	1220.047	1246.472	1025.624	999.314	1018.597
YLR376C	1117.298	1129.264	1152.123	1135.829	1129.865	1143.184
YLR377C	266.754	266.329	265.125	265.711	265.482	264.829
YLR378C	1564.285	1565.363	1621.357	1216.591	1192.449	1230.589
YLR379W-A	128.794	134.721	132.41	125.739	130.381	129.92
YLR380W	400.327	397.399	396.418	386.506	384.708	385.556
YLR381W	940.326	932.476	936.424	956.805	942.126	943.794
YLR382C	2442.659	2480.602	2447.23	2442.943	2430.946	2426.145
YLR383W	3054.814	3130.229	3108.969	3162.733	3196.031	3169.75
YLR384C	1683.239	1701.898	1707.085	1721.369	1724.747	1727.335
YLR385C	76.619	76.646	76.796	76.25	76.491	76.531
YLR386W	1244.79	1237.347	1247.035	1273.408	1253.081	1261.584
YLR387C	702.502	715.671	714.804	710.226	716.736	714.912
YLR388W	49	49	49	49	49	49
YLR389C	1383.563	1387.647	1401.718	1434.542	1426.908	1432.883
YLR390W	134.893	138.64	138.272	134.995	137.206	137.266
YLR390W-A	329.972	316.575	321.639	314.862	302.293	307.59
YLR392C	923.238	933.471	937.244	952.919	952.126	951.176
YLR393W	314.357	315.976	314.571	305.641	305.068	303.071
YLR394W	1235.62	1207.027	1227.727	1273.319	1234.3	1247.927
YLR395C	49	49	49	49	49	49
YLR396C	2699.561	2788.303	2880.261	2696.978	2758.584	2848.629
YLR397C	752.81	753.749	752.003	762.435	761.388	760.766
YLR398C	2680.396	2646.954	2644.437	2709.516	2630.56	2631.717
YLR399C	1167.271	1177.925	1176.487	1117.609	1119.168	1124.804
YLR401C	968.679	963.871	962.793	944.99	933.541	933.657
YLR403W	3125.983	3063.653	3089.207	3110.24	2993.74	3032.564
YLR404W	892.387	890.802	904.854	921.454	910.219	916.971
YLR405W	508.61	510.857	505.022	515.875	511.679	508.53
YLR406C	67.129	67.936	67.664	66.807	67.637	67.246
YLR406C-A	49	49	49	49	49	49
YLR407W	533.305	562.109	562.768	543.961	564.793	577.633
YLR408C	1120.941	1071.544	1087.484	1138.933	1081.209	1089.667
YLR409C	945.71	958.785	963.18	971.815	979.148	977.457
YLR410W	1494.403	1511.051	1515.254	1543.354	1544.457	1545.48
YLR410W-A	1268	1268	1268	1268	1268	1268
YLR410W-B	4292.68	4203.524	4204.695	4422.605	4249.542	4252.972
YLR411W	1038.932	1025.544	1039.551	1019.918	996.24	1006.955
YLR412C-A	3855.083	4066.019	4129.266	3896.134	4034.134	4106.738
YLR412W	304.187	304.301	306.881	315.241	313.444	313.696
YLR413W	541.341	534.915	538.716	544.984	538.091	540.995
YLR414C	323.378	323.936	325.294	328.811	327.237	328.964
YLR415C	2364.442	2406.846	2569.104	1649.547	1623.128	1720.91
YLR417W	682.073	694.46	694.657	697.153	705.575	705.836
YLR418C	890.529	873.356	866.008	906.823	886.729	878.716
YLR419W	5382.146	5476.501	5508.78	5418.63	5419.192	5461.132
YLR420W	333.923	332.878	335.415	343.413	340.65	342.059
YLR421C	244.41	245.433	246.334	248.414	249.838	250.363
YLR422W	3798.699	3775.603	3798.492	3948.189	3867.713	3874.782
YLR423C	2082.075	2023.18	2033.632	2089.198	2003.328	1995.561
YLR424W	1862.474	1870.013	1885.233	1922.01	1902.179	1911.313
YLR425W	2477.599	2501.797	2514.943	2559.668	2550.038	2562.765
YLR426W	351.225	351.018	349.842	356.126	354.209	353.622
YLR427W	801.971	813.23	815.378	818.27	823.099	824.15
YLR429W	654.241	657.03	657.367	652.998	654.52	654.233
YLR430W	4617.007	4681.561	4729.639	4667.867	4673.684	4712.455
YLR431C	660.742	666.897	667.275	684.233	681.678	682.655
YLR432W	528.941	529.413	528.549	540.118	536.496	536.512
YLR433C	1043.924	1039.24	1047.107	1086.979	1071.094	1069.224
YLR435W	723.262	714.092	710.005	732.307	713.425	711.411
YLR436C	7919.866	7629.338	7760.213	7682.228	7254.785	7329.965
YLR437C	1488.799	1510.397	1592.333	1071.412	1062.467	1100.609
YLR438C-A	1217.018	1242.671	1319.696	835.168	832.146	881.399
YLR438W	2306.932	2258.771	2382.439	1795.714	1735.875	1816.581
YLR439W	719.994	712.724	726.632	621.904	613.657	629.308
YLR440C	1271.262	1285.869	1280.533	1300.92	1298.039	1291.484
YLR441C	191.332	190.077	191.582	194.141	192.995	193.467
YLR442C	2369.882	2388.296	2408.958	2465.294	2441.495	2460.478
YLR443W	394.403	397.778	397.59	400.387	402.284	401.224
YLR445W	242.267	245.827	247.573	250.778	251.461	252.131
YLR446W	675.558	684.101	684.919	702.305	701.421	704.335
YLR447C	390.434	395.661	395.145	401.206	401.311	400.828
YLR448W	142.016	141.659	141.694	141.13	140.805	141.129
YLR449W	375.781	382.752	380.951	376.522	382.421	381.296
YLR450W	1683.511	1675.986	1690.543	1645.982	1626.552	1634.878
YLR451W	1111.802	1110.748	1115.602	1149.736	1138.332	1139.599
YLR452C	1325.415	1319.437	1324.817	1379.355	1357.732	1357.585
YLR453C	1009.834	997.31	1011.624	1060.638	1031.297	1038.723
YLR454W	11030.874	11201.074	11308.682	11310.87	11279.798	11329.009
YLR455W	874.715	886.971	899.154	905.84	903.349	906.962
YLR456W	749.75	757.26	753.088	777.689	768.588	771.136
YLR457C	401.903	416.659	415.656	416.124	428.229	425.834
YLR459W	394.846	387.666	390.679	406.885	396.107	396.765
YLR460C	639.863	645.31	648.633	653.582	652.7	655.069
YLR461W	237.029	243.288	248.569	210.955	215.305	220.501
YLR462W	187.335	185.633	186.838	191.473	189.696	189.409
YLR466W	1930.526	1952.917	1943.962	1843.011	1854.403	1854.34
YML001W	208.309	210.263	211.879	214.217	215.823	215.482
YML002W	2261.992	2250.171	2268.581	2343.472	2288.897	2297.183
YML003W	479.123	471.402	474.019	502.716	489.746	490.424
YML004C	267.174	271.594	271.285	271.469	274.34	274.101
YML005W	1266.372	1259.026	1245.607	1255.538	1230.407	1219.165
YML006C	1407.594	1406.6	1412.765	1457.079	1437.783	1440.892
YML007C-A	49	49	49	49	49	49
YML007W	1078.775	1081.211	1081.386	1099.911	1086.831	1089.793
YML008C	360.689	364.975	365.895	367.302	369.764	369.536
YML009C	49	49	49	49	49	49
YML010W	10512.97	10700.076	11268.364	8112.499	7877.658	8317.091
YML011C	155.98	156.545	155.7	161.094	160.046	159.441
YML012W	171.678	171.708	170.872	170.614	170.625	169.712
YML013W	769.126	778.693	777.369	750.956	756.342	759.298
YML014W	674.368	695.441	697.986	573.259	579.987	586.799
YML015C	1071.957	1143.264	1146.448	1082.491	1130.866	1143.698
YML016C	2926.243	2952.367	2941.9	2954.73	2932.327	2919.461
YML017W	11300.623	10783.249	10728.649	11091.945	10552.266	10600.258
YML018C	335.987	336.423	336.879	337.406	337.115	337.297
YML019W	475.446	477.562	480.404	491.202	488.361	489.176
YML020W	831.342	838.08	837.188	843.115	842.171	839.997
YML021C	395.863	403.437	402.193	401.487	405.155	403.522
YML022W	156.178	155.199	156.968	158.365	157.197	157.511
YML023C	656.807	656.557	664.394	679.797	673.675	675.043
YML024W	82.455	82.183	82.67	82.625	82.699	82.849
YML025C	292.552	294.787	294.127	296.021	297.235	297.038
YML026C	94.943	95.574	95.819	95.395	96.088	96.012
YML027W	445.755	447.833	450.043	437.232	439.578	446.239
YML028W	153.206	150.936	151.028	151.298	149.758	150.209
YML029W	1202.995	1206.059	1203.52	1196.194	1187.414	1186.784
YML030W	158.766	158.258	157.306	153.383	152.513	152.373
YML031W	797.499	803.766	806.2	811.833	813.26	816.397
YML032C	646.332	641.412	642.044	618.646	611.578	611.085
YML034W	1413.322	1452.289	1450.722	1444.254	1459.865	1459.442
YML035C	933.47	940.732	941.64	950.68	950.097	951.275
YML036W	238.794	239.637	239.534	248.084	246.482	246.118
YML037C	305.715	306.933	306.187	311.238	311.497	310.718
YML038C	1053.85	1083.873	1079.498	1082.624	1092.334	1088.999
YML039W	2545.67	2554.591	2556.878	2624.43	2570.20119146009	2570.20119146009
YML041C	492.423	507.827	509.719	522.703	533.228	530.74
YML042W	729.156	730.362	730.188	743.479	740.512	739.212
YML043C	3165.859	3229.779	3193.144	3147.611	3155.049	3163.871
YML045W	2579.817	2571.463	2569.098	2648.912	2612.611	2620.665
YML045W-A	474.509310722317	474.509310722317	474.509310722317	477.942	471.337	474.272
YML046W	2202.497	2234.271	2255.457	2280.211	2278.179	2283.912
YML047C	4016.489	4060.828	3919.202	3938.027	3858.021	3746.876
YML048W	444.797	446.021	444.795	447.845	446.201	445.431
YML049C	2703.692	2710.764	2723.413	2758.318	2731.285	2743.435
YML050W	300.043	301.187	303.224	311.482	310.405	311.777
YML051W	476.433	478.305	478.71	482.914	482.115	482.386
YML052W	337.602	338.861	338.81	332.257	334.357	334.826
YML053C	2514.725	2421.39	2459.609	2503.712	2374.076	2422.308
YML054C	599.273	605.489	604.902	611.325	614.995	614.204
YML054C-A	49	49	49	49	49	49
YML055W	226.181	232.81	233.903	237.293	241.06	240.069
YML056C	471.958	471.186	472.552	477.426	474.534	474.586
YML057W	1023.051	1033.837	1042.279	970.572	973.903	979.998
YML058W	101.39	100.479	100.22	100.077	99.274	99.753
YML058W-A	72.434	71.996	71.413	68.303	67.381	68.154
YML059C	2108.439	2114.128	2135.617	2057.999	2045.043	2060.182
YML060W	391.229	388.593	388.293	401.776	396.669	396.416
YML061C	996.569	1005	1006.235	1027.293	1026.991	1024.778
YML062C	474.175	489.531	486.469	473.065	483.788	482.198
YML063W	177.991	177.777	179.123	180.062	179.717	180.338
YML064C	455.515	464.488	463.478	429.943	431.462	434.726
YML065W	1743.382	1779.921	1812.95	1820.243	1841.702	1861.031
YML066C	443.638	442.488	441.908	451.562	446.26	444.577
YML067C	535.727	530.912	528.55	547.381	535.939	532.928
YML068W	511.268	513.747	516.317	533.426	531.459	532.141
YML069W	1629.083	1667.313	1655.288	1656.133	1662.546	1657.264
YML070W	531.238	531.709	532.234	540.679	539.382	539.056
YML071C	933.197	939.001	941.041	961.764	958.811	958.681
YML072C	2348.543	2353.926	2372.174	2411.178	2390.925	2405.601
YML073C	165.465	168.023	168.627	166.224	168.147	168.569
YML074C	469.751	480.364	478.172	473.273	482.194	482.034
YML075C	1215.298	1211.448	1212.222	1236.408	1223.615	1221.977
YML076C	1689.436	1677.14	1676.008	1743.297	1703.609	1706.915
YML077W	142.144	142.472	143.14	146.107	145.684	145.102
YML078W	172.196	170.766	171.434	175.67	173.585	173.647
YML079W	185.967	186.262	185.123	190.316	188.673	187.939
YML080W	426.5	434.299	434.978	436.574	442.564	441.807
YML081C-A	49	49	49	49	49	49
YML081W	3234.386	3194.598	3195.009	3303.705	3211.986	3217.808
YML082W	644.142	653.22	649.283	652.425	657.64	655.614
YML083C	1391.361	1365.011	1398.189	1144.118	1118.966	1138.108
YML085C	321.508	322.572	320.858	321.51	321.896	320.719
YML086C	479.79	479.546	481.364	484.554	482.48	482.526
YML087C	375.006	368.201	368.708	386.576	375.272	372.975
YML088W	1027.879	1057.663	1059.007	993.223	1004.728	1008.246
YML091C	10691.973	10756.962	10953.245	10729.61	10578.45	10755.307
YML092C	336.11	339.618	338.49	340.538	341.038	344.151
YML093W	1404.584	1442.679	1437.892	1429.331	1447.239	1448.676
YML094W	124.298	124.874	125.032	126.801	126.955	126.745
YML095C	450.855	462.182	467.217	457.976	464.491	468.805
YML096W	687.544	699.121	697.229	712.816	717.171	715.769
YML097C	495.017	502.392	505.169	512.616	517.021	517.671
YML098W	182.756	189.063	185.473	179.421	183.9	181.957
YML099C	4070.488	4185.116	4277.502	4101.365	4158.011	4232.248
YML100W	1402.444	1413.643	1415.145	1342.789	1345.494	1354.776
YML100W-A	51.467	51.193	50.909	50.402	49.954	49.92
YML101C	2596.787	2650.058	2880.825	1697.799	1650.49	1802.165
YML102W	1591.599	1644.448	1663.678	1297.324	1323.761	1348.146
YML103C	8032.048	8065.369	8120.111	8205.816	8104.257	8124.086
YML104C	7417.335	7414.591	7348.527	7405.658	7231.472	7220.443
YML105C	258.988	262.798	263.01	263.539	265.989	265.279
YML106W	170.482	170.537	170.098	173.571	173.087	172.983
YML107C	557.579	563.579	564.179	568.882	568.189	568.009
YML108W	155.958	159.088	160.723	164.49	165.832	166.768
YML109W	1053.505	1064.814	1068.242	1080.108	1083.882	1087.353
YML110C	233.075	234.231	233.663	236.091	236.286	235.499
YML111W	5810.643	6025.703	5980.937	5718.351	5762.648	5785.241
YML112W	304.786	305.637	305.554	302.103	301.623	302.149
YML113W	714.164	728.187	729.344	637.247	642.884	649.422
YML114C	701.314	713.405	711.845	694.273	700.449	702.386
YML115C	507.644	513.098	513.656	517.018	519.32	518.595
YML116W	796.694	791.94	796.263	824.346	811.069	811.473
YML117W	2009.469	2016.466	2032.788	2046.403	2033.975	2037.812
YML118W	603.031	615.365	613.47	602.465	610.558	611.327
YML119W	400.421	409.595	410.515	408.966	415.532	416.265
YML120C	746.634	749.422	752.147	725.989	723.335	726.829
YML121W	422.576	426.224	429.6	437.773	438.295	438.748
YML122C	338.185	332	332	286.102	274.94	279.316
YML123C	418.972	416.047	416.563	421.734	418.183	417.426
YML124C	375.548	376.178	373.039	370.78	370.77	368.972
YML125C	231.355	233.624	231.972	228.373	230.879	230.261
YML126C	553.167	555.373	558.843	550.107	548.558	551.808
YML127W	645.058	649.709	649.483	631.955	631.703	635.148
YML128C	590.88	599.628	601.307	574.041	579.016	581.779
YML129C	49	49	49	49	49	49
YML130C	864.99	871.39	874.507	898.724	896.222	897.693
YML131W	465.167	468.099	471.812	458.33	458.643	463.786
YML133C	1865.967	1882.198	1874.284	1792.092	1799.302	1799.433
YMR001C	965.18	975.418	976.303	1003.571	1003.779	1001.95
YMR001C-A	122.543	119.576	123.026	128.188	123.906	125.036
YMR002W	342.541	352.661	354.152	317.156	323.938	327.049
YMR003W	1219.299	1278.209	1294.08	1241.446	1275.403	1287.741
YMR004W	1133.192	1144.891	1152.138	1179.417	1171.507	1180.693
YMR005W	365.904	370.038	371.244	371.652	374.218	375.207
YMR006C	571.007	564.685	568.848	577.131	570.798	573.686
YMR007W	135.93	136.12	135.998	138.452	138.254	138.073
YMR008C	1936.795	1824.986	1977.922	1509.467	1420.443	1503.453
YMR008C-A	178.426	173.499	175.915	169.143	165.505	167.609
YMR009W	151.599	154.595	154.106	153.714	156.3	156.189
YMR010W	8438.664	8271.056	8354.272	8097.541	7743.964	7741.659
YMR011W	427.152	421.884	424.084	434.159	427.774	426.763
YMR012W	1781.619	1799.382	1817.238	1850.676	1854.797	1863.876
YMR013C	1144.456	1150.47	1146.683	1180.465	1168.101	1163.409
YMR014W	2993.119	2929.085	2919.975	3006.738	2875.868	2878.696
YMR015C	552.293	545.915	548.383	566.804	557.174	557.719
YMR016C	801.391	805.526	808.121	803.575	805.075	809.84
YMR017W	325.794	327.221	326.403	331.779	332.15	331.214
YMR018W	3899.258	4161.631	4204.327	3906.871	4077.307	4106.587
YMR019W	1301.061	1304.32	1309.071	1346.732	1334.788	1337.642
YMR020W	866.88	880.579	900.319	800.962	799.067	809.664
YMR021C	630.175	636.553	639.603	645.383	642.858	647.158
YMR022W	114.066	115.716	115.406	115.091	116.444	116.559
YMR023C	511.402	511.569	513.143	525.455	522.432	521.61
YMR024W	357.978	361.823	363.622	366.23	367.927	368.092
YMR025W	9217.159	9462.788	9284.971	9207.1	9225.626	9078.96
YMR026C	1416.596	1406.209	1391.512	1438.01	1405.041	1391.076
YMR027W	615.266	623.945	622.839	632.881	634.292	633.749
YMR028W	601.624	599.974	600.882	628.172	619	618.603
YMR029C	831.444	833.074	836.025	866.307	857.618	859.957
YMR030W	488.085	487.81	489.245	499.509	495.484	496.869
YMR030W-A	2410.188	2378.574	2396.821	2404.49	2325.723	2351.467
YMR031C	889.261	901.465	901.87	904.504	912.65	911.386
YMR032W	731.908	734.336	735.076	742.008	738.907	738.273
YMR033W	817.877	819.301	822.558	854.094	844.161	845.713
YMR034C	813.347	800.39	810.867	820.25	798.334	802.212
YMR035W	199.893	203.518	203.567	197.393	199.611	200.538
YMR036C	915.877	923.281	925.801	953.684	949.827	952.209
YMR037C	981.984	983.554	992.183	1006.111	1000.893	1007.817
YMR038C	385.824	390.158	384.888	371.507	372.626	372.554
YMR039C	303.242	310.982	309.788	310.723	316.159	314.81
YMR040W	168.763	170.23	169.523	174.229	173.753	173.677
YMR041C	812.415	814.553	821.804	822.792	808.083	812.905
YMR042W	479.351	482.644	486.626	430.343	432.074	441.028
YMR043W	349.786	353.244	351.884	337.941	340.134	342.05
YMR044W	716.889	725.436	728.592	737.143	738.067	740.883
YMR045C	3038.022	3034.528	3036.459	3130.034	3079.903	3093.204
YMR046C	1076.33183333333	1076.33183333333	1076.33183333333	1076.33183333333	1076.33183333333	1076.33183333333
YMR047C	1319.989	1328.131	1332.99	1334.393	1335.746	1337.011
YMR048W	622.754	620.035	625.729	637.235	627.203	630.413
YMR049C	1583.925	1668.465	1665.94	1622.244	1676.709	1689.862
YMR050C	2749.983	2744.205	2735.876	2830.166	2788.781	2792.795
YMR052W	1410.581	1407.573	1404.868	1463.127	1428.595	1430.292
YMR053C	1099.484	1109.003	1111.516	1135.494	1134.533	1135.623
YMR054W	904.167	908.504	908.753	915.591	915.122	911.664
YMR055C	328.432	327.555	326.307	325.331	323.565	324.043
YMR056C	674.91	683.74	686.398	609.525	614.316	620.96
YMR058W	586.32	586.074	584.963	576.09	575.147	574.665
YMR059W	230.54	226.385	225.531	239.02	232.442	232.636
YMR060C	694.759	730.712	738.438	707.292	732.601	741.842
YMR061W	7044.45	7096.928	7010.133	7154.2	7081.159	7019.974
YMR062C	516.429	521.478	523.175	528.887	530.258	532.085
YMR063W	229.87	228.148	229.659	225.088	223.514	225.525
YMR064W	1418.641	1412.681	1415.962	1478.304	1451.022	1455.703
YMR065W	824.138	818.809	825.866	862.815	847.471	848.697
YMR066W	3287.801	3327.023	3343.819	3419.07	3406.304	3409.849
YMR067C	532.944	539.117	542.233	539.724	539.891	543.973
YMR068W	536.054	549.873	547.364	519.474	528.942	529.303
YMR069W	3029.205	3140.228	3296.235	2223.076	2231.469	2332.9
YMR070W	27083.462	27332.355	28921.026	22012.229	21622.906	22550.632
YMR071C	145.656	146.542	146.635	150.72	150.835	150.683
YMR072W	306.057	310.368	312.548	319.284	318.93	318.483
YMR073C	589.072	626.238	629.081	595.009	624.126	623.98
YMR074C	173.976	177.685	179.18	173.138	175.884	177.274
YMR075C-A	236.189	228.607	233.735	249.145	238.292	239.02
YMR075W	10887.749	11543.94	11498.348	10734.948	11083.332	11067.325
YMR076C	4299.008	4303.811	4361.323	4439.463	4391.523	4450.255
YMR077C	599.591	616.073	617.092	626.247	631.806	633.166
YMR078C	1316.161	1370.469	1362.061	1366.533	1395.026	1395.887
YMR079W	308.7	308.585	309.406	318.217	315.638	315.237
YMR080C	2082.265	2076.57	2097.369	2133.481	2105.261	2111.583
YMR081C	492.077	494.777	500.59	501.044	493.958	498.416
YMR082C	695.266	695.047	724.537	554.244	545.089	566.348
YMR083W	418.619	421.85	421.18	405.142	405.981	406.687
YMR084W	247.79	245.708	246.263	253.549	250.004	249.127
YMR085W	509.359	511.103	512.197	519.613	518.926	520.319
YMR086W	1302.955	1324.527	1332.77	1317.982	1332.224	1339.436
YMR087W	393.273	406.43	408.121	407.186	415.95	416.887
YMR088C	544.051	543.54	545.419	559.901	556.217	554.81
YMR089C	1733.795	1777.636	1776.475	1723.332	1744.987	1738.066
YMR090W	183.385	185.22	183.724	185.804	186.299	185.022
YMR091C	431.08	436.022	434.212	441.906	443.132	440.912
YMR092C	503.453	503.408	504.094	510.631	509.395	507.791
YMR093W	473.72	468.722	470.111	480.59	473.597	474.003
YMR094W	1046.263	1046.593	1053.634	1090.484	1072.365	1078.216
YMR095C	203.814	204.525	205.067	207.491	207.261	207.32
YMR096W	245.433	249.868	248.233	245.274	247.973	246.763
YMR097C	535.708	541.041	542.301	559.876	557.863	558.49
YMR098C	715.601	722.834	726.474	741.669	743.728	744.515
YMR099C	279.11	282.008	282.8	284.697	284.92	285.157
YMR100W	1308.213	1315.501	1319.624	1362.44	1348.636	1350.836
YMR101C	2601.887	2560.109	2561.925	2628.418	2544.218	2541.14
YMR102C	1762.462	1787.606	1794.648	1788.538	1793.602	1802.271
YMR103C	1203.004	1228.137	1284.309	907.229	906.095	949.698
YMR104C	1690.554	1657.028	1636.605	1711.209	1671.137	1655.902
YMR105C	568.398	566.48	566.876	574.323	569.481	569.321
YMR105W-A	61.601	63.263	62.786	62.627	63.218	62.98
YMR106C	1154.78	1153.697	1158.749	1176.65	1162.16	1168.383
YMR106W-A	72.375	72.836	72.849	73.032	73.286	72.799
YMR107W	67.388	68.968	68.638	66.791	68.304	67.879
YMR108W	730.656	732.034	728.577	719.357	718.864	718.082
YMR109W	2902.454	2843.103	2888.263	2629.142	2553.462	2592.518
YMR110C	924.385	939.814	942.395	958.123	957.657	964.391
YMR111C	693.917	706.918	709.004	702.691	711.96	716.668
YMR112C	119.845	121.699	121.963	122.222	123.763	123.932
YMR113W	402.586	406.178	404.678	412.867	414.019	412.606
YMR114C	368.807	374.845	372.52	371.928	376.395	375.425
YMR115W	1273.361	1338.659	1351.951	1307.726	1357.13	1385.567
YMR116C	240.886	240.122	240.899	236.782	237.037	238.139
YMR117C	368.136	371.855	373.452	384.032	383.644	383.55
YMR118C	152.258	153.985	153.533	153.183	154.611	154.328
YMR119W	5013.766	5028.132	5049.495	4925.066	4873.142	4904.911
YMR120C	656.272	647.341	646.197	667.236	653.479	653.561
YMR121C	196.77	201.598	199.961	195.872	200.091	200.851
YMR122C	201.287	204.119	205.606	194.223	196.63	198.418
YMR122W-A	79.606	77.102	77.354	77.884	75.751	76.091
YMR123W	146.85	149.17	148.207	147.003	148.935	147.928
YMR124W	1376.081	1387.087	1388.611	1402.89	1402.182	1405.093
YMR125W	3911.209	3935.493	3944.47	3993.486	3960.638	3957.599
YMR126C	872.068	865.574	874.206	902.795	883.557	888.707
YMR127C	646.765	636.805	640.983	660.491	643.87	645.933
YMR128W	1949.139	1976.37	1979.722	2020.33	2022.507	2022.726
YMR129W	5622.722	5900.83	6017.57	5647.728	5858.233	5951.732
YMR130W	943.069	931.551	931.567	958.48	929.028	929.781
YMR131C	475.331	479.005	477.748	485.611	486.134	484.247
YMR132C	330.622	340.637	341.916	342.92	348.644	348.987
YMR133W	651.244	657.187	663.897	676.323	674.881	676.956
YMR134W	502.245	502.647	503.705	523.801	519.779	515.897
YMR135C	888.569	874.638	877.542	886.725	864.969	868.906
YMR136W	1457.477	1375.883	1419.24	1350.173	1279.591	1305.458
YMR137C	1646.333	1647.315	1654.305	1691.842	1670.487	1677.556
YMR138W	174.285	177.609	177.507	177.689	180.143	179.647
YMR139W	663.361	675.34	670.299	688.632	689.761	689.241
YMR140W	677.413	682.842	684.277	696.018	692.921	692.336
YMR141C	232.307	240.642	239.915	239.133	243.18	242.719
YMR142C	146.643	148.086	147.43	144.838	146.247	146.646
YMR143W	106.425	107.67	108.047	108.109	108.852	108.857
YMR144W	2326.033	2309.578	2278.145	2336.321	2265.328	2257.742
YMR145C	616.894	614.005	616.398	623.135	617.895	618.556
YMR146C	327.655	327.696	327.868	328.569	327.953	327.6
YMR147W	818.976	836.614	849.676	837.555	843.858	858.879
YMR148W	122.389	119.394	120.347	123.136	120.018	120.496
YMR149W	589.274	574.443	571.539	579.534	557.053	555.799
YMR150C	180.869	180.511	180.631	184.912	183.266	183.052
YMR152W	348.956	345.433	346.76	359.719	354.349	353.984
YMR153W	1040.132	1066.877	1067.539	1065.436	1076.553	1070.828
YMR154C	2210.539	2293.279	2284.455	2263.795	2290.562	2297.187
YMR155W	651.859	662.092	665.68	672.613	678.633	682.356
YMR156C	265.295	265.838	267.128	275.393	273.262	275.177
YMR157C	268.813	269.457	269.554	276.655	276.237	276.17
YMR158C-A	49	49	49	49	49	49
YMR158W	95.726	95.6	96.402	96.922	96.861	97.133
YMR159C	195.89	200.571	200.745	205.2	207.454	206.963
YMR160W	2577.196	2606.474	2572.649	2608.71	2593.681	2576.987
YMR161W	553.204	553.313	559.245	508.152	501.672	506.001
YMR162C	2470.811	2464.715	2480.495	2551.747	2517.472	2523.253
YMR163C	3357.954	3342.212	3327.273	3352.883	3269.232	3276.398
YMR164C	51512.032	51727.547	50488.027	52242.845	52217.348	51123.88
YMR165C	912.329	915.275	916.687	914.747	912.948	913.608
YMR166C	495.869	500.571	497.495	493.08	493.717	494.178
YMR167W	968.878	980.23	981.421	1002.337	1002.302	1002.628
YMR168C	1463.642	1481.561	1497.71	1499.301	1496.526	1507.938
YMR169C	505.316	506.756	508.066	514.154	513.246	513.484
YMR170C	449.025	449.117	449.242	452.839	451.355	451.175
YMR171C	929.94	931.656	931.584	953.83	945.028	943.65
YMR172W	2173.62	2258.707	2268.299	2138.126	2189.308	2210.648
YMR173W	344.146	337.326	340.467	350.869	345.179	345.508
YMR174C	49	49	49	49	49	49
YMR175W	52.536	53.942	53.093	52.246	53.653	53.07
YMR175W-A	228.761	219.854	220.512	237.055	223.963	223.359
YMR176W	3654.712	3617.057	3646.288	3753.798	3662.628	3676.077
YMR177W	501.859	506.732	506.37	515.797	516.481	514.381
YMR178W	332.278	335.252	337.114	344.162	343.962	344.562
YMR179W	977.837	994.575	1002.632	1018.343	1027.073	1031.45
YMR180C	317.633	320.842	322.456	326.187	328.368	329.893
YMR181C	104.215	104.658	105	104.881	105.311	105.644
YMR182C	222.657	221.197	220.873	219.573	217.736	218.788
YMR182W-A	38	38	38	38	38	38
YMR183C	507.921	515.032	518.44	517.676	519.418	522.343
YMR184W	385.495	387.925	388.29	403.24	399.564	397.833
YMR185W	2817.597	2848.148	2833.253	2892.419	2872.268	2867.862
YMR186W	1002.029	993.503	998.395	1023.451	1007.313	1012.922
YMR187C	728.186	732.924	735.744	756.339	751.18	753.59
YMR188C	478.652	491.752	498.039	500.8	508.053	512.114
YMR189W	2866.87	2773.94	2759.842	2865.464	2716.928	2718.476
YMR190C	2820.075	2838.56	2867.498	2876.308	2860.418	2876.645
YMR191W	964.961	961.184	960.19	981.381	961.343	960.952
YMR192W	9683.683	10001.766	9935.899	9513.698	9624.905	9537.118
YMR193W	414.858	422.355	423.138	432.308	433.643	433.505
YMR194C-B	53.489	54.076	53.439	53.617	54.054	54.089
YMR194W	63.442	63.601	63.44	63.852	63.996	63.878
YMR195W	159.78	161.739	160.904	153.779	154.066	154.794
YMR196W	1157.115	1160.546	1158.76	1174.438	1171.333	1170.814
YMR197C	216.636	217.867	217.139	222.205	221.899	221.544
YMR198W	709.729	722.202	722.112	733.423	740.957	740.431
YMR199W	2985.624	2967.66	2944.858	2933.595	2837.218	2856.334
YMR200W	218.42	219.77	219.6	222.228	222.727	222.76
YMR201C	330.574	334.655	334.439	335.904	338.419	338.012
YMR202W	168.838	168.818	168.354	167.905	168.344	168
YMR203W	293.892	290.636	291.956	295.412	292.502	292.773
YMR204C	711.948	720.393	721.655	738.243	739.793	742.124
YMR205C	820.834	821.808	822.357	822.964	822.771	823.374
YMR206W	626.896	635.399	642.273	556.097	557.137	568.033
YMR207C	5297.046	5378.235	5369.438	5379.12	5356.581	5384.56
YMR208W	993.86	987.037	999.003	1019.348	997.933	1007.829
YMR209C	755.751	775.358	780.06	731.86	737.138	743.057
YMR210W	846.865	842.085	857.685	863.318	853.216	862.559
YMR211W	674.855	678.265	684.414	700.002	695.684	699.623
YMR212C	2580.2	2550.477	2568.838	2666.97	2597.099	2601.398
YMR213W	687.296	699.29	695.47	700.415	707.547	705.299
YMR214W	4815.545	4942.315	5126.759	3637.63	3577.422	3676.848
YMR215W	733.948	729.084	737.363	749.005	739.339	746.237
YMR216C	5224.419	5232.117	5173.506	5098.802	4969.693	4966.088
YMR217W	422.072	422.986	423.572	426.488	426.838	426.675
YMR218C	3296.172	3373.335	3370.945	3388.325	3418.769	3398.24
YMR219W	2485.141	2541.01	2566.204	2563.408	2588.03	2597.428
YMR220W	516.007	528.201	529.716	528.39	538.035	537.453
YMR221C	602.002	599.502	600.121	616.553	609.042	607.979
YMR222C	221.425	224.076	220.602	215.28	216.407	215.536
YMR223W	1726.611	1644.442	1652.501	1741.285	1629.055	1634.398
YMR224C	722.453	726.87	728.344	742.262	741.706	741.167
YMR225C	70.84	70.298	70.781	72.002	71.284	71.256
YMR226C	372.202	387.881	387.58	342.732	351.516	353.709
YMR227C	799.207	818.537	812.186	809.933	821.455	818.552
YMR228W	664.517	666.788	672.583	689.329	684.79	686.188
YMR229C	3151.112	3175.218	3192.611	3260.779	3238.524	3256.083
YMR230W	70.215	70.726	71.331	71.762	72.281	72.418
YMR230W-A	85.975	84.515	83.635	88.671	86.145	84.637
YMR231W	3828.277	3893.574	3931.219	3877.599	3847.628	3870.153
YMR232W	2448.233	2456.3	2452.798	2541.696	2500.184	2514.221
YMR233W	401.121	398.188	399.873	415.238	405.15	406.316
YMR234W	866.848	864.043	867.184	901.015	879.411	881.22
YMR235C	394.086	395.291	397.612	405.092	404.082	404.549
YMR236W	156.693	158.737	156.36	153.694	155.665	154.799
YMR237W	1298.215	1294.602	1296.919	1331.943	1317.218	1319.29
YMR238W	767.207	785.464	789.375	791.942	801.353	803.753
YMR239C	910.225	914.673	916.613	953.802	943.576	942.381
YMR240C	374.478	378.574	377.853	378.991	381.916	380.347
YMR241W	339.47	346.365	346.771	347.027	351.694	352.251
YMR242C	116.701	116.952	117.417	116.56	117.026	117.321
YMR242W-A	45.126	46.403	46.527	41.359	42.508	43.014
YMR243C	396.985	392.407	393.403	403.984	398.633	397.407
YMR244C-A	82.503	83.668	82.323	81.198	82.388	81.969
YMR244W	1422.624	1476.349	1508.791	1185.339	1211.43	1227.436
YMR246W	655.579	663.697	659.448	658.482	663.025	662.129
YMR247C	5579.78	5615.484	5666.897	5722.771	5674.149	5697.757
YMR247W-A	49	49	49	49	49	49
YMR250W	512.889	515.408	514.5	517.524	517.52	515.746
YMR251W	1672.622	1722.358	1868.525	1255.333	1280.663	1369.065
YMR251W-A	148.579	147.185	143.506	134.118	130.876	131.875
YMR252C	112.026	113.019	113.541	114.14	114.725	114.769
YMR253C	639.677	638.189	635.251	655.457	643.282	641.763
YMR254C	137.805	138.195	138.353	143.085	141.475	141.617
YMR255W	347.79	350.206	350.134	365.36	361.893	362.011
YMR256C	49	49	49	49	49	49
YMR257C	1818.824	1826.841	1832.774	1895.961	1874.094	1877.577
YMR258C	765.221	753.748	759.04	797.399	778.378	779.648
YMR259C	3386.492	3398.905	3433.798	3526.62	3492.832	3516.658
YMR260C	126.273	128.276	128.631	129.471	130.73	130.429
YMR261C	1217.811	1225.231	1230.357	1249.112	1247.222	1248.89
YMR262W	385.587	392.929	391.26	371.32	375.54	375.943
YMR263W	8195.355	8230.737	8361.78	8104.351	7956.408	8019.215
YMR264W	893.311	866.139	892.279	733.125	706.004	726.677
YMR265C	649.918	656.183	657.683	634.205	636.108	640.057
YMR266W	1510.46	1512.692	1524.473	1553.656	1539.242	1540.552
YMR267W	377.397	382.199	382.836	392	392.26	391.463
YMR268C	797.977	812.69	818.848	832.221	836.849	843.097
YMR269W	405.556	422.699	417.924	423.708	434.22	430.823
YMR270C	668.612	682.93	688.873	692.797	700.27	705.03
YMR271C	249.629	246.258	247.396	257.104	251.793	252.024
YMR272C	284.024	283.088	283.149	285.321	284.396	284.059
YMR272W-B	49	49	49	49	49	49
YMR273C	1138.006	1154.92	1154.013	1121.255	1131.799	1131.623
YMR274C	627.319	639.293	643.226	640.925	643.419	642.832
YMR275C	1887.787	1891.289	1899.406	1892.413	1873.11	1885.514
YMR276W	8870.488	9021.847	9687.069	6462.679	6290.391	6689.241
YMR277W	1292.223	1277.45	1281.405	1206.528	1182.231	1185.844
YMR278W	814.28	815.728	827.885	836.567	830.513	832.534
YMR279C	509.715	506.412	506.938	515.607	510.946	508.552
YMR280C	5420.021	5279.991	5334.073	5122.806	4934.121	4950.278
YMR281W	470.792	470.842	472.062	488.71	482.649	482.796
YMR282C	1516.321	1539.214	1565.233	1562.047	1551.847	1568.569
YMR283C	994.49	1001.584	1003.417	1030.727	1021.324	1025.643
YMR284W	5258.636	5094.69	5185.368	5319.927	5159.63	5252.99
YMR285C	712.789	716.116	717.022	734.897	730.844	729.435
YMR286W	59.904	61.01	60.804	60.816	61.28	61.385
YMR287C	2535.509	2492.885	2541.051	2624.829	2557.232	2587.552
YMR288W	1437.311	1458.119	1459.711	1490.132	1495.154	1496.222
YMR289W	802	785.716	788.592	823.152	796.462	794.391
YMR290C	6313.202	6270.541	6397.485	6105.849	5967.885	5991.809
YMR291W	715.28	711.606	713.338	725.372	719.211	721.913
YMR292W	272.864	269.969	275.263	285.946	281.621	281.269
YMR293C	1470.584	1461.207	1470.938	1468.17	1442.413	1451.639
YMR294W	503.119	509.799	511.009	521.854	522.757	522.486
YMR295C	291.791	289.991	290.638	265.839	263.488	267.08
YMR296C	1672.306	1653.831	1661.849	1397.289	1366.192	1383.266
YMR297W	515.435	512.846	512.012	505.266	503.598	504.114
YMR298W	224.357	231.657	232.865	230.124	234.597	237.73
YMR299C	450.082	447.076	449.303	472.841	464.824	465.244
YMR300C	489.957	495.663	494.761	501.166	503.062	500.165
YMR301C	986.1	988.397	995.871	1005.299	999.761	1006.269
YMR302C	1046.523	1056.498	1056.657	1069.529	1072.692	1071.76
YMR303C	579.944	585.578	584.091	538.451	540.746	544.226
YMR304W	3899.342	3887.162	3880.197	3959.749	3882.659	3874.349
YMR305C	344.232	343.47	343.733	342.463	342.174	343.713
YMR306W	1967.537	1955.517	1965.746	2018.66	1993.999	1996.559
YMR307W	481.32	475.3	477.157	483.893	477.262	477.625
YMR308C	2192.968	2203.086	2192.11	2239.437	2214.469	2218.377
YMR309C	1337.989	1330.264	1342.576	1387.849	1365.775	1370.979
YMR310C	312.262	317.587	321.16	315.621	320.941	323.717
YMR311C	516.264	528.979	525.971	480.466	487.079	489.184
YMR312W	620.738	606.292	616.077	610.908	589.904	594.663
YMR313C	2870.818	2972.157	2979.64	2949.01	2979.084	2983.163
YMR314W	284.343	293.469	290.601	278.588	284.831	283.829
YMR315W	271.94	273.958	274.505	275.291	276.585	275.818
YMR315W-A	49	49	49	49	49	49
YMR316C-A	131.422	128.3	128.724	136.038	131.675	130.706
YMR316W	416.507	410.733	411.959	430.636	421.944	421.694
YMR317W	956.328	945.345	951.958	953.692	942.565	950.108
YMR318C	276.661	279.011	277.817	277.988	279.58	278.789
YMR319C	508.769	513.962	513.182	516.039	518.242	516.085
YMR320W	123.37	124.637	125.684	128.255	128.563	129.463
YMR321C	63.09	62.475	62.617	63.077	62.681	62.634
YMR322C	233.738	236.104	235.342	232.018	233.618	233.592
YMR323W	889.977	909.727	918.076	769.433	775.491	782.139
YMR325W	2065.254	2004.017	2234.384	1344.87	1242.837	1356.749
YNCA0001W	202.082	203.174	203.856	201.579	201.991	202.078
YNCA0002W	30.087	27.3786676870964	31.644	24.455	24.133	27.3786676870964
YNCA0003W	49	49	49	49	49	49
YNCA0004W	38.088	39.368	39.615	33.688	34.202	34.626
YNCA0005W	33	33	33	33	33	33
YNCA0006C	33	33	33	33	33	33
YNCB0001W	35.135	36.219	35.72	35	35	35
YNCB0002W	24	24	24	24	24	24
YNCB0003W	39	39	39	39	39	39
YNCB0004W	38.35	36.405	36.285	34.692	32.801	32.897
YNCB0005C	36.082	38.002	37.424	30.091	30.921	31.032
YNCB0006W	33	33	33	33	33	33
YNCB0007W	24	24	24	24	24	24
YNCB0009C	49	49	49	49	49	49
YNCB0011C	25	25	25	25	25	25
YNCB0012W	35.135	36.219	35.72	35	35	35
YNCB0013W	23	23	23	23	23	23
YNCB0015W	23	23	23	23	23	23
YNCB0016W	80.27	90.674	92.17	61.407	67.82	68.966
YNCB0017C	23	23	23	23	23	23
YNCB0018W	42.541	46.49	41.1837996601666	36.851	39.472	41.1837996601666
YNCB0019C	511.458	496.476	499.998	525.869	507.71	507.705
YNCC0001C	42.541	46.49	41.1837996601666	36.851	39.472	41.1837996601666
YNCC0003C	49	49	49	49	49	49
YNCC0004C	424.864	435.164	512.081	267.707	255.277	293.779
YNCC0005W	25	25	25	25	25	25
YNCC0006C	76.52	78.09	78.791	78.781	79.306	79.867
YNCC0007C	36.082	38.002	37.424	30.091	30.921	31.032
YNCC0008W	186.731	188.802	198.122	131.977	130.825	136.176
YNCC0009C	24	24	24	24	24	24
YNCC0010C	23	23	23	23	23	23
YNCC0011W	75.281	74.236	74.35	77.079	74.326	73.925
YNCC0012C	72.549	70.462	71.806	74.896	72.593	73.135
YNCC0013W	33	33	33	33	33	33
YNCC0014W	24	24	24	24	24	24
YNCC0015W	692.677	657.759	667.41	707.05	653.688	656.472
YNCD0002C	342.6	351.864	362.399	352.468	358.408	365.088
YNCD0003W	24	24	24	24	24	24
YNCD0004W	133.492	139.071	142.824	99.06	101.109	103.596
YNCD0005C	24	24	24	24	24	24
YNCD0006W	33	33	33	33	33	33
YNCD0008W	35.135	36.219	35.72	35	35	35
YNCD0010C	49	49	49	49	49	49
YNCD0013C	33.992	34.98	35.121	29.901	30.417	30.929
YNCD0014C	23	23	23	23	23	23
YNCD0015C	38.35	36.405	36.285	34.692	32.801	32.897
YNCD0016C	23	23	23	23	23	23
YNCD0017W	24	24	24	24	24	24
YNCD0018W	26	26	26	26	26	26
YNCD0021C	50.277	54.468	48.6926706146821	42.158	48.6926706146821	48.6926706146821
YNCD0022C	26.981	27.966	27.621	24.886	25.446	25.443
YNCD0023C	24	24	24	24	24	24
YNCD0024C	49	49	49	49	49	49
YNCD0025W	24	24	24	24	24	24
YNCD0026W	24	24	24	24	24	24
YNCD0027C	23	23	23	23	23	23
YNCD0028W	34	34	34	34	34	34
YNCD0029C	24	24	24	24	24	24
YNCD0030W	49	49	49	49	49	49
YNCD0031C	33	33	33	33	33	33
YNCD0032C	967.976	1028.859	1006.068	969.698	981.216	994.339
YNCD0033W	1457.602	1491.282	1474.058	1490.112	1501.038	1487.886
YNCD0034C	501.63	494.795	501.706	524.163	511.343	515.666
YNCE0001C	108.751	106.333	107.79	114.728	111.088	110.998
YNCE0002W	33	33	33	33	33	33
YNCE0003W	42	42	42	42	42	42
YNCE0004C	36.082	38.002	37.424	30.091	30.921	31.032
YNCE0005W	33	33	33	33	33	33
YNCE0006W	186.731	188.802	198.122	131.977	130.825	136.176
YNCE0008C	23	23	23	23	23	23
YNCE0009C	24	24	24	24	24	24
YNCE0010W	23	23	23	23	23	23
YNCE0011C	49	49	49	49	49	49
YNCE0012W	42.541	46.49	41.1837996601666	36.851	39.472	41.1837996601666
YNCE0013W	23	23	23	23	23	23
YNCE0015C	37.453	40.447	39.708	34.813	36.321	36.353
YNCE0016C	38.088	39.368	39.615	33.688	34.202	34.626
YNCE0017W	455.926	452.119	451.119	478.645	466.618	466.167
YNCE0019W	52.932	53.617	53.242	53.892	54.079	53.487
YNCE0020C	43.982	43.597	44.6915701280444	46.054	45.022	44.844
YNCE0021C	23	23	23	23	23	23
YNCE0023W	25	25	25	25	25	25
YNCE0026W	25	25	25	25	25	25
YNCE0028C	33.992	34.98	35.121	29.901	30.417	30.929
YNCF0001C	9640.226	8964.27	8942.194	9263.361	8551.571	8604.357
YNCF0002W	30.087	27.3786676870964	31.644	24.455	24.133	27.3786676870964
YNCF0003C	3550.564	3693.095	3641.232	3520.924	3559.545	3535.688
YNCF0007W	26	26	26	26	26	26
YNCF0009C	33	33	33	33	33	33
YNCF0010C	488.149	486.556	490.034	511.684	498.399	503.543
YNCF0011C	133.492	139.071	142.824	99.06	101.109	103.596
YNCF0013W	85.459	87.592	86.795	86.52	88.171	87.431
YNCF0014C	24	24	24	24	24	24
YNCG0002C	25	25	25	25	25	25
YNCG0003C	23	23	23	23	23	23
YNCG0004W	24	24	24	24	24	24
YNCG0009C	23	23	23	23	23	23
YNCG0010W	82.316	81.212	81.555	83.449	81.725	81.644
YNCG0011W	23	23	23	23	23	23
YNCG0013W	111.535	114.299	114.367	108.081	109.869	110.752
YNCG0014C	40	40	40	40	40	40
YNCG0015C	47	47	47	47	47	47
YNCG0017W	23	23	23	23	23	23
YNCG0018C	25	25	25	25	25	25
YNCG0021W	80.27	90.674	92.17	61.407	67.82	68.966
YNCG0022W	42.541	46.49	41.1837996601666	36.851	39.472	41.1837996601666
YNCG0024W	88.693	89.644	89.354	91.865	91.186	90.718
YNCG0026W	49	49	49	49	49	49
YNCG0027W	23	23	23	23	23	23
YNCG0028W	255.016	262.32	272.217	185.355	186.792	192.691
YNCG0030C	23	23	23	23	23	23
YNCG0031W	25	25	25	25	25	25
YNCG0033W	38.35	36.405	36.285	34.692	32.801	32.897
YNCG0034W	133.492	139.071	142.824	99.06	101.109	103.596
YNCG0035W	23	23	23	23	23	23
YNCG0040C	33	33	33	33	33	33
YNCG0042C	23	23	23	23	23	23
YNCG0043C	36.082	38.002	37.424	30.091	30.921	31.032
YNCG0044C	49	49	49	49	49	49
YNCG0045C	89.5	89.5	89.5	89.5	89.5	89.5
YNCG0046W	23	23	23	23	23	23
YNCG0047C	1909.063	1868.281	1842.647	1899.238	1821.195	1807.878
YNCG0048W	9908.352	9788.88	10153.768	8114.099	7755.479	7995.006
YNCG0049W	1228.055	1227.193	1232.846	1257.845	1236.484	1242.903
YNCH0006C	133.492	139.071	142.824	99.06	101.109	103.596
YNCH0007W	3183.622	3406.575	3616.774	3134.182	3347.975	3452.716
YNCH0010C	24	24	24	24	24	24
YNCH0012W	49	49	49	49	49	49
YNCH0014W	65.805	63.001	64.218	66.842	63.495	64.983
YNCH0015W	23	23	23	23	23	23
YNCI0001W	3411.536	3356.617	3347.406	3284.305	3135.55	3131.57
YNCI0002W	24	24	24	24	24	24
YNCI0003C	38.35	36.405	36.285	34.692	32.801	32.897
YNCI0008C	80.27	90.674	92.17	61.407	67.82	68.966
YNCI0012	2126.968	2094.094	2100.685	2192.56	2135.422	2138.465
YNCI0013W	892	892	892	892	892	892
YNCJ0001C	24	24	24	24	24	24
YNCJ0003C	49	49	49	49	49	49
YNCJ0004C	88.99	88.327	89.585	93.499	92.171	92.608
YNCJ0005C	133.492	139.071	142.824	99.06	101.109	103.596
YNCJ0007C	729.403	761.536	758.717	737.79	749.128	747.37
YNCJ0008W	90.607	92.9560496256161	95.366	92.9560496256161	92.9560496256161	92.9560496256161
YNCJ0009C	50.087	49.54	49.602	52.799	51.297	51.306
YNCJ0020W	24	24	24	24	24	24
YNCJ0022C	186.731	188.802	198.122	131.977	130.825	136.176
YNCJ0025W	37.967	37.967	37.967	37.967	37.967	37.967
YNCJ0028C	8382.069	8425.795	8783.057	7045.24	6937.381	7133.73
YNCJ0029W	33	33	33	33	33	33
YNCJ0030W	49	49	49	49	49	49
YNCK0001W	49	49	49	49	49	49
YNCK0002C	23	23	23	23	23	23
YNCK0005C	42.541	46.49	41.1837996601666	36.851	39.472	41.1837996601666
YNCK0009W	46	46	46	46	46.177	46.088
YNCK0010W	23	23	23	23	23	23
YNCK0013W	49	49	49	49	49	49
YNCK0014W	25	25	25	25	25	25
YNCK0015C	49	49	49	49	49	49
YNCK0017W	33.992	34.98	35.121	29.901	30.417	30.929
YNCK0020C	1176.699	1001.475	1047.598	1167.105	990.998	983.624
YNCK0021W	24	24	24	24	24	24
YNCL0003W	202.665	196.461	196.661	196.462	191.507	191.416
YNCL0004C	38.088	39.368	39.615	33.688	34.202	34.626
YNCL0005C	35	35	35	35	35	35
YNCL0006W	49	49	49	49	49	49
YNCL0007W	33.992	34.98	35.121	29.901	30.417	30.929
YNCL0010C	12180.22	12079.241	12196.624	11110.078	10809.262	10872.855
YNCL0011C	162	162	162	162	162	162
YNCL0012C	3424.767	3537.237	3587.512	2828.975	2867.684	2913.877
YNCL0013C	49	49	49	49	49	49
YNCL0014C	70.705	74.444	76.117	68.78	72.472	73.055
YNCL0015C	312	312	312	2452.785	2355.339	2369.065
YNCL0016C	1882.48	1872.699	1937.36	1547.763	1531.068	1561.923
YNCL0017C	240.176	243.549	243.316	243.823	245.454	244.094
YNCL0018W	49	49	49	49	49	49
YNCL0027W	49	49	49	49	49	49
YNCL0031W	49	49	49	49	49	49
YNCL0033C	24	24	24	24	24	24
YNCL0034W	33	33	33	33	33	33
YNCL0035C	133.492	139.071	142.824	99.06	101.109	103.596
YNCL0039W	31	31	31	31	31	31
YNCL0041C	41	41	41	41	41	41
YNCL0042C	49	49	49	49	49	49
YNCL0043C	169.018	179.238	176.628	180.76	187.946	183.196
YNCL0045W	23	23	23	23	23	23
YNCL0046W	49	49	49	49	49	49
YNCL0048W	65.379	64.409	64.745	68.197	66.466	66.579
YNCL0050C	25	25	25	25	25	25
YNCM0002C	324.584	329.408	337.449	257.617	255.95	261.661
YNCM0003W	9.008	9.008	9.008	9.008	9.008	9.008
YNCM0005C	37	37	37	37	37	37
YNCM0010W	23	23	23	23	23	23
YNCM0011W	141.744	154.328	156.576	145.919	154.834	159.136
YNCM0012W	39	39	39	39	39	39
YNCM0013W	49	49	49	49	49	49
YNCM0014W	40	40	40	40	40	40
YNCM0015W	39	39	39	39	39	39
YNCM0016W	49	49	49	49	49	49
YNCM0017W	49	49	49	49	49	49
YNCM0019W	24	24	24	24	24	24
YNCM0025C	24	24	24	24	24	24
YNCM0026C	40	40	40	40	40	40
YNCM0028C	24	24	24	24	24	24
YNCM0030W	736.466	693.592	694.673	761.469	700.427	707.322
YNCM0031W	108.539	105.451	106.389	113.4	108.68	108.641
YNCM0032C	137.272	134.559	134.953	124.298	120.484	121.48
YNCM0034C	4045.315	4034.069	4013.833	3920.314	3788.06	3773.219
YNCM0036C	23	23	23	23	23	23
YNCN0001W	48	48	48	48	48	48
YNCN0002C	23	23	23	23	23	23
YNCN0004W	24	24	24	24	24	24
YNCN0005C	183.634	184.407	185.725	186.059	185.754	185.738
YNCN0008C	81.914	90.963	92.4	62.985	68.224	69.343
YNCN0009W	30.087	27.3786676870964	31.644	24.455	24.133	27.3786676870964
YNCN0011W	30.087	27.3786676870964	31.644	24.455	24.133	27.3786676870964
YNCN0014W	37	37	37	37	37	37
YNCN0016C	424.864	435.164	512.081	267.707	255.277	293.779
YNCN0018W	182.799	195.614	191.014	192.116	197.333	197.246
YNCN0019C	59.524	58.188	58.585	60.968	59.446	59.265
YNCO0001C	23	23	23	23	23	23
YNCO0003C	47	47	47	47	47	47
YNCO0005W	25	25	25	25	25	25
YNCO0006W	56.825	57.167	56.284	55.502	55.851	55.611
YNCO0007W	41	41	41	41	41	41
YNCO0014C	49	49	49	49	49	49
YNCO0015C	265.525	268.919	269.156	265.284	260.134	261.099
YNCO0020C	23	23	23	23	23	23
YNCO0021C	25	25	25	25	25	25
YNCO0022C	1323.272	1499.479	1527.746	1339.59	1465.988	1508.731
YNCO0023W	186.731	188.802	198.122	131.977	130.825	136.176
YNCO0024C	49	49	49	49	49	49
YNCO0025W	191.169	190.224	191.76	198.653	196.235	196.859
YNCO0026W	61.221	61.157	60.631	59.829	59.73	60.268
YNCO0027C	49	49	49	49	49	49
YNCO0028W	397.09	391.311	393.459	405.686	389.41	389.936
YNCO0030W	24	24	24	24	24	24
YNCO0031W	24.8056666666667	24.8056666666667	24.8056666666667	24.8056666666667	24.8056666666667	24.8056666666667
YNCP0001C	23	23	23	23	23	23
YNCP0003W	29	29	29	29	29	29
YNCP0005C	185.723	183.364	184.549	196.859	192.49	192.906
YNCP0012W	37.453	40.447	39.708	34.813	36.321	36.353
YNCP0013C	49.034	49.132	49.541	51.915	51.212	51.488
YNCP0014C	49	49	49	49	49	49
YNCP0015C	46	46	46	46	46	46
YNCP0016W	23	23	23	23	23	23
YNCP0021W	78.884	77.63	79.587	82.714	80.981	82.146
YNCP0022W	133.492	139.071	142.824	99.06	101.109	103.596
YNCP0023W	36.082	38.002	37.424	30.091	30.921	31.032
YNCP0025W	3644.874	3434.498	3536.135	3504.244	3256.243	3294.896
YNCP0026W	462.927	468.655	470.816	481.428	480.501	482.39
YNL001W	1683.987	1688.838	1697.469	1731.753	1709.723	1721.701
YNL002C	523.404	536.848	540.939	544.944	552.554	554.691
YNL003C	593.198	586.573	594.032	599.168	592.447	595.449
YNL004W	460.461	471.327	468.305	468.336	476.361	473.795
YNL005C	490.246	499.269	501.08	506.989	512.177	513.234
YNL006W	231.87	231.162	230.291	233.423	232.243	231.421
YNL007C	4292.366	4296.898	4599.061	2987.587	2869.672	3096.69
YNL008C	5591.233	5875.012	5805.854	5515.668	5733.397	5596.941
YNL009W	1231.361	1232.729	1243.566	1271.803	1253.661	1259.515
YNL010W	212.041	213.194	214.131	218.494	218.579	218.086
YNL011C	1371.678	1374.119	1366.746	1395.383	1372.458	1367.926
YNL012W	2457.861	2608.888	2642.758	2469.265	2571.142	2583.066
YNL014W	1122.763	1129.674	1131.221	1152.09	1152.235	1149.442
YNL015W	49	49	49	49	49	49
YNL016W	468.574	465.451	466.308	470.768	466.29	466.273
YNL018C	497.155	494.197	495.559	496.242	494.176	496.387
YNL019C	283.146	284.054	283.498	278.122	279.283	279.644
YNL020C	561.805	564.378	567.13	576.231	575.988	576.935
YNL021W	970.886	980.941	979.803	973.279	972.356	973.591
YNL022C	487.943	496.949	498.336	501.911	507.269	506.877
YNL023C	1048.639	1058.953	1058.515	1070.314	1072.214	1071.948
YNL024C	859.36	863.888	858.975	868.627	857.301	854.355
YNL024C-A	58.232	56.795	56.662	58.466	56.926	56.339
YNL025C	352.196	355.798	356.114	363.633	364.662	365.033
YNL026W	1449.082	1418.592	1435.369	1461.925	1419.676	1438.274
YNL027W	2100.876	2128.814	2132.323	2127.318	2121.915	2119.498
YNL029C	596.34	596.148	595.364	585.936	584.447	583.646
YNL030W	62.594	63.615	63.526	62.424	63.389	63.419
YNL031C	114.395	113.537	113.425	114.38	113.507	113.908
YNL032W	440.74	436.396	437.951	449.087	436.946	436.733
YNL033W	283.378	284.326	283.843	278.421	279.576	279.931
YNL034W	562.761	559.143	560.364	555.353	552.514	555.283
YNL035C	339.139	343.195	343.378	346.901	349.567	349.188
YNL036W	268.978	270.901	273.227	271.864	272.727	276.031
YNL037C	562.92	568.017	575.271	521.441	522.401	525.838
YNL038W	489.976	486.036	486.144	507.854	496.45	497.551
YNL039W	1006.82	1033.072	1033.985	1019.81	1032.632	1036.314
YNL040C-A	32	32	32	32	32	32
YNL040W	981.014	995.987	1011.162	1000.129	1000.115	1011.506
YNL041C	6105.99	6187.823	6296.159	5968.48	5938.704	5979.296
YNL042W	964.341	965.897	992.35	826.093	823.835	837.463
YNL042W-B	146.568	149.884	149.878	133.713	135.575	136.09
YNL044W	184.824	183.548	185.866	188.889	186.535	187.386
YNL045W	697.441	694.854	696.9	713.539	707.316	705.628
YNL046W	358.807	359.301	358.541	311.069	308.505	311.82
YNL047C	6643.216	6745.547	6822.202	6451.15	6457.182	6541.742
YNL048W	2000.52	2018.846	2029.174	2066.644	2042.617	2051.887
YNL049C	1578.548	1591.222	1590.862	1619.82	1612.19	1617.076
YNL050C	286.024	289.546	288.407	294.938	295.834	294.815
YNL051W	2908.954	3048.622	3074.211	2907.559	2934.598	2952.847
YNL052W	138.372	138.94	137.929	134.66	135.381	134.512
YNL053W	788.621	797.943	805.338	747.358	749.468	758.174
YNL054W	2129.688	2115.891	2105.246	2195.988	2139.646	2138.019
YNL054W-A	1274	1274	1274	1274	1274	1274
YNL054W-B	2444.838	2455.754	2461.597	2523.307	2506.023	2515.776
YNL055C	211.269	208.633	209.316	209.938	208.163	208.562
YNL056W	170.148	171.633	171.921	172.323	172.518	171.473
YNL058C	333.41	325.656	327.09	340.712	330.902	331.636
YNL059C	3237.042	3262.935	3313.288	3205.655	3154.421	3203.832
YNL061W	641.883	649.382	649.445	654.04	657.979	657.034
YNL062C	1038.513	1060.114	1068.716	1061.446	1064.849	1067.547
YNL063W	245.901	247.317	247.39	247.845	248.963	249.086
YNL064C	533.952	549.643	544.927	519.915	530.334	531.08
YNL065W	479.749	479.46	479.943	485.773	483.949	483.329
YNL066W	334.112	332.483	330.808	329.504	328.369	328.714
YNL067W	119.242	119.787	120.253	118.764	119.529	119.236
YNL067W-B	319.081	326.891	322.949	332.986	329.524	327.172
YNL068C	948.169	946.524	950.265	964.936	957.935	961.61
YNL069C	155.282	155.062	155.226	153.584	153.381	153.551
YNL070W	87.507	86.271	86.603	92.763	90.09	90.617
YNL071W	1776.528	1695.375	1798.979	1298.195	1219.702	1283.756
YNL072W	511.013	518.59	516.046	470.889	475.889	477.964
YNL073W	706.707	713.848	714.939	709.633	711.138	709.743
YNL074C	432.67	433.427	435.945	434.79	434.566	438.161
YNL075W	266.599	269.274	270.89	273.938	274.615	275.028
YNL076W	762.196	762.986	767.951	787.937	782.762	783.722
YNL077W	4279.386	4125.536	4180.506	4132.949	3885.237	3882.401
YNL078W	531.418	537.221	539.135	510.786	513.557	519.024
YNL079C	151.085	151.968	151.288	149.73	151.074	150.445
YNL080C	361.9	370.057	372.601	366.08	374.493	378.825
YNL081C	115.645	118.516	118.46	118.64	120.6	120.588
YNL082W	2337.818	2386.428	2395.722	2417.266	2412.481	2421.531
YNL083W	453.913	452.176	452.998	462.981	458.986	458.173
YNL084C	1187.726	1161.775	1160.34	1226.931	1175.696	1176.387
YNL085W	1615.475	1603.525	1614.838	1669.228	1639.392	1643.567
YNL086W	86.009	86.671	85.619	84.354	84.813	84.678
YNL087W	1593.119	1596.692	1602.8	1648.212	1636.531	1638.968
YNL088W	7005.759	6920.766	6965.283	7066.06	6870.12	6913.893
YNL090W	192.53	195.181	195.307	196.877	198.769	198.229
YNL091W	1753.554	1809.064	1813.443	1795.191	1829.895	1838.026
YNL092W	604.623	618.606	620.894	584.681	592.812	596.838
YNL093W	179.568	182.147	182.535	184	186.246	185.857
YNL094W	794.367	788.303	793.621	804.691	792.072	793.539
YNL095C	610.384	610.775	609.187	621.044	616.569	615.065
YNL096C	121.782	121.353	122.022	122.098	121.819	122.094
YNL097C	618.666	627.723	624.21	584.934	591.323	592.105
YNL097C-B	49	49	49	49	49	49
YNL098C	578.314	586.212	590.087	512.483	514.513	522.875
YNL099C	309.837	312.183	313.358	310.501	310.843	311.753
YNL100W	364.703	366.222	365.622	376.165	373.18	372.812
YNL101W	2931.32	3008.874	2951.829	2910.433	2926.73	2904.88
YNL102W	2848.608	2870.167	2867.048	2942.843	2928.158	2929.28
YNL103W	1515.72	1562.415	1571.92	1542.229	1563.16	1575.165
YNL104C	592.674	592.926	590.762	579.16	576.699	577.39
YNL106C	1470.375	1461.413	1473.448	1494.138	1475.372	1480.804
YNL107W	364.458	374.218	372.953	377.03	379.829	379.783
YNL108C	261.762	264.264	262.672	262.731	262.778	262.484
YNL110C	337.975	352.793	353.92	353.238	363.265	365.974
YNL111C	84.806	85.255	85.209	86.016	85.88	85.744
YNL112W	1021.739	1045.826	1047.999	881.039	887.661	896.093
YNL113W	110.528	111.178	111.361	111.43	111.849	111.769
YNL115C	2498.507	2478.62	2511.769	2167.365	2116.659	2133.757
YNL116W	743.549	749.995	752.697	702.256	701.559	706.648
YNL117W	619.017	621.937	620.99	622.623	623.271	624.737
YNL118C	4962.912	4912.194	4914.455	4922.965	4818.707	4812.736
YNL119W	1678.04	1675.617	1679.623	1740.076	1706.715	1708.298
YNL121C	768.255	768.217	772.677	797.483	790.04	790.726
YNL122C	229.99	225.612	229.668	242.069	233.988	237.017
YNL123W	1249.551	1263.413	1266.461	1290.469	1293.203	1293.427
YNL124W	673.203	676.743	675.816	663.251	663.684	666.755
YNL125C	1461.336	1441.353	1461.786	1272.454	1237.805	1257.286
YNL126W	6578.164	6084.837	6137.481	6580.608	5985.933	5967.253
YNL127W	1366.767	1377.657	1386.802	1418.024	1412.549	1417.092
YNL128W	1346.88	1389.907	1385.206	1352.046	1369.454	1375.678
YNL129W	926.531	932.456	925.116	939.964	928.41	920.68
YNL130C	524.875	517.773	522.049	532.171	521.383	523.44
YNL130C-A	67.69	66.081	67.218	70.889	68.135	68.312
YNL131W	224.97	226.89	227.801	231.994	231.133	232.393
YNL132W	1630.78	1640.886	1653.304	1689.551	1676.697	1687.588
YNL133C	271.339	274.677	275.197	284.549	284.993	285.033
YNL134C	388.12	386.836	386.012	389.508	386.978	386.853
YNL135C	91.664	91.009	89.8	90.306	89.481	89.118
YNL136W	581.23	595.983	595.779	602.598	611.379	610.703
YNL137C	798.261	816.293	826.27	825.817	833.219	841.341
YNL138W	1692.483	1704.839	1779.642	1324.352	1301.166	1347.003
YNL138W-A	54.465	55.625	55.062	54.289	55.466	55.294
YNL139C	4173.481	4145.768	4179.093	4333.089	4232.746	4257.418
YNL140C	309.137	315.222	312.702	315.038	317.649	317.41
YNL141W	349.942	348.555	348.938	355.767	352.006	352.679
YNL142W	1061.668	1078.321	1100.226	880.851	878.309	893.628
YNL143C	31547.89	30166.146	30573.94	30563.553	28972.781	28491.214
YNL144C	975.637	961.634	969.272	1003.84	983.798	985.272
YNL145W	49	49	49	49	49	49
YNL146C-A	58.076	58.096	57.836	60.348	59.717	59.187
YNL146W	255.97	261.279	265.139	263.55	264.233	267.02
YNL147W	121.152	123.089	123.416	126.9	127.722	127.777
YNL148C	4214.807	3988.333	4186.204	3048.973	2822.581	2924.799
YNL149C	129.115	131.569	132.022	130.969	133.449	133.422
YNL151C	599.907	609.321	609.306	610.856	611.581	608.399
YNL152W	627.997	626.934	625.408	643.075	634.658	634.828
YNL153C	90.225	91.425	91.119	89.819	91.157	90.912
YNL154C	617.74	623.891	627.58	629.497	632.227	635.101
YNL155C-A	62.704	64.313	64.788	64.623	66.09	66.116
YNL155W	355.899	357.228	360.662	370.252	367.941	370.547
YNL156C	412.547	408.439	407.218	413.567	406.765	405.562
YNL157W	201.009	203.588	203.254	207.489	208.524	208.72
YNL158W	148.689	147.747	147.728	150.209	149.149	148.874
YNL159C	1254.652	1243.47	1281.807	1279.942	1247.751	1277.97
YNL160W	261.015	255.898	257.301	260.639	256.111	257.163
YNL161W	1094.678	1096.709	1096.809	1123.309	1114.818	1113.946
YNL162W	55.999	56.457	56.35	55.297	55.78	55.829
YNL162W-A	93.324	94.784	96.039	97.81	98.19	99.315
YNL163C	1544.342	1559.128	1558.106	1595.087	1590.627	1588.082
YNL164C	357.885	359.308	359.8	364.865	363.69	363.689
YNL165W	648.569	651.582	652.237	646.75	644.058	646.136
YNL166C	688.606	705.681	706.931	708.095	719.941	724.152
YNL167C	1097.689	1110.137	1115.078	1133.047	1130.406	1134.878
YNL168C	192.624	194.582	193.795	191.871	193.456	193.429
YNL169C	1076.384	1092.183	1104.484	1012.099	1011.327	1018.173
YNL172W	2381.711	2388.203	2404.133	2454.904	2437.586	2442.967
YNL173C	498.579	506.685	507.608	496.992	504.15	505.585
YNL175C	499.441	504.799	504.975	510.265	511.77	511.545
YNL176C	715.567	704.017	712.971	720.511	704.101	708.844
YNL177C	399.026	399.034	400.004	414.591	410.122	410.307
YNL178W	163.796	165.853	164.72	161.743	163.482	163.03
YNL180C	377.613	385.207	385.751	384.411	390.324	392.396
YNL181W	441.798	446.044	445.534	454.343	454.596	453.098
YNL182C	731.191	733.937	739.663	756.075	750.791	751.723
YNL183C	1214.994	1227.949	1228.311	1249.327	1248.99	1252.335
YNL184C	2592.509	2634.993	2765.054	1771.735	1710.828	1791.289
YNL185C	2706.701	2754.503	2881.434	1880.05	1821.853	1901.321
YNL186W	3517.527	3566.544	3552.104	3522.842	3492.399	3490.244
YNL187W	353.867	360.989	356.729	351.59	357.853	355.634
YNL188W	4628.744	4615.07	4597.955	4535.473	4379.025	4379.471
YNL189W	627.634	628.993	633.235	645.703	641.778	643.735
YNL190W	142.844	141.738	141.769	139.417	138.947	140.064
YNL191W	416.976	414.065	410.713	421.811	415.895	414.694
YNL192W	1820.691	1830.653	1839.797	1887.846	1874.119	1877.411
YNL193W	1569.904	1504.202	1499.188	1581.317	1506.856	1497.76
YNL194C	363.217	361.268	360.766	357.871	355.211	356.309
YNL195C	352.744	355.67	354.215	339.483	341.169	343.041
YNL196C	1203.303	1248.094	1259.515	1229.359	1253.333	1267.686
YNL197C	759.384	756.263	760.225	765.155	759.26	761.848
YNL199C	878.533	923.166	925.072	902.906	937.758	948.557
YNL200C	283.682	287.384	287.015	273.528	275.677	275.623
YNL201C	2152.458	2161.093	2172.226	2228.969	2209.642	2214.373
YNL202W	248.514	248.693	248.09	248.2	248.206	246.684
YNL204C	323.104	325.111	325.65	334.203	333.348	331.958
YNL206C	672.289	674.837	677.027	693.69	691.461	693.155
YNL207W	481.469	483.444	483.598	497.338	494.937	493.797
YNL208W	991.804	989.791	1003.625	807.067	796.94	809.897
YNL209W	416.983	414.92	416.011	413.848	413.344	414.324
YNL210W	364.53	363.748	367.244	378.133	373.613	374.283
YNL211C	86.954	85.664	85.931	89.671	87.981	87.903
YNL212W	1096.357	1105.061	1110.388	1135.147	1132.296	1135.072
YNL213C	356.647	371.02	374.841	363.014	374.108	379.201
YNL214W	378.865	371.729	371.953	392.06	379.919	379.176
YNL215W	257.189	262.921	259.997	257.821	263.09	261.063
YNL216W	1313.339	1315.638	1326.707	1226.763	1213.579	1223.305
YNL217W	314.275	319.27	318.01	317.16	320.089	319.503
YNL218W	774.223	790.14	790.692	795.369	804.613	805.246
YNL219C	856.954	851.235	854.882	889.726	873.405	873.851
YNL220W	409.241	412.219	413.42	416.31	417.158	415.67
YNL221C	1079.157	1090.701	1090.081	1101.707	1102.535	1099.886
YNL222W	410.812	411.045	407.252	428.333	420.705	417.388
YNL223W	554.198	559.72	561.621	567.438	568.813	569.073
YNL224C	1272.507	1290.861	1287.403	1305.106	1303.229	1303.015
YNL225C	2418.193	2311.743	2319.26	2506.335	2356.558	2350.586
YNL227C	1226.384	1235.577	1239.637	1281.619	1275.285	1273.235
YNL229C	5308.586	5473.786	5365.957	5128.511	5103.996	5064.428
YNL230C	928.529	955.117	964.086	851.904	864.463	871.634
YNL231C	327.959	336.919	337.421	339.712	346.815	347.407
YNL232W	316.899	323.146	319.979	311.237	314.44	313.205
YNL233W	1150.241	1160.063	1166.54	1189.648	1190.316	1197.615
YNL234W	911.698	918.69	920.129	940.097	932.828	937.925
YNL236W	2605.494	2576.898	2598.812	2685.365	2613.951	2625.614
YNL237W	421.885	423.039	424.344	429.476	429.541	428.461
YNL238W	760.544	769.288	765.23	760.408	763.962	762.079
YNL239W	407.536	407.191	408.008	412.232	410.141	410.69
YNL240C	20132.879	21116.829	22893.538	14371.693	14425.628	15509.796
YNL241C	1547.058	1540.961	1563.071	1308.903	1294.575	1317.865
YNL242W	4828.023	4989.716	4991.125	4820.484	4893.81	4879.272
YNL243W	2209.796	2197.082	2216.618	1909.592	1882.538	1912.592
YNL244C	89.387	88.956	88.966	91.33	90.814	90.804
YNL245C	404.931	412.266	413.423	398.1	400.278	400.69
YNL246W	734.269	752.107	754.211	650.465	654.926	658.224
YNL247W	1325.913	1319.793	1326.522	1361.575	1342.752	1347.693
YNL248C	400.257	400.636	402.831	407.84	406.327	407.467
YNL249C	4620.239	4628.601	4662.055	4455.207	4378.832	4414.896
YNL250W	4416.933	4430.473	4437.232	4549.851	4490.147	4499.522
YNL251C	1107.587	1086.202	1104.45	1012.138	987.292	1005.646
YNL252C	457.827	463.235	457.579	464.869	465.941	465.517
YNL253W	1101.845	1080.623	1079.899	1123.155	1082.144	1084.932
YNL254C	490.421	495.843	497.463	507.235	509.374	508.789
YNL255C	97.055	97.7	97.542	96.535	97.203	97.047
YNL256W	1134.021	1144.687	1143.68	1173.759	1171.279	1168.054
YNL257C	2719.81	2728.97	2744.433	2834.605	2795.411	2801.695
YNL258C	2142.651	2176.298	2182.845	2213.038	2207.275	2202.432
YNL259C	151.981	151.118	152.388	159.213	156.22	156.304
YNL260C	411.622	424.736	417.381	428.309	431.3	425.727
YNL261W	3978.659	4030.268	4054.096	3924.653	3854.146	3940.012
YNL262W	5290.51	5384.287	5379.547	5364.718	5356.32	5365.728
YNL263C	568.495	594.86	592.168	578.043	594.015	595.841
YNL264C	316.948	318.48	319.363	323.07	323.672	323.739
YNL265C	341.052	343.363	345.435	354.628	354.924	354.532
YNL267W	1832.825	1850.252	1867.705	1894.781	1890.794	1905.073
YNL268W	631.716	627.541	627.471	622.872	616.435	617.359
YNL269W	388.193	385.927	389.978	396.105	387.389	390.491
YNL270C	759.762	759.775	756.143	729.88	724.548	724.428
YNL271C	8244.615	8299.337	8663	7438.725	7402.567	7637.748
YNL272C	874.716	880.304	886.171	908.893	908.346	909.042
YNL273W	2728.822	2739.491	2773.075	2802.946	2772.883	2790.774
YNL274C	458.391	470.997	469.729	423.746	431.079	431.875
YNL275W	1201.755	1212.124	1218.497	1224.093	1216.267	1221.092
YNL277W	660.254	664.756	665.004	624.681	625.665	630.158
YNL277W-A	263.877	278.414	281.183	273.256	280.409	279.277
YNL278W	2269.817	2307.269	2329.327	2053.037	2059.044	2085.716
YNL279W	578.973	576.804	576.459	581.849	578.78	578.775
YNL280C	522.362	524.276	526.495	537.807	534.279	533.049
YNL281W	108.877	111.13	110.909	109.886	112.159	111.905
YNL282W	183.544	186.245	183.265	181.303	182.785	182.017
YNL283C	580.894	571.291	570.714	556.735	547.986	550.581
YNL284C	426.065	431.958	432.8	440.626	442.586	442.876
YNL284C-A	559.107995630437	559.107995630437	559.107995630437	563.594	554.88	558.884
YNL284C-B	2767.693	2757.466	2753.077	2856.5	2811.078	2817.706
YNL286W	882.672	913.896	914.542	907.18	923.957	931.345
YNL287W	1666.049	1666.928	1679.243	1723.715	1707.274	1715.096
YNL288W	274.062	274.787	274.019	275.196	276.227	275.638
YNL289W	367.85	361.095	358.39	343.838	335.89	337.279
YNL290W	599.501	606.385	608.026	533.784	533.266	539.867
YNL291C	818.581	824.577	821.537	841.604	833.934	835.005
YNL292W	548.795	565.07	563.994	558.206	568.034	567.429
YNL293W	2714.112	2994.618	3039.674	2726.572	2951.996	3018.951
YNL294C	668.793	675.945	672.009	678.873	678.997	675.385
YNL295W	971.791	996.943	1000.535	976.675	989.786	995.281
YNL297C	4422.489	4402.385	4445.872	4559.104	4467.564	4493.025
YNL298W	1125.43	1144.082	1148.757	1078.068	1085.085	1093.138
YNL299W	746.073	757.683	763.177	765.258	772.331	774.49
YNL300W	321.303	325.428	331.56	269.375	265.431	273.811
YNL301C	159.846	158.792	159.235	158.171	157.881	158.932
YNL302C	97.048	98.116	97.695	95.917	96.603	96.451
YNL304W	846.658	859.254	869.586	772.36	776.474	781.441
YNL305C	1030.89	1031.352	1067.058	828.721	819.619	846.083
YNL306W	204.157	206.229	205.638	207.258	208.008	207.355
YNL307C	378.968	379.821	380.542	385.691	383.585	384.813
YNL308C	862.889	874.424	877.603	888.415	892.06	894.482
YNL309W	1084.894	1066.128	1079.696	942.754	921.796	934.808
YNL310C	331.233	346.062	355.046	280.368	289.117	292.769
YNL311C	1169.909	1155.066	1166.46	1216.602	1189.986	1195.244
YNL312W	340.649	347.806	346.098	315.666	318.477	319.976
YNL313C	990.561	990.876	992.68	1011.98	1004.929	1003.4
YNL314W	319.108	319.674	319.143	313.458	312.632	314.44
YNL315C	290.636	294.249	296.019	297.137	300.11	300.788
YNL316C	361.693	366.699	366.503	370.535	373.238	374.807
YNL317W	579.2	584.091	577.781	564.911	564.072	562.997
YNL318C	2444.68	2446.225	2459.76	2458.95	2407.59	2430.383
YNL320W	307.89	309.069	309.516	316.372	315.726	315.208
YNL321W	1398.035	1383.559	1379.314	1371.145	1345.32	1345.005
YNL322C	821.425	836.819	847.297	700.663	705.42	717.863
YNL323W	603.872	611.015	612.603	624.491	626.461	628.009
YNL325C	1596.401	1610.933	1605.526	1652.749	1644.383	1642.912
YNL326C	854.658	883.822	894.652	861.219	876.811	883.674
YNL327W	1346.614	1325.985	1334.184	1346.182	1315.91	1322.014
YNL328C	256.57	257.943	255.146	247.819	245.939	247.102
YNL329C	1209.852	1210.197	1220.225	1246.673	1236.207	1242.695
YNL330C	493.742	498.944	496.333	502.919	505.121	504.026
YNL331C	348.648	356.023	354.378	351.549	357.833	356.936
YNL332W	306.487	306.685	306.707	296.338	296.039	296.785
YNL333W	303.731	311.877	307.632	295.482	301.11	299.945
YNL334C	243.519	243.253	243.244	250.894	249.109	248.129
YNL335W	237.349	237.577	235.354	228.909	227.784	227.802
YNL336W	517.08	520.264	525.62	535.676	532.443	531.896
YNL339C	4172.602	4129.282	4240.218	3628.073	3568.812	3937.07669968842
YNR001C	526.093	534	535.982	537.67	541.627	542.625
YNR002C	355.404	352.758	354.628	342.469	339.555	341.098
YNR003C	421.751	429.212	431.143	434.081	437.624	440.732
YNR004W	184.843	187.535	187.135	193.368	193.886	193.113
YNR006W	682.029	687.43	690.363	698.838	700.67	702.503
YNR007C	348.012	355.409	352.84	352.616	357.389	355.617
YNR008W	1048.657	1048.425	1051.57	995.066	985.534	988.276
YNR009W	273.439	274.955	275.486	274.018	275.54	276.355
YNR010W	139.648	139.857	141.247	143.434	143.651	144.039
YNR011C	1589.699	1609.65	1616.726	1617.365	1618.655	1628.895
YNR012W	501.402	499.258	500.477	517.586	511.938	512.455
YNR013C	997.817	992.15	999.005	1006.907	997.031	1001.963
YNR014W	1181.947	1171.784	1187.227	979.564	959.664	980.89
YNR015W	2030.796	2070.857	2152.137	1552.584	1531.456	1588
YNR016C	2676.114	2705.96	2718.425	2563.038	2562.552	2570.344
YNR017W	3142.915	3260.329	3389.75	2259.607	2257.344	2353.261
YNR018W	544.774	548.765	547.083	499.469	496.956	501.877
YNR019W	866.844	866.291	871.405	856.574	849.511	853.173
YNR020C	377.415	383.268	382.973	387.68	390.511	390.426
YNR021W	492.216	494.395	498.105	508.699	506.353	508.939
YNR022C	183.011	184.25	185.823	189.27	188.906	190.24
YNR023W	775.675	778.032	776.359	797.057	789.057	789.767
YNR024W	427.605	444.539	444.776	436.374	444.672	447.656
YNR026C	547.49	550.418	551.08	559.869	556.329	557.333
YNR027W	441.916	448.569	449.425	414.271	415.754	419.531
YNR028W	272.247	276.202	276.606	278.141	280.805	280.566
YNR029C	1750.363	1761.995	1754.729	1643.379	1631.946	1632.044
YNR030W	831.79	838.18	848.335	855.648	857.13	862.904
YNR031C	7559.502	8020.34	8155.843	7509.271	7721.745	7875.523
YNR032C-A	49	49	49	49	49	49
YNR032W	363.144	368.944	369.407	362.832	367.752	366.854
YNR033W	1163.154	1186.221	1192.786	1101.739	1112.385	1120.495
YNR034W	384.741	389.966	389.492	387.124	389.975	391.164
YNR034W-A	63.319	63.706	63.938	64.057	64.376	64.395
YNR035C	363.853	361.219	363.074	361.387	357.854	359.058
YNR036C	216.141	222.997	220.46	208.112	213.675	213.433
YNR037C	191.112	198.071	195.66	181.282	185.398	185.631
YNR038W	1168.638	1178.755	1182.011	1185.067	1181.227	1190.28
YNR039C	721.442	722.262	721.713	732.61	726.848	728.948
YNR040W	259.221	259.504	259.93	258.833	259.083	259.103
YNR041C	974.445	964.718	972.441	812.009	796.291	808.86
YNR043W	341.395	342.197	342.89	340.665	341.368	341.471
YNR044W	506.397	493.807	498.385	503.475	492.566	496.639
YNR045W	606.061	615.197	612.816	602.03	607.321	607.844
YNR046W	267.675	267.826	272.186	241.645	239.078	241.883
YNR047W	1365.475	1384.655	1393.281	1395.046	1404.278	1413.913
YNR048W	543.256	536.566	539.141	520.842	510.753	514.454
YNR049C	455.046	462.95	467.226	420.958	424.345	427.387
YNR050C	303.068	304.507	304.817	304.875	306.179	306.031
YNR051C	633.262	641.204	643.959	653.029	655.94	655.67
YNR052C	539.614	534.718	535.182	516.683	510.966	513.126
YNR053C	500.031	507.368	505.779	502.992	507.219	504.88
YNR054C	345.218	350.178	350.344	351.299	355.27	354.661
YNR055C	623.528	631.755	632.296	634.234	638.584	640.553
YNR056C	615.463	605.829	611.459	614.19	599.786	602.606
YNR057C	416.172	423.419	423.525	380.125	383.031	386.605
YNR058W	624.912	620.639	621.72	592.078	586.191	590.102
YNR059W	702.709	704.623	710.097	728.622	723.744	723.732
YNR060W	824.437	817.209	818.903	843.305	829.001	828.42
YNR061C	274.7	280.145	277.821	280.304	282.799	281.749
YNR062C	527.324	495.609	497.438	536.345	498.324	495.824
YNR063W	1090.17	1122.985	1130.443	1132.095	1154.661	1167.002
YNR064C	738.593	707.627	711.542	756.175	717.347	721.205
YNR065C	1292.933	1296.449	1305.575	1334.515	1328.613	1327.028
YNR066C	13997.133	15493.051	15747.408	13505.761	14610.447	14616.227
YNR067C	1570.984	1564.159	1566.587	1608.576	1585.486	1582.706
YNR068C	2101.964	2069.368	2073.774	2120.719	2042.457	2048.797
YNR069C	714.544	727.125	724.489	728.642	732.222	731.902
YNR070W	2139.59	2149.03	2165.479	2174.187	2159.215	2163.259
YNR071C	246.901	246.412	245.588	247.519	246.53	245.466
YNR072W	441.798	440.409	441.404	446.155	445.719	445.504
YNR073C	370.79	371.565	369.752	367.202	368.267	367.68
YNR074C	373.804	377.125	377.418	374.627	376.296	374.89
YNR075C-A	58.619	60.331	57.744	51.535	52.499	51.975
YNR075W	457.963	455.449	456.421	473.259	466.784	467.446
YNR077C	168.692	174.557	176.068	174.425	177.648	181.845
YOL001W	349.71	349.314	352.348	362.293	359.172	360.492
YOL002C	886.141	897.085	913.9	897.811	894.269	902.163
YOL003C	491.129	479.043	485.625	505.661	491.178	493.81
YOL004W	3701.549	3639.728	3643.904	3690.197	3579.503	3577.808
YOL005C	138.726	137.69	136.336	134.946	134.164	134.053
YOL006C	1299.788	1321.735	1321.72	1281.338	1286.351	1289.599
YOL007C	305.587	303.746	305.588	311.334	308.112	308.621
YOL008W	303.659	302.807	303.441	313.655	310.181	309.873
YOL009C	1148.951	1214.179	1216.252	1127.079	1177.832	1187.666
YOL010W	467.51	468.19	467.367	484.124	480.641	480.423
YOL011W	767.728	768.862	773.183	763.85	761.414	764.009
YOL012C	147.095	147.56	146.985	148.022	147.861	147.712
YOL013C	643.643	644.69	645.846	668.399	662.68	662.167
YOL014W	229.64	229.086	230.061	231.741	228.198	229.565
YOL015W	3031.46	3126.158	3212.375	3096.3	3118.915	3176.217
YOL016C	547.842	547.834	543.757	560.488	554.667	552.299
YOL017W	1327.184	1354.436	1353.359	1353.467	1360.723	1361.068
YOL018C	711.208	713.749	712.769	726.363	717.291	719.201
YOL019W	746	747.67	751.635	714.878	708.757	714.178
YOL019W-A	117.603	114.969	110.597387454679	108.472	106.061	106.378
YOL020W	1540.992	1606.441	1607.544	1509.73	1551.785	1563.563
YOL021C	1218.755	1213.638	1214.463	1228.953	1215.084	1216.07
YOL022C	422.594	429.509	434.249	436.624	442.127	444.388
YOL023W	2490.597	2590.754	2621.307	2559.421	2616.13	2647.775
YOL024W	705.556	725.47	733.543	710.625	715.067	731.253
YOL025W	1905.444	1918.599	1906.569	1938.357	1906.741	1929.291
YOL026C	209.064	212.298	210.128	196.09	197.338	198.476
YOL027C	663.027	672.227	676.346	657.778	662.782	666.009
YOL028C	339.246	343.862	343.857	326.32	327.765	329.592
YOL029C	225.414	226.966	228.879	232.086	231.107	232.056
YOL030W	417.212	416.537	416.655	418.783	417.93	418.793
YOL031C	556.834	554.978	559.799	572.501	565.572	568.586
YOL032W	213.726	214.404	214.124	216.842	216.011	215.607
YOL033W	1936.499	1945.604	1942.009	1960.508	1924.119	1927.746
YOL034W	2980.932	3089.914	3106.675	3065.908	3116.736	3140.756
YOL036W	982.712	980.542	984.554	999.646	991.185	994.646
YOL038C-A	51.526	50.135	51.293	54.24	52.318	53.219
YOL038W	324.839	329.965	328.158	312.303	314.852	315.995
YOL039W	521.706	519.178	540.92	401.258	394.415	412.41
YOL040C	109.266	110.066	109.562	107.222	107.995	108.008
YOL041C	726.453	732.565	735.12	756.561	755.284	755.604
YOL042W	416.429	421.552	421.49	431.396	432.863	431.538
YOL043C	578.027	569.376	565.65	595.038	576.969	575.826
YOL044W	481.403	480.505	482.423	500.11	495.207	496.219
YOL045W	2634.868	2655.903	2658.717	2717.675	2698.019	2710.027
YOL047C	1065.313	1097.686	1110.686	836.032	837.599	855.062
YOL048C	403.574	404.327	406.723	417.356	414.547	415.48
YOL049W	937.065	940.775	947.035	978.644	971.778	968.282
YOL051W	4342.107	4430.208	4641.424	3551.383	3532.93	3629.443
YOL052C	554.448	558.134	560.669	535.29	535.458	537.955
YOL052C-A	103.021	104.745	104.66	99.084	100.392	102.877
YOL053W	417.384	426.159	424.738	426.833	431.956	430.741
YOL054W	455.375	460.931	456	460.715	461.838	459.09
YOL055C	527.77	535.499	538.42	539.506	543.371	544.489
YOL056W	304.319	308.857	309.924	310.229	313.803	314.398
YOL057W	715.552	712.517	715.399	733.615	725.734	724.785
YOL058W	346.685	348.263	347.097	344.173	345.307	344.821
YOL059W	491.424	495.682	493.705	481.082	484.045	484.043
YOL060C	881.203	875.591	878.199	876.814	866.613	869.471
YOL061W	387.967	383.074	382.264	387.051	382.206	381.436
YOL062C	354.884	354.055	354.871	358.828	357.958	356.948
YOL063C	2217.679	2155.339	2168.018	2274.819	2184.898	2174.336
YOL064C	472.989	475.439	475.663	486.35	483.868	482.89
YOL065C	996.836	999.474	983.576	1003.538	988.966	980.651
YOL066C	584.028	591.866	588.425	580.738	586.563	587.743
YOL067C	1040.174	1035.9	1070.094	784.367	767.324	794.711
YOL068C	801.152	816.453	820.675	834.58	840.444	841.811
YOL069W	5001.69	5342.415	5275.738	4965.53	5135.583	5107.724
YOL070C	474.839	476.114	475.088	479.974	479.776	480.894
YOL071W	178.001	179.858	180.443	174.003	176.302	177.012
YOL072W	388.164	386.95	386.147	391.067	388.701	388.609
YOL073C	604.309	597.324	598.647	554.682	544.428	550.586
YOL075C	3988.459	4054.494	4067.281	4052.914	4049.229	4065.058
YOL076W	1824.166	1829.542	1841.034	1906.879	1884.024	1884.839
YOL077C	296.085	299.085	301.01	306.147	306.665	307.829
YOL077W-A	81.625	83.664	84.763	84.993	86.562	87.28
YOL078W	2316.223	2370.102	2375.393	2364.345	2383.593	2390.833
YOL080C	410.827	417.271	415.895	425.275	427.276	426.345
YOL081W	8023.832	8145.037	8207.192	8035.895	8029.615	8084.753
YOL082W	399.093	395.967	397.586	408.184	403.317	403.577
YOL083W	761.826	762.996	763.25	790.613	781.39	779.835
YOL084W	933.889	943.069	942.161	928.677	936.692	937.748
YOL085C	13305.187	13716.097	14815.266	9082.831	8834.448	9667.088
YOL086C	601.342	608.645	611.245	561.097	563.244	569.265
YOL086W-A	94.43	97.366	95.006	91.99	94.099	93.079
YOL087C	2363.732	2389.036	2390.41	2417.421	2418.231	2416.992
YOL088C	353.533	358.315	360.227	367.38	368.641	370.939
YOL089C	4579.351	4554.488	4606.272	4609.467	4528.008	4583.462
YOL090W	1478.647	1478.374	1478.544	1537.696	1518.066	1517.1
YOL091W	6367.974	6493.993	6528.672	6396.287	6404.99	6440.048
YOL092W	757.558	735.947	733.429	747.494	712.037	713.467
YOL093W	351.784	362.064	359.997	356.143	364.59	364.701
YOL094C	332.792	334.908	335.2	339.023	339.027	340.126
YOL095C	1721.998	1726.891	1731.332	1769.289	1748.002	1757.235
YOL096C	285.276	289.767	288.173	288.923	291.725	290.781
YOL097C	398.964	405.249	407.372	404.358	408.755	409.439
YOL097W-A	1888.916	2061.544	2056.16	1817.861	1906.329	1904.967
YOL098C	1489.952	1496.246	1499.124	1541.891	1529.183	1528.047
YOL100W	2495.908	2471.279	2500.266	2595.835	2531.692	2558.601
YOL101C	1590.68	1546.405	1557.126	1607.165	1536.669	1550.37
YOL102C	261.258	261.123	262.243	268.037	265.535	266.338
YOL103W	919.157	926.961	924.779	947.296	943.881	942.606
YOL103W-A	491.083	491.083	491.083	491.083	491.083	491.083
YOL103W-B	2534.398	2542.76	2544.886	2613.046	2591.881	2600.896
YOL104C	515.98	514.137	518.051	536.439	529.155	530.205
YOL105C	600.394	597.309	598.409	606.276	599.907	600.842
YOL107W	2440.579	2237.497	2243.899	2426.159	2175.358	2170.536
YOL108C	209.196	214.897	213.351	212.631	215.84	214.971
YOL109W	91.802	92.396	92.847	91.138	91.614	92.098
YOL110W	5569.999	5591.828	6014.12	3809.284	3695.592	3953.972
YOL111C	251.696	247.253	247.182	240.489	236.278	238.895
YOL112W	613.348	625.004	620.685	610.547	616.937	615.886
YOL113W	843.767	851.866	856.808	872.014	873.967	878.245
YOL114C	311.247	314.021	318.387	317.093	317.254	320.154
YOL115W	877.363	877.815	874.195	897.647	888.077	885.398
YOL116W	535.375	539.109	538.303	548.691	545.485	543.852
YOL117W	1562.927	1570.29	1578.586	1618.636	1600.388	1600.204
YOL118C	76.493	76.801	77.833	79.015	79.243	79.569
YOL119C	571.585	573.149	572.509	585.814	582.111	580.8
YOL120C	140.926	140.104	141.424	140.408	140.211	141.554
YOL121C	104.942	107.21	106.87	104.846	106.543	106.53
YOL122C	1019.395	1030.905	1032.653	1051.75	1047.569	1049.507
YOL123W	528.627	528.375	529.565	536.697	533.018	533.721
YOL124C	412.267	414.454	416.397	424.915	425.235	425.484
YOL125W	475.665	478.854	477.382	487.798	488.342	486.052
YOL126C	373.193	369.745	368.251	371.889	366.501	367.263
YOL127W	84.244	85.325	85.275	84.737	85.563	85.635
YOL128C	449.663	453.729	456.079	461.257	461.941	464.273
YOL129W	142.94	142.234	142.163	145.293	144.003	143.047
YOL130W	1042.444	1061.745	1060.497	1026.402	1036.801	1039.274
YOL131W	161.052	162.535	162.296	147.892	147.484	147.457
YOL132W	1154.59	1118.464	1112.084	1183.449	1127.891	1119.282
YOL133W	76.926	78.163	77.403	77.221	78.265	77.607
YOL135C	248.153	250.625	248.509	248.016	248.883	249.389
YOL136C	616.057	618.316	625.876	643.143	639.108	643.382
YOL137W	996.515	1015.399	1031.204	893.858	890.207	901.216
YOL138C	1892.825	1906.082	1911.904	1939.06	1935.395	1942.021
YOL139C	169.586	170.082	169.944	173.074	172.817	172.094
YOL140W	445.384	451.354	452.126	454.654	457.673	457.654
YOL141W	1871.461	1827.858	1824.51	1897.53	1822.596	1819.118
YOL142W	170.672	169.65	169.347	173.347	172.222	171.184
YOL143C	201.395	200.442	199.436	195.638	193.696	193.236
YOL144W	1536.274	1613.422	1634.405	1565.95	1622.873	1647.652
YOL145C	1946.277	1963.983	1980.223	2036.65	2029.344	2036.572
YOL146W	191.283	190.038	190.827	197.409	194.981	194.667
YOL147C	193.822	192.143	192.53	193.122	191.491	191.629
YOL148C	4259.996	4167.773	4174.47	4249.272	4087.522	4091.327
YOL149W	432.214	438.773	440.873	450.489	450.158	451.554
YOL151W	272.958	276.238	276.666	274.492	277.913	277.938
YOL152W	665.477	661.514	662.217	677.048	668.632	666.669
YOL153C	533.732	535.774	534.271	543.41	542.297	540.581
YOL154W	159.539	159.367	160.338	159.897	159.942	160.236
YOL155C	1187.56	1166.243	1170.232	1104.205	1081.419	1097.152
YOL155W-A	49	49	49	49	49	49
YOL156W	583.975	592.459	590.771	561.511	565.9	568.051
YOL157C	487.113	486.8	486.395	487.924	487.482	487.228
YOL158C	530.533	526.246	524.896	534.736	528.362	525.636
YOL159C	221.857	219.164	219.44	230.771	225.455	226.237
YOL159C-A	341.453	354.726	358.011	356.39	366.072	372.834
YOL160W	185.076	184.792	185.932	194.404	192.575	192.778
YOL161C	555.083	549.315	571.001	436.38	429.253	441.848
YOL162W	390.455	392.924	399.283	401.951	400.603	401.364
YOL163W	124.398	123.116	123.439	124.436	123.398	122.832
YOL164W	904.457	919.904	920.278	877.309	883.718	889.613
YOL164W-A	57.824	58.01	58.43	60.461	59.866	60.241
YOL165C	159.31	160.587	161.057	157.059	156.956	157.172
YOL166W-A	107	107	107	107	107	107
YOR001W	832.698	832.594	837.911	860.635	854.141	855.08
YOR002W	514.911	507.726	511.262	528.761	518.458	517.556
YOR003W	546.168	548.71	546.046	550.408	547.628	546.549
YOR004W	445.123	444.954	444.882	456.701	450.379	447.949
YOR005C	1826.941	1818.071	1823.079	1900.915	1868.627	1865.914
YOR006C	380.276	390.695	388.265	386.542	394.373	391.165
YOR007C	321.141	322.436	322.249	325.935	326.792	326.005
YOR008C	354.026	358.904	358.052	345.057	347.604	347.832
YOR008C-A	69.697	68.018	67.772	72.522	69.922	69.541
YOR009W	442.656	430.396	433.59	428.591	416.797	421.74
YOR010C	415.228	404.705	411.527	370.488	358.159	364.639
YOR011W	2033.397	2011.256	2027.271	2076.54	2032.782	2044.2
YOR011W-A	230.626	231.893	236.041	240.043	238.887	238.355
YOR012W	221.533	221.058	220.72	211.049	209.222	208.578
YOR014W	4423.745	4654.816	4667.002	4465.607	4532.235	4563.84
YOR015W	284.802	274.281	279.137	289.099	274.976	276.602
YOR016C	191.134	190.966	192.489	198.641	197.986	197.672
YOR017W	3495.678	3539.137	3617.354	3464.296	3472.156	3528.265
YOR018W	2547.421	2525.39	2510.095	2566.43	2476.388	2465.148
YOR019W	3536.973	3716.771	3764.082	3543.623	3627.922	3691.422
YOR020C	66.554	66.183	65.602	66.578	66.216	65.726
YOR020W-A	82.559	84.188	84.483	86.57	87.294	87.508
YOR021C	160.822	163.889	163.34	164.413	166.863	166.288
YOR022C	2757.877	2782.384	2744.949	2775.883	2729.179	2722.427
YOR023C	904.435	897.905	904.334	880.365	871.767	879.815
YOR025W	834.616	825.322	829.419	793.062	779.501	784.976
YOR026W	456.036	460.175	462.23	470.458	470.051	469.446
YOR027W	576.555	582.839	581.251	580.549	583.534	583.664
YOR028C	459.774	456.655	456.708	469.602	461.024	461.441
YOR029W	158.097	144.85	149.008	150.192	136.877	138.277
YOR030W	2896.252	2868.961	2816.058	2957.603	2896.139	2856.402
YOR031W	61.104	63.246	62.526	60.185	61.878	61.622
YOR032C	896.057	896.101	896.699	903.863	891.452	895.125
YOR032W-A	57.877	57.23	58.504	59.933	58.983	59.1
YOR033C	1050.483	1054.153	1061.036	1077.323	1067.768	1069.566
YOR034C	3341.368	3434.295	3624.411	2515.718	2501.647	2640.395
YOR034C-A	82.439	81.908	81.97	84.975	84.454	84.756
YOR035C	1211.588	1224.497	1231.276	1264.356	1263.231	1268.324
YOR036W	244.01	247.019	246.136	250.015	251.241	249.603
YOR037W	436.064	440.565	442.02	448.009	449.357	448.951
YOR038C	2139.025	2158.006	2145.498	2168.813	2151.312	2147.736
YOR039W	314.811	323.603	325.816	323.433	328.731	334.042
YOR040W	273.69	276.973	275.136	278.753	280.681	279.648
YOR042W	453.566	462.159	455.337	443.166	449.59	447.881
YOR043W	515.804	512.623	512.584	530.796	523.136	521.794
YOR044W	170.071	169.491	170.969	178.667	176.875	176.9
YOR045W	267.278	279.076	281.938	219.221	225.255	228.722
YOR046C	786.684	798.775	809.319	815.338	818.679	824.043
YOR047C	4413.887	4617.108	4820.499	4391.006	4559.957	4639.673
YOR048C	1784.341	1812.004	1822.222	1817.338	1820.835	1826.023
YOR049C	531.178	528.785	531.649	502.393	495.3	498.842
YOR051C	586.792	597.092	596.52	605.685	609.452	606.044
YOR052C	122.941	123.396	122.515	123.593	123.912	123.81
YOR054C	871.914	877.599	875.219	865.804	866.749	865.794
YOR056C	515.065	522.78	520.168	522.967	527.546	526.202
YOR057W	778.836	786.104	790.743	805.469	802.714	804.218
YOR058C	3591.084	3582.047	3585.232	3686.485	3615.571	3626.938
YOR059C	873.938	909.587	913.289	911.445	934.13	942.573
YOR060C	225.769	223.795	224.129	230.792	228.019	228.044
YOR061W	2227.915	2242.508	2196.88	2182.314	2159.706	2159.512
YOR062C	344.36	344.239	345.29	347.823	344.861	345.764
YOR063W	285.069	287.105	285.64	281.881	284.259	283.741
YOR064C	195.04	196.695	195.964	199.651	200.513	199.639
YOR065W	440.648	448.747	449.892	419.967	425.814	429.724
YOR066W	1912.257	1876.946	1883.157	1876.166	1825.249	1839.096
YOR067C	2522.495	2500.048	2512.408	2503.497	2427.893	2430.963
YOR068C	296	296	296	296	296	296
YOR069W	1172.816	1183.303	1189.988	1211.031	1207.204	1211.402
YOR070C	746.479	713.865	715.496	770.325	727.245	727.734
YOR071C	614.329	606.333	605.595	607.323	598.361	599.736
YOR072W	176.754	177.547	176.574	164.764	163.179	162.637
YOR072W-B	274.24832054545	277.149	274.24832054545	274.24832054545	274.24832054545	271.378
YOR073W	3209.259	3088.632	3089.822	3216.933	3045.614	3056.906
YOR074C	331.518	338.109	338.214	338.856	342.82	343.122
YOR075W	985.23	995.849	994.654	1023.867	1013.893	1016.474
YOR076C	1950.504	1960.832	1987.642	2028.668	2013.024	2029.506
YOR077W	368.682	370.702	379.612	335.793	337.173	339.854
YOR078W	394.74	408.617	405.435	412.063	418.253	419.57
YOR079C	298.811	297.786	298.529	307.865	304.204	303.075
YOR080W	7330.183	7430.594	7417.113	7216.072	7215.482	7258.181
YOR081C	1192.918	1207.168	1211.391	1146.436	1146.754	1153.23
YOR083W	13086.546	12857.09	14125.404	9700.629	9265.265	9963.251
YOR084W	11849.114	12529.065	13532.107	8157.574	8241.165	8827.699
YOR085W	311.387	300.822	305.049	307.758	298.535	300.817
YOR086C	1411.059	1433.317	1435.184	1450.07	1458.228	1456.698
YOR087W	1083.199	1083.691	1084.894	1114.384	1101.025	1104.951
YOR089C	157.186	157.983	158.6	158.803	158.986	158.869
YOR090C	526.891	525.738	526.531	536.882	533.24	532.926
YOR091W	746.511	776.188	777.792	657.261	675.014	681.376
YOR092W	759.731	760.153	765.625	780.394	776.278	782.114
YOR093C	3907.09	4021.31	4038.974	4017.101	4053.133	4078.143
YOR094W	438.387	451.908	449.59	449.982	453.521	453.098
YOR095C	337.047	341.082	340.761	349.951	347.677	346.575
YOR096W	130.437	129.529	130.972	131.49	130.594	131.058
YOR097C	311.584	313.364	312.756	322.152	320.301	319.031
YOR098C	1325.041	1304.705	1317.702	1290.935	1273.346	1274.687
YOR099W	383.439	382.11	381.687	381.262	377.892	378.701
YOR100C	402.412	396.452	395.931	403.461	394.279	395.383
YOR101W	366.673	370.854	371.751	378.602	379.637	380.048
YOR103C	281.022	268.98	270.958	291.35	274.719	274.617
YOR104W	335.5	332.996	333.329	350.765	345.563	344.277
YOR105W	159.477	155.236	155.821	168.468	162.268	162.449
YOR106W	265.537	265.438	266.561	267.78	266.625	267.941
YOR107W	432.91	433.06	437.071	435.325	431.419	433.07
YOR108W	581.097	579.594	577.929	583.86	578.744	578.914
YOR109W	2475.483	2520.387	2542.926	2506.227	2514.487	2527.927
YOR110W	477.842	486.638	483.945	489.779	494.612	493.094
YOR111W	459.859	458.044	456.049	475.144	468.013	464.85
YOR112W	2338.203	2398.422	2383.999	2363.174	2379.102	2379.497
YOR113W	1562.322	1562.128	1567.965	1583.967	1567.635	1573.34
YOR114W	568.366	582.84	588.266	596.086	603.564	608.149
YOR115C	413.8	416.919	419.028	430.501	428.415	430.547
YOR116C	1668.914	1682.682	1687.168	1713.247	1710.727	1711.54
YOR117W	489.342	500.711	497.688	488.762	497.206	495.669
YOR118W	846.535	842.77	847.591	880.875	869.315	871.472
YOR119C	758.894	771.729	771.947	786.188	789.109	789.042
YOR120W	270.422	267.865	269.862	276.231	272.517	273.057
YOR122C	99.057	98.834	98.086	97.656	97.384	97.477
YOR123C	487.039	490.934	490.771	499.408	500.833	499.908
YOR124C	2190.362	2204.265	2230.601	2276.835	2262.32	2273.242
YOR125C	235.404	235.018	233.121	235.594	234.245	233.587
YOR126C	340.508	325.467	328.792	320.438	307.694	307.826
YOR127W	1424.199	1406.247	1414.123	1464.68	1434.406	1435.234
YOR128C	811.63	816.648	818.404	810.601	807.169	809.775
YOR129C	6334.476	6503.261	6391.45	6325.371	6392.358	6363.847
YOR130C	385.956	374.913	372.761	394.88	379.342	378.146
YOR131C	245.573	242.53	241.664	249.891	243.881	242.67
YOR132W	543.709	546.724	548.651	552.24	553.555	554.115
YOR133W	683.15	680.845	680.887	668.109	665.706	666.645
YOR134W	550.609	557.814	559.377	568.744	569.838	571.425
YOR136W	277.214	278.177	279.02	279.184	279.9	280.302
YOR137C	2554.879	2629.441	2583.129	2498.683	2527.676	2501.207
YOR138C	845.941	858.187	854.471	822.204	829.033	829.793
YOR140W	5684.233	5678.006	5992.318	4316.673	4126.461	4314.01
YOR141C	1178.48	1201.495	1212.824	1219.199	1233.13	1240.667
YOR142W	389.117	389.826	391.688	384.717	382.791	385.741
YOR142W-A	1014.129	1014.129	1014.129	1014.129	1014.129	1014.129
YOR142W-B	2735.944	2721.928	2715.223	2813.66	2764.379	2769.329
YOR143C	1060.923	1096.944	1098.539	1087.373	1101.713	1108.959
YOR144C	1610.521	1591.305	1594.463	1679.987	1633.899	1635.734
YOR145C	245.208	249.641	248.884	248.371	252.116	250.871
YOR147W	1560.387	1559.663	1567.927	1637.522	1606.611	1613.046
YOR148C	379.679	392.112	399.021	399.36	407.821	411.63
YOR149C	1249.231	1272.589	1282.754	1288.117	1290.717	1296.667
YOR150W	248.056	249.179	251.046	239.214	237.182	237.477
YOR151C	1542.538	1549.887	1548.514	1585.525	1575.814	1572.876
YOR152C	570.916	561.096	563.04	590.658	572.14	573.786
YOR153W	1871.332	1868.044	1876.105	1917.39	1897.085	1900.922
YOR154W	838.46	838.679	839.466	864.88	857.229	855.108
YOR155C	492.226	500.428	498.848	497.269	503.267	502.838
YOR156C	7194.948	7220.633	7267.002	7209.25	7091.577	7111.452
YOR157C	338.019	341.647	337.964	313.137	314.606	314.33
YOR158W	587.596	597.167	600.21	612.306	612.7	615.731
YOR159C	84.794	86.336	85.081	85.782	86.756	85.647
YOR160W	4163.416	4258.751	4318.991	4070.054	4080.918	4128.91
YOR161C	774.366	770.179	771.628	725.485	715.74	721.779
YOR161C-C	49	49	49	49	49	49
YOR162C	1409.116	1431.743	1434.656	1448.533	1449.389	1452.083
YOR163W	271.261	271.499	272.763	275.044	272.099	273.688
YOR164C	1778.7	1781.557	1760.619	1802.481	1768.02	1757.838
YOR165W	984.519	996.367	996.843	1021.269	1023.36	1020.385
YOR166C	849.293	865.169	870.572	884.406	890.849	891.133
YOR167C	49.165	49.365	49.254	49	49	49
YOR168W	984.609	992.189	994.467	1020.067	1018.445	1015.905
YOR171C	2360.733	2335.732	2343.975	2415.934	2330.89	2354.14
YOR172W	1534.589	1514.373	1523.032	1577.422	1539.835	1541.148
YOR173W	312.487	314.168	312.222	317.781	317.971	316.236
YOR174W	267.202	271.312	271.187	269.33	272.477	272.572
YOR175C	1081.113	1091.793	1096.988	1109.189	1105.024	1107.095
YOR176W	408.78	412.707	412.196	413.358	414.748	415.206
YOR177C	1929.917	1999.055	2024.7	1984.473	2010.785	2036.166
YOR178C	4531.959	4775.324	4747.464	4510.507	4634.077	4620.143
YOR179C	163.401	165.805	166.274	167.157	168.433	168.188
YOR180C	1608.944	1634.558	1626.731	1606.407	1598.612	1606.009
YOR181W	6380.622	6249.425	6785.637	4790.07	4623.924	4952.693
YOR182C	49	49	49	49	49	49
YOR183W	1446.905	1260.095	1244.463	1450.965	1258.703	1232.72
YOR184W	349.951	350.741	351.319	355.439	354.672	354.605
YOR185C	501.042	493.571	494.963	504.852	488.805	491.099
YOR186W	93.357	92.774	92.826	93.63	93.256	93.412
YOR187W	341.185	342.43	341.752	341.773	342.675	342.427
YOR188W	3558.748	3484.22	3510.233	3595.335	3465.259	3476.321
YOR189W	68.617	69.951	69.277	69.004	70.142	69.713
YOR190W	638.314	649.181	651.968	660.437	665.161	667.622
YOR191W	2951.29	2981.781	3013.098	3056.3	3050.629	3071.99
YOR192C	647.573	641.46	642.906	650.287	640.661	640.786
YOR192C-A	1268	1268	1268	1268	1268	1268
YOR192C-B	4397.301	4311.731	4312.129	4525.864	4352.974	4357.181
YOR192C-C	129.762	130.726	130.94	137.156	136.125	137.073
YOR193W	23033.286	24130.494	24077.191	22827.733	23450.489	23198.623
YOR194C	337.29	344.076	343.653	349.769	352.54	353.025
YOR195W	6176.087	6394.902	6397.623	6311.46	6374.092	6414.049
YOR196C	310.953	316.55	315.826	313.146	318.188	316.739
YOR197W	402.525	402.295	400.889	398.961	397.741	398.325
YOR198C	597.103	598.858	607.022	618.711	616.958	620.777
YOR201C	523.682	511.556	511.995	513.761	501.506	502.952
YOR202W	278.899	283.238	279.858	268.986	270.967	271.055
YOR204W	2214.156	2284.528	2317.084	1803.668	1826.6	1861.998
YOR205C	796.294	792.707	796.654	825.854	814.641	817.214
YOR206W	1587.233	1600.118	1603.966	1641.878	1633.487	1638.583
YOR207C	3085.576	3054.34	3087.422	3156.841	3092.7	3107.403
YOR208W	5693.129	5643.442	5585.031	5699.727	5503.633	5506.238
YOR209C	475.528	477.175	477.956	491.799	489.32	488.942
YOR210W	58.675	57.961	58.303	60.609	58.939	59.316
YOR211C	1838.574	1860.101	1869.077	1899.891	1888.55	1891.147
YOR212W	421.723	424.016	425.721	431.531	432.233	431.843
YOR213C	324.23	328.243	328.24	335.616	334.997	333.236
YOR214C	342.705	348.133	351.868	355.288	355.695	358.432
YOR215C	199.205	199.314	199.959	204.141	202.798	203.24
YOR216C	861.093	865.283	865.32	884.185	875.089	877.614
YOR217W	1188.024	1208.792	1204.148	1177.502	1185.191	1183.675
YOR219C	1744.731	1758.079	1765.802	1802.915	1790.384	1799.297
YOR220W	351.076	343.527	344.878	361.881	350.932	350.655
YOR221C	736.394	751.746	761.018	754.113	755.291	760.801
YOR222W	349.774	352.576	349.941	350.262	351.044	350.637
YOR223W	2965.434	3042.518	3173.646	2061.753	2035.603	2128.267
YOR224C	173.844	170.827	171.925	171.055	168.403	170.561
YOR226C	354.85	359.286	361.709	323.927	325.969	330.692
YOR227W	3795.629	3884.262	3918.62	3873.267	3913.534	3952.089
YOR228C	223.898	225.074	223.343	223.124	223.793	222.54
YOR229W	721.623	722.201	721.493	698.996	699.625	700.47
YOR230W	327.815	327.763	327.768	327.48	327.798	327.963
YOR231W	804.047	818.511	818.146	829.465	833.856	835.662
YOR232W	250.68	253.317	255.03	257.658	259.19	259.677
YOR233W	1147.627	1149.353	1152.355	1162.674	1152.154	1152.864
YOR234C	66.467	68.269	68.021	66.426	68.231	68.41
YOR235W	157.755	157.039	158.688	164.213	161.519	163.329
YOR236W	196.672	200.385	199.447	197.551	200.143	199.45
YOR237W	621.015	627.957	632.378	644.559	645.701	644.362
YOR238W	2148.016	2070.985	2095.318	2157.757	2020.428	2033.205
YOR239W	1406.451	1408.176	1416.354	1449.32	1433.165	1448.324
YOR241W	667.511	666.399	670.185	688.64	682.556	682.337
YOR242C	1785.873	1815.197	1862.753	1844.414	1838.907	1868.972
YOR243C	1005.367	1022.487	1028.801	1043.52	1052.076	1054.037
YOR244W	645.519	656.095	659.504	672.767	676.592	677.911
YOR245C	687.158	686.939	691.261	716.024	709.417	711.134
YOR246C	945.982	965.343	983.656	745.709	748.613	760.965
YOR247W	297.38	285.306	288.445	278.528	267.118	272.34
YOR249C	2654.865	2770.984	2795.247	2744.678	2812.551	2844.234
YOR250C	565.364	570.236	568.287	581.028	580.544	579.277
YOR251C	303.098	309.929	308.641	300.712	305.584	305.767
YOR252W	173.003	172.998	174.097	177.994	177.289	177.552
YOR253W	125.827	126.421	127.59	130.281	130.388	130.377
YOR254C	1132.117	1144.328	1146.742	1171.601	1169.422	1168.516
YOR255W	711.507	732.289	723.142	748.859	755.409	758.424
YOR256C	1142.034	1147.537	1152.556	1184.679	1177.515	1179.799
YOR257W	190.33	192.975	192.232	198.566	198.06	196.36
YOR258W	879.655	868.626	866.558	901.738	870.786	874.572
YOR259C	395.675	398.781	396.401	401.322	402.108	399.909
YOR260W	669.343	673.061	678.102	690.068	690.016	693.172
YOR261C	2628.925	2670.034	2709.613	2677.677	2663.855	2684.18
YOR262W	543.499	553.899	554.301	553.956	557.659	559.456
YOR264W	670.871	673.448	681.159	694.689	693.286	696.864
YOR265W	275.268	283.199	285.103	283.873	288.03	292.273
YOR266W	1008.263	1000.963	1010.123	1037.352	1015.007	1022.931
YOR267C	1009.499	1007.884	1011.301	1038.491	1027.229	1029.976
YOR268C	5894.003	5938.701	6182.945	4390.573	4301.781	4458.782
YOR269W	385.265	385.726	387.374	391.387	390.52	390.039
YOR270C	1941.864	1817.898	1835.87	1946.109	1800.74	1824.474
YOR271C	423.564	424.237	424.468	404.337	403.862	405.878
YOR272W	456.405	452.991	452.648	458.842	452.56	452.227
YOR273C	1139.516	1155.303	1166.02	1046.224	1052.098	1063.537
YOR274W	673.595	680.056	684.948	695.81	694.577	695.698
YOR275C	1188.836	1205.499	1212.691	1242.654	1244.782	1247.802
YOR276W	151.433	153.371	153.95	153.701	155.653	156.148
YOR278W	454.825	452.041	448.817	463.057	453.4	453.213
YOR279C	832.59	842.831	834.753	862.462	855.203	851.461
YOR280C	1055.289	1026.784	1064.667	1055.147	1028.433	1053.181
YOR281C	274.801	277.498	276.433	282.187	282.943	281.061
YOR283W	248.048	250.513	249.673	256.911	256.886	255.58
YOR284W	580.094	568.172	573.002	604.717	586.561	587.266
YOR285W	143.407	145.176	146.093	145.06	145.359	145.333
YOR286W	116.092	117.025	117.054	116.905	117.208	117.681
YOR287C	493.506	497.845	496.892	515.258	513.456	513.433
YOR288C	423.638	416.637	421.644	440.164	430.239	431.708
YOR289W	549.421	544.571	552.716	579.639	566.781	569.876
YOR290C	7445.127	7348.962	7938.628	5610.738	5372.06	5680.659
YOR291W	2946.735	3019.775	3018.643	2995.488	3012.24	3015.064
YOR292C	222.605	221.249	222.621	226.26	224.567	224.326
YOR293C-A	60.968	60.464	59.283	64.324	62.729	62.266
YOR293W	57.976	58.367	58.836	58.059	58.714	58.906
YOR294W	249.996	250.56	249.299	250.518	249.377	248.298
YOR295W	261.336	260.973	262.451	271.864	270.041	269.316
YOR296W	2282.833	2296.975	2310.564	2375.678	2356.2	2361.134
YOR297C	600.662	636.461	647.879	627.848	657.943	671.179
YOR298C-A	238.647	250.338	247.013	220.395	229.406	229.08
YOR298W	1678.655	1644.694	1663.985	1720.094	1661.374	1679.194
YOR299W	1111.402	1109.34	1120.303	1049.047	1039.361	1041.409
YOR301W	710.013	714.063	712.731	663.337	662.985	667.723
YOR302W	29	29	29	29	29	29
YOR303W	550.064	541.474	545.073	557.503	546.451	550.789
YOR304C-A	85.034	87.22	87.083	86.699	88.39	88.343
YOR304W	2797.14	2777.569	2775.245	2914.592	2851.444	2859.828
YOR305W	337.542	338.88	340.911	344.084	342.622	345.154
YOR306C	415.63	414.382	413.203	419.299	416.569	414.853
YOR307C	621.942	618.102	622.736	641.64	631.774	634.254
YOR308C	4517.876	4531.012	4549.465	4494.133	4438.446	4441.52
YOR310C	599.979	602.33	604.334	619.734	616.917	616.604
YOR311C	462.073	465.134	470.678	470.113	467.729	469.854
YOR312C	109.526	110.172	110.603	110.051	110.597	110.797
YOR313C	538.838	542.302	543.277	560.565	557.326	557.581
YOR314W	165.361	163.729	165.09	161.008	157.609	158.631
YOR315W	409.929	406.18	409.907	423.741	417.261	418.83
YOR316C	472.563	474.907	473.522	481.824	481.164	480.602
YOR316C-A	265.576	267.753	272.18	211.767	209.292	215.936
YOR317W	867.256	870.719	870.505	886.953	882.572	880.048
YOR319W	488.685	475.912	477.447	508.372	487.206	485.915
YOR320C	3318.287	3372.527	3334.017	3274.883	3233.935	3234.971
YOR321W	631.523	625.074	622.915	633.043	625.392	623.572
YOR322C	1193.219	1191.356	1192.976	1164.975	1153.229	1162.134
YOR323C	380.702	382.613	381.632	384.06	385.093	383.862
YOR324C	1870.821	1850.441	1873.588	1869.204	1801.371	1828.304
YOR326W	3068.554	3065.196	3077.394	3154.793	3112.106	3109.626
YOR327C	440.574	460.272	456.489	441.208	450.94	451.535
YOR328W	3457.631	3450.066	3496.461	3364.16	3306.14	3329.293
YOR329C	1574.244	1571.517	1586.772	1489.436	1475.85	1487.723
YOR330C	4645.506	4846.342	4972.412	3928.881	4020.265	4096.574
YOR332W	198.449	199.365	198.426	196.94	197.591	196.904
YOR334W	981.656	994.135	1008.101	1015.735	1018.204	1028.081
YOR335C	979.752	980.865	985.74	1006.034	1000.942	1002.041
YOR336W	2747.666	2743.145	2751.712	2857.746	2815.432	2823.256
YOR337W	748.393	748.023	750.889	752.082	750.052	752.017
YOR338W	405.842	408.642	410.451	411.538	412.677	414.755
YOR339C	119.882	121.008	121.327	121.939	122.85	122.723
YOR340C	391.034	400.116	403.801	406.203	410.807	412.714
YOR341W	1946.148	1955.516	1960.652	2009.565	2002.203	2005.675
YOR342C	480.846	482.673	483.095	497.297	494.067	491.32
YOR343C	1939.519	1999.77	2062.172	1379.19	1369.26	1438.409
YOR343W-A	1268	1268	1268	1268	1268	1268
YOR343W-B	4380.641	4296.256	4293.918	4509.097	4337.816	4340.57
YOR344C	410.197	406.961	410.466	417.624	411.685	415.206
YOR346W	2719.196	2777.681	2797.805	2807.959	2816.793	2834.537
YOR347C	815.128	808.264	817.827	718.961	711.743	720.817
YOR348C	7349.245	7578.973	8013.057	5350.042	5330.796	5624.469
YOR349W	3121.958	3118.74	3183.229	3106.097	3076.81	3118.609
YOR350C	1429.174	1433.902	1458.54	1504.574	1485.818	1497.689
YOR351C	887.081	909.211	912.24	913.663	923.009	925.042
YOR352W	513.961	517.408	522.385	535.637	534.185	536.761
YOR353C	4062.791	4038.14	4033.007	3927.491	3816.373	3834.505
YOR354C	978.105	985.88	991.768	1015.995	1013.958	1017.289
YOR355W	884.143	901.68	908.738	914.195	919.264	924.382
YOR356W	578.434	584.451	583.42	585.757	588.988	587.394
YOR357C	128.901	131.429	130.725	129.912	131.457	131.32
YOR358W	393.277	396.512	391.909	367.163	369.383	369.902
YOR359W	939.877	954.035	961.512	927.046	931.409	940.81
YOR360C	1064.482	1072.06	1079.962	1104.205	1094.033	1097.439
YOR361C	1272.297	1293.81	1296.382	1302.739	1305.946	1305.559
YOR362C	283.414	286.268	283.693	274.954	277.208	276.135
YOR363C	1567.575	1576.131	1582.956	1619.697	1612.837	1620.985
YOR365C	2769.291	2841.503	2884.342	2838.18	2865.443	2905.523
YOR367W	268.136	269.939	272.631	280.248	278.256	279.996
YOR368W	705.857	707.612	710.575	742.459	734.747	735.838
YOR369C	103.027	104.446	103.708	101.759	102.745	102.276
YOR370C	918.479	921.978	922.223	937.556	931.276	932.172
YOR371C	1160.073	1168.247	1168.163	1194.353	1190.66	1188.627
YOR372C	1015.719	999.71	1003.796	1033.475	1009.795	1011.015
YOR373W	43702.747	43442.551	43286.57	43679.637	43613.523	43195.895
YOR374W	1111.916	1146.924	1139.846	934.234	943.827	946.744
YOR375C	451.722	451.033	452.175	441.396	440.617	443.414
YOR376W	199.721	192.273	193.129	195.223	186.503	187.13
YOR376W-A	49	49	49	49	49	49
YOR377W	2114.999	2049.36	2027.433	2136.367	2054.274	2023.896
YOR378W	476.271	468.944	469.651	472.893	465.956	465.773
YOR380W	1075.186	1083.452	1098.93	1037.805	1031.807	1043.726
YOR381W	730.446	726.012	727.597	749.489	740.284	738.946
YOR381W-A	54.556	55.859	56.586	57.064	57.929	58.221
YOR382W	169.507	161.693	163.924	162.222	155.931	159.13
YOR383C	591.61	580.84	594.224	505.137	489.588	507.12
YOR384W	1098.053	1117.531	1121.924	1092.847	1098.453	1101.417
YOR385W	1082.455	1071.186	1084.293	1095.114	1065.239	1072.718
YOR386W	808.92	819.197	821.971	839.87	841.553	843.585
YOR387C	135.728	135.568	135.922	135.311	135.41	135.145
YOR388C	347.251	353.178	350.566	348.039	352.226	350.807
YOR389W	690.03	689.341	688.197	685.651	681.658	681.489
YOR390W	737.943	741.814	739.587	751.655	742.346	740.563
YOR391C	219.285	220.043	219.939	219.815	220.39	220.43
YOR393W	584.254	589.103	586	550.756	552.491	553.461
YOR394C-A	49	49	49	49	49	49
YOR394W	576.937	561.336	585.275	461.687	446.981	459.502
YPL001W	820.028	835.439	847.871	854.323	859.973	865
YPL002C	438.644	430.708	430.544	451.35	438.014	437.76
YPL003W	587.213	592.188	591.825	589.663	588.923	588.118
YPL004C	436.636	442.48	441.044	438.977	440.696	442.718
YPL005W	881.729	867.565	876.914	912.733	888.948	893.485
YPL006W	2013.501	2015.927	2019.202	2069.705	2046.328	2046.48
YPL007C	1329.863	1330.656	1341.034	1388.835	1368.133	1371.509
YPL008W	2091.495	2091.887	2093.554	2162.113	2129.198	2133.917
YPL009C	2175.153	2182.813	2190.845	2252.891	2233.329	2240.187
YPL010W	302.15	304.794	307.129	314.588	313.851	315.31
YPL011C	761.252	769.348	767.789	781.95	779.254	781.666
YPL012W	2020.78	2024.134	2035.656	2094.306	2071.287	2078.367
YPL013C	171.482	175.176	173.563	165.572	166.578	167.066
YPL014W	325.619	322.815	323.948	325.447	322.34	323.609
YPL015C	403.36	404.043	404.118	402.434	401.784	401.489
YPL016W	26024.513	25827.613	26022.114	24588.729	24027.154	24164.59
YPL017C	3520.698	3537.418	3790.383	2476.592	2385.828	2527.236
YPL018W	952.941	1000.68	1019.199	994.156	1027.749	1046.378
YPL019C	3289.778	3157.724	3164.186	3263.249	3086.45	3093.795
YPL020C	2847.761	2912.191	2922.794	2934.232	2949.892	2966.517
YPL021W	219.071	215.56	214.651	222.888	217.574	217.386
YPL022W	3081.709	2962.936	2969.361	3107.135	2959.056	2964.616
YPL023C	824.367	834.918	830.3	841.732	844.623	843.186
YPL024W	331.928	336.469	335.229	341.151	342.189	341.073
YPL026C	696.417	697.755	702.768	715.008	710.728	713.118
YPL027W	408.718	412.105	414.036	421.393	420.504	424.391
YPL028W	435.7	439.117	439.675	432.475	434.37	435.382
YPL029W	1832.281	1960.364	1964.807	1860.819	1956.55	1977.71
YPL030W	667.28	673.081	670.933	684.371	682.723	679.485
YPL031C	332.742	339.351	336.024	327.927	332.759	332.639
YPL032C	1216.07	1222.959	1229.564	1254.84	1246.158	1251.854
YPL033C	583.429	592.108	592.661	611.982	613.053	612.662
YPL034W	268.391	267.732	268.613	279.687	275.872	276.521
YPL036W	3250.809	3121.163	3341.924	2428.285	2303.742	2424.719
YPL037C	150.62	150.979	150.39	149.425	150.036	150.152
YPL038W	136.559	138.483	138.134	137.328	139.287	139.106
YPL038W-A	4707.437	5384.889	5650.748	4714.73	5249.324	5443.029
YPL039W	377.199	384.397	384.523	383.104	386.368	385.706
YPL040C	1701.675	1727.92	1734.617	1760.859	1764.854	1773.435
YPL041C	272.878	268.763	272.117	273.526	268.872	270.342
YPL042C	1421.652	1438.269	1459.335	1227.599	1226.709	1248.579
YPL043W	696.569	705.533	705.617	715.886	720.959	718.83
YPL045W	1323.797	1318.848	1327.357	1377.155	1355.769	1358.039
YPL046C	123.762	125.241	127.413	128.215	128.073	129.264
YPL047W	81.972	81.455	81.52	82.213	81.318	81.399
YPL048W	1307.103	1264.293	1291.757	1043.524	997.549	1016.948
YPL049C	1494.033	1522.157	1516.511	1281.643	1288.721	1298.769
YPL050C	637.165	650.336	648.435	650.893	653.616	652.084
YPL051W	615.544	629.439	640.903	641.066	648.078	655.773
YPL052W	5688.266	5824.973	5773.792	5900.467	5955.697	5915.818
YPL053C	804.411	804.534	806.241	837.123	821.857	821.282
YPL054W	375.097	364.208	366.924	383.201	370.299	372.828
YPL055C	728.4	752.774	747.205	681.837	697.16	699.493
YPL056C	621.289	613.122	623.242	530.903	514.301	526.916
YPL057C	534.918	536.148	539.393	555.255	551.13	554.425
YPL058C	2223.435	2284.386	2285.189	2250.034	2278.508	2277.712
YPL059W	111.509	110.964	110.436	112.718	111.771	111.239
YPL060C-A	17009.758	17038.106	17004.174	16941.374	16658.073	16657.894
YPL060W	653.037	663.377	666.009	679.396	681.995	682.87
YPL061W	430.554	433.151	432.858	428.345	429.969	430.478
YPL062W	2073.924	2065.677	2157.508	1478.375	1433.867	1482.255
YPL063W	977.869	994.309	1001.271	967.367	975.891	982.483
YPL064C	286.113	285.872	286.926	293.976	292.198	291.545
YPL065W	426.746	434.332	437.036	443.725	447.27	448.997
YPL066W	3422.239	3221.432	3212.364	3395.319	3159.142	3152.646
YPL067C	1022.213	996.894	1022.871	804.915	774.214	795.06
YPL068C	577	566.077	568.162	590.739	573.537	575.658
YPL069C	10246.356	10735.209	10909.354	9712.733	10070.068	10255.166
YPL070W	1857.791	1882.088	1891.484	1926.871	1919.538	1927.297
YPL071C	3511.384	3615.638	3556.394	3414.987	3429.507	3416.82
YPL072W	779.474	785.329	791.874	810.892	807.185	811.446
YPL074W	881.27	892.301	898.05	912.317	917.375	917.83
YPL075W	3488.448	3461.55	3502.587	3537.734	3456.122	3476.429
YPL076W	798.192	788.518	789.872	823.687	798.596	799.583
YPL077C	266.016	269.898	266.649	256.636	258.708	257.469
YPL078C	212.161	211.555	212.976	217.04	215.36	215.543
YPL079W	119.094	121.256	120.46	118.257	119.89	119.703
YPL080C	114.827	112.567	112.565	116.214	113.264	113.241
YPL081W	160.766	163.516	163.327	160.062	162.73	162.665
YPL082C	3816.609	3866.054	3870.953	3913.322	3912.101	3912.302
YPL083C	542.748	539.301	542.361	562.937	554.392	554.184
YPL084W	2154.132	2181.558	2207.409	2222.897	2220.324	2235.48
YPL085W	3389.786	3378.372	3372.677	3447.529	3409.098	3409.036
YPL086C	1252.808	1204.132	1189.726	1269.88	1200.877	1191.043
YPL087W	344.963	342.893	341.327	353.477	348.753	347.907
YPL088W	339.634	343.433	344.489	346.441	348.685	348.023
YPL089C	891.368	882.848	891.268	889.857	874.427	882.291
YPL090C	152.902	154.2	154.17	150.949	152.64	152.531
YPL091W	586.245	592.144	591.602	573.159	574.19	574.748
YPL092W	597.943	597.141	597.124	615.191	609.354	608.791
YPL093W	537.572	541.246	541.198	543.886	546.118	545.005
YPL094C	552.412	566.04	567.216	499.992	502.343	506.347
YPL095C	736.627	742.001	745.039	750.025	746.868	748.562
YPL096C-A	135.734	135.343	134.115	120.865	119.41	121.253
YPL096W	811.169	832.068	836.805	839.753	848.528	852.158
YPL097W	681.919	688.014	692.688	702.441	703.221	703.682
YPL098C	82.135	82.725	81.841	81.261	82.083	81.575
YPL099C	312.862	312.181	313.096	327.445	324.045	323.818
YPL100W	565.392	570.39	571.628	583.627	584.242	584.812
YPL101W	587.294	594.638	591.711	577.237	581.507	583.498
YPL103C	560.607	573.173	574.062	548.862	555.965	557.298
YPL104W	774.295	778.391	782.137	798.381	796.699	798.233
YPL105C	1344.665	1349.284	1358.538	1287.933	1283.619	1291.624
YPL106C	619.903	627.448	630.961	628.656	632.642	636.018
YPL107W	208.788	212.255	211.398	211.56	214.942	214.163
YPL108W	131.102	132.742	131.677	131.396	132.772	132.044
YPL109C	1376.627	1377.211	1380.823	1422.523	1402.05	1401.142
YPL110C	2118.771	2137.291	2134.527	2161.327	2152.214	2154.532
YPL111W	407.764	402.482	400.06	392.785	388.198	388.093
YPL112C	2037.441	2155.224	2152.483	2059.432	2125.214	2143.046
YPL113C	442.95	450.77	453.017	457.089	462.144	461.741
YPL115C	3602.546	3611.559	3566.914	3611.126	3561.562	3581.765
YPL116W	766.16	766.445	767.433	785.23	780.624	779.657
YPL117C	349.797	355.413	355.019	362.531	362.756	361.915
YPL118W	551.601	548.94	549.414	566.979	556.36	556.589
YPL119C	854.294	871.117	867.405	825.467	829.56	831.059
YPL119C-A	140.04	137.768	140.504	147.061	143.126	144.393
YPL120W	2355.393	2400.962	2393.325	2397.399	2408.345	2408.354
YPL121C	393.146	394.578	395.8	414.468	410.693	409.698
YPL122C	856.09	855.865	863.296	889.402	879.526	883.303
YPL123C	2038.76	2010.136	2010.25	2024.776	1947.753	1955.524
YPL124W	369.404	377.882	378.985	376.197	378.944	380.446
YPL125W	3713.013	3758.383	3775.13	3768.322	3786.212	3779.368
YPL126W	1331.818	1327.44	1336.427	1378.383	1359.598	1364.078
YPL127C	351.244	353.261	349.186	334.762	334.564	334.454
YPL128C	687.294	693.367	696.707	664.793	665.173	667.624
YPL129W	259.77	264.814	262.428	262.312	265.33	263.774
YPL130W	305.455	305.833	309.28	317.692	314.946	316.39
YPL131W	240.755	240.611	240.157	238.101	238.607	239.148
YPL132W	407.504	407.513	414.352	418.856	415.969	420.103
YPL133C	375.469	377.733	379.453	379.354	381.327	381.241
YPL134C	966.292	910.221	899.617	784.883	728.373	737.364
YPL135W	476.529	458.361	458.109	407.676	388.804	391.257
YPL137C	1443.336	1445.469	1450.671	1473.647	1466.429	1469.913
YPL138C	423.145	432.842	433.005	438.21	443.667	443.358
YPL139C	1638.282	1678.836	1708.942	1634.944	1640.001	1670.91
YPL140C	684.102	690.429	693.864	702.175	706.954	713.184
YPL141C	1126.703	1135.045	1138.184	1157.617	1156.841	1160.565
YPL143W	61.309	62.532	62.211	60.38	61.724	61.713
YPL144W	100.871	101.87	101.544	102.223	102.561	102.191
YPL145C	455.881	455.191	458.092	468.342	465.733	468.043
YPL146C	3070.218	3193.569	3164.387	3076.757	3123.842	3097.09
YPL147W	4971.956	5067.716	5027.342	4874.707	4831.218	4824.741
YPL148C	157.667	158.317	159.771	162.846	162.632	163.029
YPL149W	283.994	281.093	281.46	290.024	284.88	283.073
YPL150W	1328.657	1341.677	1350.047	1375.861	1377.866	1378.982
YPL151C	485.053	492.469	490.886	490.595	495.783	493.896
YPL152W	620.444	621.767	622.916	642.729	634.466	633.614
YPL152W-A	49	49	49	49	49	49
YPL153C	815.162	820.414	821.181	839.125	838.896	835.72
YPL154C	373.169	372.002	373.016	368.037	366.059	367.082
YPL155C	916.993	915.526	908.459	900.932	894.538	891.971
YPL156C	876.165	876.206	871.323	906.206	888.152	888.835
YPL157W	486.027	481.384	482.581	501.366	491.581	492.657
YPL158C	1238.248	1241.813	1242.69	1283.503	1266.849	1269.799
YPL159C	306.202	305.345	307.494	319.092	315.897	317.336
YPL160W	1134.094	1144.841	1145.965	1163.303	1164.015	1162.945
YPL161C	1685.353	1698.25	1719.83	1757.213	1739.549	1754.909
YPL162C	239.133	239.047	240.118	243.911	243.269	243.57
YPL163C	205.516	207.236	206.281	203.611	205.083	206.11
YPL164C	1526.681	1591.817	1606.513	1566.119	1603.404	1614.846
YPL165C	792.504	779.083	790.312	815.34	793.269	804.083
YPL166W	1013.493	1030.023	1035.31	1042.486	1037.6	1042.087
YPL167C	6754.067	7198.113	7447.57	6951.56	7326.693	7493.288
YPL168W	742.54	752.95	757.665	774.897	777.113	776.973
YPL169C	1190.742	1198.366	1209.514	1104.787	1098.771	1110.035
YPL170W	169.733	165.055	163.422	168.654	163.901	162.955
YPL171C	652.071	650.744	648.595	615.83	610.742	614.423
YPL172C	656.829	664.048	668.392	661.354	661.603	665.02
YPL173W	446.235	455.804	453.193	455.299	456.17	456.838
YPL174C	4102.468	4121.828	4129.194	4200.947	4138.606	4163.493
YPL175W	498.162	498.336	501.033	512.941	508.931	508.903
YPL176C	907.472	914.458	914.23	920.446	920.302	921.625
YPL177C	256.314	256.448	256.812	260.562	259.889	259.839
YPL178W	369.586	366.312	365.357	377.7	369.147	369.209
YPL179W	1272.473	1252.73	1241.839	1305.126	1268.066	1262.944
YPL180W	1126.249	1132.377	1138.006	1131.45	1128.319	1130.639
YPL181W	471.277	480.447	475.975	470.946	477.783	475.638
YPL183C	2630.043	2574.857	2590.824	2662.879	2576.863	2575.756
YPL183W-A	189.796	189.447	189.135	170.375	168.606	169.605
YPL184C	16867.295	16538.403	16419.539	16135.585	15512.991	15301.996
YPL186C	424.04	437.078	435.853	430.932	439.572	440.563
YPL187W	163.228	163.795	162.802	162.95	162.794	162.702
YPL188W	489.725	483.05	487.261	507.207	498.116	499.369
YPL189C-A	80.077	80.11	80.436	81.135	80.66	81.155
YPL189W	7940.23	7972.439	7961.757	7791.59	7734.201	7768.442
YPL190C	1084.909	1092.383	1095.383	1081.37	1079.23	1081.993
YPL191C	636.592	638.655	642.622	667.878	662.421	662.222
YPL192C	174.994	175.316	176.951	182.879	181.976	183.011
YPL193W	723.365	735.289	735.178	745.78	749.274	751.405
YPL194W	1224.021	1237.043	1223.697	1246.079	1235.88	1226.107
YPL195W	3659.138	3653.773	3676.7	3709.489	3634.827	3634.486
YPL196W	226.048	227.737	227.359	232.238	233.103	233.152
YPL198W	176.059	175.712	176.385	176.745	176.557	176.967
YPL199C	405.949	413.967	416.891	409.628	414.466	418.737
YPL200W	2333.361	2234.762	2241.134	2412.594	2275.031	2287.979
YPL201C	705.333	711.525	718.765	729.235	728.861	729.672
YPL202C	971.609	1003.44	1018.827	1017.122	1038.418	1051.21
YPL203W	333.214	334.81	333.933	338.736	339.337	338.47
YPL204W	620.241	625.264	628.019	606.109	607.604	610.642
YPL206C	293.969	293.585	291.773	298.285	296.778	294.8
YPL207W	846.833	848.964	850.763	873.028	869.551	868.985
YPL208W	644.485	646.751	651.07	666.497	664.459	666.67
YPL209C	1847.178	1970.002	1973.73	1851.498	1931.6	1953.459
YPL210C	2034.858	2069.031	2077.817	2103.268	2101.012	2112.171
YPL211W	208.417	207.137	207.155	215.683	211.828	210.617
YPL212C	806.476	823.734	823.27	833.962	842.234	841.094
YPL213W	363.791	372.219	368.274	355.341	360.208	358.422
YPL214C	616.177	622.783	623.3	623.604	625.504	625.389
YPL215W	323.358	322.271	322.655	333.728	330.356	329.207
YPL216W	2292.268	2307.479	2324.332	2402.369	2382.845	2394.538
YPL217C	2622.596	2687.227	2679.638	2655.643	2670.943	2658.949
YPL218W	122.928	122.856	123.601	124.145	123.887	123.73
YPL219W	738.175	742.337	742.382	758.828	755.906	755.939
YPL220W	161.781	160.458	162.082	162.148	160.933	161.047
YPL221W	826.005	825.597	828.749	814.263	810.751	813.271
YPL222W	922.44	929.817	928.939	883.55	886.423	890.052
YPL223C	200.714	202.182	200.941	198.032	199.883	200.528
YPL224C	380.283	377.278	376.399	386.318	381.312	379.499
YPL225W	186.518	187.747	189.797	194.118	193.638	194.434
YPL226W	1339.615	1325.331	1334.16	1371.625	1349.95	1355.886
YPL227C	397.536	401.878	403.413	413.362	413.246	413.646
YPL228W	1046.385	1058.46	1057.884	1074.475	1067.405	1069.849
YPL229W	195.103	190.908	192.884	196.226	192.253	193.498
YPL230W	502.632	502.644	503.036	512.606	508.446	509.422
YPL231W	11416.308	10769.469	11836.36	7876.023	7065.579	7765.503
YPL232W	373.071	385.812	382.917	357.284	366.226	365.761
YPL233W	186.432	191.141	189.968	182.899	186.664	186.169
YPL234C	177.685	173.525	174.986	175.094	170.33	170.913
YPL235W	766.64	763.519	763.547	768.829	755.523	755.428
YPL236C	351.06	352.373	353.822	361.494	361.805	361.763
YPL237W	302.304	301.277	301.887	309.731	306.428	306.169
YPL239W	152.15	154.096	153.836	152.327	154.338	153.824
YPL240C	768.287	773.99	777.835	779.532	782.206	784.097
YPL241C	1166.646	1111.455	1132.618	1166	1103.546	1130.973
YPL242C	2667.658	2684.174	2704.44	2772.006	2755.598	2764.236
YPL243W	1638.627	1623.241	1640.967	1676.756	1638.787	1644.513
YPL244C	353.864	358.347	358.619	361.027	362.762	364.053
YPL245W	511.502	520.172	518.163	509.215	513.888	513.241
YPL246C	261.022	259.557	259.867	259.398	257.144	256.627
YPL247C	1140.056	1125.606	1124.584	1011.378	992.765	999.886
YPL248C	1199.068	1189.539	1193.78	1229.493	1211.292	1212.234
YPL249C	1255.429	1266.633	1266.266	1287.716	1281.526	1278.626
YPL249C-A	72.113	72.194	71.407	70.887	71.176	71.151
YPL250C	159.082	156.784	158.282	156.124	154.39	155.13
YPL252C	596.665	622.364	634.466	477.086	492.088	504.959
YPL253C	1514.17	1525.537	1545.421	1583.723	1576.989	1587.804
YPL254W	1128.105	1157.174	1161.475	1160.194	1172.199	1183.788
YPL255W	440.903	442.416	444.014	454.001	453.28	453.504
YPL256C	1168.625	1178.239	1185.191	1181.075	1181.241	1188.446
YPL257W	442.436	427.735	433.895	456.026	436.778	435.724
YPL257W-B	2544.765	2552.883	2555.168	2572.79951343758	2601.409	2610.496
YPL258C	452.557	454.484	454.516	453.728	453.985	454.637
YPL259C	1244.863	1270.312	1273.97	1268.925	1270.228	1280.449
YPL260W	1089.914	1091.946	1097.017	1124.715	1114.262	1117.779
YPL261C	6690.239	6577.605	6674.965	6543.78	6261.937	6339.917
YPL262W	455.678	455.728	455.596	451.211	450.81	451.475
YPL263C	1483.393	1525.192	1534.372	1520.781	1537.535	1544.72
YPL264C	436.966	433.448	432.412	446.251	438.408	437.73
YPL265W	615.735	617.252	620.675	632.133	629.399	629.352
YPL266W	288.004	290.589	289.831	292.851	294.005	292.811
YPL267W	239.304	243.418	242.847	246.9	247.975	248.972
YPL268W	4507.968	4431.251	4405.565	4563.656	4400.025	4398.911
YPL269W	2676.753	2655.556	2671.803	2733.073	2678.318	2686.453
YPL270W	987.56	981.684	984.869	1014.31	1001.201	1001.427
YPL271W	49	49	49	49	49	49
YPL272C	1174.46	1162.401	1165.177	1229.559	1196.161	1194.769
YPL273W	307.783	307.413	308.588	315.239	313.316	313.25
YPL274W	1179.458	1227.417	1225.041	1045.351	1060.627	1075.174
YPL275W	190.72	194.172	192.864	192.274	195.088	194.104
YPL276W	140.235	142.966	141.676	139.152	140.977	140.697
YPL277C	549.527	548.13	545.881	533.393	530.335	529.57
YPL278C	113.863	109.683	110.155	114.983	110.288	110.463
YPL279C	706.878	710.338	707.556	718.869	709.722	707.655
YPL280W	219.469	220.022	220.051	220.235	220.639	220.697
YPR001W	476.242	475.469	474.55	483.241	478.785	476.253
YPR002W	988.487	1028.511	1043.514	1012.046	1039.874	1054.547
YPR003C	2284.508	2282.813	2264.368	2337.148	2293.225	2291.651
YPR004C	329.287	330.914	331.393	337.29	337.109	337.407
YPR005C	358.951	361.716	365.527	370.275	369.891	371.131
YPR006C	500.859	506.847	504.704	502.398	507.122	505.444
YPR007C	2034.38	2040.146	2043.22	2106.4	2070.169	2068.242
YPR008W	762.027	760.09	762.655	778.949	771.029	771.973
YPR009W	351.302	351.024	352.539	363.285	359.901	360.007
YPR010C	1341.349	1357.866	1357.513	1378.538	1381.082	1377.049
YPR010C-A	49	49	49	49	49	49
YPR011C	329.919	332.363	331.765	327.156	328.216	328.629
YPR013C	363.75	362.181	363.115	369.594	365.996	367.931
YPR014C	439.769	456.691	459.846	445.071	450.927	451.218
YPR015C	249.86	251.224	250.38	246.641	247.202	247.657
YPR016C	191.286	191.682	191.901	191.704	191.189	191.451
YPR017C	150.932	152.639	151.964	154.759	156.253	155.882
YPR018W	807.204	823.302	826.864	836.768	845.645	848.306
YPR019W	1116.656	1114.292	1118.052	1135.101	1123.703	1125.388
YPR020W	247.233	249.777	250.317	259.47	257.469	257.939
YPR021C	14837.669	15483.379	15674.728	14389.89	14761.456	14715.943
YPR022C	2006.399	2002.85	2014.084	2067.05	2038.844	2051.101
YPR023C	420.483	421.384	419.662	414.238	413.661	412.007
YPR024W	873.81	890.329	887.414	856.613	866.69	867.498
YPR025C	673.298	678.225	685.642	701.349	697.121	697.583
YPR026W	2577.529	2601.789	2606.407	2622.988	2612.38	2621.891
YPR027C	653.736	665.775	677.187	659.842	666.154	672.755
YPR028W	383.687	385.451	382.697	391.516	386.239	385.008
YPR029C	5007.751	4881.576	4914.122	5055.623	4811.049	4819.235
YPR030W	1813.968	1810.423	1827.979	1822.745	1803.483	1819.204
YPR031W	2610.649	2765.629	2767.81	2634.247	2728.799	2787.287
YPR032W	1778.07	1755.284	1792.714	1826.428	1791.467	1819.181
YPR033C	643.125	655.821	653.927	651.377	657.395	653.312
YPR034W	480.02	488.53	485.447	475.577	480.787	480.125
YPR035W	349.228	357.61	356.613	345.12	351.989	352.674
YPR036W	491.728	493.157	493.313	486.444	487.425	488.381
YPR036W-A	61.686	62.084	62.686	60.74	61.187	61.636
YPR037C	378.831	391.686	384.982	346.272	352.955	352.34
YPR038W	162.51	157.136	159.887	160.06	154.605	156.344
YPR040W	497.887	495.827	496.491	480.425	476.647	480.686
YPR041W	442.388	447.37	445.519	452.403	454.246	454.308
YPR042C	68093.253	69916.718	66906.489	70463.835	72009.692	69594.232
YPR043W	184.078	184.228	184.132	152.508	149.437	150.626
YPR045C	3132.593	3097.885	3122.43	3123.579	3023.514	3051.138
YPR046W	152.565	151.982	152.824	155.502	154.467	154.32
YPR047W	1654.583	1708.96	1759.455	1664.916	1698.459	1722.336
YPR048W	1415.317	1450.818	1445.535	1453.915	1463.414	1463.36
YPR049C	8401.387	8680.216	8634.148	8359.217	8515.935	8490.342
YPR051W	144.162	148.902	146.895	143.272	146.849	145.862
YPR052C	150.404	154.848	153.345	142.594	145.718	146.017
YPR053C	254.236	254.576	255.844	236.164	235.254	236.715
YPR054W	430.239	440.24	438.614	426.034	433.439	434.677
YPR055W	3754.109	3799.922	3790.195	3846.538	3823.743	3831.277
YPR056W	640.57	650.611	645.991	656.608	655.652	652.526
YPR057W	361.168	365.545	364.557	367.864	370.543	369.851
YPR058W	349.814	349.88	348.884	345.383	343.889	343.396
YPR060C	9248.602	9191.158	8955.064	8835.612	8578.187	8601.478
YPR061C	353.126	356.245	358.912	363.717	363.666	364.358
YPR062W	124.544	128.414	126.326	124.695	128.093	126.681
YPR063C	79.103	78.799	78.56	78.276	78.084	78.158
YPR064W	757.161	755.131	787.929	596.745	585.032	606.95
YPR065W	341.934	340.973	342.771	344.694	343.342	345.186
YPR066W	439.698	446.823	445.163	439.325	442.319	443.983
YPR067W	185.157	185.867	186.358	190.456	189.492	189.585
YPR068C	787.255	789.357	784.405	804.707	792.836	796.089
YPR069C	267.076	269.764	270.944	272.275	272.985	273.38
YPR070W	5320.41	5205.223	5236.64	5256.438	5031.144	5024.978
YPR071W	411.487	413.04	409.482	423.085	417.926	419.424
YPR072W	2103.401	2034.622	2020.482	2067.759	1973.36	1981.144
YPR073C	223.029	224.091	225.018	233.073	231.753	232.043
YPR074C	646.396	645.075	644.632	621.844	619.559	622.264
YPR075C	451.651	463.035	463.674	419.822	428.537	430.29
YPR078C	704.976	705.249	702.902	720.308	711.995	710.482
YPR079W	450.178	452.417	452.792	443.393	444.254	445.619
YPR080W	309.013	309.1	307.776	303.875	304.259	303.062
YPR081C	639.105	649.758	650.181	657.045	661.999	660.848
YPR082C	203.136	201.358	202.685	210.973	207.584	208.216
YPR083W	603.817	603.771	607.7	622.551	617.657	618.698
YPR084W	678.53	681.415	682.218	637.049	633.897	638.049
YPR085C	649.262	656.365	656.023	675.184	672.868	674.423
YPR086W	397.132	398.208	400.162	411.647	408.448	409.811
YPR088C	1176.359	1227.093	1237.845	1019.981	1044.491	1056.559
YPR089W	1674.822	1675.288	1679.592	1724.143	1702.686	1707.827
YPR091C	4165.982	4206.839	4430.983	3120.963	3029.976	3146.902
YPR093C	674.193	692.631	699.926	569.542	575.713	587.746
YPR094W	166.454	171.842	174.176	172.078	173.689	174.96
YPR095C	4043.092	3938.44	3950.172	4139.389	3953.952	3971.046
YPR096C	98.304	97.638	98.622	101.903	100.954	100.93
YPR097W	2110.971	2110.118	2123.545	2201.617	2172.938	2175.554
YPR098C	167.988	164.275	165.982	170.179	165.802	166.2
YPR099C	84.077	81.381	82.813	85.075	82.361	83.196
YPR100W	119.428	123.031	122.542	122.167	125.027	124.116
YPR101W	397.443	407.9	410.313	420.311	421.62	423.744
YPR102C	104.121	105.294	105.22	103.254	104.587	104.398
YPR103W	258.907	261.239	260.313	258.186	259.758	258.817
YPR104C	1350.13	1379.532	1382.55	1375.728	1389.667	1394.757
YPR105C	1324.387	1323.705	1331.933	1375.655	1358.141	1357.113
YPR106W	832.744	830.084	832.299	858.33	845.067	844.499
YPR107C	228.68	236.675	239.664	237.931	244.529	246.588
YPR108W	996.041	1046.21	1064.746	1029.005	1064.195	1075.176
YPR109W	477.222	477.923	478.719	491.401	486.257	486.353
YPR110C	281.677	282.011	282.032	288.008	286.69	285.702
YPR111W	1023.017	1033.451	1037.142	1063.692	1059.164	1060.581
YPR112C	1088.82	1112.071	1111.137	1123.981	1136.557	1133.511
YPR113W	160.397	159.369	158.704	158.423	157.483	157.098
YPR114W	311.342	303.296	307.671	314.222	306.235	307.854
YPR115W	1273.767	1286.751	1291.562	1300.31	1304.006	1307.36
YPR116W	509.133	506.334	510.099	533.728	520.569	521.605
YPR117W	4397.349	4426.919	4448.011	4550.574	4526.162	4532.022
YPR118W	420.56	423.241	423.073	431.853	430.952	430.17
YPR119W	862.683	868.18	865.874	890.996	881.665	878.822
YPR120C	682.892	678.627	677.777	708.813	694.257	694.872
YPR121W	1475.301	1460.571	1496.682	1504.757	1455.105	1485.551
YPR122W	6723.291	6717.09	6636.548	6777.55	6720.257	6613.558
YPR124W	522.506	528.742	530.007	534.508	536.232	537.895
YPR125W	645.371	650.405	648.182	663.465	660.345	659.985
YPR127W	422.427	422.755	423.972	409.5	407.811	409.687
YPR128C	332.012	328.326	329.231	341.728	335.783	335.296
YPR129W	465.048	466.129	467.34	467.36	465.978	467.18
YPR131C	306.564	313.94	317.174	317.028	322.195	324.558
YPR132W	94.22	93.87	93.996	94.432	94.183	93.948
YPR133C	465.262	472.827	472.733	472.256	477.271	478.021
YPR133W-A	49	49	49	49	49	49
YPR134W	266.347	268.037	269.962	273.52	273.55	273.933
YPR135W	1240.091	1238.901	1237.497	1280.849	1265.552	1263.835
YPR137C-B	2380.858	2389.141	2394.597	2459.802	2441.848	2451.071
YPR137W	554.147	562.001	561.931	568.292	572.331	570.305
YPR138C	875.857	863.712	859.851	854.676	833.355	828.524
YPR139C	286.482	293.049	296.658	296.051	300.326	302.952
YPR140W	408.265	405.924	409.006	419.044	414.567	416.06
YPR141C	4005.534	4061.974	4110.161	4108.531	4062.279	4116.638
YPR143W	497.052	501.221	504.846	514.833	511.557	514.002
YPR144C	2546.184	2490.686	2527.826	2555.971	2484.735	2515.159
YPR145C-A	324.628	316.884	324.119	335.326	326.256	327.761
YPR145W	472.89	476.077	474.231	472.552	475.183	474.771
YPR147C	414.133	410.373	410.884	426.332	418.073	416.756
YPR148C	515.977	519.894	520.95	532.42	532.314	531.266
YPR149W	165.497	164.171	165.206	167.58	165.137	166.603
YPR151C	167.861	171.436	170.17	168.518	171.39	170.37
YPR152C	7055.946	7332.388	7895.941	4664.494	4644.744	4990.398
YPR153W	131.011	130.417	131.106	133.773	132.533	133.014
YPR154W	313.651	310.09	310.15	299.133	293.986	294.585
YPR155C	919.68	932.043	941.641	959.375	961.297	964.393
YPR156C	617.353	617.62	618.097	618.763	614.696	615.632
YPR157W	462.598	467.157	463.599	458.515	460.921	459.938
YPR158C-C	482.407476851153	482.407476851153	482.407476851153	485.29	479.469	482.481
YPR158C-D	2787.9	2771.366	2769.457	2857.562	2809.248	2817.497
YPR158W	317.64	319.02	321.872	329.877	329.036	329.956
YPR158W-B	2603.798	2594.821	2593.143	2677.312	2640.286	2648.186
YPR159C-A	49	49	49	49	49	49
YPR159W	579.887	576.971	576.755	583.215	579.68	579.108
YPR160W	1070.645	1068.45	1072.798	1090.698	1080.996	1082.788
YPR161C	1634.543	1647.488	1658.409	1662.91	1657.693	1667.959
YPR162C	881.208	895.547	905.022	914.645	920.952	925.189
YPR163C	399.995	405.164	401.148	398.415	403.779	402.591
YPR164W	6182.879	6050.611	6081.324	6212.591	5962.732	5976.143
YPR165W	178.129	180.49	179.054	179.286	180.724	179.778
YPR166C	183.57	185.065	187.685	189.212	189.092	189.909
YPR167C	335.61	339.309	339.049	341.696	341.882	341.724
YPR168W	102.173	101.839	101.684	102.302	101.856	101.239
YPR169W	940.094	983.849	994.337	979.108	1011.124	1018.723
YPR170W-B	49	49	49	49	49	49
YPR171W	9612.472	9571.592	9915.787	9284.464	9233.23	9444.839
YPR172W	263.483	268.158	269.077	270.289	271.725	271.594
YPR173C	457.712	464.002	460.816	463.364	467.52	464.322
YPR174C	344.198	340.569	348.468	312.163	307.855	314.695
YPR175W	762.957	759.439	760.003	784.772	776.255	774.333
YPR176C	294.042	297.624	296.443	300.543	301.364	300.164
YPR178W	562.503	571.656	571.808	575.385	578.456	578.931
YPR179C	1436.066	1432.348	1440.36	1478.074	1450.542	1456.078
YPR180W	543.013	545.126	542.14	561.779	555.521	553.59
YPR181C	1533.856	1551.855	1581.443	1348.856	1341.058	1360.18
YPR182W	512.11	533.265	535.834	430.866	440.303	448.65
YPR183W	683.705	681.029	684.832	619.412	613.562	622.913
YPR184W	1695.829	1704.684	1702.902	1707.185	1705.963	1706.326
YPR185W	1020.449	1019.498	1027.076	1031.795	1025.281	1031.022
YPR186C	613.662	627.631	629.284	639.567	645.164	646.217
YPR187W	125.872	128.377	128.079	128.579	130.409	130.259
YPR188C	137.456	136.595	136.882	140.161	138.103	137.578
YPR189W	2508.957	2525.289	2533.065	2610.303	2593.277	2591.172
YPR190C	1319.325	1307.769	1317.023	1372.342	1343.25	1346.048
YPR191W	307.439	305.451	304.403	307.485	305.274	304.769
YPR192W	1560.835	1615.147	1648.889	1272.769	1296.888	1324.257
YPR193C	170.895	174.876	176.788	177.034	180.572	180.292
YPR194C	1476.338	1501.968	1517.043	1531.481	1541.027	1551.068
YPR195C	168.665	174.72	171.763	159.697	163.782	163.132
YPR196W	474.497	463.986	466.713	487.913	473.696	474.426
YPR198W	699.854	698.689	704.745	729.455	723.192	725.498
YPR199C	380.414	382.436	382.69	393.813	390.966	391.324
YPR200C	122.614	123.176	123.607	125.259	124.708	124.984
YPR201W	1013.47	950.561	952.262	1021.346	948.634	937.745
YPR202W	566.505	552.923	558.433	582.124	560.754	562.049
YPR203W	260	260	260	260	260	260
YPR204W	1340.988	1347.995	1341.7	1276.423	1277.608	1277.861
