gene_id	JCYL001B	JCYL002B	JCYL003B	JCYL001D	JCYL002D	JCYL003D
cdt-1EGFP	30.181214	29.657875	20.546056	73.039792	88.357152	65.716923
gene-Q0158	0.000568	0.000679	0.000515	0.002916	0.003255	0.002646
gh1-1	28.779997	27.877651	22.685985	82.337146	95.626742	75.326948
NR_132153.1	12.709477	11.90764	12.105238	8.041735	9.437237	8.945793
NR_132166.1	1.413201	1.505878	0.843577	6.466331	7.580159	6.138106
NR_132171.1	2.194131	2.401274	2.185021	5.399353	5.604878	5.057657
NR_132176.1	3.99346	0	3.500304	2.269487	2.571822	2.124497
NR_132177.1	9.892288	9.832777	9.439645	7.054059	8.596961	6.95823
NR_132251.1	0.722509	0.742543	0.720304	0.880442	0.990455	0.723415
NR_172474.1	0.544494	0.501602	0.478348	0.711829	0.708513	0.665785
NR_172475.1	14.73447	16.463106	18.699909	15.730477	16.343499	13.521699
NR_172476.1	1.533039	1.534366	1.08647	3.829774	3.926605	2.247943
NR_172477.1	0.450877	0.496509	0.487623	0.253519	0.244072	0.260316
NR_172478.1	1.295077	1.197823	1.371588	1.372892	1.178357	1.428081
Q0020	0.000146	0.000215	0.00019	0.000661	0.000545	0.000389
Q0045	0.000719	0.000608	0.001632	0.01213	0.004413	0.005304
Q0050	0.000518	0.000558	0.00044	0.001157	0.001544	0.001131
Q0055	0.000749	0.000487	0.000426	0.002724	0.002816	0.002782
Q0060	6.4e-05	0.00011	7.2e-05	0.000161	6.2e-05	0
Q0065	0.005403	0.000115	0.011163	0.000234	0.000132	7.5e-05
Q0070	0	0.018348	4e-05	2.9e-05	0.071101	3.7e-05
Q0075	0	0	2.9e-05	0	0	0
Q0080	0	0	0	0	0	0
Q0085	0	0.00021	0.000272	0.001041	0.000249	0.000543
Q0105	0.02524	0.035629	0.021255	0.144498	0.204712	0.108214
Q0110	0.028988	4.5e-05	0.000117	0.000173	2e-04	0.00044
Q0115	0	2.5e-05	0.029503	4.9e-05	2.9e-05	0.107378
Q0120	0.000639	0.000406	0.000478	0.001733	0.002339	0.002341
Q0130	0.266742	0	0.153292	0.742384	0.515694	1.106726
Q0140	0	1.2e-05	0	0	0	0
Q0160	0	7e-05	0.000182	0	7.9e-05	0.000259
Q0250	0.002123	0.000912	6e-04	0.00228	0.003748	0.002926
Q0255	0	0	0	0	2.1e-05	0
Q0275	0.01136	0.013462	0.002209	0.014478	0.007857	0.008537
Q0285	0.000163	0	4.7e-05	3e-04	0.000385	0.000513
tA(UGC)Q	0	0	0	0	0	0
tC(GCA)Q	0	0	0	0	0	0
tD(GUC)Q	0	0	0	0	0	0
tE(UUC)Q	0	0	0	0	0	0
tF(GAA)Q	0	0	0	0	0	0
tG(UCC)Q	0	0	0	0	0	0
tH(GUG)Q	0	0	0	0	0	0.412831
tI(GAU)Q	0	0	0	0	0	0
tK(UUU)Q	0	0	0	0	0	0
tL(UAA)Q	0	0	0	0	0	0
tM(CAU)Q1	0	0	0	0	0	0
tM(CAU)Q2	0	0	0	0	0	0
tN(GUU)Q	0	0	0	0	0	0
tP(UGG)Q	0	0	0	0	0	0
tQ(UUG)Q	0	0	0	0	0	0
tR(ACG)Q2	0	0	0	0	0	0
tR(UCU)Q1	0	0	0	0	0	0
tS(GCU)Q1	0	0	0	0	0	0
tS(UGA)Q2	0	0	0	0	0	0
tT(UAG)Q2	0	0	0	0	0	0
tT(UGU)Q1	0	0	0	0	0	0
tV(UAC)Q	0	0	0	0	0	0
tW(UCA)Q	0	0	0	0	0	0
tY(GUA)Q	0	0	0	0	0	0
YAL001C	7.709032	7.381745	7.544469	7.148158	6.980959	7.182611
YAL002W	4.434453	4.46783	4.239909	4.42262	4.580484	4.485986
YAL003W	781.855982	818.946173	806.098626	1284.400376	1262.974618	1291.745631
YAL005C	158.407355	149.996998	140.115665	403.684307	468.584506	379.390902
YAL007C	116.340828	122.307955	118.132882	102.626153	93.031845	101.423446
YAL008W	63.354673	62.22018	61.599658	68.557323	78.285188	66.467204
YAL009W	24.140359	23.145289	22.91323	20.150901	20.152439	19.721958
YAL010C	12.179924	11.694388	11.625174	8.17891	9.745719	8.680023
YAL011W	13.159599	13.321319	12.518647	15.954081	15.066415	15.066774
YAL012W	480.835332	488.023908	419.3801	64.92771	70.912183	62.488046
YAL013W	8.682686	7.917488	7.725127	9.152644	8.862746	8.37143
YAL014C	108.926034	112.559142	115.482522	93.258626	85.857583	89.035132
YAL015C	39.712705	39.440148	39.830019	29.590158	28.854802	28.771119
YAL016W	72.164601	71.097991	68.740274	70.765957	74.779613	68.312102
YAL017W	14.373543	13.904371	14.614438	15.114293	15.230157	14.782386
YAL018C	9.37263	7.891912	6.947157	12.453212	19.261126	12.516193
YAL019W	13.363908	13.758014	12.924029	13.716323	13.87729	14.238705
YAL020C	2.674301	2.457846	2.329815	3.687302	3.409796	3.331755
YAL021C	7.935052	7.953474	7.612564	11.072528	11.7448	11.049705
YAL022C	21.936386	21.957721	22.450735	12.421674	13.751879	12.356252
YAL023C	116.370865	119.841691	128.940183	105.519184	100.307518	109.384071
YAL024C	3.436676	3.294665	3.6249	3.494938	3.529765	4.023388
YAL025C	97.546352	106.661768	112.357492	126.046436	125.302235	131.994822
YAL026C	18.410126	19.652779	19.37417	15.044732	15.637993	15.354262
YAL027W	16.229062	15.372491	15.167903	17.512862	17.567775	19.199178
YAL028W	21.786559	21.85128	21.216627	19.82924	20.141709	18.47925
YAL029C	13.60455	13.541244	13.26591	11.028349	10.654404	11.517085
YAL030W	189.260988	184.149785	181.757292	179.644904	167.5092	160.185775
YAL031C	36.354412	35.322442	35.567878	27.476401	27.859933	26.893598
YAL032C	43.427086	43.359626	46.644164	57.571603	57.475259	56.372243
YAL033W	28.134281	26.429251	29.457807	30.798082	29.01363	26.400525
YAL034C	28.605098	30.649515	27.625816	35.634046	41.553362	36.582388
YAL034W-A	18.567071	17.973483	16.825278	19.636282	19.308503	18.985836
YAL035W	84.057606	87.023105	80.655725	111.249427	108.350199	109.248774
YAL036C	43.21018	47.629932	49.475954	49.894553	53.876203	55.193297
YAL037C-A	2.768689	2.650109	3.133413	2.105761	2.494147	1.951563
YAL037W	23.363086	22.959043	23.810035	15.395123	16.507886	15.040683
YAL038W	3047.225412	2997.852863	3245.196576	3036.475663	3310.045329	3005.103488
YAL039C	16.886575	16.822461	18.523274	82.975324	75.053809	75.330902
YAL040C	10.90993	12.555639	13.760591	9.896609	10.202636	10.770126
YAL041W	33.131695	33.772435	32.945524	25.269406	26.088719	25.846543
YAL042W	34.932123	33.754808	32.896805	35.21954	35.80409	33.786908
YAL043C	30.369889	32.253475	31.821235	26.687469	25.475131	25.746183
YAL044C	873.426554	779.803888	792.240997	333.472616	310.6307	303.216959
YAL044W-A	148.257564	146.20034	149.221762	262.58938	235.466747	252.584169
YAL046C	95.430916	90.565174	96.153269	137.058181	103.909115	128.594796
YAL047C	6.540669	6.412665	6.471215	5.858179	6.256742	5.63467
YAL048C	19.739715	19.47997	19.654754	14.520517	16.496867	15.252485
YAL049C	32.894579	31.022879	34.404796	42.403628	44.146308	41.763397
YAL051W	10.374993	10.894374	10.791615	9.428179	9.737837	9.386455
YAL053W	45.845388	47.555356	51.963937	65.10486	62.80738	69.64762
YAL054C	16.311398	15.056843	15.572724	48.975434	42.176422	45.335652
YAL055W	68.491297	63.183723	59.879172	86.515247	79.89613	81.877842
YAL056W	29.001782	30.036897	28.588687	30.96038	31.657598	31.318707
YAL058W	25.827149	25.812732	27.496707	19.392164	18.953804	18.808831
YAL059W	63.949353	66.886396	63.777032	70.730455	72.767263	73.070517
YAL060W	129.362764	119.690018	115.946343	202.389341	183.637254	187.757819
YAL061W	30.515917	27.274429	27.92702	29.420292	25.85958	26.377234
YAL062W	47.488989	46.149471	45.929463	121.259594	122.852474	117.95656
YAL063C	10.549639	10.781107	10.350162	12.238531	12.154617	13.249725
YAL063C-A	0.643381	0.661243	0.844622	0.828035	0.969591	0.65125
YAL064C-A	15.158425	15.923892	12.475581	14.459425	11.343985	15.079171
YAL064W	0.389813	0.470916	0.400947	0.352825	0.424325	0.264933
YAL064W-B	11.278946	14.669411	13.54198	10.698435	8.361137	9.240987
YAL065C	10.536893	9.519565	10.045361	6.716628	9.969035	7.877332
YAL067C	22.200684	21.015015	16.047794	5.957224	6.979863	5.926265
YAL067W-A	1.746112	2.874435	3.877721	3.635249	1.873122	2.673899
YAL068C	28.461029	33.11235	32.506946	38.762172	28.376816	29.629764
YAR002C-A	410.835179	408.890732	411.558851	410.851112	405.148648	414.583616
YAR002W	52.585367	52.894266	51.465963	36.351359	37.136851	36.265062
YAR003W	46.990023	46.065366	47.059358	32.949255	32.481656	33.727837
YAR007C	40.917119	38.144573	37.996597	58.408986	57.53365	54.218406
YAR008W	37.434838	36.688559	36.707546	45.186249	40.132388	44.926941
YAR009C	9.280222	7.268155	7.845796	1.402706	2.429636	2.500886
YAR010C	0	0	0	228.204815	200.876704	204.040831
YAR014C	64.383615	66.190918	66.611171	43.057227	42.706672	43.856212
YAR015W	376.797087	386.012002	322.650243	280.313361	286.894239	278.846993
YAR018C	25.515295	24.415595	25.764734	17.045829	16.463776	16.253801
YAR019C	4.656554	4.789706	4.909006	4.049746	4.220898	4.218476
YAR020C	0.504395	0.507819	0.390071	2.529544	2.62193	2.069224
YAR023C	35.647534	35.249738	33.972091	23.54634	24.738758	24.801349
YAR027W	89.752794	86.378541	79.80063	79.658388	85.6995	75.969141
YAR028W	72.808854	70.209394	71.061603	38.738968	38.80507	37.314886
YAR029W	69.067755	62.987367	62.642512	44.697428	52.198058	41.800778
YAR031W	6.070289	7.709494	6.706428	5.73375	5.698864	5.857821
YAR033W	16.28381	15.617401	15.942208	10.580789	10.278017	10.704493
YAR035C-A	3.172457	1.1212	1.077111	0.52644	0.623537	0.335425
YAR035W	6.676857	6.489593	6.453592	6.79095	6.660898	6.338294
YAR042W	3.782943	4.0022	3.661418	3.89467	3.972879	4.101054
YAR050W	4.998409	5.284076	6.040858	5.076288	5.542477	6.162865
YAR061W	7.866902	6.680439	7.613755	3.582567	3.349569	4.471884
YAR064W	0.979443	0.959804	1.192125	1.079561	0.91479	0.547359
YAR066W	2.513153	1.867084	1.585331	1.384421	2.309983	2.583001
YAR068W	19.295868	18.660756	18.321184	9.746734	9.429125	7.974344
YAR071W	41.93538	36.017632	36.097842	26.961963	28.009787	28.27776
YBL001C	707.794416	662.091194	663.716602	1011.386908	885.345368	974.099277
YBL002W	1460.041047	1391.979152	1352.377608	829.682932	867.93547	904.700288
YBL003C	1787.324166	1610.439659	1590.809642	982.271238	984.009424	1034.291983
YBL004W	2.081747	2.20884	1.978436	3.066608	2.87529	3.181607
YBL005W	2.959557	2.90445	2.851584	1.731566	2.228901	1.815644
YBL005W-A	0	0	0	6.929395	0	6.419828
YBL005W-B	30.398353	28.888898	27.829869	6.040229	14.174376	6.948638
YBL006C	78.729205	73.600592	76.94347	77.351661	74.284762	69.355499
YBL007C	26.11039	27.961047	27.455473	38.762497	36.700985	37.954495
YBL008W	15.058162	14.489554	14.922408	13.33596	13.829795	14.288734
YBL008W-A	0.812645	0.836833	1.619454	0.347309	0.959266	0.36608
YBL009W	12.252375	12.485867	11.974016	11.058083	11.125645	12.301924
YBL010C	47.786118	47.463578	45.934182	36.903825	35.945353	37.015537
YBL011W	43.512089	45.221117	46.720482	38.736804	41.106173	40.053091
YBL013W	1.556693	1.69093	1.70081	1.90724	1.815545	1.864898
YBL014C	11.59332	11.850824	11.741811	12.468253	11.545923	12.204069
YBL015W	64.269702	59.454835	60.866666	154.37793	158.762749	164.992656
YBL016W	41.869445	39.3183	41.371765	30.115926	34.270663	30.72509
YBL017C	35.459472	35.265648	35.674534	32.488242	33.557705	33.074342
YBL018C	98.561393	90.426882	89.148871	106.875847	100.574894	109.52019
YBL019W	10.451634	9.845203	9.839856	11.649574	11.979743	10.788231
YBL020W	28.214706	28.671941	28.132537	28.973698	29.238474	29.71217
YBL021C	67.709422	60.369295	66.804008	78.909	65.045463	73.016913
YBL022C	35.272348	35.381152	35.271731	42.205826	40.824612	39.492205
YBL023C	17.162877	17.532265	17.858597	19.326039	19.7199	20.15106
YBL024W	40.652262	44.184803	41.049621	41.717456	44.769215	44.017219
YBL025W	71.11998	69.155212	76.123308	45.584452	52.170701	49.533661
YBL026W	101.819224	96.999116	97.591622	116.182649	114.146046	115.118391
YBL027W	2645.536246	2798.118334	2658.204978	3181.661661	3048.788001	3147.098928
YBL028C	52.767729	52.864299	55.062508	48.640328	46.605232	47.547619
YBL029C-A	117.818572	113.204057	110.757546	188.754931	175.597024	199.215489
YBL029W	1.320774	1.223276	1.247353	1.911942	2.265215	1.953378
YBL030C	78.785972	72.691303	78.757688	391.584091	350.82951	405.415207
YBL031W	30.667181	31.282339	31.78626	22.400182	22.729324	22.304709
YBL032W	1.404524	1.326817	1.385254	1.415758	1.396778	1.36483
YBL033C	108.997856	125.787301	139.531269	211.004313	195.679334	207.00071
YBL034C	0.890272	0.956883	0.883207	0.980964	0.998304	1.067654
YBL035C	14.785254	15.123982	14.251596	14.86241	14.708677	15.618634
YBL036C	142.090593	124.997675	124.446638	66.853446	70.012587	64.222721
YBL037W	8.12934	8.401938	8.501593	9.37047	8.755707	9.656545
YBL038W	81.339919	75.773716	80.952006	126.724417	123.900859	125.597262
YBL039C	53.630684	64.165379	59.308331	66.694284	65.782709	74.518149
YBL039W-B	56.516302	60.65572	55.206869	109.027516	97.223584	107.352788
YBL040C	181.478966	174.076695	172.518411	140.314502	137.510734	140.368378
YBL041W	252.138401	254.196934	272.061835	390.446832	389.269846	388.137367
YBL042C	51.661112	56.234538	61.295847	116.782244	118.667532	123.970764
YBL043W	24.657553	29.142603	32.929759	59.79191	57.805362	62.964993
YBL044W	0.600319	0.493171	0.856419	0.3404	0.198579	0.469532
YBL045C	90.075483	85.719954	79.813142	319.56021	316.388698	329.008714
YBL046W	25.230553	25.435703	24.814775	22.549521	23.840878	23.006752
YBL047C	20.048266	19.89978	18.701111	27.365584	24.64337	26.088051
YBL048W	1.978555	1.825693	1.734814	2.092002	2.473886	2.140931
YBL049W	333.387831	321.76499	327.657205	359.354498	414.105634	339.591209
YBL050W	100.768396	94.691113	96.900982	103.457036	104.888548	99.621423
YBL051C	26.976657	27.456996	24.834293	24.915556	25.356106	25.195778
YBL052C	11.607392	11.411443	11.528733	10.192046	9.954515	10.258321
YBL054W	20.996973	22.4443	23.285689	21.436739	23.341123	24.922709
YBL055C	43.809233	43.366809	46.58824	23.392443	24.967162	24.08214
YBL056W	110.81317	109.807284	108.838561	96.340734	101.801166	95.171791
YBL057C	151.07966	148.451182	161.461154	91.753951	86.961411	87.373117
YBL058W	110.279608	107.100926	104.574192	115.355954	120.943156	107.747071
YBL059C-A	117.752952	104.160772	101.888479	141.810208	152.584363	148.106222
YBL059W	16.315506	15.916284	17.246769	21.118047	22.672963	21.565762
YBL060W	20.35204	19.018925	20.352016	14.396623	14.969163	14.661916
YBL061C	24.76248	24.522089	23.760679	16.472858	15.901508	16.190238
YBL063W	1.031652	1.14316	1.049195	0.998758	1.035625	1.05763
YBL064C	253.065878	224.845699	219.525038	609.726065	654.451504	588.057116
YBL066C	7.784529	7.672827	7.939348	13.825315	12.822676	14.560004
YBL067C	18.935112	18.904226	19.062352	21.046913	23.998943	21.159935
YBL068W	16.716412	18.00919	17.188553	15.199681	15.772505	15.550791
YBL069W	21.67275	22.464591	24.180998	16.074457	16.680811	14.116061
YBL071C	56.455516	55.263012	54.620054	41.724799	43.740132	43.54784
YBL071C-B	2.278989	1.464425	0.703419	0.687596	0.814415	0.657159
YBL071W-A	35.298869	36.149225	38.482295	36.937997	32.933124	36.65628
YBL072C	1924.720856	2085.121996	1914.048456	2438.627989	2321.646783	2393.378535
YBL074C	18.149253	17.795484	17.650173	11.168886	12.010077	11.776325
YBL075C	6.87903	6.743653	6.148508	50.509543	50.45675	48.935939
YBL076C	140.468849	145.368306	134.751075	97.795619	97.472234	102.254874
YBL078C	202.534813	181.488912	171.097754	219.763651	255.603157	200.107118
YBL079W	7.352012	7.492419	7.564643	8.288891	7.686407	8.267531
YBL080C	19.280138	19.020975	21.09778	19.279911	18.695625	18.287342
YBL081W	26.539983	29.795915	29.551161	16.836094	17.533612	18.115732
YBL082C	14.325728	14.183402	15.700104	12.491753	12.80915	11.946614
YBL084C	0.323013	0.313717	0.309327	0.277739	0.300467	0.279702
YBL085W	21.601532	21.723867	21.865103	20.524318	19.196668	20.213341
YBL086C	36.269526	31.488832	30.054713	37.979293	37.183887	34.165131
YBL087C	837.255812	909.803641	843.244583	1071.413015	1012.733862	1076.014642
YBL088C	1.704248	1.693485	1.633105	1.955791	1.780604	1.972788
YBL089W	12.404216	12.115998	12.006145	8.649984	9.316739	8.586108
YBL090W	64.852144	63.947621	69.864634	83.019384	80.39424	83.601909
YBL091C	213.639794	209.598728	211.705372	138.186741	141.069976	137.337417
YBL091C-A	89.417082	81.236657	82.622881	98.049638	97.358809	86.712096
YBL092W	3303.766557	3564.761073	3281.692862	4371.115427	4188.864526	4325.69539
YBL093C	246.126043	269.04519	298.393756	290.34157	282.203015	293.844501
YBL095W	27.476377	25.081602	27.411875	37.830348	39.880084	40.618225
YBL097W	3.30139	3.455501	3.493927	3.3346	3.522952	3.60051
YBL098W	91.611122	84.703866	79.047834	50.141859	58.961307	49.351699
YBL099W	191.820175	185.94006	182.00794	611.360461	585.372474	616.799953
YBL100W-A	0	0	0	0	0	0
YBL100W-B	10.762464	10.960128	12.565626	4.292565	5.001785	5.667335
YBL100W-C	6.422606	4.393274	3.751569	4.985068	6.515321	4.162006
YBL101C	15.397194	14.544422	14.436641	19.457652	19.967221	19.046753
YBL102W	244.098354	237.496624	231.953974	164.581929	157.241876	156.606432
YBL103C	66.044202	65.736648	61.048521	39.647292	38.652384	38.9177
YBL104C	14.813086	15.213117	15.060978	14.060557	13.75808	14.607946
YBL105C	21.791295	22.250073	22.072333	27.914979	29.129634	29.306239
YBL106C	27.558239	27.937147	26.536304	19.084703	17.167611	19.422954
YBL107C	65.457281	60.881584	61.756038	56.679879	61.095577	54.880616
YBL108C-A	106.216359	113.768871	116.914505	90.381363	72.440559	87.107709
YBL111C	7.298138	8.020585	7.247807	7.656185	7.273444	7.066118
YBL112C	17.743924	18.415588	19.679277	17.61184	15.097021	22.066835
YBL113C	26.539018	26.057605	27.102866	33.781533	31.759241	31.032778
YBR001C	35.518211	32.652125	30.686486	27.980582	29.700549	27.105531
YBR002C	67.691329	70.334504	70.717114	73.837246	75.964701	75.293995
YBR003W	90.249642	86.829417	89.764902	71.728331	80.584777	69.858686
YBR004C	4.287884	4.682608	4.625131	3.171268	3.827247	3.351664
YBR005W	26.167163	24.398592	24.651463	31.988927	33.834811	31.526389
YBR006W	75.449652	68.146818	66.017054	63.876989	66.982192	59.12125
YBR007C	30.840098	31.921661	30.549317	19.030507	20.562639	20.017818
YBR008C	31.49698	31.362494	31.177832	19.606627	22.761608	20.544548
YBR009C	5895.894624	5356.603908	5376.709572	2972.752782	2902.090482	3189.439015
YBR010W	3314.841958	3037.979369	3098.482598	3045.682628	3001.256528	3098.77492
YBR011C	2119.597315	2097.306844	1962.980536	1311.24377	1370.534605	1273.141969
YBR012W-A	0	156.22959	0	60.349215	63.150834	74.956352
YBR012W-B	22.120523	15.692478	20.133801	6.574809	7.42506	7.338447
YBR013C	21.953089	20.678444	19.852171	20.394004	22.77339	19.947517
YBR014C	146.22184	139.792119	138.82115	131.01504	135.585676	128.109929
YBR015C	37.508026	37.994988	37.782262	41.88216	43.124727	41.013134
YBR016W	57.290153	52.891415	53.436293	57.11333	55.810448	55.361971
YBR017C	3.945294	4.415342	4.353955	3.809776	4.210787	4.182711
YBR018C	10.0826	10.203523	9.392287	7.023603	8.643185	7.241472
YBR019C	18.318422	17.66724	15.974105	13.676202	15.105802	13.925116
YBR020W	9.715191	10.015502	8.964092	12.575318	11.780939	12.406569
YBR021W	9.321948	10.347322	9.528342	26.442555	28.348003	26.360542
YBR022W	37.574327	35.597531	35.658884	41.479736	42.812737	40.253976
YBR023C	18.754441	19.439798	19.688118	19.768857	18.411884	20.901201
YBR024W	59.628553	57.857959	57.373114	61.228403	66.715545	59.225841
YBR025C	255.637254	268.919383	246.33428	326.699539	364.682428	337.873098
YBR026C	105.292041	100.834284	97.809477	121.492964	125.675512	112.686541
YBR027C	0.031035	0.038235	0.032374	0.030845	0.03061	0.029593
YBR028C	37.90279	36.456654	39.224103	34.903487	36.502213	35.249964
YBR029C	22.273672	22.884918	21.418509	30.229424	25.302785	26.401432
YBR030W	16.720547	17.011176	17.981784	18.183606	16.820067	17.915711
YBR031W	580.109867	622.362054	593.197092	531.437943	543.831026	573.404045
YBR032W	12.554565	10.845273	11.957021	7.380952	6.282013	5.615068
YBR033W	5.105285	4.741342	4.829131	7.753602	7.878048	7.91491
YBR034C	88.281959	111.449721	132.414243	148.124532	143.544518	149.088627
YBR035C	279.120918	253.909618	250.726511	168.392602	168.071157	160.644615
YBR036C	166.117098	165.394768	165.417634	160.318004	163.261974	161.553468
YBR037C	57.834533	55.847454	57.777472	61.414182	55.514121	52.77513
YBR038W	14.60385	16.031011	15.314108	12.600638	11.261184	12.629493
YBR039W	180.963672	170.961251	164.594315	654.703592	633.081888	669.137531
YBR040W	1.596922	1.551128	1.63237	2.614505	2.741695	2.534345
YBR041W	12.051543	12.404054	12.404674	9.187123	9.799857	9.308701
YBR042C	16.712203	17.526649	17.741612	14.758528	17.845096	15.714818
YBR043C	53.684397	55.324964	54.190979	38.900064	40.437873	40.529182
YBR044C	33.330668	33.223012	32.53734	27.563059	26.435402	26.644357
YBR045C	1.841634	1.743336	1.617078	1.654254	2.143816	1.589779
YBR046C	78.273523	76.346993	68.044545	42.065989	44.641676	41.019589
YBR047W	78.01539	68.446341	68.228883	21.605467	22.227375	20.32717
YBR048W	636.817834	698.938852	655.858019	759.657059	728.934329	747.904137
YBR049C	31.367264	31.077717	31.392477	34.771048	34.337529	34.443964
YBR050C	1.110454	1.152849	1.076601	19.160298	21.022219	19.121605
YBR052C	123.495122	112.158313	115.93686	156.623333	145.980774	144.17084
YBR053C	94.191357	91.390295	86.685897	93.222718	100.860177	89.160762
YBR054W	478.304798	462.395084	434.26764	646.377506	759.293181	682.729924
YBR055C	20.660926	21.707626	21.449936	15.815087	15.899293	15.040359
YBR056W	104.410763	99.515891	97.151974	92.830956	105.339283	90.387546
YBR056W-A	64.01888	58.576984	52.99091	101.936039	121.958674	104.926356
YBR057C	70.668584	73.750951	72.844299	70.360262	74.797666	68.812109
YBR058C	19.403326	18.942819	18.856246	20.404691	20.703019	20.900915
YBR058C-A	304.852114	288.94426	270.319677	262.260547	242.952861	252.064856
YBR059C	27.141633	26.859987	27.5241	26.861645	27.558857	26.344221
YBR060C	11.720407	11.90063	11.464344	11.475545	12.150049	10.995569
YBR061C	49.8599	53.630043	53.955528	54.184597	53.503239	54.159444
YBR062C	107.919642	96.165784	89.734628	113.060166	118.154326	106.176688
YBR063C	27.529461	26.534515	27.786863	23.114397	23.910627	23.129483
YBR065C	21.362669	21.410255	22.222829	17.851363	18.390348	18.048589
YBR066C	500.321628	464.13511	467.588885	433.287292	440.77067	413.371488
YBR067C	1911.348225	1804.142905	1745.859745	1771.441211	2563.641065	1728.563095
YBR068C	132.78271	141.503346	138.838486	144.456512	148.142156	151.618522
YBR069C	45.727837	49.938073	57.704638	71.615962	67.946975	79.939745
YBR070C	28.287635	28.687987	28.804462	21.912889	19.14945	22.180069
YBR071W	129.620453	127.175754	126.478847	179.673291	194.463016	184.266083
YBR072C-A	1.864628	2.37969	2.579204	1.375191	2.036038	3.066741
YBR072W	2283.824537	1829.016243	2029.847012	6402.645448	8079.887175	6392.043066
YBR073W	23.695175	24.153426	22.712919	20.084369	21.28059	20.634022
YBR074W	19.422922	18.736131	17.902587	13.88726	14.916142	14.607251
YBR076W	12.781163	11.887085	11.494942	11.573581	13.153588	10.683873
YBR077C	113.474522	105.976639	104.242263	79.024433	77.848797	79.341073
YBR078W	608.396787	643.406758	631.729662	806.381461	954.958264	861.144052
YBR079C	78.307645	83.643359	79.202787	94.581091	95.873863	94.613744
YBR080C	13.205973	13.058421	13.472587	10.817408	11.342435	10.347543
YBR081C	5.476812	5.808114	5.684158	5.201934	5.419849	5.644362
YBR082C	826.806839	799.690753	834.110256	525.458414	538.273497	526.330493
YBR083W	27.443449	27.832471	27.971596	13.396844	13.834873	13.759527
YBR084C-A	1991.41168	2101.050614	2064.481282	2344.793392	2259.623705	2328.243857
YBR084W	22.975286	25.409412	23.188994	23.139356	24.595895	27.084013
YBR085C-A	820.342318	729.804021	695.081177	773.91992	926.057117	741.366436
YBR085W	116.923738	128.121852	139.058342	57.332568	55.560288	45.479054
YBR086C	20.496996	20.883008	19.947733	21.363377	22.702467	20.987612
YBR087W	36.910418	35.973185	34.247549	35.240729	37.081232	37.135501
YBR088C	132.258371	129.914678	131.373915	147.781225	144.575787	152.35315
YBR089C-A	500.273296	459.192476	485.404639	450.816958	448.348946	450.529272
YBR090C	40.478468	35.237231	37.103683	38.863652	35.021851	34.249828
YBR091C	77.220144	67.66564	74.630126	74.205324	73.29349	71.983948
YBR092C	815.842448	847.849072	726.596545	70.650065	87.941154	77.060832
YBR093C	113.919302	123.612564	120.178822	75.390496	80.593438	74.806431
YBR094W	22.631399	22.260269	21.317405	25.454009	26.240552	23.310724
YBR095C	23.633389	25.650767	24.799361	21.49203	22.501871	20.823335
YBR096W	72.577086	66.153408	70.413479	41.827375	44.60096	43.966828
YBR097W	1.089942	1.113178	1.089998	1.085804	1.13058	1.111172
YBR098W	9.537923	9.564379	9.479901	10.373296	11.326679	10.639357
YBR101C	70.571114	71.915015	70.514103	82.997328	89.463258	79.969218
YBR102C	26.797718	26.842115	25.041744	16.510508	18.378951	17.083183
YBR103W	69.640462	67.961729	70.90796	51.967428	53.99162	52.393226
YBR104W	187.594613	182.391774	185.123752	62.974088	61.751727	65.631325
YBR105C	97.435919	109.969119	116.527717	288.659296	285.022245	285.578926
YBR106W	824.692136	842.626503	894.378415	1357.397695	1448.889166	1371.104266
YBR107C	59.102901	56.237304	58.345022	38.98659	36.002084	38.221754
YBR108W	3.796385	3.915143	4.003438	4.547131	4.694386	4.708885
YBR109C	515.537506	499.832675	512.30304	526.271337	530.631684	514.090933
YBR110W	39.03418	39.945829	39.598401	26.646025	27.913777	27.060169
YBR111C	203.031565	184.69148	181.688564	196.759417	207.619621	186.26744
YBR111W-A	91.334765	81.521826	81.256475	85.769935	87.830925	85.356886
YBR112C	31.408194	32.684233	34.417836	28.872008	27.107933	31.614998
YBR114W	23.239347	25.684313	28.511387	17.443851	15.847311	18.903514
YBR115C	0	0	0	0	0	0
YBR117C	26.622684	24.651784	24.252264	71.646823	70.334606	66.06172
YBR118W	9769.421642	10020.018872	10128.006549	7758.853338	8501.417595	8039.643325
YBR119W	52.051161	50.360059	47.366434	37.702125	39.427536	38.910441
YBR120C	10.333022	9.524177	7.935028	15.500407	13.860189	12.392566
YBR121C	142.874197	144.923235	140.403343	173.701625	179.259949	175.467306
YBR122C	134.051881	130.086937	132.832775	144.263812	155.181646	143.424682
YBR123C	17.000477	17.266751	17.049083	13.123913	13.518141	13.28699
YBR125C	36.561258	34.32963	34.815856	34.00941	38.410093	34.112337
YBR126C	188.851956	167.7536	161.082911	200.459464	196.125608	177.670491
YBR126W-A	229.134899	222.638388	214.828407	222.498142	218.310946	206.810871
YBR127C	596.941272	606.190654	590.026984	458.814354	491.034818	445.345022
YBR128C	13.129573	11.015784	11.554422	12.245784	12.55995	10.722279
YBR129C	26.817251	25.48135	25.662933	24.776164	23.538524	24.814841
YBR130C	19.08211	19.098798	18.744226	15.279349	15.299213	15.494319
YBR131W	1.709578	1.800086	1.80969	1.610775	1.608874	1.51025
YBR132C	24.06357	23.816157	22.704492	19.818512	18.679624	19.371554
YBR133C	22.586251	21.63656	21.946432	12.263699	12.561969	12.128062
YBR135W	14.27629	13.823994	13.849232	28.624107	26.331905	26.034015
YBR136W	1.834886	1.763973	1.761599	2.095228	2.038209	2.174326
YBR137W	141.542597	125.852816	125.10867	86.037513	87.042054	84.212068
YBR138C	8.283344	7.406875	7.218455	4.326859	4.181834	4.028171
YBR139W	84.06595	76.91109	76.795423	66.607383	73.830724	63.44509
YBR140C	4.332144	4.190573	4.262073	7.060371	6.444975	8.193584
YBR141C	29.723715	32.632859	33.771679	24.355695	27.131908	25.467215
YBR142W	5.864788	6.448128	6.208207	5.160054	5.474076	5.574478
YBR143C	77.144989	78.308057	73.049489	80.405037	83.245831	79.276319
YBR144C	1.187829	2.139374	2.319294	1.525522	1.03586	1.107005
YBR145W	395.193989	368.024668	337.22324	140.704416	131.668021	136.537524
YBR146W	29.917797	30.95601	32.155013	36.177417	37.899045	35.43707
YBR147W	90.111648	81.106117	74.174458	54.649842	59.26496	48.906245
YBR148W	2.87068	2.635633	2.485551	2.243629	2.50665	2.221295
YBR149W	273.759525	254.695839	257.92997	225.092354	227.073205	222.649677
YBR150C	0.639372	0.682381	0.60802	0.890374	0.918324	0.877221
YBR151W	147.113335	137.874094	135.597813	127.010837	144.491998	126.962348
YBR152W	18.122345	17.846354	16.788996	14.819848	16.132014	14.729785
YBR153W	37.969516	42.984459	42.327957	27.739686	28.082188	28.097627
YBR154C	58.456635	62.746011	60.787259	71.317274	72.490301	71.038094
YBR155W	47.090587	48.792381	53.811291	44.100833	45.568629	46.838362
YBR156C	6.17366	6.208568	6.470947	3.219406	3.393161	3.206848
YBR157C	227.465435	238.106357	241.598825	254.995917	222.717451	253.70131
YBR158W	170.152401	175.194584	169.880395	49.997484	46.900719	50.04748
YBR159W	73.809683	71.544493	69.312297	47.696033	50.163696	46.901606
YBR160W	76.084675	73.142234	76.446472	62.733069	66.212668	61.304264
YBR161W	37.359325	35.98512	35.537198	27.539894	31.024063	27.225721
YBR162C	439.800384	459.286256	463.218788	367.236535	344.453082	419.740541
YBR162W-A	328.726708	309.05793	306.473622	346.179719	299.218596	351.511365
YBR163W	9.774178	9.940527	10.036981	7.325257	8.032498	7.864584
YBR164C	174.645291	166.447628	166.226482	144.75949	136.813705	149.555038
YBR165W	71.292169	66.947715	63.756209	56.022165	58.518157	53.696913
YBR166C	49.712553	49.901916	51.212548	30.320948	33.459981	30.14911
YBR167C	51.469019	49.023047	46.242009	50.896954	50.777661	52.533542
YBR168W	8.0937	8.398001	7.574062	7.429233	7.913074	7.465096
YBR169C	39.027244	36.121307	33.203661	60.420695	60.439582	55.612723
YBR170C	28.61473	27.818665	26.851788	20.919425	22.374976	20.588432
YBR171W	47.822755	49.234741	50.788881	50.950265	50.970015	53.802646
YBR172C	36.135104	40.18081	39.181825	51.865781	50.501193	52.608861
YBR173C	180.433758	176.20282	177.733351	160.455957	165.727547	169.444148
YBR175W	85.621296	88.780595	87.676478	50.850896	46.306673	51.399713
YBR176W	54.393719	55.137387	54.115241	37.119577	37.174199	33.848503
YBR177C	64.7728	61.017004	60.799456	37.305648	23.726805	33.763669
YBR179C	9.725816	9.382827	9.278642	9.88687	10.494234	10.352474
YBR180W	5.561081	6.007889	5.36813	3.002331	5.181092	2.930289
YBR181C	1554.600436	1626.886877	1548.783147	1624.580589	1595.563501	1603.243461
YBR182C	11.154702	11.102539	11.922245	11.05774	11.415604	11.710078
YBR182C-A	2.746929	3.79864	2.003668	2.015544	2.199228	2.475825
YBR183W	7.60343	7.682757	8.922335	16.496958	15.274738	15.291107
YBR184W	2.428052	2.728433	2.107073	1.734195	2.079413	1.993088
YBR185C	22.967247	22.014708	23.499435	30.010434	29.8331	27.266375
YBR186W	4.492603	4.623023	4.494035	4.242515	5.309033	4.491053
YBR187W	47.272757	53.821808	50.927525	63.701926	66.855608	64.531822
YBR188C	47.642439	42.97694	43.168027	41.295953	39.339788	40.033082
YBR189W	1337.161453	1466.300181	1349.481578	1632.424208	1625.553875	1710.827636
YBR191W	1682.291272	1793.035557	1689.683087	1812.740888	1789.087258	1865.62164
YBR192W	24.213538	24.245668	24.245757	26.932798	28.382575	25.716686
YBR193C	85.015481	85.558128	89.692901	81.751125	87.31137	82.530522
YBR194W	43.531071	42.957856	43.052618	39.601118	42.572218	40.171546
YBR195C	82.02594	85.00783	90.515722	44.45558	49.228392	46.778732
YBR196C	1156.50624	1116.948853	1200.041948	975.159096	984.254293	1000.127056
YBR196C-A	2.209615	2.325751	3.000228	1.943209	2.493291	1.756013
YBR196C-B	7.044149	9.152654	7.268665	4.985068	7.940548	8.324012
YBR197C	85.014609	80.880584	83.344744	61.916787	64.227126	61.684425
YBR198C	24.216095	23.976888	23.786169	21.891782	21.734657	21.58578
YBR199W	125.206738	118.674598	118.315915	111.571836	116.334061	103.842516
YBR200W	9.832116	9.740554	9.56709	10.094795	10.467762	9.709437
YBR200W-A	37.085371	33.864819	39.157	49.850677	66.782045	65.71588
YBR201C-A	648.061676	609.932846	691.929985	1697.157693	1770.94582	1570.171437
YBR201W	60.5396	62.11344	62.989338	59.449887	61.871306	62.192379
YBR202W	61.003872	61.422453	71.179819	74.838506	72.327897	69.881672
YBR203W	8.899059	8.758086	9.271509	19.394928	19.583748	18.377982
YBR204C	26.958446	25.077495	24.884723	22.946436	25.157384	21.653709
YBR205W	25.549765	26.704317	26.607228	20.957299	21.652977	20.027406
YBR207W	74.916195	78.553607	82.640599	54.735813	59.030078	55.098602
YBR208C	13.147912	13.566157	13.840022	11.385456	11.28435	11.583427
YBR209W	9.430874	9.920323	8.982645	8.855984	6.865349	7.453332
YBR210W	42.353306	41.503221	40.713577	27.531546	28.807322	27.948121
YBR211C	4.57665	4.420097	4.363421	4.366213	4.19509	4.083083
YBR212W	39.732424	39.258684	38.839748	52.271075	50.750407	53.717038
YBR213W	92.185388	90.525959	78.399448	8.759418	9.409533	8.107484
YBR214W	15.70551	14.514392	13.24327	26.546244	27.758989	23.085643
YBR215W	19.473118	19.23729	17.621323	18.19376	19.520136	16.588709
YBR216C	18.137539	16.514102	15.860577	13.602592	14.299551	13.25533
YBR217W	24.200524	21.155563	21.525993	22.625861	22.844836	22.431925
YBR218C	105.595859	103.861364	101.554724	86.107081	77.230552	84.385901
YBR219C	0.061012	0.19392	0.170572	0.294822	0.234042	0.304954
YBR220C	22.650285	22.609074	22.44996	21.308431	21.36955	21.830732
YBR221C	646.431399	625.66705	625.705768	462.763822	474.032479	460.23677
YBR221W-A	0.621543	0.366106	0.468946	0.171899	0	0.219053
YBR222C	107.92853	104.345505	105.461922	100.480681	106.048351	101.215815
YBR223C	8.958881	8.041609	7.621291	10.376429	11.138093	9.885181
YBR225W	8.82693	8.772473	8.724002	10.531256	10.51965	11.051301
YBR227C	25.713025	24.144124	24.356854	21.702921	22.270111	20.884476
YBR228W	19.07955	18.62398	18.64076	17.193698	16.981387	18.036689
YBR229C	28.250803	28.503928	29.06951	19.579954	20.58171	20.262886
YBR230C	94.752914	78.685142	82.98005	338.416855	269.631515	317.16847
YBR230W-A	39.089745	35.209534	39.73321	86.548434	76.772433	85.867728
YBR231C	13.157744	13.386971	12.794401	17.410975	17.084146	16.948653
YBR233W	17.23897	16.985243	19.678541	19.576881	18.521391	19.455968
YBR233W-A	70.125143	63.882892	60.993167	68.992964	66.769194	66.597529
YBR234C	209.151255	197.560321	201.382356	194.422038	176.392802	186.885491
YBR235W	20.897869	21.297766	21.272455	16.612658	17.327768	17.925856
YBR236C	46.245572	44.17173	45.421188	32.470283	36.262365	32.490767
YBR237W	28.63946	27.363766	28.345382	22.86445	22.930325	23.571538
YBR238C	18.14459	21.651205	23.746794	17.399888	17.34934	19.737358
YBR239C	28.683696	29.439914	28.418554	20.342121	23.286793	19.199219
YBR240C	157.113324	157.000606	148.759843	23.983866	32.715292	25.407656
YBR241C	23.683779	21.84829	22.126964	24.120107	23.70104	23.228992
YBR242W	64.190094	56.953327	67.486954	55.419873	50.442124	66.53845
YBR243C	18.872619	19.468045	19.582979	15.447325	16.261074	15.817193
YBR244W	18.885605	19.611313	17.274043	18.613559	18.841094	17.737893
YBR245C	9.165869	8.481829	8.514064	9.2806	8.753693	8.97762
YBR246W	58.009097	61.495013	60.440524	52.277212	51.335646	51.603417
YBR247C	29.887795	32.912212	30.957806	33.070617	36.553032	34.700339
YBR248C	185.648103	192.67866	181.262211	82.729251	81.157127	85.746956
YBR249C	518.091731	544.646952	508.249478	402.876289	394.714001	421.511828
YBR250W	4.730354	4.954055	4.66776	4.772965	5.491804	4.937713
YBR251W	65.575361	64.036686	61.049315	67.970448	71.569188	68.440275
YBR252W	88.316072	86.974894	84.666457	72.044037	62.098729	71.525156
YBR253W	172.869924	166.628536	171.365635	160.070913	145.587945	155.291328
YBR254C	37.779925	38.029515	38.115012	27.525413	26.297261	26.775385
YBR255C-A	62.468838	54.657685	58.637772	131.434588	124.484537	124.168735
YBR255W	19.892692	19.460491	18.467479	17.014561	18.532825	17.515309
YBR256C	535.06539	492.397504	513.240492	154.267932	140.216016	153.590855
YBR257W	7.055202	7.20501	7.214355	5.456714	6.006157	5.811013
YBR258C	27.86011	27.859527	25.054111	19.434232	20.197681	20.144081
YBR259W	9.320549	9.308552	9.995364	7.897242	7.391846	7.874096
YBR260C	20.839653	20.599227	20.51462	16.918194	19.309371	16.067776
YBR261C	40.765282	39.512698	42.898163	32.422316	32.837941	31.576076
YBR262C	107.234665	105.19956	104.588854	178.514756	158.782927	172.76171
YBR263W	128.864743	127.090187	129.449468	127.600486	115.987311	122.713616
YBR264C	63.738387	60.306275	63.271769	42.94469	41.398709	42.651486
YBR265W	107.659725	103.111394	111.347238	103.103194	98.173841	103.019358
YBR266C	86.675011	101.701319	101.297538	90.587553	98.576393	97.05434
YBR267W	23.430222	27.219	28.465545	30.619957	34.639669	31.553256
YBR268W	92.163666	90.118893	95.886451	108.370461	100.78357	100.548689
YBR269C	65.506001	57.821557	57.665211	138.519705	117.854007	127.657143
YBR270C	31.914701	30.638403	30.557174	29.126706	29.973004	28.084967
YBR271W	16.9686	17.415771	18.416641	16.138577	16.38523	16.625558
YBR272C	18.82987	18.50873	17.513814	15.888236	17.493196	15.812441
YBR273C	68.986231	63.013504	64.089698	79.487701	78.664627	74.86351
YBR274W	18.349114	17.841774	17.692839	11.242112	12.506779	10.792845
YBR275C	3.132589	3.438676	3.191249	4.164936	3.93621	4.530711
YBR276C	19.881923	19.833209	20.003397	19.801807	20.789205	20.104753
YBR278W	136.750618	126.090497	126.425164	151.276802	161.334038	138.817969
YBR279W	93.205473	94.78044	93.04234	94.631885	92.832888	96.159673
YBR280C	7.353165	6.733725	6.281187	11.223121	11.141728	9.244452
YBR281C	5.226469	5.465809	5.267537	3.753028	4.375995	3.944925
YBR282W	68.634233	70.015529	71.844254	88.742664	85.035268	84.352764
YBR283C	87.638288	86.702965	84.780592	66.615636	69.936642	67.014602
YBR284W	6.391511	5.770468	5.601955	7.425812	8.961044	7.246866
YBR285W	42.91907	39.963522	43.718908	77.209885	74.036637	67.255947
YBR286W	491.384253	448.947304	454.150485	366.415757	373.49126	315.996367
YBR287W	81.866079	80.109771	77.659467	59.220613	66.289709	60.812565
YBR288C	4.842332	4.568748	4.348499	3.890384	4.256186	4.292589
YBR289W	14.928106	15.362087	15.987663	17.157518	16.241686	17.447593
YBR290W	69.291097	63.963607	62.459036	50.154249	53.936898	49.447781
YBR291C	64.199788	63.197293	63.784409	52.364319	53.331507	52.57853
YBR292C	0.261093	0.306297	0.28902	0.561599	0.563707	0.572097
YBR293W	40.194426	38.78829	38.615667	25.001377	27.726674	26.087652
YBR294W	95.676055	98.237145	73.241923	30.993984	32.973293	31.814468
YBR295W	14.363415	14.486501	14.792706	11.479341	11.924504	11.887512
YBR296C	7.181235	7.759439	7.650727	15.871939	16.781504	17.102973
YBR296C-A	2.693351	2.928849	1.172365	8.766843	8.144152	8.98117
YBR297W	52.988891	48.766647	49.258671	86.84654	85.082043	86.977425
YBR298C	36.715096	34.890456	33.167451	90.208549	91.483567	89.475467
YBR298C-A	1.861625	1.464425	0.937892	1.512075	1.208447	1.082671
YBR299W	4.519079	4.447903	4.469013	14.879142	15.594607	13.40696
YBR301W	20.275497	23.592342	24.976385	131.871524	90.830749	145.019503
YBR302C	132.046053	126.18993	121.146122	76.80702	100.032256	80.529806
YCL001W	34.200656	35.176889	36.412585	31.249749	33.714684	32.640075
YCL001W-A	1.72863	1.375936	1.277158	0.99124	1.147789	0.869447
YCL001W-B	12.363631	14.114701	12.804986	9.570408	10.901668	7.106189
YCL002C	36.299513	37.202903	36.067443	28.229231	31.524756	29.602275
YCL004W	7.887292	7.351095	7.028016	6.460717	6.850893	6.290291
YCL005W	64.375419	67.512202	69.120724	52.156881	51.302002	49.743023
YCL005W-A	285.102759	282.494815	282.31442	284.606858	259.853171	270.430942
YCL008C	18.69654	19.242513	19.942934	13.980292	13.383332	14.00249
YCL009C	333.998919	338.541897	336.790278	200.503646	183.78076	196.387126
YCL010C	73.313239	68.587318	77.988645	54.80789	54.819766	53.020257
YCL011C	11.262268	10.934246	11.540518	10.324217	10.800036	10.428274
YCL012C	28.677348	24.77685	25.838357	54.254684	48.665556	53.38527
YCL014W	6.943776	6.914474	7.32481	7.131409	6.872566	6.835685
YCL016C	52.300334	48.906344	50.714393	36.6359	38.837223	36.076319
YCL017C	44.071946	44.40581	45.173734	48.171586	48.588997	47.126654
YCL018W	0	0	0	0	0	0
YCL019W	27.367363	27.381948	28.736766	14.441345	17.33063	16.414806
YCL020W	0	0	0	0	0	0
YCL021W-A	42.978951	36.99029	35.952459	19.369726	21.827583	20.906892
YCL024W	11.375021	11.001363	10.570551	13.000833	12.027496	12.173722
YCL025C	155.761498	165.188283	163.688064	136.149106	128.998803	149.559849
YCL026C-A	16.700462	17.869647	15.580896	19.56888	20.837361	20.016231
YCL026C-B	24.934454	24.747434	27.95317	12.25136	12.265302	12.051927
YCL027W	38.109432	38.986941	38.828164	13.249046	14.333103	13.378007
YCL028W	46.900324	49.202621	46.497883	67.370971	67.595655	62.72431
YCL029C	37.699495	39.126427	38.657153	37.978384	39.521918	38.62686
YCL030C	966.535075	968.553631	861.293596	365.003133	357.593824	366.038212
YCL031C	41.399753	42.27193	44.691096	50.96847	53.550875	51.998125
YCL032W	48.940044	48.57287	50.152609	59.231696	58.074776	57.899705
YCL033C	61.893361	58.467231	59.998662	121.028354	102.393094	112.409768
YCL034W	8.301005	7.412468	6.91748	8.405499	7.622115	6.944813
YCL035C	988.90114	889.270221	883.481843	1112.317238	1080.130084	1057.399451
YCL036W	5.516949	6.297518	6.027606	10.493706	11.234887	12.251024
YCL037C	1.858045	1.842236	2.485297	1.4015	1.267372	1.170968
YCL038C	65.760622	66.268619	65.632583	34.815354	41.70649	36.624787
YCL039W	17.949489	17.835042	17.504888	19.435947	18.469033	17.743062
YCL040W	101.16145	92.347937	87.451068	334.368076	348.667966	297.661854
YCL042W	7.575224	6.83196	5.95083	22.665483	24.139811	20.220474
YCL043C	276.720303	286.504904	315.953067	282.287258	315.625494	298.657843
YCL044C	10.245742	10.950483	11.52448	12.628632	14.027102	13.337234
YCL045C	70.715129	72.670704	71.863395	48.077567	52.024855	50.136006
YCL047C	69.805934	62.767753	64.627167	48.512691	49.243236	46.248742
YCL048W	2.349788	2.342439	2.38929	3.879789	4.060408	3.695185
YCL048W-A	39.001065	31.14628	35.087664	94.365142	74.905674	91.994988
YCL049C	93.417818	88.214853	93.999091	55.41207	51.99591	57.693775
YCL050C	172.155442	168.209676	163.033814	151.613743	154.450808	147.735453
YCL051W	35.454278	36.138734	37.090184	32.706546	33.609458	32.977571
YCL052C	88.049793	86.329206	82.820903	70.435865	74.438104	67.283915
YCL054W	20.831911	22.790451	21.674196	31.640367	31.331581	33.241527
YCL054W-A	0.295011	0.356585	0.228164	0.16121	0.591939	0.211933
YCL055W	26.810031	27.935807	27.607604	9.647001	10.739486	9.803583
YCL056C	12.417646	11.241253	11.317171	13.145728	12.075319	11.99876
YCL057C-A	90.184572	84.869908	83.059905	257.107618	211.069364	236.857002
YCL057W	66.624359	65.83448	65.687774	63.280585	65.50423	63.288078
YCL058C	84.72064	93.126071	92.960071	110.089334	106.660712	113.684382
YCL058W-A	0	0	0	0	0	0
YCL059C	52.320537	57.723293	57.569975	60.487593	63.417974	61.762542
YCL061C	5.635413	5.506635	5.399015	6.757477	6.676772	6.818039
YCL063W	33.856559	34.48324	35.057389	24.549805	21.923117	23.246789
YCL064C	682.634691	612.463262	629.10454	278.552026	376.835466	279.788895
YCL066W	26.858112	26.317962	25.983855	14.849433	15.640099	14.141207
YCL067C	216.49077	195.101871	192.915556	130.334997	143.712121	122.668594
YCL068C	4.943687	1.53289	2.030322	4.271068	1.23491	1.350874
YCL069W	3.452731	3.044653	3.667158	2.511723	7.55355	1.336013
YCL073C	6.477131	6.028099	6.442252	2.275957	7.022941	2.006732
YCL074W	2.59753	2.733197	2.234578	1.325809	4.22405	1.452708
YCL075W	2.050563	1.4775	1.482866	0.760518	2.389386	0.730382
YCR001W	5.236722	5.00996	4.534244	3.766437	4.579153	4.014895
YCR002C	76.735399	71.946833	72.083543	52.454997	53.664029	51.845115
YCR003W	47.180891	47.248525	45.419024	44.748348	44.616987	43.407276
YCR004C	99.572247	91.596805	95.325004	168.586046	148.48239	152.235681
YCR005C	2978.091673	2793.260118	2672.443413	1447.47457	1590.244106	1477.820114
YCR006C	9.440397	10.180614	8.853341	8.434895	8.774723	6.946627
YCR007C	28.772636	27.029656	25.768778	24.031501	26.453506	23.066619
YCR008W	29.79211	29.54323	29.170226	28.32689	30.737404	29.197439
YCR009C	143.688421	134.385447	137.013413	108.752731	113.801433	106.187635
YCR010C	13.503069	13.360318	13.455631	23.90992	23.652901	19.786876
YCR011C	30.403668	28.665695	28.855364	23.099071	23.442701	23.388066
YCR012W	6368.316606	5950.067091	6340.093734	4543.34251	4900.879685	4537.44778
YCR014C	14.458666	13.308369	12.687509	16.749996	18.542918	16.172001
YCR015C	5.474409	5.508241	4.849565	4.701739	4.677556	4.03248
YCR016W	15.117531	16.264102	15.903796	13.923248	14.102533	15.034522
YCR017C	41.982933	42.469646	41.55982	33.661308	34.527035	35.439229
YCR018C	58.081193	54.790212	56.050504	23.333619	36.529384	25.054055
YCR019W	40.64049	39.829579	39.625543	37.986747	36.37084	38.084541
YCR020C	365.312207	341.354162	271.947513	32.94664	40.968564	31.719645
YCR020C-A	84.751574	84.061779	83.51938	76.156037	77.425901	83.83521
YCR020W-B	35.713052	35.071052	32.661406	25.774691	26.830036	25.773713
YCR021C	105.473414	82.035877	68.469105	610.082876	620.508239	555.030397
YCR022C	4.47978	3.517659	5.002886	5.324396	5.276876	4.622024
YCR023C	48.475485	48.267339	46.352957	29.365726	31.005328	28.95647
YCR024C	15.363463	16.417364	16.31708	13.396606	14.463784	12.860271
YCR024C-A	601.176534	582.47522	554.769418	678.263971	814.01153	707.081006
YCR024C-B	243.336118	234.217879	226.028677	292.612207	329.200962	301.80915
YCR025C	0.923302	0.856343	0.791709	0.90631	0.850224	0.702195
YCR026C	42.009174	42.497353	44.562323	36.717645	36.276447	37.77312
YCR027C	46.167945	45.97236	48.722312	33.678847	36.081316	34.112932
YCR028C	25.777992	26.993454	26.980988	21.518711	23.762008	23.061467
YCR028C-A	149.266337	142.431322	145.339329	245.020376	234.081182	242.551746
YCR030C	17.89623	17.788384	17.21302	20.255276	17.930165	19.464515
YCR031C	2581.30985	2678.878003	2604.270126	2872.158343	2754.227535	2913.375282
YCR032W	2.734745	2.927656	2.661781	3.070132	3.039043	3.013139
YCR033W	5.084205	5.071983	4.984736	5.109988	5.124535	5.373542
YCR034W	19.535395	22.628013	20.211347	20.429659	21.945731	21.479669
YCR035C	57.917979	61.260814	63.577969	53.062975	52.272499	54.584449
YCR036W	99.658719	94.671638	92.662135	89.170835	92.181545	88.208493
YCR037C	12.198461	12.791137	12.622094	11.350809	11.964866	12.214182
YCR038C	0.884647	0.957891	0.818398	0.728028	0.842043	0.760612
YCR041W	26.841345	28.87803	25.994235	13.342964	15.164563	13.585183
YCR042C	13.562171	13.403654	13.524722	11.593288	11.546849	11.671586
YCR043C	78.873667	82.247958	79.972827	47.574818	46.151053	49.094651
YCR044C	56.419089	54.218661	55.614108	28.666371	28.334545	26.685704
YCR045C	19.531433	19.926235	21.352729	12.043434	12.327149	12.805632
YCR046C	42.548788	42.395386	44.828876	49.627506	46.266475	48.535467
YCR047C	13.996794	14.979046	14.497928	15.877372	17.27425	15.974934
YCR048W	36.096686	38.443923	37.47858	29.460012	30.004842	29.113876
YCR050C	189.515033	184.595171	194.551901	109.572778	116.427487	112.739426
YCR051W	7.859831	7.573893	7.112375	12.155653	10.313894	10.800125
YCR052W	42.9862	43.219303	41.899892	39.262728	36.891722	36.949981
YCR053W	306.58397	312.807152	302.134039	226.643352	221.138364	232.827613
YCR054C	14.168271	13.067392	12.785529	9.347883	11.545683	10.440122
YCR057C	25.173571	26.659132	26.01708	32.998585	32.563432	34.686958
YCR059C	18.837126	18.855176	19.559558	22.713581	20.450316	21.429785
YCR060W	72.034701	69.685336	69.859446	61.447739	57.856666	55.884746
YCR061W	10.002647	10.225013	10.340715	9.442892	9.53778	9.321298
YCR063W	7.765356	8.613913	8.462223	5.00218	5.605364	6.859483
YCR065W	21.817951	21.825031	22.872991	14.063511	13.816531	14.755516
YCR066W	9.74309	10.092387	9.711294	8.553356	9.178782	8.83629
YCR067C	16.020937	15.639483	16.322208	13.816536	13.277863	14.260402
YCR068W	22.450054	20.053552	20.654693	20.940971	21.944834	19.905822
YCR069W	287.091188	300.667359	307.380906	287.42124	299.799843	278.90998
YCR071C	92.363143	87.248432	87.339731	102.887635	98.613185	93.293639
YCR072C	20.918341	23.068884	24.033051	25.171012	25.599933	27.815676
YCR073C	15.354232	15.793476	14.999141	13.926062	12.696484	14.163984
YCR073W-A	36.677678	35.291627	36.618927	45.127394	45.311974	44.890061
YCR075C	58.485705	56.260216	58.578562	39.275375	36.889615	36.470694
YCR075W-A	100.68989	107.635208	108.092078	133.049737	110.760465	105.583515
YCR076C	37.678617	35.885309	39.515516	52.615733	52.386341	48.187905
YCR077C	15.636744	15.404523	15.123074	21.825484	20.997834	20.684477
YCR079W	3.644136	3.620871	3.475696	7.835037	7.815448	7.335435
YCR081W	1.445853	1.432462	1.532755	1.240331	1.297864	1.306858
YCR082W	210.424457	201.158985	193.531994	286.957493	301.99791	284.577355
YCR083W	79.824455	70.739383	73.229666	194.901815	191.348357	174.791728
YCR084C	47.92227	48.992488	47.005378	49.775377	45.986811	49.438196
YCR085W	0.266232	0.265749	0.261622	0.224965	0.208426	0.25216
YCR086W	42.65981	38.555957	35.829645	38.747473	37.717243	38.766854
YCR087C-A	46.681759	49.680515	45.561689	61.737379	64.611388	65.770821
YCR088W	70.542045	69.736847	68.652049	65.375242	65.728322	65.159125
YCR089W	13.476639	12.811798	14.169622	9.539889	9.558281	10.783266
YCR090C	82.455838	83.228998	78.02766	76.70343	76.819842	77.102654
YCR091W	23.113512	22.401259	20.910096	18.220455	20.485259	18.611943
YCR092C	2.563838	2.592207	2.608144	2.328792	2.440498	2.495811
YCR093W	2.623318	2.798455	2.601234	4.500237	4.121673	4.566362
YCR094W	1.795321	1.730048	1.590062	1.438351	1.47279	1.449196
YCR095C	9.288393	9.155601	8.633802	6.602995	7.33675	6.374188
YCR095W-A	2.709635	2.120028	2.151157	1.721808	1.824747	1.511956
YCR096C	0	0	0	0	0	0
YCR097W	0	0	0	0	0.006321	0.006801
YCR098C	8.574415	8.418754	8.825877	7.592128	7.101686	8.282651
YCR099C	37.500214	36.158017	37.872863	14.022494	13.967329	12.036297
YCR100C	34.476536	32.755754	34.780851	10.90459	11.767946	10.022432
YCR101C	21.596099	20.326406	22.729765	7.096495	8.750672	7.016146
YCR102C	17.348479	15.794438	15.199441	8.009411	8.242055	6.305574
YCR104W	2.602363	2.363698	2.539631	2.36807	1.642641	1.775019
YCR105W	20.158123	20.5055	19.898414	12.729175	13.369144	12.454453
YCR106W	10.321457	9.913929	10.005443	5.417962	5.235432	5.361892
YCR107W	23.792886	24.277689	23.995261	13.889402	12.835658	14.06334
YCR108C	2.901262	2.745525	2.344731	2.92212	3.053731	2.628329
YDL001W	20.030385	19.58915	19.395129	17.45093	17.742728	16.917245
YDL002C	29.042995	29.37563	29.276861	23.760727	24.663115	24.333786
YDL003W	35.443694	37.008574	37.670139	34.72131	29.902678	36.395723
YDL004W	147.181805	137.843065	128.649403	517.581382	481.975899	515.087664
YDL005C	10.241066	10.093207	10.082829	10.353229	11.369079	10.610969
YDL006W	58.638645	59.865626	57.771517	37.216956	41.364441	38.920276
YDL007C-A	2.071746	1.191619	1.439772	1.302341	2.559906	1.733573
YDL007W	158.110855	151.597662	147.849619	152.606115	162.622069	148.55293
YDL008W	104.512701	103.926181	104.499831	96.0578	91.076726	90.049323
YDL009C	1.007088	1.034612	1.015108	1.052372	1.325026	1.032308
YDL010W	76.997105	70.777461	71.253703	69.703077	74.867942	66.848311
YDL012C	195.019091	186.030304	186.59504	144.440521	152.536818	143.265195
YDL013W	30.362454	29.870153	30.529161	29.961534	30.210844	29.516444
YDL014W	19.267098	22.501746	21.747884	39.16722	37.841357	39.77095
YDL015C	94.829063	94.282709	89.548998	68.189609	75.602734	65.671774
YDL017W	14.315921	15.317228	14.945829	14.663652	15.455827	15.721473
YDL018C	47.86895	42.623926	42.239673	42.681445	44.917507	42.213025
YDL019C	32.709247	32.504961	31.882313	31.047302	30.178631	29.571077
YDL020C	145.092416	138.710247	132.780121	158.484073	187.910982	152.505901
YDL021W	55.512185	50.454124	51.548746	90.238381	103.544864	84.79418
YDL022C-A	3.093826	3.126171	4.551185	3.721289	4.378153	3.727134
YDL022W	563.045675	561.155065	561.471814	1041.504226	1048.523074	943.670873
YDL024C	18.3247	16.149506	15.887323	17.170026	16.735706	15.823934
YDL025C	32.780244	31.89958	31.434214	23.830858	25.757802	22.266047
YDL027C	7.205465	6.853856	6.6397	6.535412	8.411745	7.090775
YDL028C	17.389567	18.341465	18.394285	20.675879	21.965412	20.556189
YDL029W	152.82358	148.325438	149.311226	132.4652	128.463343	125.796933
YDL030W	13.503126	13.23363	13.331805	10.24922	11.266722	9.94333
YDL031W	11.836415	12.303785	11.652499	15.275503	15.950768	15.314312
YDL033C	19.634771	17.424321	19.290497	19.740495	20.173675	18.565791
YDL035C	0.629664	0.627224	0.606529	0.578256	0.591463	0.569735
YDL036C	16.02558	17.270995	14.975321	10.442976	10.468332	10.489604
YDL037C	2.236368	3.369365	3.987743	3.536537	5.720653	5.838807
YDL039C	5.771124	7.055298	6.949897	9.154867	10.320791	9.391359
YDL040C	56.172991	55.278915	54.694414	34.299976	35.968502	35.447459
YDL042C	7.564632	7.525696	7.842352	8.176009	8.636744	8.912155
YDL043C	18.952848	18.602688	17.977091	19.42208	21.654426	20.707925
YDL044C	14.130572	12.449864	13.025844	12.60082	14.283039	13.626442
YDL045C	72.246991	75.065966	74.066213	75.373271	78.672976	78.92341
YDL045W-A	179.015572	176.16874	177.980403	191.344169	188.93565	182.614411
YDL046W	415.035253	387.847094	382.286631	380.436892	368.799785	358.592859
YDL047W	101.791433	107.068047	105.695566	111.81147	111.242028	106.904659
YDL048C	38.473151	42.56738	41.211861	151.533322	162.770846	167.217193
YDL049C	26.707275	25.001718	24.424318	224.654516	204.610746	221.77159
YDL051W	125.684641	134.543472	130.799738	176.324637	169.260194	176.776425
YDL052C	181.492781	172.578899	173.596733	132.575218	159.183269	134.016987
YDL053C	68.037849	66.606843	67.783187	80.547134	82.477456	81.35876
YDL054C	106.788253	109.269236	108.458046	40.657845	44.776894	43.501165
YDL055C	1677.175203	1662.742948	1723.943372	1652.820729	1667.122302	1802.518759
YDL056W	15.999805	15.830228	16.507052	15.625723	17.325544	15.625721
YDL057W	29.328361	27.532806	26.692072	24.342977	24.909009	22.138092
YDL058W	6.858717	6.817742	6.594661	5.306937	5.357133	5.646509
YDL059C	80.949755	73.49989	63.504394	7.255066	7.304813	6.60766
YDL060W	17.693797	19.344521	17.977486	20.312111	21.664545	22.007518
YDL061C	1385.608127	1457.077681	1406.331482	1933.61398	1789.400456	1906.310687
YDL063C	9.466778	11.110256	10.623897	11.389833	13.967974	13.822024
YDL064W	79.684065	76.876554	75.699631	88.313376	87.052508	83.246943
YDL065C	10.531525	9.919979	9.876867	11.29742	11.880057	10.938969
YDL066W	447.323614	414.22881	392.536079	148.101937	137.135443	146.743614
YDL067C	76.627697	76.736871	67.664451	147.089163	142.924529	155.399784
YDL069C	0.971752	0.992824	0.985753	0.896528	0.894969	0.900782
YDL070W	38.294197	36.477465	35.174577	41.603746	50.39575	42.787532
YDL072C	190.347983	176.513862	175.385987	236.027476	243.730005	218.573146
YDL073W	2.139932	2.24572	2.2316	1.890215	2.009789	2.025915
YDL074C	22.491278	22.69664	21.877363	18.582221	19.259618	17.99088
YDL075W	2717.441355	2857.247655	2663.998671	3546.092485	3325.534036	3539.723463
YDL076C	36.379401	34.148758	34.62648	32.644449	32.078996	29.6275
YDL077C	4.604055	4.376114	4.55155	3.977173	4.119714	4.066199
YDL078C	12.077085	12.301069	12.247046	18.098203	19.007654	18.77739
YDL079C	32.768193	31.505012	28.874883	74.945611	69.62573	67.558539
YDL080C	64.341618	65.306974	61.569146	31.669936	36.309835	34.851421
YDL081C	105.970792	119.273183	104.863774	282.935347	287.041023	285.275782
YDL082W	600.367242	648.761795	626.347524	635.592566	647.873393	656.507998
YDL083C	1357.519269	1444.457157	1390.249324	1809.179441	1700.745604	1832.51041
YDL084W	261.94375	256.247181	255.169996	264.704514	267.946022	260.948925
YDL085C-A	146.760139	132.744403	128.590928	63.001702	53.847639	67.221545
YDL085W	19.449194	17.617016	18.078869	59.248373	55.621083	52.587899
YDL086W	99.129918	88.994142	95.0742	107.83941	102.165483	100.8185
YDL087C	14.933533	15.199495	15.412097	11.136151	11.529682	10.795037
YDL088C	35.372107	36.383274	35.621312	29.735465	33.912532	31.380809
YDL089W	17.403194	17.141389	17.38631	11.96467	13.627297	11.449596
YDL090C	34.456374	32.765294	34.699832	17.555143	17.0201	18.627259
YDL091C	28.813268	27.238643	27.112648	29.887831	30.90895	29.72675
YDL092W	255.462317	248.651651	254.370605	186.247793	188.003803	169.191992
YDL093W	37.750493	39.218055	38.826994	33.733432	32.117182	35.245942
YDL095W	86.777205	88.305942	90.99533	81.64794	80.839989	87.32655
YDL097C	82.247642	79.896056	77.649395	93.981438	97.08815	87.956227
YDL098C	10.947879	10.033906	11.169502	12.441325	13.392366	12.251825
YDL099W	22.970008	22.337176	20.917771	21.367168	24.419095	20.301245
YDL100C	232.723367	228.021401	233.974997	188.786242	218.192344	197.83412
YDL101C	18.482666	17.610159	17.366774	15.602254	16.465555	15.827578
YDL102W	4.089151	4.448646	4.320871	5.140455	5.305112	5.631065
YDL103C	49.45615	45.706952	46.967072	47.271023	46.73516	46.898723
YDL104C	15.962442	16.794368	16.386857	11.703182	13.65324	12.221736
YDL105W	10.953781	11.022865	10.368908	9.498763	9.9304	9.972303
YDL106C	13.542537	13.371537	12.719743	11.92098	12.920517	12.805015
YDL107W	7.221507	6.429311	6.635767	10.105343	9.348924	8.86245
YDL108W	57.600245	54.538048	53.802338	47.634733	49.754714	45.10679
YDL109C	13.248098	13.058339	12.750055	9.735333	10.098538	10.189066
YDL110C	93.635121	80.830718	89.437126	159.85755	146.548191	140.449153
YDL111C	107.687142	123.863557	128.858519	99.648433	88.924285	99.665994
YDL112W	8.241408	8.52318	8.078136	7.457335	6.854228	8.124084
YDL113C	26.239305	25.959519	24.690304	23.664759	25.634906	23.222962
YDL114W	3.279413	3.511996	2.86176	3.043493	5.684175	3.513649
YDL115C	71.774888	64.403635	61.940709	65.980795	71.497716	65.520054
YDL116W	14.119694	14.166662	14.276197	12.520091	13.322752	13.019014
YDL117W	9.07456	9.232106	9.160231	6.994865	6.623263	6.869225
YDL119C	26.881438	25.379752	25.430985	18.145972	19.468514	16.556558
YDL120W	83.837571	79.28141	80.453462	67.579411	66.717548	67.174342
YDL121C	47.075805	42.084738	42.56674	55.721919	48.764055	60.882706
YDL122W	8.938474	9.715076	9.557712	10.555813	11.01722	11.531213
YDL123W	97.017639	103.422471	100.270726	69.028786	67.452957	63.122664
YDL124W	533.569041	491.734072	515.327855	584.162159	589.9776	541.775183
YDL125C	611.358354	590.077906	631.335483	643.533126	590.630016	636.32319
YDL126C	245.333132	249.28206	236.157843	236.584151	257.492736	235.611839
YDL127W	29.677436	29.565713	29.027238	19.053106	17.778625	18.814078
YDL128W	107.610844	115.245503	111.127288	77.525706	79.658185	79.262592
YDL129W	22.251619	24.775204	24.244283	18.500466	17.191085	17.344042
YDL130W	96.097571	101.73398	88.946619	222.416856	211.057691	208.316477
YDL130W-A	26.859898	23.556706	24.034222	92.235972	78.283111	83.418389
YDL131W	630.862753	627.879358	590.611248	251.730508	275.034799	251.303645
YDL132W	8.276037	7.782915	8.03497	8.547393	8.254934	8.332234
YDL133C-A	1281.987339	1307.299063	1061.328734	1529.213057	1628.397018	1600.247748
YDL133W	53.279857	53.980426	54.774074	49.574785	50.604229	50.449685
YDL134C	147.011957	142.990334	142.927067	145.96442	154.950618	150.952111
YDL135C	16.972371	16.523892	15.770581	15.229038	15.153279	14.440337
YDL136W	1692.166046	1732.24915	1609.32493	2234.256866	2170.63609	2240.514361
YDL137W	1031.431419	986.281405	1032.956389	1413.876306	1371.892668	1451.36162
YDL138W	34.068578	36.19342	37.687041	22.178866	23.889791	22.768046
YDL139C	60.871744	61.926995	58.354229	45.964205	46.394441	47.046655
YDL140C	26.14773	26.719856	26.497702	38.642901	36.213662	41.810999
YDL141W	23.338652	24.760225	25.493084	20.502041	24.099261	21.228187
YDL142C	62.641193	61.600268	60.19492	37.023138	38.418721	37.622825
YDL143W	91.295878	92.328977	90.515495	93.459459	93.081863	91.591866
YDL144C	33.472558	29.943342	32.162074	30.853838	30.08236	28.628836
YDL145C	45.192932	46.21068	45.363347	49.293064	46.323015	49.348134
YDL146W	14.177431	13.706604	13.591112	8.112985	8.80218	7.808966
YDL147W	60.262846	56.301785	54.942114	53.148121	59.70992	54.533032
YDL148C	14.966907	15.07114	13.624831	16.739439	17.690742	18.02942
YDL149W	2.697397	2.625046	2.506293	3.111014	3.267041	2.895334
YDL150W	41.742883	43.322791	44.266439	40.84548	42.800294	40.931365
YDL153C	42.404762	44.941745	44.833019	50.900262	55.523335	54.522396
YDL154W	5.212269	5.008028	5.508154	3.549647	3.768337	3.526069
YDL155W	64.839769	67.755571	68.621236	63.304183	60.413618	61.137359
YDL156W	16.85219	17.668935	17.240296	16.163856	14.296102	15.617216
YDL157C	60.480375	54.650498	55.060421	64.665551	63.810502	62.102263
YDL159W	11.191762	10.98015	11.439925	11.372285	11.990264	11.009519
YDL159W-A	0	0	0	0.171899	0	0
YDL160C	12.120663	13.08321	11.872611	14.599618	13.857839	15.708247
YDL160C-A	64.167923	59.696668	55.853323	40.09242	46.517901	45.640395
YDL161W	108.643575	107.307758	104.78804	97.271567	98.705203	95.788427
YDL164C	26.966802	26.665438	26.858093	27.759653	26.798135	27.670141
YDL165W	123.061647	127.116884	119.367088	96.944275	100.536456	100.763045
YDL166C	53.828294	46.821748	50.134463	50.104943	43.456639	52.641592
YDL167C	0.978596	1.022889	0.96437	0.96435	1.014559	1.06995
YDL168W	88.361053	83.367851	82.002835	79.698202	81.224517	77.413949
YDL169C	21.091952	18.484432	19.317551	32.311669	30.423372	31.197012
YDL170W	37.481715	39.297266	37.603084	12.000091	11.95528	12.788067
YDL171C	30.677031	31.469716	29.869733	23.649471	21.436466	24.422879
YDL173W	171.033659	169.328036	171.748855	210.673551	219.983293	202.995854
YDL174C	29.751628	28.505943	31.299431	104.059663	91.258267	104.620788
YDL175C	41.208185	42.502041	39.823968	23.219015	27.378757	23.6415
YDL176W	8.134394	8.207929	8.110357	5.681691	6.811693	6.356423
YDL177C	67.318275	63.076306	67.939707	50.456695	53.032728	50.197409
YDL178W	4.152787	3.854691	3.998407	4.554891	4.570002	4.554562
YDL179W	76.963626	69.77692	78.143759	47.686853	52.452488	48.493916
YDL180W	35.373071	37.212158	33.761642	26.182808	28.674841	27.397565
YDL181W	57.282595	48.904052	54.15929	257.541547	209.53584	252.372758
YDL182W	307.137369	297.799232	263.997641	118.034712	129.780081	110.644729
YDL183C	32.295951	32.357417	31.530451	22.963978	24.095006	18.619854
YDL184C	924.117138	936.338292	843.894203	1384.870193	1190.504563	1344.458196
YDL185W	230.277359	235.603393	225.148785	249.579093	264.546269	248.252731
YDL186W	40.185255	39.88967	41.1037	24.658989	26.00763	26.035528
YDL188C	89.301075	90.898898	89.839181	83.268209	87.396737	80.381232
YDL189W	40.753355	41.633737	42.238018	34.440883	36.628456	33.591685
YDL190C	21.111246	20.832271	19.612527	19.70572	21.13724	19.453247
YDL191W	3055.796997	3109.784518	2980.341745	3840.826263	3609.413235	3740.373261
YDL192W	1020.768348	1023.641319	1042.256842	979.240291	1024.699917	1036.487613
YDL193W	25.365581	24.568953	24.166558	26.734136	29.741365	26.802681
YDL194W	15.777637	16.552368	15.794356	23.4723	22.267436	22.847857
YDL195W	31.188526	31.684624	32.455314	38.178473	33.988365	39.292588
YDL197C	48.511275	46.75334	46.189616	37.800547	41.288652	37.497445
YDL198C	208.874879	204.942167	202.526975	74.161993	67.268533	75.592858
YDL199C	16.286209	16.262325	16.336545	12.797376	14.011301	12.691146
YDL200C	5.961258	5.798984	5.784575	8.925794	8.947747	9.456076
YDL201W	73.697697	77.066556	76.075079	76.301782	80.455906	77.783748
YDL202W	48.834558	50.445127	48.513999	52.251654	52.333138	50.326898
YDL203C	29.11611	29.72082	27.732593	26.845217	26.514808	24.978712
YDL204W	23.289832	21.862366	22.243218	183.288843	175.158451	179.80581
YDL204W-A	21.132446	19.403626	18.992317	17.877484	18.527945	16.867076
YDL205C	30.691802	34.334799	33.120842	32.251388	33.685612	35.095273
YDL206W	13.737228	13.435114	12.589573	12.203267	12.857118	11.544983
YDL207W	44.214004	45.536857	46.546993	37.142206	40.679246	37.544063
YDL208W	271.073881	276.683591	264.758816	348.81936	327.346862	345.104251
YDL209C	16.207323	15.847461	16.524119	17.063837	17.040457	17.309972
YDL210W	6.612465	6.514887	6.348712	5.728766	6.886545	6.353261
YDL211C	20.070352	19.926332	21.486666	19.372986	18.249489	21.135953
YDL212W	188.620603	193.404773	181.094672	177.724306	187.760494	168.913105
YDL213C	105.17942	113.740733	107.166383	128.418422	121.987224	130.730022
YDL214C	15.394094	15.164596	14.504032	15.643188	17.587381	15.586968
YDL215C	36.442603	35.079253	34.150782	37.498936	41.3267	38.606502
YDL216C	20.863521	18.543643	18.48444	14.923217	15.257304	15.084165
YDL217C	60.09734	66.319738	67.480615	63.915487	62.750085	59.093331
YDL218W	9.256966	9.405755	9.698243	41.600066	32.076799	41.703129
YDL219W	32.208463	32.528072	27.561646	24.585213	23.140493	25.037108
YDL220C	1.39263	1.303454	1.061132	1.573247	1.584715	1.485233
YDL222C	2.998011	2.51791	2.512231	13.70453	14.246211	14.082068
YDL223C	18.679276	17.285418	17.645534	80.168646	77.811915	96.715203
YDL224C	20.401446	21.102371	20.670928	14.183332	15.624649	15.001776
YDL225W	29.583856	29.415516	28.534286	24.022675	26.518628	25.027311
YDL226C	117.418928	115.652767	113.138206	78.335664	85.190039	74.988814
YDL227C	36.149213	34.221924	33.668526	17.628922	17.433821	17.741761
YDL229W	820.785286	945.690086	926.124332	1098.161329	1094.466589	1166.047581
YDL230W	51.882524	50.560956	48.070315	41.783537	42.157659	39.182561
YDL231C	18.634795	17.703491	18.144603	18.95018	18.615938	19.477227
YDL232W	130.938293	116.05565	127.787815	158.662671	138.043374	143.698725
YDL233W	6.618046	6.441346	6.258512	8.189383	8.405037	8.224076
YDL234C	38.490352	37.536826	37.559317	35.526998	39.444226	34.766622
YDL235C	115.087168	111.880777	111.930671	74.913235	74.479963	77.421219
YDL236W	152.897424	155.47586	157.444473	121.279555	122.105453	122.192617
YDL237W	52.803435	49.915435	49.093092	40.760253	47.072251	41.091688
YDL238C	15.839294	15.660734	15.193991	13.340199	12.960994	12.617902
YDL239C	1.551977	1.409159	1.453761	1.243942	1.218065	1.24094
YDL240W	9.525727	9.788425	10.053453	8.779118	8.714222	9.30654
YDL241W	26.371582	22.10501	22.241485	15.142945	15.306574	12.136721
YDL242W	0.689826	0.682862	0.550902	0.426716	0.453689	0.450052
YDL243C	52.259291	47.332884	50.90474	45.837445	49.999508	44.167357
YDL244W	59.409875	44.866211	50.753936	31.871807	37.361737	30.145497
YDL245C	34.667863	35.315989	38.903648	31.885332	25.561006	27.823957
YDL246C	9.095453	10.504407	9.103931	31.201099	30.502309	26.23692
YDL247W	9.301161	4.13804	9.514494	4.638688	4.905423	6.15897
YDL248W	94.15124	92.301535	88.016451	48.973944	61.23746	46.568392
YDR001C	101.942301	101.640207	96.331998	113.427123	118.056285	110.578114
YDR002W	395.911555	402.64215	410.77202	327.071327	334.355475	327.3065
YDR003W	58.271156	56.450871	55.599974	58.884063	55.355103	54.45678
YDR003W-A	37.794937	32.158037	29.835753	31.159764	32.688262	26.483273
YDR004W	30.778445	29.15827	32.003861	29.403974	30.246992	29.649793
YDR005C	35.695785	33.667288	32.897459	34.432083	39.275401	34.603421
YDR006C	10.143247	11.670993	12.227047	16.681596	17.418646	17.868679
YDR007W	125.087159	120.816108	132.827822	170.988639	158.784564	167.211958
YDR009W	7.002654	7.18571	6.708049	10.613762	10.654779	9.782003
YDR010C	2.671068	2.449947	2.402018	2.168897	2.447564	2.535326
YDR011W	31.481089	32.092084	31.625965	30.885035	27.277694	29.530257
YDR012W	307.550593	340.10741	336.038223	381.837523	381.392985	392.060992
YDR013W	26.43484	25.17066	24.832065	24.059012	22.674616	22.848197
YDR014W	0.521406	0.519222	0.475759	0.489635	0.483447	0.471701
YDR014W-A	2.983852	1.989045	1.853653	3.25732	2.738145	2.708735
YDR016C	150.943692	149.844362	153.570176	139.554389	126.854715	142.379084
YDR017C	21.196755	21.956383	21.32565	19.763403	20.431335	20.042939
YDR018C	13.986902	13.139189	12.946035	20.856441	21.236033	19.15126
YDR019C	471.472852	428.551047	415.737099	74.28334	77.704415	68.58985
YDR020C	18.671893	17.417706	16.966474	10.208938	11.405043	10.084395
YDR021W	8.086181	9.090677	9.401091	7.10828	7.662824	7.621961
YDR022C	55.644397	54.009348	52.469767	40.224949	40.325628	41.585865
YDR023W	175.862079	181.929191	176.329646	183.684649	206.886317	191.355164
YDR025W	1362.174481	1506.472634	1421.015252	1794.108888	1755.68677	1814.595502
YDR026C	33.394545	32.776309	31.181723	31.428753	31.210317	30.177798
YDR027C	7.717225	7.742359	7.630246	7.039855	7.282936	6.873766
YDR028C	36.132136	35.038085	34.872499	35.993465	35.94124	36.451547
YDR029W	3.990519	3.695333	3.251615	3.49491	3.310062	4.171302
YDR030C	14.007648	13.169671	12.320096	8.745124	9.802421	9.152632
YDR031W	24.87776	21.937265	21.337508	24.362628	24.199586	22.287785
YDR032C	299.994932	274.520188	291.516116	472.677367	485.275779	441.552939
YDR033W	665.287231	691.724837	675.001222	290.784821	344.885199	312.284055
YDR034C	16.731288	16.966088	15.621274	9.412956	10.53728	9.86016
YDR034C-A	17.994765	12.376095	10.779297	9.120627	7.528898	6.788238
YDR034C-C	0	0	0	0	0	0
YDR034C-D	8.708609	8.907178	9.041447	3.863332	4.839368	5.261257
YDR034W-B	12.707816	15.710286	15.804702	46.201782	36.053168	38.737295
YDR035W	441.261715	460.704948	445.830132	217.52478	223.279708	227.112183
YDR036C	25.716181	26.318257	24.935295	30.151705	31.917446	29.790699
YDR037W	657.638503	700.582536	703.642046	383.38941	391.760047	408.96436
YDR038C	25.318245	25.496119	27.026802	28.576092	27.268846	26.431547
YDR039C	21.16765	21.061681	20.55702	16.708174	18.899679	22.645821
YDR040C	117.329225	115.119081	119.118049	201.725153	161.674625	180.950712
YDR041W	151.380829	144.059665	142.46158	172.978292	175.998436	163.716009
YDR042C	9.735325	8.68276	9.689586	7.839146	9.513733	8.421001
YDR043C	109.099781	91.402164	88.571349	90.190883	97.727353	73.86214
YDR044W	1968.769936	2044.35276	1919.07981	1944.723238	1831.630325	1806.303169
YDR045C	180.159927	173.741635	174.445468	156.918	168.015218	160.470157
YDR046C	148.28828	160.708448	160.183088	70.583269	75.491329	73.795181
YDR047W	127.739213	129.43338	126.623542	105.669654	102.898498	105.8642
YDR049W	26.271407	25.810842	26.392095	20.061466	22.208564	21.083702
YDR050C	5675.116055	5332.065196	5580.284776	4564.636613	4417.708401	4445.006964
YDR051C	42.890024	43.212609	42.030268	44.733797	43.390442	45.599395
YDR052C	29.61825	30.257671	31.106398	28.566461	29.972147	28.319933
YDR054C	123.161662	124.14224	128.373237	113.773678	121.213946	115.487019
YDR055W	276.817611	285.210004	273.692971	197.278429	232.850503	194.67007
YDR056C	304.76041	295.37608	300.60539	202.13583	262.325328	205.090683
YDR057W	32.874148	31.444856	32.815967	21.008896	25.559429	22.382975
YDR058C	45.642535	40.867988	42.20838	31.825191	35.24814	29.93469
YDR059C	84.48505	82.672497	77.810535	159.361296	159.847517	159.267582
YDR060W	14.905669	16.508726	15.312312	18.821008	18.893198	19.587036
YDR061W	54.530762	54.429654	54.669898	40.05651	42.705556	42.47349
YDR062W	24.935828	26.98289	26.993382	21.600405	23.643556	22.66825
YDR063W	221.972716	206.850679	198.626662	222.417551	196.434675	203.860868
YDR064W	2224.004687	2490.917138	2275.036521	2975.968773	2961.845819	3083.512181
YDR065W	7.708276	8.292869	7.929182	5.952631	6.249889	6.158401
YDR066C	21.634231	20.525673	20.428676	14.794023	17.148735	15.16791
YDR067C	35.487905	31.182984	32.499809	26.883172	28.568863	26.64233
YDR068W	51.939705	48.282881	45.248506	48.329536	52.159055	48.708173
YDR069C	3.238188	3.145962	3.014722	3.145224	3.391032	2.963382
YDR070C	387.315069	344.420838	345.016164	1410.02851	1330.557789	1293.042595
YDR071C	188.946648	178.291574	179.636781	204.252825	195.196073	198.490031
YDR072C	47.553784	50.1029	52.286387	73.903049	67.567324	73.252954
YDR073W	23.267289	23.598094	22.575305	24.109642	23.615513	22.761833
YDR074W	77.20412	72.153147	68.596152	121.662649	118.203423	107.609764
YDR075W	22.961484	24.735827	25.109359	26.483054	25.984317	28.498653
YDR076W	23.474375	22.236897	22.120867	13.426239	14.481021	14.174905
YDR077W	3969.788614	3860.583951	3765.258608	8693.404569	8601.590454	8705.651741
YDR078C	22.667128	22.921804	23.235447	21.863331	23.694367	22.293426
YDR079C-A	62.37034	58.176146	62.956532	66.520659	72.104182	69.736772
YDR079W	78.300027	71.961252	70.241098	75.980437	75.570083	71.862682
YDR080W	1.587825	1.545589	1.389428	1.053546	1.040618	0.983542
YDR081C	3.567979	3.653988	3.587708	2.681617	2.959262	2.786069
YDR082W	36.332597	37.905904	37.044683	38.452832	40.747371	40.212452
YDR083W	3.222077	3.574126	3.581413	4.278833	4.692335	4.529797
YDR084C	57.089673	59.916614	56.384841	42.461469	45.298341	42.249891
YDR085C	27.259898	27.139241	26.320415	30.291415	29.123032	28.409783
YDR086C	891.913528	857.420603	864.9711	966.071735	916.217083	951.785002
YDR087C	71.096386	76.127293	70.947555	64.227758	60.249242	63.985424
YDR088C	36.180304	35.999515	36.432672	31.214379	32.743834	31.595408
YDR089W	5.695775	5.666114	5.225237	3.430716	4.238152	3.459336
YDR090C	115.774121	118.599499	121.237234	66.299578	68.204066	69.418518
YDR091C	49.215797	52.322207	53.066791	57.736533	56.982972	59.29062
YDR092W	385.121255	379.109623	361.038418	349.995152	353.571657	339.604758
YDR093W	8.815629	9.21946	9.022807	8.057667	8.359518	8.171668
YDR096W	8.02589	7.592126	7.507639	10.518064	11.057842	11.048489
YDR097C	11.064055	10.885048	10.618034	17.210087	15.272036	17.011692
YDR098C	229.428739	226.565742	227.581844	126.725847	132.784447	130.109032
YDR098C-A	0	0	0	103.573433	85.383888	96.098119
YDR098C-B	294.68674	266.858366	291.995873	88.417711	104.282547	97.859371
YDR099W	387.922011	366.526738	352.957732	387.426275	404.399658	393.959343
YDR100W	148.467861	138.358957	133.409884	105.04885	93.314184	98.929445
YDR101C	17.747935	20.1192	20.811756	22.025706	22.868061	22.91565
YDR102C	7.156835	6.204062	8.012182	6.0105	6.737422	5.900069
YDR103W	22.257031	22.789545	22.922467	16.79791	18.059819	17.106118
YDR104C	4.923919	4.762836	4.909752	3.761093	3.96608	3.583373
YDR105C	47.209773	45.506851	45.157351	30.871492	32.60256	30.522738
YDR106W	1.096055	1.023435	1.073619	0.814257	0.889466	0.816521
YDR107C	7.880684	8.380828	7.822705	4.292392	5.384152	4.91366
YDR108W	17.98699	16.432523	16.299748	11.356716	12.516102	11.711909
YDR109C	26.355576	26.627662	26.647975	24.630532	25.947254	23.954851
YDR110W	13.090744	12.678103	11.866517	12.281965	13.036726	12.906217
YDR111C	42.138243	39.707839	41.564447	31.55667	29.837343	28.269313
YDR113C	40.980803	41.736344	40.891778	39.281826	41.339686	38.395597
YDR114C	1.4239	1.14771	1.230783	1.595379	1.673443	1.65947
YDR115W	199.568482	199.177711	189.343902	293.244656	300.863975	295.520544
YDR116C	61.521329	55.340204	60.8803	72.922939	74.525427	69.314255
YDR117C	29.777495	30.593886	30.929532	24.600912	27.412723	25.480918
YDR118W	5.984276	6.012945	6.04151	3.972521	4.436781	4.128981
YDR119W	23.447936	24.686153	23.805207	20.855702	20.45317	20.458254
YDR119W-A	57.596274	54.732869	58.149318	861.385314	812.989959	892.421657
YDR120C	61.099098	65.365916	64.454868	57.45288	57.707742	59.953828
YDR121W	117.871246	121.014592	119.097703	96.455088	100.806119	91.463144
YDR122W	28.109452	27.627022	29.397556	30.579743	31.461711	31.142235
YDR123C	30.621135	32.908557	34.953905	26.826062	26.339203	27.755363
YDR124W	11.023216	10.774448	10.346604	7.58575	9.578125	7.38852
YDR125C	4.57374	4.263112	4.066167	3.025311	3.219886	2.722922
YDR126W	114.323395	110.370394	109.666149	42.601777	43.102783	43.226825
YDR127W	136.262416	136.389862	129.398137	81.291454	73.009562	81.245937
YDR128W	8.866137	8.68187	8.67328	9.125273	9.255041	9.120762
YDR129C	141.047877	135.22346	130.151401	115.716666	114.497783	110.722067
YDR130C	35.165151	34.394012	33.782212	24.540778	27.865977	25.419825
YDR131C	15.817451	14.96237	14.447809	11.650581	13.579542	11.981902
YDR132C	16.78483	15.930917	15.579735	10.329809	11.896707	10.401089
YDR134C	1673.151323	1629.967763	1646.177589	1010.198105	850.886126	892.087841
YDR135C	23.854204	23.433393	23.718782	14.983322	15.387937	14.938709
YDR137W	17.175909	17.13699	16.100408	12.397295	13.387781	12.506476
YDR138W	17.859323	18.012273	18.409926	12.490851	12.786792	13.187747
YDR139C	262.998465	250.598466	245.817474	260.975365	270.921067	256.587249
YDR140W	41.651696	41.741137	37.789219	27.660663	27.417004	27.275674
YDR141C	6.531056	6.488781	6.137314	5.305069	5.210339	5.371133
YDR142C	34.278095	34.48573	34.403328	39.200603	41.472945	37.897823
YDR143C	22.745982	23.546376	23.206479	21.266891	20.126365	20.961866
YDR144C	34.584064	34.894195	34.463227	17.725345	16.669819	18.0637
YDR145W	59.332251	61.162379	56.027813	57.926607	56.713184	56.350491
YDR146C	35.286583	34.776045	32.851377	29.027486	25.715463	28.88794
YDR147W	18.698606	18.807329	18.184879	12.011126	12.442099	12.009574
YDR148C	62.658668	53.985561	52.775061	181.88492	165.903645	174.378029
YDR150W	4.815375	4.856399	4.955397	10.814144	9.899578	11.443264
YDR151C	49.808278	47.371852	47.974767	37.154918	41.651734	35.702179
YDR152W	104.35951	106.940478	109.303653	116.206493	120.577176	115.878165
YDR153C	29.041128	30.311025	31.024405	32.199553	34.991392	31.97708
YDR155C	2696.046216	2540.115291	2781.887413	5185.117531	5336.798176	5020.849365
YDR156W	3.806229	3.819202	3.502578	6.724892	6.609278	6.259353
YDR157W	0.343144	0.445141	0.454114	0.560542	0.543193	0.577379
YDR158W	952.946278	954.752393	948.669869	383.45982	391.900039	404.350889
YDR159W	3.978692	4.158088	4.056091	3.868792	3.837371	3.972449
YDR160W	17.40134	17.126191	17.117969	17.832405	18.734051	17.923937
YDR161W	20.202349	18.120211	18.036977	17.607705	16.681602	16.38101
YDR162C	73.999378	70.618866	70.503768	56.664252	59.436742	54.169463
YDR163W	67.263349	63.189164	63.4325	59.339461	59.812919	57.343578
YDR164C	6.170361	6.823334	6.324602	6.361186	6.669148	6.509193
YDR165W	4.133325	4.200591	3.982428	4.139274	4.502445	4.637775
YDR166C	6.89185	6.985195	6.68095	5.734103	6.545127	6.022499
YDR167W	96.889852	93.559171	92.594983	101.562032	96.736384	96.367923
YDR168W	19.213534	16.717724	16.188198	16.435643	17.536698	15.78716
YDR169C	31.379511	30.083545	30.819458	28.433115	28.577363	28.94505
YDR169C-A	6.008244	3.661062	4.923934	2.578483	2.646849	3.7239
YDR170C	12.788884	12.865421	12.580214	12.966781	12.488518	13.721765
YDR170W-A	35.793629	34.792766	34.637847	8.45177	10.105826	9.241142
YDR171W	181.300708	162.133876	142.645006	312.368009	344.962873	286.662151
YDR172W	151.696183	158.0417	152.827347	190.907003	190.358311	192.736408
YDR173C	10.703142	10.136167	9.805407	16.548274	17.452036	15.473903
YDR174W	296.908003	311.132055	316.474304	336.567186	334.917877	345.934925
YDR175C	80.813028	80.907488	83.543043	83.423708	86.978568	79.341228
YDR176W	33.70839	35.03929	33.303021	35.27162	36.497531	35.069402
YDR177W	267.497712	253.438007	247.192845	310.704428	323.418177	315.619657
YDR178W	76.295414	73.766629	67.132351	294.296467	286.925597	300.162574
YDR179C	13.787372	13.12956	12.687679	14.676678	14.633595	14.549611
YDR179W-A	11.23672	10.592611	10.341905	6.622975	7.118012	6.495387
YDR180W	1.619187	1.795391	1.867001	1.965955	1.90305	2.181153
YDR181C	25.408528	24.694255	25.15737	20.830256	22.180758	22.986158
YDR182W	38.461875	39.661183	36.050924	28.396633	33.908795	28.79437
YDR182W-A	11.394946	9.51876	11.254707	7.907349	10.383794	9.200223
YDR183W	33.767011	31.849517	31.575606	29.024189	31.12475	32.488923
YDR184C	10.979831	11.697636	12.323291	11.841923	12.897243	12.014811
YDR185C	32.564979	31.175538	28.976068	28.303272	27.26635	29.029177
YDR186C	137.973803	139.727617	136.112792	83.392277	103.04151	89.859652
YDR188W	101.721139	105.094386	105.982441	104.058628	103.463139	105.965527
YDR189W	42.413898	41.281946	42.076244	37.784967	41.725495	37.269704
YDR190C	114.103743	116.171872	111.834217	132.718902	138.896833	134.668311
YDR191W	40.832907	41.103023	42.054463	44.178951	44.100584	38.977549
YDR192C	38.183839	39.266079	43.885837	38.841085	39.862217	37.506367
YDR194C	20.952289	21.386424	21.058445	23.630752	25.788391	23.188283
YDR194W-A	0	0.366106	0.234473	0.167245	0	0
YDR195W	21.874111	20.99661	20.134233	22.242967	24.165018	22.132713
YDR196C	72.764896	70.185859	71.409185	62.670095	63.291003	60.324051
YDR197W	15.063071	13.7478	14.093045	15.170778	15.162674	13.797252
YDR198C	9.892721	9.734673	9.76348	7.491968	7.802794	7.462082
YDR200C	9.996836	9.905331	9.829901	9.890341	10.571527	10.429323
YDR201W	33.271492	32.114378	30.26848	32.663816	31.649241	35.211404
YDR202C	61.014759	56.559207	57.136564	58.092868	61.633268	53.782102
YDR204W	58.382223	53.349764	56.756599	54.696936	57.613078	52.398228
YDR205W	17.569962	18.278135	19.130891	11.945392	12.987846	11.798696
YDR206W	22.335067	22.632059	21.945684	20.762917	19.825398	20.62175
YDR207C	0.618436	0.642142	0.610039	0.89642	0.933578	0.894827
YDR208W	27.481071	28.920785	29.352633	28.812469	29.762056	29.368753
YDR209C	121.544808	126.660488	122.763021	79.627629	90.463907	90.071261
YDR210C-C	0	0	0	0	2.840478	0
YDR210C-D	84.488355	80.413939	83.711868	26.8687	31.23779	26.180965
YDR210W	199.083242	209.770504	209.298414	161.44379	152.683588	164.847142
YDR210W-A	0	0	0	0	0	0
YDR210W-B	3.187293	3.087336	4.356378	2.842147	3.771542	3.799677
YDR211W	43.026475	43.059422	42.618242	37.698866	39.860162	37.768103
YDR212W	108.819999	109.620143	106.897607	100.395011	110.810378	98.569792
YDR213W	38.570391	41.23065	43.146491	43.227719	39.489674	45.227165
YDR214W	180.812121	171.123062	163.100144	141.578402	153.279267	135.997962
YDR215C	0.089527	0.088003	0.100367	0.168152	0.172027	0.126121
YDR216W	5.571262	5.697324	5.171419	13.764754	12.908992	14.06304
YDR217C	9.511191	9.553179	9.632279	10.110766	10.576499	10.751478
YDR218C	5.329385	5.116915	4.801957	10.658879	11.862265	9.638191
YDR219C	16.93025	15.999012	15.959737	14.161652	16.088088	13.596324
YDR221W	10.190214	9.840651	10.293054	7.457611	8.145125	7.745436
YDR222W	15.807879	15.000818	14.72435	8.863055	9.379302	8.9909
YDR223W	10.178109	10.494405	10.31297	11.229281	12.591629	11.579324
YDR224C	2800.34488	2602.450725	2657.855839	2727.750727	2627.843692	2906.479491
YDR225W	3936.52859	3588.98189	3676.87139	2793.453728	2724.109885	3010.257184
YDR226W	906.00566	860.596692	857.713391	915.913555	913.002889	878.376845
YDR227W	7.21107	6.975802	6.56385	7.571014	7.384632	7.769582
YDR228C	25.417504	23.900586	23.186524	17.607941	19.302592	17.016921
YDR229W	47.53755	46.829057	48.960047	53.947393	56.152716	52.364882
YDR231C	83.59375	76.288627	78.148566	136.350609	132.207376	134.276142
YDR232W	29.973075	34.137135	34.179466	59.814479	59.383225	61.906435
YDR233C	564.301407	556.706115	567.601052	522.248929	736.377827	551.322507
YDR234W	40.8227	40.20985	38.908691	44.975627	43.887375	43.705217
YDR235W	8.685317	8.56774	8.368927	6.068177	6.879881	6.131439
YDR236C	14.434972	13.975314	13.951705	12.509224	12.555651	12.870135
YDR237W	39.987076	38.569142	42.49311	45.859156	47.101076	44.511109
YDR238C	49.884873	48.529517	47.900789	46.842945	47.834532	48.643053
YDR239C	21.758551	20.749057	20.883564	15.212276	16.833212	14.436787
YDR240C	14.39857	14.306626	14.30708	10.330647	11.711402	11.231462
YDR242W	25.988136	23.624744	23.085945	14.789505	16.514567	16.180833
YDR243C	12.349665	12.717245	12.743292	10.335795	10.844055	10.694967
YDR244W	25.291286	26.578803	24.95927	25.946147	25.974948	25.606444
YDR245W	71.810136	69.705926	72.623351	53.266875	56.978875	53.209051
YDR246W	50.745998	52.943333	52.804359	50.520999	53.532879	49.313704
YDR246W-A	7.040079	8.953361	8.308943	12.821705	16.130013	13.666467
YDR247W	21.308086	21.690831	19.45126	60.07573	54.758143	58.975769
YDR248C	60.916472	53.490327	53.201461	46.252157	44.443203	42.439108
YDR249C	13.189627	12.475904	12.657226	8.133216	10.097834	8.724811
YDR251W	25.483295	25.359373	23.92559	21.822902	22.555723	21.385596
YDR252W	5.782692	5.497672	5.880962	3.758272	3.888144	3.595865
YDR253C	79.800373	71.194419	61.354929	7.854446	9.002473	7.223945
YDR254W	4.481856	4.289986	4.012853	2.076775	2.167706	1.919049
YDR255C	11.891826	11.575925	11.955651	7.913953	9.274315	8.243007
YDR256C	24.786624	25.46358	26.36525	28.205805	24.969051	28.803962
YDR257C	32.468766	32.017452	29.948318	19.116689	18.322024	18.589055
YDR258C	107.664201	96.46844	90.75361	98.765707	106.019179	94.513705
YDR259C	5.044637	4.767089	5.02673	3.052546	4.040746	2.941213
YDR260C	47.707879	46.017465	43.979305	44.59173	45.077879	41.927698
YDR261C	59.310427	58.42106	60.173224	24.620879	23.550163	24.914807
YDR261C-C	0	0	0	0	0	0
YDR261C-D	27.899305	26.717718	27.323593	1.984108	2.487944	1.936872
YDR261W-A	0	0	0	0	0	0
YDR261W-B	5.105103	6.0194	6.292462	2.492526	2.778348	2.767823
YDR262W	205.585913	197.045913	186.759789	220.100196	241.779511	212.017902
YDR263C	7.461408	6.852344	7.591012	5.471901	5.538256	5.359323
YDR264C	76.842963	74.569893	77.960452	35.482438	40.475767	34.285229
YDR265W	34.013271	32.474195	34.23519	30.996128	35.682322	32.398125
YDR266C	12.183427	11.694657	11.148754	9.214469	10.549098	9.935826
YDR267C	71.368003	65.926281	67.273479	50.211208	52.526319	51.609861
YDR268W	21.254031	21.061616	21.803565	14.226361	15.388697	13.995213
YDR270W	18.207859	17.732298	21.743473	11.503212	13.799179	11.547533
YDR272W	139.104171	129.483261	117.897999	119.792783	127.891114	115.212994
YDR273W	27.228827	26.762803	25.535604	17.966737	20.272523	15.54653
YDR274C	66.121698	66.686916	62.632782	54.458227	77.800117	58.831742
YDR275W	195.080793	185.962295	195.585223	142.071443	207.233814	163.331858
YDR276C	853.585072	782.185789	806.352836	1234.062097	1093.963198	1164.923508
YDR277C	87.223412	87.355369	81.050764	291.839482	283.698741	295.36254
YDR279W	16.858301	15.99992	16.28363	13.458069	13.415377	14.088976
YDR280W	90.420436	87.431774	88.723895	67.556271	69.634578	66.471319
YDR281C	40.403358	39.166701	33.771471	49.685444	44.965223	46.273886
YDR282C	13.185595	12.768696	12.294808	16.240533	16.891049	14.854021
YDR283C	6.981492	6.690863	6.444748	6.269145	6.465267	6.513914
YDR284C	181.002207	172.760562	184.159353	130.106222	149.79322	122.518898
YDR285W	6.361336	6.090178	7.611151	4.766699	5.716389	4.526888
YDR286C	62.241461	57.850068	48.448323	63.310409	58.647677	59.113973
YDR287W	36.793161	34.405593	34.574302	39.165612	38.056638	38.835352
YDR288W	29.933767	28.027543	27.433942	22.453426	25.631013	23.669779
YDR289C	15.6788	15.180713	15.272482	19.204897	21.960177	19.223651
YDR291W	12.789403	12.697516	13.569501	10.864647	11.360017	12.095337
YDR292C	33.500355	33.723833	34.263484	28.860218	30.342455	29.348711
YDR293C	56.905079	57.214473	56.70877	59.771616	59.038617	61.461297
YDR294C	32.416486	32.635867	32.445219	23.090312	23.262533	24.668983
YDR295C	18.714105	18.982818	18.528417	12.535116	14.184946	13.683027
YDR296W	102.282077	95.95335	100.924329	108.887815	106.839463	105.540143
YDR297W	205.496615	216.135265	225.348765	297.072641	288.062059	280.949596
YDR298C	151.442524	144.88723	142.864967	437.258394	414.17596	453.95515
YDR299W	24.732385	26.688575	25.704048	30.597063	32.49921	32.825788
YDR300C	59.936333	59.065541	61.961221	55.74039	62.046361	59.513251
YDR301W	7.855729	8.381586	8.213723	8.154316	7.774124	8.21774
YDR302W	50.288939	49.375665	49.381117	35.350638	37.695129	37.118456
YDR303C	3.080144	2.986504	3.149049	3.053332	3.141375	3.062615
YDR304C	418.051284	422.192631	424.922508	298.954076	319.482693	295.647747
YDR305C	19.18274	19.509351	19.542888	16.895793	17.753694	17.227343
YDR306C	19.890711	19.519216	19.094857	20.771879	22.043542	20.720674
YDR307W	4.93296	5.204048	4.790109	3.667409	4.136027	3.610783
YDR308C	69.356373	67.10158	70.092222	61.227247	58.987109	59.870749
YDR309C	133.213593	130.777719	129.192147	51.857115	54.884587	57.21836
YDR310C	22.891827	23.318986	21.9899	26.71166	28.471086	26.931628
YDR311W	20.040342	20.244245	19.755612	19.942436	20.785144	19.823654
YDR312W	24.124171	23.806602	23.346242	25.077897	26.601969	24.257218
YDR313C	39.428016	35.419852	34.198574	67.399599	62.312705	63.257006
YDR314C	4.315653	4.022359	3.753595	3.336232	3.836284	3.700125
YDR315C	2.914668	2.990742	2.928475	2.485323	2.651484	2.444881
YDR316W	13.702435	12.521798	12.271414	15.277742	16.470152	15.71027
YDR316W-A	0	0	0	166.864748	117.364933	132.747904
YDR316W-B	0	0	0	0	0	0
YDR317W	1.346424	1.311751	1.25051	1.259143	1.410882	1.326862
YDR318W	15.534992	14.87184	15.106569	14.042136	14.03994	14.344911
YDR319C	30.555297	30.943839	29.205157	21.35261	24.684658	21.927938
YDR320C	12.208162	11.90747	12.242829	12.227259	11.843897	12.522755
YDR320C-A	229.349193	210.14493	212.198115	347.923344	312.328224	333.836673
YDR321W	86.143058	89.380665	84.068943	73.297916	75.951308	76.16213
YDR322C-A	74.718729	69.924797	74.28156	236.626186	211.93198	244.896526
YDR322W	32.8082	32.430577	31.856703	39.328088	41.560611	37.153428
YDR323C	19.149104	19.44796	18.182192	17.547463	17.59026	16.420598
YDR324C	18.689593	21.113208	19.668316	22.890769	25.151675	25.0677
YDR325W	5.158953	5.265892	5.087925	4.303201	4.750862	4.63993
YDR326C	9.475181	9.554367	9.578526	7.871925	7.986435	8.268485
YDR328C	251.267585	236.714782	247.817289	269.550325	255.436883	257.601431
YDR329C	60.589619	56.799197	54.424243	65.332529	66.258798	61.780569
YDR330W	62.887619	58.951042	60.882697	78.47462	77.896998	72.655873
YDR331W	39.630387	41.796373	40.533566	34.743915	38.808066	34.554942
YDR332W	7.841524	7.885572	7.66597	9.011175	9.398898	8.756941
YDR333C	37.479958	36.619203	36.54334	33.542954	34.008055	34.203442
YDR334W	10.088871	10.260267	10.095047	15.734082	15.098372	15.771985
YDR335W	17.329161	17.091073	16.607164	18.824055	18.93563	18.873575
YDR336W	25.940393	24.686723	25.243428	24.047281	25.692122	21.691836
YDR337W	30.87994	31.105967	30.597368	34.099153	36.148079	34.768431
YDR338C	22.189984	21.513244	22.444409	24.132805	23.474367	24.012515
YDR339C	70.822375	77.470531	74.471989	87.724302	90.350365	91.299529
YDR341C	169.504036	173.054381	156.657716	88.186626	98.943083	89.903662
YDR342C	68.978113	46.543374	41.992988	1128.492863	767.748082	1161.188415
YDR343C	358.094816	330.993155	272.02043	5115.113376	5246.420627	4941.697343
YDR344C	4.333764	4.088871	4.166438	1.695187	1.791545	1.971965
YDR345C	2436.446473	2747.381194	2751.364037	59.419385	64.423569	63.500511
YDR346C	155.623064	154.103729	160.082813	141.171213	164.830908	149.535976
YDR347W	35.115988	33.340527	34.332392	44.267938	45.28117	37.372689
YDR348C	110.323012	110.555845	114.084212	104.775028	108.018722	108.057083
YDR349C	99.320388	98.569075	97.01409	68.388457	72.726765	66.058512
YDR350C	17.44644	17.157876	16.812725	17.274805	17.560889	17.190084
YDR351W	12.841216	13.283481	13.687048	12.916331	13.746782	14.590375
YDR352W	20.213411	19.317825	20.053614	14.642821	16.387299	15.858788
YDR353W	258.599621	252.973219	252.583771	203.508398	199.86783	197.270646
YDR354W	588.609069	593.102975	536.252251	161.335988	155.04305	166.95111
YDR356W	2.954387	2.992033	2.808418	3.534771	3.850549	3.473827
YDR357C	71.156363	67.143104	67.32763	93.330112	92.829928	89.021989
YDR358W	39.797081	36.827057	35.365033	46.497313	50.016616	44.151213
YDR359C	13.957741	13.220942	12.991001	13.492057	13.178279	13.235793
YDR361C	45.314946	48.491216	48.936532	51.957548	56.488082	56.403162
YDR362C	29.401453	28.184209	29.270592	26.501453	27.771769	25.851847
YDR363W	22.879266	22.151393	23.637438	17.671044	19.041767	18.491966
YDR363W-A	8.316455	7.409646	7.281388	8.271965	8.668629	7.722661
YDR364C	21.61693	22.490305	21.903484	21.535167	21.786107	22.826846
YDR365C	80.083015	79.125988	76.475066	55.824065	76.59151	60.158907
YDR365W-A	0	0	0	55.476602	21.525651	70.767608
YDR365W-B	193.615529	188.905672	184.773558	72.432259	91.468835	81.756744
YDR366C	5.584417	6.032993	5.763989	5.312263	5.720588	5.538913
YDR367W	77.314818	77.169794	75.900766	72.851447	69.900879	68.499755
YDR368W	84.408083	89.211348	88.465537	85.308047	102.067334	91.834771
YDR369C	2.957776	2.565757	3.055534	2.438322	2.507794	2.47385
YDR370C	39.11851	38.530345	37.77179	36.959092	36.995989	38.571788
YDR371W	1.744475	1.692539	1.578509	1.674565	1.80844	1.711863
YDR372C	123.629719	119.701932	118.557946	89.362779	98.568052	89.417359
YDR373W	106.59879	94.468025	96.441669	97.535144	100.758382	101.304532
YDR374C	0.515865	0.556207	0.363073	0.359516	0.485981	0.37308
YDR374W-A	124.356924	108.579505	108.197755	125.652725	123.867504	132.310166
YDR375C	41.645133	40.329145	41.08059	40.043375	40.361981	38.32554
YDR376W	37.492635	37.803615	36.070474	30.960704	34.875483	32.51813
YDR377W	381.230158	355.470782	361.189598	1193.719244	1092.569786	1192.101063
YDR378C	296.473763	288.49187	291.164283	408.819402	412.209732	421.336799
YDR379C-A	36.078255	36.098772	38.371766	55.557628	55.543891	54.72444
YDR379W	26.727701	26.541245	26.315944	27.494447	28.846234	27.110055
YDR380W	35.116231	32.338827	28.028041	21.321504	37.901869	20.3897
YDR381C-A	160.223295	157.832013	145.362808	187.56246	203.127055	185.863626
YDR381W	479.145877	476.242789	466.891457	499.238233	503.826766	495.955691
YDR382W	94.817044	114.374461	99.711415	237.867689	236.068189	253.576804
YDR383C	55.404627	53.010339	51.813922	49.184521	47.249457	47.839145
YDR384C	31.085121	31.086521	33.019827	41.088122	37.537395	39.691389
YDR385W	825.298676	890.230855	872.153006	941.855425	964.394147	929.224182
YDR386W	18.617531	17.627152	17.317158	13.094821	13.186287	13.976258
YDR387C	31.214762	31.512136	31.592368	23.314907	26.302832	24.281041
YDR388W	15.895315	16.036482	15.151843	14.515924	15.140759	13.753662
YDR389W	29.892462	30.433237	30.438158	25.081922	25.108778	24.974889
YDR390C	17.181643	17.188198	15.970374	14.287053	13.908831	14.122349
YDR391C	68.474661	61.281528	61.486813	69.836639	73.150946	66.784703
YDR392W	44.850477	43.14304	41.354995	38.818512	42.318877	39.088736
YDR393W	32.11308	32.143949	31.693953	26.253088	30.380476	27.543204
YDR394W	112.294343	112.412943	111.732564	107.389333	119.363927	106.977017
YDR395W	19.727501	19.802515	18.37763	16.108243	17.801166	17.721437
YDR397C	130.622138	127.672542	127.897963	168.973815	168.742626	172.000582
YDR398W	46.401216	54.469949	58.61148	58.764064	58.708076	65.185956
YDR399W	397.005236	415.646351	392.252416	884.288903	819.412563	902.11977
YDR400W	41.59753	41.731017	43.456036	34.645498	32.309507	35.426319
YDR402C	2.67236	2.588913	2.437653	2.495019	2.416207	2.345395
YDR403W	5.589064	5.426026	5.228389	5.57269	6.936291	5.062154
YDR404C	106.646247	108.729796	105.265784	90.834893	86.742958	89.498788
YDR405W	20.599922	20.347071	19.449636	34.882734	32.354773	30.161039
YDR406W	12.850304	12.799095	12.971588	16.254945	12.663397	14.535119
YDR407C	4.880781	5.447413	5.40205	4.057324	4.142165	4.45975
YDR408C	181.061128	174.625502	171.013414	101.907698	93.336342	98.064652
YDR409W	0.223293	0.216918	0.225578	0.187325	0.190037	0.191161
YDR410C	49.644845	50.26922	49.164633	31.578095	34.364651	31.804742
YDR411C	101.831724	105.027734	104.606324	71.845536	78.904967	77.075936
YDR412W	76.87678	80.366915	76.137735	76.73708	79.388291	79.000507
YDR414C	40.064499	40.890544	38.622842	28.963603	30.272181	30.084721
YDR415C	21.553703	22.199568	21.139305	18.4276	19.548717	16.649242
YDR416W	11.40373	11.722696	11.391376	9.707416	10.416931	10.303095
YDR418W	632.064619	684.094804	652.866241	984.607445	956.719386	977.035475
YDR419W	13.255234	12.682265	12.461785	9.46849	9.976964	9.294403
YDR420W	14.150594	14.345337	14.44117	17.640644	16.311665	21.436336
YDR421W	9.166854	8.583227	8.907239	6.674991	6.522031	6.262262
YDR422C	22.644761	22.657044	21.579362	22.922665	23.386612	23.062413
YDR423C	41.700794	39.034514	39.67522	32.677054	33.516079	31.197724
YDR424C	228.41374	211.50734	216.957298	230.503499	187.671177	225.358392
YDR425W	6.983706	7.178553	7.106083	3.412017	4.223826	3.669497
YDR427W	24.484163	22.940277	22.066916	22.022195	25.198636	21.923182
YDR428C	29.265789	29.823807	26.664162	28.924443	31.913974	31.403914
YDR429C	63.173384	67.279643	66.012573	100.679917	99.42242	97.634273
YDR430C	9.422274	8.947464	8.868628	11.928848	12.72794	12.397418
YDR432W	55.241438	59.250313	58.993938	57.475197	59.744993	57.420284
YDR434W	48.440615	49.675589	50.03824	35.438054	37.482883	38.032025
YDR435C	56.955808	56.743462	56.681559	45.984229	47.192919	43.36968
YDR436W	11.896725	10.797722	10.859102	15.568799	15.868089	14.701236
YDR437W	34.449157	33.107106	30.410901	13.28789	16.750903	13.24398
YDR438W	30.461876	32.287039	30.176034	15.311048	16.603022	15.739065
YDR439W	13.814512	13.973666	14.374462	11.337622	13.535141	12.44855
YDR440W	6.503605	6.663073	6.44993	6.888196	6.598381	6.784878
YDR441C	59.661921	65.248038	61.843628	94.378073	103.376955	97.166125
YDR443C	2.809662	2.850526	3.036267	2.634128	2.532025	2.653145
YDR444W	20.220851	20.28208	19.297153	19.913371	19.87201	18.59805
YDR446W	0.843752	0.660879	0.836686	0.708435	0.699141	0.593145
YDR447C	1206.906399	1248.195915	1182.203588	1706.042355	1693.73271	1772.619499
YDR448W	13.13211	13.674281	13.783779	9.898019	10.49748	9.610786
YDR449C	10.122826	11.466562	11.456244	10.241994	11.430088	11.748973
YDR450W	1835.870967	1920.116791	1808.621232	2212.572336	2104.007639	2221.110919
YDR451C	83.000274	76.163896	79.710727	49.139999	45.26942	55.543643
YDR452W	64.944878	63.871041	63.206091	43.087196	46.998542	41.269291
YDR453C	151.254606	156.173756	153.920159	94.010574	89.574063	101.659649
YDR454C	388.52072	371.58167	380.493284	329.945001	307.429056	333.045733
YDR456W	45.142492	44.006488	44.297152	30.834396	33.411061	31.144728
YDR457W	3.662657	3.659597	3.61374	5.031754	4.543761	5.362952
YDR458C	16.861341	17.257881	16.769816	16.13214	16.56234	16.367343
YDR459C	37.561858	37.36184	37.531743	31.846866	32.017245	32.317705
YDR460W	42.608842	41.449085	42.864515	41.03329	43.630556	41.898397
YDR461C-A	42.954825	43.825151	40.930125	121.394143	105.585023	108.274867
YDR461W	15.745744	14.644246	22.743886	28.879013	27.079305	24.095823
YDR462W	54.641386	52.632332	50.402025	73.059057	70.123336	69.308728
YDR463W	100.073029	100.629059	98.805699	88.850365	97.247071	86.566079
YDR464W	15.181999	15.566839	15.031506	18.743271	18.511174	18.986343
YDR465C	49.633259	60.233374	61.926783	60.319848	63.366263	68.847246
YDR466W	21.504567	22.434735	21.993254	19.991754	21.361834	20.721481
YDR468C	75.799409	71.322571	69.200012	63.99239	61.606804	61.626691
YDR469W	63.902806	62.066267	59.975378	61.008815	57.745546	63.870612
YDR470C	20.746453	20.729231	20.926706	20.639071	22.392728	19.536597
YDR471W	1569.834855	1633.177882	1620.943098	1820.319215	1717.587792	1883.890685
YDR472W	71.359119	70.47086	70.129375	41.756865	47.169176	42.906817
YDR473C	20.188733	19.844544	18.552932	19.762516	20.789386	20.229022
YDR475C	32.208349	31.007648	31.794897	25.250626	27.497438	24.572983
YDR476C	75.638166	75.538556	77.020093	41.74177	43.487606	40.602468
YDR477W	16.961593	16.850762	16.12248	16.227316	17.434728	15.68084
YDR478W	15.673621	14.868058	14.10326	11.311745	12.307281	12.054128
YDR479C	8.626851	8.351776	8.091407	9.180519	9.442978	8.730072
YDR480W	49.399358	46.16087	46.35468	41.578726	39.486777	39.032062
YDR481C	72.073116	70.734379	71.876525	45.183417	48.248114	45.302334
YDR482C	40.240258	42.368522	43.915897	42.196263	36.427899	41.42929
YDR483W	218.447385	222.221466	221.004308	216.978898	245.766278	215.217665
YDR484W	5.713877	5.412352	5.385219	3.926304	4.333156	3.703769
YDR485C	25.566438	24.92827	24.896231	25.401636	25.536064	23.940343
YDR486C	47.632868	46.232467	44.660149	48.52007	51.928842	49.099813
YDR487C	346.674495	361.648104	357.014934	197.867144	198.189293	199.90905
YDR488C	3.154944	3.217156	3.294577	3.479645	3.131649	3.703677
YDR489W	21.849776	22.703872	22.796061	18.104053	16.761235	17.741986
YDR490C	23.167741	21.786806	23.579746	19.66922	23.519488	19.056855
YDR492W	214.173306	234.069473	275.553938	213.60379	282.302558	236.73107
YDR493W	99.555346	101.916733	105.160821	125.297376	119.433729	110.751066
YDR494W	41.27045	40.674618	39.534229	55.849813	56.495746	55.179278
YDR495C	2.530745	2.54146	2.220694	2.228513	2.406808	2.239422
YDR496C	38.360251	42.741399	43.171557	44.852167	46.427134	47.058001
YDR497C	325.537624	331.358637	302.468362	441.212095	332.512969	413.922666
YDR498C	43.677255	43.258507	42.52849	39.373486	40.51272	38.241961
YDR499W	1.377671	1.331406	1.218919	1.427869	1.420699	1.380302
YDR500C	2748.634699	3065.988663	2878.850558	4045.293775	3796.475991	4000.602986
YDR501W	13.723782	13.614468	13.413113	11.432077	11.502917	11.020108
YDR502C	450.185932	420.018311	357.302589	59.093934	43.259975	54.338184
YDR503C	37.818339	36.977381	37.588846	31.011015	32.588643	31.62944
YDR504C	0.339751	0.300187	0.266094	0.313907	0.33125	0.328718
YDR505C	3.789418	3.80582	3.65706	4.602144	4.869101	5.245037
YDR506C	13.225556	11.992373	13.084988	10.952902	11.536238	11.422632
YDR507C	15.432912	15.467468	16.140187	14.717108	13.719997	15.412926
YDR508C	89.388049	93.911242	96.51934	87.135257	76.732033	90.657468
YDR510W	779.966059	778.816696	739.023196	817.413622	797.560097	777.810713
YDR511W	65.689232	57.430073	62.039063	119.522992	101.532392	101.678001
YDR512C	37.765232	32.85756	34.675043	51.588495	47.174697	52.820131
YDR513W	157.605653	143.459381	144.21112	272.069887	263.299345	264.111821
YDR514C	19.24092	19.582037	20.313596	24.189275	23.132068	22.29298
YDR515W	5.862834	5.719892	5.692538	7.07146	8.027993	7.26448
YDR516C	95.985816	90.654793	84.26533	273.497347	284.935616	253.417824
YDR517W	91.853122	89.730242	93.28076	118.588191	114.766464	114.621668
YDR518W	53.974012	57.556571	58.866089	36.19031	38.914292	39.59472
YDR519W	211.936338	204.915076	221.001716	215.502128	200.27405	218.603748
YDR520C	11.557219	11.2082	10.486154	8.414764	9.153899	8.509456
YDR522C	3.054075	2.775845	2.713542	1.437411	1.62139	1.432907
YDR523C	13.173249	11.90102	11.665176	8.31119	10.383634	7.755693
YDR524C	11.033767	11.860141	11.139271	8.715089	9.966686	9.684877
YDR524C-B	822.516461	859.244308	821.872035	813.655065	777.255626	922.088585
YDR524W-C	1692.884771	1622.403868	1576.539634	1278.864816	1285.032945	1401.650275
YDR525W	0.200851	0.205859	0.153195	0.328465	0.271366	0.310929
YDR525W-A	58.6173	59.642677	58.196508	103.173837	93.359084	101.341608
YDR527W	64.79431	68.077476	69.744469	40.748486	38.994363	41.449326
YDR528W	79.052115	85.158465	86.60187	68.37484	70.577646	75.26111
YDR529C	334.82965	312.864228	317.246144	1750.520388	1556.344304	1777.107132
YDR530C	186.917807	176.727942	185.276875	128.813022	140.564893	132.502378
YDR531W	37.298714	37.928627	36.854217	23.415538	22.888854	24.090999
YDR532C	10.065749	9.902664	9.759961	11.058975	12.58795	11.560963
YDR533C	135.403735	119.25165	118.669191	157.94467	185.807768	151.679781
YDR534C	5.967997	6.051537	6.506299	3.801418	3.622411	3.909083
YDR536W	9.780026	9.598942	9.708148	35.562739	34.896043	36.016235
YDR538W	37.531798	35.562777	33.691965	25.584485	26.838897	24.856997
YDR539W	60.570332	61.155042	62.872435	56.57312	58.423269	57.829101
YDR540C	13.583765	12.635322	13.697037	6.037644	6.04353	5.752574
YDR541C	178.27093	163.430592	162.778972	61.94236	63.709469	60.925293
YDR542W	1.345797	1.63628	0.557435	2.153788	2.653129	1.30656
YDR545W	12.312952	13.356689	12.031659	16.399555	16.089934	16.489676
YEL001C	179.521006	176.529071	167.558554	108.021405	109.784433	107.260176
YEL002C	80.301199	81.254575	83.898449	56.662353	61.504982	57.2687
YEL003W	26.66378	26.145702	24.612012	24.994588	25.525159	25.242578
YEL004W	8.878519	9.222608	8.499253	7.528477	8.469885	7.087462
YEL005C	39.880459	38.490084	37.581224	40.704855	40.91435	39.732977
YEL006W	48.23947	46.864962	46.783356	37.56019	40.916856	37.947768
YEL007W	0.440703	0.38719	0.391536	0.467983	0.461301	0.450076
YEL008W	9.700929	8.835944	9.090045	7.652693	7.474616	5.441918
YEL009C	1085.062511	1123.15783	1057.421286	1524.82449	1656.763184	1629.832415
YEL009C-A	1.689937	2.937587	1.768884	1.578774	1.519004	1.327882
YEL011W	115.707609	104.644955	101.000633	254.079938	275.674446	233.877507
YEL012W	182.085026	158.641359	157.610609	194.503773	202.642486	200.153066
YEL013W	44.369586	42.539654	40.529967	28.989526	30.329634	29.893642
YEL014C	0.257052	0.239089	0.255333	0.164963	0.200288	0.227827
YEL015W	63.262825	64.008873	60.726458	49.495037	52.015924	46.886255
YEL016C	47.417692	47.374193	48.85472	30.401496	31.478803	31.453001
YEL017C-A	315.805875	302.952504	302.229598	91.499236	105.056006	93.776524
YEL017W	21.17844	21.231527	20.590839	12.846289	12.699022	12.563459
YEL018W	54.722907	55.925371	53.629493	59.927642	59.424631	57.190476
YEL019C	7.789814	8.10354	8.130012	8.272759	8.851531	8.264873
YEL020C	23.631739	23.293349	23.074304	20.71458	20.85415	20.219797
YEL020W-A	35.587687	31.651696	33.607146	55.51082	47.247673	57.17665
YEL021W	394.376864	390.258207	511.237527	607.088965	533.678721	626.654808
YEL022W	5.868659	5.893451	5.754692	5.742761	5.700875	6.111484
YEL023C	5.798272	5.533711	5.474552	4.991759	4.914187	4.999453
YEL024W	55.625708	56.828945	54.317923	272.420906	252.505173	276.082247
YEL025C	24.754487	24.675496	23.582233	17.912653	18.075401	19.282896
YEL026W	369.218192	431.895192	454.247064	810.335659	768.114729	828.65135
YEL027W	1818.895737	1821.940224	1881.66255	1250.36217	1327.419567	1299.870356
YEL028W	50.017978	45.329729	45.436607	27.608062	30.147411	27.076699
YEL029C	81.509807	79.297941	75.992964	31.282846	34.324503	32.229182
YEL030W	11.642004	10.541733	10.011947	13.651007	13.43825	12.330623
YEL031W	54.517824	54.006707	55.844481	55.213005	56.833991	57.548538
YEL032W	27.855872	28.864023	29.730645	38.24877	36.485774	38.459815
YEL033W	0.266396	0.261069	0.300535	0.799768	0.707349	0.928563
YEL034W	276.973173	271.453521	318.831825	788.759951	656.960915	849.235783
YEL035C	0.525914	0.406054	0.439653	0.3989	0.654351	0.454572
YEL036C	35.904015	36.343477	38.442477	37.460957	36.238583	40.037181
YEL037C	19.781938	20.598951	19.8462	33.113331	33.076136	31.371958
YEL038W	86.910144	91.500597	101.775886	103.471767	89.624419	90.95977
YEL039C	129.262034	113.837129	129.618646	448.071256	378.303546	359.062495
YEL040W	129.318801	133.643562	136.491506	62.121914	53.613877	61.322751
YEL041W	10.781399	10.317663	10.939894	10.927037	11.239461	10.6582
YEL042W	37.694745	40.410121	39.212625	40.599832	40.561826	42.79215
YEL043W	13.563419	14.051148	13.944765	13.326881	12.289234	12.770018
YEL044W	115.084306	113.433956	116.585434	107.36926	102.865497	101.550378
YEL046C	238.26667	265.35203	262.093282	208.985029	207.622153	225.667316
YEL047C	137.037506	143.769531	138.687879	63.282505	66.186992	68.974532
YEL048C	27.220364	27.664462	24.82312	17.650511	18.881605	18.199366
YEL049W	68.067205	72.001236	70.894224	259.55838	179.59601	247.289991
YEL050C	61.911629	65.522619	66.964406	79.030985	81.00718	77.782854
YEL051W	435.737213	422.726334	414.253154	306.753321	314.436309	298.073463
YEL052W	40.598846	39.985987	43.028614	35.813695	33.352747	34.494137
YEL053C	12.62905	13.455604	13.204097	10.785259	11.582409	11.707679
YEL054C	575.985958	627.128892	567.498424	601.460571	612.471173	595.133163
YEL055C	15.452251	15.587655	14.274094	14.274449	14.625669	14.860383
YEL056W	31.130018	31.291234	31.01629	22.295397	22.662197	22.128808
YEL057C	4.656395	4.83559	4.881017	5.292666	3.912092	4.453877
YEL058W	82.449469	80.401763	81.350214	69.082481	64.689166	69.415225
YEL059C-A	36.855578	38.121897	37.127914	41.364332	40.257141	40.549932
YEL059W	114.139624	128.539142	123.183747	62.401332	66.591724	67.180452
YEL060C	176.288386	168.013399	172.771247	239.921305	270.072342	220.334637
YEL061C	4.111503	4.171421	4.275238	4.429019	4.461518	4.592247
YEL062W	2.414918	2.458184	2.253593	1.939922	2.191051	2.108881
YEL063C	96.356401	103.952696	104.405922	54.797503	53.235473	57.62353
YEL064C	26.070644	26.610327	26.563726	18.806086	21.675115	20.166383
YEL065W	176.912646	171.477632	196.393978	44.225765	53.750266	41.93974
YEL066W	180.026833	180.118652	175.641014	164.839024	164.932625	159.643836
YEL067C	87.000335	84.312857	89.235114	53.162525	52.971057	52.167815
YEL068C	125.942224	131.972757	133.321095	93.540942	108.639548	85.301997
YEL069C	4.945193	5.116657	3.902737	87.745161	101.663654	73.509515
YEL070W	23.812677	21.704881	18.969915	2078.174687	2364.476877	1681.678502
YEL071W	2928.58186	2817.813558	2727.038876	834.168841	881.924064	812.385635
YEL072W	135.275319	120.767533	101.052033	15.811845	15.679157	16.328846
YEL073C	346.541997	311.48729	282.676545	71.884781	62.771332	66.181879
YEL075C	0	0	0	0	0	0
YEL076C	0.416095	0.214566	0.158788	0.405203	0.250507	0.311815
YEL076C-A	0	0	0	0	0	0
YEL077C	20.315174	19.139397	20.894794	22.070912	18.878666	21.533751
YER001W	12.830442	13.269202	13.315472	20.980768	22.646383	22.821428
YER002W	49.031012	49.288361	50.282803	56.151505	54.200559	58.562029
YER003C	136.118098	142.669202	137.185876	191.326024	184.661299	197.717105
YER004W	67.42697	63.212485	63.23091	115.034435	115.715516	115.704168
YER005W	56.000555	57.967729	56.875363	39.260293	44.92302	38.712312
YER006W	47.121927	52.118172	48.535464	72.347104	74.401116	76.948062
YER007C-A	101.236137	99.39374	98.046131	94.097594	94.359888	96.521458
YER007W	10.416849	9.201054	8.983218	7.191939	8.68716	7.833264
YER008C	17.011076	17.495018	16.681363	16.054402	16.45635	16.264632
YER009W	663.843782	644.529865	639.526453	800.701738	786.813572	812.358697
YER010C	141.823111	145.334134	147.400225	122.025504	125.297082	121.076248
YER011W	4258.649818	4646.42271	4555.494524	4723.721649	4418.389824	4900.81713
YER012W	305.957882	291.521739	282.488167	276.803211	280.479755	260.19547
YER013W	15.35575	16.02387	15.590021	15.558085	15.258413	16.01914
YER014C-A	93.181381	98.098069	102.881616	79.227789	83.984666	78.032494
YER014W	27.028662	27.740665	28.52925	22.896573	22.891814	23.344572
YER015W	12.362085	11.796639	11.630711	20.612651	19.821075	19.757159
YER016W	34.500723	32.413778	32.354054	28.641528	26.785607	27.582286
YER017C	33.36836	32.384407	31.891257	39.670014	39.758963	36.754293
YER018C	8.307106	7.762483	7.348444	10.969136	11.507775	10.927366
YER019C-A	479.570109	488.76696	466.73726	562.51039	506.558824	531.130075
YER019W	30.745561	30.56839	30.39844	25.009601	26.167334	23.618493
YER020W	59.540882	58.651357	57.135151	82.833492	87.117219	78.295212
YER021W	71.530686	68.075323	67.1715	69.004303	74.820303	64.639227
YER022W	3.005155	2.835949	2.89755	2.539805	2.724511	2.492152
YER023W	320.109314	315.27207	318.916615	283.309729	261.951907	281.047383
YER024W	161.39873	154.811456	152.791456	66.438438	60.18181	69.055509
YER025W	92.548976	96.452074	97.414789	123.381039	124.128387	129.016971
YER026C	111.122969	102.706355	103.88126	90.701074	68.650677	82.056848
YER027C	56.316189	59.233326	57.105134	45.647351	49.008372	45.913243
YER028C	38.922623	40.73632	39.42891	12.56925	11.607929	12.068933
YER029C	102.008912	99.413713	97.440366	84.41097	83.633861	83.497043
YER030W	223.859162	198.662404	196.719783	223.360457	203.387296	215.953497
YER031C	142.748146	144.52235	145.153869	124.288436	116.906029	118.223355
YER032W	13.87146	14.127942	14.258706	10.896643	10.8875	10.350202
YER033C	7.338738	7.480056	8.212279	6.114107	6.369773	5.493642
YER034W	36.595232	37.396294	38.303146	31.556442	28.471364	31.147511
YER035W	81.410087	84.717514	90.357647	156.401815	157.730653	149.288735
YER036C	95.547343	108.324748	119.771563	154.61655	139.825467	156.787899
YER037W	83.69756	81.768979	79.743883	36.230855	34.336474	34.99037
YER038C	1.359304	1.237193	1.21891	0.896498	0.940599	0.926407
YER038W-A	0.583364	1.727985	1.60976	1.249698	0.172113	0.585229
YER039C	38.336029	38.727559	38.234028	32.388565	33.876367	29.556679
YER039C-A	41.816173	41.913974	44.459685	32.172929	30.536347	25.912607
YER040W	25.257724	25.590011	25.039913	12.674702	12.347985	12.447224
YER041W	15.393706	14.810453	15.510099	15.074689	16.821309	15.899282
YER042W	140.032561	129.889163	127.866127	59.515087	63.179009	53.028895
YER043C	425.666577	470.370827	523.949444	495.059181	418.443816	527.257085
YER044C	390.559319	407.262506	458.963786	474.210581	454.325176	525.796091
YER044C-A	1.098543	1.039652	1.170527	1.110246	1.055927	0.983521
YER045C	20.275248	20.096591	20.454982	18.721564	22.686397	19.776786
YER046W	243.383305	235.51044	237.507161	444.16287	453.725109	435.856953
YER047C	16.066988	18.5473	17.659422	18.248499	18.876827	19.338848
YER048C	79.29151	73.991852	74.190497	72.562765	71.549325	73.505115
YER048W-A	89.583162	85.792586	85.228558	56.275432	59.50971	54.715409
YER049W	65.366938	70.4005	72.530796	41.156385	42.768829	43.85774
YER050C	183.833467	173.299101	176.906377	205.179253	191.549486	191.126208
YER051W	27.383368	26.086169	26.081641	21.604648	24.088319	22.123392
YER052C	668.830615	673.017386	623.807776	160.156271	155.538316	162.124633
YER053C	51.945774	47.825829	43.2579	31.158394	34.2997	28.335596
YER053C-A	3.936436	3.111902	3.986042	22.690653	17.306323	30.010252
YER054C	7.481158	7.08044	6.871007	32.576452	31.835211	27.305427
YER055C	854.215843	874.538867	823.462946	244.350269	249.520319	258.251019
YER056C	302.837235	372.02714	408.376576	486.444302	467.020609	509.116502
YER056C-A	966.547676	1007.658583	1010.119828	1347.801109	1257.545986	1351.213674
YER057C	502.264314	500.707188	512.461797	580.065814	551.670702	564.529311
YER058W	67.585377	64.19676	72.779104	93.212782	87.937682	83.458156
YER059W	56.016028	52.300539	52.331071	46.589628	46.06425	43.131378
YER060W	27.602381	29.676309	29.47825	12.954917	14.343348	14.319746
YER060W-A	36.446237	36.361496	32.540764	6.548433	8.388109	8.042114
YER061C	71.295753	71.663033	69.378694	34.928315	37.935821	34.600607
YER062C	363.881056	422.568188	504.255865	705.377196	642.633473	726.630365
YER063W	162.578731	158.548232	156.499174	174.846212	163.064085	160.559204
YER064C	34.896465	38.671569	40.0173	64.103014	69.414513	62.800322
YER065C	60.274893	57.724286	58.506369	71.673727	65.690742	66.789866
YER066W	71.894954	66.543489	68.230386	60.305405	70.906391	58.946258
YER067W	172.766492	135.515636	107.669131	528.356768	563.278254	476.090306
YER068W	36.337473	36.281759	36.122773	30.034864	29.398386	28.553171
YER069W	303.737534	303.887149	300.132684	63.449808	70.782973	63.809203
YER070W	129.645141	137.509372	133.44021	120.148264	104.405743	133.993
YER071C	12.685774	12.364194	11.944165	12.072342	14.230266	12.696333
YER072W	339.035777	332.357157	328.086181	264.885907	279.466124	287.962966
YER073W	333.230344	339.554752	320.719241	135.052526	154.883264	152.998215
YER074W	2448.035618	2578.710601	2429.558824	3200.004706	3003.249286	3258.39852
YER074W-A	167.644151	147.586534	148.422162	155.06611	155.214551	152.614269
YER075C	7.980531	7.739517	8.836661	10.87273	11.451446	10.559102
YER076C	24.313651	24.102051	22.970648	20.27138	20.920408	21.502618
YER077C	14.611686	15.029454	14.756785	16.061774	16.152596	15.881848
YER078C	39.797007	39.990455	38.45741	30.118801	31.649368	29.681226
YER078W-A	3.447286	3.44278	3.813459	2.029137	1.778219	2.269704
YER079W	109.406698	102.684163	94.142412	133.357869	148.083027	127.07758
YER080W	43.124978	41.314705	38.142706	36.266753	41.731896	34.579193
YER081W	201.153359	187.051307	171.824538	189.065383	219.183674	188.415448
YER082C	22.048985	24.878191	25.62031	25.31189	25.427057	27.155006
YER083C	66.166235	61.895657	65.377454	58.422749	55.929782	58.592109
YER084W	14.39455	17.286562	17.332649	31.921079	33.607443	33.398898
YER085C	5.546409	5.636374	4.961776	14.087993	18.393679	14.2566
YER086W	292.895496	315.728801	307.600765	146.857093	147.161278	151.842393
YER087C-B	393.973465	362.613005	372.818443	414.09843	400.254072	429.102469
YER087W	11.921132	12.456352	12.020791	11.383685	11.683833	10.522341
YER088C	39.242644	39.858949	39.853653	31.885342	33.89371	33.367698
YER089C	16.348176	17.271132	15.690057	16.484842	15.960166	16.82732
YER090W	136.494227	133.244809	126.845798	69.240861	67.897229	70.744459
YER091C	3256.457719	3327.978452	2935.744316	265.779705	243.70873	243.941172
YER092W	456.035661	427.862064	403.594754	147.557454	131.562512	126.807585
YER093C	4.460662	4.50141	4.247673	2.900624	3.134503	3.181492
YER093C-A	38.914894	37.827016	38.258811	51.932525	52.477147	47.890308
YER094C	256.988759	243.218764	251.629414	262.584496	267.589285	253.933595
YER095W	25.681322	26.251098	25.843362	58.955405	55.867098	55.152384
YER096W	19.762024	16.892957	17.806524	24.755437	23.251862	22.560536
YER098W	4.909422	4.835169	4.863757	4.391499	4.679552	4.403176
YER099C	97.735574	99.846229	99.216475	95.452676	98.680791	92.875139
YER100W	110.664564	107.412464	107.763211	104.907522	122.762419	106.614703
YER101C	21.099217	20.142688	19.62274	26.936495	28.505685	25.480486
YER102W	1963.792543	2098.847714	2076.802151	2238.831707	2226.362129	2302.562416
YER103W	13.559102	13.104122	12.031679	15.675763	19.25522	14.593968
YER104W	9.118341	9.712495	8.43853	7.845583	8.535644	7.586755
YER105C	11.456647	11.684866	10.718274	8.994862	9.130847	8.911559
YER106W	11.25714	10.957046	10.049452	11.872687	13.813306	10.751635
YER107C	82.071189	80.878592	81.365799	63.737717	68.164667	65.44451
YER109C	9.337538	9.226219	10.017255	8.749791	8.407482	8.994169
YER110C	61.163059	63.976595	58.840071	76.518811	73.1087	78.642058
YER111C	5.05858	5.145526	5.196564	5.292985	4.96827	5.60349
YER112W	52.667316	50.653632	48.930218	52.83156	53.064347	52.024211
YER113C	13.635408	14.205178	13.340592	11.765948	12.39233	12.038345
YER114C	21.939816	22.825536	22.104111	19.851921	19.661695	20.223702
YER115C	16.845946	17.776747	17.136479	15.482731	17.351178	13.991949
YER116C	36.726127	33.679583	35.368758	32.8024	35.48964	32.005435
YER117W	1990.793462	2063.674106	1955.758925	2310.440199	2233.764492	2326.329533
YER118C	27.680867	28.55382	29.613241	20.302696	23.203066	22.33936
YER119C	41.054344	40.474559	40.594603	28.719266	29.439377	26.625337
YER120W	189.757026	184.420062	193.661995	209.285757	204.72149	214.726382
YER121W	10.347581	10.485615	9.881153	30.301842	26.546855	27.215871
YER122C	100.233961	101.744285	99.959414	93.372906	99.14946	94.409605
YER123W	26.941564	27.446869	27.056899	17.083385	17.871765	17.21181
YER124C	128.682	130.415798	123.916119	57.228661	56.156929	55.80917
YER125W	39.00938	38.889675	36.647402	39.656529	38.455533	38.717116
YER126C	84.870091	102.39605	105.128503	147.622499	139.196075	157.905396
YER127W	60.853545	68.326668	74.665876	66.747364	70.603078	70.43243
YER128W	57.167713	55.361071	54.114744	41.304329	42.289583	40.899866
YER129W	21.187037	21.092225	21.433024	16.984933	17.929446	17.320534
YER130C	64.302939	60.950141	63.581958	36.853384	40.986561	38.835831
YER131W	1431.553559	1560.201047	1449.252188	1863.915152	1803.217631	1935.642383
YER132C	4.69621	4.687931	5.014534	4.332295	4.134014	4.492693
YER133W	172.326531	168.881712	159.950867	164.592813	187.039031	167.442362
YER134C	32.634123	31.083048	31.432072	23.696124	23.427384	21.846546
YER135C	3.174374	3.150505	3.67237	2.122112	2.185622	1.934103
YER136W	111.739095	112.150485	109.685811	104.232432	109.289082	102.916624
YER137C	1.729353	1.925142	1.874005	2.279251	2.393328	2.050743
YER138C	183.913659	154.45206	178.179672	12.588702	22.006729	20.746938
YER138W-A	224.784324	199.802424	198.470206	139.189487	122.308744	148.179219
YER139C	15.64636	15.043895	15.016187	12.69289	15.074019	12.430253
YER140W	14.175463	15.617958	15.357577	12.307716	12.57806	13.07211
YER141W	41.744963	38.102911	39.2082	56.903649	58.462954	58.16735
YER142C	21.527666	19.404778	19.090178	22.129416	23.641566	21.505188
YER143W	30.843455	29.079796	29.033261	42.187723	45.299777	41.991128
YER144C	11.673115	12.168984	12.208999	8.946021	9.33264	9.375254
YER145C	1008.429789	962.986205	1110.678953	328.695433	476.744209	348.38799
YER145C-A	55.930656	51.76624	58.400347	35.355181	34.967105	40.383865
YER146W	95.092446	83.520603	86.020454	89.344908	75.981944	76.815819
YER147C	8.423125	8.393463	8.803773	9.285396	9.305455	9.201279
YER148W	205.644457	207.686601	203.537512	206.535468	195.144181	200.354415
YER149C	36.6528	36.469385	36.509237	32.678051	32.717757	32.207388
YER150W	108.458641	95.394808	90.44063	333.486283	295.496848	294.057821
YER151C	30.556392	31.409005	30.113462	28.399083	29.304979	27.237475
YER152C	22.369136	23.165539	23.348525	18.16834	18.959567	19.043473
YER153C	0.733927	0.760575	0.695361	0.828992	0.852784	0.906186
YER154W	31.904864	34.410701	33.69109	35.257052	35.696745	33.301997
YER155C	6.550844	6.843026	6.257089	5.907742	6.170467	6.465544
YER156C	56.897482	64.151185	61.777707	88.299938	82.253445	96.560629
YER157W	14.621643	14.379347	14.187735	14.456767	14.274037	14.389196
YER158C	107.048052	113.333019	114.78194	114.013502	127.55496	114.265058
YER159C	292.387671	301.85721	294.984116	250.870548	266.098847	253.720394
YER159C-A	0	0	0	21.95858	21.024338	26.301354
YER160C	46.279021	43.28558	50.955794	18.964952	20.388747	17.374117
YER161C	106.09134	106.257152	105.425266	93.530839	93.718261	94.290706
YER162C	34.45049	35.089489	34.235547	26.502215	28.367387	26.23782
YER163C	97.726301	93.847268	103.087038	81.268566	75.273309	74.196052
YER164W	13.562468	13.061003	12.957253	11.737154	11.792664	12.047464
YER165W	29.238005	28.038492	25.644987	53.526187	51.329557	45.983368
YER166W	15.879357	16.463308	16.353799	16.482624	16.078743	16.621859
YER167W	24.029733	24.067104	23.996357	27.150176	28.445327	27.541415
YER168C	3.258296	3.253068	3.150133	2.577714	2.834318	2.652168
YER169W	43.038292	43.223093	45.508973	47.367573	49.746135	46.752176
YER170W	27.534888	26.659782	27.363539	24.209512	24.380024	23.898943
YER171W	16.779368	16.559571	16.301154	12.14486	13.138368	12.915807
YER172C	6.511969	6.831011	6.826665	6.947801	6.658638	7.120389
YER173W	9.062005	9.262528	8.737833	8.527812	8.47987	8.638658
YER174C	108.95571	100.829139	95.766895	113.251882	93.669403	116.909626
YER175C	287.509747	274.127347	270.594962	60.305438	63.79187	60.357722
YER175W-A	5.28882	4.508145	3.984272	2.308871	2.871068	2.340742
YER176W	44.324105	43.847216	43.432403	27.088631	29.080746	27.527911
YER177W	1342.623306	1326.290258	1330.048581	1176.2682	1298.580056	1139.571049
YER178W	497.168416	485.208584	502.229635	399.709022	398.346586	392.990104
YER179W	21.280474	20.781078	21.275853	12.910829	16.19891	13.41357
YER180C	45.494456	40.082979	42.325658	31.448074	35.372434	29.916358
YER180C-A	32.128891	27.60709	29.355476	19.408608	24.888067	21.862479
YER181C	0.570144	0.677571	0.431225	0.34235	0.376425	0.308742
YER182W	58.207284	59.24225	54.023548	121.775062	118.935745	117.157959
YER183C	75.542368	74.077471	78.318968	84.751515	79.705807	82.562733
YER184C	10.389614	10.28299	9.626458	5.161718	5.76474	4.863702
YER185W	6.425477	6.603901	7.067967	4.866	4.545112	4.283429
YER186C	58.183052	56.33316	57.023841	58.621781	57.595508	55.799993
YER187W	48.074851	45.443838	48.739636	33.665289	41.346578	35.557083
YER188C-A	1.461673	1.153327	1.550371	1.23777	1.544903	1.435845
YER188W	136.847833	137.452542	131.133279	129.776358	168.982886	129.078041
YER189W	54.591382	54.107245	56.971877	61.005737	77.992057	62.570471
YER190C-B	0	0	0	0	0	0
YER190W	0.676936	1.008438	0.440981	1.015075	0.871965	1.422445
YFL001W	18.462818	19.078976	18.559036	17.101682	18.115871	16.645041
YFL002C	18.892088	19.965971	19.823048	17.615824	19.994003	18.573354
YFL002W-A	123.323915	117.597674	125.775807	50.027309	60.020852	57.520918
YFL002W-B	0	0	0	0	0	0
YFL003C	0.720648	0.678925	0.656077	0.487493	0.570197	0.478814
YFL004W	19.091714	18.541135	18.81241	15.079481	15.521193	15.601223
YFL005W	247.831124	231.63138	230.478755	235.934412	243.843854	242.570122
YFL007W	7.399239	7.656043	7.907975	13.122096	12.106968	13.511609
YFL008W	3.750337	3.618219	3.536676	4.688416	4.309682	4.497724
YFL009W	19.029581	19.634977	19.082635	13.826442	15.810169	13.853546
YFL010C	164.372294	152.996966	162.789533	92.524924	95.390065	90.129758
YFL010W-A	69.507553	74.854764	78.894512	44.949185	53.17186	46.117534
YFL011W	6.896651	6.919112	6.832718	31.581104	32.54123	28.833571
YFL012W	19.643542	18.525552	20.532048	21.72518	26.94399	24.117834
YFL013C	25.666731	25.163065	26.537681	34.724679	36.063206	33.779876
YFL014W	1646.799591	1345.524844	1371.837681	4136.488583	3600.147716	4156.939239
YFL015C	1.264136	1.529282	1.44153	0.66924	0.960386	0.738039
YFL016C	3.265656	3.310881	3.018853	5.277953	5.58888	5.060764
YFL017C	53.437298	53.566749	53.737003	49.936181	47.472949	50.666288
YFL017W-A	105.820773	100.711608	108.844138	100.998205	97.684424	93.63901
YFL018C	268.720107	256.67849	249.158471	425.780425	420.374996	413.227977
YFL019C	23.150096	23.467424	23.324997	9.80118	11.357278	8.515354
YFL020C	2.627234	2.598111	2.345212	6.690853	6.686351	5.381224
YFL021W	3.785779	3.84083	3.646037	2.422114	2.578457	2.255935
YFL022C	126.13582	136.870975	131.00668	136.460684	139.215414	139.683049
YFL023W	16.56305	17.325078	16.157455	19.66542	21.293749	20.596671
YFL024C	17.694169	17.924646	18.016275	14.849293	15.141857	14.703439
YFL025C	13.05959	13.546545	12.329138	8.503982	9.368882	8.685424
YFL026W	15.117638	15.533381	15.074211	9.519083	9.750327	8.942718
YFL027C	16.86913	16.927345	16.482601	15.207402	15.361099	15.296678
YFL028C	219.32459	205.323156	196.381204	80.226699	80.811306	81.978606
YFL029C	62.724705	61.296959	62.753576	41.506487	43.106832	40.771645
YFL030W	21.822588	20.460066	21.131719	34.992356	33.270565	34.845434
YFL031W	53.438344	54.994033	56.038663	52.348774	52.478888	57.836662
YFL033C	1.117574	1.090881	1.154018	1.568517	1.458141	1.562787
YFL034C-A	231.772267	258.10652	283.904332	243.209094	252.894553	259.337722
YFL034C-B	51.046803	53.857576	56.953332	52.354055	55.595942	53.903545
YFL034W	17.754842	17.902869	17.705157	15.857673	15.060388	16.130854
YFL036W	2.857966	2.924264	2.91902	5.547885	5.800872	5.664933
YFL037W	199.25117	203.322612	197.452124	177.295092	172.752034	176.616812
YFL038C	1031.832088	1010.168021	1019.571759	1064.187744	1067.272037	1051.090994
YFL039C	1195.247657	1192.479024	1212.626416	1084.115821	1128.285526	1113.974405
YFL040W	5.904081	5.352481	5.356405	4.887787	5.689288	5.258601
YFL041W	23.562634	22.851136	23.693259	19.223496	19.524794	18.107382
YFL041W-A	32.320211	33.681766	36.577797	36.442564	38.888325	39.867634
YFL042C	61.15662	59.15939	58.637062	58.239505	63.181535	59.455215
YFL044C	60.488252	58.585179	53.758953	80.62696	88.233983	78.974342
YFL045C	415.392503	420.381033	429.643342	492.107268	439.254765	530.719126
YFL046W	100.574056	98.859669	89.975597	76.99706	72.059541	74.951243
YFL047W	32.642273	32.674229	31.333399	25.256879	26.228374	25.272736
YFL048C	42.468308	43.554207	40.656049	33.049937	36.074032	32.753418
YFL049W	18.689785	17.839012	17.826643	14.992951	14.930453	14.590169
YFL050C	18.441409	17.703608	18.906524	13.732846	15.050499	14.291875
YFL051C	7.539703	7.793119	5.93816	19.802818	19.779189	20.895645
YFL052W	6.853693	6.716208	6.345681	18.703212	16.833379	16.970836
YFL053W	0.868722	0.859758	0.765535	2.623294	1.8421	2.213478
YFL054C	19.834835	17.899872	17.797924	25.748306	21.839225	24.370748
YFL055W	9.645067	9.820918	9.211284	8.723546	10.492093	9.16236
YFL056C	27.022969	25.383421	25.488333	22.931416	25.565159	24.298868
YFL058W	15.122901	10.219068	14.010887	19.930028	24.028536	23.165571
YFL059W	44.007976	44.111706	37.645756	39.255801	39.616465	42.42555
YFL060C	41.665963	42.166206	38.602541	37.921575	39.724921	39.15922
YFL061W	18.368877	19.030873	14.565103	15.46392	11.074652	11.748816
YFL062W	6.765025	6.989666	5.8079	3.969393	4.567101	4.155974
YFL064C	28.814642	28.787197	21.054435	27.466365	32.288459	25.770433
YFL065C	28.566313	21.654098	28.093528	14.683546	23.844447	15.050821
YFL066C	4.930273	2.820478	1.456845	1.951096	4.464279	2.302066
YFL067W	46.446777	56.122053	55.38201	63.374993	56.283178	59.510541
YFL068W	0	0	0	0	0	0
YFR001W	83.254755	82.592816	85.00028	86.675684	82.787253	93.463637
YFR002W	9.707673	9.732029	9.24322	8.174264	8.323819	8.198029
YFR003C	76.173643	63.606203	67.377402	74.82249	74.510043	69.12953
YFR004W	147.696342	139.702985	145.842696	137.134143	147.950528	136.023304
YFR005C	29.408959	30.701176	29.432968	25.937651	27.024644	24.78793
YFR006W	72.280907	73.309135	68.819661	74.432743	76.53169	74.090571
YFR007W	25.855582	25.907866	25.99659	23.1737	24.519607	21.964585
YFR008W	31.452367	30.280867	29.829667	26.246379	26.332986	23.583841
YFR009W	73.066252	69.612057	68.711409	53.957166	56.198381	55.572716
YFR010W	76.91514	71.238184	70.985722	62.27686	67.889153	59.664765
YFR011C	56.521698	56.247303	53.573486	100.550019	95.304042	97.954556
YFR012W	7.22269	7.065229	6.784676	8.001883	8.822548	8.290449
YFR012W-A	5.343085	6.609179	5.139896	4.654841	4.200668	3.389556
YFR013W	17.764573	18.130945	17.642853	15.631	16.567208	15.458707
YFR014C	74.612713	74.694054	73.353996	145.231546	144.81418	137.297473
YFR015C	83.871914	80.495618	76.411316	146.653449	112.657051	132.88972
YFR016C	37.870958	37.03651	33.4289	37.417442	37.196213	34.583655
YFR017C	3.255894	2.713415	2.58965	12.061145	11.756201	10.81573
YFR018C	6.400418	6.273573	5.985345	7.129567	6.764611	6.92192
YFR019W	0.579252	0.573581	0.584612	0.694672	0.609762	0.724595
YFR020W	41.64988	44.684541	42.532975	29.797256	31.929518	29.460299
YFR021W	35.557108	37.635908	36.276766	27.420514	29.350467	25.457626
YFR022W	18.118163	17.104335	16.936418	9.563995	9.763143	9.240068
YFR023W	4.496158	4.16377	4.259951	5.396413	6.222695	5.320971
YFR024C-A	83.15319	81.742232	83.778928	71.672331	72.576844	69.098974
YFR025C	108.580231	107.070985	105.811123	48.281725	47.257705	44.362575
YFR026C	26.845482	29.60986	28.875415	36.542125	34.806325	50.520172
YFR027W	23.757336	23.509478	26.633731	27.855439	28.1015	27.990687
YFR028C	37.593285	39.556597	38.474974	32.496438	33.898726	32.16311
YFR029W	22.697897	21.711374	22.214994	12.396761	12.533775	11.523061
YFR030W	533.08691	547.802486	446.976227	33.304336	34.409587	32.008598
YFR031C	5.756492	5.921177	5.983506	5.639154	5.647255	5.704457
YFR031C-A	793.562934	867.538162	837.468618	876.829335	851.041742	885.767296
YFR032C	0.646777	0.665861	0.612908	1.296194	2.701652	1.507973
YFR032C-A	1594.648528	1688.366004	1597.170966	2401.771091	2233.789537	2321.199935
YFR032C-B	5.346111	5.537271	6.357368	6.789745	6.935095	6.132271
YFR033C	144.780789	144.179427	142.775332	529.453397	499.454217	567.926648
YFR034C	6.125871	5.944706	5.642874	5.653637	5.962121	5.363261
YFR035C	48.402331	51.73031	49.855143	50.727682	49.808421	40.479798
YFR035W-A	85.71976	81.405702	79.875323	107.395341	80.875056	88.956698
YFR036W	43.003876	47.456915	50.044692	56.919528	50.928143	59.954869
YFR037C	63.027208	62.319759	59.351811	73.187338	72.1435	70.26786
YFR038W	5.000675	5.080671	4.754728	3.939629	4.102882	3.78402
YFR039C	28.046535	27.640418	26.843643	23.774939	26.224448	23.814993
YFR040W	9.90038	10.054033	10.131359	16.00989	16.155893	16.155881
YFR041C	34.966616	33.474318	33.946101	30.784797	30.527223	31.189645
YFR042W	28.967503	29.461811	29.363494	18.856752	20.795292	18.578236
YFR043C	34.02129	32.836887	32.971897	30.870764	33.67694	31.314392
YFR044C	185.433723	184.830697	187.122683	189.482333	178.909327	188.129877
YFR045W	11.758681	11.602314	11.635181	14.168139	14.341172	12.66251
YFR046C	33.388688	33.218824	32.108908	28.870275	27.934228	28.154136
YFR047C	342.693017	325.71793	329.492485	232.572905	238.77582	236.583977
YFR048W	13.052073	12.771287	12.857776	10.972039	10.999062	10.942335
YFR049W	145.268708	129.517793	140.613951	363.842473	315.268382	343.315656
YFR050C	230.732515	228.079018	217.127265	235.194396	244.931577	220.399838
YFR051C	24.003733	23.851152	23.633245	27.892787	27.444827	26.513743
YFR052W	115.289782	108.309494	108.162412	98.628689	108.574473	94.428027
YFR053C	474.562912	424.607005	385.201006	11036.847179	10836.409572	10642.357968
YFR054C	4.101632	5.264259	4.840034	1.99193	2.362561	2.050469
YFR055W	74.590473	76.490234	75.150725	38.260545	36.467722	39.847425
YFR057W	0.587904	0.549442	0.615565	0.354716	0.753505	0.244313
YGL001C	94.780719	103.732977	104.032731	75.238404	66.662706	81.588451
YGL002W	100.52318	93.631987	95.575032	84.849048	85.119338	78.788315
YGL003C	60.326942	60.721195	61.714779	56.443885	53.860953	54.613995
YGL004C	39.29718	35.923435	36.969766	29.288756	30.617867	27.949754
YGL005C	77.018653	74.50859	70.228056	106.18307	113.488545	106.513211
YGL006W	7.368134	7.637725	7.265996	11.114722	10.842921	10.658904
YGL006W-A	1.864628	1.464425	1.875784	0.859494	2.443246	2.190529
YGL007C-A	0.342623	0.208505	0.265059	0.278413	0.290038	0.186589
YGL007W	4.962699	4.529258	4.20328	3.643241	3.868893	3.821026
YGL008C	1281.203736	1347.218956	1343.834554	820.390133	673.701218	896.120258
YGL009C	816.748708	818.595791	806.66341	256.226732	271.904655	281.213729
YGL010W	88.660289	79.081746	80.144131	82.267284	88.237364	77.089034
YGL011C	285.415655	274.316462	276.862174	247.989668	248.704089	226.897702
YGL012W	295.569988	314.842253	340.871081	161.668508	151.902746	191.177586
YGL013C	8.430745	8.178324	8.008355	7.285386	7.383174	7.535243
YGL014W	1.750968	1.767453	1.814984	1.707206	1.707084	1.7612
YGL015C	1.187133	0.954858	0.856578	0.529624	1.425915	0.586398
YGL016W	6.136351	6.693474	6.312233	4.525732	4.804277	4.439503
YGL017W	37.869065	38.951647	39.536493	33.936341	32.859305	31.69315
YGL018C	67.042237	68.594383	65.355578	76.927272	68.491207	65.36197
YGL019W	156.202993	156.553513	161.663078	163.823891	158.623051	157.468704
YGL020C	86.911825	85.735523	86.370457	69.087533	75.023245	66.970128
YGL021W	38.802502	36.37604	37.728379	23.281788	23.688093	24.186109
YGL022W	105.443623	106.997697	106.558874	98.153918	100.023168	103.137472
YGL023C	38.120982	39.177782	40.121417	37.241908	35.680665	36.189187
YGL025C	25.022261	25.099829	23.984863	19.986899	20.430531	20.018031
YGL026C	462.01385	463.531538	455.469356	200.981593	188.481954	195.357987
YGL027C	21.655958	20.059832	20.612625	12.216152	12.840868	13.060317
YGL028C	347.360114	357.654121	364.398687	151.888173	137.483348	149.988576
YGL029W	80.218885	87.019056	83.298406	111.708067	120.017275	123.448725
YGL030W	4421.059409	4863.811472	4326.983792	6291.887091	5956.904589	6326.860759
YGL031C	1544.488957	1601.78615	1466.407602	2100.524159	2102.268643	2123.552252
YGL032C	13.415574	14.996792	14.698338	12.379724	16.622193	14.56372
YGL033W	1.536783	1.208492	1.307057	6.205617	5.622321	5.740142
YGL034C	0.194763	0.176059	0.192889	0.165463	0.080478	0.089609
YGL035C	159.697118	185.250842	203.893536	296.202694	288.669911	287.963722
YGL036W	3.480174	3.423307	3.259775	3.93153	4.066149	3.833103
YGL037C	453.35782	391.514761	382.148387	1046.554652	1039.978411	936.367086
YGL038C	16.753995	17.363748	16.798144	22.041523	26.477349	22.498656
YGL039W	215.893623	209.562796	212.424955	120.722816	175.707515	121.785114
YGL040C	61.053839	65.227014	65.88619	75.861584	80.484923	75.947189
YGL041C-B	9.844721	8.93923	8.400724	10.048989	10.388737	9.477763
YGL041W-A	73.088706	74.181102	73.122593	65.850385	69.65306	64.964466
YGL043W	78.445657	78.106667	81.426991	64.602393	65.121595	67.934391
YGL044C	33.377079	33.112482	33.264605	25.828072	28.2384	27.040996
YGL045W	39.363807	38.979781	38.632148	25.855225	29.483422	23.895322
YGL047W	45.990585	42.479475	43.933265	54.595832	50.138889	47.844607
YGL048C	175.572167	166.058396	167.972663	149.11274	158.088758	142.14737
YGL049C	27.837982	28.846024	27.894161	24.467052	26.094847	24.065756
YGL050W	69.157265	64.598295	66.501637	57.013916	55.001359	56.956457
YGL051W	12.511837	11.590711	11.103727	12.263171	10.993209	10.549551
YGL053W	57.952995	55.756693	56.429861	50.55779	49.650019	47.865166
YGL054C	187.059298	184.24576	179.156903	178.592244	181.348032	177.342702
YGL055W	968.367135	993.70706	1062.164629	1059.936751	2508.869986	1318.605811
YGL056C	12.294082	12.793857	12.721645	15.134852	14.494417	14.224242
YGL057C	16.582988	17.450671	18.037346	16.531393	16.707596	17.226994
YGL058W	153.340025	158.227935	158.396333	138.529547	140.078246	131.025268
YGL059W	55.975404	54.027062	50.443653	29.589965	30.988968	28.967943
YGL060W	11.5189	10.808879	10.492303	6.049666	6.889099	5.908036
YGL061C	23.528611	23.027405	22.631325	20.758348	19.15008	21.37824
YGL062W	214.152729	218.378754	212.678797	394.586395	355.033839	410.148703
YGL063W	7.122187	6.96522	6.886482	5.480727	4.589056	5.753587
YGL064C	12.386095	13.68358	12.815458	14.097535	14.232354	13.851038
YGL065C	8.565675	8.413258	8.414771	6.560783	6.651472	6.605978
YGL066W	28.85108	29.817219	27.994483	24.707996	24.170039	24.189314
YGL067W	44.907457	45.813571	43.077129	31.855719	34.723245	31.575011
YGL068W	52.724882	51.527621	53.225145	76.221462	77.571412	77.93093
YGL070C	105.926276	112.665353	111.660757	108.802939	108.607774	105.696241
YGL071W	43.434587	45.239878	47.299245	28.510477	30.285057	28.333699
YGL073W	21.389195	21.394835	20.625627	15.036235	17.231025	14.552016
YGL075C	13.737546	13.408317	13.566409	10.583945	10.127499	11.217346
YGL076C	1717.844862	1873.384655	1688.225089	1865.859421	1862.232684	1945.815864
YGL077C	89.082133	85.599687	80.803213	61.839189	66.165475	61.287559
YGL078C	55.323823	62.71654	60.021613	75.861094	79.763083	76.406359
YGL079W	26.341432	26.583038	26.022463	28.214599	26.85906	30.665807
YGL080W	38.768704	39.555367	36.896142	54.034687	52.103148	51.597941
YGL081W	9.216707	8.298485	8.510621	8.138038	8.757857	8.339283
YGL082W	73.716423	72.629422	70.092889	69.555153	68.155689	66.553792
YGL083W	13.890657	13.501331	13.420596	9.898281	11.352939	9.293014
YGL084C	32.376105	30.257045	30.91247	22.848936	25.663346	22.431927
YGL085W	29.615493	27.812448	28.834229	23.571263	25.234761	21.756335
YGL086W	0.459776	0.437598	0.429703	0.496576	0.522008	0.538588
YGL087C	276.231088	261.475718	275.681541	255.321301	246.55643	247.793696
YGL088W	0	0.010371	0.012468	0.009738	0	0.005877
YGL089C	53.270393	52.456031	63.13049	15.714259	13.182489	15.9611
YGL090W	27.168467	27.171416	26.589618	23.736745	24.670544	24.341228
YGL091C	8.229427	7.900728	7.561764	6.616967	7.181494	6.343926
YGL092W	13.084047	13.576952	13.11229	13.71797	13.452064	14.761556
YGL093W	15.154118	14.182007	14.236242	14.461244	15.298324	14.652292
YGL094C	18.802944	19.630745	19.72052	16.962735	17.850153	17.220214
YGL095C	25.849347	24.751244	25.674608	16.673886	18.063738	17.807982
YGL096W	40.485119	37.799898	39.888485	56.637517	63.060342	53.150514
YGL097W	71.689181	73.054741	74.635652	62.36018	63.703291	64.417198
YGL098W	21.073319	20.585204	20.995722	15.836766	17.280736	14.832667
YGL099W	24.717579	27.049553	24.917377	25.331967	26.678167	25.590128
YGL100W	87.017707	85.585398	83.071334	88.408173	85.867871	89.017849
YGL101W	17.980189	16.274746	19.016024	13.196642	14.84375	15.019986
YGL103W	2035.04527	2071.385681	2029.715082	2140.266241	2026.43086	2156.617326
YGL104C	21.584776	20.956266	22.316996	18.746029	20.575062	17.669299
YGL105W	57.908779	63.492666	61.598475	79.641337	83.386668	81.372347
YGL106W	351.789861	329.86068	346.91586	266.326619	246.604643	273.859767
YGL107C	18.076768	18.351466	18.224335	17.446017	17.04713	17.596005
YGL108C	84.592438	77.967887	76.181346	61.544631	64.591279	57.19404
YGL110C	23.078422	23.298972	21.355529	18.828312	22.619561	20.227775
YGL111W	7.849417	8.150464	8.259894	7.023378	8.354477	8.182723
YGL112C	56.64061	55.020458	52.532905	37.94845	40.707048	36.684874
YGL113W	2.41482	2.353729	2.391518	2.918915	2.912573	2.967837
YGL114W	25.489381	26.499414	26.365025	19.174214	19.764606	19.160087
YGL115W	64.226347	60.189308	61.332142	50.298829	48.784609	47.436631
YGL116W	29.056817	27.611149	27.618416	18.803334	16.677529	17.862112
YGL117W	886.783358	883.745198	822.787535	245.848418	242.026154	262.099047
YGL118C	0.296112	0.332775	0.303313	0.108845	0.121122	0.101661
YGL119W	20.87989	21.33981	21.273044	20.190257	19.686972	19.138433
YGL120C	35.370624	39.940792	38.496208	39.78676	40.895244	42.053647
YGL121C	931.048508	863.961614	911.759353	984.704268	1045.993239	1029.068785
YGL122C	81.897823	86.855677	89.807951	61.195517	68.351	66.421671
YGL123W	2285.284834	2524.779455	2431.618535	2504.650208	2498.075534	2630.027406
YGL124C	18.32417	18.793102	19.50164	12.511068	13.984809	13.015827
YGL125W	82.42541	80.628455	74.829477	21.01619	18.530646	19.731532
YGL126W	3.035934	3.176155	3.056167	2.765125	2.68487	2.807087
YGL127C	108.912126	116.947022	112.066851	89.099338	96.27908	87.981222
YGL128C	21.883927	21.415445	22.302953	15.853861	16.512811	15.982729
YGL129C	25.556338	25.964676	25.168536	26.683578	29.003746	26.861513
YGL130W	58.859284	58.634273	58.110718	44.681972	47.649894	45.072523
YGL131C	4.090509	4.209476	3.981571	3.281372	3.091059	3.2296
YGL133W	14.560741	13.913352	14.795086	12.673228	13.335075	12.976109
YGL134W	38.499043	33.909502	37.703625	54.608647	56.115226	54.19598
YGL135W	1781.272962	1937.818672	1853.643741	2482.048279	2549.388848	2535.506295
YGL136C	43.873502	39.721254	39.996755	37.298734	37.563028	35.7839
YGL137W	86.295578	86.765374	83.985463	90.754097	87.432536	92.069499
YGL138C	3.21107	3.101896	2.591891	6.591442	10.502502	7.303406
YGL139W	22.25956	22.763607	22.567936	23.434435	26.190884	25.069995
YGL140C	17.31572	18.306474	17.939347	13.374206	13.732018	14.195271
YGL141W	12.556592	12.399103	12.376065	8.974091	9.610766	8.905558
YGL142C	4.277226	3.904371	3.807007	2.871032	2.895137	2.679263
YGL143C	19.847035	20.153597	20.201344	17.474948	18.101351	16.939669
YGL144C	32.715464	33.878895	32.867538	29.500172	31.426008	29.171588
YGL145W	9.041033	9.061201	8.811084	7.20438	7.676809	7.229834
YGL146C	10.288897	10.824946	10.538817	16.22313	16.156434	15.93292
YGL147C	889.092517	1068.746739	966.44562	1090.632184	1070.83578	1164.702264
YGL148W	330.488309	343.425643	331.14172	203.360054	197.263497	206.136362
YGL149W	15.137543	18.198979	13.312263	16.784947	19.19403	14.57819
YGL150C	18.549268	18.811812	18.804649	21.907095	20.119202	22.464704
YGL151W	5.361121	4.998153	4.799179	3.485673	3.401464	3.241867
YGL153W	35.688787	35.492139	32.216717	28.87052	30.366443	29.344825
YGL154C	62.882526	57.512908	55.874959	34.531146	38.169908	32.965221
YGL155W	38.660695	38.510407	42.129898	29.125953	30.021758	28.642315
YGL156W	52.349528	54.443694	55.678563	77.946483	75.826117	76.952376
YGL157W	72.721122	69.991873	77.994434	15.79808	14.768457	15.064204
YGL158W	5.988945	7.316071	6.7395	17.685088	13.017059	16.846773
YGL159W	20.358086	19.689248	19.240008	14.559024	17.08388	15.019862
YGL160W	9.601823	9.643154	9.572568	9.965023	10.994626	9.876305
YGL161C	111.613475	111.361281	109.6192	102.163419	102.486797	96.368721
YGL162W	8.273181	8.209435	7.919429	35.274935	34.550694	31.782175
YGL163C	17.998055	18.869026	17.600388	25.875466	24.9787	23.70534
YGL164C	48.349842	46.725986	45.847672	40.633175	45.258904	41.713176
YGL166W	31.419525	32.126041	30.933912	33.166034	33.595075	32.052444
YGL167C	25.081615	24.746591	23.780575	23.631851	22.649746	22.988426
YGL168W	10.205979	9.133017	12.013873	8.88117	10.282535	10.984802
YGL169W	32.695732	33.174485	33.844001	28.949742	31.005651	29.666575
YGL170C	3.657847	3.588312	3.593153	4.200542	6.952003	4.316915
YGL171W	9.844333	11.57372	10.75889	12.812109	13.310151	13.541185
YGL172W	30.068067	31.667616	30.83834	27.106232	29.36206	26.267398
YGL173C	21.7282	21.49241	20.93548	20.531885	20.192069	21.024216
YGL174W	28.783775	25.727274	26.625624	22.613123	24.643866	22.802694
YGL175C	6.281298	6.63831	6.906814	5.238063	5.478054	4.890883
YGL176C	9.026542	9.121078	8.892643	9.530803	9.966718	9.63382
YGL178W	2.707823	2.569161	2.586168	2.229082	2.375169	2.370445
YGL179C	22.523274	22.496821	24.411538	19.000405	18.655131	17.76176
YGL180W	11.357462	11.247422	11.133449	8.080539	8.337708	8.212084
YGL181W	22.997323	21.414482	20.970136	18.924526	18.830526	17.334984
YGL183C	5.508918	4.988102	4.448214	2.821081	3.221165	2.821231
YGL184C	117.835805	119.885097	108.938601	12.749275	15.170669	12.414045
YGL185C	36.89716	33.539086	34.17017	30.552395	30.294124	28.991989
YGL186C	145.624322	145.705033	139.40116	45.219678	50.776173	46.474366
YGL187C	83.532199	81.173743	84.755298	734.888374	662.332354	808.826763
YGL188C-A	15.075205	16.712814	17.094333	19.095076	21.006974	17.479723
YGL189C	3461.994841	3537.172062	3397.09778	4759.291242	4352.968035	4594.861288
YGL190C	7.431491	7.852504	7.437426	8.057327	8.806835	8.509655
YGL191W	277.752916	246.891166	258.587186	1081.211695	1012.85468	1123.941645
YGL192W	61.219688	58.972399	58.572394	42.213761	43.366333	43.276046
YGL193C	81.618471	85.973517	86.15736	65.141576	78.833129	73.109057
YGL194C	15.580439	15.808394	15.533468	10.662026	11.733541	11.638227
YGL194C-A	2.331739	2.387018	2.064501	1.775873	1.742848	1.758041
YGL195W	13.796102	14.215101	14.370356	15.989381	14.700737	16.805666
YGL196W	35.932257	34.293207	33.609243	26.103795	25.66048	23.505613
YGL197W	22.163185	21.377734	21.463173	19.78944	18.109046	19.464159
YGL198W	60.897737	60.202515	60.216634	63.119712	57.861677	60.668072
YGL200C	551.080151	569.167379	574.243717	607.234056	573.079055	627.308893
YGL201C	13.359834	13.705616	13.496143	14.53425	13.413577	13.659696
YGL202W	440.60089	445.299626	415.339325	199.850875	197.619679	198.841292
YGL203C	45.38927	46.063524	46.941083	28.946968	30.39227	28.630852
YGL204C	59.542814	63.488908	58.059981	35.932451	34.77422	36.942615
YGL205W	1.529454	1.532728	1.50779	2.360246	1.906115	2.247029
YGL206C	13.141714	13.005708	12.454128	14.948417	13.804062	14.971022
YGL207W	21.655543	22.544879	21.280119	26.597993	27.464298	27.307843
YGL208W	43.249821	40.630029	44.585586	42.628705	42.324161	41.015775
YGL209W	92.710802	110.898756	118.618652	27.211435	26.160769	25.57811
YGL210W	68.699168	72.972766	73.404116	77.754027	78.421437	81.776654
YGL211W	65.156462	67.622868	65.072062	55.408639	58.408299	59.662259
YGL212W	21.591875	20.392275	21.108544	17.500184	18.794368	17.056669
YGL213C	64.936728	64.206642	66.445479	46.412622	47.057722	44.597303
YGL215W	47.441979	46.840347	44.720477	30.093753	32.751299	33.521126
YGL216W	7.83633	7.477775	7.789066	7.789886	7.955683	7.590163
YGL219C	118.006516	114.969765	110.742341	97.804963	99.096565	91.720753
YGL220W	170.22787	156.858755	156.302021	161.522306	147.679438	168.02326
YGL221C	133.959805	122.683155	131.109948	89.576878	85.726969	89.836215
YGL222C	22.395595	21.516832	22.377213	21.811705	22.95461	22.087598
YGL223C	61.931279	60.965027	59.338455	23.667815	25.425043	23.418174
YGL224C	125.509101	122.153627	113.515519	34.556004	35.746612	32.457779
YGL225W	81.161825	89.553277	93.008721	72.484976	77.058605	78.393071
YGL226C-A	189.186874	195.031128	190.942779	246.168536	246.773917	260.286151
YGL226W	78.37879	75.12205	78.092863	94.960383	88.468431	89.248011
YGL227W	11.161267	10.653802	10.281418	17.158424	17.172877	16.578567
YGL228W	33.217163	31.464976	30.741715	32.122074	33.936703	32.616319
YGL229C	0.506436	0.448872	0.424225	0.41001	0.432027	0.394688
YGL230C	5.53048	5.209492	5.095378	5.035531	6.148976	4.808593
YGL231C	178.956484	175.202852	177.43194	191.557098	191.151717	190.081983
YGL232W	28.356987	28.400596	26.758139	28.526911	29.288613	27.63799
YGL233W	1.70721	1.671357	1.749142	1.29328	1.483565	1.431063
YGL234W	127.302013	138.492371	114.349406	126.943725	130.01093	132.55536
YGL235W	0.088966	0.207397	0.190642	0.358609	0.261836	0.218051
YGL236C	7.774652	8.602913	8.297599	13.642112	13.001815	13.321305
YGL237C	41.831965	41.427977	38.646635	52.228217	49.985232	45.790068
YGL238W	12.883421	13.44036	12.915147	10.218504	10.787294	10.418846
YGL240W	15.577026	16.078864	15.603301	12.842808	13.965736	13.758672
YGL241W	6.050013	6.178971	6.248613	4.996287	5.335277	5.105599
YGL242C	174.805194	158.983785	161.974817	161.072029	149.329895	156.340294
YGL243W	18.232544	18.616897	18.533459	15.562936	15.401367	15.599661
YGL244W	75.632103	75.95461	72.851185	79.610986	87.944115	78.92637
YGL245W	233.997068	236.784352	233.992646	205.944395	208.327722	208.708322
YGL246C	25.962605	25.809025	26.127467	20.810371	22.941881	21.293654
YGL247W	12.801366	12.407981	11.601129	10.392533	12.949157	11.253401
YGL248W	160.200738	148.734602	152.340353	64.598023	68.075159	63.872441
YGL249W	0.109287	0.849683	0.102919	0.086217	0.083965	0.073556
YGL250W	40.38407	41.333327	40.139083	37.239881	42.668699	32.935397
YGL251C	0.649062	0.600055	0.557836	0.535256	0.564267	0.531675
YGL252C	72.893241	72.751916	70.406346	56.120688	56.578041	54.820328
YGL253W	379.880461	391.059686	386.116817	644.459326	606.504786	715.423744
YGL254W	31.01101	32.108926	31.396224	37.927512	37.201986	36.928169
YGL255W	10437.44751	10547.310297	11169.705609	5426.71465	5567.834033	5338.097099
YGL256W	1411.368867	1394.478044	1410.333211	2613.337955	2863.426338	2474.00893
YGL257C	84.964046	81.992549	83.675447	84.078621	92.389523	79.642422
YGL258W	5235.944219	5461.450367	7272.229975	163.211429	225.534214	131.47317
YGL258W-A	25.810615	24.886286	27.144163	15.362572	13.371471	15.194769
YGL259W	37.99901	39.849987	34.144488	21.488032	23.74695	18.821325
YGL260W	15.857059	18.806687	15.727765	12.467852	13.67963	10.084159
YGL261C	8.915012	7.39115	6.170089	4.25794	4.234855	2.906544
YGL262W	9.241612	8.323023	6.617741	6.819962	10.67669	6.613207
YGL263W	6.104494	5.685319	4.549651	4.81574	7.970121	5.401431
YGR001C	89.376056	89.752775	84.484658	63.806314	64.361161	63.222623
YGR002C	15.655762	15.427543	15.20249	15.091381	16.340131	14.642594
YGR003W	12.703745	12.805385	11.91816	8.43968	9.004608	8.275579
YGR004W	22.038278	22.914238	22.429546	12.28167	15.85756	13.122094
YGR005C	28.281949	28.077752	26.873795	25.634521	29.650992	25.869886
YGR006W	12.134848	12.764783	12.740241	10.78955	11.989486	10.480185
YGR007W	151.940837	155.623594	155.343436	120.577162	136.121725	117.549005
YGR008C	518.042509	437.259706	420.613432	1310.755626	1240.62418	1273.743747
YGR009C	68.224202	70.161774	70.125946	76.07022	75.219536	75.089428
YGR010W	46.028934	46.806605	45.321225	44.54384	45.259939	42.638526
YGR012W	75.927226	73.739887	77.299513	49.542638	52.162994	53.248554
YGR013W	21.727424	21.155452	21.411928	18.55803	19.989912	18.549747
YGR014W	21.867321	23.103917	24.549379	18.806393	17.080383	20.856356
YGR015C	23.937706	22.564124	21.448913	20.0332	21.584451	21.57772
YGR016C-A	9.115957	7.505176	8.909976	4.469371	4.479284	5.25727
YGR016W	3.759527	3.905279	3.812495	2.225518	2.595338	2.325019
YGR017W	82.252098	83.557444	75.337854	57.658009	55.83639	53.934352
YGR018C	87.958908	96.979632	91.016123	65.621315	67.930199	69.264137
YGR019W	146.347368	138.213678	139.466233	127.435502	138.780656	120.270989
YGR020C	739.458088	720.358863	714.569666	669.657995	636.885526	638.176379
YGR021W	19.172764	18.568961	20.042567	33.487389	32.120211	30.936067
YGR023W	28.268431	27.568519	26.871365	27.719379	25.607482	28.246062
YGR024C	77.488617	74.470739	72.936713	63.386899	61.406128	64.297426
YGR025W	8.825085	8.846231	6.828525	6.868583	6.891784	7.239829
YGR026W	57.597773	53.924636	52.577767	49.222651	51.819333	44.939089
YGR027C	2927.48185	3008.338882	2800.410959	4967.415385	4626.302518	4850.435393
YGR027W-A	0	0	0	131.18561	138.450906	141.296911
YGR027W-B	151.484149	146.001656	153.451042	32.806083	46.143807	40.156724
YGR028W	38.355115	37.080305	39.132005	29.849512	30.958635	31.71331
YGR029W	154.539777	146.043456	144.408255	86.023774	84.313917	81.665952
YGR030C	2.054777	2.246001	2.053028	4.744126	4.565694	4.609039
YGR031C-A	19.269956	18.965164	22.241368	14.755637	0	14.993146
YGR031W	13.94296	13.221505	12.573782	19.286674	23.155754	17.676927
YGR032W	81.298554	83.525828	81.678616	85.523208	80.98667	91.530181
YGR033C	131.878678	130.916978	134.145136	94.111059	96.940129	91.087071
YGR034W	2235.378017	2444.200476	2273.050134	3405.866217	3339.690665	3556.832917
YGR035C	21.775392	19.475322	21.16289	25.351995	20.062781	20.316901
YGR035W-A	11.88242	12.911134	14.310751	11.50245	12.822088	12.224839
YGR036C	22.559643	25.181972	25.657667	23.022613	23.765716	21.985459
YGR037C	1017.540332	986.55302	972.393048	1034.906238	1282.823289	1114.526014
YGR038C-A	0	0	0	25.166341	34.618204	27.204556
YGR038C-B	53.643148	52.493732	55.839277	29.112431	25.657466	26.079982
YGR038W	50.028148	49.702505	47.297334	37.970612	41.17447	38.213078
YGR039W	3.643812	3.342152	3.422217	3.156883	3.95133	3.566945
YGR040W	20.498195	20.362545	21.168576	12.870571	13.312485	14.509505
YGR041W	19.123507	18.638758	18.829078	9.533275	10.11669	9.733741
YGR042W	46.981763	46.825514	48.593809	48.529775	52.371918	47.285306
YGR043C	95.397646	83.758973	83.321675	230.700764	237.224539	218.626776
YGR044C	111.315806	100.870667	99.165385	124.952848	128.737484	118.197034
YGR045C	8.222365	9.091726	7.97528	7.857652	7.581055	7.219989
YGR046W	57.98676	55.938068	57.070784	83.404274	82.264508	79.988582
YGR047C	8.899791	9.072736	9.276682	9.11359	8.84821	8.677354
YGR048W	63.68777	66.045832	67.159538	67.8801	74.396199	66.515021
YGR049W	81.878854	95.791152	116.220713	94.905503	90.998791	107.193247
YGR050C	96.028487	82.648182	93.370057	62.57243	51.166921	54.166618
YGR052W	14.253662	14.226448	13.705786	22.484769	22.094923	22.473483
YGR053C	20.915485	19.904787	21.155235	23.814704	23.111539	23.691917
YGR054W	32.364133	35.245899	38.342971	40.297545	38.647445	38.995477
YGR055W	221.095456	237.258558	248.898057	53.769085	56.244263	51.312347
YGR056W	8.649506	8.580259	8.381228	8.536225	8.693538	8.619277
YGR057C	11.81851	11.619365	11.474386	10.5728	10.807119	10.138631
YGR058W	39.974762	39.820609	40.051802	30.930636	32.840645	30.310998
YGR059W	7.947838	7.957506	7.73056	14.602643	17.715587	13.934475
YGR060W	562.204614	601.626864	739.524269	914.966037	790.862779	1097.244687
YGR061C	106.367127	109.26146	100.78433	83.783478	80.859958	83.467785
YGR062C	54.223826	51.925857	55.057398	44.692011	46.345153	43.134445
YGR063C	158.672663	163.50653	153.639438	169.981335	154.164358	170.831732
YGR065C	290.450659	292.518892	272.301391	140.010589	258.631616	153.960834
YGR066C	54.191472	51.490663	52.19539	55.178846	77.469987	51.308043
YGR067C	3.201205	3.376204	3.488416	6.360794	6.138866	6.881608
YGR068C	5.762911	6.156268	6.03002	5.876131	5.838249	5.49017
YGR070W	5.488255	5.497485	5.558942	6.918714	6.90853	7.027038
YGR071C	5.560455	5.442191	5.194619	5.408709	5.866466	5.618896
YGR072W	8.17557	8.716086	8.328518	9.141912	10.661071	10.199317
YGR074W	134.570275	141.517715	140.081321	96.724135	104.822865	97.828446
YGR075C	2.611511	2.625178	2.566926	2.372769	2.449046	2.183748
YGR076C	64.914327	60.687235	59.482203	78.160716	77.092555	79.379793
YGR077C	6.775758	6.409776	6.729922	6.063825	5.592583	5.531383
YGR078C	69.519304	66.93852	71.839544	37.088795	37.605501	37.757285
YGR079W	77.04459	106.184264	132.724905	166.84448	169.813894	179.029768
YGR080W	89.885149	88.503507	90.389645	72.58132	74.083462	71.6374
YGR081C	53.788356	61.293519	64.327783	64.261405	63.737711	63.5859
YGR082W	146.121814	150.350362	148.530055	184.981505	185.507194	183.382143
YGR083C	31.677468	33.602362	33.030409	32.394109	34.146274	33.144932
YGR084C	40.060519	39.768672	39.601536	43.976451	44.512818	42.029373
YGR085C	1948.642113	2071.926112	2071.503911	2102.676631	2050.209043	2143.87818
YGR086C	520.154103	479.074613	481.988699	738.330024	692.372495	673.932345
YGR087C	24.280204	22.23609	23.066896	59.50233	57.000516	57.265536
YGR088W	36.265763	33.25633	32.45035	90.81775	94.919276	89.280258
YGR089W	25.052266	22.819676	25.292448	13.55658	15.178979	14.286497
YGR090W	15.315904	16.534251	15.865499	15.373463	16.00165	16.60441
YGR091W	13.537483	12.909127	13.215694	12.038934	12.731603	11.122008
YGR092W	45.643819	45.684117	46.058418	34.520172	33.299547	33.885087
YGR093W	26.4771	25.922353	26.132049	23.320154	24.100681	23.819063
YGR094W	175.189607	180.736639	168.981389	168.500237	166.022993	170.559255
YGR095C	131.255501	128.905211	130.268206	130.340103	133.30979	132.75151
YGR096W	21.851193	19.130497	21.066469	22.705206	21.848422	20.872019
YGR097W	15.628855	15.373783	15.41511	15.348789	14.97019	16.16985
YGR098C	1.535306	1.573704	1.753009	1.54807	1.532236	1.478255
YGR099W	11.203272	12.342016	12.391083	9.086784	10.419013	9.619101
YGR100W	29.718322	29.97561	28.328712	24.690163	25.349141	24.197712
YGR101W	27.114203	24.964944	25.511802	24.40197	27.78298	25.120169
YGR102C	22.806892	20.134479	20.421802	26.466545	25.106418	23.406287
YGR103W	37.697327	39.59764	37.406222	40.964961	43.796623	44.988071
YGR104C	31.769715	31.606295	30.406097	21.331593	24.103816	21.683474
YGR105W	264.155574	240.165634	242.445139	212.123224	204.621815	215.767141
YGR106C	209.852393	206.550445	199.565723	137.153189	164.472621	141.372316
YGR108W	96.335908	96.709614	100.521879	46.613517	45.406543	49.956238
YGR109C	3.008367	3.055795	3.000062	1.823222	1.883696	2.086014
YGR109W-A	29.805413	29.245089	27.917254	18.012167	18.365851	17.064423
YGR109W-B	16.829465	17.441481	18.629453	14.860086	16.140735	15.600778
YGR110W	14.251718	13.424698	13.553374	9.784002	9.510932	10.697524
YGR111W	43.073733	40.662857	39.945283	38.654489	41.647795	37.332773
YGR112W	51.858793	50.461064	48.955725	56.557141	57.383107	54.811485
YGR113W	60.266567	59.108997	57.283861	48.938756	51.873573	49.209853
YGR116W	28.347199	27.508238	26.973259	29.198103	29.196691	29.083733
YGR117C	41.566568	39.195283	37.969791	18.808187	20.055483	20.433823
YGR118W	3365.231383	3376.976478	3309.04847	2864.42396	2880.309996	2960.209187
YGR119C	59.998284	58.021022	58.751006	46.628352	48.995057	46.859991
YGR120C	22.746488	22.287865	22.175457	16.439321	17.626964	15.994739
YGR121C	24.478103	23.378256	24.85543	28.286071	27.748231	27.10255
YGR121W-A	1.426568	1.714865	2.44706	0.88962	1.161592	0.840348
YGR122W	36.332676	36.815853	34.176279	38.192958	37.797024	36.216177
YGR123C	9.466048	10.167875	10.578298	12.493661	12.19513	13.429761
YGR124W	299.553763	307.054477	288.279566	164.057923	156.451624	161.594535
YGR125W	10.099104	10.057843	10.45415	7.476066	7.648178	7.119084
YGR126W	8.134736	8.39732	7.516309	7.079162	6.785131	5.407003
YGR127W	16.142616	15.302	14.256843	11.480866	11.786396	10.441161
YGR128C	8.234595	8.956478	8.29482	8.478959	8.631754	8.793351
YGR129W	25.588266	25.676956	25.518943	17.75968	18.248627	16.964766
YGR130C	35.995688	35.384331	33.778492	50.606956	49.528224	47.569566
YGR131W	43.406348	45.546478	43.089395	49.469078	50.169734	50.273522
YGR132C	217.24634	205.751236	199.666231	267.504334	268.511284	256.301765
YGR133W	76.787513	71.194835	73.775992	59.345516	53.074851	54.772204
YGR134W	6.764302	6.743468	6.653206	5.60061	5.570131	5.473253
YGR135W	229.519718	212.674338	220.117387	207.5189	218.579629	201.930048
YGR136W	84.603076	80.75177	83.193744	51.560784	57.422211	53.711584
YGR138C	200.682478	217.728334	199.87139	37.612687	36.104156	39.244592
YGR140W	3.060957	3.107309	3.081795	2.976733	2.718107	2.986514
YGR141W	66.148523	66.020026	64.431682	51.040733	56.129622	51.482021
YGR142W	41.328013	41.226608	33.006586	63.20574	78.18371	56.238261
YGR143W	17.766687	17.874081	17.587894	19.461455	20.200123	19.503412
YGR144W	8912.453267	8212.87875	6810.642569	119.654386	146.038141	114.315019
YGR145W	19.519694	20.795078	19.842582	21.815268	22.49018	24.009291
YGR146C	143.874718	147.830843	138.922312	150.053951	165.710623	153.250034
YGR146C-A	10.151861	10.250972	8.44103	3.266079	5.090095	5.038218
YGR147C	92.985508	92.678442	93.62799	85.497637	89.184404	83.64787
YGR148C	1096.074557	1134.973488	1074.151737	1085.863928	1069.244185	1097.482653
YGR149W	24.535809	23.820092	23.629412	20.544263	22.868345	20.085328
YGR150C	9.872677	9.990388	9.852536	12.465468	12.473065	12.067612
YGR152C	68.809397	73.194281	79.357583	84.812511	77.941168	87.175143
YGR153W	29.950934	25.38454	26.99433	18.89216	18.623801	18.101025
YGR154C	64.822321	61.020376	54.32184	18.443965	17.550375	15.702379
YGR155W	726.000389	740.928592	675.829775	191.55813	209.49303	191.816529
YGR156W	5.486633	5.355467	4.868252	3.73208	4.5567	4.103706
YGR157W	13.802922	13.568739	13.195364	6.589553	5.300671	6.283148
YGR158C	66.824696	70.166724	71.662899	61.03477	60.040707	58.945765
YGR159C	30.796461	42.832002	48.956014	131.089353	124.661051	125.302113
YGR161C	532.881089	514.765216	489.278607	446.489471	475.914825	429.291155
YGR161C-D	30.580775	40.644701	28.34611	11.973772	15.878535	14.065589
YGR161W-C	96.98684	86.961327	86.785899	153.901974	127.88498	143.158252
YGR162W	55.751257	62.235955	58.901731	74.718978	74.43906	79.292255
YGR163W	45.630118	44.109751	44.271238	27.578098	30.546015	27.09957
YGR164W	1.228074	1.119998	0.587136	0.627628	0.745636	0.539047
YGR165W	58.063616	55.584174	57.806769	56.675797	59.160217	52.86139
YGR166W	5.730874	6.058479	6.137994	5.185248	5.554601	5.316107
YGR167W	201.709056	189.068769	185.278999	204.222324	204.495561	201.329915
YGR168C	4.624952	4.269536	3.937708	4.34286	4.367278	4.166982
YGR169C	20.852262	21.412245	20.668938	26.727003	25.362532	24.903034
YGR169C-A	80.449627	79.36725	78.593779	106.214605	105.798618	105.291441
YGR170W	14.622212	14.45308	14.246305	11.298724	11.75647	11.171554
YGR171C	14.681214	14.78989	14.917322	15.954537	15.974613	15.620645
YGR172C	76.623492	83.204743	81.584343	52.894085	53.585021	57.083473
YGR173W	31.248475	33.696947	31.542918	36.559524	38.886324	35.714955
YGR174C	54.410873	48.617571	50.843755	196.365312	177.702433	187.429899
YGR174W-A	13.624866	11.566064	11.186833	72.482522	64.847809	59.034766
YGR175C	587.256659	622.559322	714.99511	882.20509	728.663304	1065.716455
YGR177C	22.868375	23.243494	23.282187	16.725459	13.290782	19.644039
YGR178C	49.884577	48.888393	48.06815	53.430939	54.505055	50.616723
YGR179C	8.533679	8.131337	8.781553	6.848422	7.007973	6.35518
YGR180C	1089.492557	1123.457499	1072.099692	1935.83351	1902.466561	2051.648881
YGR181W	114.550481	113.065983	120.253677	163.39497	149.950786	156.121089
YGR183C	237.333919	217.561287	201.772044	766.831374	695.468279	818.253724
YGR184C	8.269218	8.431118	8.617011	10.397673	9.798422	10.45014
YGR185C	260.782542	253.691304	246.99565	148.584241	138.53831	141.716188
YGR186W	63.258116	61.227303	60.090243	64.977869	66.389561	63.351743
YGR187C	28.885589	28.758608	28.121136	26.561399	28.703969	28.791829
YGR188C	5.374545	5.222056	4.793517	4.97228	4.790316	4.650454
YGR189C	246.188039	243.904782	250.816109	207.783953	210.600876	225.625902
YGR191W	105.437188	110.623998	122.144356	83.356826	91.323231	86.578101
YGR192C	10156.653589	9561.018082	10733.579297	10468.100845	10116.125377	10625.545511
YGR193C	124.78497	118.47989	117.69829	96.749061	90.8853	91.156144
YGR194C	21.863716	19.805015	18.927998	21.439462	21.445186	20.044482
YGR195W	72.706858	77.034659	75.967161	69.611403	70.712899	67.233691
YGR196C	34.710452	34.826709	32.815688	31.748112	33.286973	30.980373
YGR197C	3.098639	3.075188	2.8299	3.565634	4.194461	3.955352
YGR198W	8.152253	8.299836	8.302915	5.851605	6.730646	5.813099
YGR199W	23.60803	22.917343	22.847641	14.29148	15.621488	15.300177
YGR200C	10.940481	11.349044	10.78111	12.561754	13.055819	13.188626
YGR201C	162.006874	148.014298	151.669009	727.661303	863.507302	739.041868
YGR202C	65.35066	65.033609	63.316644	40.998053	38.754908	36.681394
YGR203W	9.98747	9.528788	9.385145	6.897737	6.620274	6.309429
YGR204C-A	12.430851	12.996768	10.082341	8.766843	10.383794	6.352535
YGR204W	465.463517	477.533387	470.653885	171.82096	163.249397	175.091282
YGR205W	28.738795	26.597958	25.866814	25.414547	23.216956	23.298078
YGR206W	132.025349	122.554985	132.01894	130.830939	132.470101	130.468822
YGR207C	109.36337	103.359844	102.979869	94.608808	92.554737	95.528179
YGR208W	37.978464	40.687335	38.842325	42.297089	41.83612	40.887546
YGR209C	746.89319	668.478972	670.172515	1022.82184	1115.217527	976.195777
YGR210C	49.706153	50.538437	49.935592	49.59132	47.17395	47.899664
YGR211W	50.644123	52.082847	52.19526	81.01649	83.680023	80.513999
YGR212W	9.944276	9.736947	10.166485	6.790405	8.465117	6.781218
YGR213C	8.224568	8.091665	7.859134	5.353502	6.000988	4.901919
YGR214W	749.631816	800.292544	747.912831	967.454569	987.847259	1021.242656
YGR215W	121.607003	122.04857	118.087865	172.592799	170.914954	171.482945
YGR216C	3.52641	3.637332	3.302699	2.652548	3.018994	3.017581
YGR217W	2.908354	3.039417	2.869289	3.125	3.083822	3.292913
YGR218W	21.98959	21.638891	21.103777	17.503496	18.841105	18.142659
YGR220C	65.127342	65.249736	65.209268	87.17082	84.446198	84.089475
YGR221C	13.406958	11.552963	12.108382	15.20999	14.491171	15.4173
YGR222W	27.392554	25.989443	25.974809	28.587754	27.526751	30.639826
YGR223C	47.776496	44.19645	45.385885	38.253811	46.325403	44.40173
YGR224W	20.505771	19.614202	20.679433	16.407184	16.542191	16.555933
YGR225W	7.427502	6.883161	6.716015	8.008432	9.936154	6.969217
YGR227C-A	5.112806	3.515325	3.143581	3.882322	3.190704	1.823836
YGR227W	7.481127	7.841978	7.537288	5.05073	5.791586	4.830043
YGR229C	91.701081	106.512336	117.407522	116.784072	110.107266	124.330124
YGR230W	49.100295	45.945981	41.333147	52.803816	48.577155	48.118509
YGR231C	141.082509	129.181773	135.613768	185.694508	179.728388	170.983165
YGR232W	71.112895	66.83144	67.6215	72.29353	70.992437	69.545096
YGR233C	0.949932	0.987105	0.96808	1.073406	1.243996	1.154118
YGR234W	99.255071	110.123609	106.43852	77.151693	65.949756	91.890007
YGR235C	141.262541	137.871267	133.874432	146.817831	151.1279	144.928361
YGR236C	5.054725	5.222332	5.866482	102.191408	81.093833	94.640716
YGR237C	30.955556	30.22905	28.994324	25.908219	26.950994	25.732494
YGR238C	2.999535	3.139068	2.728026	2.637369	2.684766	2.533107
YGR239C	110.750819	114.082392	116.903829	69.386801	67.365475	69.263958
YGR240C	240.238497	238.782178	236.956389	253.540959	249.403737	255.306892
YGR240C-A	25.164638	22.892958	23.920506	17.346502	16.816821	10.897895
YGR241C	31.166244	29.996122	30.599345	32.303102	32.834939	31.11631
YGR243W	75.215209	58.423599	61.572478	379.301462	329.515441	357.870833
YGR244C	107.770224	102.157018	108.86898	254.246729	247.234724	251.102966
YGR245C	1.626233	1.803632	1.77227	1.904507	1.948154	2.083733
YGR246C	41.12418	41.685116	43.264299	36.742687	37.065486	36.240462
YGR247W	23.697979	21.16163	22.143943	16.692519	16.180537	14.338835
YGR248W	40.295969	33.266526	28.737057	53.318957	47.429506	47.591527
YGR249W	1.324179	1.08926	1.240036	0.830724	1.109199	1.0084
YGR250C	12.206241	11.948123	12.064405	12.096209	12.477222	13.28996
YGR251W	10.674839	11.972254	11.169143	6.532747	7.517892	7.219884
YGR252W	27.729442	25.482285	25.329514	22.21869	22.211832	22.824903
YGR253C	262.129245	239.816932	248.374178	221.674736	225.8307	220.29867
YGR254W	8826.054059	8521.425393	9400.751669	5914.826894	6622.668673	5678.140954
YGR255C	67.341132	70.813593	71.647872	70.657295	71.160164	67.718262
YGR256W	29.254908	25.789199	26.007239	98.366802	96.803961	92.378042
YGR257C	53.881471	53.796476	55.463241	50.240836	51.254862	46.473082
YGR258C	21.462085	19.945705	21.047111	17.410854	17.927857	17.608315
YGR260W	2111.602591	2023.272945	1922.577604	1094.000007	1179.758621	1056.111555
YGR261C	12.249874	12.240191	12.005917	9.186214	9.370039	9.309849
YGR262C	115.593834	116.520328	121.103304	109.419179	110.617939	114.482759
YGR263C	21.152502	20.494777	20.237977	16.920087	18.735757	17.748524
YGR264C	80.97585	86.23608	83.105157	67.531039	68.742274	70.635869
YGR266W	11.296828	9.742409	9.577172	5.93429	5.64547	5.549124
YGR267C	475.923683	456.200306	431.168911	172.006592	175.919305	175.714468
YGR268C	22.590771	22.549458	22.314439	18.224078	19.492309	17.185355
YGR270W	21.150686	20.120358	20.177432	19.263046	19.729462	19.689807
YGR271C-A	4.865383	5.347086	5.074044	5.481958	5.858473	5.903702
YGR271W	4.441671	4.610755	4.501647	4.148266	4.165568	4.279585
YGR273C	2.560592	3.321658	2.749276	6.710083	9.935495	6.564022
YGR274C	5.810068	5.410809	5.546903	6.580413	6.721328	6.891078
YGR275W	91.049266	84.992749	91.084773	99.59982	96.500472	96.488427
YGR276C	9.812703	9.505651	9.671055	9.845705	10.649168	9.257774
YGR277C	65.572247	64.815174	64.230906	60.867063	67.335709	61.247388
YGR278W	17.08768	16.96147	17.321751	14.03978	14.469131	12.921625
YGR279C	354.024049	383.204334	370.549623	361.452422	359.610317	377.996929
YGR280C	104.023744	122.095398	116.673003	127.829431	130.522514	126.842158
YGR281W	16.442567	17.036814	16.568609	19.381447	18.444382	18.139962
YGR282C	1999.899965	1993.048716	1985.991976	3932.644575	4007.781911	3807.63641
YGR283C	19.065064	20.061898	20.282147	17.142026	16.938529	17.564069
YGR284C	103.932371	102.801106	101.742337	86.864093	91.230438	88.158603
YGR285C	297.06396	293.995468	286.894335	303.514373	313.00418	305.680467
YGR286C	449.601289	456.992853	429.270028	609.846834	940.135997	686.430291
YGR287C	18.104989	15.762217	16.452359	22.103659	21.972373	20.334974
YGR288W	36.433752	33.358914	30.655323	14.486851	16.636913	15.426867
YGR289C	19.673959	20.418697	20.392744	37.842523	36.226307	35.811326
YGR292W	5.307784	4.428958	4.796131	77.048337	79.464959	79.927742
YGR294W	10.7645	10.223954	9.090233	25.234655	19.655655	23.701613
YGR295C	275.10561	255.006714	255.713536	104.296484	136.212808	103.8708
YGR296W	5.196687	5.664577	5.272599	10.487355	8.09774	12.018472
YHL001W	806.423259	856.179666	849.029927	851.883405	808.324191	856.615097
YHL002W	80.343215	82.159006	80.21531	61.127476	62.796559	59.499871
YHL003C	63.33984	62.614207	58.878234	43.046553	47.288143	41.32849
YHL004W	64.881883	65.706333	67.775364	74.801054	73.337304	71.913208
YHL005C	6.677481	5.952717	5.535664	4.920141	6.343413	4.445929
YHL006C	6.967942	6.528363	6.34309	8.937409	8.38633	9.049491
YHL007C	36.910905	35.540815	36.966764	40.147082	39.026745	41.230165
YHL008C	20.896342	23.710014	20.957606	23.968162	25.45099	25.143148
YHL009C	1.251604	1.33842	1.157388	1.160282	1.288	1.232521
YHL009W-A	3.087031	3.727665	2.936487	2.421732	2.35851	2.87208
YHL009W-B	0.951101	0.761674	0.89165	0.763047	0.978435	0.529531
YHL010C	9.348857	8.675856	9.389759	9.478491	9.420645	8.854982
YHL011C	96.002509	106.186235	106.632792	126.259134	127.213074	129.567114
YHL012W	5.455764	5.234413	5.490466	5.076426	6.061204	5.333893
YHL013C	42.249925	42.143259	43.174535	52.636633	51.495656	50.874304
YHL014C	13.002492	12.921162	12.812914	13.800465	14.724779	13.346223
YHL015W	2999.815022	3223.115651	2880.275582	3680.853355	3761.36754	3649.352741
YHL015W-A	8.121489	8.200778	9.847868	4.331852	6.841088	3.680089
YHL016C	29.611941	28.280754	26.617137	8.116538	9.166484	8.123293
YHL017W	36.399285	36.958044	35.877663	25.502252	27.200489	25.378479
YHL018W	7.640326	7.308858	7.107913	7.038843	4.687571	6.197239
YHL019C	11.750933	12.167756	11.786367	10.134296	9.767311	9.668227
YHL020C	48.600489	48.867866	48.889993	55.667106	45.701675	51.225217
YHL021C	78.3537	72.255564	61.205901	55.91834	60.029429	52.282293
YHL022C	4.559328	4.485747	4.149767	4.61184	4.968767	3.646835
YHL023C	11.258599	11.640524	11.48163	8.798195	8.895038	8.805123
YHL024W	8.250912	7.695461	7.748595	6.390696	7.447168	6.729579
YHL025W	14.547548	14.610302	14.937339	19.677879	18.177793	19.101136
YHL026C	34.236103	35.485737	38.089092	40.192602	34.808083	37.473925
YHL027W	144.883508	148.325082	152.226119	92.823368	95.514837	88.569446
YHL028W	114.310472	111.267777	114.751286	23.239692	22.35522	24.26366
YHL029C	32.053308	35.224182	34.97709	24.008011	24.129932	24.986593
YHL030W	4.89169	4.873801	4.857714	4.23789	4.226229	3.973297
YHL031C	47.026905	47.091769	48.237196	65.729499	63.870087	60.715394
YHL032C	31.50536	31.291242	32.360877	87.166626	82.986855	81.427577
YHL033C	756.678099	845.340426	814.14019	628.604055	633.874603	645.865665
YHL034C	351.308203	323.242528	340.708803	383.84138	380.874659	368.295966
YHL035C	8.627645	8.114159	9.034792	4.493971	4.900994	4.36958
YHL036W	136.724499	132.89016	103.351088	18.208897	21.725881	17.452219
YHL037C	0.84983	0.526451	0.758887	0.310369	0.290252	0.113166
YHL038C	21.80068	20.975339	21.009567	12.363946	12.939745	11.355429
YHL039W	6.038372	6.069247	6.094498	5.762684	6.221493	5.75011
YHL040C	130.94185	123.782193	141.598278	26.202294	35.45615	25.827993
YHL041W	0.304667	0.26232	0.255088	0.241454	0.188248	0.033582
YHL042W	37.433013	39.65442	38.938837	19.704114	24.297621	21.542084
YHL043W	39.356817	36.996508	38.496149	25.062642	26.784039	23.314234
YHL044W	19.835179	19.352445	18.194139	8.392649	9.677237	8.569683
YHL045W	10.671868	9.72757	10.321316	4.773183	6.995134	5.049556
YHL046C	9.300381	6.260818	7.874408	16.043189	8.040309	11.375071
YHL047C	294.306715	278.838311	307.452665	23.570329	27.708679	21.725197
YHL048C-A	5.593883	4.210221	7.503138	5.500764	6.922529	5.914429
YHL048W	129.179142	125.077279	125.543946	72.825921	80.17565	69.20104
YHL049C	104.621167	100.745767	100.193282	125.480287	107.02082	124.238276
YHL050C	15.816722	14.789791	17.042663	22.293112	19.107719	22.777159
YHR001W	44.399529	43.492258	41.260617	38.580581	40.390779	36.813398
YHR001W-A	109.790546	95.416716	104.548299	1016.777276	892.797022	1103.494118
YHR002W	18.406333	17.157112	17.102168	19.629079	20.156629	18.997406
YHR003C	68.116922	67.897081	68.714653	53.053646	53.565734	52.517521
YHR004C	15.303918	14.726607	14.662622	13.628617	15.542175	12.419697
YHR005C	53.294054	53.809359	55.654201	28.659488	32.360209	29.941876
YHR005C-A	48.902843	44.420991	47.481069	76.319809	72.530929	76.100849
YHR006W	103.953036	99.957426	97.581681	80.171494	79.585235	77.610648
YHR007C	279.98839	288.430327	318.749969	312.617668	263.18901	371.897645
YHR007C-A	7.102822	6.905969	7.595167	3.495355	3.48224	4.371087
YHR008C	20.064366	18.111299	18.118474	110.088684	106.146717	101.623742
YHR009C	108.911555	109.516772	111.661799	136.913236	144.783559	134.316724
YHR010W	1983.083151	2129.786749	2012.515613	2177.379888	2193.766978	2278.71494
YHR011W	12.283304	11.826768	13.095782	9.763171	10.91967	10.03533
YHR012W	58.710258	56.620909	56.527005	42.747663	46.00643	44.55382
YHR013C	53.052595	53.191004	57.778883	44.263869	44.248214	42.327924
YHR014W	3.247572	2.982808	2.954122	1.544579	1.472858	1.396046
YHR015W	1.203795	1.188762	1.136632	1.484196	1.67202	1.455586
YHR016C	54.310117	51.231201	48.077701	49.763946	47.743751	44.184005
YHR017W	31.950255	32.847222	32.118436	24.723137	24.809483	22.36615
YHR018C	2668.861532	2624.806846	2395.38689	333.797547	324.851451	322.413356
YHR019C	398.007118	417.330754	406.239114	307.450376	316.86078	312.062414
YHR020W	160.455201	166.608123	157.272365	102.960087	103.223109	105.417922
YHR021C	2264.693791	2421.426076	2216.708262	3496.079527	3404.866286	3578.010639
YHR021W-A	4.500623	4.265009	4.145491	11.12652	9.419057	10.287957
YHR022C	30.421596	27.150339	29.007308	63.785372	50.938657	63.140932
YHR022C-A	3.961702	5.031727	2.522015	3.697922	2.919976	2.356155
YHR023W	3.826466	3.713696	3.679222	3.432864	3.19533	3.571186
YHR024C	64.892071	64.784745	65.430576	49.31064	50.009997	48.219309
YHR025W	115.371924	117.855623	114.79833	74.398601	75.540236	73.56469
YHR026W	343.248338	345.144057	345.710423	261.75845	275.233729	268.07996
YHR027C	79.586025	77.335787	76.84566	102.007005	106.746881	101.450257
YHR028C	49.130842	49.231348	49.667071	39.075769	41.427277	37.895941
YHR029C	181.49684	187.910047	173.597793	35.621442	36.365439	35.955557
YHR030C	63.590903	61.245566	59.853107	52.250902	52.908042	51.488896
YHR031C	22.223862	22.906223	23.768857	20.895022	19.957233	22.226165
YHR032W	42.232517	42.193335	41.777438	36.585622	35.41024	34.177988
YHR033W	10.942329	10.285403	10.400613	224.51895	189.666756	208.419313
YHR034C	8.297905	7.96697	7.557188	10.495703	10.087111	9.701046
YHR035W	2.385082	2.151215	2.144492	1.356257	1.457658	1.384152
YHR036W	15.887851	16.503289	16.048367	12.15747	13.646583	12.97888
YHR037W	94.551358	89.064766	88.728369	77.278134	83.719823	74.806871
YHR038W	7.991238	7.959087	7.851601	12.839947	13.043358	12.714903
YHR039C	65.458532	67.473132	73.109038	83.765303	77.15238	87.88648
YHR039C-A	1429.229885	1366.153633	1374.859898	1114.613936	1029.403244	1073.720234
YHR040W	25.243596	24.487262	25.307886	33.206251	32.679321	32.932194
YHR041C	8.511508	8.451167	8.368802	10.515965	8.855204	10.149886
YHR042W	55.484374	56.843751	57.998982	51.67943	45.811584	50.221534
YHR043C	92.913157	90.33185	88.836943	210.187513	178.307418	209.130982
YHR044C	52.424742	47.03257	52.745669	61.300565	62.751944	66.314613
YHR045W	48.986723	50.887154	50.318109	40.631347	38.39901	41.886487
YHR046C	68.91208	69.695728	67.052115	63.659579	66.782848	63.66762
YHR047C	28.014575	27.561368	26.660012	21.323296	19.287595	20.227497
YHR048W	46.408992	45.76352	45.918338	35.79394	37.539909	36.873942
YHR049W	361.70475	396.503724	407.280938	665.586065	665.47934	643.180408
YHR050W	62.175408	62.973721	64.152835	56.662719	61.27801	59.776525
YHR050W-A	3.878521	3.155531	2.708418	7.319164	7.237966	8.131536
YHR051W	141.106316	131.853364	126.240406	445.239773	413.148237	464.690917
YHR052C-B	5986.834692	5944.003455	5498.794427	5275.818459	5723.195063	5400.035692
YHR052W	27.485554	30.177698	32.544124	37.532137	39.472056	39.313146
YHR053C	6982.104605	6473.529785	6720.987965	6123.730791	6437.123449	6291.898198
YHR054C	0	0	0	2.710808	4.113337	2.900323
YHR056C	7.62255	7.464954	7.381873	8.207985	8.334369	8.068289
YHR057C	105.999062	100.784233	105.622294	118.57279	121.158578	116.017935
YHR058C	27.783022	27.351546	27.330596	24.706526	26.906167	24.642532
YHR059W	67.215988	72.477943	66.970814	89.036977	89.915276	86.724222
YHR060W	71.201201	68.482523	67.530225	73.733395	78.015393	78.92224
YHR061C	32.626439	35.750652	35.594471	21.180083	19.766903	21.676928
YHR062C	36.072918	38.317275	36.836271	24.752903	24.888437	25.46253
YHR063C	29.477299	30.795149	30.78918	13.619043	15.079157	13.687045
YHR064C	308.634057	319.324644	315.753236	347.772208	355.684602	353.868352
YHR065C	27.731669	28.244719	28.998471	28.343536	29.590481	29.650025
YHR066W	40.458937	47.765331	46.143918	50.359757	51.384172	55.912202
YHR067W	24.941639	24.185509	23.188587	15.377329	13.95076	14.124767
YHR068W	292.439465	311.698056	303.268771	212.349584	240.257561	224.55696
YHR069C	127.679954	134.511595	135.935784	108.476381	112.256407	114.860446
YHR070W	20.944548	20.991818	19.804477	15.557944	15.381299	14.910259
YHR071W	317.836006	326.487338	293.941869	120.016615	147.644716	112.885403
YHR072W	76.589221	78.658045	81.769641	67.432923	60.728394	72.489851
YHR072W-A	560.009818	575.152762	551.949572	787.468793	756.795311	807.429118
YHR073W	52.432595	52.463124	52.69416	46.085737	48.64477	47.179274
YHR074W	60.817281	62.192614	61.622833	50.785251	49.444065	49.651786
YHR075C	46.198448	42.20332	43.266249	40.822743	43.344385	36.942706
YHR076W	45.480842	46.328241	44.320381	38.978403	40.915519	39.565071
YHR077C	15.177777	14.862232	14.247482	17.11287	17.729741	18.012222
YHR078W	26.117008	25.627764	24.065364	16.574417	17.645421	16.794558
YHR079C	11.967928	12.157618	11.742139	11.131484	11.52177	12.475342
YHR079C-A	5.980774	5.807189	6.145389	5.404279	6.933061	3.847444
YHR080C	11.179497	11.282366	11.750825	13.931129	12.779688	12.9185
YHR081W	93.363312	94.220519	91.452148	120.399909	117.35727	124.371512
YHR082C	14.156194	14.82153	14.275041	15.625542	15.736913	15.980949
YHR083W	69.367092	67.558683	68.710713	61.90123	57.249178	60.865718
YHR084W	19.204657	20.240662	18.772046	12.1288	12.432694	11.403197
YHR085W	27.855108	28.513415	29.908833	23.319108	24.826327	24.050192
YHR086W	26.739251	25.09305	23.371696	26.181772	25.461009	26.980495
YHR086W-A	3.107713	3.661062	2.579204	1.375191	1.832434	1.752423
YHR087W	9.598541	8.261209	6.187404	32.03645	30.949072	26.562793
YHR088W	28.942147	35.094831	35.077449	41.3749	42.323362	41.180381
YHR089C	27.859425	30.65966	28.610695	52.76995	52.339773	50.154872
YHR090C	33.078157	31.099391	32.789675	32.502859	33.767344	31.592626
YHR091C	11.455201	12.172945	13.507505	15.817758	15.426045	15.320956
YHR092C	71.819428	84.888029	68.660405	19.404869	16.164989	21.240666
YHR093W	2.537722	2.240759	2.277229	2.261659	2.058759	2.473777
YHR094C	298.289978	346.778977	355.674194	10.967513	11.023695	11.024373
YHR096C	77.292301	73.579419	68.978159	320.0735	328.449992	306.774396
YHR097C	53.856865	51.63991	50.965738	94.518988	107.850596	88.448027
YHR098C	27.743238	27.868329	28.354438	24.519733	23.683476	25.521842
YHR099W	4.782384	4.81201	5.040094	6.551493	5.672674	7.518476
YHR100C	14.163654	14.386145	13.547996	17.269956	16.592255	16.332435
YHR101C	14.691035	13.521521	12.505527	11.433735	12.725574	10.759922
YHR102W	18.455726	19.381544	19.39626	16.529101	17.081877	17.754716
YHR103W	14.7464	15.141426	15.190621	13.906086	14.359068	13.911809
YHR104W	155.332327	136.41722	133.806562	168.889701	173.516343	152.409661
YHR105W	47.494158	43.713501	42.165092	31.082273	34.653202	29.920714
YHR106W	48.151529	45.084065	45.602858	56.687174	63.527154	53.111414
YHR107C	67.88882	68.748675	69.445504	70.079727	70.910035	71.141192
YHR108W	48.575175	48.159269	47.633276	35.95774	36.915584	35.756157
YHR109W	4.063475	4.317274	4.310067	4.116109	4.885094	4.192067
YHR110W	241.68731	232.343285	218.23648	286.759313	266.878339	281.28975
YHR111W	22.964082	23.004833	21.954544	20.655338	22.132516	20.54606
YHR112C	564.199042	544.027814	475.412891	120.139053	129.407273	112.450424
YHR113W	92.940691	88.674155	82.412959	78.089072	78.438548	76.069525
YHR114W	19.96224	19.221259	19.167956	22.169024	22.006064	21.559721
YHR115C	33.684239	30.345809	30.770336	24.056989	25.205107	23.160254
YHR116W	11.683599	10.354292	11.578165	22.589356	20.10846	21.850757
YHR117W	24.387042	25.89336	24.461882	22.490315	22.392776	23.006325
YHR118C	20.154444	18.968848	18.998219	12.923379	14.878604	14.155651
YHR119W	5.392825	5.246853	5.415129	4.537171	4.418354	4.400865
YHR120W	1.299192	1.184873	1.199639	1.271074	1.236576	1.261695
YHR121W	123.422374	120.548159	121.002508	119.177631	109.973543	118.307989
YHR122W	129.128054	127.510034	123.721439	56.739137	57.104084	57.21927
YHR123W	79.651362	80.20476	81.017754	37.772515	40.132459	38.992717
YHR124W	8.997817	9.550748	8.933158	7.275966	7.972025	7.12053
YHR125W	8.872318	9.758046	8.84445	4.571899	5.331175	4.817786
YHR126C	20.787991	20.525476	20.913664	144.233574	125.083435	147.91911
YHR127W	29.657646	31.355589	32.422826	27.635478	26.255122	27.737252
YHR128W	53.510098	55.819792	53.540504	38.46331	39.054983	38.240913
YHR129C	27.297546	26.461642	27.635585	23.511688	22.70436	23.463997
YHR130C	2.0251	1.708321	2.050997	2.38422	2.717485	2.099256
YHR131C	20.930664	21.175123	20.790234	23.229559	24.470114	24.247863
YHR132C	89.654166	90.098987	88.608653	72.032266	73.090379	69.259806
YHR132W-A	125.727598	116.373855	120.034411	158.803575	141.194574	148.537972
YHR133C	60.077278	63.143771	61.717167	39.236563	40.430842	40.57157
YHR134W	45.658676	45.226281	47.430412	41.267862	43.361336	41.804865
YHR135C	48.630289	49.222506	48.486405	45.93105	47.56763	46.565694
YHR136C	9.304004	8.927193	7.039927	3.74252	3.221144	3.422397
YHR137W	29.551696	26.169699	25.640297	19.594995	25.860697	16.952713
YHR138C	292.71186	247.864088	259.50532	900.538357	848.403202	846.628904
YHR139C	13.024853	12.521352	11.213603	53.1913	70.189127	59.267387
YHR139C-A	10.924104	8.179501	8.705289	8.678486	7.754096	7.434502
YHR140W	5.624905	5.02776	5.645949	6.132293	6.5801	5.623128
YHR141C	2659.905275	2726.928591	2559.479688	3003.382168	2789.423102	3024.95443
YHR142W	80.855087	84.910436	83.037462	48.701231	48.9146	49.346062
YHR143W	89.56065	93.910301	90.550287	34.665866	34.574194	36.566961
YHR143W-A	143.411398	150.287534	140.301605	185.046532	162.547726	182.295224
YHR144C	12.938013	13.700099	13.430794	11.106882	11.657005	11.09868
YHR146W	110.15663	103.37866	102.726866	96.785242	110.149232	90.203309
YHR147C	62.062764	59.493013	58.780599	86.260163	84.591996	86.29353
YHR148W	28.81715	30.890309	32.059912	39.305136	41.908666	41.604648
YHR149C	21.685065	22.125145	22.412869	20.808914	19.590448	21.203382
YHR150W	17.572486	17.472748	16.715963	16.391695	17.586944	16.00354
YHR151C	24.966092	26.439885	28.154172	23.624916	24.640105	25.002175
YHR152W	97.530338	93.083273	93.018444	91.208646	82.613949	95.860355
YHR153C	4.872471	6.26031	5.24121	4.63912	4.481089	5.800902
YHR154W	2.285698	2.159406	2.162681	2.054899	2.087923	2.314369
YHR155W	5.417833	5.121023	4.984893	5.237442	4.973854	4.955061
YHR156C	12.646243	11.867645	10.757023	10.678901	11.126355	10.769197
YHR157W	7.844368	7.170781	7.593814	6.815351	7.252305	6.095238
YHR158C	9.905356	10.636359	9.958113	12.578475	12.021904	12.446455
YHR159W	20.74958	19.991715	21.688236	21.169885	22.418738	20.660385
YHR160C	9.659928	10.092863	9.545956	16.652317	14.303436	15.763332
YHR161C	146.925629	135.599191	140.22462	66.398854	71.70748	65.584082
YHR162W	3986.552182	3894.450076	3868.658879	1597.846197	1555.386503	1566.075751
YHR163W	297.10663	302.548423	297.338859	147.224356	136.480997	141.656468
YHR164C	2.707579	2.822046	2.680811	2.207721	2.194995	2.26693
YHR165C	3.771801	3.774907	3.85435	4.870805	4.650771	4.894733
YHR166C	4.195667	3.729227	3.800867	2.63945	2.592494	2.364143
YHR167W	25.679202	24.219955	26.224524	24.598576	26.831723	26.454124
YHR168W	13.080499	12.944076	13.725955	15.363728	14.295856	14.832958
YHR169W	47.784505	49.542302	49.387142	49.09246	49.315043	47.649275
YHR170W	50.042079	56.57856	58.962189	67.578539	68.017846	72.301422
YHR171W	13.227882	11.92458	12.456156	14.091543	14.277605	13.144218
YHR172W	5.051449	5.208221	4.746016	4.065733	3.900355	4.296978
YHR173C	11.40213	12.80274	13.865399	10.298719	10.090077	10.940551
YHR174W	4520.542201	4383.176598	4881.491864	2583.529921	2592.155763	2661.223344
YHR175W	294.034411	298.212077	313.610188	228.019005	220.852549	214.462101
YHR175W-A	59.460902	57.295612	63.307725	45.897002	45.810854	42.496269
YHR176W	69.254422	67.494128	57.03382	20.821923	22.714312	19.27523
YHR177W	16.71927	16.855249	17.156879	10.637949	10.073419	11.957359
YHR178W	14.300397	13.951723	14.145883	16.419505	14.849252	14.672516
YHR179W	717.186622	740.774151	767.401242	669.571722	686.852283	667.530708
YHR180W	108.255906	104.03702	98.279993	107.59776	136.400199	113.720832
YHR181W	56.593014	59.660095	57.236996	39.579975	46.364847	40.695203
YHR182W	8.866581	8.63045	8.895989	7.42137	8.2279	7.222351
YHR183W	513.720849	524.038834	479.416988	285.839315	339.809813	302.580694
YHR184W	5.552328	5.599312	5.922539	8.710483	9.157794	8.569226
YHR185C	1.55329	1.171289	1.304057	5.145945	9.961487	5.655694
YHR186C	6.817331	6.680411	6.913955	6.55368	6.500576	6.519596
YHR187W	35.230651	35.471841	37.412512	28.959516	30.383698	30.972227
YHR188C	53.463431	53.846686	55.115469	43.006939	44.592604	41.137049
YHR189W	5.475839	5.765549	5.692412	5.054812	5.379431	5.530432
YHR190W	240.305442	248.305009	257.394245	168.34194	164.904713	175.777833
YHR191C	47.421312	46.182274	45.052293	31.205333	35.286896	32.764482
YHR192W	66.419186	62.311725	62.666355	59.677634	63.392385	59.627668
YHR193C	582.377515	566.133202	564.025327	885.125195	807.955036	842.613634
YHR194W	25.182647	25.332226	24.417575	24.017924	24.306528	23.238016
YHR195W	71.89728	67.232326	67.843127	68.708762	67.719531	61.524264
YHR196W	18.147145	19.649662	19.53232	20.684805	22.298743	21.402638
YHR197W	5.521564	5.971548	5.578639	6.125449	6.298408	6.534892
YHR198C	55.211735	52.004993	50.792761	47.32618	49.063077	45.274808
YHR199C	116.630744	114.365552	117.729099	85.010354	90.50752	81.421855
YHR199C-A	42.236963	37.714229	35.876003	29.758198	28.674497	26.482087
YHR200W	98.149268	94.626988	95.23363	99.392492	101.773982	93.211259
YHR201C	58.209313	55.745978	57.273726	36.031686	35.554667	34.062818
YHR202W	10.370643	10.00578	10.304813	10.681666	13.297885	11.485767
YHR203C	1294.77161	1427.085762	1378.037951	1347.615452	1386.522745	1406.735606
YHR204W	24.487047	25.607678	26.321096	23.346422	24.521033	24.137909
YHR205W	29.164027	30.349451	29.798313	35.026869	35.850957	35.230167
YHR206W	50.079368	50.823262	51.456751	37.885202	38.378779	37.154118
YHR207C	42.439481	43.686292	45.596374	33.517295	36.500321	34.487464
YHR208W	1461.813151	1482.935673	1443.361871	572.26496	642.352413	616.0325
YHR209W	22.071528	21.463481	21.038322	26.812845	27.535291	27.139637
YHR210C	46.167778	42.26049	46.800287	23.935842	21.087895	19.462454
YHR211W	10.808004	10.05157	11.412884	8.573148	7.43308	9.601403
YHR212W-A	0	0	0	0	0	0
YHR213W	0	0	0	0	0	0
YHR213W-A	4.659105	3.804707	3.66827	4.166653	3.391003	2.499761
YHR213W-B	0.588867	0.978722	0.771073	0.974949	1.260109	1.220391
YHR214C-B	140.25923	135.683567	138.319834	77.918303	89.031349	85.487795
YHR214C-C	0	0	0	0	0	0
YHR214C-D	8.412817	8.801672	6.347296	6.051362	8.534581	5.714408
YHR214C-E	7.453565	5.671315	4.249527	6.489838	7.816376	5.842267
YHR214W	2.346835	3.442223	3.531515	2.905041	1.345356	0.996201
YHR215W	55.301102	55.707318	55.294662	38.410905	38.092337	36.298926
YHR216W	253.480654	254.37501	212.24801	53.838189	91.039957	53.458414
YHR218W	0	0	0	0	0	0
YHR219W	113.691756	122.179447	131.047123	177.554402	172.309945	181.152656
YIL001W	19.031057	18.301886	18.034608	16.265968	16.632783	16.976327
YIL002C	17.072726	16.728932	16.433797	13.344475	13.477422	13.785997
YIL002W-A	276.586425	274.182659	272.440068	301.19879	297.771396	283.556421
YIL003W	64.385082	59.490323	61.565419	37.525763	36.267332	35.744289
YIL004C	60.330451	59.751142	59.819863	61.844318	55.545051	63.359019
YIL005W	6.647435	6.698081	6.397676	5.552978	5.899966	5.238997
YIL006W	15.217016	14.996862	15.678529	23.374121	22.862545	22.371364
YIL007C	36.167439	31.879616	33.514087	36.262922	37.160416	35.089804
YIL008W	95.889423	89.98617	92.711718	137.803305	116.455658	137.363708
YIL009C-A	138.723459	130.859931	129.931803	48.270431	49.848181	44.001783
YIL009W	24.183515	26.645618	26.462955	18.205259	16.510223	17.568418
YIL010W	51.727486	48.614891	49.585982	50.704416	50.287486	50.357209
YIL011W	1016.597647	1149.720804	1139.106096	1119.390938	1133.763032	1116.059709
YIL012W	21.26	17.307365	20.688	13.764554	18.737155	13.493527
YIL013C	11.226383	11.91548	11.604037	12.180032	12.352869	11.223546
YIL014C-A	327.571523	320.525716	316.623113	394.549004	446.560413	408.451654
YIL014W	30.686189	30.159928	29.549906	19.654758	21.184153	20.161196
YIL015W	7.206692	7.591293	7.91155	6.259633	6.958589	5.421829
YIL016W	136.268591	132.801608	138.575153	109.872831	102.428312	104.221419
YIL017C	12.937626	11.997516	11.844049	15.107644	15.392059	14.584114
YIL018W	1673.018217	1811.749401	1752.227567	1770.475839	1809.175378	1801.017719
YIL019W	58.953191	59.683287	60.11644	40.949738	44.525721	45.331697
YIL020C	45.925441	43.049967	43.380595	25.646764	26.923275	24.068784
YIL021W	96.905691	100.094298	98.676662	97.720708	93.299664	99.347392
YIL022W	83.200993	84.658903	84.21174	82.296786	83.495326	78.257649
YIL023C	45.741238	46.000654	45.718041	53.841457	54.280661	51.689311
YIL024C	47.654556	45.489642	45.648326	130.10452	125.993248	129.543354
YIL026C	5.511221	5.357752	5.092274	6.117748	6.101079	6.010302
YIL027C	131.796721	128.337979	121.420174	107.120249	108.536581	110.764441
YIL029C	27.418567	29.549436	26.010412	20.416912	18.629136	19.720966
YIL030C	14.238549	15.851211	15.157791	16.366277	17.389341	16.497502
YIL031W	2.541268	2.51801	2.4328	2.216863	2.258526	2.271829
YIL033C	109.379528	106.830217	99.847121	149.680349	156.258371	141.6862
YIL034C	208.29971	205.420887	203.852431	150.917337	155.823297	146.811551
YIL035C	40.827287	38.139859	35.703157	32.333869	34.022278	32.04044
YIL036W	13.402554	12.451266	11.547916	12.934903	12.582448	12.441519
YIL037C	5.57626	5.412819	5.029004	5.464399	6.631689	5.492505
YIL038C	8.535397	8.981627	8.440955	10.283866	10.167445	9.99656
YIL039W	36.035495	36.585244	37.329491	25.109072	25.905151	25.601117
YIL040W	37.680431	37.588901	39.496626	34.024794	36.206351	37.335203
YIL041W	118.344295	115.302777	120.833631	173.712352	164.694903	167.303072
YIL042C	17.198791	16.228403	16.507116	28.605685	24.707584	24.483729
YIL043C	547.909947	534.52896	562.862659	422.006833	446.814679	439.046668
YIL044C	46.77645	47.302703	48.244751	33.489254	34.971044	35.633072
YIL045W	29.306199	26.927658	28.385775	51.349218	58.360653	48.768065
YIL046W	106.140691	99.610459	98.59651	46.917944	48.665326	43.839526
YIL046W-A	4.143617	2.196637	3.986042	6.016461	4.072076	5.914429
YIL047C	79.480242	79.667314	76.90211	41.879527	43.373024	41.882833
YIL048W	17.23161	17.764617	17.909122	14.135833	14.801481	14.907782
YIL049W	24.182012	22.982174	23.465089	16.151184	16.223313	17.866424
YIL050W	83.635173	77.002929	76.84555	100.226825	112.277475	96.769763
YIL051C	161.313195	149.740653	146.546304	168.609555	204.692243	166.399206
YIL052C	1427.613982	1517.385979	1437.973129	1951.181202	1770.946297	1948.018037
YIL053W	1114.790499	1281.094394	1509.15272	2095.841769	1839.032806	2033.531206
YIL054W	0.733371	0.720519	1.338383	1.200678	0.508856	0.934891
YIL055C	9.921373	9.868355	9.193038	17.888024	17.342807	16.500945
YIL056W	10.80717	11.155922	11.150366	7.584445	7.686916	7.065143
YIL057C	2.643181	3.052757	2.474283	217.962879	143.970397	197.518585
YIL059C	116.740728	114.558311	100.422693	143.773754	286.54299	158.45474
YIL060W	49.722377	48.494329	51.910101	66.822614	116.501079	69.143609
YIL061C	23.158402	22.863882	23.814374	17.062682	16.45306	17.188409
YIL062C	285.424764	275.641348	275.101297	218.923669	204.494023	213.382827
YIL063C	112.879887	105.351657	101.678377	82.809242	92.423532	85.961406
YIL064W	34.300178	34.91709	34.50537	51.699294	46.947257	52.93925
YIL065C	6.636919	6.179947	5.892341	10.146479	9.573859	9.650543
YIL066C	72.762026	96.171118	86.350899	56.393904	63.884868	49.734576
YIL067C	20.219438	20.737519	20.073509	17.174777	17.635797	16.781967
YIL068C	10.026994	10.017046	9.840825	7.245403	7.580673	6.868761
YIL069C	1316.270259	1453.099622	1404.134837	1368.124294	1345.145863	1441.121932
YIL070C	67.124637	66.810646	67.927394	107.978457	120.012014	106.754819
YIL071C	7.722149	6.904995	7.031961	6.752451	7.430044	6.86778
YIL072W	4.753503	4.209212	4.42175	4.586189	4.596929	4.476907
YIL073C	8.262294	8.463699	7.406431	2.146172	2.545153	2.252693
YIL074C	1026.063587	999.367015	818.451272	92.520462	103.410409	90.739469
YIL075C	75.631396	73.932662	74.492282	71.109547	75.889834	67.880653
YIL076W	70.998831	67.984872	68.944218	60.191066	63.179161	62.075536
YIL077C	120.09733	111.218561	112.249985	114.035468	114.145917	109.125754
YIL078W	89.433636	92.184035	85.720802	93.286424	92.019365	97.154614
YIL079C	36.554529	39.065028	37.701404	28.532259	30.940204	31.244149
YIL082W-A	23.674678	24.102996	24.242043	15.360099	15.349772	15.981126
YIL083C	171.073005	167.814179	168.976277	108.582229	108.524094	107.152267
YIL084C	2.264444	2.083412	2.153064	2.034766	1.998757	1.978516
YIL085C	17.612813	17.99468	17.796191	13.256335	14.909948	14.517175
YIL086C	4.911349	4.256196	3.070165	4.985316	6.185452	5.529994
YIL087C	144.907947	130.584016	128.607739	170.595271	156.31551	163.326458
YIL088C	57.694193	54.817988	53.894251	32.362495	33.397583	30.98316
YIL089W	18.737503	17.583521	17.516045	19.520247	21.215448	20.741647
YIL090W	27.536375	30.166766	28.860126	26.822291	30.08638	26.548884
YIL091C	25.618775	27.036343	25.786966	26.044571	28.226104	28.123584
YIL092W	13.465153	13.624436	13.212052	9.07116	9.909555	8.91337
YIL093C	67.936817	67.664448	67.870124	67.853209	72.681642	64.859664
YIL094C	614.324789	608.384266	569.233991	386.777954	389.7577	392.752885
YIL095W	16.964475	16.797293	17.527092	13.023314	13.680105	12.63028
YIL096C	2.398112	2.941353	3.05513	2.617744	2.979492	3.069795
YIL097W	12.741334	12.084092	12.066739	12.418422	14.512955	13.185
YIL098C	83.321518	77.09169	79.272261	97.560984	88.062569	93.640349
YIL099W	9.378545	8.409675	8.231672	6.969117	8.001953	6.595059
YIL101C	2.883264	2.588724	2.461738	11.741381	11.726836	11.281371
YIL102C	1.825592	1.466261	1.737526	1.366205	1.363018	1.026731
YIL102C-A	80.823084	82.573154	85.67054	62.014506	70.617686	62.335879
YIL103W	27.669014	28.126826	26.830949	21.553741	22.123271	22.598286
YIL104C	14.10213	14.626608	14.962305	11.563579	12.878807	12.651504
YIL105C	21.897005	21.078006	20.60729	24.432355	25.653347	24.255829
YIL105W-A	0	0	0	13.118434	14.661729	0
YIL106W	29.344802	31.176945	30.616851	29.036665	25.874306	29.076688
YIL107C	3.994146	3.780482	3.615916	5.967547	6.786583	5.899108
YIL108W	40.871802	40.183709	39.582641	28.518687	26.640102	28.457377
YIL109C	48.739819	49.893851	50.300513	49.168204	47.281294	48.075153
YIL110W	39.387297	39.548497	40.855235	35.606022	35.803313	34.828174
YIL111W	947.693007	845.226679	850.638524	837.915835	784.373648	742.764782
YIL112W	25.41702	24.016171	22.429057	22.043087	22.892247	21.224342
YIL113W	63.418471	56.821882	54.953637	29.022807	29.586658	27.542664
YIL114C	67.55635	71.839523	72.34153	43.835765	42.798193	41.082926
YIL115C	20.608996	20.532977	20.447223	22.536569	20.529352	22.190788
YIL116W	545.810891	526.806968	476.153481	191.113945	196.315789	185.358112
YIL117C	144.480372	139.653182	143.187974	49.920668	45.594651	48.566289
YIL118W	138.833254	147.814555	151.67833	117.460125	107.753127	116.118302
YIL119C	2.83676	2.671564	2.54215	1.133061	1.31575	1.285155
YIL120W	9.894908	9.448113	9.564029	16.990407	17.014832	15.426137
YIL121W	232.534076	234.499176	232.03681	71.418998	76.269165	72.190184
YIL122W	22.858924	22.643184	22.942509	25.417842	28.320512	25.643704
YIL123W	55.97268	54.829916	57.412785	33.099014	31.552056	38.225953
YIL124W	179.165453	160.103747	157.490926	159.429789	164.249674	151.180936
YIL125W	50.430876	50.414979	47.924231	109.147417	104.933703	113.09571
YIL126W	13.875472	14.98522	14.240946	17.757449	16.211219	17.67355
YIL127C	6.781069	6.852723	6.286635	5.951006	6.235168	5.840578
YIL128W	5.715022	6.281091	5.875901	5.320433	5.532944	5.417868
YIL129C	7.661056	7.810819	7.753177	8.102252	7.348403	8.149219
YIL130W	0.934373	0.996511	0.985954	0.787536	0.932573	0.847499
YIL131C	35.176137	33.079138	36.004366	31.411012	26.521212	31.890917
YIL132C	7.344685	7.345826	7.413557	6.052981	5.700019	5.014724
YIL133C	743.388512	793.698501	754.239199	767.98671	775.476307	808.088105
YIL134C-A	0.233782	0.44105	0.323621	0.430083	0.692958	0.363653
YIL134W	15.183914	14.302996	14.353821	15.244555	14.218492	13.242196
YIL135C	16.108099	15.993443	15.917582	14.283527	15.96748	14.547347
YIL136W	62.476474	56.358205	56.123366	290.080417	288.22545	292.53983
YIL137C	26.035687	25.578671	24.585692	34.041151	33.800663	36.416275
YIL138C	176.455715	166.508291	166.755763	127.422565	142.075239	128.561777
YIL139C	6.039719	5.659431	5.43241	6.622386	6.598742	6.275836
YIL140W	24.963886	25.65196	24.893498	20.789404	19.288073	21.82135
YIL142W	81.619121	83.136449	83.029944	93.476282	93.739981	93.595621
YIL143C	35.261595	34.287635	33.684114	35.675116	37.302289	34.518815
YIL144W	2.803997	2.804224	2.719893	2.984273	3.271571	3.050835
YIL145C	162.712042	162.500565	159.671881	103.457595	107.848888	106.643966
YIL146C	23.056424	22.542858	21.417359	20.118299	22.186788	19.127042
YIL147C	11.874933	12.132826	12.137578	12.686627	12.92038	13.65166
YIL148W	2944.895266	3105.150705	2873.785322	3751.312264	3651.847884	3834.860469
YIL149C	2.938518	2.971952	2.800329	4.077071	3.798085	3.909172
YIL150C	7.529704	8.36124	8.203725	7.49366	8.43178	7.57325
YIL151C	12.483528	13.076351	12.128123	12.208051	12.712953	12.078663
YIL152W	35.870674	36.233616	35.920971	32.596773	33.073394	33.372094
YIL153W	10.813879	11.045235	11.087441	12.765935	11.71384	12.091805
YIL154C	11.687634	11.167116	11.503138	14.361652	14.877482	14.102453
YIL155C	1.319313	1.293711	1.168519	9.177929	8.096552	8.713998
YIL156W	3.901526	3.663442	3.946315	4.197956	3.928561	4.378554
YIL156W-B	247.788288	236.32152	229.314648	299.447858	277.308371	280.387757
YIL157C	106.924759	103.946815	105.414247	118.119568	122.319724	115.767175
YIL158W	65.074291	63.34317	71.909438	76.298652	56.567803	70.052646
YIL159W	0.624684	0.617813	0.653547	0.767514	0.707158	0.765293
YIL160C	2.959289	2.565285	2.791849	12.647056	10.315843	11.426299
YIL161W	12.082996	10.685457	11.00056	7.945699	7.75326	7.220691
YIL162W	65.967495	69.342344	68.967386	617.299101	375.326359	642.956287
YIL163C	14.525606	12.530223	12.508957	2.964545	3.769779	2.877841
YIL164C	76.143502	71.911942	71.940653	18.954423	17.544985	18.901353
YIL165C	178.387463	170.446302	179.179878	49.005098	44.990921	46.769301
YIL166C	13.307248	12.209919	12.179633	5.934587	7.15957	6.500439
YIL167W	33.16236	29.77343	32.960534	29.399446	28.658375	28.657867
YIL169C	71.927208	75.491853	74.071542	45.344681	37.974135	46.773258
YIL170W	8.652579	8.497366	10.055484	8.167881	8.346456	8.980211
YIL171W	16.468842	16.799696	16.242629	14.123474	14.690888	13.865531
YIL172C	13.085832	12.128581	12.83256	22.996227	21.426906	23.2196
YIL173W	11.097575	9.739272	10.2841	7.430874	6.000797	7.170928
YIL174W	9.881364	8.329526	8.975993	5.505963	7.561896	6.4527
YIL175W	35.745398	39.627224	37.746051	24.406421	36.665161	19.83508
YIL176C	32.845515	29.89495	32.014882	40.295802	30.869765	28.262336
YIL177C	0	0	0	0	0	0
YIR001C	60.517841	57.473794	52.952535	45.588193	49.778876	45.693808
YIR002C	11.120825	10.447216	10.423539	10.529974	10.620712	10.788612
YIR003W	32.342635	30.867404	30.860571	35.226186	35.301135	33.780976
YIR004W	71.895234	68.713691	68.869441	72.257494	74.183735	71.209556
YIR005W	36.000263	33.987458	30.283549	20.585286	21.382675	20.126064
YIR006C	12.693594	12.162718	11.907681	13.576503	11.838584	12.849542
YIR007W	35.026446	37.080655	38.174691	21.564314	20.347805	19.913287
YIR008C	32.301346	31.49593	30.870805	27.69749	29.386776	27.623338
YIR009W	43.257972	43.717762	44.915581	44.076028	46.58935	42.787967
YIR010W	19.233735	18.851167	18.895076	17.776203	18.064479	17.678206
YIR011C	51.259045	54.995533	56.632965	67.108447	64.186369	62.677313
YIR012W	105.714155	124.43942	129.832701	132.943032	127.593115	135.209547
YIR013C	2.058386	1.806126	1.721522	2.004037	1.378984	1.420472
YIR014W	31.335686	30.195905	31.160457	37.359539	35.737035	32.342351
YIR015W	61.641268	61.224751	61.290729	56.979887	54.119604	53.299363
YIR016W	38.92453	36.715526	37.037339	86.638308	72.939702	75.499485
YIR017C	336.694059	310.498682	268.632121	48.369022	55.205098	43.141349
YIR018C-A	2.874858	3.599043	3.384807	1.606217	1.516606	1.387974
YIR018W	102.691956	98.917778	96.470662	48.251859	49.695083	46.567259
YIR019C	6.33048	6.145792	6.80218	5.665401	5.436005	6.400925
YIR020C	4.648421	4.323887	4.942044	4.347266	4.387571	3.391323
YIR021W	40.628847	42.536539	41.335549	42.501807	40.922106	41.872892
YIR021W-A	0.771262	1.004854	0.587605	0.536557	0.573124	0.526694
YIR022W	160.010101	162.248158	159.784782	155.792294	150.632887	158.800113
YIR023W	13.840856	14.667299	15.11225	12.52219	12.042505	13.014467
YIR024C	26.761897	24.047163	24.685294	25.596236	27.35191	25.241707
YIR025W	32.168798	30.647875	31.644954	25.946572	25.18695	23.508622
YIR026C	56.748758	62.245468	62.385073	45.952084	46.950724	50.194039
YIR027C	19.228524	19.157691	18.441821	18.905285	16.668528	16.355538
YIR028W	13.196411	12.282157	12.638588	11.542982	13.427963	11.042311
YIR029W	39.26858	37.183497	38.309788	43.636346	42.668809	44.872478
YIR030C	7.980464	7.625336	7.480152	6.281803	8.280581	6.563191
YIR031C	45.286081	42.569277	44.33206	25.213603	28.166865	25.569796
YIR032C	36.696768	32.712817	33.967177	23.840288	21.927488	21.845986
YIR033W	39.385337	38.2564	37.974995	29.339062	39.63643	29.134945
YIR034C	335.296191	335.265083	322.597332	73.628617	74.921864	69.233176
YIR035C	95.535037	92.03875	98.340612	55.240507	49.444553	51.616138
YIR036C	51.432933	49.022321	50.760855	56.59975	52.768379	55.082592
YIR037W	359.972964	332.006033	346.939417	609.564248	576.086441	576.8275
YIR038C	311.482056	302.639368	307.853185	671.485841	579.322171	622.771593
YIR039C	25.516894	24.229338	25.113829	18.786552	18.641623	17.669264
YIR041W	0.824016	0.854356	0.833691	0.566453	0.488873	0.387809
YIR042C	48.983852	44.867142	38.973563	23.487762	27.860036	23.64373
YIR043C	6.616295	6.003808	5.572587	3.481973	4.546689	3.326128
YJL001W	236.41961	226.211469	224.352944	201.109084	214.57408	200.642039
YJL002C	115.063154	109.981901	113.492777	76.234008	81.558239	75.444671
YJL003W	36.402563	35.088009	35.642718	37.299482	38.71835	36.282267
YJL004C	7.885185	8.572871	7.457969	5.868367	7.200181	6.605309
YJL005W	10.357866	10.349504	10.636608	11.785209	11.711685	11.439089
YJL006C	13.548491	12.088669	12.944895	9.277769	10.81769	9.439736
YJL007C	0.583682	0.407807	0.536157	0.329038	0.224835	0.303084
YJL008C	62.97572	63.683564	66.226451	70.239498	71.179683	66.286882
YJL010C	13.968344	13.698201	13.739643	12.743059	14.095305	13.576737
YJL011C	43.972244	44.016487	46.905824	37.990965	38.818223	42.752743
YJL012C	66.552746	67.885263	67.113684	51.20565	52.70709	48.237539
YJL013C	7.986296	7.292319	7.296035	9.28476	8.861152	8.882774
YJL014W	113.298288	112.239964	113.588595	102.989508	110.839469	110.831728
YJL016W	77.369586	75.00973	66.620787	62.627928	67.481289	61.208867
YJL019W	8.889327	9.44055	9.52407	7.941727	7.925796	8.318248
YJL020C	19.673361	19.450747	18.901565	26.055391	23.193436	24.417697
YJL023C	22.986777	21.897667	20.683142	23.985951	26.013513	23.579355
YJL024C	33.267073	34.26218	34.632631	26.395402	26.704809	27.294848
YJL025W	15.053901	15.767367	17.376485	12.758946	12.09312	12.903279
YJL026W	411.282429	438.569239	418.745152	1107.308636	1079.098635	1208.643674
YJL027C	0.040148	0.064138	0.049488	0.103148	0.115848	0.103926
YJL028W	0.832187	0.788254	0.801922	1.377435	0.985625	0.807506
YJL029C	11.358381	11.407946	11.415759	10.367495	10.298471	9.61775
YJL030W	67.225624	63.18975	62.683547	52.662091	52.707558	51.867028
YJL031C	19.424375	18.917609	18.388962	15.839095	16.799004	16.183517
YJL033W	18.756177	20.844581	19.270391	22.398626	23.60183	23.934507
YJL034W	302.375249	313.690578	351.629302	275.861285	284.578216	321.233693
YJL035C	19.640575	20.269335	24.022478	27.349892	23.727502	31.148094
YJL036W	46.85424	44.570489	42.596182	53.776249	55.680706	47.895555
YJL037W	28.963331	28.775326	26.964321	30.18586	31.640062	27.598527
YJL038C	27.645969	29.810845	27.778777	30.479266	31.246643	30.024484
YJL039C	7.837555	7.841215	7.69721	7.255649	7.310745	7.646697
YJL041W	50.546244	48.800959	49.3993	46.706098	46.716919	46.592711
YJL042W	12.241957	12.66293	12.026228	16.553713	16.233598	15.869093
YJL043W	1.340487	1.395234	1.224689	2.224257	2.358753	2.066119
YJL044C	63.089574	64.478178	61.942471	38.920907	43.525134	39.290194
YJL045W	12.242887	11.510841	11.006952	21.314541	20.983779	21.721355
YJL046W	11.515652	11.633465	11.455648	9.587482	10.231739	10.106996
YJL047C	12.491331	12.866853	12.384686	9.042481	9.212648	9.025703
YJL047C-A	2.50013	0.891631	1.453375	1.516183	1.378067	1.169738
YJL048C	37.782414	35.432158	35.465253	31.749979	30.321668	31.765324
YJL049W	13.572444	12.656284	12.525965	13.52862	14.6828	13.593074
YJL050W	22.256309	24.137901	22.636284	26.572066	27.867593	28.425887
YJL051W	12.636722	12.494465	12.435474	8.720563	9.384045	9.379747
YJL052C-A	3.522074	3.111902	2.579204	2.750382	2.443246	3.066741
YJL052W	12344.706891	11280.0149	13322.494712	5766.864824	7925.441626	5830.592089
YJL053W	61.439047	58.910186	59.391843	60.968376	64.092407	60.467621
YJL054W	93.116375	90.051202	93.675362	82.132321	82.60845	84.502605
YJL055W	476.329286	451.977613	451.810712	389.855575	356.836558	390.744106
YJL056C	51.196975	49.347706	50.861239	33.362935	36.317209	29.788894
YJL057C	25.84199	25.540765	25.821309	26.614507	26.585939	25.119144
YJL058C	4.022317	3.991017	3.537694	2.718746	2.775839	2.575603
YJL059W	21.566035	20.469817	20.258949	11.393665	11.228134	11.303625
YJL060W	288.906123	277.71306	229.193893	36.067832	39.621179	33.029841
YJL061W	17.118037	16.498755	16.644394	11.687211	12.690929	11.654977
YJL062W	16.873554	17.906153	17.582389	11.505782	12.228822	12.184336
YJL062W-A	38.241563	38.101185	39.003108	83.495094	79.481917	80.487679
YJL063C	21.917059	21.960246	21.208053	40.49722	36.912329	36.334321
YJL065C	96.405251	96.541903	92.510252	73.486913	67.379804	66.887997
YJL066C	100.423942	90.712569	94.557202	158.572703	174.072333	149.847074
YJL068C	93.502966	87.040697	88.695322	114.411032	117.170703	110.067331
YJL069C	37.714545	40.613996	43.846913	36.851858	40.31949	40.904202
YJL070C	6.275813	6.225459	5.910571	7.464995	7.595699	6.981695
YJL071W	41.425901	41.936652	39.523084	16.600264	17.064346	16.127367
YJL072C	34.017488	34.246072	33.390253	19.544338	18.534426	19.306376
YJL073W	11.963112	12.813686	13.031076	8.596337	8.877208	9.16599
YJL074C	6.254019	6.087718	6.573011	7.383184	7.178374	7.779241
YJL075C	15.428273	14.71625	12.332691	13.0154	13.453565	13.279521
YJL076W	36.23531	37.684541	37.600607	29.111596	28.258047	29.415276
YJL077C	89.15177	87.255735	88.222961	94.386223	80.118017	89.454408
YJL077W-A	0	0	0	0	0	0
YJL077W-B	7.809535	9.581847	7.224215	10.024413	11.865962	9.420008
YJL078C	68.164956	67.197796	68.47417	53.939333	50.22387	56.815846
YJL079C	774.160764	855.207431	862.09705	1089.345776	1179.250298	1216.052933
YJL080C	40.240979	41.0592	38.723177	51.512505	51.327601	52.940009
YJL081C	55.056462	54.329909	53.465623	57.692435	59.025767	57.281483
YJL082W	35.736437	33.317684	32.553795	43.101185	41.097526	41.030272
YJL083W	8.948688	9.808088	9.472915	11.683127	10.639646	10.211587
YJL084C	9.611086	9.117648	9.181316	8.657193	8.991785	8.462173
YJL085W	15.667713	14.954835	15.203873	10.503556	11.744574	10.999047
YJL087C	6.657661	6.608098	6.9497	5.807014	5.883877	5.98717
YJL088W	264.16789	252.026584	248.202438	40.141956	44.396095	39.665155
YJL089W	2.063089	1.750089	1.602624	0.496082	0.586274	0.496724
YJL090C	2.251579	2.356749	2.363339	1.87335	1.919309	2.034211
YJL091C	24.402691	24.188065	22.658949	11.655279	12.646305	12.690057
YJL092W	8.512968	8.272612	9.037723	8.84342	8.719442	8.998709
YJL093C	11.294993	11.214436	12.14734	14.322927	14.031813	14.932478
YJL094C	21.526867	23.274021	22.774209	13.727782	16.231256	13.681904
YJL095W	5.321148	5.488601	5.580677	5.497549	5.757201	5.506124
YJL096W	54.283531	49.838084	51.160542	69.477913	65.90955	64.552466
YJL097W	114.376355	111.188793	110.052285	57.483343	74.719696	58.86852
YJL098W	21.615888	22.384487	23.564386	19.418811	20.166748	20.650451
YJL099W	4.572741	4.148858	4.175925	3.337659	3.298838	3.095386
YJL100W	12.144473	11.816965	12.326577	8.07473	7.43266	7.912654
YJL101C	93.568342	90.592475	80.670537	22.208139	24.999732	20.576405
YJL102W	2.544025	2.596004	2.46225	7.708322	7.283846	7.426639
YJL103C	8.489906	8.267229	7.779099	18.997697	18.736052	19.584462
YJL104W	73.626609	71.861752	68.4227	75.614195	77.141722	73.078584
YJL105W	49.225457	51.696826	53.654571	33.505544	32.849372	34.766427
YJL106W	9.093986	8.889482	9.070612	6.797719	7.542865	5.871439
YJL107C	4.6246	4.300321	3.731186	2.779269	2.865998	3.362554
YJL108C	9.500948	9.346357	10.973663	6.194665	6.136087	7.756547
YJL109C	3.031319	3.306762	2.876325	3.9221	3.628207	4.069888
YJL110C	22.361493	23.667296	25.457804	21.781171	21.020711	21.92694
YJL111W	76.083491	77.188335	77.008433	82.086519	85.026201	82.713581
YJL112W	14.742371	13.796944	14.758867	12.504996	12.472429	13.391524
YJL113W	0.949355	0.917468	0.926462	0.76821	0.724414	0.783637
YJL114W	0.106276	0.068286	0.129594	0.053535	0.054541	0.106297
YJL115W	91.41184	89.285834	96.032277	136.073473	134.353746	137.537469
YJL116C	92.886254	107.147481	105.195874	791.229099	926.749854	864.287969
YJL117W	140.572315	140.099336	145.604905	130.0439	128.229227	125.941398
YJL118W	10.303017	11.133003	10.995739	10.975302	10.992955	13.128856
YJL121C	79.760082	82.147589	79.611937	133.264293	125.489911	131.271918
YJL122W	86.078432	96.045127	94.490198	150.618625	149.679256	146.28267
YJL123C	118.506851	114.072955	112.195468	143.674136	149.871133	140.216366
YJL124C	191.538469	182.186982	182.220694	204.268154	202.763825	196.466236
YJL125C	54.105927	55.408752	56.62996	47.683392	52.837368	50.335658
YJL126W	32.885096	30.620868	30.592752	33.516957	33.341639	32.04129
YJL127C	19.785536	19.090805	18.814262	16.599658	18.496194	17.328561
YJL127C-B	294.403977	285.013638	285.119235	402.930987	408.022008	382.028318
YJL128C	43.950492	44.853294	44.958044	32.436069	33.130608	31.789828
YJL129C	15.669932	15.581763	15.517551	12.897734	13.019442	13.549484
YJL130C	57.669547	62.316786	61.141898	89.850841	77.816745	96.154192
YJL131C	21.547546	20.247069	17.964238	16.532187	16.67276	15.982119
YJL132W	36.379642	32.873923	35.104015	18.485675	20.069436	17.391472
YJL133C-A	52.215048	47.256899	41.204757	117.300266	111.376458	121.358226
YJL133W	142.380065	132.323845	147.939201	75.484198	78.25857	79.356309
YJL134W	45.441528	45.04847	43.031906	31.640822	33.435683	31.137905
YJL136C	1611.301588	1702.467595	1569.469229	2049.356691	1985.58051	2051.690541
YJL136W-A	0.87016	0	0	0.962634	1.140181	1.533371
YJL137C	6.809652	6.476036	6.379482	7.382374	7.324808	6.902655
YJL138C	797.082265	824.426391	848.805507	702.987798	764.190742	748.243147
YJL139C	21.535915	23.194246	23.482814	14.643326	16.805489	16.579688
YJL140W	178.182776	165.593937	162.673465	132.603389	128.527732	131.087756
YJL141C	32.97431	31.061805	30.192317	27.071138	26.699076	24.754477
YJL142C	1.352746	1.524813	1.426522	1.191264	1.36413	1.208067
YJL143W	230.446076	229.419692	233.218333	248.090169	254.397843	238.036883
YJL144W	29.152963	27.963557	25.187065	44.354649	46.985704	38.64974
YJL145W	84.57637	81.69327	84.223102	58.920576	58.251293	57.105761
YJL146W	27.168406	27.660176	26.47915	21.447639	23.453276	23.576768
YJL147C	6.834584	6.57179	6.397197	5.900094	5.490417	5.393706
YJL148W	97.4876	111.061036	112.902891	115.700861	122.391059	126.158063
YJL149W	20.017475	21.526749	21.746983	17.010442	18.758815	16.818305
YJL151C	148.442608	141.524092	132.810409	152.982774	153.980662	135.613823
YJL153C	18.424648	17.161541	16.330624	30.377274	23.264326	31.823603
YJL154C	21.949329	21.802673	21.687235	18.629412	20.516388	17.66996
YJL155C	21.348365	20.167224	20.1926	24.989927	26.723505	24.776913
YJL156C	6.701646	6.760265	6.719014	5.2512	5.698032	5.412396
YJL157C	71.856776	73.240319	72.982087	47.040018	48.658059	48.966977
YJL158C	106.735334	124.26063	132.008384	211.865798	196.277731	248.489104
YJL159W	1679.630677	1658.405627	1662.566393	1364.423746	1379.958572	1280.322587
YJL160C	19.471507	20.211062	19.2166	10.161902	10.917272	8.858755
YJL161W	84.039421	76.783943	78.21186	103.942452	99.850313	92.510413
YJL162C	15.139323	14.919592	14.069138	10.5771	11.724332	10.56985
YJL163C	39.932657	38.407258	39.617878	56.282431	60.606545	51.557766
YJL164C	44.968918	41.516519	37.855688	57.740759	63.672511	51.914248
YJL165C	30.620349	30.248045	28.189938	32.614344	34.923613	31.109638
YJL166W	49.740369	46.110805	46.018249	211.699661	190.882278	202.660735
YJL167W	304.591785	304.657933	317.660637	300.929166	275.812219	320.36906
YJL168C	12.41566	12.446709	11.662694	10.115026	9.580519	10.073511
YJL170C	16.208575	14.444867	14.869098	10.639441	11.586197	10.878857
YJL171C	113.675733	111.161975	113.960896	74.574966	83.717085	73.22256
YJL172W	29.800993	30.564497	30.112966	20.746052	20.86162	18.980533
YJL173C	176.09429	162.833666	165.856851	212.167239	186.362945	213.79565
YJL174W	342.224471	350.933239	359.842188	412.410077	424.914657	421.260178
YJL176C	9.031039	9.075137	9.142537	10.223174	9.951283	10.183588
YJL177W	1082.718923	1189.544475	1098.296691	1257.103641	1260.271062	1270.712147
YJL178C	107.602445	105.863525	111.277146	93.419093	96.748549	94.196948
YJL179W	23.31178	23.691154	24.043369	26.656506	27.355604	27.88161
YJL180C	26.599176	28.635909	30.386971	45.051961	45.042776	41.489878
YJL181W	3.531463	3.648971	3.502816	3.675962	4.207412	3.515892
YJL183W	41.89109	43.939858	44.721265	36.300177	37.386696	35.269642
YJL184W	54.82867	54.54625	51.64663	62.585816	52.108737	57.393327
YJL185C	27.342328	25.758351	25.335876	37.820571	38.894345	37.602595
YJL186W	33.042202	34.4217	33.996216	25.83996	25.481155	26.364864
YJL187C	14.063973	13.056801	12.615105	10.630927	10.382702	11.011302
YJL189W	2545.423832	2643.469456	2491.510683	3579.966183	3529.675413	3620.945014
YJL190C	1609.232738	1719.674823	1623.502049	1749.482989	1734.864572	1865.369243
YJL191W	126.347982	125.961278	126.539748	190.710399	185.881001	187.679402
YJL192C	135.300508	136.617408	136.636694	93.852695	101.401099	93.088599
YJL193W	13.310894	12.870278	13.427694	10.997608	11.287685	10.655791
YJL194W	14.917676	15.685381	15.230705	17.632467	19.416695	18.400152
YJL196C	127.1491	120.983625	121.923565	65.706056	87.064801	62.916832
YJL197W	5.150323	5.235034	5.02759	7.468082	7.564404	7.648063
YJL198W	21.236886	24.708622	22.805105	28.957851	30.841506	31.513742
YJL199C	115.70415	111.001338	108.3235	58.159997	62.604642	50.835251
YJL200C	54.379504	54.731421	52.34996	29.57685	28.579984	30.747329
YJL201W	19.834766	19.144845	20.101481	12.349788	12.960605	13.038108
YJL203W	43.982303	40.239988	40.887252	36.217471	42.851659	37.596082
YJL204C	0.613451	0.612932	0.59376	0.54629	0.628843	0.549247
YJL205C	95.096007	92.075697	90.741072	126.001883	130.102826	126.612596
YJL206C	13.099143	12.168308	11.479387	9.018427	9.337035	8.793138
YJL207C	1.998009	1.998407	2.079153	1.946443	1.891278	2.117448
YJL208C	32.652568	35.920459	36.693766	37.576731	33.776258	35.432359
YJL209W	15.399305	16.413599	16.442512	14.892671	14.347642	14.044053
YJL210W	100.103285	94.663072	93.808404	67.024515	61.948275	63.30904
YJL212C	13.93265	15.261273	14.127201	5.34637	5.248503	5.412621
YJL213W	98.85786	97.852345	94.014162	10.619589	10.902697	10.449652
YJL214W	7.170003	7.858377	7.002445	3.848757	4.048375	3.959598
YJL216C	7.322133	6.849948	7.371667	3.324026	3.167882	3.588743
YJL217W	386.216092	369.05865	380.580445	170.586172	155.242174	170.619518
YJL218W	21.576294	22.2221	24.868428	9.597362	8.234537	10.105819
YJL219W	11.361979	13.205941	14.034319	13.117404	13.473838	11.960878
YJL222W	8.566451	9.747891	9.142426	4.895243	6.189143	5.477907
YJL225C	10.880054	11.734807	16.069671	22.030891	15.502092	21.425096
YJR001W	69.799553	68.228344	68.352092	37.308914	41.380997	38.363314
YJR002W	48.655756	50.998382	49.909289	59.91562	60.166887	62.922684
YJR003C	9.454245	9.345974	9.168869	7.311085	8.028406	7.095217
YJR004C	117.632084	124.149723	123.200432	30.422242	35.006209	32.20401
YJR005C-A	16.433532	13.049083	13.990129	3.547675	2.727608	3.340755
YJR005W	20.037458	20.045803	20.278585	21.841376	21.826161	21.123824
YJR006W	42.717126	41.655473	41.192057	34.851514	36.415193	37.10601
YJR007W	77.383744	78.050751	75.203733	75.782324	75.442469	76.119871
YJR008W	109.091004	106.136724	96.774131	183.466481	184.375257	170.852148
YJR009C	3029.240177	2926.473356	3248.698939	1997.144541	1942.726983	2102.518672
YJR010C-A	79.266401	76.243129	77.100926	57.185625	49.675996	57.387768
YJR010W	1547.925222	1530.505269	1183.98014	35.168519	40.950623	33.6433
YJR011C	7.110955	7.183676	7.221617	5.952401	5.665028	6.184818
YJR012C	59.077045	57.417835	60.658885	72.157425	66.700798	75.670162
YJR013W	22.974592	22.015472	22.254396	17.606239	19.783094	16.926607
YJR014W	186.561494	190.364938	201.135614	161.494366	162.261887	150.143227
YJR015W	77.586609	78.290361	74.157623	73.070327	82.050629	68.26232
YJR016C	771.547152	792.400835	761.692085	493.000458	528.762347	519.75027
YJR017C	12.551285	11.853497	12.349654	17.094413	15.500222	15.598617
YJR019C	25.08192	25.870706	25.783915	43.650014	43.185435	42.38414
YJR021C	16.168965	14.76625	14.692577	12.793942	13.671156	11.760457
YJR022W	41.111976	36.860964	38.421252	33.670698	31.223941	32.862715
YJR024C	99.072795	101.800498	102.422205	134.051465	123.388018	136.829122
YJR025C	824.194687	791.918939	743.678362	576.432721	567.283825	560.146908
YJR026W	0	0	0	0	0	0
YJR027W	54.12449	45.426269	50.092993	10.973325	13.600528	11.976568
YJR028W	0	0	0	0	0	0
YJR029W	101.142737	91.233796	91.13124	27.127578	25.957465	22.799406
YJR030C	17.451024	15.320124	16.283419	11.588143	12.125322	11.923185
YJR031C	2.185192	2.405652	2.308886	1.785323	1.771131	1.912696
YJR032W	15.92344	16.069606	15.137146	11.494641	11.53844	11.843463
YJR033C	11.110188	10.931497	11.337578	11.220819	11.152191	11.45397
YJR034W	89.749744	84.254545	79.017403	138.426228	134.390551	131.671895
YJR035W	13.746071	13.977572	13.704286	12.578858	12.007604	12.972411
YJR036C	6.239896	5.874563	5.694731	4.392745	4.399123	4.32082
YJR039W	9.394196	9.307369	9.055216	6.542548	6.759334	6.569812
YJR040W	31.081949	30.542398	31.667631	22.661734	22.909084	22.741729
YJR041C	4.829514	5.012985	5.262234	5.210062	5.656486	5.757285
YJR042W	27.376695	26.409674	25.584476	26.30821	28.622483	25.832152
YJR043C	24.540489	22.49893	23.51314	21.77304	22.680018	22.327262
YJR044C	14.98117	14.369154	14.197564	13.767528	14.245451	12.787136
YJR045C	282.971952	283.653996	281.45391	385.934434	399.261977	377.550257
YJR046W	31.948629	32.154777	30.868617	29.625239	29.67004	27.288253
YJR047C	949.774528	970.72247	971.579359	1156.988416	1107.555678	1071.371571
YJR048W	10.185638	9.726679	10.849223	21.553609	19.536253	33.385342
YJR049C	60.309667	59.923665	58.976474	63.832686	65.314192	60.658785
YJR050W	58.590873	64.048079	56.663082	52.221925	52.442182	50.757552
YJR051W	44.459387	46.95792	46.723561	32.700887	38.788852	34.5453
YJR052W	41.61948	43.526313	44.319993	44.003839	46.119238	45.898859
YJR053W	7.883488	7.889094	7.537923	6.545875	6.345996	6.014631
YJR054W	6.604076	6.97962	7.751998	5.797555	5.65931	5.999588
YJR055W	18.351087	20.220205	18.944262	14.395605	15.999955	13.733899
YJR056C	48.863182	52.752573	49.533976	55.274695	56.286333	52.753545
YJR057W	54.36179	54.546333	53.426732	42.56343	43.711431	44.25088
YJR058C	144.559312	137.474689	141.476099	121.679348	111.724706	113.415839
YJR059W	81.309592	77.137873	73.628729	84.620102	87.892106	76.137041
YJR060W	59.972921	58.954185	54.879127	52.19286	53.494357	49.784938
YJR061W	14.466999	14.740622	15.157028	14.455557	14.903351	14.514767
YJR062C	19.316626	18.485737	18.538189	14.875755	15.815038	13.554576
YJR063W	172.54054	183.891764	182.883253	196.756865	206.441763	214.350517
YJR064W	79.954651	82.864382	80.917424	85.618697	86.920535	84.762939
YJR065C	131.916644	125.835164	118.656068	113.357087	111.046429	107.769323
YJR066W	3.53824	3.693201	3.792579	4.194212	4.102933	4.305218
YJR067C	49.657407	49.528837	45.753605	42.101355	41.138361	41.159043
YJR068W	73.358248	72.781163	74.837581	62.139346	61.975671	64.281715
YJR069C	59.417417	61.358095	69.33294	42.582105	46.565435	46.248205
YJR070C	231.268735	261.159345	261.907523	549.578372	515.843334	520.621759
YJR072C	95.763221	100.211423	95.864531	109.245763	114.732764	110.817008
YJR073C	734.811054	639.706893	686.666692	989.417992	687.298848	849.745558
YJR074W	78.520388	66.413628	72.376452	74.406903	54.4044	70.255199
YJR075W	88.281494	83.422156	83.172491	61.538598	66.713059	62.970839
YJR076C	86.578116	87.313931	86.56322	84.806451	84.43494	84.739443
YJR077C	55.563977	55.643287	55.959854	260.057125	258.502143	282.433457
YJR078W	73.820818	68.384697	67.1665	85.745461	98.55877	93.485635
YJR079W	1.047448	0.971709	0.838374	1.239646	1.694098	1.469892
YJR080C	41.963571	42.975126	43.651063	58.447174	57.904458	57.94241
YJR082C	137.80205	132.175241	128.891208	180.374357	179.886231	174.084985
YJR083C	16.281361	15.517688	15.761524	11.756724	12.940761	11.312176
YJR084W	52.443551	52.23698	50.631614	36.011947	35.913627	34.961514
YJR085C	560.06188	528.389344	552.528259	908.966212	799.730368	847.161611
YJR086W	36.65411	34.130248	32.673103	29.420606	30.848467	29.474919
YJR088C	93.639382	90.476561	92.39388	63.344057	72.064645	71.893422
YJR089W	3.098189	2.846461	2.983778	2.963643	3.069433	2.842043
YJR090C	4.69408	4.884649	4.7717	4.418311	4.51235	4.563537
YJR091C	30.320003	30.24936	30.79267	30.886755	30.715625	32.416252
YJR092W	17.610678	17.898076	17.633815	16.404366	14.578747	17.142812
YJR093C	64.282335	64.615277	63.980832	52.668585	55.384265	54.038079
YJR094C	1.772358	1.711761	1.635323	1.46866	1.599669	1.561538
YJR094W-A	1308.137941	1462.755955	1335.797396	2081.103148	2016.102577	2085.581496
YJR095W	5.855941	6.532633	6.248713	8.92974	11.35998	9.904076
YJR096W	181.878231	163.9911	162.91389	166.701886	185.278692	160.302319
YJR097W	33.424324	34.967595	34.69591	25.274125	25.649323	24.785089
YJR098C	11.516779	10.847126	10.325215	5.805155	5.821983	5.202725
YJR099W	28.072494	26.764111	28.396093	21.616607	21.146633	23.210915
YJR100C	49.325478	48.1414	46.93214	49.584559	46.299775	48.221116
YJR101W	56.864203	59.511558	58.30203	53.924759	54.918326	53.517283
YJR102C	34.04189	33.72473	34.552461	31.908825	31.136517	30.660331
YJR103W	48.976563	48.202865	48.88851	41.549583	41.479511	43.925851
YJR104C	674.232729	600.948171	602.714616	1216.310563	1144.657228	1136.688238
YJR105W	135.81435	134.31118	135.731961	138.023238	130.913763	138.283658
YJR106W	5.502534	5.930062	5.816221	4.606201	4.672424	4.934993
YJR107C-A	86.817736	84.742956	76.804234	82.356352	89.59517	82.677899
YJR107W	24.038051	24.352902	22.509064	17.709352	22.973321	19.619058
YJR108W	23.683943	19.320493	21.803026	13.887459	15.983464	12.019667
YJR109C	255.834497	259.921338	238.05613	60.510685	55.090211	62.473647
YJR110W	6.066377	6.489519	6.370436	5.717135	5.648826	5.817571
YJR111C	156.73355	166.652296	161.973049	52.431822	55.729145	52.690229
YJR112W	47.506131	47.358097	48.168227	37.126471	34.674512	35.962143
YJR112W-A	115.037356	107.630487	110.278392	151.793526	142.739488	154.234691
YJR113C	37.696095	36.916002	38.393827	51.329424	46.907337	46.018997
YJR115W	4.462235	4.650793	5.28802	24.952738	26.816678	24.307471
YJR116W	42.494036	45.933825	46.104651	30.962953	40.703896	33.153848
YJR117W	80.266241	77.187998	77.031369	70.881445	76.13319	69.646416
YJR118C	21.55038	20.931033	20.895695	19.546605	21.154906	19.976682
YJR119C	10.664663	10.191988	10.117675	8.335596	8.941467	8.482331
YJR120W	0.038287	0.037598	0.023413	0.067336	0.066357	0.067615
YJR121W	393.334413	390.239161	381.954629	985.133402	991.115028	1004.298994
YJR122W	21.938652	21.368233	21.07638	17.241594	16.852546	15.348017
YJR123W	2378.926926	2558.962404	2463.828625	2964.685895	2960.028001	3037.781792
YJR124C	44.278927	46.014889	45.830751	34.283455	36.858019	34.545353
YJR125C	82.317654	74.280899	76.116711	80.801285	79.426493	77.898576
YJR126C	34.80399	35.678343	34.080859	41.122723	43.355588	39.687538
YJR127C	28.985391	31.187795	31.300495	18.664189	19.30326	19.158155
YJR128W	1.675721	1.441806	1.609329	1.076747	1.394122	1.513099
YJR129C	10.403358	11.32445	9.592588	11.449533	15.416441	13.918175
YJR130C	91.892101	89.8301	81.689252	36.718531	37.093871	36.51666
YJR131W	13.830646	14.192992	13.848123	9.279746	8.857304	8.535754
YJR132W	10.923547	10.882979	10.371481	9.433375	10.013037	9.550338
YJR133W	47.750522	43.922185	44.533128	65.934549	59.494358	66.016692
YJR134C	6.915809	7.112095	6.976712	6.842865	7.576795	6.993643
YJR135C	17.470817	16.02874	17.711273	16.490993	17.170175	16.301111
YJR135W-A	112.468367	107.479358	106.960815	151.487696	159.104614	164.533785
YJR136C	20.368365	19.079321	20.755163	23.068383	24.243686	23.466981
YJR137C	337.336619	352.371694	291.09608	19.552738	20.971704	17.71882
YJR138W	3.670491	3.781951	3.642593	3.537435	3.496418	3.611708
YJR139C	547.463854	544.837114	465.970231	218.817667	231.639922	218.151127
YJR140C	5.161463	5.222554	4.959081	4.922032	4.820656	5.49863
YJR141W	22.859676	23.211444	23.417462	24.476676	22.81588	24.321247
YJR142W	66.027978	63.641705	60.403861	60.660794	62.329399	57.508088
YJR143C	51.643021	53.677846	53.74999	40.982167	41.513883	43.527665
YJR144W	58.334452	59.034541	60.30036	97.205658	92.103162	93.994074
YJR145C	1746.979921	1923.116653	1853.107579	1969.762581	2003.099791	2039.936361
YJR146W	17.065948	16.143737	19.000844	9.796147	7.692678	8.645876
YJR147W	45.348106	46.114983	42.871597	15.530492	16.110433	15.144012
YJR148W	299.633821	276.197692	288.210747	162.246542	169.544104	152.867936
YJR149W	8.697566	8.42069	8.431196	11.373623	12.660958	11.062529
YJR150C	1575.627697	1730.328132	1657.569086	574.809511	529.072191	651.11418
YJR151C	24.24393	25.39602	28.159452	32.503887	28.941006	37.695416
YJR151W-A	0	0	0	0	0	0
YJR152W	27.469277	27.970461	25.778313	21.238242	23.066785	21.744301
YJR153W	15.753337	15.319771	14.292778	13.231688	12.542386	12.398862
YJR154W	91.812841	90.973927	85.389277	45.454136	82.740585	55.60066
YJR155W	204.469946	202.395124	190.541898	181.192169	248.547433	183.476877
YJR156C	100.741707	87.360227	93.487296	48.324873	62.775432	49.379415
YJR158W	0	0	0	0	0	0
YJR159W	8.28204	7.340497	8.22077	24.818388	22.963337	22.67618
YJR160C	10.41028	16.157453	9.491036	9.197581	9.300356	8.338178
YJR161C	89.353473	85.678285	82.617677	44.477419	53.977474	47.738334
YKL001C	2121.4418	2017.308125	1586.333868	84.637392	94.540855	74.031666
YKL002W	85.967307	78.98995	79.568958	89.720638	84.441171	80.276301
YKL003C	112.26354	110.04614	111.571412	143.690081	137.305546	130.944642
YKL004W	90.220829	99.807391	99.590596	60.420011	72.606864	69.360831
YKL005C	38.148081	35.995316	34.878606	38.973179	36.660352	35.736597
YKL006C-A	171.15531	166.497081	162.858862	193.948868	201.51015	189.291033
YKL006W	1160.447393	1227.897247	1145.61479	1361.723514	1277.262917	1404.059634
YKL007W	63.19515	55.949376	55.97819	64.966826	59.763007	60.109995
YKL008C	114.44697	112.495829	112.784308	70.065984	86.651844	66.327717
YKL009W	143.075392	159.503574	160.461573	175.525201	174.401338	184.064387
YKL010C	19.075162	18.76254	18.431054	21.099566	21.651107	21.187611
YKL011C	14.149437	13.351443	12.235986	9.009022	8.81181	9.131324
YKL012W	33.661012	32.650846	33.04911	29.213738	29.952336	28.676057
YKL013C	251.279845	242.653056	241.213327	185.037869	195.056585	190.102114
YKL014C	3.181929	3.361978	2.939794	3.476022	3.215237	3.738515
YKL015W	10.165761	10.808833	10.367207	9.774795	9.893175	9.933205
YKL016C	385.564224	371.276026	351.761722	1044.752902	974.729857	1057.598436
YKL017C	8.029222	8.479913	7.91047	6.808263	7.015015	7.139538
YKL018C-A	143.609534	143.538097	145.15536	178.737899	175.79299	175.859251
YKL018W	17.025709	17.555477	17.853771	13.371123	14.344145	14.450703
YKL019W	72.190601	74.171133	71.736661	74.899671	70.66712	74.672445
YKL020C	18.445842	19.663868	18.883767	22.777963	22.758784	22.631011
YKL021C	27.755741	28.076765	27.519828	19.966691	23.305372	22.421824
YKL022C	22.776988	21.915798	22.401831	16.336992	16.847151	15.912116
YKL023C-A	162.681653	187.422055	209.789961	192.868248	165.712226	201.17101
YKL023W	85.694899	81.90921	77.703529	52.845705	50.023408	47.070412
YKL024C	116.737268	129.517735	140.677969	156.344781	141.582771	155.988902
YKL025C	7.433975	6.975034	7.180025	5.583171	5.874959	5.561478
YKL026C	43.193176	39.116065	41.322482	117.502039	115.759156	107.453168
YKL027W	36.828829	35.380543	34.27138	30.433665	31.188929	30.64783
YKL028W	86.851269	84.908366	85.447739	79.318612	79.229318	80.707383
YKL029C	97.483183	100.042193	95.717237	94.47885	92.270885	94.710552
YKL032C	14.379046	15.264783	14.718476	17.313974	19.060024	17.489845
YKL033W	5.01382	5.13333	4.974286	4.355071	4.488317	4.908368
YKL033W-A	155.611642	145.363269	144.904805	87.625416	83.529882	86.209443
YKL034W	24.617029	25.613927	25.132872	17.866804	18.438606	16.908955
YKL035W	255.337698	236.978645	224.662217	247.825671	266.986259	227.628841
YKL037W	5.579726	5.385459	5.660425	3.472549	3.269566	3.56195
YKL038W	3.961581	4.479978	4.255776	4.674512	4.734677	4.991892
YKL039W	46.447634	45.631832	44.856661	35.154126	37.760997	34.900824
YKL040C	27.405944	29.490979	27.531375	20.045105	21.119158	20.796465
YKL041W	87.099209	84.168018	79.918916	68.995006	76.627871	69.622013
YKL042W	24.189811	21.971189	21.86612	19.774549	20.604524	18.674865
YKL043W	157.462206	142.600147	137.401365	257.585216	270.889574	239.301452
YKL044W	25.556145	23.137883	22.390725	33.639291	42.151378	37.168243
YKL045W	38.521893	36.303741	33.894429	33.565351	35.02236	35.707215
YKL046C	119.079321	121.577091	118.427659	106.466406	106.222672	105.231556
YKL047W	25.579483	25.368739	25.219813	18.475084	22.145431	20.532077
YKL048C	25.669398	26.37959	26.265493	31.541242	31.41659	32.276895
YKL049C	67.553957	62.296312	61.990847	62.542739	63.002154	65.152139
YKL050C	7.281185	7.209892	7.68779	17.218539	16.440525	18.033429
YKL051W	45.90047	43.219332	44.030182	28.866603	31.309859	30.228655
YKL052C	31.62494	31.834927	32.50878	31.771019	38.766529	31.659659
YKL053C-A	126.164595	125.605736	125.708604	216.999022	195.825328	192.772575
YKL054C	32.359676	30.451254	29.970494	37.128601	36.13562	37.784482
YKL055C	4.712184	4.599295	3.949099	3.313422	3.139095	4.074512
YKL056C	1998.142347	2033.861596	2106.001689	2430.029927	2397.861031	2552.744168
YKL057C	10.408282	10.949445	10.467874	10.961867	10.362057	11.41761
YKL058W	56.277718	56.476125	52.558286	83.974421	80.373583	80.91449
YKL059C	49.275361	49.752015	48.946113	50.720649	52.483798	50.624333
YKL060C	11219.972009	10922.775395	11434.578731	12532.545058	12789.219266	12836.601297
YKL061W	53.596182	51.821408	46.962485	60.488264	58.504802	62.008978
YKL062W	113.999397	113.062875	105.179405	110.909828	127.916291	112.39023
YKL063C	68.106007	66.143958	64.445871	67.720555	67.851274	71.517029
YKL064W	44.831527	41.754038	41.140066	41.880135	45.901042	41.823031
YKL065C	316.858114	304.581482	301.085266	389.055608	390.009901	362.309881
YKL065W-A	5.148286	5.42779	3.655182	43.245571	30.515937	40.408001
YKL067W	178.28644	160.389794	153.53347	327.495582	309.122861	319.438752
YKL068W	37.747414	38.394792	38.98214	22.435399	22.164761	22.416304
YKL068W-A	1648.726303	1553.882167	1317.493297	177.560305	205.752931	180.65873
YKL069W	60.194601	53.283382	53.868877	67.376738	62.439482	63.465917
YKL070W	73.106078	70.891716	75.692343	56.614383	62.057932	55.288218
YKL071W	32.0515	30.725786	30.551168	29.380878	31.355927	26.152749
YKL072W	7.924615	6.600941	6.266175	5.308096	4.813942	4.702291
YKL073W	21.903726	21.594769	23.548099	17.978989	19.105286	20.388895
YKL074C	30.9346	32.044346	32.783823	25.186059	27.415287	27.393994
YKL075C	22.190253	21.421519	21.017319	18.304037	19.916251	17.741131
YKL077W	113.852588	111.803566	111.264042	85.12387	92.220319	86.400061
YKL078W	10.161945	11.436945	11.084606	8.840309	10.155695	10.503686
YKL079W	7.908508	7.153296	6.854271	6.654922	7.296399	6.312124
YKL080W	267.649447	265.310739	260.372451	184.182897	194.046332	179.498654
YKL081W	393.708751	426.924344	394.745026	358.098364	350.959734	350.487983
YKL082C	65.491169	67.301507	66.809368	80.794993	90.410028	83.757712
YKL084W	182.031246	180.1277	180.643316	89.249851	89.679446	93.983363
YKL085W	149.169334	146.050649	135.217789	476.604982	521.622416	456.833561
YKL086W	0.294549	0.259456	0.227339	0.442965	0.544003	0.399588
YKL087C	52.325944	48.940985	48.715704	64.370255	69.284111	59.736977
YKL088W	44.5164	46.679282	45.023613	42.043107	43.02479	40.449433
YKL089W	22.013393	21.584148	22.525602	16.728021	17.097816	16.315382
YKL090W	18.22978	17.853848	16.509803	12.167092	14.01234	12.354359
YKL091C	25.659484	23.33803	22.677559	20.255095	19.187938	18.83466
YKL092C	2.200068	2.186506	2.272858	2.423216	2.39943	2.47687
YKL093W	36.033374	35.019407	35.814961	78.683315	76.678096	74.765457
YKL094W	334.962498	317.155027	317.475087	232.479096	305.437005	230.200893
YKL095W	42.97262	41.138781	42.354819	41.495171	50.993816	41.809065
YKL096C-B	0.339496	0.303247	0.360227	0.302057	0.4182	0.344606
YKL096W	12.44578	11.116389	11.522745	44.146576	32.846037	37.933833
YKL096W-A	262.04667	231.059117	266.148192	1234.222941	1232.669328	1469.134872
YKL097C	0.0486	0.068533	0.061158	0.062949	0.061459	0.048749
YKL098W	66.292605	64.889043	64.196227	64.239306	64.827924	62.526453
YKL099C	50.440188	50.887193	50.583639	49.325099	50.800523	52.258009
YKL100C	27.918145	26.445014	25.672668	24.826909	23.669726	23.144713
YKL101W	10.225892	10.07038	10.166398	8.793131	8.053463	9.76305
YKL102C	3.179391	3.007852	3.29768	1.633031	1.865489	1.49485
YKL103C	252.775478	236.88096	229.915209	141.507004	163.535437	137.179926
YKL104C	80.956835	81.647965	81.279885	69.242116	69.129523	71.148074
YKL104W-A	0	0	0	0	0	0
YKL105C	24.850666	25.232729	24.60453	25.108478	25.408439	24.746802
YKL106C-A	1.657447	1.281372	1.172365	1.890888	1.221623	1.314318
YKL106W	37.645873	37.152326	38.404077	18.402789	18.989081	17.938603
YKL107W	8.781699	8.475455	8.700388	21.811598	20.186648	18.87065
YKL108W	26.69101	26.400553	27.483446	30.957946	28.752911	30.168564
YKL109W	12.612357	14.509794	12.89017	73.425441	76.95519	83.106233
YKL110C	71.562696	77.635248	85.619574	98.702972	90.346686	101.333941
YKL112W	50.738782	49.243744	51.874388	45.253429	45.015673	42.316102
YKL113C	70.762977	69.76159	85.517414	52.16357	53.155261	50.912603
YKL114C	41.235673	41.084658	40.805941	29.455004	31.094295	29.027317
YKL116C	25.705651	25.689823	27.666065	20.67951	21.129526	20.495777
YKL117W	187.363359	172.609557	175.453632	241.506917	249.054411	232.598942
YKL119C	37.278713	39.666805	35.603991	28.360857	30.784043	29.934455
YKL120W	573.482267	588.906443	582.354225	196.751127	226.572257	205.120176
YKL121W	7.729994	7.191202	7.157546	4.391083	4.810121	4.112239
YKL122C	17.294181	17.458998	16.074054	19.609698	19.304721	19.694351
YKL124W	38.769885	36.74984	36.034304	37.23239	41.721395	36.654187
YKL125W	22.808338	22.253422	23.242802	20.178652	22.777216	20.731587
YKL126W	40.954302	38.161712	38.040375	37.747503	37.825504	36.974343
YKL127W	44.823401	44.384831	45.155799	20.485324	20.020709	20.365601
YKL128C	88.884236	89.18065	94.007453	29.33296	29.871644	30.164416
YKL129C	3.594717	3.588251	3.638223	3.520807	3.640202	3.519192
YKL130C	39.058679	41.151148	39.674621	31.281897	33.729745	30.846981
YKL132C	16.847063	16.074921	15.879907	11.108234	10.421442	10.499312
YKL133C	18.695551	17.39019	17.457323	29.345887	26.347315	28.433295
YKL134C	7.825432	7.645892	7.636523	6.991664	7.433813	7.276079
YKL135C	41.042725	39.62781	38.519326	32.925464	32.856756	31.320331
YKL137W	28.96254	26.10583	25.815048	36.030241	36.43043	35.949826
YKL138C	57.643325	54.486315	53.906026	80.471272	83.546754	76.03831
YKL138C-A	126.288719	130.291922	124.863801	124.317666	125.308847	126.265528
YKL139W	3.245485	3.226529	3.277588	3.876887	4.13929	3.896748
YKL140W	46.999891	43.260867	44.909721	31.024536	35.84011	31.453268
YKL141W	233.280999	220.438676	216.472705	839.846512	777.618228	866.023517
YKL142W	334.891472	301.11167	288.349789	363.714856	372.314531	347.279008
YKL143W	31.392279	33.034444	28.24002	37.898946	41.044753	40.351776
YKL144C	41.249793	42.416908	42.352029	37.777909	38.775964	38.559806
YKL145W	358.342833	330.030081	331.357812	377.582897	390.899771	359.423767
YKL146W	25.162184	24.566369	24.890668	38.407685	36.872425	38.191692
YKL148C	15.126734	14.58551	14.191537	113.218021	102.459063	110.677929
YKL149C	16.214721	16.166158	15.413786	12.174595	13.001773	11.353875
YKL150W	204.946877	181.656615	180.332278	627.275046	595.370738	630.419882
YKL151C	204.861324	181.732917	190.602171	172.067236	184.562821	154.762907
YKL152C	6933.470872	6447.816256	6805.369089	5634.453793	5730.105289	5398.771664
YKL154W	51.123777	49.681072	50.069444	41.615715	47.286985	42.267194
YKL155C	28.285998	27.657908	28.833762	27.867171	29.608967	25.818532
YKL156W	1945.220931	2039.577362	2017.171693	2222.308788	2096.711894	2257.340494
YKL157W	47.512933	46.644642	46.826836	49.983586	54.415093	50.605757
YKL159C	17.074842	18.634796	17.521153	15.511427	18.383441	16.10626
YKL160W	49.27612	46.096661	46.711627	57.888059	49.276497	55.033661
YKL161C	38.91424	36.484453	37.705218	54.05828	47.989345	54.25044
YKL162C	10.402573	10.455446	9.335068	10.622349	11.517524	10.043949
YKL163W	360.740587	359.803559	335.473123	1154.17404	1299.336855	1151.435745
YKL164C	829.203872	816.270681	848.202974	660.528186	598.283438	634.10156
YKL165C	6.180807	6.963927	8.149388	4.248842	4.553063	5.149833
YKL166C	43.521827	44.844968	45.638558	36.875143	38.870194	36.754344
YKL167C	88.372239	85.756392	81.473913	92.688952	92.703544	84.695803
YKL168C	9.798712	9.392396	9.37794	9.722515	10.408904	9.355982
YKL170W	141.970024	136.126603	138.420686	175.056652	159.996471	166.176609
YKL171W	15.238503	15.554857	14.606328	32.194098	30.16716	31.541998
YKL172W	78.706119	89.018629	82.689786	86.996533	90.536709	88.256118
YKL173W	5.763874	5.76023	5.544183	6.123375	6.313115	6.219359
YKL174C	22.333409	21.779061	22.481457	20.193933	24.218957	20.982666
YKL175W	648.462329	613.439862	686.655498	221.900992	251.008472	200.344733
YKL176C	54.440506	54.887153	53.266443	43.950446	45.259917	41.794186
YKL178C	42.397821	42.338445	40.396973	12.838517	14.501498	12.421645
YKL179C	19.860722	19.709636	19.179466	15.972095	16.252951	15.738658
YKL180W	1571.608228	1703.767348	1574.073369	1772.686289	1772.12959	1797.201951
YKL181W	182.615663	198.439277	189.851659	197.756116	200.375052	200.321293
YKL182W	59.197962	59.285701	60.158091	77.68084	76.781975	84.468977
YKL183C-A	0.976698	1.529644	0.841451	1.067246	0.86149	0.616883
YKL183W	12.024845	11.803942	11.386865	9.671344	10.247952	9.502524
YKL184W	44.758608	48.606172	45.115584	39.751004	36.73803	40.883416
YKL185W	79.712292	78.066051	78.852871	53.154688	58.737705	52.490259
YKL186C	170.686129	169.525863	173.038792	160.69383	169.441845	155.530803
YKL187C	8.576331	8.723851	8.401994	13.149587	14.107708	12.715596
YKL188C	10.217312	9.300169	9.932116	10.070847	10.699148	9.363767
YKL189W	14.474734	13.17483	13.657212	12.040148	14.087833	12.622346
YKL190W	213.30656	211.562481	204.349247	195.578602	186.564887	188.584783
YKL191W	35.747496	38.875525	36.925817	41.884245	39.216364	44.108829
YKL192C	284.795565	269.642311	273.414274	387.79911	383.919738	385.727788
YKL193C	24.254716	22.62335	23.056855	20.021485	23.549175	18.82639
YKL194C	16.093094	15.920447	16.693155	16.121319	16.021782	14.853942
YKL195W	99.66033	94.178978	92.366665	142.702015	152.595403	136.368089
YKL196C	215.612712	201.455855	201.958423	219.717026	236.821874	213.871017
YKL197C	9.597615	9.375623	9.303663	9.234235	8.825445	8.922112
YKL198C	2.117118	2.197047	2.121648	2.875816	2.9958	2.856852
YKL201C	44.856337	47.480395	41.597969	14.274492	14.390778	15.006349
YKL203C	4.108137	3.913724	4.199345	5.238993	4.707987	5.392013
YKL204W	30.862453	29.045768	29.540942	26.778185	28.635826	27.197691
YKL205W	1.065089	1.097635	1.017637	0.901902	0.966436	0.925031
YKL206C	101.494336	96.719905	98.317279	64.394698	63.51743	64.070397
YKL207W	20.761693	20.142574	20.545592	21.814396	23.12647	21.088922
YKL208W	38.590912	36.146809	37.080344	24.385434	23.217152	23.186783
YKL209C	6.450114	5.98807	6.031918	4.777718	4.814773	4.696583
YKL210W	67.703539	68.15805	68.228011	75.237132	74.467775	74.785515
YKL211C	315.494885	302.069544	297.351192	89.647801	94.451537	89.227147
YKL212W	66.660169	67.925548	63.653296	53.66695	54.574443	52.281937
YKL213C	28.489082	29.287741	29.755241	23.160927	24.744434	23.172265
YKL214C	50.663113	48.608886	49.650227	49.452383	48.038456	44.90761
YKL215C	7.046643	6.696588	6.595068	5.904077	5.582468	5.902269
YKL216W	627.07995	630.250069	634.405253	200.162281	223.586961	237.58445
YKL217W	13.135963	13.000481	13.817253	62.197955	62.856571	62.549672
YKL218C	82.577756	76.745443	73.415	37.983334	38.677529	38.082338
YKL219W	50.231281	47.037196	44.845176	25.490651	26.171219	24.950133
YKL220C	9.925051	8.660893	9.468928	3.479643	3.515153	3.770624
YKL221W	3.903153	3.616616	3.520025	9.47764	8.961943	8.891919
YKL222C	6.193337	5.843889	5.640392	4.239078	4.559076	3.884822
YKL224C	0.050133	0.130113	0.04047	0.037841	0.123342	0.035724
YKR001C	52.672815	52.145354	50.814481	57.636068	59.104276	58.392073
YKR002W	27.45912	27.862295	27.685146	24.631638	27.874726	24.461983
YKR003W	56.129937	52.941794	50.457925	37.718047	42.431834	36.909942
YKR004C	4.56366	4.485427	3.999987	3.398247	4.003583	3.531929
YKR005C	3.934919	3.417718	3.699872	4.765452	4.467899	4.599849
YKR006C	18.519518	16.934633	16.517654	23.168227	22.266422	21.380695
YKR007W	66.24847	60.311433	63.887329	84.395469	77.015432	79.274416
YKR008W	5.454948	5.392904	5.138606	4.823588	4.800932	4.688199
YKR009C	17.992279	16.996807	18.733323	17.631618	20.58655	18.420373
YKR010C	8.364644	8.194081	8.172022	7.251877	7.073037	6.816542
YKR011C	30.453201	30.040286	28.625309	33.868896	38.985252	32.747972
YKR013W	135.439165	138.207714	152.311917	104.272995	106.329196	123.13919
YKR014C	104.94022	100.378533	99.475675	85.110645	97.498536	81.687307
YKR015C	1.063882	1.091872	0.993375	0.537	0.744426	0.571595
YKR016W	9.346731	8.90578	9.242062	17.424374	17.011017	17.960476
YKR017C	11.465423	12.200047	11.981453	11.788806	11.573044	11.006136
YKR018C	86.565115	80.236772	82.697673	94.244629	94.74085	90.101672
YKR019C	35.54566	38.789594	38.260056	21.964732	21.444338	22.747589
YKR020W	75.427761	73.836722	73.883376	55.318769	51.32747	57.239375
YKR021W	18.33687	17.636856	17.38505	12.788407	13.656138	13.211139
YKR022C	33.212843	32.261716	32.462614	37.744546	39.873789	39.494423
YKR023W	21.863948	22.244361	21.232489	18.602917	20.52022	19.211671
YKR024C	20.181982	22.414133	23.700787	24.068871	24.327814	23.908641
YKR025W	90.951102	102.462786	114.110576	101.187316	94.056344	102.275982
YKR026C	44.132496	42.39671	44.197848	36.797831	40.283289	39.429931
YKR027W	22.999712	23.901637	23.146871	14.549787	17.162546	14.867978
YKR028W	39.478696	38.186705	39.330942	32.081286	32.54736	34.014674
YKR029C	12.760563	12.164921	12.286851	10.392825	10.48349	10.120502
YKR030W	17.262101	16.551875	15.948398	13.736066	15.640215	13.885496
YKR031C	8.251055	8.601946	8.876934	10.077466	9.787368	10.050426
YKR032W	0.43305	0.714556	0.608375	0.655399	0.895097	1.156303
YKR034W	26.289058	24.105796	28.025724	60.250749	55.232885	55.842588
YKR035W-A	88.073609	81.475233	86.282282	103.173503	103.407988	99.228751
YKR036C	44.070055	43.012668	42.029179	26.640544	27.676825	28.410988
YKR037C	40.97421	36.774972	39.795001	31.620366	32.539606	32.321613
YKR038C	70.732454	67.80523	68.107721	52.591042	51.568175	49.092779
YKR039W	55.684235	54.234131	53.790327	25.966825	28.245083	25.274046
YKR041W	2.885955	3.144543	3.434006	1.530669	1.551015	1.478078
YKR042W	366.243406	385.376133	384.35444	577.748224	580.846193	582.091525
YKR043C	172.876754	170.638085	174.090326	89.467574	88.159552	93.598939
YKR044W	45.816711	44.690657	46.378969	29.186079	30.345039	31.228258
YKR045C	13.142175	13.638838	13.531936	14.981956	15.217003	15.366082
YKR046C	113.990278	114.133981	124.101778	154.364827	156.152143	153.190562
YKR048C	72.024444	71.580332	71.316537	78.443047	79.883259	77.200571
YKR049C	57.547728	49.613196	48.00116	126.922949	113.919354	117.497093
YKR050W	10.086253	10.727089	11.366651	9.522645	9.036226	9.131464
YKR051W	28.102902	28.331066	29.225241	21.88206	24.517285	22.047426
YKR052C	40.465268	40.477704	43.553095	31.980302	32.213722	29.129133
YKR053C	126.31067	151.306485	142.035565	161.371193	149.196988	177.293478
YKR054C	2.799774	2.899648	2.723317	2.978554	2.458319	3.114383
YKR055W	43.573268	42.137723	42.275336	36.759424	36.218905	37.388814
YKR056W	36.878089	40.210551	41.92504	37.730643	38.115891	39.303681
YKR057W	1636.591792	1739.281228	1592.265891	2598.948214	2392.290703	2702.489871
YKR058W	44.706109	43.86693	40.723041	44.153372	43.211868	39.955458
YKR059W	475.778479	513.211196	467.705518	680.502645	697.681697	693.779068
YKR060W	35.388798	34.136972	33.393164	20.847915	22.879024	19.756469
YKR061W	22.977372	22.613657	23.388486	14.180233	14.853202	13.677562
YKR062W	52.361237	50.517719	51.119279	40.4156	40.52874	38.618522
YKR063C	2.375532	2.180588	2.091374	1.871434	1.884506	1.894597
YKR064W	13.253975	12.688756	12.726805	9.547734	10.233915	9.90513
YKR065C	87.42323	85.430311	88.510241	103.384048	105.347463	98.623841
YKR066C	115.412955	111.069099	106.07553	125.098909	132.588883	116.656008
YKR067W	26.382128	25.006815	23.609239	30.593288	27.104539	27.294407
YKR068C	29.080103	26.876312	26.90025	21.625537	22.12961	22.419026
YKR069W	333.642936	323.469256	280.274388	28.279495	28.667986	25.826999
YKR070W	92.265473	91.890722	90.141887	79.084349	95.425862	81.939685
YKR071C	62.797373	65.410714	71.101587	47.48612	49.166951	52.339757
YKR072C	22.477729	24.240506	25.459715	30.52661	31.251476	31.765911
YKR073C	0.903244	0.769138	0.922994	0.828127	1.033678	0.987218
YKR074W	139.661357	134.587327	131.807582	125.192558	113.557265	119.582783
YKR075C	37.039264	47.406009	50.711401	174.383203	162.096764	171.052231
YKR076W	55.937301	53.090191	53.799601	91.58287	85.379909	84.103582
YKR077W	30.421274	30.05628	27.507415	35.587405	40.576191	35.696808
YKR078W	8.868483	8.842287	8.646151	7.405695	7.924724	7.159614
YKR079C	11.597824	11.70322	10.689433	13.148479	15.083213	14.090358
YKR080W	272.556022	275.747516	240.187955	129.5739	153.369011	125.364147
YKR081C	40.02165	41.81647	43.249807	47.860256	46.792589	53.106439
YKR082W	6.086371	6.487435	6.064399	5.735425	6.007618	6.028266
YKR083C	33.65459	34.683822	35.120092	37.725718	37.117748	42.521778
YKR084C	55.027249	55.71808	55.310081	49.717534	52.820836	51.936713
YKR085C	86.984423	85.599795	88.081052	102.542679	100.011628	97.627088
YKR086W	15.523867	15.077364	14.763216	14.291691	15.086051	14.491435
YKR087C	19.909313	20.782102	21.278058	19.604872	20.084643	21.74421
YKR088C	30.166907	30.331524	30.627881	20.704179	24.432614	21.129892
YKR089C	23.461611	23.827034	22.133278	25.843358	24.990918	25.582596
YKR090W	23.457432	23.684167	22.687391	21.204678	20.513354	21.656052
YKR091W	182.173514	177.186012	182.535059	161.517771	159.08229	159.090208
YKR092C	63.253088	69.535732	73.311346	86.460666	88.619543	92.585666
YKR093W	9.420913	9.955569	9.628729	13.06964	13.889402	13.671856
YKR094C	2164.156294	2345.652444	2200.427242	2365.674296	2321.649637	2463.561464
YKR095W	8.716426	8.605208	8.294899	10.415947	10.194841	10.797829
YKR095W-A	106.455442	98.141904	114.296235	100.978338	84.530582	104.081556
YKR096W	14.302911	14.072173	14.338181	13.739332	14.035986	13.66431
YKR097W	18.032936	18.779489	18.765766	431.689273	417.672275	443.364396
YKR098C	12.655295	13.772882	12.977098	12.893915	12.213226	12.563544
YKR099W	36.247041	40.429318	40.297271	23.997826	24.060819	25.439963
YKR100C	44.854678	46.028038	42.338308	38.362278	42.25183	39.787589
YKR101W	9.778768	9.11054	8.908072	6.204794	6.689643	6.093997
YKR102W	7.148636	7.046525	7.225811	9.33742	8.815511	9.638484
YKR103W	2.781646	2.476082	2.88015	2.137976	2.113406	2.267149
YKR104W	3.662813	3.352279	3.949338	3.022985	2.909244	3.248151
YKR105C	31.366788	30.524541	31.819436	34.312055	46.162414	31.839306
YKR106W	21.283494	20.5931	21.449107	15.538632	17.761283	14.966926
YLL001W	26.010376	24.431078	25.741311	23.289571	23.297007	23.395698
YLL002W	5.106175	4.935998	4.669037	4.293886	3.847206	3.640056
YLL003W	9.112591	9.272753	8.971483	9.709184	9.713176	9.893616
YLL004W	2.454711	2.555112	2.80079	2.146883	2.280455	2.214406
YLL005C	0.976395	0.999034	0.921159	0.955919	1.116681	0.937643
YLL006W	19.604768	19.427953	19.225035	18.512334	19.244508	17.624017
YLL006W-A	0.111358	0	0.320008	0	0.056162	0.059873
YLL007C	6.848214	6.859137	6.33884	5.974615	6.351974	6.559421
YLL008W	35.917782	39.623148	36.954583	46.736832	46.558549	49.726069
YLL009C	190.591708	166.422859	179.332422	294.427614	261.848063	263.929234
YLL010C	36.640534	38.909762	41.293389	38.403029	36.187741	37.151017
YLL011W	9.705058	10.568763	10.881888	11.56071	11.916797	11.890368
YLL012W	34.42108	39.88923	47.618716	60.281674	53.480456	69.404207
YLL013C	0.470426	0.52934	0.438908	0.765368	0.739329	0.781687
YLL014W	261.979962	263.481196	255.144197	238.258098	239.811328	243.113277
YLL015W	3.126219	3.059296	2.957005	3.394299	3.421512	3.563973
YLL016W	7.566376	7.451342	7.069921	8.233257	8.001886	8.328471
YLL017W	12.802957	11.369125	11.694922	12.651822	11.552675	11.605826
YLL018C	209.509803	221.827378	208.659713	195.755511	201.884795	195.975366
YLL018C-A	13.322627	14.096673	13.961136	16.182365	16.203606	15.264451
YLL019C	81.182567	80.210534	85.295796	100.260386	104.889894	101.26911
YLL021W	25.058542	25.732897	24.830481	29.321299	26.250919	29.529548
YLL022C	13.217679	13.245574	12.911036	17.835966	16.481616	17.361939
YLL023C	94.125918	87.820132	91.685955	116.239218	120.658883	109.858481
YLL024C	594.339102	556.823235	537.150674	560.260477	584.036855	532.872988
YLL025W	10.907707	12.269126	11.385667	31.467729	22.97624	32.348386
YLL026W	181.433046	165.440316	150.090644	363.670663	411.993458	345.405839
YLL027W	176.492507	175.263174	174.430039	156.403045	150.314706	151.202675
YLL028W	7.374185	7.576311	7.536754	7.174674	7.061775	6.995977
YLL029W	94.134534	92.649451	91.237787	86.743707	88.521682	78.196287
YLL030C	0.158345	0.05988	0.100274	0.054845	0.065881	0.023336
YLL031C	2.617422	2.756521	2.869123	2.229804	2.402714	2.464029
YLL032C	0.678825	0.676562	0.657967	0.467259	0.523977	0.46615
YLL033W	17.232169	16.670616	16.189856	10.140335	11.077037	11.697818
YLL034C	15.418133	16.3127	15.522419	14.983699	14.749685	16.76898
YLL035W	22.308602	22.271606	23.012708	14.363534	16.183739	16.343025
YLL036C	49.248588	50.397747	50.259139	42.975587	44.957782	41.729878
YLL038C	19.652061	21.796078	21.516745	15.430265	14.646436	16.307285
YLL039C	1128.420626	1079.261034	1176.281206	1069.626888	1138.812624	1035.385726
YLL040C	5.44158	5.313946	5.650098	6.105228	5.52417	6.304258
YLL041C	186.784019	182.475339	165.440694	921.58686	852.556595	903.471624
YLL042C	0.377802	0.386592	0.390261	0.660728	0.719631	0.565474
YLL043W	10.198497	10.502325	10.272889	10.599826	10.869243	10.103104
YLL045C	1706.700537	1921.753085	1829.789743	1912.316178	1918.273712	1988.670636
YLL046C	0.554865	0.431854	0.358266	0.437507	0.466719	0.354957
YLL048C	19.516552	20.491545	18.897461	16.57051	16.303157	17.784567
YLL049W	73.775217	68.161916	68.111545	60.994753	60.706724	62.397189
YLL050C	520.8024	513.566383	499.982919	469.027756	477.873016	465.198041
YLL051C	42.425717	43.534558	44.821088	21.067282	22.97891	21.525241
YLL052C	44.513573	45.932403	47.192794	9.019555	10.070983	9.329117
YLL053C	24.585223	25.990261	27.508382	5.637001	6.795275	5.860205
YLL054C	5.657252	5.656869	5.440273	5.71372	5.877126	5.746183
YLL055W	32.297865	30.405303	25.994651	8.05651	10.294819	7.742656
YLL056C	40.535122	37.751204	36.216298	31.64426	34.554291	32.349373
YLL057C	14.149738	13.636299	13.804118	11.443931	12.002334	11.167974
YLL058W	85.306789	86.992567	83.003156	49.87994	49.599957	50.537187
YLL060C	21.142267	18.866795	18.887146	20.673667	19.613436	19.241192
YLL061W	37.460247	37.913192	32.061962	9.901923	11.079231	9.757605
YLL062C	63.982591	65.387821	59.396894	19.835719	20.133268	16.459937
YLL063C	39.321943	36.124553	35.729507	23.316685	22.500503	21.813748
YLL064C	90.389444	99.063222	101.365512	84.791635	104.927206	79.199452
YLL066C	51.181429	50.736761	50.866287	76.493364	65.910734	74.29814
YLL066W-B	0.403332	1.07413	0.502763	0.527672	0.984853	0.554984
YLL067C	0	0	1.883787	0.424744	1.305166	2.309837
YLR001C	12.725565	12.916728	12.795718	8.564491	10.3749	8.51957
YLR002C	5.883268	6.420416	6.457902	6.997236	7.609522	7.249227
YLR003C	16.277109	16.219032	16.970745	17.902891	19.412358	17.613961
YLR004C	887.19159	838.475011	808.598997	47.526348	66.913245	57.173058
YLR005W	120.627004	117.983907	123.369886	92.401461	95.643979	91.728925
YLR006C	27.431628	27.808961	27.300944	34.447263	34.810586	33.022258
YLR007W	88.176187	100.316516	106.211705	125.146292	115.363259	124.987905
YLR008C	37.556688	35.164792	35.306941	42.178529	40.879352	39.40796
YLR009W	157.608237	178.881371	191.835526	233.06602	240.048653	235.318299
YLR010C	27.129964	27.962443	25.635214	33.395881	32.409752	32.029156
YLR011W	23.257139	23.204295	26.501212	16.334467	15.409232	14.959956
YLR012C	1.091914	0.656378	0.557836	0.202525	0.554604	0.169078
YLR013W	0.837463	0.839633	0.721312	0.26043	0.183599	0.132069
YLR014C	1.901991	1.928998	1.826494	1.52481	1.595833	1.529997
YLR015W	26.908074	26.859678	24.596207	18.889455	19.963391	17.426402
YLR016C	108.795658	111.287873	120.502305	99.331583	92.222954	94.574711
YLR017W	78.482348	79.694072	89.029936	86.517407	88.276688	92.665726
YLR018C	49.169732	48.308996	49.535742	49.305618	51.826574	49.596334
YLR019W	128.094835	123.677432	124.856205	96.407369	97.050072	91.88585
YLR020C	45.966503	48.950531	47.989341	33.370531	37.171452	33.968214
YLR021W	63.552528	67.256407	66.134391	56.76244	57.61256	56.670939
YLR022C	34.500792	36.248721	35.263119	21.180438	23.840331	22.656856
YLR023C	93.584858	110.318651	129.476717	291.529133	285.38567	320.066059
YLR024C	1.262344	1.247684	1.240177	1.871987	2.119698	1.900201
YLR025W	207.023831	197.456237	187.769014	189.457505	195.773593	180.495004
YLR026C	49.474278	49.45861	50.765032	44.770777	48.885907	44.719944
YLR027C	364.288282	357.521501	362.633763	230.356562	227.281464	225.297816
YLR028C	180.205993	174.317609	176.12571	152.252722	157.66041	149.858874
YLR029C	2874.382808	3056.500944	2963.171084	3197.985846	3040.626332	3270.430043
YLR030W	26.124236	26.596984	27.350236	33.988047	39.124833	35.418736
YLR031W	7.508479	6.89384	6.783365	9.802281	11.282204	9.711298
YLR032W	10.719763	11.117155	10.203608	12.54502	12.157358	12.017118
YLR033W	13.858276	13.895659	13.321029	11.907347	12.972921	11.579572
YLR034C	75.697085	70.507798	63.645758	18.400737	25.105949	17.829468
YLR035C	6.784873	6.196879	6.47489	4.470637	4.890822	4.339852
YLR035C-A	0.132414	0.060572	0	0.022687	0	0.030627
YLR036C	12.277612	11.565495	11.590146	9.321541	10.624305	9.023863
YLR037C	17.566794	15.525991	16.034963	40.731178	36.481378	35.016962
YLR038C	120.664388	111.579484	109.01529	700.680653	585.679089	767.462254
YLR039C	5.23566	4.863599	5.001112	4.735657	4.913274	4.923817
YLR040C	226.000123	234.548387	236.419624	120.900005	129.857709	122.149807
YLR042C	91.722336	90.472361	90.665088	40.947501	37.840668	42.121556
YLR043C	792.218024	757.34663	774.105755	914.772907	822.843975	870.589343
YLR044C	3708.418002	3653.547574	4010.132287	4034.690871	4168.436176	3855.594277
YLR045C	15.203503	14.428663	14.287405	13.058535	13.462533	14.007472
YLR046C	19.620934	20.329057	21.400253	16.109183	18.211597	16.766662
YLR047C	4.891504	5.163878	4.630543	3.914889	4.310957	3.555829
YLR048W	1559.862883	1684.356799	1598.754096	1536.565441	1627.817346	1585.051982
YLR049C	14.315743	13.670392	14.097521	11.738534	11.778061	11.125841
YLR050C	106.874108	102.138209	108.785381	93.627674	89.083852	93.391697
YLR051C	90.348221	97.684493	107.660834	110.663115	113.608739	119.781307
YLR052W	55.291552	55.258683	52.164305	68.372514	64.71307	61.468314
YLR053C	7.729347	8.425102	8.318286	11.013577	11.780783	10.207504
YLR054C	7.487805	7.872088	7.156771	7.349642	7.877595	6.57296
YLR055C	14.232384	14.495402	14.038549	16.946598	16.39927	17.446353
YLR056W	522.625718	553.065437	655.141966	878.856539	800.571866	1101.060283
YLR057W	14.844119	14.507448	15.183032	11.935956	12.413636	12.771608
YLR058C	1730.970078	1729.57711	1584.236995	413.274383	444.558716	389.385646
YLR059C	45.440052	46.884894	47.990925	50.851437	49.263793	50.250108
YLR060W	170.507449	173.962037	171.001895	174.273242	171.146346	176.203045
YLR061W	1557.794036	1739.999008	1675.379847	1999.5028	1894.997877	2082.148261
YLR063W	2.333656	2.802423	2.680934	1.880593	2.19747	1.916208
YLR064W	37.38253	38.291296	37.87188	33.475458	37.995542	32.657714
YLR065C	11.683061	13.294194	12.781256	11.552553	13.718046	14.145775
YLR066W	68.511663	71.785026	67.899049	62.348337	63.431502	58.623113
YLR067C	5.66166	6.357663	6.415852	7.028709	7.333982	6.800652
YLR068W	36.663966	37.13195	38.104994	46.899867	48.23133	51.174767
YLR069C	16.119963	16.326184	16.241139	31.821798	30.936535	31.949176
YLR070C	9.966257	9.168419	10.445969	19.504586	19.574693	20.01771
YLR071C	6.892799	6.985478	6.995746	6.496303	6.688302	6.278798
YLR072W	35.336123	35.479367	34.088567	30.739818	29.816952	29.384991
YLR073C	12.295486	16.258341	18.638633	18.390187	19.015672	19.777396
YLR074C	48.43462	58.2091	62.392042	85.217891	80.720391	85.904208
YLR075W	3187.26111	3353.578551	3301.890634	4010.587843	4105.987012	4107.358176
YLR077W	55.734279	58.503626	58.877299	64.938485	74.125118	62.266364
YLR078C	58.579827	55.755915	57.354915	52.270372	51.797962	54.14489
YLR079W	207.433235	206.936144	214.332514	199.126717	191.493525	184.654318
YLR080W	31.793335	28.91242	28.151946	38.744913	38.208604	34.288838
YLR081W	12.833299	13.114485	13.116329	13.315843	12.817092	11.214397
YLR082C	25.29459	24.338468	23.93086	22.906332	25.649478	22.67134
YLR083C	30.696747	33.084314	31.311176	25.279738	26.667181	26.741233
YLR084C	11.157321	11.588324	11.998498	9.046375	8.113614	9.466864
YLR085C	38.139088	35.784831	37.936311	27.062256	30.012156	26.781846
YLR086W	10.819776	10.640891	10.596875	9.557305	9.944673	9.91666
YLR087C	2.374655	2.404749	2.668697	3.011302	2.659848	3.127448
YLR088W	4.257394	4.116597	4.013973	3.460418	3.630131	3.425136
YLR089C	285.02205	281.338253	277.357666	147.618872	147.556188	147.631826
YLR090W	48.102697	48.706148	47.968525	40.465648	40.573691	39.048651
YLR091W	36.010051	34.883827	36.92369	20.805744	19.738784	20.55416
YLR092W	300.044992	300.354095	245.007097	15.09951	18.293387	14.969658
YLR093C	102.405985	94.759201	92.211729	134.416747	139.257419	133.351267
YLR094C	17.508154	17.324888	18.505895	32.743569	33.361372	32.063599
YLR095C	16.257157	15.953955	16.683631	13.175159	13.420295	13.901786
YLR096W	14.044182	14.284524	14.548693	15.496941	16.228554	15.692912
YLR097C	48.458967	45.538147	43.10243	39.826473	39.960176	38.325598
YLR098C	12.006318	12.41146	11.559701	9.376588	11.917073	10.222999
YLR099C	27.702176	27.679665	28.319871	40.047155	48.957515	39.24888
YLR099W-A	21.966538	20.46977	20.700016	21.941605	18.840436	23.916647
YLR100W	206.842337	216.666808	235.737897	147.481427	144.998602	169.467773
YLR102C	60.846531	55.603167	56.653355	50.279294	53.262849	49.29851
YLR103C	14.694961	16.058652	14.927859	18.22225	18.245776	18.889498
YLR104W	115.992836	118.842893	125.137758	116.415353	117.00545	119.712379
YLR105C	26.233725	27.904795	27.566033	26.721191	26.064874	26.596021
YLR106C	3.686905	3.994305	3.765056	7.268111	6.503733	8.225281
YLR107W	12.023597	13.273832	13.518459	15.041063	16.072358	15.332309
YLR108C	13.095922	12.962509	12.372067	9.071489	9.838412	8.655597
YLR109W	1881.75793	1651.970891	1780.678692	1400.008749	1491.711281	1255.267621
YLR110C	2881.284214	2801.819379	2845.623171	4746.101499	4431.044701	4728.928581
YLR111W	2.913206	2.378132	2.608548	0.493594	0.742635	0.511529
YLR112W	10.757955	10.81064	9.068628	5.565125	5.221027	5.397232
YLR113W	15.625453	15.549901	13.933182	17.738158	17.666485	16.373892
YLR114C	53.772075	55.089792	52.074646	39.781725	43.989842	39.400448
YLR115W	13.0195	13.02448	12.410934	11.012954	10.704204	10.302956
YLR116W	21.810064	23.098502	25.076285	27.880066	27.456961	27.780982
YLR117C	27.205501	26.743203	27.915321	26.817525	27.125069	25.869961
YLR118C	67.045172	66.659733	67.471423	62.072195	62.546409	61.419318
YLR119W	19.472865	17.824141	19.307485	15.73942	15.90799	15.269708
YLR120C	22.644805	23.481437	23.848333	20.185691	22.423992	21.937765
YLR121C	42.973109	42.104179	43.220988	54.386587	55.860507	55.84447
YLR122C	11.60223	10.719751	11.073109	18.701242	17.115851	18.316289
YLR125W	17.261483	17.322889	17.319314	13.434949	16.191276	15.361801
YLR126C	33.134966	31.716385	34.305429	25.798814	27.565741	25.707779
YLR127C	2.895931	2.789204	2.826518	2.07735	2.477334	2.313363
YLR128W	33.566116	30.873362	31.735021	28.464329	32.662262	29.211679
YLR129W	5.712953	5.991744	5.578095	6.894363	6.772598	7.188475
YLR130C	810.455578	758.91479	825.048247	221.056719	243.576807	208.363065
YLR131C	23.730088	22.909248	23.560532	15.108226	14.57117	15.307541
YLR132C	6.455781	5.539575	5.929806	3.999867	3.423555	3.73752
YLR133W	46.715885	45.589067	45.542551	31.538108	30.979677	30.038254
YLR134W	949.146817	916.743665	843.566315	21.99007	26.87819	20.937818
YLR135W	8.347927	7.276814	7.496267	7.992741	7.422202	7.541939
YLR136C	369.270786	346.986535	392.778543	143.924224	202.312408	126.540678
YLR137W	9.3592	8.886291	9.689479	8.820474	8.000117	8.052531
YLR138W	28.673383	29.956028	29.724714	29.241735	28.810054	27.814476
YLR139C	6.19299	6.35796	6.700788	5.999498	6.172055	6.055369
YLR141W	0.646619	0.642528	0.669985	0.826374	0.765013	0.798316
YLR142W	15.676275	15.923631	15.099946	13.806456	15.77448	12.756563
YLR143W	9.458146	9.313662	8.915066	6.72467	7.291045	6.570462
YLR144C	8.311909	8.713131	9.050982	6.689218	8.115989	7.195894
YLR145W	64.957857	59.529585	59.313628	51.363985	49.064723	47.46759
YLR146C	3.489235	4.032762	3.715265	3.591009	3.424454	3.480606
YLR146W-A	57.596274	56.014241	63.073252	132.877838	115.443353	123.764908
YLR147C	92.199815	100.837868	103.202598	110.438397	110.261599	114.071584
YLR148W	4.972955	4.905676	4.701778	3.698128	4.289732	3.966248
YLR149C	17.089697	16.115075	15.910997	23.755244	25.427187	23.028444
YLR150W	530.070976	582.941008	545.560788	887.996297	877.598014	889.221254
YLR151C	23.131069	22.355809	22.038182	25.655592	26.850342	22.949961
YLR152C	46.209429	43.418837	42.381172	29.919962	30.093177	29.044502
YLR153C	160.556008	164.460561	170.569777	137.484283	146.423489	145.31502
YLR154C	79.99935	86.04185	79.870407	109.326435	89.359121	100.693773
YLR154C-G	0	0	0	0	0	0
YLR154C-H	63.054405	99.724767	103.416133	30.572259	51.251646	54.007745
YLR154W-C	0	0	0	512.922702	1053.689362	499.157735
YLR155C	528.035075	492.134839	513.326296	772.609011	668.716212	726.238352
YLR156W	4.930954	4.439339	8.728701	3.16254	3.160826	9.99965
YLR157C-B	2.198648	0.625943	0	0.135498	0.285969	0
YLR157W-D	72.175062	69.933401	25.597407	40.002313	40.191625	6.584761
YLR157W-E	16.511115	18.453625	17.904667	6.48945	7.845508	0
YLR162W	0.011403	0.01255	0.008348	0.021797	0.022025	0.01727
YLR162W-A	3.184288	3.177963	5.75583	2.219582	6.627277	4.374725
YLR163C	48.686499	48.41154	49.932152	35.378775	35.778633	33.898597
YLR164W	53.607102	48.056982	47.215564	93.296045	80.038403	84.561613
YLR165C	14.071416	13.283054	13.739942	15.011627	16.973316	15.902177
YLR166C	4.490942	4.329773	4.412293	4.239438	4.508529	4.277206
YLR167W	6673.336872	7151.710569	6596.163792	8095.442075	7836.710024	8417.993435
YLR168C	44.010054	43.324267	40.56162	64.556783	58.70217	60.790036
YLR170C	122.450887	109.139545	104.602603	118.349157	114.034528	110.92841
YLR172C	97.10562	96.494344	91.056884	97.294968	96.055752	99.410996
YLR173W	7.666924	7.820528	7.100711	8.973716	9.616969	8.432815
YLR174W	16.14303	14.77118	14.154746	27.823347	27.832207	27.303018
YLR175W	182.81678	207.439901	201.93592	218.313579	229.330159	229.552186
YLR176C	1.003301	0.987507	1.068657	0.881936	0.81016	0.88158
YLR177W	15.786981	14.807271	14.885226	15.154711	16.839854	14.494865
YLR178C	411.085757	353.373441	376.798098	336.153966	359.862527	294.954041
YLR179C	2044.905079	2055.224653	2116.304324	535.830212	512.524455	484.91597
YLR180W	619.841167	662.247097	688.171468	103.845716	99.752933	90.304321
YLR181C	16.649128	17.393484	17.231164	17.288424	18.786672	17.999815
YLR182W	18.625224	18.628878	19.116625	17.438504	18.586571	17.406163
YLR183C	26.49655	25.855694	26.395132	23.965653	22.707929	25.024242
YLR185W	1689.37562	1793.075273	1681.301203	2274.516539	2066.106526	2319.911316
YLR186W	94.898856	99.536767	105.137853	96.638854	99.563656	101.379528
YLR187W	2.696069	2.875779	2.54479	2.336782	2.489277	2.28258
YLR188W	71.733504	77.380327	74.232691	72.515684	71.493659	76.40808
YLR189C	36.004585	34.474679	34.932154	31.825948	33.77735	30.596182
YLR190W	46.270653	42.596744	43.952907	33.241446	30.458437	33.766249
YLR191W	15.541993	14.492799	14.116575	12.195847	13.370416	12.030948
YLR192C	287.790739	290.489347	280.129975	211.253828	223.750288	195.363623
YLR193C	148.35439	141.942778	137.937353	131.411578	128.909196	127.159506
YLR194C	77.668637	79.995827	85.022993	108.453688	117.569779	111.477306
YLR195C	43.389493	44.480552	42.096912	37.016187	40.947847	36.844548
YLR196W	62.525713	68.366298	66.725013	77.803744	75.770683	78.708172
YLR197W	97.22865	110.105604	101.095877	123.779441	132.22771	128.002936
YLR199C	72.629517	72.843095	71.77279	63.133501	69.065483	71.69172
YLR200W	101.449482	95.371253	93.006236	89.445477	84.895251	85.511497
YLR201C	113.831874	114.385476	110.255874	102.323005	105.362947	101.270354
YLR203C	25.254771	24.539959	24.445297	28.194185	30.076941	26.840097
YLR204W	121.521818	121.379508	126.678836	199.974342	194.10451	196.963722
YLR205C	5.636908	5.373602	6.184099	6.378532	6.401055	6.391431
YLR206W	66.415083	61.807622	61.321585	38.841226	41.100063	39.034094
YLR207W	32.445429	32.016849	32.590637	26.178075	27.58498	25.734169
YLR208W	165.771267	160.261169	160.992426	157.846005	154.529346	157.75965
YLR209C	94.230215	94.16471	96.681379	78.022457	80.271709	73.137897
YLR210W	24.983628	25.300248	24.51192	19.127358	18.063991	18.870132
YLR211C	13.466093	12.662696	12.195647	9.309602	10.10675	9.640819
YLR212C	34.194551	35.439493	36.711898	29.152479	28.163629	29.822747
YLR213C	25.466986	25.41751	26.899671	32.198999	33.106254	29.988348
YLR214W	10.610833	10.585538	12.566981	6.759397	7.915422	7.195072
YLR215C	35.971113	35.933062	37.169579	30.6259	35.914743	31.416247
YLR216C	71.349303	68.04349	64.176463	78.141255	85.908708	74.975355
YLR218C	53.625267	47.240829	52.579048	58.321173	51.656724	52.197824
YLR219W	23.245438	22.584944	23.34572	31.410446	33.002632	30.870712
YLR220W	108.993781	104.293852	100.131906	140.456734	129.235665	138.074361
YLR221C	68.47553	69.050487	71.832929	56.773626	56.966542	59.513081
YLR222C	19.490943	20.761802	20.946292	29.874642	30.057617	33.393574
YLR223C	18.775848	20.510904	20.205983	19.83935	21.08114	19.611293
YLR224W	81.743454	88.735377	95.691051	115.771969	99.937031	116.812607
YLR225C	64.791544	61.606261	63.090146	41.321201	41.278308	39.04203
YLR226W	2.645041	3.017087	3.250624	2.405303	2.486293	2.366245
YLR227C	2.958516	3.065698	3.168693	2.505066	2.531319	2.417157
YLR227W-B	119.412548	104.223587	107.896018	32.093711	35.718833	32.931228
YLR228C	39.472169	39.02933	41.53645	39.389759	39.830946	36.226163
YLR229C	272.932381	278.365002	287.284889	289.87898	290.909616	302.077749
YLR231C	113.117775	107.824723	108.325564	107.599234	116.09783	104.405665
YLR233C	3.26084	2.999958	2.811602	3.277453	3.966929	3.308897
YLR234W	1.36604	1.510828	1.313195	1.527841	1.502893	1.664451
YLR236C	1.2753	1.303008	1.422915	1.40581	1.794013	1.552877
YLR237W	882.889296	917.336159	909.452104	265.195195	345.895501	285.863421
YLR238W	14.907099	14.48563	14.959878	12.915074	14.209519	12.89542
YLR239C	10.793432	10.42064	10.157672	9.574379	9.310007	9.750252
YLR240W	16.90713	15.926689	16.221154	11.918296	12.86396	11.596702
YLR241W	32.089392	30.816059	30.719618	22.234205	25.620869	20.980192
YLR242C	12.656493	11.898515	12.130461	8.379847	10.688578	9.415777
YLR243W	38.08751	40.370716	39.200096	35.595456	39.069216	36.258873
YLR244C	299.286341	319.321432	327.273301	277.749941	313.75647	273.367736
YLR245C	44.447673	43.337609	43.386519	35.044816	35.493476	33.188135
YLR246W	49.643003	46.942161	49.096281	37.857081	42.478468	39.753087
YLR247C	5.529255	5.053696	5.230346	5.600993	5.577764	5.514184
YLR248W	56.598539	53.860895	53.75175	52.602945	53.915689	50.195416
YLR249W	1057.839919	1193.019465	1181.368434	1252.438279	1297.839438	1377.83763
YLR250W	138.345045	135.492074	136.361501	104.548001	108.035855	96.496988
YLR251W	105.384408	95.985031	96.606483	93.919469	92.244114	85.902294
YLR253W	31.294086	32.157172	33.304613	33.121084	31.641167	31.768436
YLR254C	47.004766	46.737008	47.909294	64.833063	66.454644	60.241712
YLR255C	1.190217	0.964222	0.79492	1.259882	1.492927	1.376246
YLR256W	35.54202	35.480734	36.861404	30.785225	34.513423	34.441519
YLR256W-A	266.27502	279.382299	301.240854	72.635057	83.62145	76.364984
YLR257W	163.452278	143.825059	137.622757	190.581829	198.504544	173.661289
YLR258W	183.260417	168.099274	163.434701	137.376956	135.605985	119.22741
YLR259C	163.474957	156.426767	152.819159	235.383028	247.085216	227.876897
YLR260W	20.493464	19.365427	18.85045	17.587895	18.714376	17.32953
YLR261C	69.519107	66.841112	71.65387	63.751303	71.499074	60.277595
YLR262C	31.553903	30.330843	29.889098	28.183975	27.520817	28.208172
YLR262C-A	752.066459	728.551239	719.832279	1226.670445	1109.844294	1209.829359
YLR263W	1.994531	2.068074	1.914615	1.475335	1.67105	1.458884
YLR264C-A	73.401218	75.304431	67.797647	84.708443	90.417003	83.363698
YLR264W	842.604892	939.062275	901.078815	976.729591	1048.763155	1027.577318
YLR265C	14.370868	14.419502	13.943229	14.313482	16.252372	14.803619
YLR266C	13.200128	12.342692	11.998051	7.746376	8.330651	7.447523
YLR267W	19.951381	18.295916	19.284113	11.287916	12.437166	10.834559
YLR268W	144.323092	134.51806	137.286371	106.348569	116.023596	108.047747
YLR270W	144.413437	138.972197	129.866595	181.993249	201.333854	171.03916
YLR271W	5.936127	5.560942	5.615815	7.34504	8.43977	7.4294
YLR272C	5.118773	5.282836	5.159938	4.258735	4.197804	4.591106
YLR273C	3.628779	3.579336	3.746258	4.55119	5.536575	4.464112
YLR274W	21.982192	21.940312	21.926725	26.787244	29.274203	28.425491
YLR275W	58.603341	51.836483	54.254919	42.681354	46.161615	42.471761
YLR276C	12.733778	13.515284	12.707409	13.288948	13.946353	13.341297
YLR277C	13.581013	13.784919	13.516456	10.829045	11.072276	10.555999
YLR278C	0.596828	0.599703	0.605088	0.38936	0.411278	0.423327
YLR281C	2.30731	2.386397	2.123191	1.882493	1.911884	2.047432
YLR283W	28.451943	28.713903	27.545588	22.548279	22.470897	22.204989
YLR284C	40.15517	34.783661	37.373242	41.961901	37.161125	40.251201
YLR285C-A	1.176624	1.448126	1.364331	1.250002	0.94097	1.041537
YLR285W	58.622971	58.553432	55.643799	43.281988	44.454716	42.192861
YLR286C	824.288827	792.890186	789.699286	414.866681	394.067118	417.416204
YLR287C	32.431515	32.152796	31.794775	29.674825	32.389243	31.094957
YLR287C-A	3520.035271	3425.023504	3299.247617	4975.79221	4997.777741	5159.91267
YLR288C	24.421841	22.400124	23.31434	23.424434	26.120698	22.498452
YLR289W	7.996345	7.947794	7.832713	12.930727	13.530486	12.858452
YLR290C	48.290832	43.9888	43.29972	43.930143	49.987927	43.238317
YLR291C	64.065612	67.421587	65.128658	54.891973	56.307058	51.737838
YLR292C	83.897717	83.998716	85.831672	73.038862	75.165137	77.755888
YLR293C	959.464998	1068.742005	1090.059828	1065.481865	1057.577367	1077.037337
YLR295C	336.84172	302.175429	338.624564	1122.112247	1011.49613	1129.823011
YLR296W	0.257248	0.465125	0.44878	0.682419	0.306047	0.735713
YLR297W	75.239955	72.9684	71.870065	121.816633	123.205759	111.465172
YLR298C	54.997886	54.276232	54.085266	53.376264	53.886331	48.595466
YLR299W	20.087318	19.659139	19.115395	23.68149	22.169922	22.008268
YLR300W	2280.358859	2339.325362	2540.238079	2078.174998	2100.660658	2218.329691
YLR301W	294.72243	288.079311	282.258206	135.061796	147.565967	137.213009
YLR302C	23.961946	25.896189	18.938426	1.164543	1.001281	0.710036
YLR303W	5804.804704	5748.929209	4652.009985	129.159332	163.77768	112.457902
YLR304C	278.633741	272.165906	265.475257	498.311184	478.061275	480.532516
YLR305C	7.888217	8.505065	8.170908	7.3054	7.351762	7.576919
YLR306W	16.246486	15.301759	16.007973	13.042056	14.28622	12.515761
YLR307C-A	65.304997	62.457498	59.778131	56.258804	62.784316	66.859315
YLR307W	36.599821	34.545476	31.826119	33.51912	41.028726	32.64558
YLR308W	4.241591	3.317663	2.800694	5.105426	9.478647	5.984733
YLR309C	5.679997	5.573325	5.204415	5.336709	5.752703	5.024204
YLR310C	12.343695	12.686533	11.691723	13.968619	14.161102	14.730872
YLR312C	30.632768	26.159292	25.6647	28.897691	30.050037	28.175192
YLR312W-A	66.631682	68.372065	69.443958	80.119236	81.339002	76.462477
YLR313C	12.797057	12.699786	12.942497	14.556199	14.260248	14.354731
YLR314C	39.244606	39.609985	38.587449	33.507653	32.26708	34.482909
YLR315W	17.390677	17.374491	17.229092	13.116852	16.02552	13.006027
YLR316C	35.259004	35.753335	36.913486	25.62085	29.251691	26.756401
YLR318W	2.160339	2.371085	2.032163	1.863578	2.108857	1.928193
YLR319C	10.305428	10.140196	9.979657	8.450734	9.060358	8.459728
YLR320W	4.808598	5.055972	4.693125	4.804668	4.748734	4.978682
YLR321C	26.86483	27.914758	27.12906	23.785425	24.457761	23.186144
YLR323C	66.140708	61.9587	66.730669	62.143163	62.412275	58.607337
YLR324W	60.296767	57.054734	57.081692	62.064223	64.049964	56.946028
YLR325C	2639.276754	2817.186824	2579.438079	3938.031561	3881.706377	3943.82904
YLR326W	25.050799	23.358866	24.2287	23.815234	24.428029	23.066972
YLR327C	205.484951	176.802862	165.728176	2975.655655	2386.621565	2717.994512
YLR328W	51.097759	54.258202	53.630351	37.894937	37.53104	38.546948
YLR329W	4.25134	4.02764	4.890096	3.00704	3.523148	2.413539
YLR330W	86.216296	84.240106	83.598613	86.457943	82.780284	83.662199
YLR331C	6.387643	6.72504	8.038446	6.416055	2.476048	6.705815
YLR332W	50.576148	50.063737	55.399633	43.485013	46.291605	47.045791
YLR333C	1070.897677	1114.430657	1054.591323	1172.418422	1134.405325	1175.419172
YLR335W	62.230803	62.081182	60.252712	51.395907	52.560096	51.127343
YLR336C	12.685905	12.974729	12.377793	12.410021	13.345768	12.800593
YLR337C	2.849783	3.19693	3.057883	4.791502	4.48211	4.997513
YLR340W	435.545116	471.544353	443.885943	604.78061	585.856208	585.89385
YLR341W	1.293248	1.150842	1.062865	1.22874	1.566524	1.024924
YLR342W	61.593559	62.243818	60.532133	58.793656	57.453318	66.051442
YLR342W-A	5.330383	4.151633	4.562586	2.830233	2.691618	2.685227
YLR343W	24.769692	21.551345	22.835066	17.321164	21.033401	16.526341
YLR344W	1269.308164	1343.066068	1287.670073	1325.848717	1274.95557	1369.04784
YLR345W	37.919465	34.45325	34.978799	53.995695	58.723031	52.46482
YLR346C	35.484735	30.903875	33.650106	38.279014	48.276414	32.364301
YLR347C	30.175461	31.727493	29.31384	36.012632	38.170393	35.450486
YLR348C	195.336618	191.598869	180.491119	170.254637	139.471169	162.367445
YLR350W	136.184974	137.924618	134.973885	114.283375	114.95056	110.067226
YLR351C	234.465348	224.347231	231.063396	190.568851	179.743377	188.265231
YLR352W	9.315541	8.864008	8.768743	7.160781	7.907462	6.905411
YLR353W	22.931491	23.011186	24.738827	15.880629	15.132289	17.128891
YLR354C	1923.278154	1859.024238	1887.133134	943.761794	1070.14048	933.423031
YLR355C	1979.255921	2054.076258	2044.449761	1351.954709	1404.214871	1436.546057
YLR356W	104.050541	99.67952	100.585021	136.990575	143.66425	131.827125
YLR357W	14.036097	14.225076	14.001912	14.306201	14.356254	14.891831
YLR358C	26.880932	22.949006	27.869873	26.185054	28.471847	25.480767
YLR359W	472.288872	500.135964	422.079545	367.915013	378.510167	374.695515
YLR360W	25.504176	25.082202	27.567068	14.720181	16.727816	15.878053
YLR361C	19.458826	18.913784	18.969838	17.914992	18.836603	17.919682
YLR361C-A	14.914796	13.625606	15.424813	19.762829	21.067003	19.393311
YLR362W	8.46464	8.715731	8.719075	7.874047	9.042494	7.902131
YLR363C	10.161564	9.957929	10.277379	6.388075	6.981901	6.242153
YLR363W-A	57.584851	66.044553	65.355695	54.863584	60.92108	61.234288
YLR364W	188.42521	187.817734	147.208188	46.354524	45.146426	41.295125
YLR365W	1.053596	1.495524	1.341453	1.248876	0.700708	0.74491
YLR367W	330.225545	353.972082	315.5115	825.614016	789.423844	813.713292
YLR368W	17.422491	18.505695	17.703001	15.460984	17.526035	15.789324
YLR369W	25.205748	24.287416	24.404519	22.868373	25.931192	23.692267
YLR370C	284.684693	260.767828	259.652275	303.330376	307.090474	309.78078
YLR371W	2.924065	2.95303	2.977387	3.643914	3.485903	3.772256
YLR372W	133.031471	138.74136	127.816879	84.899573	104.139451	92.793059
YLR373C	4.454621	4.764607	4.9455	4.763163	4.62918	5.019708
YLR375W	41.589458	43.192119	41.920547	41.481872	41.411267	39.505542
YLR376C	6.351174	5.901556	6.432056	6.258906	6.887315	6.243826
YLR377C	19.675487	17.176137	16.683937	31.351357	31.303419	32.01892
YLR378C	31.85831	32.747216	32.433313	39.152292	39.590137	40.445408
YLR379W-A	0.394113	0.266316	0.347078	0.267953	0.306076	0.165234
YLR380W	90.607386	95.406714	98.018746	104.801578	110.785169	107.264708
YLR381W	14.628721	15.217446	14.134119	13.469052	14.825212	14.32975
YLR382C	6.682961	6.938906	6.844972	10.974694	10.485704	10.945312
YLR383W	4.576092	4.501666	4.356989	5.614062	5.138079	5.617804
YLR384C	22.79774	24.612543	22.358025	28.938532	27.4353	29.994799
YLR385C	11.394861	12.8729	11.370141	10.383763	11.608086	14.165484
YLR386W	14.337333	14.780834	14.695052	13.387883	13.447221	13.476716
YLR387C	50.405148	47.61338	47.592741	26.292903	29.662399	27.009939
YLR388W	1369.89708	1415.940331	1463.149765	1490.611813	1390.890842	1466.885457
YLR389C	29.203151	27.898159	28.081196	23.732982	25.848502	25.259346
YLR390W	63.668879	57.256977	59.243807	95.527305	87.691259	87.891816
YLR390W-A	544.462498	563.349375	552.278875	970.840898	1010.288741	990.236147
YLR392C	14.624583	14.39408	13.484325	19.030808	19.499971	17.919866
YLR393W	16.082439	14.704428	14.317164	16.700534	18.509792	16.185167
YLR394W	6.852149	6.57657	6.70975	7.64036	7.85647	7.190555
YLR395C	135.28909	133.811798	128.725707	672.468439	574.773517	721.77942
YLR396C	6.821655	6.559191	6.242686	5.705981	5.558654	5.501259
YLR397C	24.826411	25.275581	24.246365	22.813208	24.188436	23.279732
YLR398C	10.635156	10.711524	10.822547	13.249239	13.118505	14.001668
YLR399C	109.687728	105.67746	104.082508	98.44393	100.499712	91.590244
YLR401C	20.299968	22.147817	22.207641	27.61363	29.559734	30.695096
YLR403W	7.842891	8.894496	8.940802	8.227408	8.854405	8.650405
YLR404W	9.362505	8.911184	8.799207	6.618108	6.225649	6.356077
YLR405W	24.910105	24.72157	25.525324	22.140344	21.194035	21.803632
YLR406C	1207.048551	1310.298743	1078.026403	1361.801468	1337.75688	1346.274834
YLR406C-A	2.071808	2.196637	2.813677	1.375191	1.221623	2.847688
YLR407W	73.934923	81.173523	95.973249	86.853323	85.317883	86.629407
YLR408C	3.251301	2.653521	2.915918	4.814508	4.512127	5.013825
YLR409C	24.346164	26.278684	24.989966	27.206751	27.051919	28.759612
YLR410W	30.501724	30.350778	28.555113	23.948055	24.449615	23.141243
YLR410W-A	0	0	0	0	0	0
YLR410W-B	5.063196	5.787135	5.957494	4.013069	4.674259	4.587222
YLR411W	2.960746	3.244834	3.149837	3.509883	3.454911	3.251135
YLR412C-A	0.052667	0.048532	0.052865	0.069181	0.061826	0.049659
YLR412W	80.364009	80.82331	76.861458	50.92719	50.066926	49.853548
YLR413W	661.912108	695.498198	711.89454	648.129941	754.198726	649.913824
YLR414C	85.640569	86.833977	83.883449	87.916347	107.742175	89.173586
YLR415C	0.218971	0.238509	0.169938	0.188932	0.208982	0.137218
YLR417W	27.460691	27.614262	26.545667	18.872193	15.737435	17.320694
YLR418C	22.013039	22.789722	22.925068	20.657677	23.109547	20.912237
YLR419W	2.957578	3.003788	2.899001	3.172653	3.078107	3.121138
YLR420W	160.369417	165.311312	163.115724	55.726381	55.469458	57.549806
YLR421C	125.190097	119.83465	118.980493	87.277332	91.64434	84.243738
YLR422W	6.168031	6.186254	5.994894	6.229512	6.311923	6.091485
YLR423C	5.017238	5.160496	5.05638	6.33382	6.513847	6.857888
YLR424W	4.813003	4.56631	4.723083	4.272855	4.788521	4.318568
YLR425W	8.199015	8.081185	8.113419	8.312256	8.278487	8.468714
YLR426W	43.153907	42.060368	42.003722	28.713396	30.70073	30.383648
YLR427W	53.178954	52.533997	55.418408	37.283845	39.271248	37.625862
YLR429W	105.469042	106.074017	109.304694	89.957903	83.651354	91.695188
YLR430W	5.991722	6.295787	6.393622	7.580597	7.06349	7.495935
YLR431C	15.456525	16.126263	17.304148	17.86211	15.703707	16.210733
YLR432W	279.731324	306.660783	266.800662	246.61428	288.33687	248.081874
YLR433C	16.638978	15.95858	15.800126	13.762297	14.614275	13.933678
YLR435W	16.871537	18.916638	19.6771	15.171238	16.179574	17.35091
YLR436C	3.023819	3.210761	3.186087	3.718003	4.016881	3.890763
YLR437C	28.754982	28.760503	28.904532	25.180796	23.888219	24.771137
YLR438C-A	15.798965	15.756896	14.878427	27.603885	25.908186	24.45324
YLR438W	17.580356	17.825858	16.830334	30.976978	32.276802	28.787091
YLR439W	16.905809	18.323692	18.040979	28.604863	27.459054	27.869793
YLR440C	15.3644	15.374044	14.660551	10.592585	11.767099	10.945655
YLR441C	1575.856225	1698.132694	1635.923743	1735.899786	1805.79861	1863.522522
YLR442C	7.950547	7.890618	7.306655	8.67829	8.957083	8.921112
YLR443W	49.78083	48.796586	51.378905	44.451684	46.400585	46.334733
YLR445W	2.011375	1.933837	2.459588	2.11602	3.015258	2.852288
YLR446W	7.874337	7.880023	7.280133	6.69233	7.851308	6.217643
YLR447C	299.302797	294.572993	294.160475	203.980919	216.033021	209.221021
YLR448W	407.306205	460.42922	448.292395	409.039576	415.065852	421.248955
YLR449W	58.110041	64.890179	64.993085	66.731693	68.063553	68.771251
YLR450W	25.296576	25.153619	24.805945	21.344414	26.582931	22.545507
YLR451W	25.165035	26.430395	23.717767	16.256548	16.494254	15.437329
YLR452C	21.262446	21.277899	20.561962	3.895955	4.291221	4.372234
YLR453C	6.172544	6.178734	5.576367	5.559044	5.7656	5.6524
YLR454W	1.17524	1.1291	1.072855	2.041929	1.80254	2.177225
YLR455W	12.882554	12.357617	12.343324	9.800723	11.066085	10.071299
YLR456W	12.037351	10.897218	10.46568	12.21722	15.031311	13.376341
YLR457C	40.16256	38.921572	36.652035	37.892444	36.879645	35.439736
YLR459W	40.726082	40.444276	40.083403	22.957726	28.662355	24.753312
YLR460C	16.9747	15.900501	16.341141	9.536806	12.085507	9.317607
YLR461W	13.589164	15.593507	15.027649	6.671806	4.891375	5.996551
YLR462W	23.319858	22.927321	22.446328	18.869088	18.657177	18.841484
YLR466W	79.858113	79.449035	81.284357	96.204539	83.415693	100.351982
YML001W	247.815839	226.774822	222.810922	190.978253	186.705614	183.906287
YML002W	15.173993	14.736928	14.484407	7.785166	9.693722	8.069412
YML003W	13.497017	12.86259	13.597396	8.82992	10.103985	9.10472
YML004C	227.603582	211.100599	207.942839	258.212314	245.687435	250.305862
YML005W	9.331198	9.639097	9.758739	8.546903	8.927311	9.103392
YML006C	10.35673	11.337946	11.791989	8.202917	8.361336	8.596458
YML007C-A	8.080053	7.322123	6.565246	5.500764	7.736944	5.914429
YML007W	55.192838	55.167614	56.458589	61.807167	64.449395	65.122926
YML008C	215.427463	229.195085	243.540146	282.708501	233.736213	309.603039
YML009C	176.725259	170.971572	166.241396	339.500298	323.526432	324.63645
YML010W	4.718171	4.982703	4.514771	8.27613	8.487685	8.197552
YML011C	70.616569	72.137143	72.757301	55.475933	54.917677	55.808332
YML012W	532.079034	527.442871	528.089869	637.947832	607.745021	656.114877
YML013W	43.121836	42.780794	42.934674	47.12023	48.369862	44.331118
YML014W	24.372244	24.995792	26.205086	21.716631	22.413424	21.822075
YML015C	18.817688	17.762463	17.788247	18.386903	18.676332	18.094259
YML016C	12.055636	11.599483	11.458329	8.894181	9.393685	9.353186
YML017W	1.415792	1.519715	1.499243	0.86266	1.066462	1.031818
YML018C	292.542008	316.713788	287.91216	90.145337	101.15237	90.789366
YML019W	40.22771	41.508395	42.880786	25.944641	29.723802	26.923066
YML020W	22.835333	24.36974	23.288829	29.092024	30.978009	28.686917
YML021C	38.646873	39.574648	39.907157	34.973026	35.28633	35.67028
YML022W	158.019665	178.352492	170.323107	195.942965	211.149193	206.955856
YML023C	28.54796	30.055461	29.605141	24.95451	27.10082	24.661859
YML024W	1988.00941	2078.228207	1942.738519	2438.213285	2365.19709	2493.692234
YML025C	87.169155	88.908887	86.952078	90.199927	93.64528	93.410087
YML026C	1870.547479	1986.330002	1867.757229	1805.351711	1805.235215	1887.487079
YML027W	78.617597	79.254409	88.356176	82.779374	77.415488	85.72653
YML028W	2541.770228	2369.39227	2936.88647	1813.618823	2006.530859	1855.902384
YML029W	15.746848	16.88225	17.116544	15.040727	15.308339	15.366209
YML030W	103.969835	90.343372	98.673044	152.773659	143.585561	143.210803
YML031W	42.364179	42.72961	44.762499	35.058297	36.556869	34.906667
YML032C	40.413811	41.253265	41.354626	42.983498	45.888083	43.472885
YML034W	14.4737	13.797594	13.526722	18.656909	18.321717	18.798325
YML035C	33.028608	32.036606	32.162485	38.904336	38.99922	38.7471
YML036W	29.716564	25.377486	25.181524	19.013323	22.78795	20.104962
YML037C	19.791314	19.52118	19.32454	13.910386	17.327098	15.406833
YML038C	44.341222	43.140214	45.179877	30.996355	33.765723	30.268959
YML039W	3.563606	2.001453	1.591845	0.258781	0	0
YML041C	30.099563	30.309206	30.541989	27.845683	26.848546	25.48204
YML042W	25.743159	25.458571	25.39558	23.394848	24.722117	24.945913
YML043C	4.832449	5.920897	7.836613	6.117363	5.587434	6.683326
YML045W	64.48586	66.989008	68.277965	13.619769	24.396333	15.258197
YML045W-A	0	0	0	73.076543	70.729745	74.651628
YML046W	9.292249	8.896251	9.133448	7.554183	8.000786	7.580541
YML047C	0.548477	0.461641	0.483699	0.607447	0.886975	0.673199
YML048W	122.767952	122.310518	123.02967	199.815526	211.605202	203.813086
YML049C	9.845123	9.886942	9.762	9.729054	9.661412	9.499464
YML050W	21.891034	22.097384	22.58248	22.823291	23.334043	21.757963
YML051W	58.554562	57.046281	59.016657	45.96003	44.180349	44.413114
YML052W	173.235993	170.889485	177.588956	120.138532	122.336339	126.818399
YML053C	5.478163	5.786145	5.110228	7.266723	7.862509	7.138661
YML054C	15.144612	13.747208	15.555646	12.731192	11.874667	16.164948
YML054C-A	10.773404	11.349291	13.599437	4.469371	4.27568	5.695376
YML055W	88.151603	84.490925	87.727435	101.235866	94.691949	100.375079
YML056C	143.937304	166.036414	160.796862	102.737997	109.333177	115.768631
YML057W	32.766164	30.131859	31.294676	30.895224	30.936647	31.14939
YML058W	401.410357	378.586674	389.316002	230.697175	223.300143	247.699663
YML058W-A	878.345426	1026.955438	935.2227	693.294707	624.234513	590.903284
YML059C	13.553861	13.674205	14.138102	9.540393	9.78124	9.654169
YML060W	18.501369	17.773317	21.215265	20.817756	20.598618	22.175709
YML061C	19.670736	19.081593	19.673188	20.252172	20.623645	20.675809
YML062C	56.028668	52.861417	53.115798	50.282013	54.709647	49.03813
YML063W	1855.994057	1996.895386	1911.663081	2036.585642	2035.883711	2088.95881
YML064C	31.847489	31.997904	35.473117	21.765688	23.261506	22.023885
YML065W	12.700147	12.673906	12.997773	11.716651	12.312944	12.307956
YML066C	33.867184	33.973894	32.732806	29.770425	35.568421	29.285895
YML067C	58.23236	57.256122	55.734094	42.43987	47.003251	44.148611
YML068W	27.40164	25.420553	26.480081	19.501228	22.395072	19.90837
YML069W	38.848064	39.077953	38.813482	37.941347	37.738964	36.554465
YML070W	161.841073	162.350763	153.977979	170.430376	179.562211	161.962757
YML071C	28.665069	30.061015	28.17839	23.558779	23.650942	22.81787
YML072C	27.893873	27.317375	26.982092	28.400794	27.836004	28.105621
YML073C	615.936747	669.975164	668.751571	868.355164	819.436334	879.937722
YML074C	170.858184	175.315999	172.972566	200.683663	208.9276	193.547279
YML075C	11.118362	10.395258	11.752449	11.240644	9.718818	12.174343
YML076C	9.974979	10.583992	9.795919	5.996109	6.435907	5.986462
YML077W	91.917107	92.420672	88.452188	84.917997	84.847968	86.622376
YML078W	220.257352	210.785591	202.46152	243.144902	235.355585	234.826876
YML079W	90.400572	88.269861	90.238521	107.680443	101.895433	108.627153
YML080W	26.444841	27.385965	26.835844	24.097595	26.081921	25.46089
YML081C-A	291.917807	286.844169	285.822654	1125.422001	1020.869435	1154.62802
YML081W	8.455735	8.995998	8.695073	9.492069	9.560419	10.283917
YML082W	68.620329	70.332009	71.877846	60.498004	56.767229	59.003997
YML083C	24.413605	25.824354	24.068144	27.556121	24.028346	25.916631
YML085C	245.01712	250.036191	241.523063	223.629639	236.136862	215.318002
YML086C	61.614898	59.77909	59.502781	66.055794	66.313454	61.662017
YML087C	26.47564	26.942813	25.427107	39.677498	38.760885	41.009065
YML088W	28.335724	28.214896	27.404606	27.841544	28.736364	28.126216
YML091C	2.392701	2.356436	2.154501	7.575521	6.754516	7.702418
YML092C	142.562689	138.841934	137.636788	145.612016	155.2781	140.785419
YML093W	20.324195	21.661155	20.439174	28.327649	28.918365	30.355665
YML094W	99.968242	95.748445	98.873475	100.903098	99.958589	106.366262
YML095C	11.528665	11.974159	11.287113	9.067203	9.815695	8.608768
YML096W	28.600585	29.341809	29.364405	21.116236	23.092322	21.639071
YML097C	48.80926	48.437337	48.784277	37.9732	38.882043	38.379374
YML098W	136.872146	132.222078	137.208985	108.303654	107.360764	105.945646
YML099C	7.751402	7.569833	7.276253	4.951513	5.021871	4.747663
YML100W	42.50559	39.402601	35.568164	60.074577	56.078245	53.46293
YML100W-A	2.564228	3.15382	2.708152	3.342367	1.597719	2.79521
YML101C	2.978957	2.765284	2.787721	3.934197	3.644907	3.662905
YML102W	13.318106	12.818014	12.948545	14.004599	13.113587	13.925092
YML103C	3.517487	3.678869	3.592442	3.340142	3.176058	3.424567
YML104C	2.503292	2.550096	2.329566	2.058657	2.081826	2.225374
YML105C	93.252376	97.410463	93.657189	89.267724	98.007296	89.379404
YML106W	257.783912	270.449603	260.315702	267.67988	266.580353	276.370151
YML107C	33.573792	32.499297	33.153274	27.969104	28.796034	27.929557
YML108W	45.37019	47.247477	46.464741	32.516385	34.412052	34.498356
YML109W	14.849499	15.878545	15.100329	19.651813	18.473412	18.775224
YML110C	281.111448	264.95533	267.385949	302.578039	311.095357	275.200275
YML111W	5.085852	4.742542	4.942647	4.42632	4.283113	4.365617
YML112W	47.26427	45.576199	48.618261	39.675168	45.049934	40.81729
YML113W	21.948001	22.639965	23.59763	28.140826	27.498741	29.634566
YML114C	41.066936	43.590389	43.594126	29.541868	29.55451	28.744719
YML115C	52.994707	52.72344	52.764849	48.71185	51.177775	52.054087
YML116W	61.023797	59.858526	56.965171	28.252353	30.308537	30.436019
YML117W	38.39529	37.885142	37.562739	24.700266	24.426745	25.440649
YML118W	9.966154	9.3141	9.158078	11.198753	11.846589	11.11413
YML119W	55.725803	55.557069	57.849599	43.786951	44.080904	44.557318
YML120C	26.418639	23.638158	23.905648	94.058815	87.678828	101.793748
YML121W	85.428536	91.584949	90.661721	70.055215	68.400587	68.940018
YML122C	6.09182	5.337755	6.605779	4.986532	5.162748	5.15757
YML123C	107.084608	121.744149	119.407588	35.916816	40.003123	36.099307
YML124C	131.953082	136.340067	144.723808	91.163533	89.791147	97.229589
YML125C	161.215476	162.595572	172.259784	136.688112	135.251511	132.479506
YML126C	118.243527	122.421413	134.907401	76.267393	89.406892	80.471633
YML127W	45.938936	44.384928	47.213895	49.822149	47.86906	47.757618
YML128C	116.675612	105.218825	102.012412	272.129844	267.258492	245.287383
YML129C	196.407439	178.659801	191.330013	309.246094	292.171448	280.825863
YML130C	46.945552	54.987577	65.702579	57.030016	53.354862	63.024642
YML131W	63.879264	58.232645	56.981805	79.428345	75.850679	73.526696
YML133C	28.609933	34.070773	29.973544	52.563808	48.750131	56.708404
YMR001C	31.575341	30.888167	32.032627	23.265597	21.786337	24.874888
YMR001C-A	7.787265	8.176299	7.377694	4.468164	4.670026	4.721436
YMR002W	66.890544	60.405929	69.424644	95.343503	91.685088	100.263614
YMR003W	5.286998	4.778795	5.362471	4.478011	4.928049	4.017572
YMR004W	24.618357	23.244832	23.165068	20.553813	21.451878	20.254589
YMR005W	86.42433	84.25713	82.259308	70.439002	75.020692	70.945679
YMR006C	146.513013	156.64094	170.039898	113.712359	155.252683	123.086111
YMR007W	8.439367	7.248441	7.687698	5.171153	4.906953	6.063616
YMR008C	37.378501	39.700466	35.718035	29.70674	33.66692	29.423354
YMR008C-A	14.67938	15.716271	15.739978	8.366147	8.378893	8.453209
YMR009W	55.781969	56.975607	56.288261	35.94663	39.191403	35.048196
YMR010W	2.396411	2.698128	2.727113	2.357088	2.447779	2.384732
YMR011W	56.421092	70.819778	73.879297	72.287553	38.877953	86.444681
YMR012W	25.510439	25.756579	25.403119	35.418488	32.563274	34.938327
YMR013C	14.654012	14.189567	14.047327	9.061913	10.898135	10.462264
YMR014W	8.160512	9.569543	9.348809	8.491014	9.505251	8.900242
YMR015C	56.118115	64.752153	91.241734	186.203213	160.542481	221.823782
YMR016C	17.582907	17.882946	18.297466	16.896935	17.324181	16.487934
YMR017W	17.917201	16.94026	15.593298	10.865862	12.615286	9.948891
YMR018W	1.96567	1.683296	1.604097	0.756741	0.805016	0.674348
YMR019W	29.845534	30.106812	30.235345	14.447744	14.784133	14.459727
YMR020W	64.128383	63.448726	63.818953	29.55043	35.033733	30.623321
YMR021C	40.853938	39.989985	38.997648	33.006584	37.37005	33.353916
YMR022W	331.168561	312.537194	311.107058	249.564626	251.119121	252.13384
YMR023C	20.049549	19.619995	21.449462	18.835252	19.249194	19.404892
YMR024W	55.470043	53.79432	52.829287	45.745635	46.205107	42.194601
YMR025W	0.530879	0.513752	0.472685	0.628497	0.567735	0.573391
YMR026C	16.582995	16.679956	18.18107	16.787394	17.10526	16.319423
YMR027W	96.260695	93.125339	91.752771	93.243147	103.903777	90.916061
YMR028W	27.774749	27.343505	27.208489	28.306007	30.929045	28.282687
YMR029C	27.521153	26.432681	25.341396	26.942261	29.280002	27.896252
YMR030W	17.700251	16.511949	15.898333	22.393609	21.302856	20.327915
YMR030W-A	0.181119	0.120672	0.215708	0.164643	0.171587	0.132374
YMR031C	73.508049	69.401429	68.677475	88.876898	84.193971	80.532676
YMR032W	25.674106	25.430745	25.445512	16.664275	14.703481	17.475614
YMR033W	36.852573	37.113291	37.977983	30.581963	33.375008	30.536381
YMR034C	8.51244	9.514355	8.770617	9.827313	10.947159	10.075139
YMR035W	61.807187	59.233698	60.220805	58.929301	57.277382	55.129842
YMR036C	13.312254	13.814618	14.358355	12.488614	12.572792	12.52353
YMR037C	34.157136	34.399067	36.591849	30.423438	29.594058	31.887125
YMR038C	149.400287	143.892178	150.537166	104.248794	120.267726	102.854614
YMR039C	109.405353	106.343669	101.211015	102.874338	110.728579	101.979695
YMR040W	30.859269	27.241251	29.278155	58.932175	57.016296	58.032107
YMR041C	22.642588	19.953179	20.061939	18.53947	18.420209	17.138789
YMR042W	70.587365	70.304438	72.694799	49.22572	43.570855	47.677517
YMR043W	93.193172	92.300266	93.674441	76.692983	81.804982	77.5404
YMR044W	37.852341	36.722359	36.410664	36.496583	36.388243	36.798402
YMR045C	31.180466	31.556046	30.811378	8.03395	9.312417	8.492348
YMR046C	0	0	0	0	0	0
YMR047C	50.375187	50.415271	52.205924	46.780222	46.740524	46.185388
YMR048W	22.871091	23.391992	22.180419	24.665007	25.291307	26.186438
YMR049C	15.619477	16.342915	15.130951	20.670226	20.997899	20.814709
YMR050C	6.724411	9.023122	8.002378	1.84475	3.037985	4.349361
YMR052W	5.131417	5.027815	4.44072	4.467337	5.160803	4.802864
YMR053C	9.685724	9.325445	9.840341	12.247043	12.30219	12.050951
YMR054W	52.804639	53.254627	54.66743	35.510361	34.286529	34.072898
YMR055C	28.962785	26.233411	26.512945	23.353432	23.988334	24.279912
YMR056C	49.622874	46.373697	47.235636	78.105129	84.611222	73.757127
YMR058W	420.483674	388.903981	478.491114	86.308137	120.03536	89.075443
YMR059W	21.665276	24.723503	25.777033	26.288964	24.507799	25.514816
YMR060C	21.041376	19.48066	19.63515	24.234546	22.279114	21.269191
YMR061W	6.564278	6.292813	6.211579	4.975509	5.518629	5.111472
YMR062C	496.909701	477.946359	449.773173	97.705856	103.273318	101.206417
YMR063W	31.091112	32.74927	31.066894	15.978832	16.648902	16.515058
YMR064W	15.578708	16.406705	15.400454	13.036513	13.606729	13.471348
YMR065W	18.366376	17.417562	17.918241	12.456671	15.197893	14.468337
YMR066W	5.594977	5.869157	6.057572	5.134035	5.339311	5.404809
YMR067C	34.592355	32.576388	34.516319	31.665024	31.746747	30.840869
YMR068W	15.264134	14.077364	15.385675	13.636438	12.95779	12.653922
YMR069W	0.626698	0.622685	0.787734	0.625171	0.496266	0.616529
YMR070W	0.287499	0.311431	0.302315	0.308418	0.325741	0.359839
YMR071C	281.229944	273.172138	290.765322	249.248236	231.894823	231.863679
YMR072W	152.316042	142.129786	145.678925	216.456798	215.34115	220.884697
YMR073C	23.541168	22.515744	21.349958	27.307246	24.808567	26.353199
YMR074C	194.428833	186.574986	194.542632	186.423884	173.911688	177.284554
YMR075C-A	13.700313	14.84025	14.952902	14.226178	18.802773	15.390142
YMR075W	1.765292	1.628405	1.664471	1.723225	1.79479	1.61604
YMR076C	3.886935	4.030662	3.877739	5.029773	4.641252	5.040882
YMR077C	24.7028	23.251236	22.881847	19.287354	20.6225	18.206718
YMR078C	15.804421	15.190741	15.545968	14.084294	13.795323	15.071304
YMR079W	92.836759	100.920206	96.768715	118.0012	123.807478	123.088318
YMR080C	17.185763	17.675109	17.025313	17.158131	15.979515	16.886381
YMR081C	21.06386	19.814517	19.669262	71.682038	64.550377	63.723243
YMR082C	0.262825	0.167765	0.126858	0.212763	0.128119	0.208475
YMR083W	339.511842	324.402829	346.055855	237.114221	230.332113	237.931048
YMR084W	10.201433	10.075425	7.837905	10.065819	10.814442	9.650984
YMR085W	14.031194	12.653189	12.763331	14.508141	13.592381	12.191667
YMR086W	26.818043	26.918404	25.921929	24.17025	23.387124	23.279266
YMR087W	29.608367	27.365853	27.081682	23.499293	21.754461	23.481293
YMR088C	52.37793	53.483551	52.68326	43.491673	51.854409	47.011862
YMR089C	15.212025	14.73879	14.448177	19.418642	18.987105	18.397096
YMR090W	321.243937	289.931203	296.103123	395.438693	438.800599	369.074802
YMR091C	64.10265	62.331399	61.572102	54.22768	53.492847	54.652468
YMR092C	140.586752	136.537559	134.380141	136.911535	134.393301	130.991127
YMR093W	52.953747	60.068821	61.611401	62.551919	65.703531	67.458142
YMR094W	12.196638	12.204083	12.561801	4.734897	5.330819	5.106893
YMR095C	137.972359	129.374505	136.872443	28.213289	38.412097	29.458844
YMR096W	1570.800646	1436.395892	1475.300649	209.517067	293.094201	223.272852
YMR097C	30.055262	26.724397	27.223984	21.995033	24.268024	21.313819
YMR098C	19.222697	17.484198	17.016934	16.592396	17.827597	16.93986
YMR099C	176.260025	174.043393	172.703254	131.716938	145.558884	131.028396
YMR100W	12.431677	12.689026	11.762349	12.018439	13.470912	13.198122
YMR101C	0.413583	0.444957	0.367736	0.935745	1.007768	0.920817
YMR102C	13.265382	13.8939	14.090608	12.79089	12.203728	11.119096
YMR103C	4.894481	4.805652	4.383444	8.179524	8.27992	8.047102
YMR104C	16.009462	16.720962	15.149443	21.219943	21.927583	21.280483
YMR105C	130.488564	119.166027	115.828983	400.251217	494.203817	356.384305
YMR105W-A	10.217572	12.476912	14.822084	12.373671	12.151627	13.975201
YMR106C	10.769178	10.697932	10.381173	9.399109	8.781964	8.718184
YMR106W-A	413.509245	381.509608	390.655875	250.965173	328.079254	261.856433
YMR107W	182.133312	161.788857	154.163266	665.359858	569.788086	633.306869
YMR108W	351.258439	376.448267	369.917175	238.409688	245.784061	262.255444
YMR109W	15.746566	16.616662	16.400824	17.441075	15.858847	17.633198
YMR110C	21.459388	20.023344	20.213449	44.958156	46.483783	45.254231
YMR111C	18.462786	17.547933	20.223421	18.184042	19.309701	18.421796
YMR112C	51.841552	53.434782	49.550488	54.650571	52.316169	58.894094
YMR113W	41.128335	42.995493	44.091135	39.007382	40.844339	38.474971
YMR114C	52.354845	50.68127	51.783308	145.937105	147.026803	138.521044
YMR115W	13.425677	12.382406	12.135458	14.801381	15.636084	14.168739
YMR116C	948.192624	1054.960211	960.677433	1143.349325	1192.750689	1167.161258
YMR117C	13.346981	13.459641	12.859699	9.21193	10.687985	10.046576
YMR118C	54.807307	54.871434	50.511592	246.28663	233.909872	237.653407
YMR119W	6.096666	5.974225	5.827075	5.072572	5.748704	5.035362
YMR120C	485.432109	499.857661	420.240398	199.796557	209.553111	201.611827
YMR121C	142.457323	132.976382	135.78003	131.478536	126.439328	124.22946
YMR122C	15.786071	16.742296	16.372747	9.540958	7.762906	8.493041
YMR122W-A	2051.512899	2125.661264	2046.40609	2169.560439	2245.645411	2286.066428
YMR123W	128.928802	129.339351	128.995536	83.77029	78.039107	81.77464
YMR124W	17.25567	17.032765	16.928327	16.228994	16.243643	16.034397
YMR125W	10.600353	10.575283	10.296503	10.666206	11.418327	10.870289
YMR126C	12.653908	13.906614	13.865258	12.670097	13.944873	14.143057
YMR127C	26.024598	25.325412	25.793089	19.741198	21.878555	21.037382
YMR128W	11.692818	12.017743	11.345707	15.709329	15.385348	15.74438
YMR129W	4.168915	3.955189	3.944557	4.019335	3.928827	4.066758
YMR130W	15.33971	14.962954	13.418491	11.028834	11.801865	11.474956
YMR131C	86.32681	101.660619	108.050446	115.311301	116.91561	123.195932
YMR132C	19.83564	20.881147	20.497425	11.962042	11.732314	12.579381
YMR133W	7.653911	6.837886	6.991489	6.563352	7.021802	7.214335
YMR134W	17.362938	16.524209	17.882536	9.342839	8.752412	9.44579
YMR135C	81.048659	78.647209	76.878941	48.426172	50.046182	47.435485
YMR136W	20.896103	21.682717	20.052065	14.180096	17.97139	14.109112
YMR137C	8.306072	8.069461	7.882596	7.477891	8.617973	7.172551
YMR138W	26.852656	26.664998	25.954857	25.787326	21.709571	27.185418
YMR139W	34.29553	29.989886	30.132798	29.955111	30.374025	28.483113
YMR140W	30.302151	28.951079	27.351319	31.149953	33.302267	30.355729
YMR141C	10.094739	9.206594	10.774923	12.962169	13.702544	11.27668
YMR142C	1905.760073	1971.051399	1886.7179	2231.130696	2154.316572	2234.016992
YMR143W	1442.741776	1470.984217	1355.041548	1995.203854	1874.021276	1959.579306
YMR144W	5.333361	5.173026	5.06339	4.748129	4.8004	4.87298
YMR145C	7.569947	7.786252	8.611318	24.439112	22.475355	25.508415
YMR146C	228.223932	244.429159	239.617549	276.299925	283.643692	282.952413
YMR147W	13.233154	13.719313	13.327441	9.797728	12.225651	10.45215
YMR148W	73.445547	80.262721	72.39976	54.911706	67.407335	56.087568
YMR149W	85.518522	88.830533	91.947329	61.203373	66.086377	66.124353
YMR150C	62.021675	59.131292	60.298143	61.767892	58.847331	56.93632
YMR152W	90.883644	86.623384	85.284098	112.839821	114.955524	112.859396
YMR153W	28.655861	27.946016	27.110235	21.132013	23.974127	20.738915
YMR154C	3.187182	2.925619	2.856635	2.559885	2.783176	2.35961
YMR155W	24.762178	21.838362	21.349761	19.911352	21.154756	20.103184
YMR156C	18.21476	18.861131	20.300701	19.666526	20.846761	19.464084
YMR157C	39.351666	37.382084	39.340942	41.467529	44.386531	41.353247
YMR158C-A	14.088297	12.264556	14.068383	16.674192	13.437851	14.238441
YMR158W	106.793609	102.737778	100.826538	116.366108	109.178639	114.81405
YMR159C	16.998381	15.517933	16.19686	15.064618	17.312638	14.210313
YMR160W	5.71171	5.592075	5.761004	5.227453	5.438946	5.056519
YMR161W	31.086647	30.994882	30.549058	31.046529	33.071547	31.776439
YMR162C	11.993344	12.009372	11.894484	10.618975	10.446303	11.038795
YMR163C	3.168343	3.23658	3.321816	3.265834	3.689458	3.669159
YMR164C	0.23532	0.220956	0.233056	0.195612	0.179882	0.179582
YMR165C	20.763753	21.177567	21.569923	24.005421	24.642374	24.354809
YMR166C	12.140408	12.238499	12.794105	10.796139	11.881776	10.534237
YMR167W	11.892484	11.108719	11.285234	9.495848	9.286781	9.966782
YMR168C	7.782221	7.700887	7.709518	5.224723	5.979849	5.125003
YMR169C	27.001924	24.543435	27.194525	35.277676	31.002215	38.232115
YMR170C	70.990414	64.855261	77.297208	69.651639	71.595688	65.376062
YMR171C	49.135987	49.331767	50.515759	38.749394	39.799611	39.446939
YMR172W	13.184784	12.926	12.900828	10.309547	10.58126	9.725377
YMR173W	567.760995	564.724126	576.91098	365.85501	463.887776	375.216485
YMR174C	260.6335	222.958645	227.20439	1756.462809	1759.340404	1743.004203
YMR175W	96.038151	73.828855	79.417816	7853.890319	6486.512222	7974.656929
YMR175W-A	0.576909	1.060748	0.989944	23.699825	21.025555	26.62263
YMR176W	6.933253	6.945938	6.512963	5.526658	5.368782	5.673269
YMR177W	38.51509	39.809244	40.0239	27.499968	28.221325	30.904037
YMR178W	133.452358	124.088641	126.474391	87.886307	99.92194	90.712888
YMR179W	14.482836	13.834426	15.29779	13.184489	12.530554	13.320088
YMR180C	51.872668	47.302311	45.179184	35.893673	33.997863	32.341392
YMR181C	482.677489	455.858607	478.059031	485.475552	659.827153	480.878438
YMR182C	60.047561	60.419836	67.102058	40.394149	43.849475	42.975888
YMR182W-A	6.144548	5.192927	5.442243	3.324886	2.887959	3.107093
YMR183C	82.486773	80.442705	83.081824	67.377736	61.021437	65.28394
YMR184W	74.105594	73.666705	76.843056	64.315454	58.576576	66.587018
YMR185W	7.278102	7.051225	6.913979	6.421204	6.345935	6.433729
YMR186W	210.839499	206.970723	191.151365	248.461289	253.060413	237.130062
YMR187C	17.984289	18.259254	16.693209	13.430742	13.666368	13.203525
YMR188C	50.478056	46.968276	44.269059	47.514163	48.895915	44.790179
YMR189W	56.820422	56.418513	55.938018	12.078427	13.160485	12.800667
YMR190C	4.157832	4.240602	4.415374	4.957819	5.102662	5.179029
YMR191W	26.111855	24.981287	25.199408	47.162737	48.401845	47.795353
YMR192W	1.629132	1.520976	1.447725	1.580367	1.651206	1.682555
YMR193W	36.68156	34.2979	33.234438	40.27318	44.977621	39.393187
YMR194C-B	248.248754	229.894338	236.924293	344.197607	308.227701	344.500344
YMR194W	1134.154937	1209.828987	1154.076587	1275.391531	1237.753161	1264.48495
YMR195W	610.139636	567.549896	568.588411	453.415971	421.490736	378.949537
YMR196W	57.737899	54.812466	57.021555	69.453432	72.686554	64.961858
YMR197C	117.762792	115.2352	117.199439	96.73792	101.069928	96.704247
YMR198W	16.735502	15.686194	16.531041	11.300811	10.67732	11.031765
YMR199W	11.11201	11.512508	11.88768	13.414417	13.481596	14.587864
YMR200W	211.896355	206.762063	206.239911	160.025454	168.33133	171.585603
YMR201C	42.53312	39.775004	41.842698	44.283716	40.446485	44.076079
YMR202W	438.511252	473.405229	536.671188	361.643778	291.218358	401.551173
YMR203W	106.288432	113.602913	109.989976	117.330536	117.330778	115.154644
YMR204C	14.843913	14.605	13.436989	13.349211	13.593522	12.554179
YMR205C	213.999039	210.201701	213.170049	224.105771	221.668027	231.338691
YMR206W	10.461229	10.700294	10.768768	69.917208	69.174295	64.83241
YMR207C	3.723786	3.764133	3.877202	3.980461	3.808795	4.100428
YMR208W	27.773449	27.77111	26.946001	23.797919	25.123081	25.890666
YMR209C	26.355188	25.207385	24.272704	19.680541	19.313339	19.053192
YMR210W	22.272916	22.00632	22.879644	18.742426	17.866784	16.637484
YMR211W	19.029432	20.339013	19.069892	11.792232	12.920959	12.135491
YMR212C	12.551133	12.604328	11.668806	8.982157	10.552423	9.787077
YMR213W	20.487009	20.394492	20.451785	19.096956	20.981165	18.642661
YMR214W	6.53103	6.763977	6.581882	6.967434	7.351182	6.93319
YMR215W	44.829057	43.538775	43.737131	29.441122	32.102036	28.839153
YMR216C	4.333238	4.767565	5.329854	5.111181	4.900272	5.52016
YMR217W	225.660065	265.661747	267.067847	291.249768	292.001624	311.461203
YMR218C	4.635241	4.695743	4.379661	3.865579	3.887017	4.080879
YMR219W	14.514093	14.176222	14.138716	14.484152	14.355632	14.153449
YMR220W	67.343722	63.595381	67.25861	32.934006	32.727758	33.851235
YMR221C	23.710096	25.075917	26.381509	14.576835	15.643642	16.047971
YMR222C	44.518314	46.754259	47.550037	32.826772	31.025986	30.726386
YMR223W	4.903623	5.012682	4.706911	4.039111	5.119795	4.597114
YMR224C	16.834223	18.065806	17.903937	16.862831	16.948092	17.088773
YMR225C	125.824006	127.849388	130.830468	196.414291	185.160224	198.986931
YMR226C	181.515999	161.849007	169.797408	136.324275	134.472142	133.642857
YMR227C	28.224778	28.184208	26.495447	26.508774	28.11571	26.724113
YMR228W	13.122987	13.761356	13.956138	12.854598	12.718582	13.061368
YMR229C	10.599313	11.581995	10.367792	16.12137	15.606301	17.62295
YMR230W	1329.625517	1319.986114	1257.290058	1745.637181	1658.294908	1780.117196
YMR230W-A	1.180786	2.122611	3.159593	2.754776	2.316243	3.043646
YMR231W	4.797123	5.098073	4.880657	4.177202	4.299059	4.16569
YMR232W	3.114102	2.979764	3.082146	1.514474	2.394205	1.61374
YMR233W	21.866759	21.197003	22.87073	21.217977	23.861091	21.925978
YMR234W	16.723637	15.446876	16.72004	14.948087	15.678269	14.945323
YMR235C	145.031723	145.314002	145.690743	114.319429	114.188863	111.329401
YMR236W	250.924322	242.467471	249.97622	132.242046	121.450607	127.029041
YMR237W	25.633501	24.602966	24.414922	16.891078	17.50347	16.694841
YMR238W	27.972925	29.348095	31.045362	28.472415	29.082449	28.311221
YMR239C	14.621754	15.327316	15.818395	14.368071	13.81913	14.977672
YMR240C	72.327766	68.710091	69.326735	44.427652	46.497937	44.729496
YMR241W	230.418283	215.173201	222.016666	122.597937	119.709839	129.320916
YMR242C	1313.5902	1417.664513	1318.66684	1412.740368	1387.939015	1454.402436
YMR242W-A	5.399244	4.252579	4.444861	1.629253	2.11231	2.245857
YMR243C	261.963873	277.517794	286.000382	172.804554	180.669853	161.2442
YMR244C-A	230.716499	210.550648	211.436616	259.750205	245.819318	259.275154
YMR244W	5.473319	5.17635	5.490289	9.614445	8.647149	8.840917
YMR246W	468.988832	470.389572	478.872297	318.945939	436.13965	329.693713
YMR247C	3.866229	3.654618	3.612862	3.578061	3.586835	3.679116
YMR247W-A	6.008244	8.786548	5.158407	7.73545	8.754963	6.571588
YMR250W	174.182809	159.828455	155.020173	251.214788	273.935693	221.645584
YMR251W	5.413933	5.140045	5.097351	4.207052	4.167741	3.535882
YMR251W-A	843.968187	756.52174	749.126756	1184.403704	1241.391625	1168.387426
YMR252C	138.105452	133.965936	145.004323	294.149262	238.09885	256.253559
YMR253C	39.009204	38.144676	40.205297	29.800638	29.839074	27.79724
YMR254C	9.724235	9.411291	11.044627	5.886735	5.782502	5.684482
YMR255W	72.127551	68.999599	69.236837	77.185102	84.164532	75.340341
YMR256C	99.653985	93.174015	92.382384	633.963089	544.029344	647.520476
YMR257C	5.86063	6.09318	6.224857	8.258841	9.204188	8.763743
YMR258C	34.0155	32.248982	32.467717	18.601713	23.519465	18.613294
YMR259C	5.731701	5.758228	5.560903	5.357223	5.46982	5.600814
YMR260C	393.779349	404.721957	376.299896	503.870827	491.771459	511.047932
YMR261C	41.789159	41.098658	41.843975	40.695368	38.859365	37.772869
YMR262W	43.757695	42.002702	45.103947	24.181178	21.943508	20.927944
YMR263W	1.808551	1.677154	1.791711	1.089211	1.018171	1.058741
YMR264W	50.150675	49.739133	49.135628	39.16678	39.581124	37.576902
YMR265C	41.565413	40.857732	44.581351	6.640636	6.587191	5.936491
YMR266W	19.430527	20.62895	21.803068	10.761547	11.342614	10.471953
YMR267W	39.999847	37.385169	39.104003	44.04906	42.728426	44.17229
YMR268C	12.23856	11.610849	11.870147	10.971337	12.338862	11.241609
YMR269W	35.970907	36.01009	34.913694	36.240081	42.22966	42.952007
YMR270C	30.002568	28.119882	31.621928	24.218789	23.963063	24.282755
YMR271C	109.559036	97.433112	104.351793	80.723631	83.483792	77.598232
YMR272C	349.995749	339.598536	346.279845	248.953293	238.052268	271.684945
YMR272W-B	2.278989	2.013584	3.04815	2.922281	2.646849	1.971476
YMR273C	16.842365	16.387158	16.098602	17.097669	16.836271	17.225007
YMR274C	14.726476	13.960345	14.593095	8.489743	8.82268	8.849592
YMR275C	11.454396	11.031257	11.444382	7.566624	8.207696	7.838795
YMR276W	8.689836	8.264858	7.775629	11.094	12.025083	10.495725
YMR277W	25.870217	27.622545	26.4051	32.127616	33.375362	32.856715
YMR278W	37.027828	37.781628	37.150737	25.161385	29.947309	26.146351
YMR279C	25.752332	24.956271	26.040786	16.091146	16.987371	17.686985
YMR280C	2.041602	2.172753	2.250849	5.968537	5.819195	6.368241
YMR281W	23.137516	23.145888	22.804971	24.00873	23.026891	24.633242
YMR282C	8.355435	7.954389	8.103622	9.129182	8.621085	9.497975
YMR283C	9.21792	9.465869	9.652398	8.997309	9.602224	8.874522
YMR284W	1.7336	1.839804	1.794711	2.131123	2.115343	1.967727
YMR285C	44.53614	47.245591	44.401031	42.797357	48.487538	43.821088
YMR286W	198.616011	182.892441	193.678909	250.963239	238.019642	244.099379
YMR287C	5.397223	5.713751	5.941157	5.99118	6.452787	5.886248
YMR288W	9.612871	10.316044	10.011731	10.389386	10.155718	10.265706
YMR289W	23.683458	21.758563	21.373068	25.46913	28.071045	25.442567
YMR290C	3.901097	4.587405	4.707028	5.312471	5.518322	6.031569
YMR291W	29.180497	31.14627	30.247503	55.284909	48.619853	51.533434
YMR292W	46.059616	44.587365	41.655495	41.180611	43.502643	43.12221
YMR293C	7.780005	7.50737	7.474921	8.255697	9.122987	8.865548
YMR294W	29.600885	26.831416	27.587023	32.135968	31.909395	33.177447
YMR295C	313.436599	314.843152	317.828867	449.702234	480.298768	463.294685
YMR296C	31.482001	33.539103	34.68499	39.972555	39.491789	41.156922
YMR297W	655.788474	606.023875	670.867162	497.798023	533.975564	452.66826
YMR298W	151.175958	137.608567	136.173821	118.115144	115.076564	118.11321
YMR299C	33.156693	31.819583	31.350182	31.833097	30.477659	32.806773
YMR300C	224.168663	232.010915	197.988149	112.858261	115.856859	111.807242
YMR301C	38.904664	39.630056	34.091277	14.620736	14.130225	14.453406
YMR302C	21.923264	20.503189	21.093888	26.595458	25.297401	25.197537
YMR303C	33.130388	30.788071	32.800198	21.27484	18.60959	21.328719
YMR304W	9.442824	9.183824	9.078361	9.876435	9.951766	10.128674
YMR305C	95.257076	94.717839	103.349341	78.139929	75.077872	89.968916
YMR306W	3.384751	3.352964	3.413299	2.84988	3.112056	2.741784
YMR307W	365.898585	404.962444	421.877702	498.566352	495.043489	528.313822
YMR308C	26.683164	26.757113	26.735108	26.731085	27.211301	27.705192
YMR309C	38.893023	43.436631	41.820803	56.345886	55.880996	57.583375
YMR310C	41.028534	40.698115	41.927158	42.512777	42.897877	42.574044
YMR311C	88.901296	83.798757	82.001481	126.152938	123.734711	121.62347
YMR312W	13.868614	13.122447	14.191844	13.015628	13.851112	13.032019
YMR313C	11.050706	10.595763	10.383926	6.957773	7.498135	6.627622
YMR314W	176.265208	166.177009	169.411505	162.663277	164.168653	156.751773
YMR315W	237.949746	218.249841	210.693597	204.203241	227.389199	207.419295
YMR315W-A	10.359042	7.871282	7.737611	6.704057	8.347756	7.885906
YMR316C-A	10.104242	10.043833	8.849558	11.120113	11.102455	9.343952
YMR316W	33.713688	33.113754	34.494709	34.765165	41.790517	33.527788
YMR317W	34.011941	36.074062	40.081162	22.795504	23.021305	22.955976
YMR318C	136.942905	140.710879	158.845269	125.866362	110.121518	133.597739
YMR319C	937.548403	917.916281	978.226033	505.899564	637.875596	495.306902
YMR320W	127.299044	124.069042	127.155491	106.917638	132.076788	107.117624
YMR321C	108.405675	100.920464	118.267494	110.352085	110.8954	104.347114
YMR322C	17.102364	13.651799	15.3938	28.183447	26.161329	23.811715
YMR323W	2.746549	2.261091	2.343563	2.893863	3.205008	2.295328
YMR325W	0.374182	0.363375	0.299119	1.273977	1.100001	1.23754
YNCA0001W	10.354675	9.241212	8.6284	4.397208	5.128667	4.772054
YNCA0002W	0.084355	0	0.09077	0.086109	0.10335	0
YNCA0003W	21.961169	26.17659	27.198874	39.708642	38.07391	40.524793
YNCA0004W	1.332693	1.291083	1.83678	6.250823	7.973062	4.753099
YNCA0005W	0	0	0	0	0	0
YNCA0006C	0.538356	1.291079	1.827824	0.574299	0.831382	1.057096
YNCB0001W	1.444713	1.403335	1.393782	0.882414	1.045166	0.102225
YNCB0002W	0.140998	0.093433	0	0	0	0
YNCB0003W	1.301521	0.45998	0.883783	2.807682	2.302289	1.651322
YNCB0004W	0.529433	0.985542	0.554116	0.849792	0.608303	0.244709
YNCB0005C	1.350505	1.7466	1.719209	1.287617	1.419649	1.037652
YNCB0006W	0.538356	1.291079	1.827824	0.574299	0.831382	1.057096
YNCB0007W	1.057486	0.747467	0.79786	0.52644	0.554255	0.447233
YNCB0009C	4.143617	5.857698	2.110257	1.718989	1.018019	2.190529
YNCB0011C	4.872893	5.022976	4.136105	1.684609	2.394381	3.005406
YNCB0012W	1.444713	1.403335	1.393782	0.882414	1.045166	0.102225
YNCB0013W	0.220693	0.595937	0	2.152469	0	0
YNCB0015W	1.967506	1.260026	1.907987	1.267625	1.383824	1.453592
YNCB0016W	0.053437	0.728917	0.473805	0.529354	0.504295	0.871775
YNCB0017C	3.531082	2.339896	2.247883	1.281768	2.602588	1.633373
YNCB0018W	0.640472	0.144298	0	0.337244	0.11319	0
YNCB0019C	7.840298	9.0694	8.869691	46.914892	67.400126	48.117848
YNCC0001C	0.640472	0.144298	0	0.337244	0.11319	0
YNCC0003C	13.881116	13.545928	14.771802	19.768372	19.138757	16.867076
YNCC0004C	0.836304	0.628667	0.71796	0.550614	0.644843	0.420167
YNCC0005W	4.162263	5.202368	5.974373	3.537679	6.285249	4.293438
YNCC0006C	43.648382	46.864065	44.182727	73.665509	70.950141	69.749921
YNCC0007C	1.350505	1.7466	1.719209	1.287617	1.419649	1.037652
YNCC0008W	0.108733	0.059385	0.014498	0.079778	0.057194	0.098527
YNCC0009C	0.422994	0.5606	0.478716	0.35096	0.346409	0.894466
YNCC0010C	0.220693	1.101102	0.832549	0.137022	0.722941	0.933308
YNCC0011W	1.753084	1.087424	2.008855	1.748447	2.952997	2.177942
YNCC0012C	3.218419	3.182416	3.200049	0.899704	1.786611	1.320881
YNCC0013W	0	0	0	0	0	0
YNCC0014W	1.057486	0.747467	0.79786	0.52644	0.554255	0.447233
YNCC0015W	0.674175	0.559101	0.550867	0.702863	1.037816	0.539564
YNCD0002C	2.815022	2.600153	2.63136	1.744506	2.226868	2.5872
YNCD0003W	2.114971	0.747467	0.638288	1.871788	0.969946	1.043544
YNCD0004W	0.23901	0.285628	0.252821	0.157912	0.112768	0.074007
YNCD0005C	1.057486	0.747467	0.79786	0.52644	0.554255	0.447233
YNCD0006W	0.538356	1.291079	1.827824	0.574299	0.831382	1.057096
YNCD0008W	1.444713	1.403335	1.393782	0.882414	1.045166	0.102225
YNCD0010C	2.278989	1.647478	3.04815	1.718989	1.832434	1.752423
YNCD0013C	0.671967	0.448742	0.654243	0.563389	0.491988	0.694081
YNCD0014C	0.220693	1.101102	0.832549	0.137022	0.722941	0.933308
YNCD0015C	0.529433	0.985542	0.554116	0.849792	0.608303	0.244709
YNCD0016C	0.220693	1.101102	0.832549	0.137022	0.722941	0.933308
YNCD0017W	0	0	0	0	0	0
YNCD0018W	0	0	0	0	0	0
YNCD0021C	0.20192	0.164675	0	0.399592	0	0
YNCD0022C	1.128765	2.245119	2.079755	1.015385	1.176198	1.265606
YNCD0023C	0	0.093433	0	0	0	0.894466
YNCD0024C	0.414362	1.281372	0.234473	0.859494	0.814415	0.876212
YNCD0025W	0.5159	0.608392	0.734423	0.590667	1.183233	1.027061
YNCD0026W	0.422994	0.5606	0.478716	0.35096	0.346409	0.894466
YNCD0027C	0	0.389983	0	0	0	0
YNCD0028W	0	0	0	0	0	0
YNCD0029C	0.422994	0.5606	0.478716	0.35096	0.346409	0.894466
YNCD0030W	4.350798	3.661062	5.627353	2.062787	2.036038	3.285794
YNCD0031C	0	0	0	0	0	0
YNCD0032C	3.198754	3.025149	3.174727	6.115122	6.151382	6.045036
YNCD0033W	6.360846	5.589992	5.364203	2.493841	3.185335	2.782173
YNCD0034C	22.174714	21.438259	17.582204	7.469384	10.374673	7.958332
YNCE0001C	0.46675	0.927895	0.639532	0.220253	0.538849	0.483504
YNCE0002W	1.230529	2.446255	2.437099	5.615364	4.232491	1.301042
YNCE0003W	0.241711	0.427124	0.273552	0	0.712613	0.766685
YNCE0004C	1.350505	1.7466	1.719209	1.287617	1.419649	1.037652
YNCE0005W	0.538356	1.291079	1.827824	0.574299	0.831382	1.057096
YNCE0006W	0.108733	0.059385	0.014498	0.079778	0.057194	0.098527
YNCE0008C	0	0.390565	0.49953	0	0	0.466821
YNCE0009C	0.422994	0.5606	0.478716	0.35096	0.346409	0.894466
YNCE0010W	1.967506	1.260026	1.907987	1.267625	1.383824	1.453592
YNCE0011C	8.908776	8.603495	9.613395	9.626338	9.772982	9.200223
YNCE0012W	0.640472	0.144298	0	0.337244	0.11319	0
YNCE0013W	0.993117	1.657426	2.123001	0.823994	0.650647	0.350008
YNCE0015C	3.38818	4.65699	4.050773	3.629292	6.866915	5.019368
YNCE0016C	1.332693	1.291083	1.83678	6.250823	7.973062	4.753099
YNCE0017W	100.435712	89.874051	87.257319	101.035612	129.833142	104.89729
YNCE0019W	86.881829	83.143142	87.826961	54.234219	76.929168	61.006093
YNCE0020C	0.23082	0.20574	0	0.182894	0.221594	0.478712
YNCE0021C	0.993117	1.657426	2.123001	0.823994	0.650647	0.350008
YNCE0023W	3.925386	4.592436	3.829727	4.582137	5.507075	3.949963
YNCE0026W	3.925386	4.592436	3.829727	4.582137	5.507075	3.949963
YNCE0028C	0.671967	0.448742	0.654243	0.563389	0.491988	0.694081
YNCF0001C	0.028433	0.032019	0.028266	0.032734	0.024499	0.026197
YNCF0002W	0.084355	0	0.09077	0.086109	0.10335	0
YNCF0003C	1.083646	0.995787	0.990764	1.059781	1.109897	0.959309
YNCF0007W	0	0	0	0	0	0
YNCF0009C	0.307632	0.543612	0	0	0	0.975781
YNCF0010C	0.270356	0.165914	0.140674	0.181076	0.22019	0.213161
YNCF0011C	0.23901	0.285628	0.252821	0.157912	0.112768	0.074007
YNCF0013W	4.751675	3.481655	3.044561	2.823255	1.24465	1.964274
YNCF0014C	0.422994	0.5606	0.478716	0.35096	0.346409	0.894466
YNCG0002C	3.925386	4.592436	3.829727	4.582137	5.507075	3.949963
YNCG0003C	0.993117	1.657426	2.123001	0.823994	0.650647	0.350008
YNCG0004W	2.114971	0.747467	0.638288	1.871788	0.969946	1.043544
YNCG0009C	0	0	0	0	0	0
YNCG0010W	20.842323	18.55512	19.159209	44.109087	36.866569	39.045937
YNCG0011W	0.993117	1.657426	2.123001	0.823994	0.650647	0.350008
YNCG0013W	19.751169	17.178951	17.872989	15.112385	15.436808	15.503415
YNCG0014C	13.705013	16.818001	22.4039	16.003786	16.710782	13.148652
YNCG0015C	3.239956	3.244324	4.155661	2.329779	2.122678	2.968866
YNCG0017W	1.967506	1.260026	1.907987	1.267625	1.383824	1.453592
YNCG0018C	3.925386	4.592436	3.829727	4.582137	5.507075	3.949963
YNCG0021W	0.053437	0.728917	0.473805	0.529354	0.504295	0.871775
YNCG0022W	0.640472	0.144298	0	0.337244	0.11319	0
YNCG0024W	22.892084	21.112301	21.344387	16.962611	18.161868	16.564585
YNCG0026W	2.071808	1.647478	1.875784	2.406584	2.036038	4.381059
YNCG0027W	0.589359	0.909959	0.332446	0.366285	0.433765	0.466678
YNCG0028W	0.199044	0.307741	0.126618	0.090886	0.10682	0.278518
YNCG0030C	3.531082	2.339896	2.247883	1.281768	2.602588	1.633373
YNCG0031W	4.162263	5.202368	5.974373	3.537679	6.285249	4.293438
YNCG0033W	0.529433	0.985542	0.554116	0.849792	0.608303	0.244709
YNCG0034W	0.23901	0.285628	0.252821	0.157912	0.112768	0.074007
YNCG0035W	0.735642	0.779965	0.666039	0.366219	0.433765	1.244475
YNCG0040C	0	0	0	0	0	0
YNCG0042C	0	0	0	0	0	0
YNCG0043C	1.350505	1.7466	1.719209	1.287617	1.419649	1.037652
YNCG0044C	15.538563	19.03752	16.88206	33.692181	41.738778	31.543623
YNCG0045C	0	0	0	0	0	0
YNCG0046W	0.589359	0.909959	0.332446	0.366285	0.433765	0.466678
YNCG0047C	2.972605	2.722162	3.005343	1.875988	1.895403	2.072056
YNCG0048W	0.07172	0.052229	0.046392	0.08097	0.070752	0.07384
YNCG0049W	4.596241	5.065165	4.603702	2.919636	3.074104	2.910301
YNCH0006C	0.23901	0.285628	0.252821	0.157912	0.112768	0.074007
YNCH0007W	189.129166	166.01883	148.961532	166.713844	165.992382	150.290547
YNCH0010C	0.140998	0.093433	0	0	0	0
YNCH0012W	10.359042	8.054335	9.144449	9.626338	11.80902	10.514541
YNCH0014W	2.15981	3.132173	2.683644	3.402383	2.199744	2.973136
YNCH0015W	0.880235	0	0.50125	0.732241	0	0
YNCI0001W	0.142836	0.122922	0.133858	0.187218	0.225905	0.185087
YNCI0002W	1.057486	0.747467	0.79786	0.52644	0.554255	0.447233
YNCI0003C	0.529433	0.985542	0.554116	0.849792	0.608303	0.244709
YNCI0008C	0.053437	0.728917	0.473805	0.529354	0.504295	0.871775
YNCI0012	3.812823	3.979162	3.983053	2.816583	2.895607	3.048274
YNCI0013W	0	0	0	0	0	0
YNCJ0001C	1.057486	0.747467	0.79786	0.52644	0.554255	0.447233
YNCJ0003C	5.179521	5.491592	2.813677	4.469371	7.940548	6.133482
YNCJ0004C	4.106837	3.046511	2.949734	9.999709	16.452413	11.590337
YNCJ0005C	0.23901	0.285628	0.252821	0.157912	0.112768	0.074007
YNCJ0007C	1.878935	1.648962	1.241719	1.07316	1.025455	0.804262
YNCJ0008W	0.112043	0	0.120496	0	0	0
YNCJ0009C	2.63488	1.810578	2.08463	1.435763	0.583458	1.67366
YNCJ0020W	0.5159	0.608392	0.734423	0.590667	1.183233	1.027061
YNCJ0022C	0.108733	0.059385	0.014498	0.079778	0.057194	0.098527
YNCJ0025W	0	0	0.605221	0	0	0
YNCJ0028C	0.593459	0.554626	0.562486	0.957648	1.021045	0.934373
YNCJ0029W	0	0	0	0	0	0
YNCJ0030W	12.016489	8.603495	11.020234	15.642799	20.36038	14.8956
YNCK0001W	2.278989	1.647478	1.641311	1.203292	1.018019	1.314318
YNCK0002C	0	0.389983	0	0.732439	0.433765	0
YNCK0005C	0.640472	0.144298	0	0.337244	0.11319	0
YNCK0009W	3.089697	3.704835	3.496707	3.112865	2.808665	3.027584
YNCK0010W	0	0	0	0	0	0
YNCK0013W	7.45851	9.51876	7.034192	12.548619	11.605416	10.952647
YNCK0014W	3.925386	4.592436	3.829727	4.582137	5.507075	3.949963
YNCK0015C	4.350798	4.393274	3.282623	9.28254	8.551359	10.733594
YNCK0017W	0.671967	0.448742	0.654243	0.563389	0.491988	0.694081
YNCK0020C	1.173327	1.63902	1.392829	2.576484	3.563793	3.470109
YNCK0021W	2.114971	0.747467	0.638288	1.871788	0.969946	1.043544
YNCL0003W	31.106961	29.630665	29.853312	23.237548	30.111046	23.383142
YNCL0004C	1.332693	1.291083	1.83678	6.250823	7.973062	4.753099
YNCL0005C	0.87016	1.537646	0.984787	1.443951	0.570091	3.066741
YNCL0006W	0	0.183053	0.234473	0	0	0
YNCL0007W	0.671967	0.448742	0.654243	0.563389	0.491988	0.694081
YNCL0010C	2.291823	2.308541	2.21791	7.292751	11.562606	7.83186
YNCL0011C	3.705384	5.764632	4.858684	1.583715	3.296066	0
YNCL0012C	190.916489	186.236919	160.662498	535.295485	629.338228	495.015444
YNCL0013C	335.330274	341.126139	343.878863	432.776395	654.734381	482.388536
YNCL0014C	172.17896	185.225252	152.608329	277.325207	414.320254	317.575834
YNCL0015C	30.568916	28.904015	28.747452	1.461804	2.921032	1.252333
YNCL0016C	112.75857	112.079653	88.030194	323.262982	462.677237	294.254255
YNCL0017C	237.561143	225.723607	208.614589	565.341195	770.116862	496.71418
YNCL0018W	39.328646	196.252476	279.485124	25.110108	194.877088	292.813413
YNCL0027W	0	0	0	0	0	0
YNCL0031W	39.328646	196.252476	279.485124	25.110108	194.877088	292.813413
YNCL0033C	0	0	0	0	0	0
YNCL0034W	0	0	0	0	0	0
YNCL0035C	0.23901	0.285628	0.252821	0.157912	0.112768	0.074007
YNCL0039W	0	0	0	0	0	0
YNCL0041C	3.466489	4.156644	1.401119	6.574084	9.489923	3.66513
YNCL0042C	2.48617	2.928849	2.579204	4.469371	4.682887	5.25727
YNCL0043C	1.081149	1.251077	1.040756	1.630926	1.539386	1.113222
YNCL0045W	0	0	0	0	0	0
YNCL0046W	41.436169	51.437914	50.411707	65.321576	80.627103	77.544739
YNCL0048W	9.471959	10.862355	10.647138	8.645679	8.405616	6.932309
YNCL0050C	4.162263	5.202368	5.974373	3.537679	6.285249	4.293438
YNCM0002C	0.656806	0.789654	0.817131	0.850096	0.233872	0.533274
YNCM0003W	0	0	0	0	0	0
YNCM0005C	3.018121	5.333276	4.968294	3.414748	2.966012	2.03068
YNCM0010W	2.904542	6.341306	8.991532	2.791586	3.366366	2.800068
YNCM0011W	0.286485	0.406841	0.440265	0.69269	0.257737	0.607044
YNCM0012W	2.863345	2.759877	2.651349	6.479266	6.395247	5.504407
YNCM0013W	3.314893	3.661062	3.751569	7.391652	7.53334	5.914429
YNCM0014W	1.522779	3.3636	2.297836	1.895185	3.24239	3.488418
YNCM0015W	1.822129	1.379939	0.883783	2.591706	2.302289	2.476983
YNCM0016W	1.035904	1.830531	1.641311	2.234686	2.646849	3.285794
YNCM0017W	1.035904	1.464425	1.172365	2.062787	1.221623	2.190529
YNCM0019W	0.140998	0.093433	0	0	0	0
YNCM0025C	0.422994	0.5606	0.478716	0.35096	0.346409	0.894466
YNCM0026C	6.091117	11.436241	9.191344	12.213416	13.96722	9.928574
YNCM0028C	0.5159	0.608392	0.734423	0.590667	1.183233	1.027061
YNCM0030W	2.357161	2.379505	1.802749	2.853888	3.190563	2.564572
YNCM0031W	98.582546	91.949353	102.808281	153.679188	155.322077	151.953087
YNCM0032C	2.958172	4.199518	4.001336	2.507298	2.070107	2.297286
YNCM0034C	4.200962	4.066713	4.113264	6.559566	7.980089	7.07187
YNCM0036C	0.441385	0	0	0	0.433765	0
YNCN0001W	2.749462	3.550467	1.914863	2.632202	2.494147	3.577865
YNCN0002C	0.735642	0.779965	0.666039	0.366219	0.433765	1.244475
YNCN0004W	1.057486	0.747467	0.79786	0.52644	0.554255	0.447233
YNCN0005C	17.082473	16.099886	15.341597	58.082476	76.31997	60.967324
YNCN0008C	3.436986	1.468665	3.182751	0.32397	4.491601	2.352142
YNCN0009W	0.084355	0	0.09077	0.086109	0.10335	0
YNCN0011W	0.084355	0	0.09077	0.086109	0.10335	0
YNCN0014W	11.24936	7.030228	10.247106	5.918897	10.515861	6.672234
YNCN0016C	0.836304	0.628667	0.71796	0.550614	0.644843	0.420167
YNCN0018W	4.998206	3.393161	3.308165	2.98136	2.022281	2.448784
YNCN0019C	5.287076	6.936671	7.844403	6.21702	7.048712	4.346678
YNCO0001C	0.735642	0.779965	0.666039	0.366219	0.433765	1.244475
YNCO0003C	1.727976	2.099268	3.666759	3.584275	1.698142	3.882364
YNCO0005W	4.162263	5.202368	5.974373	3.537679	6.285249	4.293438
YNCO0006W	4.644955	4.707017	4.286666	4.552803	4.823012	5.40431
YNCO0007W	1.980851	2.406478	1.681343	2.259841	2.676645	2.879745
YNCO0014C	70.441486	68.827956	60.728521	76.495004	79.405481	64.620616
YNCO0015C	1.45286	1.63436	1.451325	1.778057	1.917585	1.767703
YNCO0020C	1.324156	0.389983	0.999059	1.098658	0.433765	0.466678
YNCO0021C	3.925386	0	3.829727	0	0	0
YNCO0022C	0.675117	0.62809	0.518904	0.421281	0.442349	0.377059
YNCO0023W	0.108733	0.059385	0.014498	0.079778	0.057194	0.098527
YNCO0024C	25.897605	30.38681	26.729928	15.814697	11.605416	14.8956
YNCO0025W	37.678039	36.55538	35.87253	35.330359	40.755385	32.360131
YNCO0026W	11.773471	12.173172	11.748598	11.825968	9.18656	8.904886
YNCO0027C	85.98005	88.414635	81.127677	85.605645	95.693784	87.840227
YNCO0028W	1.303847	1.031485	0.992815	2.013961	1.767763	1.871805
YNCO0030W	0.5159	0.608392	0.734423	0.590667	1.183233	1.027061
YNCO0031W	0	0	0	0	0	0
YNCP0001C	0	0	0	0	0	0
YNCP0003W	3.500642	8.041711	7.923572	6.680346	11.352667	10.36347
YNCP0005C	1.867032	1.713197	1.61949	2.783415	2.883732	2.079573
YNCP0012W	3.38818	4.65699	4.050773	3.629292	6.866915	5.019368
YNCP0013C	6.625243	8.397741	6.2616	6.652099	6.818311	6.46245
YNCP0014C	26.726329	29.105439	27.433347	27.675721	24.839663	24.095823
YNCP0015C	15.669177	12.869427	8.991532	14.648775	14.09735	9.33356
YNCP0016W	0.589359	0.909959	0.332446	0.366285	0.433765	0.466678
YNCP0021W	5.919892	6.123786	3.753375	3.665999	4.927858	4.442624
YNCP0022W	0.23901	0.285628	0.252821	0.157912	0.112768	0.074007
YNCP0023W	1.350505	1.7466	1.719209	1.287617	1.419649	1.037652
YNCP0025W	1.022184	0.987192	0.874002	1.144147	1.292938	1.094568
YNCP0026W	13.113968	10.909237	12.396568	14.224202	14.99081	13.372768
YNL001W	11.16472	11.710991	11.18143	8.842542	10.129916	9.775375
YNL002C	68.389732	73.180581	74.401357	83.466259	85.221514	84.774964
YNL003C	38.43755	37.036101	37.270156	22.127127	24.198553	22.027843
YNL004W	150.604172	154.585021	150.734052	106.723238	109.512605	107.405087
YNL005C	75.997223	73.71232	74.472873	68.930878	70.88336	67.341921
YNL006W	111.076388	105.425445	110.3565	88.047131	94.764199	85.759089
YNL007C	18.63933	17.904141	16.16308	30.964896	33.524463	27.975301
YNL008C	6.173295	5.609234	5.525077	4.002562	4.219701	3.868123
YNL009W	3.611058	3.528964	3.326003	5.662596	4.790693	5.155813
YNL010W	236.560194	230.220871	227.067584	220.161816	223.467816	219.656759
YNL011C	14.069403	13.414074	12.911966	9.157171	9.00646	8.246797
YNL012W	1.619103	1.581523	1.569419	2.401453	2.33201	2.293764
YNL014W	30.027277	30.171462	30.042766	37.54298	37.48186	37.006879
YNL015W	1199.162717	1056.03319	1164.393191	2285.395678	2221.521021	2188.995978
YNL016W	147.171385	152.682273	149.285376	143.387646	147.951003	147.673173
YNL018C	13.654194	12.7137	15.609668	2.520254	2.571746	2.379266
YNL019C	13.865071	12.60987	14.415259	8.677052	13.297951	9.434531
YNL020C	32.363521	32.802934	32.676912	23.738783	25.686761	23.906781
YNL021W	21.466747	22.247034	21.294431	16.90185	16.334272	16.603262
YNL022C	45.21017	44.112621	44.726823	36.920291	40.750561	37.989611
YNL023C	25.673979	26.079921	25.224817	25.80474	25.615718	25.924093
YNL024C	10.513823	11.182306	11.850653	4.16	4.678158	4.208735
YNL024C-A	249.300667	245.582335	251.025976	286.693028	273.749727	302.921013
YNL025C	35.828804	33.655068	35.327615	24.368063	23.309382	23.053056
YNL026W	14.634942	14.081072	14.70397	10.866404	12.009774	11.209174
YNL027W	9.084544	8.820461	8.497043	9.918464	9.929969	9.738488
YNL029C	20.547514	20.462475	19.606488	15.683526	17.053061	15.245799
YNL030W	3889.962831	3620.330128	3691.045392	3018.665638	2751.762226	3146.355833
YNL031C	4174.967729	3958.269137	3911.615036	2394.750107	2489.42571	2536.951856
YNL032W	47.380268	47.993144	48.45412	43.26992	48.450692	41.854658
YNL033W	8.035036	7.844593	6.24565	6.246961	2.738436	4.072109
YNL034W	5.850698	6.344734	4.545789	1.691421	1.581988	1.91305
YNL035C	43.943433	41.895389	40.586077	29.282712	31.422382	29.847312
YNL036W	117.793684	117.475192	117.613835	97.626007	89.989024	89.125639
YNL037C	200.415135	185.90833	187.035531	148.110513	159.254527	143.315178
YNL038W	33.502761	31.704977	31.219578	25.176867	26.044207	25.520685
YNL039W	30.763511	29.311968	28.712264	32.277835	33.573096	31.03098
YNL040C-A	13.324318	10.090801	14.361475	7.106945	8.417744	6.373071
YNL040W	10.317286	11.176127	10.714695	6.510176	6.414205	6.74891
YNL041C	5.303716	5.243047	4.968908	4.215418	4.225015	4.25445
YNL042W	14.990808	14.607343	14.414297	9.431523	10.426654	8.330915
YNL042W-B	9.142853	6.084304	6.362518	3.590619	2.722735	3.411347
YNL044W	141.217642	136.878638	133.518931	132.038381	119.215273	139.535784
YNL045W	56.214764	55.752294	52.722617	51.409027	55.827015	49.208873
YNL046W	65.753741	62.210337	62.197947	39.858483	39.388257	37.21062
YNL047C	2.412956	2.481233	2.492448	2.540825	2.547766	2.425081
YNL048W	13.001157	13.222175	13.379301	10.678362	11.570711	11.100361
YNL049C	19.377025	20.219652	20.221551	15.495962	15.804711	17.038861
YNL050C	73.896615	71.404702	73.458875	68.055274	69.268323	71.832674
YNL051W	4.257638	3.74834	4.058683	3.357562	3.967384	3.551393
YNL052W	40.351634	38.734495	40.815837	318.56949	261.830944	343.364109
YNL053W	20.699661	21.503853	22.497941	19.080831	19.155332	18.899803
YNL054W	11.693036	11.738232	12.170012	10.943116	10.686972	11.476508
YNL054W-A	0	0	0	0	0	0
YNL054W-B	64.396998	57.713774	60.583073	22.045596	27.425426	23.291212
YNL055C	1488.02243	1341.914656	1367.890181	2421.021348	2773.90857	2431.139606
YNL056W	123.983931	120.303423	116.48175	82.557285	81.712617	78.182791
YNL058C	80.627927	76.487361	71.620783	43.609445	47.606345	45.667888
YNL059C	11.980109	11.968869	11.536729	10.849188	10.999981	10.781059
YNL061W	55.718922	61.96295	58.414954	85.435854	83.545185	87.661336
YNL062C	16.266231	16.033553	15.168881	13.252194	15.037271	14.317535
YNL063W	81.041131	77.793933	81.272794	68.785848	67.16153	66.792362
YNL064C	147.576476	147.539561	154.102159	203.125807	212.141667	207.606267
YNL065W	114.162431	167.58375	233.784608	242.336373	230.289775	271.021899
YNL066W	305.030947	306.411933	321.015631	152.533384	133.833869	149.258334
YNL067W	912.327903	1003.548418	900.436703	1030.769905	1054.184569	1045.357785
YNL067W-B	0.190895	0.164635	0.142303	0.025295	0.090827	0.164036
YNL068C	23.490721	23.207597	23.528112	17.030522	17.163394	17.290107
YNL069C	1425.52212	1545.028962	1443.110282	1499.450921	1582.548778	1569.096852
YNL070W	137.938829	139.008717	141.421513	170.162581	175.634282	164.408183
YNL071W	103.614183	106.39983	98.741672	138.323511	149.49722	132.280771
YNL072W	29.958184	29.559099	30.880013	22.520419	20.502895	20.750182
YNL073W	34.246211	33.435827	34.534748	45.068768	40.866576	42.148396
YNL074C	96.293371	94.305342	89.922091	69.276669	71.145575	67.072547
YNL075W	82.136726	88.805292	85.164682	97.071391	98.779497	99.519643
YNL076W	38.705676	39.017915	38.150097	31.877573	33.940898	31.801343
YNL077W	6.137064	6.1268	6.27706	10.389841	10.895258	10.804367
YNL078W	45.71431	46.432385	46.009102	29.187916	27.702093	26.450136
YNL079C	1070.185808	1052.617336	1053.09162	677.869771	668.369051	681.708862
YNL080C	88.530662	85.101063	82.17541	79.610196	76.644021	72.563136
YNL081C	176.798313	163.474967	171.861793	165.563881	164.042213	157.014892
YNL082W	4.594314	4.423859	4.54633	5.885379	5.996338	5.780066
YNL083W	33.279445	33.047653	32.159698	35.822161	35.27775	37.670529
YNL084C	24.616259	24.783127	23.427092	23.828879	25.049737	23.221099
YNL085W	21.673978	22.436232	21.408301	18.85717	19.595443	19.121798
YNL086W	76.131257	78.342131	80.379254	50.925018	47.758071	46.013054
YNL087W	27.496561	28.08245	28.479229	21.366644	22.098644	21.421758
YNL088W	6.628063	6.660358	6.376937	5.008963	5.470326	5.12159
YNL090W	70.867395	67.048928	65.297243	53.307924	49.137867	48.732736
YNL091W	27.80604	28.201918	27.052844	28.203637	28.742938	27.616131
YNL092W	8.84854	8.003834	8.863544	9.20557	9.626332	8.902128
YNL093W	17.130069	15.511766	16.868527	26.413627	30.854496	24.198078
YNL094W	59.362254	60.430485	62.062511	44.392362	49.639066	44.988268
YNL095C	49.629664	51.032514	53.712876	26.555802	28.300246	28.724576
YNL096C	550.759468	594.248482	565.953909	489.835462	494.179032	481.81
YNL097C	34.86971	33.265032	34.345511	36.532752	36.257127	33.445891
YNL097C-B	9.94468	13.362874	14.302856	6.18836	6.108114	4.600112
YNL098C	118.649103	117.511321	116.919152	136.318125	130.691056	122.675601
YNL099C	75.687458	74.53037	67.792988	64.779846	65.217596	60.802933
YNL100W	41.893163	36.909845	37.111331	54.255562	53.735235	54.501175
YNL101W	8.966325	8.478102	8.481157	6.22518	5.996049	6.296317
YNL102W	5.103358	5.443949	4.981098	6.165209	5.706926	6.258528
YNL103W	37.600974	38.297262	37.44405	34.943354	34.413455	34.534699
YNL104C	1056.121321	1052.049806	1008.918493	335.574184	352.65211	361.201498
YNL106C	11.260861	10.845181	11.251758	10.575751	11.360298	10.002918
YNL107W	36.099632	35.929404	35.057218	29.980976	32.070805	31.258264
YNL108C	62.440182	60.212726	62.154068	44.049803	49.849123	46.167494
YNL110C	78.517571	86.875698	91.057761	127.810471	123.476648	137.992085
YNL111C	223.850982	264.601376	327.651081	250.098069	194.465751	309.199525
YNL112W	31.297984	39.014827	41.812743	64.522853	69.930193	78.660947
YNL113W	264.525092	286.972304	293.829786	274.089909	270.712814	282.531963
YNL115C	17.284726	16.136178	16.087244	25.490284	28.690253	24.583429
YNL116W	37.587403	38.617391	37.747927	34.44752	42.007627	36.196447
YNL117W	12.053986	10.181964	11.581874	25.162685	36.591582	25.54813
YNL118C	13.396277	13.735071	13.447222	10.938231	11.275326	11.450091
YNL119W	9.213894	9.688952	9.138684	10.52835	11.527309	11.693055
YNL121C	72.7969	74.036708	72.696138	83.218344	88.029431	82.830661
YNL122C	32.884661	29.420037	32.116165	39.041218	42.722521	38.629154
YNL123W	26.583071	27.780355	27.342631	26.669801	26.90093	27.36869
YNL124W	55.554501	63.526793	70.823876	40.016572	36.227457	38.329941
YNL125C	38.409822	38.215707	39.785725	44.291248	45.095154	42.847768
YNL126W	2.142054	2.435198	2.369914	1.798372	2.25334	2.223254
YNL127W	9.841629	9.779169	9.601921	8.191242	7.82561	8.256072
YNL128W	2.97724	2.7685	2.853207	3.052627	3.59883	3.08975
YNL129W	12.89621	13.61135	11.450481	6.003887	5.996205	6.155597
YNL130C	53.305113	50.65366	46.700696	26.622222	26.7505	25.857927
YNL130C-A	4.199311	2.850456	4.614942	3.564605	2.635644	2.199779
YNL131W	136.955437	140.183443	134.006207	161.385409	150.857498	155.512493
YNL132W	12.605946	13.578329	12.459957	15.130617	15.553673	15.595497
YNL133C	37.226899	35.659304	32.605872	26.345227	25.659741	22.556766
YNL134C	286.805773	271.404822	262.3979	224.833145	236.100406	209.287239
YNL135C	908.935647	927.029582	943.063131	1835.504641	1723.468325	1811.446417
YNL136W	54.948525	56.543222	50.447759	46.029178	49.949919	45.240143
YNL137C	33.103594	32.470186	33.065806	31.41494	31.502417	31.154369
YNL138W	34.123786	33.698374	31.827552	42.383877	42.209151	39.651246
YNL138W-A	129.357138	129.64657	124.778458	113.261035	108.101394	112.78287
YNL139C	4.318825	4.509213	4.194943	3.814333	3.730816	3.841108
YNL140C	7.898164	6.682127	8.491888	7.961705	7.133734	8.874944
YNL141W	81.953512	108.313161	117.085262	125.907419	141.001905	144.898274
YNL142W	33.276387	30.510843	29.385381	23.332234	26.454786	23.397933
YNL143C	0.048269	0.047277	0.043591	0.034449	0.039599	0.037673
YNL144C	13.100363	13.095754	11.960088	67.898563	65.733248	62.945768
YNL145W	28.176595	26.542696	26.260982	7.907349	7.736944	6.790641
YNL146C-A	5.418849	5.5581	4.96625	7.536979	6.682577	7.253976
YNL146W	7.059546	6.007686	6.716575	4.825949	5.550236	5.225694
YNL147W	160.214288	145.814884	143.362863	168.660633	160.440988	168.845757
YNL148C	1.996744	2.107276	1.896473	2.665894	2.771097	2.954234
YNL149C	258.995016	249.380647	245.844619	237.44524	226.671759	234.829797
YNL151C	27.532735	28.823043	28.039121	33.396755	34.077422	34.067386
YNL152W	23.213607	22.93425	23.97374	19.764983	19.822434	21.033388
YNL153C	270.828092	269.505791	285.087799	214.751771	191.527557	206.851431
YNL154C	107.822721	108.387278	100.085034	94.052186	93.228597	90.012577
YNL155C-A	64.209543	66.91659	68.7397	98.925903	92.332694	102.15159
YNL155W	54.082496	52.226467	53.485863	67.725157	71.745238	64.798913
YNL156C	45.878769	46.099884	50.880088	73.524718	71.945087	75.818959
YNL157W	185.300996	183.940319	177.774916	205.898402	216.637236	198.812525
YNL158W	88.826976	89.060638	85.627678	65.271865	73.177901	68.060909
YNL159C	12.679182	12.796506	12.118342	10.114696	10.786137	9.809962
YNL160W	917.115243	909.691326	881.889957	479.227487	590.661929	457.245624
YNL161W	31.391937	32.019419	31.603351	32.708122	33.20107	33.117739
YNL162W	2764.300008	2872.117727	2800.10981	3680.99249	3431.843166	3729.580484
YNL162W-A	23.387814	25.834652	26.318565	12.400818	18.593677	17.616345
YNL163C	21.528487	21.648382	22.497492	19.939613	20.164836	20.763162
YNL164C	36.166959	38.918203	38.733714	41.068936	43.616138	42.380842
YNL165W	19.268485	17.757997	18.548624	19.574546	21.221582	18.78813
YNL166C	48.311561	46.546065	48.008963	46.701165	44.967585	46.85326
YNL167C	13.752366	14.47079	14.496993	10.95025	11.314503	11.150895
YNL168C	110.834611	112.107285	112.227214	71.863509	74.570852	70.917629
YNL169C	29.831671	29.146326	27.462082	22.87815	19.769153	20.093073
YNL172W	6.457573	6.321003	6.556691	5.249599	4.935934	5.443758
YNL173C	37.241325	31.209542	32.072342	57.623341	55.448589	51.631468
YNL175C	40.04311	43.017887	42.227652	36.216801	40.723536	38.27246
YNL176C	42.433761	43.50914	44.878943	41.933366	41.983499	41.838403
YNL177C	62.153781	60.55656	61.208059	62.290383	64.244703	56.609984
YNL178W	2030.055215	2248.064985	2132.52682	2555.930225	2548.609234	2662.431403
YNL180C	166.897765	160.737498	152.881034	255.970931	251.456681	235.62704
YNL181W	30.33166	31.189392	30.04237	34.148729	36.25486	35.131293
YNL182C	23.977684	25.566766	24.775127	24.988117	27.360194	27.000929
YNL183C	22.952516	22.446849	22.981895	20.017202	20.512468	19.704422
YNL184C	0.564178	0.508242	0.513563	1.220208	1.201148	1.065108
YNL185C	3.281526	3.489802	3.506454	7.492445	7.140909	6.832256
YNL186W	10.785278	11.12101	10.735212	12.284856	12.97208	12.864036
YNL187W	22.032626	22.859503	23.800964	21.58528	19.571054	19.557636
YNL188W	3.612236	3.721891	3.918053	3.714296	3.838879	4.021907
YNL189W	109.454923	111.714917	110.385868	95.579034	94.53049	98.42623
YNL190W	674.732443	679.72301	660.407741	525.015183	565.581074	543.329539
YNL191W	93.319616	98.195125	97.096963	30.372527	32.671962	32.819853
YNL192W	38.71298	39.334573	39.629547	30.611872	31.343875	31.730629
YNL193W	8.846242	9.236735	9.441559	5.241377	5.263534	5.510985
YNL194C	12.633329	12.289902	10.700464	25.866641	25.27775	24.159788
YNL195C	8.087094	8.19613	8.465692	58.554862	56.905656	52.22216
YNL196C	2.109166	2.012259	2.034185	1.500495	1.528329	1.337798
YNL197C	32.966822	35.02385	36.331315	30.614059	30.550213	33.926053
YNL199C	32.563329	33.831554	32.601881	43.080494	40.608159	40.080258
YNL200C	179.968007	160.924864	160.31975	262.149969	265.594454	245.886014
YNL201C	11.300504	12.185845	12.963651	10.671607	11.170169	11.298911
YNL202W	45.139556	45.624772	44.967596	54.468043	54.222847	56.782482
YNL204C	14.987253	14.51198	14.006478	12.853715	14.066359	13.030694
YNL206C	53.41027	51.850199	51.453163	52.807194	49.171559	52.788821
YNL207W	44.06799	45.344859	44.569414	40.071196	43.015654	41.952164
YNL208W	165.604323	163.290202	170.822393	300.397149	317.985328	293.475181
YNL209W	920.202539	1021.763277	994.556946	1464.21908	1482.65043	1510.344555
YNL210W	11.696642	11.811585	13.014509	10.113011	10.788001	11.557131
YNL211C	41.096156	36.961385	38.105324	42.739465	42.296431	43.714387
YNL212W	32.779087	33.197879	32.768944	36.841417	39.332	36.3879
YNL213C	37.715725	35.683021	35.892134	46.243716	46.295086	44.808145
YNL214W	15.005447	13.367705	13.529277	12.611162	14.49539	13.446144
YNL215W	92.878608	89.654704	91.51688	87.196617	87.44543	85.395731
YNL216W	36.237363	37.340436	38.103648	46.256757	43.973024	45.748964
YNL217W	122.297211	121.507051	119.151408	74.759938	72.185414	70.380845
YNL218W	23.680856	24.088752	25.472026	19.687026	19.603192	20.260977
YNL219C	34.03484	35.194121	34.754545	33.674148	36.883706	33.324015
YNL220W	423.795018	439.45049	418.970394	209.954089	222.965157	215.823326
YNL221C	72.143895	71.858742	67.275212	25.275847	24.6398	26.319537
YNL222W	12.652377	12.76555	11.5385	8.613143	8.157609	9.000628
YNL223W	33.650388	30.047171	29.867479	30.207542	31.886447	29.310827
YNL224C	16.33064	16.106716	16.277935	15.211885	16.466511	16.491481
YNL225C	7.980625	8.714517	8.020223	7.138132	8.145335	7.169167
YNL227C	22.822114	22.032402	20.983154	14.669129	16.663038	15.342917
YNL229C	9.032018	8.899489	8.802161	7.073798	7.88706	7.441245
YNL230C	9.511944	9.879434	10.344105	9.926868	9.72889	10.307099
YNL231C	59.185311	55.933645	58.736137	68.011799	70.621284	66.056279
YNL232W	84.668471	92.320293	101.255143	89.957877	92.201769	92.563694
YNL233W	15.065736	16.121207	16.112863	18.182162	19.076198	19.224506
YNL234W	15.544626	17.915966	19.129301	6.065758	8.224448	6.488733
YNL236W	7.691353	7.452338	7.568642	5.109599	5.347154	5.465699
YNL237W	33.640227	30.383603	30.567839	19.533923	19.97451	19.490081
YNL238W	52.351479	52.305033	54.335724	42.402794	42.820478	42.972166
YNL239W	294.066531	275.702385	297.924592	200.710974	215.979553	182.739584
YNL240C	2.058824	1.956023	1.782078	2.189031	2.115567	1.934287
YNL241C	98.922827	96.764718	90.60087	89.539286	96.785378	80.949996
YNL242W	2.464359	2.40701	2.562039	4.497664	4.193428	4.529461
YNL243W	38.456589	39.449263	39.273126	47.262929	43.604629	47.062793
YNL244C	807.044619	814.921323	800.549382	1182.810251	1188.8776	1176.270957
YNL245C	29.833998	32.243588	29.040954	26.299523	28.039668	26.627043
YNL246W	36.154489	36.171467	37.854956	37.967228	36.681451	36.853607
YNL247W	46.413742	50.176488	45.289038	45.128713	46.333211	45.54852
YNL248C	66.908487	76.053487	73.926581	86.803762	92.958027	92.882661
YNL249C	2.357659	2.331251	2.533406	1.841451	2.018633	1.898785
YNL250W	2.112226	2.204707	2.071414	2.125269	2.039689	2.068225
YNL251C	15.810907	14.335475	13.897909	21.579025	22.493725	22.8516
YNL252C	41.531922	41.03007	45.798093	51.965755	52.651329	51.46407
YNL253W	26.848176	25.872349	27.331922	17.256235	18.198862	17.35291
YNL254C	275.231061	251.535697	283.798034	121.272241	131.500327	109.342348
YNL255C	871.934662	818.004253	965.853787	687.03833	666.622749	667.264703
YNL256W	35.808382	36.554253	32.176701	20.344322	20.876844	20.40023
YNL257C	9.085056	8.456956	7.928961	5.85981	5.52825	5.78114
YNL258C	12.394583	11.997671	11.595262	8.754031	10.0341	9.44488
YNL259C	120.835555	103.811873	105.40106	76.764041	82.062974	73.821812
YNL260C	15.069139	14.465858	14.892031	7.964656	8.905607	7.235948
YNL261W	3.623242	3.402881	3.372422	1.59891	1.920692	1.73535
YNL262W	4.572694	4.584514	4.213766	5.702537	4.958194	5.409078
YNL263C	59.161674	55.624582	56.614733	55.969714	58.296006	53.051803
YNL264C	76.519886	71.902209	69.036499	46.825146	48.299789	43.366804
YNL265C	51.108739	50.443117	48.094036	59.545756	62.430256	59.339709
YNL267W	21.286046	20.307319	19.764752	16.896937	17.950316	18.029491
YNL268W	225.920065	243.177092	257.446802	178.625036	182.46744	181.933548
YNL269W	2.196731	1.88258	1.679285	1.807497	2.034518	2.391407
YNL270C	5.100924	4.681721	5.102004	6.104108	6.232947	6.842621
YNL271C	3.64105	3.740514	3.594099	5.405714	5.134812	5.641014
YNL272C	35.142663	35.733562	36.211145	31.277365	29.577888	31.963127
YNL273W	4.702379	5.012778	4.723155	5.44218	5.069457	5.792225
YNL274C	41.281517	36.945109	36.566434	45.201578	46.263393	40.411718
YNL275W	6.825606	7.695901	7.298029	8.346715	8.325666	8.755002
YNL277W	465.360624	439.077924	379.192274	30.351908	37.472123	30.267941
YNL277W-A	8.079096	5.412415	5.025794	3.236593	4.838703	2.459746
YNL278W	4.901911	5.376467	5.035984	4.279142	3.939189	4.564715
YNL279W	44.501962	45.920714	46.298832	19.600965	20.271014	21.846426
YNL280C	63.045668	63.814849	66.469828	46.327681	43.078615	51.488287
YNL281W	343.687675	330.196369	331.285515	235.937382	245.235405	232.214189
YNL282W	34.236974	32.797046	35.98506	24.39061	26.089701	25.534125
YNL283C	28.783441	28.65356	32.290492	17.247464	18.406176	18.89069
YNL284C	84.776457	79.259972	83.699987	66.829771	65.257848	62.432205
YNL284C-A	0	0	0	17.661141	14.971526	17.344065
YNL284C-B	35.954402	34.003426	36.369266	6.313842	6.498225	6.177469
YNL286W	16.734361	15.742746	16.771304	15.969971	16.919946	14.84398
YNL287W	36.767429	37.445804	35.865128	36.248533	36.832054	36.379537
YNL288W	91.382964	94.204751	88.049783	82.027842	88.1986	78.66073
YNL289W	196.054889	194.447718	208.11925	143.969593	139.569609	173.759714
YNL290W	49.023488	48.073716	48.146688	38.660712	39.400011	38.093794
YNL291C	18.900307	18.894785	19.439117	13.241016	14.320042	14.178547
YNL292W	26.91525	26.968962	27.338011	24.85241	24.922406	26.879884
YNL293W	11.314707	10.47136	10.435865	8.909379	7.543282	7.750783
YNL294C	67.502677	67.290756	67.908323	50.150714	49.354203	49.727833
YNL295W	13.601405	13.81056	13.194004	13.082924	12.841337	12.272748
YNL297C	5.777796	6.034901	5.928236	5.682978	5.66988	5.958031
YNL298W	20.386177	19.874394	20.922925	18.884241	17.873698	18.734784
YNL299W	28.996664	29.926965	31.192756	26.669476	27.927625	27.177353
YNL300W	80.727491	77.588257	78.451836	62.756623	56.379555	68.405315
YNL301C	230.697442	244.737655	220.365085	162.026895	164.486882	167.349327
YNL302C	1669.46433	1833.819516	1696.675652	2230.134565	2124.618981	2209.17267
YNL304W	18.10566	17.558092	17.26839	19.281099	19.851041	19.765594
YNL305C	38.415751	36.414064	34.594876	54.976595	58.280626	51.531449
YNL306W	132.668242	130.914941	130.123449	197.552627	185.039765	177.707207
YNL307C	128.208291	121.524447	124.057449	98.165646	97.58514	100.554275
YNL308C	102.531702	102.443908	104.535991	93.207562	100.273559	92.398379
YNL309W	11.01374	11.660761	11.088052	11.09666	12.14339	12.090687
YNL310C	38.525448	35.949691	36.95472	45.304582	40.37327	42.30834
YNL311C	26.20599	26.775262	26.160571	10.65514	11.049826	10.623636
YNL312W	77.603213	74.736757	77.712574	104.118602	102.686247	101.809003
YNL313C	26.523378	28.967026	29.640754	34.84979	34.280182	36.124514
YNL314W	43.170545	43.097993	43.416068	24.936624	25.848427	26.625757
YNL315C	77.544123	74.470013	74.131584	107.096412	110.599862	102.629827
YNL316C	36.68439	35.712158	37.116213	21.209068	21.62444	21.048695
YNL317W	21.330845	20.562383	22.489959	24.631969	24.177738	22.687478
YNL318C	1.391132	1.342016	1.279814	3.17198	3.978053	3.082661
YNL320W	63.339838	62.657028	65.924753	43.450202	47.998679	43.961653
YNL321W	14.864331	14.975704	15.04332	13.545474	14.038056	13.989526
YNL322C	82.099749	81.354789	79.053638	88.44247	89.339835	83.223625
YNL323W	30.663766	29.036736	31.189073	26.193417	27.503009	26.303747
YNL325C	6.950627	7.110276	6.605008	7.557939	8.117738	8.166591
YNL326C	15.311094	14.989549	14.254688	14.915065	14.632439	14.600153
YNL327W	103.191184	106.330849	113.101978	63.890095	53.737766	64.441489
YNL328C	10.168862	9.24977	10.311836	6.695769	7.301748	7.601647
YNL329C	23.268222	22.991043	24.490028	16.472149	16.124501	15.504049
YNL330C	79.900291	77.661427	77.476773	61.751044	63.75586	61.736228
YNL331C	101.204365	90.774034	86.305707	29.387864	27.705794	29.668952
YNL332W	32.991769	25.357596	34.901445	31.873083	36.295933	31.271216
YNL333W	51.969417	46.468563	48.11626	43.986901	40.586426	42.19223
YNL334C	28.239691	31.162596	26.964337	30.352517	31.948525	29.400805
YNL335W	12.619338	11.806533	13.046512	7.733292	9.513039	11.242759
YNL336W	120.048306	109.422904	110.376511	63.569681	84.628095	64.115844
YNL339C	2.270466	2.232488	1.628147	1.544616	3.180753	0
YNR001C	278.972628	249.099408	234.014087	471.165799	466.625133	458.896081
YNR002C	24.965181	23.469165	23.844804	51.600444	48.83188	45.344998
YNR003C	31.653025	31.221334	31.151759	24.022558	23.914236	23.038889
YNR004W	34.765294	30.22796	33.091896	18.948429	19.193114	17.84176
YNR006W	48.583993	45.668104	46.564961	35.60436	36.465143	36.150271
YNR007C	39.176644	38.436591	34.548333	49.279452	48.684152	45.998858
YNR008W	14.017833	13.594384	13.515134	10.504835	11.034098	10.176689
YNR009W	45.257321	46.094982	50.004457	34.519877	30.052185	39.034039
YNR010W	36.711649	33.029057	30.42161	33.825033	36.044661	34.576667
YNR011C	10.664665	11.089061	10.247498	9.697073	9.214441	9.409799
YNR012W	30.188232	31.368378	32.59817	25.989137	25.314755	28.108759
YNR013C	26.503459	28.513948	27.751009	16.103138	16.260229	17.84713
YNR014W	8.546153	9.774992	10.345055	37.439029	34.327329	35.89207
YNR015W	7.958341	8.485111	8.568289	9.792445	9.211423	9.543976
YNR016C	60.350935	59.059033	59.744543	99.23798	109.979651	102.448273
YNR017W	12.652218	12.388356	12.222134	18.70912	19.70705	18.135163
YNR018W	59.408407	65.233124	78.123005	114.65831	109.671785	122.375733
YNR019W	6.933083	6.605867	7.317487	7.266889	8.021099	8.378806
YNR020C	35.156198	36.087389	36.480013	43.692645	47.748329	43.464898
YNR021W	104.526577	103.321961	104.695516	65.023352	77.156205	63.734402
YNR022C	80.21145	77.549889	81.119163	113.215299	106.945011	107.764763
YNR023W	27.49742	28.256554	27.940139	23.597626	25.805757	23.226735
YNR024W	28.988031	26.916544	25.392238	27.042568	28.089649	26.42304
YNR026C	44.687534	47.812444	48.410166	40.66577	43.433466	43.197628
YNR027W	53.341855	56.128886	60.638273	50.220549	48.304649	45.950178
YNR028W	72.229137	69.398687	68.327267	52.995911	51.054554	47.017805
YNR029C	11.912913	11.652368	12.499275	12.357439	12.984663	12.903643
YNR030W	23.689577	23.467919	22.820312	16.725054	18.04127	16.008882
YNR031C	3.051131	2.996078	3.061117	3.747553	3.627969	3.767071
YNR032C-A	209.459832	189.093826	175.620318	211.951325	230.275894	219.052935
YNR032W	43.75032	45.243735	44.31993	36.075705	34.399054	35.695381
YNR033W	24.75225	24.650464	24.167241	25.657375	25.112202	23.842952
YNR034W	47.653573	44.667916	43.184888	51.805741	50.295491	42.504764
YNR034W-A	372.441551	292.433354	289.306519	3718.87223	5579.361163	3803.079279
YNR035C	245.30589	235.526691	227.743163	207.040722	226.711237	200.915925
YNR036C	221.833306	209.923631	218.776674	282.384244	257.451758	259.146082
YNR037C	63.000317	60.0023	62.537048	96.969749	87.551495	88.236561
YNR038W	16.314036	16.504757	17.136414	14.279277	14.991565	14.969389
YNR039C	67.023119	68.725392	74.040713	42.126133	42.042181	39.300431
YNR040W	60.154212	59.554438	68.158099	57.567457	58.184586	55.05513
YNR041C	13.720627	13.732615	13.882369	11.856446	12.829508	13.216952
YNR043W	76.09541	86.027225	91.507268	51.329775	47.286536	58.748941
YNR044W	57.355202	58.307085	60.098704	13.183107	13.104539	14.437132
YNR045W	27.135923	28.212367	27.128601	33.480615	33.478624	33.533431
YNR046W	51.314019	54.120514	54.873971	63.47482	60.75813	63.678217
YNR047W	8.007141	8.622033	8.435793	7.662003	7.495165	7.667324
YNR048W	21.620938	23.119149	23.291988	20.085582	21.779405	22.428838
YNR049C	32.92889	32.452941	34.918116	39.558216	37.993064	39.128288
YNR050C	251.897342	236.444811	231.278588	134.437045	138.091666	135.138442
YNR051C	70.712987	72.615307	65.638816	48.420674	52.564348	47.146802
YNR052C	62.384597	63.239682	64.424818	57.232376	59.668361	57.560661
YNR053C	45.86325	47.767839	48.089406	44.560805	47.088023	47.727964
YNR054C	37.347048	39.779148	40.172665	40.20913	40.24109	40.251652
YNR055C	50.520963	50.871128	49.224084	39.563113	42.338265	40.199481
YNR056C	144.410892	150.720074	131.133905	55.73395	158.351741	74.970591
YNR057C	105.452813	98.313677	94.132425	63.750305	119.735481	76.683355
YNR058W	231.072532	230.657219	205.641682	144.012242	316.151246	185.186275
YNR059W	39.425179	37.017795	39.025542	21.224605	22.70337	22.973062
YNR060W	10.651337	10.997844	10.859193	8.549841	8.388022	9.47135
YNR061C	74.023247	73.51278	71.667605	40.026135	42.121925	38.972477
YNR062C	8.990522	9.610116	9.331078	5.763557	5.605682	5.650124
YNR063W	4.693341	5.000039	4.360112	3.742434	3.732599	3.191561
YNR064C	5.594161	5.818107	6.055081	5.792284	6.133257	5.729904
YNR065C	32.883631	33.931873	33.534109	23.218468	24.752057	25.069503
YNR066C	0.725281	0.696469	0.623071	0.484586	0.509398	0.49496
YNR067C	86.908833	90.266075	92.605045	54.573116	44.965815	48.205038
YNR068C	8.30226	8.352511	7.878204	3.638158	3.761143	3.819212
YNR069C	32.478294	31.863126	29.115878	11.028161	11.131688	9.708463
YNR070W	5.081648	5.121241	5.088076	4.145301	3.987465	4.00911
YNR071C	26.150512	25.480584	25.215684	304.057003	377.68869	280.51162
YNR072W	7.672121	8.733705	7.771665	23.526473	25.198125	20.342679
YNR073C	27.829017	28.301738	30.110845	844.687342	760.137479	756.494539
YNR074C	41.443435	39.006035	40.822126	20.392818	20.3882	19.641089
YNR075C-A	16.105397	18.137728	15.12232	8.008501	15.581238	9.085956
YNR075W	51.361948	53.449412	53.063292	29.010669	44.028384	30.792301
YNR077C	1.506939	1.124465	0.750609	0.765258	1.348355	0.501519
YOL001W	34.167581	31.172775	30.846671	17.367221	21.665789	18.609303
YOL002C	101.777372	97.286402	103.640211	49.19795	75.593949	50.350729
YOL003C	19.946992	20.540217	20.795842	16.790745	16.228929	16.541301
YOL004W	10.05985	10.066911	9.8184	12.104344	11.745019	12.675201
YOL005C	172.26382	167.223553	181.772684	192.995532	166.568573	194.488813
YOL006C	34.545384	34.433331	34.405306	28.917404	30.006916	29.772085
YOL007C	48.668509	49.521727	53.46292	31.437529	31.764494	33.63153
YOL008W	22.466165	21.653329	23.134273	19.093541	19.619882	16.176245
YOL009C	7.740132	6.774228	6.999771	7.757327	7.055756	7.112556
YOL010W	40.628314	48.872161	51.722125	59.642116	63.100731	62.691592
YOL011W	29.342408	28.476896	27.93604	34.459673	32.180247	34.715164
YOL012C	194.830602	197.980076	197.915607	196.945018	204.71274	192.709982
YOL013C	40.803487	39.193023	40.862162	31.617995	36.869456	31.73878
YOL014W	33.597812	32.497673	31.062466	19.263816	17.749894	17.019263
YOL015W	3.908092	3.669718	3.683833	2.780206	3.33948	2.595351
YOL016C	103.66041	99.661592	96.645144	93.279092	108.495378	87.9017
YOL017W	9.293746	9.125649	9.694871	11.438445	11.474312	11.868661
YOL018C	42.237111	39.987841	39.540085	29.315194	33.241798	28.624862
YOL019W	34.810254	33.914786	36.425522	41.68647	44.142909	43.915635
YOL019W-A	0.086323	0.078018	0	0.155304	0.094065	0.1009
YOL020W	19.63186	20.659039	21.455412	32.370372	29.618885	33.376792
YOL021C	30.161833	30.81171	31.218979	30.554402	31.044331	31.766421
YOL022C	46.916395	44.669582	44.845609	42.942438	45.942262	44.225357
YOL023W	6.521721	6.564253	6.644623	8.599373	8.431625	7.990071
YOL024W	0.906472	1.0262	1.018068	1.232713	1.437053	1.218303
YOL025W	8.23681	7.942958	8.261786	6.583365	7.293785	6.520413
YOL026C	93.28096	91.555869	89.232914	141.966223	129.473478	129.629961
YOL027C	94.042586	93.895479	90.830205	89.560292	89.818781	86.995736
YOL028C	22.473521	22.276486	23.28866	17.371647	19.297819	17.813782
YOL029C	30.444751	31.101864	33.381485	23.009612	25.771684	22.109577
YOL030W	256.806608	257.048183	256.170076	183.975137	200.472206	183.150816
YOL031C	46.562988	48.874159	54.859986	35.928473	35.826462	41.096743
YOL032W	63.364142	56.519203	50.705481	48.71065	43.183423	45.053778
YOL033W	5.478286	5.499954	5.904298	5.563784	5.843512	5.217168
YOL034W	5.316141	5.38191	5.151627	6.184228	6.001822	6.346333
YOL036W	47.871316	47.805332	49.058277	42.399769	45.686448	41.482049
YOL038C-A	6.501817	6.261787	6.495788	7.919884	8.390415	9.680921
YOL038W	257.454112	249.19097	254.285985	257.03132	261.192187	242.800197
YOL039W	192.439263	216.219528	199.214779	335.274644	335.123736	335.54242
YOL040C	1622.673034	1778.991161	1715.89616	2393.946146	2290.110956	2429.18962
YOL041C	48.254179	51.817009	52.716565	52.527054	59.401107	55.40075
YOL042W	30.034128	30.852448	30.038864	32.021169	34.387459	33.802265
YOL043C	25.571675	25.772524	26.506442	27.900424	28.305982	29.489024
YOL044W	28.764126	27.645887	27.911853	24.034074	25.323881	23.491007
YOL045W	10.144662	10.601133	10.483535	8.854863	8.090666	8.555105
YOL047C	8.252514	7.877201	7.913326	12.351977	12.744691	10.858342
YOL048C	49.127544	44.634282	45.423013	29.20323	26.593198	24.051658
YOL049W	48.296558	45.945648	44.523486	27.1374	30.470458	26.80401
YOL051W	13.476241	13.457821	13.349599	22.475496	21.993607	22.058174
YOL052C	30.156351	29.811139	30.430516	32.289208	32.32633	32.802066
YOL052C-A	192.057652	151.655568	151.380995	1828.555327	1523.03841	1702.633383
YOL053W	46.675053	42.789667	41.548823	62.891628	62.868073	59.456496
YOL054W	35.312722	35.008072	36.911509	33.146295	38.451432	37.945954
YOL055C	700.802593	691.004527	568.420602	100.919254	142.055524	105.406186
YOL056W	51.239782	51.780649	53.715862	42.355612	43.714753	42.333846
YOL057W	55.20342	55.893422	57.542304	48.417767	48.210364	49.329908
YOL058W	1817.222119	1781.926695	1805.613184	298.403022	320.642614	312.96125
YOL059W	141.590406	139.841782	149.890648	111.669519	110.020757	113.757169
YOL060C	54.848922	53.986149	52.186742	43.978187	43.561997	41.972876
YOL061W	123.29793	128.172509	125.181707	131.965532	138.239557	138.476855
YOL062C	113.05139	111.773381	112.893759	97.580568	97.352678	96.556385
YOL063C	10.753008	10.944936	10.763068	8.138607	8.406295	8.367354
YOL064C	463.755867	440.78343	382.455283	57.775827	65.216075	57.258892
YOL065C	17.455524	16.47685	17.252876	16.098438	17.593285	15.09368
YOL066C	47.123896	45.903809	46.314016	37.434903	36.636387	34.223715
YOL067C	8.100609	8.286427	8.202769	8.569449	9.491308	8.292859
YOL068C	47.391724	48.75615	46.604894	36.28275	41.642119	37.078758
YOL069W	1.952558	1.658794	1.716058	1.143308	1.223863	1.292388
YOL070C	58.665558	60.492664	60.748314	48.031502	47.660475	48.903273
YOL071W	86.974732	77.249368	78.252958	118.840309	115.156779	114.241633
YOL072W	40.198018	41.098585	40.107537	35.366454	40.065418	37.398264
YOL073C	36.235722	35.318349	35.677779	29.641833	31.500476	29.066835
YOL075C	5.067711	5.052805	4.734333	3.424988	3.5824	3.67023
YOL076W	10.462589	10.447544	10.340693	7.699159	7.323484	7.784654
YOL077C	87.980353	92.819327	89.658304	130.384434	126.876828	137.696363
YOL077W-A	197.502696	183.114187	172.276621	793.116784	678.037103	818.174117
YOL078W	7.810395	8.12906	8.169269	7.135743	7.169803	7.506409
YOL080C	19.966313	21.151939	23.205177	18.974276	19.776842	20.342079
YOL081W	3.14026	3.035004	3.062963	4.549091	4.175954	4.817984
YOL082W	196.986732	185.31937	198.900466	139.020732	136.124162	128.672078
YOL083W	26.15835	23.346948	22.970839	53.034679	53.113809	50.568666
YOL084W	7.478922	6.990644	7.68253	11.682087	10.682828	11.652169
YOL085C	0.050358	0.0497	0.040326	0.034312	0.039525	0.029979
YOL086C	1496.578771	1451.328131	1594.279097	1722.072467	1567.227813	1686.172421
YOL086W-A	76.652499	72.777042	67.842263	98.706866	80.788911	101.363841
YOL087C	16.737012	16.974026	16.721338	18.86057	18.424808	18.833809
YOL088C	60.962838	56.248561	56.357148	35.170512	36.345848	36.720131
YOL089C	2.884158	3.003332	3.102843	3.007795	3.293942	3.243406
YOL090W	16.484403	16.836501	15.976367	16.274261	16.561197	17.977767
YOL091W	1.742467	1.657458	1.619019	0.912587	1.04361	0.915015
YOL092W	46.862474	49.458237	48.013259	38.898462	41.809809	40.739869
YOL093W	41.873287	42.709602	44.042178	40.797476	39.677595	40.909397
YOL094C	47.099977	49.35968	49.699675	48.870194	49.790703	47.336597
YOL095C	4.975713	5.001894	4.963754	4.522661	4.765697	4.733877
YOL096C	48.859679	46.091248	47.045441	55.070516	56.974852	54.077564
YOL097C	164.123901	170.317857	167.357612	119.505423	125.062683	118.231229
YOL097W-A	0.295594	0.195791	0.240271	0.310444	0.287837	0.292996
YOL098C	21.851053	21.119452	20.615967	18.382334	18.880833	19.485649
YOL100W	12.035444	12.104509	11.570672	12.531539	13.752968	12.610476
YOL101C	31.336064	30.602349	29.174407	13.631668	27.618446	15.971928
YOL102C	74.101539	68.494006	67.162606	66.401011	71.686752	67.261735
YOL103W	35.796033	36.073426	35.643588	29.226913	30.609981	29.060001
YOL103W-A	0	0	0	0	0	7.16745
YOL103W-B	82.400186	86.398472	76.38669	49.975552	54.474163	45.471484
YOL104C	13.201857	14.148651	13.284431	1.648687	2.77151	2.004179
YOL105C	33.715879	33.772546	32.14003	17.060706	18.526079	17.721333
YOL107W	3.8518	3.980704	3.824778	1.277608	1.531784	1.429144
YOL108C	61.776185	60.104282	54.927966	49.160169	43.217638	44.737699
YOL109W	930.56219	804.389472	880.801227	1718.571818	1707.524429	1725.807056
YOL110W	6.616025	6.692118	6.02912	5.163126	5.337092	5.212101
YOL111C	117.613261	112.386082	109.090099	92.184939	93.652532	92.376286
YOL112W	66.504124	65.585327	65.397582	51.610425	52.022588	53.852166
YOL113W	17.951132	16.510033	17.123656	16.391836	15.570456	16.205895
YOL114C	8.904364	7.826452	8.87705	7.251798	8.364828	6.068271
YOL115W	24.576555	25.494155	25.220622	18.738799	20.68165	19.226926
YOL116W	20.042985	18.567809	19.23033	14.368682	14.558342	12.591716
YOL117W	6.625325	6.38609	6.033584	5.937527	6.570483	6.043586
YOL118C	82.549247	76.614782	82.073193	31.660268	30.845109	31.026085
YOL119C	140.240093	135.213186	134.978133	36.564174	39.641621	36.9614
YOL120C	2242.690705	2419.114197	2219.530515	2848.165977	2772.378566	2866.567203
YOL121C	1390.167804	1495.013137	1381.648131	1909.725469	1844.349203	1895.794924
YOL122C	33.441345	34.515709	33.310888	42.878033	48.846315	43.997734
YOL123W	59.4946	54.814917	54.065197	102.028262	106.201148	102.344214
YOL124C	42.501903	53.975136	59.239853	61.292375	53.656141	68.087068
YOL125W	52.843901	56.568753	54.054601	42.719727	40.368696	43.128553
YOL126C	190.337495	185.992729	194.590128	222.779333	213.822204	231.615169
YOL127W	3625.165785	3782.857155	3525.512225	4873.20924	4679.033745	4808.599371
YOL128C	46.620693	44.617823	49.727422	21.20112	23.605645	21.708863
YOL129W	421.940342	408.77005	413.054552	406.738303	401.54912	389.88466
YOL130W	38.262787	38.50606	36.820463	44.815361	44.100404	42.634099
YOL131W	13.111218	10.154156	17.485454	8.657014	9.132085	7.86146
YOL132W	10.735783	10.633954	11.69494	6.569334	8.562298	7.240234
YOL133W	286.89916	272.543887	279.204355	179.978432	173.107654	160.298275
YOL135C	62.22372	59.195002	63.615764	46.799248	45.01603	44.416771
YOL136C	30.436296	37.455753	41.211361	34.876506	36.746337	38.788169
YOL137W	20.32379	19.990374	18.851457	16.330487	17.819193	16.626524
YOL138C	12.008516	11.703271	11.664029	8.448847	8.747706	9.064316
YOL139C	518.649666	531.271404	522.793208	744.513102	712.436639	733.225925
YOL140W	104.941215	106.418064	104.82229	40.479932	42.89945	41.81758
YOL141W	2.045061	2.134616	2.317345	1.762264	1.784469	1.705227
YOL142W	180.586153	184.097367	185.960266	140.718445	153.047024	141.706952
YOL143C	1091.328465	1090.310302	1149.978667	418.573882	411.021105	453.981868
YOL144W	9.086143	8.90054	8.751828	8.934307	9.682285	9.120268
YOL145C	21.302309	21.369209	21.229383	22.188222	22.422618	22.00401
YOL146W	56.256681	57.441138	56.835676	58.668482	56.385863	61.920305
YOL147C	79.613378	79.966288	76.741902	103.586075	100.187178	103.174552
YOL148C	5.099766	5.259812	5.218264	4.341089	4.595917	4.278928
YOL149W	53.29441	49.940956	47.846246	44.762007	45.964799	43.761248
YOL151W	79.14462	70.558558	76.202418	83.036074	81.668467	72.410066
YOL152W	13.241343	12.989716	15.076773	8.857879	11.832263	8.726378
YOL153C	57.004464	49.872616	51.115962	44.858043	49.027791	43.543498
YOL154W	25905.466065	25746.277023	28392.705971	12746.776332	12425.275181	10030.747365
YOL155C	247.534621	235.379686	238.951595	114.195037	155.185589	103.713198
YOL155W-A	15.538563	11.532344	16.413114	17.189889	16.0847	17.962341
YOL156W	9.669663	9.551563	8.022128	8.413249	7.274271	8.600635
YOL157C	9.113617	8.488928	9.070164	19.848977	18.321179	19.409346
YOL158C	142.748575	133.850391	146.127507	23.533152	24.98103	23.605764
YOL159C	58.52525	53.531785	52.095079	54.785884	58.36693	55.272248
YOL159C-A	15.817094	14.94401	13.638984	15.551397	18.641088	13.530925
YOL160W	11.68355	11.406656	11.060806	9.488733	9.428748	8.351782
YOL161C	1.978563	2.459388	2.581679	10.099819	9.876637	7.587821
YOL162W	13.286048	10.614932	10.358834	8.822215	9.812156	7.487984
YOL163W	47.740503	45.09732	43.280062	32.220231	35.007662	30.934124
YOL164W	42.034871	41.069457	42.135067	24.021714	23.605985	22.707194
YOL164W-A	23.52584	23.502524	25.16903	22.98693	23.664122	29.755849
YOL165C	11.715302	8.919427	10.767172	13.074205	12.058338	11.332523
YOL166W-A	0	0	0	0	0	0
YOR001W	30.45442	32.028363	30.535959	33.050748	33.826026	32.976052
YOR002W	78.784216	79.127011	77.371839	43.615718	47.087123	44.505884
YOR003W	16.784464	17.425585	17.56898	16.35919	16.250285	15.436129
YOR004W	33.434843	36.023209	36.82676	31.132163	32.562755	33.546325
YOR005C	8.729661	8.510426	7.915405	6.881417	7.875016	7.374653
YOR006C	48.586739	48.51041	49.32831	49.770091	51.303022	50.379922
YOR007C	336.855929	329.033683	323.33766	393.196636	423.740236	383.538887
YOR008C	126.860397	125.708009	119.720301	121.418139	123.58643	121.212241
YOR008C-A	2.039213	1.714333	1.864793	1.509888	1.997543	0.617396
YOR009W	1262.628977	1427.999746	1391.268239	792.817305	685.870952	932.23394
YOR010C	463.83954	554.397114	573.431912	388.376793	406.105203	382.401686
YOR011W	150.101381	168.558866	165.213546	79.45459	68.017877	82.169059
YOR011W-A	8.671676	6.072754	7.787913	7.368846	6.347947	6.394544
YOR012W	65.026377	61.310012	70.375751	40.389296	37.95661	37.926602
YOR014W	9.677411	8.746429	8.658116	9.578143	9.612863	9.315788
YOR015W	19.2485	18.411385	17.245901	20.103533	22.240647	21.769702
YOR016C	82.538711	84.639159	78.011416	101.768217	98.866081	102.898621
YOR017W	3.981546	3.951135	4.030507	4.974618	4.674879	4.891814
YOR018W	6.639265	6.283077	6.380602	6.66576	7.005883	6.526851
YOR019W	5.2898	4.783116	4.60595	3.860181	4.416412	3.591025
YOR020C	1002.012204	926.467975	910.176486	1377.992719	1312.454856	1253.05607
YOR020W-A	316.141444	288.304813	276.069051	370.411897	369.147171	360.495041
YOR021C	139.695497	136.82427	137.161178	152.412703	150.489252	152.850087
YOR022C	4.174302	3.932927	4.07256	3.71103	4.119778	3.406455
YOR023C	27.410307	27.800714	26.552566	37.32351	38.280509	36.660502
YOR025W	39.275973	39.124784	38.647288	25.129075	23.639175	26.089598
YOR026W	34.126263	34.207986	34.226709	34.53667	33.110217	33.519168
YOR027W	104.202921	97.800282	91.478475	141.15574	137.373029	132.628779
YOR028C	10.753018	11.097704	11.018562	17.344656	20.038711	16.585132
YOR029W	1.926388	1.671927	2.698664	1.794619	1.895068	1.862972
YOR030W	5.969309	6.177823	6.083101	5.419611	5.663232	5.854546
YOR031W	312.841379	266.198338	262.396963	656.37553	653.308237	612.959221
YOR032C	27.666589	28.247057	26.009876	34.573283	35.275257	34.486587
YOR032W-A	12.102974	14.262325	14.336067	3.935175	3.552035	2.905904
YOR033C	18.893111	18.795996	18.537992	15.824629	17.518881	15.956396
YOR034C	8.121201	8.631913	7.525447	9.478661	9.367827	9.463662
YOR034C-A	8.004365	8.651189	8.690105	7.434266	8.623512	6.585323
YOR035C	15.87815	15.961454	16.301466	14.329803	15.060861	14.716841
YOR036W	138.334322	127.380339	119.262801	146.956475	162.966808	141.048522
YOR037W	24.793894	23.576061	23.965036	27.129911	26.597913	25.438284
YOR038C	7.370572	7.398445	7.218562	6.105194	6.603718	6.247039
YOR039W	72.52454	69.627491	66.85827	62.007438	65.007105	57.774128
YOR040W	78.970009	77.074734	70.94705	99.413528	101.407602	93.077605
YOR042W	136.711337	129.141234	129.845079	123.10517	124.776795	115.82408
YOR043W	117.243438	122.902244	120.117987	98.084435	103.496882	97.566107
YOR044W	111.325361	103.354463	103.354133	61.616963	66.332129	62.374991
YOR045W	47.326154	46.700007	46.089112	90.562013	79.05784	81.984071
YOR046C	55.748009	56.887124	55.038308	59.773656	64.89154	59.005603
YOR047C	8.742232	8.815919	8.704179	2.21366	2.133172	2.183885
YOR048C	22.58699	22.488297	22.162209	19.591406	19.604313	19.973868
YOR049C	49.136871	48.089133	49.466362	23.187171	23.586869	22.937149
YOR051C	76.762865	79.467184	80.585259	50.884433	52.874369	53.451534
YOR052C	139.882058	143.343575	156.796891	220.947396	241.539632	207.198081
YOR054C	39.182069	39.146384	39.571606	55.316079	56.484769	52.858245
YOR056C	62.736537	62.762128	63.19219	68.693267	72.846391	71.985406
YOR057W	43.887706	40.91696	39.331625	25.066203	27.47956	25.452
YOR058C	5.238363	5.448799	5.377293	4.633665	4.795731	4.779446
YOR059C	39.855261	38.221942	36.368785	21.911414	24.083575	21.989345
YOR060C	32.375287	33.306121	32.345935	24.342997	27.302102	25.557979
YOR061W	14.412732	15.223271	15.297084	17.171744	18.006495	16.630889
YOR062C	80.127671	76.240871	75.631848	63.447093	60.954039	60.037451
YOR063W	2885.210287	3187.952302	3086.837815	2832.056495	2824.622268	2898.0329
YOR064C	56.006053	51.347375	55.404376	74.210188	71.398756	74.841004
YOR065W	35.479285	33.619953	32.892468	83.555231	87.063854	79.32983
YOR066W	11.960812	12.577874	12.653516	11.026208	12.740956	11.211611
YOR067C	10.234385	10.235911	9.955366	7.983987	10.075645	8.278815
YOR068C	0	0	0	0	0	0
YOR069W	26.348775	25.5678	26.145397	24.412988	25.462026	24.968818
YOR070C	37.76624	39.93109	40.898829	33.043756	36.353588	35.663906
YOR071C	146.978679	153.802178	138.22762	127.549152	149.329158	133.316329
YOR072W	5.398895	6.870652	5.33552	3.425158	3.974034	4.553813
YOR072W-B	0	0.043041	0	0	0	0.069136
YOR073W	2.960853	3.293214	3.469263	2.605255	2.712298	2.696649
YOR074C	48.873316	47.592538	46.199338	58.439464	52.411814	60.061791
YOR075W	14.095946	13.330347	13.653206	16.181918	17.268984	16.641976
YOR076C	9.045832	9.057284	9.520163	6.028716	6.665847	6.256617
YOR077W	13.161997	13.211162	12.953664	15.175863	13.729252	13.264824
YOR078W	55.55051	61.265571	64.468787	77.226791	75.613913	81.37744
YOR079C	53.067722	55.271876	56.497495	33.050295	32.107042	34.317733
YOR080W	2.52336	2.452863	2.394769	1.539618	1.385429	1.452208
YOR081C	24.645277	23.84378	22.667439	16.817644	18.017391	16.99534
YOR083W	0.675676	0.645316	0.600267	1.020251	1.001399	0.935112
YOR084W	1.138636	1.036628	0.975537	1.934985	1.819501	1.753327
YOR085W	130.114712	136.62117	130.654348	82.599925	92.034563	87.59796
YOR086C	40.979864	39.606448	38.385744	53.8526	51.783943	49.958038
YOR087W	18.509921	17.729116	18.246805	12.025537	12.595039	12.249463
YOR089C	270.998618	267.527268	264.193631	259.05075	287.463939	274.372257
YOR090C	52.869939	52.428393	52.434728	38.986728	40.973515	39.274724
YOR091W	34.324066	33.685622	32.733716	46.4173	43.659578	45.509921
YOR092W	48.131537	47.588318	46.17428	168.537802	172.921213	164.054585
YOR093C	4.191087	4.115304	4.042146	4.589889	4.465071	4.495423
YOR094W	24.15309	23.976731	23.842605	19.9166	21.82208	20.30175
YOR095C	26.144181	30.768101	27.748476	38.703272	36.528694	40.880991
YOR096W	1457.992288	1552.821184	1440.944939	1805.514286	1811.443115	1866.448624
YOR097C	31.017537	32.230123	30.784198	31.819951	31.116397	31.99583
YOR098C	26.263774	26.38553	27.107694	23.763187	23.873052	24.908055
YOR099W	248.051834	251.381704	258.568286	197.087467	199.588786	204.978076
YOR100C	30.777565	27.579504	28.321666	27.160944	23.734581	25.464213
YOR101W	44.907409	47.139237	54.146582	78.846047	67.248681	74.080636
YOR103C	87.602701	86.234583	85.821809	75.889795	79.458616	83.252506
YOR104W	48.030425	49.14457	50.034525	45.100596	48.330804	43.135646
YOR105W	6.85482	7.945232	7.548513	7.542461	9.833855	7.891464
YOR106W	78.183423	74.882331	75.212026	56.933637	69.485208	54.801386
YOR107W	50.019445	61.100787	69.265654	25.985502	26.061907	24.660944
YOR108W	68.740916	72.849808	67.044291	40.267924	42.455758	44.237912
YOR109W	12.987748	13.804656	12.930785	10.321159	10.942761	10.445177
YOR110W	42.469237	41.692632	40.335384	30.611819	32.716621	29.691336
YOR111W	16.468726	16.429643	16.60211	15.93688	17.927511	15.724582
YOR112W	7.971427	7.692753	7.590379	5.945241	6.147561	6.08516
YOR113W	13.554687	13.493493	13.057513	18.21841	17.590374	18.419855
YOR114W	9.966703	8.525773	7.323972	7.150074	7.801903	6.7598
YOR115C	60.744337	56.431307	57.771087	40.168353	42.499109	41.807849
YOR116C	16.004148	16.769874	16.506812	24.154384	23.752841	24.740312
YOR117W	120.326417	112.55189	114.709848	120.875298	130.163696	121.764656
YOR118W	31.587605	30.364469	29.224796	29.527873	32.042033	30.939362
YOR119C	24.038788	24.65181	22.578081	24.116727	25.070772	24.132307
YOR120W	144.081497	131.564817	127.254488	119.684204	122.493941	112.895566
YOR122C	1353.928905	1266.475606	1328.64957	1352.520625	1248.196468	1348.904528
YOR123C	94.194307	93.928477	94.625191	103.945558	106.95046	104.263754
YOR124C	15.341148	15.214746	14.643471	14.36868	15.028914	14.358728
YOR125C	83.318022	77.59052	79.44608	83.052647	87.267804	81.517384
YOR126C	47.940638	49.909723	52.869677	57.671642	55.801286	56.45302
YOR127W	21.640974	21.74396	22.48889	20.530266	20.267463	21.904929
YOR128C	152.897608	156.107504	138.546144	94.424067	99.287616	91.777788
YOR129C	1.929574	1.895085	1.88387	1.688505	1.7714	1.636052
YOR130C	92.271589	92.013641	88.890166	30.92944	30.665492	31.251667
YOR131C	87.391797	87.022084	86.383695	58.447823	66.843052	54.935287
YOR132W	47.911099	44.985452	44.603862	47.618303	48.084717	44.843159
YOR133W	534.824236	546.221076	521.122584	582.183896	601.718296	606.567031
YOR134W	20.152218	18.250701	18.095056	10.929707	10.697244	9.654932
YOR136W	382.28678	365.552253	353.132568	342.794303	366.307108	329.395977
YOR137C	10.9391	10.54067	10.874815	6.381292	7.053181	6.600119
YOR138C	66.711713	62.742156	65.562452	50.095445	54.538096	49.38682
YOR140W	2.709314	2.905086	2.826127	3.459622	3.469414	3.557952
YOR141C	26.368592	26.330344	25.255236	25.859161	24.999515	25.556448
YOR142W	142.813807	137.227021	141.64659	140.84512	138.471299	141.049669
YOR142W-A	0	0	0	0	0	0
YOR142W-B	70.398532	53.626206	72.289719	28.386083	36.020953	28.426195
YOR143C	22.745256	21.300817	20.540681	9.496881	9.553579	9.630587
YOR144C	5.975682	6.916149	6.672454	7.896664	8.120977	8.353352
YOR145C	176.740605	196.141468	200.484597	268.76194	262.239888	257.567266
YOR147W	14.319684	14.337211	14.318173	18.049509	19.001713	19.397108
YOR148C	55.66858	50.119366	49.553471	69.179623	68.668016	65.867608
YOR149C	10.499421	10.417404	9.61944	6.362481	7.057028	6.266321
YOR150W	87.00801	85.924034	86.35916	116.866383	105.788237	109.741914
YOR151C	45.022471	45.927709	45.889539	55.525871	53.472194	56.627068
YOR152C	22.013746	19.630617	18.773164	20.748945	24.44712	19.997384
YOR153W	54.97089	53.340967	56.462845	72.70813	58.079335	59.260234
YOR154W	11.95034	11.892739	12.947231	9.894795	10.090302	10.694583
YOR155C	64.884309	63.468423	67.113502	54.643992	51.640607	51.422583
YOR156C	0.816952	0.998743	0.890107	0.938198	0.984775	0.910132
YOR157C	142.147947	134.919458	141.386375	153.242988	154.370971	145.229608
YOR158W	33.8801	33.720462	33.383516	42.878261	42.433492	41.732875
YOR159C	105.476466	90.489525	93.176126	102.413215	102.461437	101.887963
YOR160W	5.069327	4.888392	4.66591	5.780161	6.082392	5.604779
YOR161C	47.025242	45.384923	43.65609	41.158259	39.014828	42.218838
YOR161C-C	4.350798	4.027168	5.39288	3.781775	2.443246	3.7239
YOR162C	13.493878	12.24144	12.677166	11.193644	12.472549	10.858643
YOR163W	79.602223	74.631308	76.113493	73.467714	70.837407	66.239783
YOR164C	16.842716	16.97197	16.71218	11.117137	11.945811	11.583336
YOR165W	40.338551	41.482618	38.864217	36.075113	38.634717	37.32197
YOR166C	18.336381	19.356044	18.238636	19.790783	18.870262	19.669298
YOR167C	2132.593579	2228.342574	2149.748829	3319.195449	2992.568598	3322.594917
YOR168W	54.965521	56.944327	54.241829	61.096083	65.132973	59.589713
YOR171C	10.664744	10.78319	10.558003	11.184548	12.630758	11.27097
YOR172W	7.978128	8.298096	8.169742	9.333891	9.038199	8.95657
YOR173W	204.767431	184.635204	175.784744	242.024999	271.306058	219.806583
YOR174W	69.223594	64.533314	64.439014	50.47634	56.166583	50.20809
YOR175C	88.070607	81.941179	84.268852	41.61443	59.885277	42.445916
YOR176W	86.672613	87.042899	81.36162	107.244717	128.21092	106.584728
YOR177C	5.849406	5.285594	5.03329	2.30475	2.48573	2.024245
YOR178C	3.095764	3.014708	2.884719	19.628534	21.149841	19.761283
YOR179C	76.666574	76.385465	73.38187	58.099795	62.075001	56.798806
YOR180C	4.158054	3.972934	4.520155	2.999229	2.764666	3.000845
YOR181W	2.030174	2.16869	1.948829	2.971762	2.584807	2.626675
YOR182C	1824.816107	1888.82421	1789.286623	2960.091723	2784.162958	2864.872547
YOR183W	0.491138	0.484037	0.53547	0.098687	0.166448	0.130609
YOR184W	969.318803	944.625339	899.233827	271.503327	286.972566	272.483197
YOR185C	83.154304	77.836928	78.551598	101.13954	104.29542	86.879664
YOR186W	43.170848	37.029322	37.750138	100.396808	106.980361	98.014352
YOR187W	194.149361	189.251302	189.641636	247.757341	258.909226	242.86584
YOR188W	5.017811	5.210484	5.646016	4.078764	4.399158	4.538816
YOR189W	249.88575	237.733284	243.957856	199.088333	215.057772	201.851916
YOR190W	18.289794	15.972218	16.512098	14.411741	18.733447	15.514643
YOR191W	8.898776	9.117658	8.343017	10.461632	9.77831	10.41218
YOR192C	48.73784	45.936822	41.502843	15.935008	16.858169	15.263806
YOR192C-A	0	0	0	0	0	0
YOR192C-B	12.922309	13.939614	13.419912	5.329959	6.231526	6.955094
YOR192C-C	32.850835	33.726678	31.752512	27.640941	25.041209	26.942568
YOR193W	0.596772	0.548276	0.545418	0.410678	0.432664	0.414101
YOR194C	90.295072	88.633571	84.985471	81.612943	91.802463	77.775034
YOR195W	2.845308	2.72248	2.611168	3.305714	3.476259	3.189597
YOR196C	118.57606	119.68927	113.754636	131.37069	128.3334	135.381992
YOR197W	97.426498	98.102634	95.091391	95.470519	97.648613	96.550422
YOR198C	108.947956	109.92233	110.269503	100.36144	101.826272	104.867388
YOR201C	149.384877	156.648298	170.386985	96.418287	95.666595	100.943784
YOR202W	16402.113416	16144.930829	18373.82443	6828.012406	5369.64773	7015.562638
YOR204W	15.749408	18.021436	18.529783	19.361629	17.40687	19.144099
YOR205C	23.228469	24.667028	24.834325	22.448438	22.227575	23.037679
YOR206W	21.854962	22.69141	22.20524	25.63526	25.89596	26.293838
YOR207C	9.511687	10.028741	9.504165	11.006274	11.161442	11.882452
YOR208W	3.174057	3.169233	3.248221	3.676762	3.687087	3.559516
YOR209C	185.263105	195.773947	187.713911	161.833107	187.310879	164.754898
YOR210W	337.731091	349.278026	337.564852	352.160889	381.703771	361.188431
YOR211C	10.783673	10.753293	11.353472	10.467342	11.146436	10.982488
YOR212W	116.558196	119.202448	115.695628	74.640541	81.246873	70.787925
YOR213C	50.316195	49.050346	49.073365	34.860123	37.911348	39.231965
YOR214C	8.797963	8.9404	7.705869	18.539404	25.243313	21.710815
YOR215C	87.399688	78.259003	78.659647	200.651914	200.910857	196.990172
YOR216C	24.062387	24.267021	23.115909	19.452785	21.399023	21.207556
YOR217W	26.737815	26.891168	26.629858	28.591799	30.522586	27.757233
YOR219C	13.69694	14.009904	13.605076	10.310893	10.693273	10.123347
YOR220W	91.318078	91.38608	87.315424	78.299465	86.793222	76.280487
YOR221C	73.920003	73.916849	66.834918	44.543839	45.874627	44.86431
YOR222W	187.727393	177.572333	184.678827	51.678793	53.741783	52.835732
YOR223W	4.929693	4.49583	4.420244	7.562038	7.35157	7.010255
YOR224C	222.081684	230.294986	215.382458	216.614944	213.153711	218.497187
YOR226C	157.978343	156.955465	163.645996	73.822158	86.400433	75.107857
YOR227W	13.905345	13.700579	13.325693	13.769959	13.554374	12.960414
YOR228C	62.027194	61.092859	61.318754	66.818498	66.378815	65.06521
YOR229W	31.625076	34.986628	32.771928	31.824597	31.92791	29.466929
YOR230W	918.860028	924.152972	842.94923	1419.994608	1483.713076	1367.868313
YOR231W	30.112887	29.620662	28.858246	23.528652	23.581825	22.041026
YOR232W	137.731258	140.536517	139.385892	150.115878	155.543873	148.431733
YOR233W	24.317536	25.113417	25.972313	21.052655	22.071986	21.600069
YOR234C	1125.506969	1100.793355	1112.256097	1461.413664	1339.794999	1387.313499
YOR235W	7.486108	5.524618	6.462236	3.21614	3.81241	3.096944
YOR236W	90.641417	94.447508	101.212243	80.840513	75.419017	76.418624
YOR237W	76.227072	91.54473	82.301998	64.803819	65.619454	73.593717
YOR238W	8.785924	8.445604	9.184466	7.998502	9.090598	8.45192
YOR239W	35.072605	36.606425	34.864524	30.069855	30.406633	27.991513
YOR241W	52.804042	53.919952	51.464159	34.945162	34.962672	35.425388
YOR242C	2.614887	2.742472	2.460972	3.374856	3.309421	3.049558
YOR243C	29.162071	30.589147	27.918871	27.169541	27.812939	28.441994
YOR244W	30.855712	30.172341	30.939592	36.107716	36.140859	34.199997
YOR245C	27.922288	26.806728	26.858899	24.327201	25.60886	25.342191
YOR246C	53.164125	54.495361	53.856841	48.050402	46.683671	49.636339
YOR247W	412.519018	417.252055	416.516894	270.901108	274.10411	343.952588
YOR249C	5.632562	5.412219	5.244687	5.821637	6.083391	5.856951
YOR250C	21.332136	22.792214	20.298066	18.17898	18.044145	17.436056
YOR251C	114.581673	107.775588	110.260489	110.108542	107.018965	107.17211
YOR252W	93.477615	96.90383	96.151872	113.856696	117.948416	115.223889
YOR253W	123.84525	126.930013	125.616171	103.121042	102.912191	114.764753
YOR254C	45.875914	46.496854	47.099215	49.699936	49.924658	52.137804
YOR255W	3.595567	3.013186	2.859815	5.275234	8.214676	5.151509
YOR256C	22.205419	21.893723	21.950498	21.209071	21.994816	21.761976
YOR257W	77.660532	73.997111	74.29056	95.231349	98.123649	102.656944
YOR258W	6.185834	5.741366	6.403813	6.267744	7.194993	6.725586
YOR259C	192.915637	189.31991	189.669501	200.668807	214.8112	194.751859
YOR260W	49.080074	48.855238	48.23711	43.661222	45.12496	42.304305
YOR261C	24.760591	22.951135	22.15057	23.822035	24.467183	22.805357
YOR262W	50.320472	50.345802	51.963412	35.71717	36.943066	35.704745
YOR264W	70.15358	70.070804	67.67087	42.000696	41.559137	38.7532
YOR265W	41.416108	38.165237	40.540119	37.831633	34.568033	37.679377
YOR266W	11.891087	13.289116	12.636553	12.528781	13.406863	12.150867
YOR267C	31.734216	32.932954	33.058147	27.180085	26.904214	26.700716
YOR268C	0.024114	0.030207	0.022298	0.02494	0.05566	0.038517
YOR269W	36.600571	38.438513	38.853523	21.434911	21.587157	19.593733
YOR270C	85.946609	92.750291	90.599467	63.83151	72.860091	66.991043
YOR271C	123.385817	132.988983	131.113747	111.595768	104.172375	114.058935
YOR272W	54.673478	59.778685	63.379188	61.313005	61.130191	66.742755
YOR273C	29.381626	27.476267	27.510504	19.402668	17.647043	16.924885
YOR274W	28.559848	29.227926	29.387688	20.65177	22.838048	21.538235
YOR275C	25.413041	25.022634	26.470699	19.765435	19.780349	18.967418
YOR276W	276.132609	276.566706	273.590753	357.250861	356.817735	349.885972
YOR278W	22.498954	22.38228	22.936514	17.608002	18.241284	17.383573
YOR279C	12.119958	11.440401	11.189778	12.764535	13.812254	13.072518
YOR280C	12.275095	12.745282	12.334498	10.225984	10.176104	10.71137
YOR281C	73.84831	73.761447	82.91672	73.100489	70.273295	78.174
YOR283W	140.379794	152.994467	162.991819	173.502475	170.842596	167.693819
YOR284W	12.600278	12.297899	12.231013	10.585963	9.677906	10.838397
YOR285W	545.583881	470.796589	487.115048	887.594393	831.363198	846.381299
YOR286W	186.349614	186.40533	193.949607	211.10712	207.178523	192.542102
YOR287C	27.2976	30.3764	27.885228	36.127399	40.084627	38.8425
YOR288C	40.690105	39.052791	40.981817	33.105561	34.272537	34.286182
YOR289W	51.089958	48.193989	44.857818	83.323879	87.72928	78.748963
YOR290C	5.988746	6.251535	5.741241	10.98755	11.072178	11.199054
YOR291W	7.37256	7.461363	7.13639	8.072996	7.670628	7.853335
YOR292C	95.405308	93.122014	86.289923	44.486607	46.291817	41.436607
YOR293C-A	0.499537	0.593387	0.193802	0.654732	1.90852	1.379053
YOR293W	2357.407525	2473.83021	2176.717236	3402.301187	3292.460919	3432.576414
YOR294W	94.494965	106.750359	107.65674	139.970504	146.421873	136.170504
YOR295W	31.465221	30.039282	29.724283	32.934412	33.656589	33.079714
YOR296W	5.638853	5.81449	5.594013	4.701376	5.25039	4.995997
YOR297C	16.326487	16.094123	16.350321	12.785191	12.069984	11.354428
YOR298C-A	380.939303	343.931116	333.866062	378.930373	377.091883	349.54054
YOR298W	4.777617	4.995552	4.729663	4.274951	5.704771	4.308282
YOR299W	31.67769	30.733094	32.222525	20.418355	19.927039	19.727217
YOR301W	17.386528	17.510534	16.909813	14.970923	16.251815	15.94631
YOR302W	412.725671	363.114179	380.331466	117.922635	136.576022	128.803126
YOR303W	875.948127	839.936488	833.855007	299.133721	332.132277	318.935334
YOR304C-A	81.182092	75.89514	83.118376	74.321923	73.478428	71.198499
YOR304W	11.875306	12.058203	11.72414	11.158123	11.839883	11.135835
YOR305W	50.587511	49.628203	50.451045	45.483068	51.568541	45.309785
YOR306C	156.443788	176.217709	186.934069	84.93372	91.798047	88.926263
YOR307C	34.93087	33.521623	32.56341	25.74278	27.824404	26.332481
YOR308C	2.359395	2.320094	2.214768	1.97544	2.135377	1.976819
YOR310C	96.632175	116.972728	117.185637	125.584458	129.373488	134.10798
YOR311C	70.260885	69.769102	67.468807	47.874368	50.018495	45.323571
YOR312C	1953.380348	2059.995	1966.453646	2439.281126	2387.722573	2549.673463
YOR313C	11.586766	11.065165	11.90629	11.224423	10.203465	12.012169
YOR314W	2.946823	3.451337	3.688444	4.499054	3.734688	3.992176
YOR315W	83.953039	88.331384	94.344704	75.157984	59.941652	94.027573
YOR316C	139.400266	140.897492	146.331725	73.003049	77.898601	69.569312
YOR316C-A	1.94952	1.641479	1.519619	1.511451	1.525385	0.795318
YOR317W	96.736078	92.650592	88.481363	60.388941	49.421034	56.458089
YOR319W	37.164373	34.942651	35.325619	24.289683	29.978556	24.585533
YOR320C	9.4871	9.162352	9.411155	6.841557	7.66306	6.845008
YOR321W	44.046055	50.008581	45.760104	36.43085	33.356726	38.213027
YOR322C	29.45457	30.702863	31.492354	25.891487	26.255783	26.849352
YOR323C	249.115313	248.894443	234.611173	140.098946	142.125586	132.596399
YOR324C	11.900142	12.428416	12.503516	8.444657	9.016399	8.694644
YOR326W	22.754859	23.811081	22.687948	21.487517	22.363202	22.712391
YOR327C	97.791689	90.539515	92.066593	130.562454	120.088853	120.06893
YOR328W	4.480449	4.492514	4.169864	5.245374	5.265701	5.174497
YOR329C	16.244326	15.724459	16.378232	11.349967	10.80907	11.507577
YOR330C	6.099195	6.044707	6.109187	8.607674	7.874036	8.436849
YOR332W	745.39532	731.055866	717.167678	689.403162	663.302032	646.345078
YOR334W	19.069851	19.163823	19.306264	19.694833	20.380287	19.471373
YOR335C	102.891341	107.037338	106.402048	108.608436	104.147198	112.837346
YOR336W	8.494167	8.681381	8.546807	6.375321	6.651217	6.672245
YOR337W	69.81845	75.028137	73.902701	23.373635	22.851458	26.462294
YOR338W	31.69315	55.576812	76.976861	56.141572	52.38782	65.345422
YOR339C	70.032259	67.601313	66.665744	51.876088	54.735064	53.264213
YOR340C	38.059712	42.884701	40.374181	41.513541	44.102212	43.640284
YOR341W	21.674092	23.452408	20.72052	25.253648	25.302682	27.437715
YOR342C	32.21768	36.757535	36.529807	53.878673	47.089518	51.797906
YOR343C	0.73279	0.63243	0.590568	0.451936	0.480884	0.45519
YOR343W-A	0	0	0	0.583802	0	0
YOR343W-B	15.528344	16.556112	16.33957	10.674733	11.100822	12.285429
YOR344C	84.838759	88.073506	90.017761	75.431978	89.615647	79.880328
YOR346W	7.888686	7.414173	7.580594	6.947313	7.61138	7.588585
YOR347C	24.285928	24.403096	23.01132	28.422003	29.323807	27.667246
YOR348C	0.622988	0.51955	0.596464	1.205982	1.143487	1.187009
YOR349W	2.99162	3.04572	2.97766	2.665678	2.921501	2.811942
YOR350C	12.849885	12.498245	11.70549	10.076929	11.730307	10.062149
YOR351C	2.059942	1.775747	1.863981	1.143154	1.210582	1.137129
YOR352W	22.991558	21.842897	20.344158	26.088239	30.404989	24.656254
YOR353C	5.249854	5.479752	5.546589	6.035011	6.077907	6.379405
YOR354C	25.179732	25.802103	25.323815	31.04771	30.314718	30.862199
YOR355W	39.934908	44.983294	44.440147	44.833456	47.187954	45.889213
YOR356W	17.234681	16.80502	17.428128	43.441258	37.298616	45.463839
YOR357C	163.500015	145.092773	141.675976	142.964066	134.556739	124.320447
YOR358W	37.377981	37.234598	38.78501	47.854691	41.809598	42.742661
YOR359W	14.268471	16.697507	18.437416	20.570472	20.61921	22.612417
YOR360C	42.353396	59.21948	72.267382	58.088412	56.191836	61.157994
YOR361C	54.864687	55.884537	57.198544	64.746926	66.546423	65.968965
YOR362C	254.249501	245.618488	251.86072	239.652581	251.710835	237.345194
YOR363C	14.649068	14.984136	14.915297	14.171048	13.330263	14.779518
YOR365C	3.317613	2.828349	2.804238	2.472146	2.590377	2.404927
YOR367W	81.173728	77.587833	76.909	89.445558	87.627072	88.016588
YOR368W	17.201258	17.340595	16.055673	15.338156	17.706049	16.308145
YOR369C	2819.304297	3021.954246	2827.538652	4212.877113	3812.541408	4219.092589
YOR370C	57.242999	58.829172	56.609779	56.707303	59.959608	58.885697
YOR371C	13.511629	14.150238	12.795667	11.876224	11.52118	12.524952
YOR372C	23.796116	24.981058	24.704648	23.965322	27.693141	27.391001
YOR373W	0.365398	0.366691	0.380083	0.323195	0.325054	0.338935
YOR374W	72.127457	64.793437	63.944914	150.648119	127.36216	124.223666
YOR375C	814.222583	808.834892	831.677422	772.449495	736.757774	889.910912
YOR376W	4.625556	5.318144	5.235087	4.271428	4.118956	3.957781
YOR376W-A	33.977658	32.034288	31.888335	20.971664	27.079305	26.067299
YOR377W	19.598144	19.704271	20.11735	9.482184	11.786733	10.511401
YOR378W	15.219118	16.411171	15.974485	12.610699	12.589669	13.365923
YOR380W	14.502846	14.578836	14.469551	10.096565	10.935683	10.767266
YOR381W	25.308537	23.708496	25.375456	12.114982	12.937638	12.433874
YOR381W-A	5.024168	5.298976	7.106337	3.099725	3.44441	2.581053
YOR382W	1686.696668	1570.108106	1804.079092	401.313598	525.154073	338.337048
YOR383C	1289.519187	1211.64665	1459.90866	221.040975	305.601517	189.793462
YOR384W	37.582261	35.468056	37.111937	16.570981	17.547185	15.797061
YOR385W	10.691552	11.0363	10.754949	10.360423	11.660154	10.336174
YOR386W	27.007378	25.511765	25.313437	19.355949	21.220406	17.813293
YOR387C	5391.225995	5067.456026	8369.59395	136.260907	178.448051	107.459013
YOR388C	9.010634	7.798996	10.972034	2.838428	4.46187	3.513946
YOR389W	26.263116	24.895962	29.291117	15.300086	18.117814	14.147859
YOR390W	11.749658	11.235109	12.91274	11.55701	13.59224	10.666102
YOR391C	20.100745	14.325053	18.139273	32.156498	34.182011	26.191332
YOR393W	22.818201	21.493926	21.835944	23.133854	21.991658	21.696451
YOR394C-A	4.97234	4.210221	3.517096	3.266079	2.036038	1.314318
YOR394W	15.813689	19.547386	16.865994	103.158612	65.337876	93.8107
YPL001W	21.47913	20.80712	20.136222	18.417211	19.76819	19.419728
YPL002C	40.848736	40.463478	39.387476	39.992457	37.900675	39.108414
YPL003W	22.405506	20.054024	19.665505	21.026794	18.515848	18.561027
YPL004C	188.930857	167.196694	159.946602	288.336199	274.805957	247.296846
YPL005W	15.992363	15.83908	15.59118	14.5347	15.352941	14.728161
YPL006W	16.97606	16.462659	16.944707	13.027057	13.573003	13.080795
YPL007C	14.862936	14.148804	14.153355	10.122201	10.208966	10.870478
YPL008W	8.105978	8.485565	7.98487	8.173278	8.096729	8.239133
YPL009C	26.332102	26.200201	23.536775	22.372824	23.637354	21.542033
YPL010W	141.551395	134.311036	133.547637	108.705917	101.211925	114.174971
YPL011C	26.364758	27.29302	27.219463	20.918919	21.137316	20.487677
YPL012W	19.688015	21.952797	20.301358	26.978768	26.693667	29.055123
YPL013C	129.35353	130.261022	130.075447	180.394078	177.398524	184.711697
YPL014W	42.307338	42.289637	44.509931	50.572373	56.144138	49.653027
YPL015C	67.903917	64.09032	66.78274	76.667528	74.094912	72.771151
YPL016W	0.70645	0.700131	0.661391	0.899555	0.923037	0.921688
YPL017C	6.755994	6.164129	5.892535	5.727389	6.159501	5.410891
YPL018W	14.903808	13.436293	13.685129	8.938548	8.464696	7.816485
YPL019C	9.356388	9.603823	9.193707	5.92898	6.451834	6.688992
YPL020C	7.94963	7.607644	7.264283	7.472206	7.697472	7.540428
YPL021W	12.743632	11.23491	12.043083	9.183104	10.821492	7.159493
YPL022W	10.202235	10.864864	10.504996	10.035647	10.060687	10.188279
YPL023C	33.730049	34.592759	35.658943	29.750214	29.447024	28.833025
YPL024W	46.763715	45.451982	43.800377	27.924468	27.551644	28.511893
YPL026C	92.930129	113.830589	122.188506	140.021282	130.629534	142.58423
YPL027W	12.046588	11.927406	11.848908	14.911478	15.492617	13.531076
YPL028W	215.619288	219.70699	242.522547	207.929715	208.755797	214.261571
YPL029W	8.183405	7.412272	7.835628	9.071158	8.979464	8.830193
YPL030W	43.344118	45.655499	48.427179	30.658548	32.630681	32.904432
YPL031C	133.968325	123.409193	128.012985	100.482739	97.589539	96.28765
YPL032C	22.648371	23.286534	22.042745	16.633439	15.611456	18.220088
YPL033C	23.142458	21.783669	20.238724	9.74459	12.644594	10.266487
YPL034W	42.477317	38.996472	41.874021	32.675849	34.753423	31.596703
YPL036W	9.73858	9.810897	9.360777	30.748756	29.300579	32.1111
YPL037C	846.281652	854.249949	833.862785	1125.308652	1047.157629	1096.938659
YPL038W	94.412143	89.966079	98.727541	92.309759	86.524499	90.12463
YPL038W-A	0.103515	0.088282	0.06303	0.101833	0.10453	0.065076
YPL039W	48.660145	47.975195	45.565576	42.279701	44.05139	39.766834
YPL040C	8.393888	8.040828	8.054139	8.490688	8.76203	8.709451
YPL041C	32.96175	37.712287	34.579386	21.217315	21.966396	20.368028
YPL042C	16.017022	17.2249	17.832088	22.402461	22.015504	20.399838
YPL043W	49.143868	55.251678	53.064555	59.629574	62.741233	62.580113
YPL045W	22.009295	22.171552	20.990035	19.162261	20.096388	18.518475
YPL046C	34.287355	33.087858	33.093407	30.15386	29.289484	26.322549
YPL047W	111.832316	114.741844	123.178602	104.912874	90.297192	99.293675
YPL048W	110.954263	116.411575	117.69021	170.630469	183.987434	166.916095
YPL049C	42.196568	41.319559	43.350231	25.131589	25.693907	25.91727
YPL050C	64.161661	62.299627	64.06943	65.790742	71.037158	66.977579
YPL051W	19.494133	21.232713	20.292865	16.476455	17.379963	17.497243
YPL052W	2.735949	2.739398	2.811707	2.226934	2.316709	2.226255
YPL053C	51.074098	50.225426	48.436798	43.286272	43.069474	40.358042
YPL054W	46.524055	43.196995	42.772396	119.311412	131.234262	118.239077
YPL055C	34.438833	34.888266	34.534965	40.902296	40.970438	38.929825
YPL056C	5.000042	4.549743	4.737675	6.26687	5.955288	6.050071
YPL057C	48.034215	52.280387	49.075645	134.843396	135.783625	133.215162
YPL058C	13.122241	12.761067	12.599345	5.791223	5.573909	5.951818
YPL059W	186.815121	184.624042	188.199362	185.695212	172.984042	179.377516
YPL060C-A	0.522171	0.799045	0.610555	0.436065	0.233688	0.698377
YPL060W	15.90316	15.643941	15.646454	13.377271	13.955622	14.177959
YPL061W	284.782208	280.445687	283.315908	803.812673	706.509971	746.402571
YPL062W	0.16643	0.186715	0.218333	0.27348	0.243524	0.31138
YPL063W	40.612898	38.853201	38.290725	45.233825	43.918246	41.624136
YPL064C	113.577923	112.891888	113.840349	118.247389	119.911007	114.31429
YPL065W	30.759157	29.036005	28.549735	34.206572	35.510389	32.511801
YPL066W	10.649513	11.440901	10.876287	8.265966	9.322431	9.168669
YPL067C	8.501161	9.078526	8.199569	11.531893	11.481503	12.096316
YPL068C	7.10806	8.588098	7.967335	7.7281	7.514577	6.936233
YPL069C	0.85405	0.823834	0.906762	0.905374	0.850035	0.805922
YPL070W	15.366114	16.074946	15.14896	11.549133	13.227355	11.957173
YPL071C	4.114075	4.018863	3.795919	4.180708	4.445019	4.124657
YPL072W	13.675183	12.643548	13.884962	12.402541	13.97885	13.029322
YPL074W	40.583502	38.47987	40.018009	25.029553	25.64359	24.07905
YPL075W	15.583784	15.010875	15.272605	12.82123	13.653815	12.850316
YPL076W	14.71539	14.355589	14.560163	14.58232	16.61524	14.41736
YPL077C	32.781623	35.293775	34.340604	25.436243	25.451667	22.845548
YPL078C	348.633951	328.67214	324.322286	792.861853	770.203657	818.330939
YPL079W	1546.018277	1624.457469	1555.083561	1843.837711	1748.155569	1842.462182
YPL080C	2.38708	2.868557	2.34755	3.986335	5.196862	3.60183
YPL081W	302.991927	329.236425	295.67314	344.612559	347.348618	371.410214
YPL082C	9.54378	10.085439	9.669906	10.335839	9.688158	10.013956
YPL083C	21.397995	21.37201	20.590496	13.765663	16.60989	14.042001
YPL084W	17.11667	16.363998	15.43231	13.300163	13.762981	12.747908
YPL085W	8.038146	8.249107	8.686693	9.789951	8.720849	10.69255
YPL086C	18.110844	19.814393	19.536099	21.935155	25.288801	24.5575
YPL087W	103.089189	99.062542	99.836427	101.345367	109.562564	101.471783
YPL088W	55.028543	52.783373	54.229324	74.884168	70.643175	74.729322
YPL089C	24.25878	25.755219	25.443525	25.604496	28.426957	27.415808
YPL090C	1926.496351	2060.549357	1982.146889	2142.69416	2124.691844	2238.614036
YPL091W	78.652645	79.631258	79.410224	57.225556	57.806797	51.749255
YPL092W	80.543463	82.615067	81.542746	45.059557	47.578195	44.659301
YPL093W	107.623549	128.53349	130.707924	153.969596	148.355861	163.95659
YPL094C	118.166217	117.737471	124.692218	137.533711	125.376935	135.561902
YPL095C	145.078306	142.389166	127.438478	79.611975	65.667454	66.274591
YPL096C-A	43.230093	40.890571	42.319403	44.740862	41.106047	37.799014
YPL096W	27.846104	25.720801	25.729678	20.91334	22.727291	20.153251
YPL097W	18.579233	18.825347	19.372871	21.500056	23.053863	20.698973
YPL098C	165.49943	162.531191	167.61851	199.637876	184.502379	176.447412
YPL099C	28.197616	28.32981	26.457341	26.598156	26.292693	28.141766
YPL100W	43.057135	41.373457	42.147744	37.913513	40.846106	37.772396
YPL101W	37.5967	35.251612	38.018271	29.86984	30.246768	31.86057
YPL103C	30.476926	28.669036	27.559044	18.001306	16.060452	16.428822
YPL104W	18.040878	17.480784	17.260119	20.277396	19.973234	18.569881
YPL105C	49.5489	51.094021	51.25797	49.147895	50.356297	50.076988
YPL106C	261.746225	280.017876	287.739072	301.318813	305.506969	308.851931
YPL107W	44.781673	44.456067	42.228753	63.582918	63.078365	62.447964
YPL108W	42.202053	42.502655	44.411626	34.423873	34.414583	35.685361
YPL109C	6.128165	6.050461	6.040703	6.756091	7.137059	7.269913
YPL110C	11.446635	11.222013	10.786611	12.100696	11.236449	11.866807
YPL111W	21.610076	22.620012	24.439557	16.297778	18.375312	17.479376
YPL112C	13.20901	11.732099	12.020365	9.689175	9.881696	9.356009
YPL113C	29.588142	26.186305	27.060703	29.797378	30.546491	29.731556
YPL115C	6.272798	6.203986	6.538715	4.926295	5.40068	5.220309
YPL116W	29.071177	31.281748	31.034716	28.98395	29.458537	29.915851
YPL117C	125.027336	130.677971	139.15713	156.806086	164.187921	164.748727
YPL118W	47.685721	48.643767	49.247032	61.102767	61.058084	58.451571
YPL119C	14.996773	15.094905	14.662725	26.224218	25.844641	24.177946
YPL119C-A	15.150997	13.281692	13.901055	21.879322	23.630027	20.739773
YPL120W	5.430663	4.964926	4.786109	3.973666	4.258498	3.721443
YPL121C	0.284043	0.431911	0.348332	0.24387	0.315797	0.209591
YPL122C	16.744061	17.197935	17.074815	14.025754	16.14129	13.731378
YPL123C	8.131408	6.782522	6.886936	11.098851	13.619664	10.840493
YPL124W	16.04932	15.357506	14.91531	16.367076	16.507222	16.335419
YPL125W	6.720492	6.708615	6.238942	5.675234	6.04464	5.748261
YPL126W	23.47748	24.798434	25.945559	24.235495	24.126989	26.911146
YPL127C	86.418633	83.662883	86.139495	82.856022	81.497042	89.057727
YPL128C	19.261089	20.387594	20.431963	22.84434	22.977661	22.958398
YPL129W	173.594324	164.37736	167.284852	135.475299	140.889588	142.504563
YPL130W	7.44469	8.622556	7.83826	23.093013	29.269708	22.492415
YPL131W	1972.729984	2195.626433	2153.96132	2134.792034	2200.472125	2236.7295
YPL132W	24.189854	24.893963	23.652023	28.696466	29.524232	27.057357
YPL133C	49.100732	49.985059	51.442746	57.307587	60.069745	53.634106
YPL134C	11.861272	12.603657	12.579621	57.9184	52.268056	59.44958
YPL135W	150.468626	159.114324	160.459026	100.578316	104.948204	94.810454
YPL137C	23.935378	24.318662	24.939785	31.145294	28.512713	30.077756
YPL138C	48.10283	46.439331	44.523352	34.156578	37.237857	35.055737
YPL139C	10.856535	11.449512	11.113082	10.65925	11.01074	9.995432
YPL140C	26.592736	25.631921	23.562395	21.304286	22.141834	20.167337
YPL141C	19.84054	19.803457	19.956451	15.978526	14.617663	15.10295
YPL143W	2680.334798	2732.472978	2557.475301	3925.541361	3420.796709	3873.010131
YPL144W	65.115628	66.212989	63.92687	54.300601	46.108279	54.303125
YPL145C	149.244614	148.990573	147.749115	99.006347	104.942764	101.547045
YPL146C	10.643818	10.863837	11.32439	10.769866	11.404671	10.97588
YPL147W	1.36598	1.224805	1.142669	2.576311	2.504875	2.416023
YPL148C	37.473728	34.786804	36.530372	42.20684	43.922591	41.609971
YPL149W	61.448656	59.160561	58.454219	60.437677	60.094777	61.351497
YPL150W	21.416857	20.737996	19.820274	20.012882	20.903637	19.661648
YPL151C	40.875131	41.344732	42.129	37.926391	40.044544	36.749638
YPL152W	24.216116	22.807493	22.667908	18.832054	20.866248	17.533177
YPL152W-A	1.243085	1.647478	1.875784	1.54709	1.62883	1.314318
YPL153C	12.528525	13.513211	14.942443	19.343017	17.99338	18.7387
YPL154C	668.794708	627.843972	631.785658	642.947847	706.125523	596.707313
YPL155C	25.108615	24.03257	25.572015	17.193285	16.885308	18.447462
YPL156C	28.966759	30.505846	30.841824	19.491301	20.309212	19.997892
YPL157W	25.002266	25.992966	27.42658	23.671459	24.698867	24.75022
YPL158C	19.537182	19.957124	19.942349	12.777278	12.65532	12.476604
YPL159C	147.535945	164.060846	189.397403	146.740304	150.99229	152.275956
YPL160W	106.872123	109.342445	101.21013	81.710492	82.640018	81.922542
YPL161C	14.366244	14.71474	14.008833	10.785178	11.975006	11.052201
YPL162C	51.962253	55.570481	49.187847	39.575164	41.133486	41.908465
YPL163C	123.344389	116.818043	135.955949	69.664261	64.602534	82.073572
YPL164C	8.026101	7.4605	7.144472	9.637897	9.034533	8.800394
YPL165C	16.857779	17.016257	15.249864	16.322532	18.097652	15.257741
YPL166W	7.642748	6.670446	6.680593	7.174833	7.317063	6.004955
YPL167C	2.655931	2.304047	2.227623	3.416929	3.541721	3.255908
YPL168W	22.257705	21.442687	21.729913	15.4135	17.677948	14.6435
YPL169C	33.736045	35.380937	36.124706	32.234837	35.156853	31.667948
YPL170W	136.906581	139.390173	138.357781	208.160875	217.548308	234.886588
YPL171C	3.300554	3.556172	3.401079	14.484517	15.812466	13.958032
YPL172C	25.146685	24.759168	26.213647	25.93064	27.685796	24.065118
YPL173W	43.156809	44.552452	44.948431	54.149587	55.35379	52.324286
YPL174C	4.76603	4.88757	4.691171	4.3409	4.732038	4.439361
YPL175W	35.825609	36.772178	35.336652	31.282158	32.011719	32.417852
YPL176C	35.149476	33.37883	32.322476	24.16793	25.616238	23.665429
YPL177C	245.089006	235.565765	228.833467	220.078593	233.973946	213.895896
YPL178W	75.867071	74.511585	76.697895	60.256993	59.349234	61.952151
YPL179W	41.485895	43.268131	44.029076	44.918574	53.050973	49.641873
YPL180W	21.56118	23.121517	20.716761	19.325845	21.61867	18.95829
YPL181W	102.902248	98.125671	99.08722	96.652619	111.692409	96.608101
YPL183C	10.53383	11.412056	10.696173	10.216925	10.852097	11.580544
YPL183W-A	58.462577	53.643321	57.587261	99.618403	99.17061	93.726489
YPL184C	1.311467	1.263133	1.335777	1.166707	1.328026	1.385365
YPL186C	32.439835	27.458062	29.65522	138.562361	142.872032	123.254259
YPL187W	2378.811972	2308.233305	2290.398686	1432.146059	1498.872346	1452.611583
YPL188W	74.502623	77.394258	74.321332	27.135384	29.261814	26.631429
YPL189C-A	27.510502	23.736919	27.138818	65.299729	55.164043	61.1041
YPL189W	0.300456	0.346523	0.401167	0.234586	0.233478	0.233506
YPL190C	33.378407	33.666514	32.577685	34.880768	36.674666	34.174825
YPL191C	27.461073	26.895237	26.299431	15.197044	16.069868	15.462859
YPL192C	10.384281	11.102286	10.453497	12.343575	13.651087	11.729985
YPL193W	19.268987	19.469183	17.534337	20.148982	21.357271	19.070076
YPL194W	6.261867	6.728782	6.04646	5.59022	5.949401	5.979123
YPL195W	10.43724	10.119045	10.05893	9.073619	9.782185	9.326405
YPL196W	118.787503	110.240641	103.138338	103.076508	117.141014	96.907753
YPL198W	338.905653	359.640005	313.984276	297.742975	326.563381	319.34178
YPL199C	77.774054	80.407906	76.008171	55.560274	56.181574	55.572875
YPL200W	0.06091	0.072246	0.076898	0.363093	0.359591	0.389378
YPL201C	0.892367	0.806794	1.039	4.770367	5.064528	4.413047
YPL202C	23.561374	25.100283	25.350409	14.558443	14.766712	14.141827
YPL203W	72.296984	70.967005	64.407312	78.974649	84.02589	72.271899
YPL204W	130.597164	139.96709	140.09799	164.358802	167.840774	166.775901
YPL206C	227.85417	222.418352	228.269122	221.444572	221.229395	218.385444
YPL207W	59.592517	58.584825	61.74284	43.657572	45.686534	46.134257
YPL208W	29.345788	28.888534	30.369841	25.250294	26.30557	26.291823
YPL209C	2.445664	2.231015	2.38663	2.042642	2.220922	1.86269
YPL210C	25.543568	24.203258	24.191333	20.380131	23.580891	20.408434
YPL211W	76.619946	80.976159	82.41618	89.392059	93.677126	99.530216
YPL212C	79.102563	84.9012	83.244835	50.591099	52.700101	54.210704
YPL213W	51.067468	47.472414	48.293532	34.442058	36.532001	33.210981
YPL214C	156.287101	149.641336	137.859117	53.812033	55.744119	56.123214
YPL215W	72.805257	72.531518	73.637874	91.567922	94.856702	93.052877
YPL216W	7.794583	7.646096	7.666598	5.448544	6.259323	5.670404
YPL217C	13.501772	14.019032	13.27008	18.243926	18.414685	18.835616
YPL218W	633.584503	634.377088	656.998767	705.486291	641.016642	731.652662
YPL219W	14.385277	16.082374	14.93443	17.871113	16.220572	15.888707
YPL220W	815.940535	876.836828	835.405258	1130.934221	1089.502096	1209.788245
YPL221W	91.710327	100.691143	104.737112	114.336382	107.622663	119.059656
YPL222W	29.835773	27.492906	28.867053	33.919085	33.213155	32.801883
YPL223C	37.883514	30.478072	34.59197	1263.636358	923.326245	1195.730984
YPL224C	71.250397	75.793174	77.561279	64.799749	68.209065	63.638084
YPL225W	367.283137	346.560077	341.473358	377.981656	407.176645	384.663958
YPL226W	67.066994	73.478203	72.405899	79.113501	82.402247	84.728139
YPL227C	32.94268	32.541396	31.299439	27.162429	28.294425	27.920881
YPL228W	22.052284	21.744787	21.634168	18.132113	19.038978	18.861693
YPL229W	78.986421	91.430873	103.762816	83.231897	89.100506	91.583332
YPL230W	29.629563	27.320445	24.689682	73.220182	70.128065	67.045169
YPL231W	18.328169	19.33015	17.782644	29.638853	32.18509	31.215942
YPL232W	124.438542	123.729197	131.179211	119.149259	109.293241	114.860054
YPL233W	65.725372	65.697356	66.708935	47.388527	49.705591	45.89335
YPL234C	445.530829	453.532587	438.397672	284.497461	298.717113	282.66923
YPL235W	39.302329	41.398957	41.183964	42.4423	45.503978	41.929657
YPL236C	51.849506	52.335135	49.649186	41.801382	45.553109	41.627294
YPL237W	278.156889	289.055342	282.046954	303.546999	303.014828	301.285938
YPL239W	147.523812	144.82125	146.605786	151.787506	143.438719	147.231973
YPL240C	180.792949	161.190982	150.575609	235.332783	276.886886	216.536905
YPL241C	10.590026	10.862413	10.2555	6.783222	7.069658	6.890165
YPL242C	12.42887	11.999907	12.120301	11.479869	11.447955	11.291833
YPL243W	39.191754	39.127738	37.296818	33.295212	36.91025	34.657915
YPL244C	80.385384	81.098866	83.393014	70.552355	69.194371	69.286551
YPL245W	31.477575	31.969519	29.379115	34.025329	39.44911	35.971006
YPL246C	92.448067	97.797256	98.724826	92.348886	94.937794	87.206672
YPL247C	17.675834	16.272057	15.692362	22.752875	22.731491	21.20126
YPL248C	12.879254	12.708152	13.095134	12.254416	12.750657	12.740381
YPL249C	14.967871	14.481571	13.101813	13.18681	14.230843	12.617135
YPL249C-A	2856.684135	3035.091034	2837.165857	4034.634413	3853.955354	3899.477842
YPL250C	2522.046389	2403.682483	2290.91188	198.486071	244.131614	208.196256
YPL252C	65.709332	68.054178	64.864364	40.67755	43.974307	42.363903
YPL253C	7.468895	7.866954	7.991909	4.797296	5.554537	4.853699
YPL254W	19.752885	19.083693	18.824269	12.668761	14.400617	13.102048
YPL255W	19.916773	19.037421	20.959315	21.391524	21.371474	21.798344
YPL256C	16.340269	15.682201	15.112861	8.037403	8.648551	9.844471
YPL257W	9.958296	9.583287	10.326871	7.683747	8.702547	7.882862
YPL257W-B	4.884145	4.645074	3.788584	0	1.638118	1.822416
YPL258C	107.428018	101.97478	77.072179	35.810151	35.864144	35.083179
YPL259C	18.650488	19.135151	18.298346	17.218811	18.575115	17.360534
YPL260W	24.748289	23.690122	23.941522	34.247417	35.572389	33.503507
YPL261C	0.110771	0.109093	0.092947	0.140303	0.160914	0.142214
YPL262W	203.559217	201.326485	204.239956	244.434	233.187464	240.098853
YPL263C	16.767002	15.990348	15.365111	11.653277	12.581568	12.458786
YPL264C	57.686596	58.873243	58.98535	13.34473	14.49582	12.873544
YPL265W	624.855854	612.052524	597.490659	294.344618	311.503134	295.460708
YPL266W	77.935496	85.995401	81.02614	78.463233	80.286368	75.073744
YPL267W	42.592211	39.538428	42.342843	38.447834	37.013595	37.593412
YPL268W	5.677246	5.918669	5.739941	5.226963	5.6186	5.670692
YPL269W	6.034032	6.046034	5.770815	5.556658	5.553893	5.729477
YPL270W	44.213167	45.80356	44.469601	41.205513	40.436437	40.107878
YPL271W	376.033229	342.858409	346.316702	1636.821185	1355.594076	1599.524531
YPL272C	332.070935	387.241952	345.253968	243.451602	242.967333	281.939425
YPL273W	278.722931	274.855578	259.742972	140.053436	124.478736	142.135861
YPL274W	251.701032	248.491107	237.963387	69.255268	74.093505	65.000127
YPL275W	14.855632	12.570206	12.776995	6.327536	5.171869	5.854159
YPL276W	9.244257	9.084481	9.385259	5.948804	4.623865	5.667355
YPL277C	23.272237	23.346333	24.809934	13.534037	15.40503	12.360846
YPL278C	17.308631	17.090004	24.269636	12.123386	16.751839	15.341135
YPL279C	12.478928	12.334559	11.65511	12.662377	12.68813	13.773809
YPL280W	25.258231	24.75463	20.280687	33.560051	30.127118	37.688051
YPR001W	24.23698	24.297766	22.346483	20.898947	21.816671	22.289664
YPR002W	19.379679	17.799481	19.135531	28.522196	24.455203	27.003274
YPR003C	8.22989	7.964462	8.097948	6.043882	6.295118	5.873463
YPR004C	169.039869	166.075469	163.257738	184.648385	186.800629	187.11801
YPR005C	30.770869	28.392938	28.41436	33.166665	33.47186	30.251663
YPR006C	19.498679	17.856123	18.1203	19.38112	20.40083	18.942483
YPR007C	3.712672	3.587583	3.953023	4.454648	4.930055	4.722644
YPR008W	69.488519	75.677942	77.010831	82.430139	86.783921	82.242834
YPR009W	47.01678	54.912708	65.375193	45.351334	39.446039	41.9795
YPR010C	47.332747	51.385429	45.905493	51.972771	52.538302	56.456518
YPR010C-A	274.307436	232.843511	217.590995	1379.316655	1106.179425	1389.890872
YPR011C	42.032849	41.20969	40.171359	43.562635	42.038178	42.035599
YPR013C	80.684685	81.057438	86.600372	86.100617	96.741277	80.283705
YPR014C	6.78685	6.442049	5.996358	3.179428	3.805436	2.973508
YPR015C	77.888094	78.726552	76.768874	70.146221	63.039261	71.511785
YPR016C	315.7761	327.652564	336.112294	350.931331	349.513259	359.261739
YPR017C	53.405186	57.353299	54.284212	44.14021	44.502739	42.484785
YPR018W	33.491439	33.315883	33.500547	35.523487	36.088873	34.49201
YPR019W	30.910447	32.158125	31.794158	36.620278	34.723084	35.480184
YPR020W	43.156159	37.885492	37.269583	121.9291	109.11636	129.124738
YPR021C	1.160395	1.160927	1.056217	1.839738	1.82886	1.774595
YPR022C	12.538043	12.0719	12.881264	11.792396	11.63702	11.743846
YPR023C	80.735362	78.843556	80.133066	67.325247	69.169739	65.781173
YPR024W	50.793557	48.992169	49.793452	54.789274	51.293637	52.573069
YPR025C	31.346777	28.262047	29.022828	20.66884	20.837008	21.556956
YPR026W	7.207643	7.112138	6.951498	12.671556	12.308524	12.113665
YPR027C	10.000672	9.41722	10.060863	18.790429	18.151386	17.310826
YPR028W	221.644527	212.412409	218.407227	155.308913	157.150081	157.292854
YPR029C	8.617752	8.740699	8.631868	7.419031	7.979529	7.554799
YPR030W	6.038619	5.727314	5.549814	52.144247	45.632185	48.475713
YPR031W	4.413602	3.846484	4.038923	4.099214	4.050888	3.958736
YPR032W	9.940212	10.128132	10.113118	7.964506	8.798937	8.514036
YPR033C	133.116673	135.880029	131.209037	102.608535	103.059827	109.979142
YPR034W	87.66181	89.690575	90.716476	67.408911	69.929358	68.252404
YPR035W	920.280557	1012.763559	1043.878363	1212.49515	1149.212869	1204.43178
YPR036W	463.610425	459.886754	458.739481	310.380992	305.729921	303.954698
YPR036W-A	13388.972368	12426.742185	11888.494412	7575.560028	6839.828293	7138.913262
YPR037C	39.752436	41.089567	42.326168	100.002786	96.445952	98.852559
YPR038W	22.650052	27.324709	26.280351	46.355433	46.197144	43.462983
YPR040W	39.434024	40.051686	41.260014	44.865637	45.315114	42.046925
YPR041W	135.140073	141.429982	144.749627	181.064453	183.851787	181.071483
YPR042C	0.220798	0.21078	0.207954	0.171657	0.173197	0.171967
YPR043W	747.995832	817.753612	770.79966	1319.733694	1239.544752	1340.125459
YPR045C	6.189779	5.727091	5.405278	4.627367	4.919802	4.545125
YPR046W	54.497087	45.266292	44.656401	32.120889	31.453854	32.759991
YPR047W	5.933126	5.552991	5.57659	5.71177	5.832788	4.910815
YPR048W	12.545323	12.173236	11.683628	8.116491	8.787549	8.493812
YPR049C	2.393752	2.156577	2.274111	2.590631	2.630062	2.691508
YPR051W	105.911341	102.887011	101.208035	112.113896	100.751953	104.714863
YPR052C	268.313575	258.13515	264.085609	331.881018	293.464306	331.122995
YPR053C	62.564731	63.442623	61.175878	64.933054	55.751836	62.551401
YPR054W	46.790574	43.152895	43.168148	33.116162	30.981279	32.224704
YPR055W	4.318607	4.203996	4.243806	3.711665	3.822354	3.703676
YPR056W	24.437876	24.015954	24.970657	19.447434	22.748339	19.837837
YPR057W	97.030338	90.666585	94.010672	64.318142	63.056615	64.427452
YPR058W	107.899161	105.416269	101.395187	60.505514	54.482843	61.139093
YPR060C	1.333662	1.409192	1.484409	1.145874	1.236288	1.189228
YPR061C	9.602022	9.995745	12.644403	21.583484	17.173297	21.91746
YPR062W	196.118465	195.716421	207.635801	201.836167	167.843791	214.873696
YPR063C	514.762942	504.372724	548.721989	470.563994	451.400153	458.137529
YPR064W	4.075971	3.9792	3.689118	1.467958	1.790571	0.972646
YPR065W	37.972909	36.275798	40.590922	32.158156	34.897794	43.128968
YPR066W	16.923689	15.818441	16.208013	12.404748	14.525533	13.079046
YPR067W	60.80457	57.475495	57.705311	54.441948	52.438504	51.577485
YPR068C	13.127374	12.147235	13.37271	11.995433	12.558256	12.579552
YPR069C	129.161671	123.955124	121.827368	120.433158	118.373573	114.646483
YPR070W	3.188431	3.458447	3.391921	2.55747	2.853488	2.729869
YPR071W	22.820809	22.497831	22.754927	18.335841	22.821289	20.345083
YPR072W	17.365398	17.466421	17.388878	15.206427	17.679554	16.248212
YPR073C	74.558796	69.806379	74.903402	61.942342	59.148387	61.197928
YPR074C	466.652574	471.426152	484.282691	280.156796	289.140322	291.771429
YPR075C	132.952674	124.03459	122.108677	127.48252	122.525653	119.212172
YPR078C	12.960256	13.227076	13.730099	8.466219	8.911728	7.795461
YPR079W	63.999152	59.695933	65.084548	43.350688	47.092156	40.490098
YPR080W	10160.708466	10831.738672	11500.589117	9998.19891	10255.412202	10019.641068
YPR081C	31.133593	28.782435	27.159911	29.228667	31.105288	29.36579
YPR082C	71.914965	73.322094	70.51617	99.252822	98.716051	108.152452
YPR083W	37.543009	38.298698	36.67767	33.811196	35.034346	36.466932
YPR084W	22.262804	22.008872	21.084834	21.908822	23.859577	20.590758
YPR085C	25.955768	25.130968	25.464445	23.515725	23.574866	23.315819
YPR086W	92.79352	91.293451	89.981193	68.547007	71.835609	68.726647
YPR088C	49.328508	47.658802	46.268757	51.034712	55.714629	51.678896
YPR089W	19.851273	20.393636	20.747117	16.033729	16.951023	16.887641
YPR091C	6.533187	6.488124	5.90667	6.992748	6.716962	6.3851
YPR093C	16.699092	15.786101	16.956528	21.828798	23.065034	21.6591
YPR094W	36.959281	36.537719	34.23489	42.97727	42.619979	40.428888
YPR095C	7.249013	7.809377	7.544717	6.784198	7.731065	7.606141
YPR096C	3.201386	4.960777	4.892871	3.306293	4.545883	3.934849
YPR097W	12.181442	12.403711	12.243684	12.204448	13.443292	12.798095
YPR098C	157.485793	144.037527	151.313893	208.077732	209.096386	215.964008
YPR099C	124.906203	134.106018	120.282894	169.868286	169.358083	163.02084
YPR100W	98.140878	85.610427	90.570433	161.975455	135.162834	145.92916
YPR101W	40.53666	38.591899	35.925288	37.595092	39.918695	35.867817
YPR102C	1309.567103	1403.793285	1327.07473	1634.839517	1534.475582	1657.333615
YPR103W	267.806946	250.370121	245.39621	249.801088	255.139297	229.173098
YPR104C	17.594871	17.971295	18.157644	15.184066	15.033072	15.837694
YPR105C	23.248934	22.747474	22.418832	18.399413	19.289987	18.523199
YPR106W	24.759612	24.507231	24.723237	15.514826	16.374463	16.001898
YPR107C	52.295204	50.746032	45.733512	35.861367	37.576019	36.085108
YPR108W	48.973569	45.121927	43.377973	40.428783	44.71767	38.325125
YPR109W	38.971797	40.294611	39.575744	36.167274	35.433029	34.914018
YPR110C	150.326039	162.623132	156.430766	147.457598	160.424226	163.388512
YPR111W	21.057568	20.717423	19.950993	13.984407	14.458623	13.865066
YPR112C	25.5843	27.213579	26.739296	33.09325	32.724017	34.771399
YPR113W	585.133566	592.312727	582.554292	613.239927	626.912111	609.996763
YPR114W	126.872921	136.601383	130.287586	81.168681	96.366478	84.863416
YPR115W	31.887766	31.633193	30.547394	29.344084	27.779765	29.211633
YPR116W	2.392743	3.082374	2.319915	3.31412	2.587245	2.798611
YPR117W	5.132089	5.243676	5.61026	7.163314	6.378968	7.346744
YPR118W	57.571373	56.60553	57.191644	37.038886	35.628041	36.729276
YPR119W	19.675712	20.063771	20.580025	14.236992	13.533479	15.486859
YPR120C	23.101745	23.130248	23.358835	22.257438	23.509585	21.872756
YPR121W	107.567097	104.497975	93.130496	8.31805	10.496939	8.764325
YPR122W	3.915311	4.058099	3.954057	2.291698	2.439122	2.275401
YPR124W	78.202428	75.947943	80.24977	60.749034	72.336191	57.130644
YPR125W	36.808813	40.820764	47.184599	54.286144	53.346882	56.157464
YPR127W	91.58684	86.692702	91.675677	101.48787	106.319445	98.091016
YPR128C	41.859611	44.175105	44.458766	27.458289	26.294601	28.490937
YPR129W	89.851145	91.326108	89.216033	77.154847	76.433659	75.083223
YPR131C	45.533174	43.08511	46.511149	31.404306	30.809603	31.715538
YPR132W	2317.505734	2403.084185	2244.825747	3223.463758	3120.714754	3290.169718
YPR133C	81.321966	82.861574	82.413905	85.237031	91.368668	84.517783
YPR133W-A	234.321533	221.860327	233.30069	321.966612	338.185906	331.865196
YPR134W	55.571928	52.83977	56.262427	42.497155	42.196679	39.418342
YPR135W	15.152991	15.54421	14.344105	18.959025	19.818337	18.709811
YPR137C-B	182.050248	176.15961	171.805917	23.726942	40.716634	24.798066
YPR137W	56.864648	63.202054	67.512378	77.813884	77.08206	77.974546
YPR138C	75.154619	75.768588	75.935296	39.154901	55.033382	40.018225
YPR139C	58.434354	59.930195	60.920329	57.414744	49.69593	54.172515
YPR140W	37.348532	36.76902	34.551291	38.191198	40.405247	37.613713
YPR141C	3.170608	3.195247	3.220199	3.146958	3.411257	3.118413
YPR143W	51.918145	56.889814	52.615964	57.75344	66.873748	56.215364
YPR144C	8.68388	9.611754	9.135617	8.465981	8.592424	8.731429
YPR145C-A	54.945404	64.338725	58.984437	49.182942	40.792349	60.453216
YPR145W	748.623348	743.381551	716.340002	260.153079	246.365735	278.078064
YPR147C	58.415793	61.374945	58.972088	39.020066	44.290175	41.929294
YPR148C	135.678931	129.533548	130.914348	123.730541	130.612419	119.020542
YPR149W	1156.352718	1028.245661	991.498746	753.592846	816.615024	652.635664
YPR151C	3.689154	3.66242	4.79364	10.996276	9.604645	10.206247
YPR152C	1.339492	1.312585	1.277555	2.168741	2.03409	2.047608
YPR153W	9.376148	11.760728	13.58311	10.704068	13.32387	13.072671
YPR154W	51.883949	54.091244	53.454399	58.343736	67.192406	60.99435
YPR155C	16.944048	15.907799	17.069522	18.604223	16.708983	19.366024
YPR156C	94.922049	92.649878	94.376246	61.458773	69.61549	66.997826
YPR157W	20.058012	20.141225	19.553451	11.27934	9.025922	10.408332
YPR158C-C	0	0	0	45.458978	47.251243	49.625819
YPR158C-D	16.686351	16.902467	16.599406	1.95413	2.998975	3.087482
YPR158W	47.109454	41.752477	39.835446	39.552019	37.264035	35.002724
YPR158W-B	10.907622	7.109373	12.687111	4.110105	3.701388	4.060948
YPR159C-A	1.243085	0.732212	1.406838	1.031393	2.443246	1.533371
YPR159W	105.162201	109.272913	112.450611	84.416316	84.985474	90.060313
YPR160W	106.814804	98.66603	94.897293	154.699471	163.096159	142.924474
YPR161C	15.477377	15.3369	15.573771	9.755663	10.459905	9.97451
YPR162C	19.550113	18.859701	18.648844	11.262713	12.772002	11.346285
YPR163C	286.564933	298.887769	284.087419	358.02895	371.38656	358.54106
YPR164W	3.633593	3.760922	3.706721	4.127063	4.669781	4.161503
YPR165W	367.710802	363.823141	358.302344	358.511838	366.329136	368.079023
YPR166C	49.937973	47.788833	47.686679	74.20893	65.264765	67.315029
YPR167C	474.938954	453.728627	384.06988	28.471596	33.062491	28.300486
YPR168W	152.815086	152.54778	135.700218	59.775488	60.238264	55.449944
YPR169W	73.809581	69.443054	64.613418	34.454113	36.24084	31.925053
YPR170W-B	1083.348626	1074.887656	1068.493712	764.77814	778.377313	733.608279
YPR171W	2.035131	2.026024	2.035793	1.748212	1.814174	1.748998
YPR172W	41.496266	38.064953	36.891529	53.787496	49.456199	49.914755
YPR173C	136.071837	134.388913	129.822348	109.631602	119.991333	110.428463
YPR174C	36.366385	37.741093	35.443317	31.758842	31.078053	31.242863
YPR175W	20.877029	21.283114	22.1317	16.636327	16.64361	16.939038
YPR176C	75.54108	74.107817	70.266079	54.426672	52.901355	51.779177
YPR178W	29.453799	29.24722	28.009232	20.260356	21.317195	21.580995
YPR179C	14.873626	14.609634	14.262168	13.038538	13.748791	13.622682
YPR180W	35.652208	35.12967	35.984465	29.162384	31.230672	29.742811
YPR181C	50.962622	51.793879	51.661405	52.198494	49.136842	52.153623
YPR182W	19.605539	16.988356	18.890103	23.048406	20.61918	20.168107
YPR183W	61.486817	62.679193	64.30488	88.689134	80.552561	90.29189
YPR184W	23.436642	21.383699	21.589841	62.571476	59.35202	59.143019
YPR185W	29.865171	31.189096	28.994893	17.037193	16.707425	15.928266
YPR186C	19.140345	19.83618	19.608599	16.462399	17.442993	17.540035
YPR187W	344.789608	334.3942	337.196646	393.05274	376.69846	400.968483
YPR188C	124.298475	120.036621	135.638408	134.193531	129.02143	132.240744
YPR189W	10.305794	10.56338	10.527321	8.844785	8.325118	9.270625
YPR190C	16.082009	17.544567	17.455922	21.083048	21.657709	23.778923
YPR191W	93.019365	89.005543	89.37632	299.43684	276.381469	314.15108
YPR192W	3.278078	3.137686	3.365463	16.127793	10.415936	16.040523
YPR193C	5.583994	4.411044	5.069097	7.089205	6.685252	7.799032
YPR194C	9.77821	9.799885	9.807558	10.829373	12.734328	11.94415
YPR195C	14.746404	16.222483	13.913071	17.563703	18.944217	18.423179
YPR196W	19.670478	19.634846	19.677953	14.261907	15.096994	15.944312
YPR198W	45.721936	48.539556	46.005929	22.770754	24.886552	22.606435
YPR199C	59.296996	55.491878	57.102126	57.406639	55.016319	56.777899
YPR200C	17.635462	17.476589	16.359023	15.937133	16.479957	16.402967
YPR201W	4.878246	4.92565	4.910512	4.939954	5.857853	5.528503
YPR202W	15.554681	17.948495	18.027496	17.262503	19.501704	18.971426
YPR203W	0	0	0	0	0	0
YPR204W	143.712493	144.451808	146.652189	230.494284	203.582971	225.932866
