gene_id	JCYL001B	JCYL002B	JCYL003B	JCYL001D	JCYL002D	JCYL003D
cdt-1EGFP	26485.364	26256.956	28482.768	17627.998	16674.272	18076.046
gene-Q0158	875854.853	898059.845	869758.042	889385.502	910125.996	883709.797
gh1-1	16734.349	16484.951	17859.103	11377.728	10734.743	11605.936
NR_132153.1	2453.678	2509.838	2530.191	2462.411	2476.298	2484.491
NR_132166.1	387.164	392.518	394.657	336.683	336.417	340.657
NR_132171.1	1529.845	1499.091	1554.687	1209.537	1176.416	1201.962
NR_132176.1	1856	1856	1856	1856	1856	1856
NR_132177.1	1007.105	995.49	1006.166	1035.524	1016.388	1020.74
NR_132251.1	1721.751	1689.621	1722.982	1753.463	1661.199	1691.072
NR_172474.1	5790.067	5823.856	6156.542	4779.835	4648.415	4830.33
NR_172475.1	783.165	794.982	795.636	777.959	783.25	788.671
NR_172476.1	609.809	631.858	632.757	534.268	544.642	549.555
NR_172477.1	12749.44	12977.88	12888.439	12362.271	12337.095	12232.272
NR_172478.1	2463.825	2420.443	2384.915	2508.692	2424.763	2408.736
Q0020	485082.047	499752.819	482692.796	497170.222	512342.488	496306.24
Q0045	16096.001	16040.941	15785.743	15713.11	15363.568	15185.686
Q0050	156768.123	161692.556	158896.351	153328.273	155362.315	153013.947
Q0055	108323.073	111370.991	109991.994	105614.954	106423.502	105346.583
Q0060	158940.093	164139.661	161168.725	157367.23	160930.167	160492.92992063
Q0065	1622	157868.678	1622	149924.969	152218.15	150499.052
Q0070	38736.5026835363	1844	295266.281	294337.249	1844	295135.279
Q0075	396339.817	396339.817	396339.817	396339.817	396339.817	396339.817
Q0080	98	98	98	98	98	98
Q0085	41048.3053137597	42715.262	42267.205	40581.236	40156.77	39610.061
Q0105	6960.608	6996.493	7003.561	6825.824	6727.954	6732.64
Q0110	1223	202262.104	196977.476	197024.539	200570.727	195979.916
Q0115	39548.8626962917	356433.75	1505	342605.207	349803.553	1505
Q0120	241666.522	247654.564	244350.801	242969.595	247439.76	243103.606
Q0130	76.212	77.1490749088525	75.001	79.505	77.472	77.629
Q0140	747243.509999999	747243.51	747243.509999999	747243.509999999	747243.509999999	747243.509999999
Q0160	126508.770481428	128698.226	126249.319	126508.770481428	126880.563	124246.979
Q0250	19188.371	19756.634	19209.588	18526.272	18714.743	18391.284
Q0255	466553.51	466553.51	466553.51	466553.51	466553.51	466553.51
Q0275	5377.071	5345.954	5210.583	5251.74	5093.325	5036.774
Q0285	249023.299	251619.09881114	246455.826	252836.689	259079.752	250879.615
tA(UGC)Q	27	27	27	27	27	27
tC(GCA)Q	27	27	27	27	27	27
tD(GUC)Q	26	26	26	26	26	26
tE(UUC)Q	23	23	23	23	23	23
tF(GAA)Q	26	26	26	26	26	26
tG(UCC)Q	26	26	26	26	26	26
tH(GUG)Q	26	26	26	26	26	26
tI(GAU)Q	27	27	27	27	27	27
tK(UUU)Q	25	25	25	25	25	25
tL(UAA)Q	36	36	36	36	36	36
tM(CAU)Q1	27	27	27	27	27	27
tM(CAU)Q2	29	29	29	29	29	29
tN(GUU)Q	22	22	22	22	22	22
tP(UGG)Q	23	23	23	23	23	23
tQ(UUG)Q	27	27	27	27	27	27
tR(ACG)Q2	25	25	25	25	25	25
tR(UCU)Q1	24	24	24	24	24	24
tS(GCU)Q1	37	37	37	37	37	37
tS(UGA)Q2	41	41	41	41	41	41
tT(UAG)Q2	25	25	25	25	25	25
tT(UGU)Q1	27	27	27	27	27	27
tV(UAC)Q	27	27	27	27	27	27
tW(UCA)Q	25	25	25	25	25	25
tY(GUA)Q	35	35	35	35	35	35
YAL001C	5210.504	5352.758	5399.886	5238.86	5256.974	5314.508
YAL002W	6887.478	7130.003	7208.652	6878.094	7024.113	7103.129
YAL003W	232.454	230.946	233.035	222.937	221.007	223.321
YAL005C	1722.278	1699.731	1773.384	1284.331	1252.922	1303.701
YAL007C	230.363	231.293	231.202	237.192	235.703	234.695
YAL008W	434.107	436.818	436.217	450.263	445.935	444.576
YAL009W	627.645	635.295	643.306	644.254	643.445	644.318
YAL010C	1258.73	1291.831	1313.875	1314.287	1325.301	1340.367
YAL011W	1187.355	1228.819	1227.889	1216.851	1240.471	1248.619
YAL012W	628.979	625.85	626.392	585.352	579.672	585.535
YAL013W	4106.942	4415.486	4722.173	2942.622	2999.454	3206.258
YAL014C	242.023	243.626	241.038	239.669	240.913	239.221
YAL015C	507.424	512.657	515.022	468.584	471.3	473.047
YAL016W	954.311	957.653	959.891	970.343	962.692	963.263
YAL017W	2415.36	2433.444	2435.3	2470.034	2454.961	2460.86
YAL018C	455.648	450.24	456.606	472.105	461.667	464.105
YAL019W	2195.956	2229.537	2235.843	2233.033	2237.959	2246.876
YAL020C	6141.249	6428.113	6890.873	4154.048	4168.675	4415.218
YAL021C	5163.091	5159.106	5554.371	3656.097	3527.903	3745.083
YAL022C	1314.903	1328.761	1331.649	1181.186	1176.491	1186.179
YAL023C	796.996	802.097	802.355	775.23	777.733	780.292
YAL024C	2819.045	2846.308	2855.524	2922.813	2910.865	2920.467
YAL025C	261.186	265.993	264.934	264.778	268.818	267.7
YAL026C	1951.774	1954.479	1954.979	2021.848	2004.764	2000.707
YAL027W	405.35	408.487	405.33	422.224	420.913	419.807
YAL028W	676.402	669.869	674.007	678.114	669.856	671.288
YAL029C	2265.521	2296.566	2307.92	2362.058	2367.99	2379.004
YAL030W	123.084	127.079	125.539	124.872	127.618	127.23
YAL031C	865.906	864.459	867.361	886.548	879.888	881.769
YAL032C	391.305	395.23	392.759	386.061	389.666	388.752
YAL033W	240.242	245.776	246.735	247.105	251.126	251.482
YAL034C	686.015	680.2	681.284	668.342	656.874	660.121
YAL034W-A	361.189	366.413	367.114	370.346	372.764	371.7
YAL035W	1200.004	1219.624	1217.746	1202.562	1215.139	1215.426
YAL036C	524	523.999	522.084	474.337	472.703	473.187
YAL037C-A	44	44	44	44	44	44
YAL037W	319.578	319.771	323.622	326.527	324.356	326.021
YAL038W	648.388	649.365	662.674	576.933	576.618	590.348
YAL039C	1510.525	1554.097	1584.199	1198.471	1207.67	1232.974
YAL040C	1503.594	1524.77	1552.055	1371.659	1362.88	1391.14
YAL041W	1178.067	1171.24	1178.233	1215.009	1198.116	1201.742
YAL042W	2577.577	2691.077	2799.075	1946.959	1971.425	2043.024
YAL043C	1122.62	1119.932	1126.432	1020.277	1015.188	1027.601
YAL044C	226.972	232.625	232.116	216.506	219.796	220.359
YAL044W-A	99.541	99.792	98.306	97.276	97.154	97.036
YAL046C	102.191	104.035	102.715	99.579	101.433	101.52
YAL047C	1777.549	1786.889	1793.68	1837.37	1817.498	1823.446
YAL048C	751.461	754.014	757.403	769.375	766.7	768.901
YAL049C	278.367	278.972	279.519	277.907	276.403	276.309
YAL051W	2073.188	2068.607	2078.827	2148.228	2117.365	2120.783
YAL053W	1085.112	1097.579	1096.959	1071.51	1075.037	1078.54
YAL054C	834.77	836.385	832.915	811.075	811.13	812.386
YAL055W	155.753	158.639	156.801	156.434	158.406	157.224
YAL056W	1830.573	1820.99	1836.262	1727.424	1698.588	1712.636
YAL058W	603.351	612.474	609.369	588.288	595.048	594.501
YAL059W	171.369	175.412	175.543	174.868	178.555	178.234
YAL060W	409.805	413.596	412.413	382.87	383.731	383.101
YAL061W	846.172	861.696	858.693	767.179	773.935	778.04
YAL062W	1387.05	1366.721	1370.281	1221.558	1196.615	1202.868
YAL063C	1083.069	1074.171	1072.365	1065.606	1057.093	1061.653
YAL063C-A	867.957	895.464	897.887	894.986	905.327	906.417
YAL064C-A	83.548	81.883	81.49	82.433	80.942	80.754
YAL064W	285.826	285.555	286.542	285.799	281.944	283.593
YAL064W-B	76.543	76.894	76.149	75.529	75.769	75.186
YAL065C	96.365	97.471	96.96	94.689	95.867	95.872
YAL067C	1482.277	1488.427	1500.098	1511.449	1496.185	1498.751
YAL067W-A	49	49	49	49	49	49
YAL068C	204.514	206.081	208.65	187.827	187.907	191.963
YAR002C-A	139.62	139.734	140.117	141.751	141.885	141.692
YAR002W	569.549	572.843	579.764	585.205	586.237	591.13
YAR003W	458.591	457.618	456.992	470.589	466.807	466.402
YAR007C	665.846	670.11	674.721	686.088	685.664	686.875
YAR008W	286.246	287.339	288.104	296.194	294.989	295.21
YAR009C	1892.963	1901.024	1900.415	1967.721	1950.56	1955.669
YAR010C	459.73332259359	459.73332259359	459.73332259359	461.219	457.935	460.052
YAR014C	668.579	672.312	670.626	671.862	673.126	671.558
YAR015W	309.992	311.286	309.602	299.728	300.133	300.699
YAR018C	511.676	522.79	522.371	524.966	532.373	532.586
YAR019C	2737.078	2737.724	2746.719	2804.296	2747.939	2775.266
YAR020C	4753.545	5255.163	5777.51	3195.44	3436.13	3746.204
YAR023C	157.892	158.223	158.886	161.502	161.272	160.942
YAR027W	293.829	298.505	300.55	303.534	305.369	305.15
YAR028W	281.054	283.666	281.621	274.593	275	273.006
YAR029W	58.267	58.315	58.453	60.201	60.109	60.022
YAR031W	827.643	771.115	775.052	838.003	767.001	776.553
YAR033W	541.598	560.3	565.491	556.095	563.564	562.786
YAR035C-A	32	32	32	32	32	32
YAR035W	14182.775	14337.815	15176.499	10087.932	9973.356	10475.122
YAR042W	7861.964	7691.031	7841.619	7570.864	7321.681	7483.941
YAR050W	1446.499	1435.537	1431.422	1398.074	1384.215	1390.542
YAR061W	284.887	284.62	285.694	286.753	286.211	286.412
YAR064W	373.46	371.17	373.097	332.808	326.905	328.499
YAR066W	471.001	472.931	482.711	409.217	403.901	416.72
YAR068W	132.559	131.959	132.254	129.09	128.58	129.403
YAR071W	432.654	433.812	433.926	432.5	431.692	431.902
YBL001C	86.294	85.138	85.617	88.075	86.437	86.518
YBL002W	115.446	114.097	114.344	117.19	115.395	115.894
YBL003C	103.115	104.962	104.59	105.247	106.558	106.736
YBL004W	8941.941	9049.713	9075.994	9220.433	9217.548	9241.404
YBL005W	9875.796	9807.767	10033.58	9915.945	9700.794	9810.566
YBL005W-A	829.363208757176	829.363208757176	829.363208757176	825.663	829.363208757176	833.08
YBL005W-B	3115.879	3111.027	3105.911	3211.373	3156.382	3167.733
YBL006C	289.478	296.479	294.289	272.053	275.459	277.152
YBL007C	2605.717	2571.336	2627.534	2228.806	2178.052	2216.413
YBL008W	1006.318	1022.755	1025.924	1030.57	1039.941	1040.861
YBL008W-A	137.115	139.311	141.824	145.192	145.558	146.502
YBL009W	939.795	927.696	941.771	964.553	946.482	956.754
YBL010C	242.185	243.267	243.781	248.837	248.862	248.138
YBL011W	843.836	852.696	851.507	836.888	840.061	839.308
YBL013W	1837.274	1870.208	1909.917	1522.228	1525.993	1564.14
YBL014C	1412.515	1452.851	1447.231	1401.285	1417.481	1415.253
YBL015W	623.091	627.684	621.123	593.041	594.29	593.288
YBL016W	625.522	627.878	626.321	576.319	571.763	576.498
YBL017C	2112.853	2132.391	2147.049	2171.716	2177.152	2182.321
YBL018C	135.47	140.252	141.175	140.837	144.195	143.646
YBL019W	1369.704	1440.116	1453.493	1413.4	1464.325	1481.473
YBL020W	865.681	866.109	870.671	894.103	885.865	887.657
YBL021C	149.922	153.271	151.311	147.102	150.16	150.227
YBL022C	1507.758	1525.056	1523.949	1527.127	1532.008	1534.92
YBL023C	1151.997	1160.55	1156.976	1132.165	1130.418	1128.999
YBL024W	794.04	801.25	804.026	817.737	819.111	819.08
YBL025W	107.548	109.678	109.38	109.36	111.239	110.895
YBL026W	123.205	127.072	127.754	129.027	131.593	131.401
YBL027W	114.849	116.085	115.263	113.073	114.367	114.236
YBL028C	176.997	181.018	182.627	186.088	188.227	189.221
YBL029C-A	87.245	87.243	87.722	89.223	89.141	89.122
YBL029W	34095.844	35016.936	33800.599	35020.269	35479.159	34510.306
YBL030C	274.29	276.389	276.955	274.209	276.474	277.397
YBL031W	354.338	353.69	355.583	363.054	360.291	360.946
YBL032W	21813.382	22491.762	23330.22	18612.19	18784.147	19531.976
YBL033C	476.53	486.471	478.221	453.109	459.629	458.251
YBL034C	13399.286	13458.084	13459.491	13125.818	12862.617	12868.268
YBL035C	1040.021	1049.904	1062.175	1065.676	1066.566	1075.008
YBL036C	387.765	411.336	417.829	403.707	421.356	424.692
YBL037W	1919.568	1891.674	1887.011	1982.65	1940.833	1939.735
YBL038W	254.777	258.325	257.361	262.308	264.276	262.609
YBL039C	513.591	516.41	516.887	523.352	524.087	522.055
YBL039W-B	58.83	58.437	59.027	61.138	60.128	60.029
YBL040C	212.304	212.008	212.936	218.98	217.726	218.063
YBL041W	238.864	236.425	236.949	243.701	240.221	240.001
YBL042C	559.595	558.377	557.891	565.393	561.595	562.164
YBL043W	397.391	403.015	406.49	379.524	382.701	387.218
YBL044W	506.219	526.656	535.659	395.198	401.459	411.026
YBL045C	535.997	525.048	531.836	511.021	500.39	506.033
YBL046W	759.445	769.362	763.845	737.156	735.083	733.17
YBL047C	3718.219	3810.778	4007.072	3026.81	3020.302	3132.403
YBL048W	4725.168	4833.541	4874.201	4553.171	4567.635	4581.334
YBL049W	90.787	90.011	89.857	92.589	91.459	90.919
YBL050W	472.697	468.719	467.409	485.388	474.412	472.083
YBL051C	1061.587	1048.225	1056.77	1091.958	1066.304	1074.971
YBL052C	1929.093	1952.468	1944.314	1986.359	1981.723	1975.568
YBL054W	692.089	702.471	710.43	651.608	653.208	660.831
YBL055C	351.967	354.833	353.966	359.367	360.182	358.916
YBL056W	527.442	537.133	536.454	539.672	544.384	543.232
YBL057C	158.254	162.283	161.804	157.405	161.162	160.963
YBL058W	638.868	638.467	637.999	634.221	627.319	629.544
YBL059C-A	89.914	91.005	91.493	93.522	94.189	94.196
YBL059W	355.807	346.215	348.104	373.212	359.303	357.6
YBL060W	1031.656	1037.539	1040.995	1069.181	1063.675	1062.254
YBL061C	1425.083	1515.102	1501.888	1460.022	1516.084	1511.797
YBL063W	7811.345	7874.565	7861.623	7764.775	7673.164	7669.667
YBL064C	316.616	320.606	323.889	318.059	321.269	323.53
YBL066C	1346.335	1344.882	1351.165	1377.909	1365.823	1368.606
YBL067C	1311.098	1322.731	1331.479	1356.275	1351.55	1354.634
YBL068W	999.248	1026.245	1018.487	991.847	989.906	992.896
YBL069W	532.097	535.299	531.147	529.727	528.738	526.966
YBL071C	110.859	113.244	113.254	115.591	116.485	116.445
YBL071C-B	49	49	49	49	49	49
YBL071W-A	188.249	196.45	198.24	158.825	165.091	168.709
YBL072C	141.318	142.464	142.196	139.39	140.673	141.069
YBL074C	456.005	452.683	455.761	471.389	465.133	466.681
YBL075C	3275.435	3247.605	3400.186	2414.41	2293.748	2384.719
YBL076C	1379.996	1381.481	1387.515	1418.093	1408.517	1408.51
YBL078C	82.379	83.505	83.524	83.837	84.815	84.564
YBL079W	3658.304	3691.699	3738.613	3685.236	3656.531	3703.955
YBL080C	705.643	706.731	707.801	702.063	700.011	700.696
YBL081W	360.497	353.413	354.411	356.049	349.664	352.418
YBL082C	1049.95	1046.869	1061.412	915.611	904.543	915.742
YBL084C	56338.506	58415.465	56288.398	58467.863	60459.78	58788.266
YBL085W	1680.373	1706.393	1715.8	1716.959	1729.502	1742.286
YBL086C	483.309	491.791	494.586	490.331	495.495	497.168
YBL087C	110.322	111.729	110.032	108.847	109.954	109.486
YBL088C	12011.084	12246.76	12360.15	12123.463	12162.959	12228.63
YBL089W	1041.225	1074.76	1065.089	1059.165	1067.802	1068.608
YBL090W	242.245	243.657	245.388	250.664	249.309	251.413
YBL091C	371.56	378.218	376.032	372.725	378.095	376.842
YBL091C-A	184.174	188.32	187.478	180.664	183.813	184.568
YBL092W	79.144	80.24	80.387	78.08	79.239	79.453
YBL093C	223.688	228.034	227.549	218.215	221.318	222.602
YBL095W	289.88	296.007	294.567	280.062	282.46	282.741
YBL097W	1028.317	1040.143	1038.644	1066.577	1067.058	1063.827
YBL098W	731.18	744.094	743.719	729.582	731.723	734.026
YBL099W	502.727	501.46	501.94	490.189	488.478	490.648
YBL100W-A	1268	1268	1268	1268	1268	1268
YBL100W-B	4110.272	4001.772	4000.542	4228.765	4043.742	4044.715
YBL100W-C	49	49	49	49	49	49
YBL101C	1555.683	1569.726	1576.17	1538.853	1541.649	1549.684
YBL102W	166.68	165.479	165.457	165.2	164.313	164.342
YBL103C	493.347	501.735	503.992	502.949	508.611	508.791
YBL104C	1455.29	1457.043	1459.582	1495.517	1483.257	1483.791
YBL105C	1576.076	1582.999	1588.754	1624.771	1615.553	1620.327
YBL106C	1109.4	1111.299	1115.97	1143.323	1136.059	1138.82
YBL107C	357.802	372.844	373.05	376.997	387.387	385.38
YBL108C-A	49	49	49	49	49	49
YBL111C	1081.78	1095.861	1097.354	1014.838	1022.3	1025.745
YBL112C	102.991	103.196	101.492	103.676	103.264	101.984
YBL113C	971.078	968.2	962.227	937.474	931.842	932.777
YBR001C	1008.954	1023.531	1017.959	1037.969	1041.29	1036.679
YBR002C	395.781	401.981	397.931	401.765	403.166	399.409
YBR003W	367.638	368.328	368.517	371.194	371.714	371.476
YBR004C	3038.084	3002.338	2978.422	3076.488	2984.2	2947.093
YBR005W	644.711	651.869	660.223	530.246	527.121	535.386
YBR006W	593.383	593.823	598.912	583.305	580.513	583.226
YBR007C	1319.859	1334.171	1335.311	1363.366	1360.612	1367.893
YBR008C	793.39	792.239	796.296	757.897	748.468	750.392
YBR009C	60.406	61.651	61.492	60.192	61.382	61.485
YBR010W	106.1	105.791	105.687	105.649	105.554	105.556
YBR011C	243.436	242.286	243.927	235.929	235.095	237.38
YBR012W-A	488.365250449812	483.693	488.365250449812	492.991	486.893	489.933
YBR012W-B	2750.948	2736.661	2729.382	2827.982	2778.748	2783.397
YBR013C	353.719	349.15	353.414	372.9	361.825	363.727
YBR014C	168.964	170.141	169.626	174.007	173.794	172.851
YBR015C	911.191	924.394	923.425	917.535	922.343	924.719
YBR016W	442.669	460.415	472.37	363.522	370.469	380.787
YBR017C	9786.252	9124.124	9129.487	9756.334	9014.55	8835.387
YBR018C	600.83	582.447	590.651	623.274	598.491	602.978
YBR019C	716.189	724.604	726.896	731.883	735.204	735.149
YBR020W	720.173	719.256	724.893	688.121	681.771	685.211
YBR021W	1281.743	1261.606	1283.375	1042.858	1020.994	1040.616
YBR022W	373.551	383.471	385.366	387.871	390.252	393.422
YBR023C	1898.583	1881.622	1884.947	1878.329	1837.182	1839.082
YBR024W	240.67	240.874	240.305	245.077	244.483	243.375
YBR025C	486.252	487.883	488.989	500.408	497.826	497.354
YBR026C	415.237	416.967	417.164	426.921	425.475	425.561
YBR027C	9459.428	10077.393	10285.544	9255.37	9768.058	9784.611
YBR028C	765.16	774.013	774.116	788.786	790.696	790.197
YBR029C	925.926	913.104	919.277	922.092	900.003	908.721
YBR030W	1014.885	1019.543	1015.474	1022.851	1015.679	1011.711
YBR031W	696.971	692.474	701.817	604.646	596.402	605.456
YBR032W	85.985	86.224	84.687	83.583	82.776	82.342
YBR033W	3075.498	3155.251	3174.998	3126.569	3153.695	3185.446
YBR034C	472.173	469.447	472.851	483.497	476.69	478.59
YBR035C	296.013	305.215	304.576	288.998	295.239	297.257
YBR036C	376.946	379.127	380.115	376.8	378.158	378.361
YBR037C	318.494	321.96	318.308	313.595	315.9	314.164
YBR038W	1552.884	1550.644	1566.457	1594.644	1573.25	1582.616
YBR039W	321.78	326.135	327.885	331.487	334.056	334.299
YBR040W	2860.037	2914.918	2887.201	2755.014	2732.809	2792.263
YBR041W	2261.841	2176.925	2146.257	2268.354	2149.24	2158.638
YBR042C	1489.327	1430.831	1437.13	1438.666	1372.247	1382.291
YBR043C	858.934	840.827	839.77	871.308	846.028	842.468
YBR044C	637.683	646.515	649.317	659.292	662.703	662.303
YBR045C	5869.555	5996.031	5982.652	5745.493	5724.067	5737.485
YBR046C	414.722	409.728	411.19	427.385	419.33	418.405
YBR047W	321.231	323.886	322.805	331.701	329.031	329.036
YBR048W	163.477	163.093	161.801	157.719	156.792	157.024
YBR049C	1283.026	1301.651	1301.596	1318.485	1320.095	1321.806
YBR050C	2156.493	2084.215	2101.378	2162.172	2034.018	2043.07
YBR052C	416.126	416.906	417.611	375.834	374.82	375.583
YBR053C	399.902	397.516	400.595	412.998	406.081	404.407
YBR054W	246.142	245.123	244.878	247.91	246.007	245.302
YBR055C	1430.957	1454.558	1460.903	1487.924	1495.03	1496.782
YBR056W	518.728	525.653	527.995	535.387	538.394	537.405
YBR056W-A	49	49	49	49	49	49
YBR057C	379.169	381.048	383.823	391.592	391.065	392.425
YBR058C	1450.229	1471.991	1480.363	1484.455	1477.525	1485.573
YBR058C-A	100.149	102.586	103.555	103.598	104.953	105.431
YBR059C	1679.645	1681.508	1688.743	1707.217	1696.267	1706.1
YBR060C	1374.865	1412.345	1416.333	1398.35	1414.355	1441.733
YBR061C	304.005	304.275	306.179	311.726	309.555	309.974
YBR062C	139.016	139.518	139.491	141.11	141.351	141.442
YBR063C	693.504	697.071	699.063	728.995	722.863	720.505
YBR065C	634.504	645.106	651.628	659.049	662.526	668.164
YBR066C	253.148	258	259.447	261.937	264.288	265.364
YBR067C	554.338	550.019	557.274	496.31	484.261	493.689
YBR068C	1535.458	1546.832	1549.421	1555.859	1541.716	1534.312
YBR069C	655.517	659.664	660.411	648.077	648.855	648.604
YBR070C	400.449	397.843	404.303	410.711	405.127	414.228
YBR071W	253.37	253.274	253.679	249.558	248.622	249.538
YBR072C-A	49	49	49	49	49	49
YBR072W	173.37	173.796	173.094	173.182	173.94	173.101
YBR073W	1364.069	1386.67	1397.872	1421.352	1429.792	1436.329
YBR074W	1257.661	1247.467	1250.901	1298.018	1273.996	1276.182
YBR076W	603	616.476	622.123	630.973	636.505	638.425
YBR077C	202.561	203.33	208.191	209.707	210.565	213.136
YBR078W	325.067	316.98	320.928	326.995	319.745	322.981
YBR079C	1212.885	1222.61	1228.961	1180.051	1182.794	1188.24
YBR080C	3436.637	3449.648	3436.904	3387.659	3350.484	3395.029
YBR081C	4964.216	4788.26	4795.57	5064.431	4828.187	4833.727
YBR082C	169.465	169.462	168.197	158.617	157.624	159.366
YBR083W	822.63	817.257	820.751	840.229	827.2	831.952
YBR084C-A	123.2	125.568	123.975	121.654	123.693	123.344
YBR084W	1156.043	1165.508	1173.699	1165.896	1167.868	1174.048
YBR085C-A	91.953	92.808	92.856	95.019	94.847	94.437
YBR085W	261.294	260.658	261.878	265.072	263.969	264.206
YBR086C	2222.79	2218.78	2274.145	2235.889	2200.675	2219.401
YBR087W	405.121	406.141	407.48	420.453	418.058	418.397
YBR088C	210.471	208.348	208.837	215.214	212.178	211.972
YBR089C-A	73.302	74.531	73.52	72.214	73.341	73.168
YBR090C	151.525	154.206	154.694	153.391	155.109	155.434
YBR091C	86.858	87.99	87.287	85.903	87.093	87.06
YBR092C	447.943	451.236	453.716	436.778	438.131	440.876
YBR093C	312.917	309.439	310.239	313.135	310.42	310.21
YBR094W	893.592	913.898	915.942	924.934	938.461	939.426
YBR095C	746.664	744.115	741.514	778.975	767.206	764.593
YBR096W	331.616	318.984	320.073	343.804	326.284	322.786
YBR097W	9186.968	9139.37	9230.137	9193.164	9011.805	9009.816
YBR098W	1168.441	1166.488	1173.42	1222.847	1205.647	1208.687
YBR101C	505.394	499.7	504.391	525.702	516.325	520.356
YBR102C	990.044	993.537	992.919	1022.618	1016.403	1017.978
YBR103W	490.176	491.999	490.384	497.142	495.904	492.738
YBR104W	287.778	290.391	290.699	291.874	292.854	292.137
YBR105C	687.422	698.274	709.775	604.963	607.771	619.016
YBR106W	127.062	126.757	126.157	126.358	125.765	125.637
YBR107C	207.463	211.073	210.435	208.499	211.353	210.839
YBR108W	3872.151	3752.48	3883.493	3011.165	2845.361	2933.336
YBR109C	126.253	125.397	126.135	129.385	128.034	128.257
YBR110W	702.46	702.126	701.275	732	722.844	722.091
YBR111C	334.837	339.392	338.38	332.845	335.239	335.115
YBR111W-A	132.87	134.098	135.149	139.443	139.353	139.18
YBR112C	1335.472	1328.9	1335.351	1306.874	1297.554	1305.201
YBR114W	903.125	912.773	915.47	926.069	929.464	928.987
YBR115C	4130	4130	4130	4130	4130	4130
YBR117C	776.894	778.094	779.094	755.046	754.942	756.994
YBR118W	314.396	314.244	312.726	309.086	309.122	307.857
YBR119W	339.376	339.935	344.318	353.041	351.05	352.725
YBR120C	503.989	521.618	521.759	526.533	534.327	536.594
YBR121C	816.214	824.28	831.357	838.509	840.265	843.112
YBR122C	176.707	178.149	178.665	181.774	181.475	182.106
YBR123C	1297.696	1292.03	1290.091	1351.767	1331.024	1332.839
YBR125C	635.749	633.321	635.247	609.941	603.479	605.366
YBR126C	713.751	734.66	733.84	654.972	666.843	667.595
YBR126W-A	131.109	127.105	130.86	119.419	116.382	118.228
YBR127C	453.021	457.932	456.403	450.875	452.829	452.941
YBR128C	824.286	850.27	849.939	830.038	838.064	844.308
YBR129C	1213.58	1241.362	1231.21	1283.726	1284.978	1256.621
YBR130C	1367.391	1374.107	1381.233	1409.295	1391.138	1396.518
YBR131W	7649.106	7950.874	7914.885	7561.495	7616.847	7605.968
YBR132C	865.511	860.656	861.853	882.461	867.682	867.107
YBR133C	1352.599	1341.721	1351.452	1370.931	1350.248	1360.77
YBR135W	1061.612	1078.206	1138.382	791.263	781.644	826.194
YBR136W	4427.18	4431.259	4478.295	4601.709	4559.247	4578.194
YBR137W	164.83	167.453	169.342	167.925	170.55	171.746
YBR138C	1617.702	1689.307	1690.015	1671.175	1706.356	1723.914
YBR139W	456.252	451.972	452.984	465.202	457.64	456.814
YBR140C	5708.358	5730.252	5784.491	5920.521	5868.41	5899.652
YBR141C	370.892	375.013	374.491	379.029	380.852	380.064
YBR142W	2751.85	2566.538	2622.572	2830.317	2608.999	2637.327
YBR143C	1184.062	1223.835	1262.811	1242.574	1264.92	1277.82
YBR144C	145.434	142.513	143.65	149.274	144.47	145.482
YBR145W	315.43	319.576	318.996	314.697	316.955	316.57
YBR146W	800.415	782.223	765.487	799.574	773.846	769.562
YBR147W	326.207	326.845	328.806	337.089	335.703	336.216
YBR148W	3422.005	3720.991	3690.69	3490.784	3677.966	3698.43
YBR149W	299.411	299.08	300.226	302.742	301.437	301.583
YBR150C	20881.53	21433.466	21039.103	20727.144	20989.223	20694.441
YBR151W	313.66	312.756	314.874	319.461	316.782	317.064
YBR152W	325.446	333.181	334.88	334.788	340.299	340.671
YBR153W	341.696	345.022	345.763	349.828	350.205	349.85
YBR154C	462.173	483.114	483.069	477.439	490.67	491.019
YBR155W	422.024	429.181	428.602	433.215	436.192	436.489
YBR156C	1777.042	1831.623	1834.431	1847.905	1867.976	1874.857
YBR157C	291.419	295.864	298.389	301.848	303.188	303.786
YBR158W	792.176	794.319	801.458	821.5	817.248	819.446
YBR159W	586.864	599.34	604.903	603.727	611.611	614.649
YBR160W	276.767	279.232	276.684	281.097	281.343	279.764
YBR161W	626.493	631.073	629.952	643.429	639.432	636.695
YBR162C	381.58	378.869	378.575	379.668	376.598	376.867
YBR162W-A	57.007	58.551	58.826	58.682	59.696	60.041
YBR163W	1983.945	1959.438	1967.529	2012.756	1955.025	1953.989
YBR164C	136.58	135.908	135.881	139.505	138.284	137.302
YBR165W	276.679	277.232	278.347	285.713	284.907	284.996
YBR166C	621.412	619.117	618.924	643.217	633.387	633.098
YBR167C	155.079	157.332	158.353	160.644	161.731	161.893
YBR168W	1267.356	1265.87	1277.619	1307.311	1278.848	1287.549
YBR169C	839.592	846.626	849.614	852.165	852.731	853.012
YBR170C	976.705	981.486	982.027	1001.286	992.708	992.835
YBR171W	588.225	585.602	583.734	603.798	588.417	588.277
YBR172C	869.601	871.948	877.609	893.523	890.33	892.486
YBR173C	188.639	187.472	186.584	179.008	177.466	178.531
YBR175W	215.053	215.489	214.684	215.161	215.575	214.948
YBR176W	258.736	257.525	258.8	265.404	263.341	263.508
YBR177C	405.022	404.495	404.37	413.049	411.191	410.36
YBR179C	2437.324	2441.247	2436.141	2528.099	2492.307	2487.859
YBR180W	1007.912	983.998	990.896	1032.534	995.61	992.493
YBR181C	151.451	152.761	152.817	149.453	151.252	151.149
YBR182C	586.542	591.023	590.483	589.167	588.784	589.17
YBR182C-A	96.254	97.093	97.689	100.503	100.095	99.885
YBR183W	315.361	308.312	309.205	323.003	314.868	313.912
YBR184W	1528.064	1511.279	1520.615	1590.9	1544.328	1545.133
YBR185C	441.628	446.703	449.165	458.622	458.104	456.912
YBR186W	880.34	884.555	889.55	908.289	901.978	903.245
YBR187W	647.379	625.65	637.448	543.847	521.863	533.501
YBR188C	187.583	190.158	191.54	194.759	195.642	196.152
YBR189W	172.271	172.6	173.462	173.149	173.487	173.62
YBR191W	115.172	116.558	116.181	115.233	116.02	115.763
YBR192W	694.378	705.743	703.819	685.65	687.263	688.087
YBR193C	155.392	155.222	155.354	155.821	155.607	155.683
YBR194W	94.302	96.014	96.032	95.969	97.46	97.478
YBR195C	398.167	401.615	401.515	406.046	408.199	407.573
YBR196C	414.542	411.108	413.989	414.267	412.119	412.871
YBR196C-A	78.433	77.372	76.783	82.664	80.242	79.657
YBR196C-B	49	49	49	49	49	49
YBR197C	202.205	205.974	203.337	199.974	203.505	202.612
YBR198C	1576.473	1585.791	1587.394	1591.113	1581.4	1590.489
YBR199W	641.507	649.982	652.09	665.543	667.008	667.541
YBR200W	2855.013	2988.193	3016.429	2866.831	2926.392	2946.135
YBR200W-A	49	49	49	49	49	49
YBR201C-A	49	49	49	49	49	49
YBR201W	227.58	224.527	224.811	235.66	230.243	229.638
YBR202W	900.62	903.227	903.931	909.26	907.186	909.075
YBR203W	1544.972	1560.98	1575.956	1555.324	1555.929	1563.931
YBR204C	851.628	865.152	860.265	872.781	872.103	869.2
YBR205W	918.697	920.278	918.732	922.653	910.875	912.905
YBR207W	488.736	488.2	486.682	497.859	494.363	493.286
YBR208C	2223.159	2234.535	2232.529	2245.854	2240.477	2234.344
YBR209W	164.993	157.33	157.334	167.648	158.342	158.414
YBR210W	228.436	230.609	232.501	238.928	237.937	237.722
YBR211C	2241.277	2300.87	2335.539	2209.712	2218.048	2235.486
YBR212W	819.548	817.465	819.542	836.209	829.019	827.896
YBR213W	379.121	389.63	386.995	359.721	367.313	368.88
YBR214W	3334.056	3326.236	3533.664	2439.021	2363.446	2514.923
YBR215W	1074.681	1091.534	1103.208	1111.55	1115.931	1123.905
YBR216C	1238.857	1266.781	1264.09	1289.979	1297.249	1296.3
YBR217W	332.764	340.754	345.89	347.94	352.775	354.007
YBR218C	1274.873	1287.298	1282.257	1255.263	1260.602	1260.189
YBR219C	244.666	243.947	245.204	235.749	230.221	232.493
YBR220C	864.806	852.847	857.398	829.497	808.873	811.563
YBR221C	294.71	296.544	296.41	293.033	294.771	294.459
YBR221W-A	49	49	49	49	49	49
YBR222C	526.269	524.325	521.832	519.172	515.679	515.71
YBR223C	1002.334	1023.26	1033.43	886.122	891.579	901.946
YBR225W	1537.48	1545.241	1557.234	1569.25	1561.302	1570.671
YBR227C	909.94	933.672	936.171	937.408	950.633	952.619
YBR228W	720.362	733.502	742.179	744.527	745.318	744.788
YBR229C	1241.067	1240.656	1245.108	1281.602	1270.044	1271.028
YBR230C	151.715	154.214	154.918	147.275	150.485	151.708
YBR230W-A	223.905	231.046	231.249	197.069	200.404	202.15
YBR231C	1053.232	1060.457	1119.058	896.688	905.553	942.158
YBR233W	548.065	549.958	548.629	551.406	548.582	550.358
YBR233W-A	87.253	86.56	88.107	89.697	89.164	89.764
YBR234C	325.687	323.063	321.866	323.799	320.149	318.903
YBR235W	1240.541	1237.215	1248.969	1237.232	1230.034	1234.968
YBR236C	618.438	618.725	620.614	641.587	633.997	633.628
YBR237W	1107.922	1120.138	1123.31	1148.144	1149.217	1146.867
YBR238C	993.285	1003.151	1012.696	1020.091	1019.624	1026.276
YBR239C	513.9	518.099	518.332	521.452	523.097	525.194
YBR240C	707.102	708.648	709.844	665.698	662.215	668.83
YBR241C	1505.195	1538.852	1566.407	1296.398	1305.747	1328.227
YBR242W	199.021	203.557	202.205	201.925	205.482	204.366
YBR243C	590.992	588.609	587.171	603.938	595.782	594.331
YBR244W	215.542	213.169	213.544	222.544	218.171	217.264
YBR245C	2562.23	2618.761	2620.471	2652.156	2664.636	2674.814
YBR246W	306.277	303.958	304.189	311.859	308.761	308.113
YBR247C	558.592	563.036	566.961	571.699	571.966	574.801
YBR248C	638.277	643.376	642.57	635.983	638.343	637.552
YBR249C	333.344	333.643	333.356	333.25	332.915	334.528
YBR250W	1381.303	1387.826	1395.193	1435.841	1420.018	1430.039
YBR251W	309.537	313.397	311.514	315.629	317.201	316.077
YBR252W	196.587	198.558	198.136	188.78	189.633	190.504
YBR253W	91.249	92.743	92.15	91.987	93.304	92.869
YBR254C	212.337	217.933	215.725	216.407	219.591	218.246
YBR255C-A	166.34	175.282	174.209	168.248	174.509	177.663
YBR255W	1182.013	1208.652	1195.878	1207.236	1215.432	1213.742
YBR256C	308.863	313.395	313.355	319.732	320.4	319.935
YBR257W	2081.508	2105.766	2091.652	2107.595	2085.942	2083.953
YBR258C	196.041	206.136	205.302	204.153	210.722	210.764
YBR259W	1316.505	1319.327	1325.822	1373.47	1358.615	1359.764
YBR260C	904.357	910.561	913.21	915.818	912.141	914.236
YBR261C	453.574	468.167	466.709	395.72	402.773	406.379
YBR262C	128.243	131.933	129.717	121.714	124.186	123.154
YBR263W	404.32	406.238	405.634	400.026	402.303	402.362
YBR264C	305.333	314.885	315.429	304.119	310.861	311.6
YBR265W	369.293	372.384	370.867	368.554	370.053	370.078
YBR266C	92.702	88.474	90.718	93.712	90.149	91.004
YBR267W	748.251	771.578	775.767	668.63	684.911	692.956
YBR268W	112.884	117.042	115.029	110.285	113.676	112.509
YBR269C	252.255	258.053	253.697	233.98	237.346	239.49
YBR270C	472.11	474.997	476.64	479.236	480.481	481.048
YBR271W	632.538	644.655	645.007	652.854	660.626	659.691
YBR272C	673.126	675.129	675.784	701.114	695.354	693.216
YBR273C	479.938	489.5	488.56	466.312	474.304	476.242
YBR274W	866.655	879.834	880.634	900.874	900.096	901.267
YBR275C	6593.073	6379.451	6428.557	6725.605	6412.077	6406.67
YBR276C	1615.558	1591.321	1598.597	1650.093	1604.12	1605.351
YBR278W	197.121	198.695	198.402	202.289	203.011	202.847
YBR279W	511.728	515.878	514.103	528.531	526.796	525.874
YBR280C	2053.165	2240.255	2275.748	1708.824	1811.104	1850.814
YBR281C	3751.906	3472.448	3558.372	3797.609	3467.765	3504.533
YBR282W	156.943	157.13	155.92	161.368	160.656	160.715
YBR283C	631.896	630.925	632.123	649.484	642.259	642.097
YBR284W	1308.896	1330.014	1332.547	1323.445	1327.983	1329.587
YBR285W	190.137	195.092	193.335	198.187	200.7	200.699
YBR286W	641.26	669.934	659.63	645.52	668.111	665.343
YBR287W	369.408	368.512	371.448	375.288	373.287	373.404
YBR288C	3099.322	3135.239	3087.831	3060.489	3021.685	3010.059
YBR289W	971.447	964.828	968.362	972.352	964.995	967.125
YBR290W	560.284	573.262	573.248	580.556	585.23	585.709
YBR291C	275.911	276.286	275.714	274.577	274.33	273.769
YBR292C	1443.193	1378.929	1393.904	1429.091	1347.544	1353.093
YBR293W	650.515	644.409	642.218	667.841	654.467	652.301
YBR294W	797.729	799.416	799.933	815.258	812.077	810.189
YBR295W	1179.944	1186.316	1186.696	1193.648	1193.29	1191.029
YBR296C	694.64	691.576	694.113	693.47	688.074	688.734
YBR296C-A	49	49	49	49	49	49
YBR297W	443.409	444.954	448.194	457.688	456.854	458.19
YBR298C	576.618	571.434	573.645	586.005	579.406	578.306
YBR298C-A	49	49	49	50.017	49.481	49.518
YBR299W	565.831	571.212	572.426	578.051	579.584	580.178
YBR301W	204.624	204.109	205.373	184.951	184.185	186.558
YBR302C	717.19	716.411	720.119	740.082	726.119	724.961
YCL001W	721.641	707.856	698.502	743.029	713.62	715.276
YCL001W-A	1065.627	1080.055	1095.903	1092.574	1092.841	1108.727
YCL001W-B	109.666	113.023	113.88	115.81	117.978	117.76
YCL002C	369.213	366.874	368.842	387.256	379.913	379.541
YCL004W	1172.759	1205.066	1210.586	1208.611	1222.949	1234.189
YCL005W	224.484	224.098	224.194	227.451	226.106	226.954
YCL005W-A	97.067	96.932	97.08	88.897	87.716	87.687
YCL008C	995.798	993.414	1000.736	864.382	852.142	870.554
YCL009C	565.155	561.932	564.41	527.536	523.259	528.416
YCL010C	504.829	511.129	508.711	467.154	471.702	472.741
YCL011C	6312.294	6393.323	6442.444	5623.871	5510.334	5535.172
YCL012C	208.525	210.8	212.829	217.523	218.06	219.103
YCL014W	2420.855	2453.659	2467.137	2506.694	2514.33	2520.111
YCL016C	294.64	292.669	292.027	294.329	292.345	291.621
YCL017C	795.632	803.539	807.317	722.273	722.97	728.932
YCL018W	1046	1046	1046	1046	1046	1046
YCL019W	3480.638	3470.827	3479.416	3591.757	3523.941	3538.926
YCL020W	1268	1268	1268	1268	1268	1268
YCL021W-A	86.41	85.792	86.569	86.511	85.887	86.224
YCL024W	1756.057	1786.131	1792.836	1773.366	1787.602	1796.292
YCL025C	581.35	573.01	571.376	578.111	567.834	566.9
YCL026C-A	354.643	336.729	346.542	309.998	295.264	302.254
YCL026C-B	357.222	351.521	352.125	332.265	325.266	329.423
YCL027W	468.896	471.101	471.076	476.704	477.233	477.849
YCL028W	807.459	820.869	831.676	695.553	698.809	710.808
YCL029C	510.007	506.354	508.492	499.612	495.855	497.659
YCL030C	669.074	675.38	675.589	671.858	676.429	676.109
YCL031C	772.873	780.065	780.161	802.733	797.508	799.147
YCL032W	319.255	320.411	320.125	312.412	313.089	313.978
YCL033C	249.619	253.477	252.193	238.21	240.92	241.953
YCL034W	6220.611	6699.064	7181.942	4892.441	5265.888	5585.738
YCL035C	72.164	72.577	72.471	72.467	72.933	72.779
YCL036W	1030.151	1058.458	1049.612	953.46	968.883	968.322
YCL037C	556.021	559.08	563.273	533.741	534.621	540.268
YCL038C	669.418	662.354	664.148	660.07	648.535	647.386
YCL039W	1710.206	1714.331	1741.676	1516.539	1508.713	1536.824
YCL040W	2623.493	2672.871	2716.628	2041.084	2023.852	2097.286
YCL042W	1235.866	1280.718	1319.378	942.898	957.575	985.522
YCL043C	806.709	780.012	790.854	728.115	705.636	714.404
YCL044C	1174.793	1170.551	1185.651	1048.437	1034.457	1051.582
YCL045C	751.592	745.498	749.245	772.285	761.293	761.977
YCL047C	317.992	322.529	324.571	328.539	330.009	332.338
YCL048W	1750.68	1675.225	1670.963	1759.224	1643.786	1640.173
YCL048W-A	250.447	248.584	246.925	210.757	204.945	208.246
YCL049C	752.745	762.807	753.959	749.087	747.632	744.013
YCL050C	333.219	338.977	342.473	342.484	346.838	349.456
YCL051W	576.357	577.535	575.43	583.542	582.545	581.835
YCL052C	380.097	381.606	381.96	389.885	389.202	388.338
YCL054W	1258.208	1271.066	1273.723	1299.48	1297.098	1295.72
YCL054W-A	102.795	100.515	100.682	104.028	101.017	101.202
YCL055W	772.834	733.697	742.162	810.399	753.297	762.733
YCL056C	937.192	1027.656	1012.147	935.3	988.736	980.043
YCL057C-A	282.651	292.018	293.929	241.195	246.222	249.571
YCL057W	884.246	879.653	885.963	911.452	901.922	903.514
YCL058C	130.603	124.596	125.957	131.679	125.487	126.01
YCL058W-A	210.526	210.526	210.526	210.526	210.526	210.526
YCL059C	389.169	399.262	397.304	402.664	407.729	406.536
YCL061C	3273.29	3313.924	3302.75	3306.548	3278.958	3295.049
YCL063W	459.067	465.968	467.911	469.446	472.92	474.271
YCL064C	572.527	572.456	574.268	589.105	579.396	581.334
YCL066W	582.149	578.289	581.486	592.272	581.865	585.087
YCL067C	367.375	374.377	374.765	385.365	388.325	388.158
YCL068C	300.15	734	734	293.688	734	294.484
YCL069W	711.551	710.867	717.668	734.963	725.906	727.393
YCL073C	735.292	728.35	735.567	749.865	738.483	742.199
YCL074W	316.75	311.679	313.516	311.524	306.931	310.247
YCL075W	143.216	145.466	147.037	143.628	145.897	146.743
YCR001W	362.441	352.424	357.178	373.446	356.988	358.207
YCR002C	477.475	479.336	483.593	493.655	490.112	491.467
YCR003W	257.787	263.382	263.071	267.795	271.048	270.726
YCR004C	405.501	412.461	410.47	355.266	355.891	359.463
YCR005C	524.488	515.323	513.985	537.336	523.851	523.019
YCR006C	187.879	191.776	191.881	185.459	188.497	189.874
YCR007C	377.673	370.688	374.948	393.038	381.721	382.983
YCR008W	832.962	840.341	848.207	866.522	866.336	871.921
YCR009C	324.532	331.378	333.309	336.477	339.537	340.732
YCR010C	240.871	238.503	238.373	244.768	241.83	240.988
YCR011C	1438.924	1446.817	1447.761	1483.767	1476.711	1473.473
YCR012W	401.222	400.482	401.134	388.666	388.808	389.587
YCR014C	833.977	843.957	849.028	866.866	868.563	868.879
YCR015C	1310.317	1340.349	1368.212	1344.9	1357.376	1375.132
YCR016W	1590.508	1651.318	1665.952	1630.594	1655.452	1661.914
YCR017C	1227.322	1230.123	1238.062	1250.658	1240.346	1244.064
YCR018C	312.963	315.477	316.061	327.528	326.392	325.824
YCR019W	289.917	291.731	291.309	294.18	295.347	294.462
YCR020C	279.303	286.697	289.874	290.073	293.831	296.452
YCR020C-A	92.374	93.123	92.727	93.909	93.917	93.345
YCR020W-B	166.774	174.552	176.761	174.521	178.806	181.248
YCR021C	268.32	268.894	268.169	268.95	268.979	268.886
YCR022C	108.758	109.561	110.173	105.974	105.808	106.752
YCR023C	811.971	813.335	814.661	839.493	831.22	829.398
YCR024C	654.214	657.43	661.578	680.26	677.007	679.054
YCR024C-A	49	49	49	49	49	49
YCR024C-B	253.626	260.852	262.341	264.415	264.663	266.85
YCR025C	1699.598	1858.893	1926.553	1270.203	1335.316	1389.346
YCR026C	788.259	797.142	796.634	799.271	803.801	802.565
YCR027C	204.445	202.751	202.139	211.216	208.257	207.388
YCR028C	565.12	565.018	561.826	567.223	561.5	559.164
YCR028C-A	185.723	186.322	189.505	192.14	191.208	193.263
YCR030C	1290.251	1291.193	1303.439	1240.137	1234.593	1249.405
YCR031C	113.605	114.831	113.431	111.39	112.272	112.335
YCR032W	5811.478	5826.461	5856.808	6022.607	5950.736	5965.275
YCR033W	8187.709	8385.63	8458.662	7956.747	7963.432	8028.168
YCR034W	1201.596	1160.564	1156.884	1230.945	1170.204	1173.043
YCR035C	551.067	575.072	577.051	565.337	585.699	589.37
YCR036W	332.57	335.601	336.169	342.104	343.435	343.129
YCR037C	2463.733	2402.976	2414.927	2515.013	2415.39	2423.75
YCR038C	6595.878	6460.096	6547.368	6497.781	6350.888	6360.322
YCR041W	272.678	253.974	260.626	281.145	261.326	264.834
YCR042C	2595.491	2657.345	2665.471	2710.102	2732.925	2736.449
YCR043C	149.494	144.49	143.609	154.972	147.922	145.604
YCR044C	471.867	481.346	479.99	475.953	479.767	478.321
YCR045C	1084.072	1093.2	1100.386	960.158	960.729	970.972
YCR046C	498.428	499.891	497.661	453.058	449.987	453.539
YCR047C	2064.357	2089.955	2115.149	1598.741	1594.809	1625.073
YCR048W	3307.289	3271.169	3422.817	2507.194	2441.786	2542.057
YCR050C	77.803	77.478	77.467	77.613	77.537	77.645
YCR051W	3725.03	4161.468	4365.174	2688.476	2877.782	3026.596
YCR052W	844.806	859.426	868.949	752.9	761.857	770.529
YCR053W	497.913	496.321	497.836	504.265	501.38	502.29
YCR054C	815.898	816.632	818.597	845.97	837.233	837.857
YCR057C	1050.53	1062.789	1062.696	1057.636	1063.441	1062.636
YCR059C	1593.078	1622.912	1646.274	1236.752	1238.453	1264.82
YCR060W	171.857	174.552	174.045	160.746	162.471	163.534
YCR061W	1715.24	1701.689	1721.349	1497.808	1473.878	1497.333
YCR063W	334.113	333.827	337.675	295.983	293.372	295.418
YCR065W	790.831	783.18	784.487	786.755	773.99	776.742
YCR066W	874.688	853.982	863.622	907.14	874.728	882.715
YCR067C	1498.438	1493.873	1501.773	1525.583	1505.732	1510.716
YCR068W	1224.288	1259.308	1259.304	1067.357	1083.957	1099.663
YCR069W	311.255	312.263	312.095	308.732	308.956	310.118
YCR071C	127.904	130.155	129.572	129.911	131.754	131.39
YCR072C	662.826	677.183	673.615	668.221	677.738	677.133
YCR073C	1842.09	1842.354	1845.489	1895.08	1878.581	1876.449
YCR073W-A	786.063	780.127	789.217	677.165	671.85	679.389
YCR075C	231.96	230.615	230.269	233.967	232.045	231.266
YCR075W-A	49	49	49	49	49	49
YCR076C	412.517	423.36	419.702	384.838	392.373	394.195
YCR077C	3938.768	3994.412	4029.439	3620.173	3614.868	3658.388
YCR079W	5708.198	5593.35	6202.611	3870.923	3657.186	3943.066
YCR081W	9219.578	9089.88	9109.572	9215.822	8883.948	8905.712
YCR082W	122.133	120.479	121.852	124.878	123.092	123.587
YCR083W	132.368	133.259	132.287	135.698	135.431	135.245
YCR084C	1128.533	1127.635	1133.841	1059.525	1055.547	1063.533
YCR085W	1688.843	1700.246	1677.663	1657.67	1637.732	1625.263
YCR086W	232.87	232.904	232.088	223.169	223.322	223.016
YCR087C-A	306.278	313.861	314.128	276.299	280.298	280.967
YCR088W	922.042	922.539	920.83	867.181	862.859	867.137
YCR089W	1370.616	1345.759	1357.394	1369.952	1344.457	1354.943
YCR090C	167.075	167.419	168.324	172.085	171.131	170.744
YCR091W	818.057	826.636	828.154	837.148	840.576	844.465
YCR092C	5772.488	5740.398	5771.433	5769.19	5611.934	5600.789
YCR093W	11600.309	11412.223	11481.072	11645.586	11260.245	11335.921
YCR094W	8501.606	8830.215	8818.638	8010.885	8229.51	8253.907
YCR095C	2002.244	2016.173	2027.185	2040.361	2025.71	2025.349
YCR095W-A	373.1	388.416	394.469	375.311	381.996	389.711
YCR096C	261.5855	261.5855	261.5855	261.5855	261.5855	261.5855
YCR097W	3160.10538037895	3160.10538037895	3160.10538037895	3160.10538037895	3159.236	3160.975
YCR098C	534.762	538.925	535.553	551.06	548.694	546.149
YCR099C	145.868	146.421	147.196	151.958	150.83	150.777
YCR100C	276.01	274.103	275.176	282.035	278.95	278.444
YCR101C	189.846	191.456	191.021	195.802	196.054	195.775
YCR102C	559.298	562.484	562.29	531.408	531.997	533.527
YCR104W	845.777	836.081	894.474	606.627	592.578	618.036
YCR105W	405.347	411.592	408.228	400.89	402.942	402.399
YCR106W	1595.693	1599.266	1612.04	1660.383	1644.649	1645.322
YCR107W	435.698	432.532	432.224	442.366	435.535	434.095
YCR108C	49	49	49	49	49	49
YDL001W	666.695	678.834	680.588	690.745	694.909	695.314
YDL002C	609.341	614.198	607.48	631.79	625.49	625.484
YDL003W	672.355	679.711	683.201	695.369	698.156	700.874
YDL004W	175.702	176.218	177.62	179.874	178.961	179.373
YDL005C	3158.751	3158.411	3133.715	3157.964	3116.878	3132.851
YDL006W	254.435	259.481	259.443	262.256	265.944	265.117
YDL007C-A	141.835	142.927	143.598	148.567	148.105	148.611
YDL007W	562.155	570.712	566.637	577.415	579.569	578.133
YDL008W	114.989	115.81	115.56	115.165	116.246	115.988
YDL009C	4594.381	4337.926	4450.19	4353.594	4132.429	4244.999
YDL010W	257.089	261.045	261.448	266.216	268.242	268.18
YDL012C	114.808	112.713	112.601	111.493	109.823	110.881
YDL013W	911.858	935.171	934.618	880.471	895.891	901.009
YDL014W	4144.645	4197.476	4484.57	2804.342	2769.482	2949
YDL015C	623.439	630.244	634.56	645.025	642.765	645.882
YDL017W	665.625	666.938	668.346	689.285	683.626	681.616
YDL018C	229.712	230.779	231.71	234.704	233.846	234.199
YDL019C	1484.049	1501.916	1508.44	1512.348	1520.46	1522.336
YDL020C	566.081	567.953	568.947	583.959	581.357	580.719
YDL021W	496.208	503.081	505.101	514.078	513.712	514.993
YDL022C-A	101.687	100.4	101.376	104.125	102.534	103.656
YDL022W	330.611	337.664	336.691	329.928	335.423	334.557
YDL024C	475.226	477.076	477.886	488.013	487.066	486.347
YDL025C	1269.153	1290.485	1293.684	1273.77	1284.392	1294.189
YDL027C	2954.361	2897.488	2946.691	2980.722	2887.32	2913.554
YDL028C	1203.594	1206.395	1214.086	1251.037	1240.828	1242.947
YDL029W	521.546	531.492	533.055	536.505	540.305	541.416
YDL030W	1237.81	1264.833	1264.253	1287.452	1295.068	1295.766
YDL031W	3070.605	3143.09	3149.285	3065.716	3074.12	3076.394
YDL033C	486.409	497.367	494.095	476.104	484.75	484.777
YDL035C	57030.257	57897.542	56813.921	56848.589	57232.711	56118.298
YDL036C	750.248	758.48	763.737	784.53	783.9	784.544
YDL037C	245.138	244.959	247.793	250.103	249.399	251.813
YDL039C	450.862	441.189	444.689	447.776	439.897	443.536
YDL040C	1062.116	1068.758	1077.06	1102.878	1102.979	1105.925
YDL042C	1697.87	1711.628	1685.914	1691.603	1661.295	1658.054
YDL043C	438.357	450.162	449.13	456.171	459.567	458.478
YDL044C	842.631	864.909	870.104	874.167	886.101	889.857
YDL045C	236.313	237.629	237.543	240.384	240.667	239.833
YDL045W-A	72.511	72.659	73.3	74.366	74.205	74.443
YDL046W	125.105	126.359	126.207	125.52	127.102	127.337
YDL047W	318.733	319.622	316.451	307.389	307.666	307.427
YDL048C	499.828	494.558	494.312	493.109	487.554	489.51
YDL049C	215.918	219.961	218.769	214.118	216.807	216.943
YDL051W	268.212	271.442	272.486	272.93	275.291	274.897
YDL052C	291.584	289.917	289.151	293.932	291.647	291.023
YDL053C	369.602	374.917	373.605	362.439	364.02	364.937
YDL054C	405.885	403.683	404.948	407.315	403.304	404.913
YDL055C	262.617	260.189	261.184	264.853	262.337	262.018
YDL056W	1743.959	1751.72	1757.311	1799.498	1784.837	1788.499
YDL057W	467.39	474.76	473.821	465.09	468.031	470.784
YDL058W	5980.69	6101.663	6151.009	6171.795	6191.943	6224.369
YDL059C	495.549	515.329	519.439	510.84	526.835	529.304
YDL060W	1687.252	1672.795	1651.163	1689.211	1649.211	1643.365
YDL061C	49	49	49	49	49	49
YDL063C	1479.199	1374.901	1376.296	1558.211	1427.882	1422.366
YDL064W	154.694	157.639	157.312	156.477	158.505	158.452
YDL065C	1873.826	1988.791	2028.091	1946.575	2037.043	2070.919
YDL066W	411.497	416.073	417.143	412.691	416.051	417.773
YDL067C	243.831	236.534	242.343	196.261	189.723	194.956
YDL069C	5614.642	5535.27	5622.652	5583.905	5393.154	5437.236
YDL070W	4023.121	4061.731	4116.565	4027.694	4004.106	4029.507
YDL072C	265.176	269.177	271.464	252.621	253.429	256.089
YDL073W	12866.469	12593.121	12806.639	12450.008	12000.701	11993.014
YDL074C	1821.675	1864.263	1872.371	1902.803	1915.225	1922.667
YDL075W	70.734	71.436	70.946	70.343	71.277	70.814
YDL076C	539.484	555.806	550.775	556.305	565.115	562.307
YDL077C	2984.464	3021.602	3046.025	3086.204	3072.678	3088.946
YDL078C	4643.359	4402.037	4532.444	3271.912	3004.158	3128.892
YDL079C	740.747	745.871	745.152	764.207	758.294	759.19
YDL080C	621.482	628.985	626.995	630.567	634.864	633.395
YDL081C	1255.969	1184.753	1284.064	869.287	805.135	866.064
YDL082W	191.779	194.979	195.504	194.09	196.134	197.019
YDL083C	96.431	97.352	96.904	95.091	95.988	95.755
YDL084W	524.865	527.873	528.44	525.367	523.021	522.915
YDL085C-A	88.147	93.627	93.353	88.819	93.693	93.997
YDL085W	603.381	606.866	605.307	588.095	589.854	587.644
YDL086W	434.932	442.117	445.556	404.13	409.809	414.999
YDL087C	441.161	443.077	444.574	408.583	410.429	412.142
YDL088C	780.439	787.957	792.927	810.729	809.252	811.512
YDL089W	1008.323	993.41	1005.316	1049.232	1022.366	1028.65
YDL090C	546.565	552.531	551.389	558.565	558.729	557.764
YDL091C	690.325	699.983	701.65	714.311	715.137	717.125
YDL092W	110.773	112.328	112.264	113.539	114.684	114.184
YDL093W	784.069	776.477	780.487	806.019	793.606	793.132
YDL095W	770.481	767.119	768.645	771.634	765.486	766.902
YDL097C	950.117	960.478	969.623	825.276	820.572	829.084
YDL098C	656.907	669.311	666.309	665.353	667.886	664.566
YDL099W	2209.063	2307.893	2286.425	2248.027	2293.748	2290.315
YDL100C	332.997	332.966	334.09	341.513	339.826	340.205
YDL101C	588.295	595.061	600.352	610.194	613.511	614.805
YDL102W	3560.517	3407.901	3417.007	3596.249	3391.462	3375.717
YDL103C	460.881	463.15	463.124	470.088	470.726	469.643
YDL104C	520.771	517.688	516.505	542.488	533.084	530.402
YDL105W	598.147	604.242	606.877	621.001	618.601	621.799
YDL106C	1199.23	1202.679	1203.207	1244.637	1232.802	1237.004
YDL107W	1261.005	1350.524	1377.35	1306.215	1381.241	1393.027
YDL108W	297.055	300.877	300.019	302.625	303.544	302.881
YDL109C	795.155	790.902	789.656	799.045	789.673	788.202
YDL110C	194.696	204.714	201.452	189.023	197.621	196.519
YDL111C	213.538	211.905	212.785	217.051	214.37	214.37
YDL112W	2593.894	2576.176	2585.739	2686.273	2637.353	2642.351
YDL113C	1210.95	1215.014	1222.489	1256.964	1244.267	1248.593
YDL114W	766.324	760.293	762.068	795.684	775.209	775.278
YDL115C	432.381	443.628	440.57	446.788	453.083	450.281
YDL116W	1886.977	1897.492	1909.236	1931.334	1912.005	1920.405
YDL117W	1848.16	1887.854	1911.871	1885.748	1894.272	1916.329
YDL119C	396.157	398.318	400.372	406.906	404.812	407.793
YDL120W	191.191	193.268	192.876	196.841	197.033	197.204
YDL121C	298.933	305.62	304.042	305.778	309.028	307.025
YDL122W	4746.523	4618.733	4596.388	4753.302	4567.573	4514.973
YDL123W	178.546	174.449	176.236	173.349	169.73	171.728
YDL124W	232.117	233.022	234.414	232.734	233.672	234.114
YDL125C	143.502	143.022	142.998	145.491	144.156	144.17
YDL126C	949.841	912.001	928.318	879.205	847.243	849.161
YDL127W	408.233	409.207	411.793	422.594	420.099	420.902
YDL128W	386.665	380.404	381.253	387.544	380.058	380.821
YDL129W	396.441	404.881	402.61	395.731	399.722	400.317
YDL130W	1283.214	1319.266	1404.028	880.348	876.322	936.327
YDL130W-A	901.57	944.911	943.653	885.433	903.33	916.535
YDL131W	413.726	416.623	416.603	408.891	410.046	410.081
YDL132W	4065.206	4209.433	4227.141	4058.513	4128.668	4134.825
YDL133C-A	29	29	29	29	29	29
YDL133W	580.101	578.02	580.31	595.976	586.777	587.69
YDL134C	371.357	375.365	374.022	366.375	366.244	366.25
YDL135C	1527.057	1607.575	1609.34	1503.383	1542.04	1574.042
YDL136W	77.91	78.273	78.711	77.697	78.156	78.491
YDL137W	121.691	121.054	121.092	121.877	121.352	121.103
YDL138W	736.439	736.847	737.621	741.905	739.403	739.962
YDL139C	167.966	170.67	170.52	170.691	173.312	172.976
YDL140C	1896.157	1912.126	1915.857	1909.849	1910.868	1912.667
YDL141W	727.478	724.885	724.951	742.287	733.534	732.917
YDL142C	233.643	232.583	233.442	239.422	237.127	237.378
YDL143W	673.647	680.444	682.668	656.704	657.864	662.286
YDL144C	573.937	580.421	573.75	538.482	541.195	541.35
YDL145C	1526.35	1541.482	1544.037	1543.085	1545.862	1546.747
YDL146W	967.89	968.731	971.088	1001.678	990.338	992.218
YDL147W	1205.068	1219.111	1230.694	1255.252	1247.881	1256.55
YDL148C	1868.09	1894.162	1914.684	1917.401	1916.105	1932.086
YDL149W	5644.881	5715.293	5837.634	5643.728	5609.259	5652.725
YDL150W	534.712	541.016	536.51	540.314	542.566	541.021
YDL153C	665.03	671.598	672.874	688.397	691.306	689.772
YDL154W	1169.815	1176.434	1180.448	1216.559	1212.528	1211.341
YDL155W	403.428	409.74	408.906	409.295	414.344	414.216
YDL156W	646.908	658.48	659.047	647.976	655.833	656.283
YDL157C	385.222	414.8	414.758	408.91	430.487	430.481
YDL159W	1652.932	1658.059	1648.508	1698.418	1674.591	1668.208
YDL159W-A	49	49	49	49	49	49
YDL160C	926.012	932.758	941.847	940.408	936.327	944.023
YDL160C-A	77.94	79.942	79.215	81.498	82.423	82.126
YDL161W	349.147	350.994	351.828	351.439	353.839	353.352
YDL164C	817.416	821.046	822.356	837.651	836.074	836.599
YDL165W	134.202	134.275	134.416	133.639	133.728	134.078
YDL166C	315.804	336.745	338.928	319.188	334.323	332.659
YDL167C	19681.25	20148.753	19802.678	19085.821	19106.022	19212.273
YDL168W	437.968	441.654	441.248	441.567	442.127	441.672
YDL169C	474.711	483.551	482.099	482.353	483.625	482.151
YDL170W	2751.727	2745.649	2780.672	2506.128	2453.608	2476.383
YDL171C	2701.266	2695.959	2709.797	2768.142	2738.26	2745.088
YDL173W	413.872	417.219	414.378	410.025	410.021	410.543
YDL174C	871.083	871.976	867.549	806.354	802.199	803.46
YDL175C	554.322	535.766	540.137	568.602	547.767	550.162
YDL176W	2713.189	2628.821	2614.38	2761.587	2617.174	2593.028
YDL177C	257.882	263.043	262.241	265.164	267.161	266.916
YDL178W	4716.437	4909.93	4908.798	4737.294	4827.229	4831.2
YDL179W	353.38	351.205	355.608	365.715	361.582	364.795
YDL180W	673.575	665.938	670.997	690.551	675.846	678.422
YDL181W	209.228	216.909	217.541	198.759	203.179	205.116
YDL182W	954.665	970.319	987.075	773.973	772.53	779.957
YDL183C	384.778	391.176	392.635	398.07	401.84	403.286
YDL184C	29	29	29	29	29	29
YDL185W	1146.446	1131.368	1132.647	1120.445	1101.991	1103.619
YDL186W	226.757	226.445	226.263	226.164	226.159	225.784
YDL188C	310.414	310.037	306.539	311.295	309.478	307.838
YDL189W	865.779	866.981	869.883	788.473	780.891	793.031
YDL190C	1522.4	1530.643	1537.947	1580.754	1570.916	1574.052
YDL191W	75.237	75.555	75.85	74.8	75.245	75.496
YDL192W	134.418	134.406	134.527	136.125	135.565	135.261
YDL193W	791.113	819.165	815.589	796.072	809.451	811.173
YDL194W	1002.248	1002.454	1008.158	1024.527	1020.652	1022.649
YDL195W	1551.447	1544.461	1545.945	1555.942	1539.78	1544.529
YDL197C	542.795	543.16	543.51	541.668	542.336	543.277
YDL198C	391.042	391.621	389.582	380.237	380.215	378.554
YDL199C	820.698	820.885	824.921	846.079	839.532	841.49
YDL200C	1395.012	1361.669	1375.917	1389.295	1338.715	1356.71
YDL201W	248.287	249.64	249.643	253.789	254.091	253.226
YDL202W	317.605	321.723	322.44	328.04	328.972	328.009
YDL203C	712.903	719.113	719.114	721.366	724.458	727.727
YDL204W	363.869	362.983	361.507	363.607	361.366	361.817
YDL204W-A	49	49	49	49	49	49
YDL205C	433.544	440.703	438.662	440.03	444.556	444.585
YDL206W	1667.636	1709.3	1717.279	1723.423	1749.551	1760.055
YDL207W	919.259	911.251	919.404	948.794	931.91	934.888
YDL208W	177.612	183.933	183.624	181.87	186.179	186.32
YDL209C	993.212	1035.717	1021.437	990.073	1010.944	1002.802
YDL210W	739.36	734.182	730.407	740.369	728.827	725.97
YDL211C	308.723	306.141	306.483	315.429	311.171	310.369
YDL212W	189.718	190.696	191.054	195.326	194.627	194.004
YDL213C	220.809	225.036	224.816	223.79	227.24	226.819
YDL214C	941.307	954.197	956.455	971.714	975.784	977.956
YDL215C	2361.375	2378.887	2380.148	2434.599	2419.331	2424.797
YDL216C	548.91	554.032	554.165	568.488	568.047	566.236
YDL217C	228.79	234.194	232.2	223.029	226.166	226.641
YDL218W	291.714	294.684	291.43	290.224	292.096	291.114
YDL219W	285.133	295.023	296.338	296.936	302.658	304.777
YDL220C	6899.777	7266.553	7956.997	4867.879	4877.528	5236.293
YDL222C	2999.534	3141.252	3321.159	2133.815	2127.664	2232.227
YDL223C	1279.671	1299.497	1303.602	1269.593	1283.737	1290.76
YDL224C	1711.065	1661.644	1694.61	1742.703	1664.467	1682.247
YDL225W	1065.208	1085.619	1077.488	1095.29	1094.57	1091.757
YDL226C	438.691	441.569	441.696	436.53	437.247	438.591
YDL227C	705.438	725.136	726.826	708.108	720.802	721.039
YDL229W	409.087	407.446	408.634	406.118	405.819	406.613
YDL230W	495.235	506.785	506.958	462.472	469.198	473.055
YDL231C	1692.026	1711.933	1715.594	1726.154	1728.459	1737.07
YDL232W	49	49	49	49	49	49
YDL233W	1499.986	1513.703	1526.375	1343.106	1336.945	1355.381
YDL234C	1124.113	1130.4	1132.434	1161.914	1155.962	1159.729
YDL235C	223.605	222.187	222.417	234.048	230.639	229.536
YDL236W	222.413	224.557	224.623	225.14	226.48	225.845
YDL237W	518.895	523.209	529.398	530.985	531.246	533.659
YDL238C	506.737	510.663	509.479	507.4	509.371	508.582
YDL239C	5664.76	5523.054	5589.546	5738.265	5511.557	5547.37
YDL240W	1765.781	1779.216	1804.72	1835.943	1828.322	1844.129
YDL241W	159.489	164.739	164.976	163.926	167.154	167.687
YDL242W	3686.659	3696.539	3674.498	3694.764	3608.805	3605.464
YDL243C	292.328	296.777	295.534	296.459	300.26	298.649
YDL244W	332.239	332.341	332.624	316.928	316.036	317.712
YDL245C	478.832	478.908	478.207	483.015	482.245	481.809
YDL246C	552.498	544.255	543.921	499.99	491.063	490.697
YDL247W	701.224	708.334	709.747	716.421	718.756	717.453
YDL248W	377.23	374.53	377.736	388.796	383.678	384.122
YDR001C	910.772	915.379	917.32	935.133	933.869	933.385
YDR002W	272.911	280.647	281.514	281.207	285.928	286.662
YDR003W	295.111	299.596	298.814	290.244	291.149	291.309
YDR003W-A	68.372	69.84	69.733	70.981	71.531	70.963
YDR004W	601.538	599.511	600.277	618.051	608.599	608.538
YDR005C	831.965	825.115	830.996	866.159	846.352	849.492
YDR006C	2441.543	2385.255	2438.377	2209.721	2140.416	2178.557
YDR007W	212.69	214.128	212.643	213.705	213.814	212.26
YDR009W	861.321	845.972	862.935	800.915	784.319	793.069
YDR010C	338.694	340.743	339.746	291.781	289.596	292.141
YDR011W	1843.788	1834.622	1840.337	1889.535	1865.982	1866.316
YDR012W	677.81	673.788	683.144	588.24	580.31	589.25
YDR013W	473.206	485.064	479.811	493.915	496.403	496.053
YDR014W	15212.412	16059.642	16413.317	15012.74	15427.727	15674.357
YDR014W-A	240.218	251.616	253.347	226.514	236.16	237.087
YDR016C	61.32	61.801	61.291	62.171	62.402	61.852
YDR017C	1413.415	1426.114	1429.777	1474.03	1470.9	1470.575
YDR018C	473.563	477.659	479.945	490.183	490.302	490.227
YDR019C	454.672	461.78	463.49	467.433	473.522	476.597
YDR020C	483.667	480.545	479.569	505.37	497.589	495.923
YDR021W	985.985	998.749	1007.636	1027.961	1024.391	1027.638
YDR022C	251.211	253.638	253.931	264.154	264.453	263.045
YDR023W	526.03	529.327	532.098	540.712	540.084	539.9
YDR025W	121.294	121.462	120.823	117.608	117.439	117.852
YDR026C	861.796	877.359	884.498	891.011	898.832	903.272
YDR027C	3366.571	3424.956	3417.056	3429.291	3415.185	3431.752
YDR028C	1332.929	1345.661	1346.92	1373.987	1372.998	1374.864
YDR029W	486.144	503.921	507.331	510.684	514.621	515.848
YDR030C	1049.777	1058.973	1055.499	1092.003	1086.204	1084.719
YDR031W	347.903	360.051	357.795	362.344	365.722	363.588
YDR032C	369.994	375.224	375.973	341.926	344.003	346.554
YDR033W	399.556	393.214	392.463	409.209	397.838	397.191
YDR034C	2877.416	2846.563	2868.307	2944.953	2864.963	2883.681
YDR034C-A	105.963	104.499	104.55	111.143	107.564	107.413
YDR034C-C	1268	1268	1268	1268	1268	1268
YDR034C-D	4164.252	4061.818	4060.736	4292.248	4112.326	4113.404
YDR034W-B	59.101	58.749	58.869	56.521	55.568	56.463
YDR035W	456.221	460.138	460.422	466.862	466.838	467.506
YDR036C	804.618	815.895	820.387	823.645	823.984	829.181
YDR037W	505.118	506.801	508.211	509.016	508.812	508.787
YDR038C	910.255	910.395	911.502	922.27	920.277	918.241
YDR039C	926.399	926.71	927.609	937.733	935.764	933.834
YDR040C	882.806	883.452	884.134	893.174	891.747	889.771
YDR041W	203.586	206.518	207.99	208.257	210.698	211.706
YDR042C	534.443	524.924	528.922	551.752	534.859	536.615
YDR043C	277.136	280.118	282.114	289.058	290.5	291.382
YDR044W	240.641	241.563	240.432	238.993	240.077	240.446
YDR045C	55.499	55.157	54.89	56.387	55.888	55.489
YDR046C	903.003	906.534	901.712	899.769	894.616	892.009
YDR047W	444.742	447.166	444.462	433.478	433.561	432.165
YDR049W	989.623	995.918	1001.618	1022.959	1015.707	1022.315
YDR050C	242.265	244.062	244.803	239.934	241.465	242.598
YDR051C	337.112	343.071	341.258	347.761	351.125	348.961
YDR052C	1018.174	1028.717	1035.799	1053.484	1053.35	1056.461
YDR054C	323.428	332.568	331.147	311.721	316.577	317.323
YDR055W	385.02	374.202	379.003	390.467	380.086	382.545
YDR056C	215.021	218.6	219.226	222.559	224.615	224.817
YDR057W	770.225	780.62	783.609	797.194	796.409	796.992
YDR058C	498.14	497.101	500.922	516.292	510.449	512.103
YDR059C	138.188	139.044	139.302	140.27	140.335	140.671
YDR060W	2469.537	2480.467	2475.275	2537.3	2506.407	2511.06
YDR061W	497.076	500.633	502.923	507.233	509.658	509.453
YDR062W	2140.837	2015.019	2019.965	2124.725	1975.031	1994.09
YDR063W	120.123	120.923	121.918	122.939	123.638	124.129
YDR064W	94.607	94.361	94.492	94.44	94.524	94.534
YDR065W	881.728	893.305	902.768	925.949	924.175	928.903
YDR066C	246.659	242.212	243.089	254.858	247.439	248.518
YDR067C	574.616	588.693	586.067	598.413	600.447	602.384
YDR068W	632.335	630.957	635.036	654.155	645.268	646.511
YDR069C	5091.188	5346.105	5349.643	5162.724	5287.795	5312.09
YDR070C	89.219	89.836	89.862	89.159	89.518	89.475
YDR071C	204.9	206.343	207.927	211.921	211.647	212.991
YDR072C	614.078	611.581	612.98	624.351	616.228	616.508
YDR073W	638.108	650.519	647.717	633.71	634.556	636.642
YDR074W	967.995	965.524	971.982	992.62	985.176	989.708
YDR075W	554.004	563.104	564.932	575.623	577.49	571.625
YDR076W	664.762	662.761	661.994	694.296	683.813	682.749
YDR077W	281.559	275.493	274.981	274.28	269.675	272.69
YDR078C	368.392	366.361	366.98	385.907	378.686	378.536
YDR079C-A	96.297	97.7	98.138	100.617	100.282	100.278
YDR079W	118.125	120.985	121.203	123.822	125.505	125.384
YDR080W	15225.818	16144.327	16452.375	15443.742	16371.306	16715.071
YDR081C	8486.524	8505.174	8417.436	8530.548	8331.088	8286.855
YDR082W	592.276	593.024	597.298	613.76	609.392	609.688
YDR083W	4975.992	4872.324	4959.467	5027.534	4821.82	4894.15
YDR084C	264.039	262.215	264.654	272.358	268.924	269.727
YDR085C	730.644	735.129	738.99	761.01	759.366	760.089
YDR086C	49	49	49	49	49	49
YDR087C	262.219	266.919	268.006	269.78	273.409	272.929
YDR088C	579.748	584.473	584.074	599.826	599.289	598.626
YDR089W	4535.639	4499.838	4511.522	4582.077	4455.792	4444.035
YDR090C	286.402	284.624	283.349	291.493	288.323	287.344
YDR091C	755.561	756.745	762.899	780.894	775.918	777.785
YDR092W	108.24	109.19	108.827	108.773	109.388	109.196
YDR093W	2655.279	2667.712	2675.342	2608.981	2592.394	2604.668
YDR096W	1843.757	1834.432	1844.023	1909.879	1871.968	1880.475
YDR097C	2130.315	2156.838	2162.485	2207.834	2211.72	2211.575
YDR098C	289.089	282.504	285.94	296.735	288.198	289.817
YDR098C-A	484.117940600533	484.117940600533	484.117940600533	487.259	481.008	484.107
YDR098C-B	2301.439	2307.767	2312.916	2364.921	2350.392	2359.145
YDR099W	260.079	260.711	263.097	264.131	264.374	265.549
YDR100W	163.522	164.195	167.849	168.849	169.467	171.327
YDR101C	1676.349	1657.348	1650.153	1723.305	1679.702	1688.942
YDR102C	161.86	159.043	162.049	169.7	165.805	167.322
YDR103W	1515.704	1537.091	1543.815	1572.61	1571.468	1579.607
YDR104C	2956.406	3029.243	3049.06	3044.751	3065.559	3076.065
YDR105C	594.444	607.551	605.934	607.457	612.327	608.87
YDR106W	970.906	990.726	984.707	991.556	987.342	986.09
YDR107C	1774.391	1758.973	1780.399	1804.279	1756.917	1767.159
YDR108W	1338.868	1358.818	1364.181	1388.56	1387.227	1391.576
YDR109C	897.624	912.757	909.93	891.275	897.905	894.531
YDR110W	1387.88	1419.746	1431.71	1398.406	1409.057	1416.772
YDR111C	506.38	507.735	507.065	511.448	511.341	511.216
YDR113C	493.597	505.681	510.257	509.15	518.528	521.083
YDR114C	1455.301	1509.551	1560.391	1473.936	1474.055	1474.951
YDR115W	64.252	62.979	63.205	64.038	63.07	63.172
YDR116C	341.677	348.688	350.118	349.169	353.57	352.897
YDR117C	666.015	666.541	671.484	690.762	685.176	687.278
YDR118W	1640.137	1688.17	1681.671	1719.11	1746.528	1728.107
YDR119W	869.696	870.73	873.46	896.074	890.731	890.631
YDR119W-A	49	49	49	49	49	49
YDR120C	568.259	576.67	577.814	583.398	587.73	587.873
YDR121W	131.262	132.91	131.547	132.326	133.87	132.695
YDR122W	1746.959	1756.806	1752.648	1758.895	1745.121	1744.682
YDR123C	292.55	296.993	296.821	290.613	294.371	294.801
YDR124W	571.805	589.073	592.714	596.3	606.962	609.782
YDR125C	1676.711	1700.833	1708.192	1722.312	1709.147	1717.519
YDR126W	223.211	222.909	222.733	226.474	225.667	225.469
YDR127W	1496.023	1505.869	1504.853	1524.114	1525.506	1522.989
YDR128W	2488.953	2551.806	2574.787	2443.763	2466.072	2485.706
YDR129C	663.091	671.538	667.193	672.56	674.697	671.177
YDR130C	404.989	406.83	410.249	418.191	415.858	416.904
YDR131C	864.722	865.218	871.246	901.924	893.097	896.468
YDR132C	703.687	708.363	713.483	737.753	734.33	735.363
YDR134C	238.14	233.566	234.578	216.217	210.001	214.416
YDR135C	2344.824	2360.561	2371.813	2422.738	2411.925	2414.252
YDR137W	1144.145	1155.119	1161.781	1196.367	1191.769	1197.179
YDR138W	1446.829	1432.408	1443.841	1498.857	1468.221	1470.924
YDR139C	75.335	74.787	75.241	77.059	76.499	76.64
YDR140W	302.763	302.935	304.76	313.673	310.586	310.564
YDR141C	3969.905	4065.109	4124.822	4074.012	4105.424	4150.128
YDR142C	421.06	422.315	422.581	434.022	431.975	431.986
YDR143C	986.316	982.649	989.578	936.279	925.929	935.034
YDR144C	465.306	462.573	461.849	472.079	469.272	468.087
YDR145W	713.93	720.408	722.977	731.645	734.203	738.697
YDR146C	920.968	935.827	939.468	941.432	947.765	950.268
YDR147W	1516.877	1523.465	1527.872	1565.78	1547.697	1552.288
YDR148C	728.808	793.114	804.573	663.511	701.905	712.614
YDR150W	7306.711	7338.27	7434.433	7430.212	7369.155	7386.496
YDR151C	540.611	546.449	551.667	563.893	564.552	567.083
YDR152W	276.027	283.796	280.426	280.016	285.113	283.555
YDR153C	867.493	889.869	891.697	874.033	889.576	901.445
YDR155C	193.375	192.077	191.101	186.966	186.397	186.88
YDR156W	2566.243	2620.199	2775.356	1796.961	1773.191	1877.358
YDR157W	2467.021	2551.061	2571.394	2417.585	2433.728	2463.22
YDR158W	281.053	280.858	280.521	279.4	279.278	279.114
YDR159W	5232.456	5267.16	5308.624	5313.552	5281.333	5314.094
YDR160W	1504.154	1518.503	1527.608	1552.762	1543.535	1552.047
YDR161W	1449.815	1631.902	1637.184	1452.683	1574.721	1566.72
YDR162C	272.418	281.127	280.916	279.785	286.519	286.682
YDR163W	265.937	270.595	268.552	269.407	271.071	270.344
YDR164C	3832.421	3756.545	3772.636	3740.275	3609.982	3614.738
YDR165W	3784.018	3838.772	3877.728	3729.591	3719.93	3754.89
YDR166C	3278.878	3257.757	3283.712	3379.312	3307.544	3342.013
YDR167W	205.208	210.442	208.993	199.225	203.231	202.331
YDR168W	1539.677	1671.702	1698.122	1625.641	1735.647	1760.594
YDR169C	680.571	701.843	702.953	649.349	661.701	666.046
YDR169C-A	49	49	49	49	49	49
YDR170C	3021.778	3025.203	3048.743	3123.057	3096.836	3109.114
YDR170W-A	822.81	830.288	840.92	844.156	838.553	852.41
YDR171W	352.28	359.56	356.679	347.361	353.706	353.406
YDR172W	604.34	610.088	609.189	611.76	614.314	613.047
YDR173C	909.905	915.96	922.838	948.818	941.867	943.194
YDR174W	225.177	221.534	221.581	224.27	221.121	221.993
YDR175C	275.204	276.721	276.037	282.042	281.576	280.937
YDR176W	1050.6	1067.195	1072.927	1085.948	1093.461	1097.778
YDR177W	147.537	147.207	146.872	148.641	148.417	147.748
YDR178W	349.755	347.757	346.232	315.01	309.531	313.219
YDR179C	487.677	483.624	482.765	514.888	502.345	499.525
YDR179W-A	1332.453	1324.651	1337.957	1365.985	1336.205	1344.271
YDR180W	4468.103	4441.322	4461.898	4642.427	4544.902	4542.719
YDR181C	730.432	733.462	731.115	761.279	753.393	750.934
YDR182W	697.879	701.584	701.084	713.919	708.01	708.154
YDR182W-A	49	49	49	49	49	49
YDR183W	283.463	286.199	286.108	295.968	295.31	294.737
YDR184C	791.206	817.299	821.008	820.299	832.905	841.6
YDR185C	130.551	131.699	131.196	130.01	130.932	130.491
YDR186C	1491.075	1513.29	1508.45	1497.661	1501.444	1500.513
YDR188W	1182.704	1195.474	1196.971	1044.54	1043.289	1051.649
YDR189W	972.83	997.424	1003.68	1004.292	1017.389	1022.822
YDR190C	467.099	476.408	473.452	476.777	481.656	478.974
YDR191W	429.664	435.742	435.472	437.742	440.695	439.412
YDR192C	404.68	403.154	403.782	407.24	404.716	405.686
YDR194C	2217.781	2310.291	2296.124	2264.587	2300.821	2293.252
YDR194W-A	49.4884481426927	49	49	50.48	49.4884481426927	49.4884481426927
YDR195W	930.489	937.56	943.417	969.515	965.541	967.318
YDR196C	283.555	287.906	287.374	292.583	293.84	293.111
YDR197W	1079.156	1117.035	1129.382	1112.335	1128.556	1143.943
YDR198C	1411.17	1423.066	1438.162	1451.926	1437.66	1444.695
YDR200C	1871.075	1860.852	1866.432	1920.759	1875.097	1878.35
YDR201W	181.629	183.912	185.485	186.253	187.471	187.74
YDR202C	386.361	384.278	387.616	399.945	395.657	396.521
YDR204W	445.461	445.892	445.673	442.268	441.333	443.407
YDR205W	1088.348	1077.859	1085.478	1123.574	1101.807	1101.783
YDR206W	1991.527	2009.956	2019.984	2039.118	2030.318	2038.02
YDR207C	22509.539	22213.335	23217.277	17925.465	16954.226	17885.82
YDR208W	1210.555	1217.057	1214.749	1241.173	1230.584	1229.583
YDR209C	225.905	216.461	215.593	234.069	221.425	221.402
YDR210C-C	480.938	480.938	480.938	480.938	480.938	480.938
YDR210C-D	2372.215	2381.33	2388.084	2441.454	2428.678	2439.541
YDR210W	76.521	75.356	75.624	77.201	75.638	75.902
YDR210W-A	1268	1268	1268	1268	1268	1268
YDR210W-B	4390.401	4305.641	4306.602	4516.381	4345.896	4350.996
YDR211W	1018.213	1029.903	1031.512	1059.965	1060.493	1060.615
YDR212W	468.921	470.32	469.677	479.161	477.829	475.71
YDR213W	880.381	889.712	886.659	889.153	894.689	894.961
YDR214W	391.644	395.485	390.704	383.089	384.686	383.503
YDR215C	4547.687	4176.843	4694.513	3109.878	2723.654	2977.408
YDR216W	2976.655	3009.239	3025.643	3073.657	3063.469	3075.671
YDR217C	2581.768	2556.744	2564.269	2651.2	2591.729	2594.114
YDR218C	1407.398	1411.474	1430.39	1439.637	1419.432	1430.714
YDR219C	1277.268	1301.682	1318.659	1333.049	1330.776	1342.945
YDR221W	1746.125	1732.988	1731.902	1786.14	1743.431	1756.785
YDR222W	1043.567	1044.37	1047.946	1072.919	1063.163	1066.989
YDR223W	1368.58	1391.154	1387.538	1383.04	1374.992	1375.894
YDR224C	102.386	103.116	103.395	103.772	104.304	104.719
YDR225W	81.332	82.155	81.697	81.28	82.125	82.038
YDR226W	178.223	179.843	179.184	176.511	177.902	178.074
YDR227W	2952.649	2992.178	3011.247	3071.286	3067.472	3084.175
YDR228C	978.167	986.47	994.767	1018.762	1016.85	1021.674
YDR229W	639.932	646.281	644.159	645.723	646.654	646.507
YDR231C	332.12	329.502	329.444	318.544	314.967	316.471
YDR232W	1794.129	1794.66	1817.538	1504.188	1479.579	1508.946
YDR233C	347.825	342.401	345.825	354.745	347.55	349.727
YDR234W	1320.826	1349.255	1355.382	1181.335	1194.021	1205.358
YDR235W	2330.675	2376.315	2393.569	2368.867	2391.22	2395.143
YDR236C	1365.428	1376.712	1389.202	1347.573	1329.355	1330.19
YDR237W	340.923	346.135	347.232	349.695	351.986	353.726
YDR238C	1163.432	1177.721	1181.279	1197.505	1199.5	1201.253
YDR239C	1008.303	1016.099	1020.026	1035.251	1034.355	1036.695
YDR240C	1086.232	1107.845	1117.899	1107.315	1113.978	1124.417
YDR242W	973.31	999.677	1000.121	1010.387	1024.598	1024.641
YDR243C	763.052	770.745	773.438	791.452	790.266	790.779
YDR244W	820.436	826.69	831.777	843.622	838.106	844.565
YDR245W	529.64	539.345	538.402	547.511	545.3	546.139
YDR246W	349.142	352.31	353.896	334.066	334.204	338.451
YDR246W-A	57.6	59.024	59.405	55.772	56.809	57.267
YDR247W	474.165	470.969	472.561	488.663	482.32	483.493
YDR248C	261.749	267.61	269.79	269.895	273.279	274.051
YDR249C	643.592	654.44	658.535	671.405	675.245	680.989
YDR251W	1498.34	1505.217	1510.918	1556.161	1545.072	1551.429
YDR252W	558	583.85	578.703	565.668	578.41	580.601
YDR253C	575.44	602.658	587.33	590.802	601.63	592.412
YDR254W	3532.311	3602.412	3606.831	3522.056	3529.157	3535.492
YDR255C	1031.955	1025.903	1025.833	1075.259	1043.012	1048.28
YDR256C	546.861	544.392	547.603	538.148	535.998	538.554
YDR257C	696.599	701.532	704.888	726.038	723.505	724.46
YDR258C	1069.26	1083.102	1086.944	1104.799	1108.238	1110.293
YDR259C	1185.116	1205.838	1214.26	1229.191	1227.635	1239.317
YDR260C	299.05	311.346	320.586	267.4	278.487	285.163
YDR261C	616.815	622.427	625.275	629.037	630.946	630.892
YDR261C-C	1011.00383333333	1011.00383333333	1011.00383333333	1011.00383333333	1011.00383333333	1011.00383333333
YDR261C-D	2254.362	2253.3	2253.555	2322.923	2294.758	2301.255
YDR261W-A	1268	1268	1268	1268	1268	1268
YDR261W-B	4369.061	4281.91	4281.202	4498.722	4327.329	4330.003
YDR262W	285.28	285.332	286.247	291.449	289.668	289.818
YDR263C	947.199	957.712	965.189	988.549	988.606	992.904
YDR264C	1423.411	1452.296	1476.726	1445.601	1455.743	1474.576
YDR265W	669.635	674.83	683.911	694.883	690.089	699.664
YDR266C	2403.53	2415.722	2418.797	2363.925	2339.316	2335.736
YDR267C	331.481	330.683	329.178	333.585	331.537	329.547
YDR268W	526.259	526.107	529.987	544.076	538.531	539.05
YDR270W	1394.91	1380.923	1386.415	1443.138	1412.606	1410.626
YDR272W	269.249	274.198	272.684	275.69	278.583	277.012
YDR273W	602.79	617.852	618.426	609.775	618.408	619.218
YDR274C	396.472	399.083	410.796	329.895	327.596	338.889
YDR275W	244.247	245.832	243.949	251.915	250.686	248.887
YDR276C	49	49	49	49	49	49
YDR277C	382.401	382.41	383.608	389.079	387.892	387.653
YDR279W	795.685	805.262	815.215	835.897	834.986	841.391
YDR280W	286.697	290.406	289.591	292.203	294.633	292.849
YDR281C	65.828	66.197	65.348	65.782	65.917	65.198
YDR282C	500.131	504.466	506.035	517.968	517.971	516.868
YDR283C	3519.48	3544.833	3549.604	3652.122	3627.415	3631.27
YDR284C	263.521	260.852	262.16	266.24	262.574	261.83
YDR285W	2404.841	2430.926	2457.846	2516.547	2504.771	2513.847
YDR286C	119.167	120.637	120.094	123.623	123.403	122.731
YDR287W	475.279	482.614	482.341	482.699	483.648	485.114
YDR288W	493.082	498.628	503.719	514.327	513.778	516.474
YDR289C	852.358	883.975	879.341	870.112	886.383	888.513
YDR291W	1468.019	1489.64	1491.753	1521.51	1527.356	1528.059
YDR292C	1039.958	1045.346	1051.884	1082.901	1077.774	1080.783
YDR293C	1860.313	1861.54	1868.575	1890.534	1878.202	1881.335
YDR294C	837.486	828.92	824.411	842.363	824.324	820.045
YDR295C	1065.751	1068.33	1073.889	1106.082	1096.41	1099.786
YDR296W	199.313	203.258	200.889	195.596	198.776	198.487
YDR297W	429.713	427.368	426.243	415.261	410.411	411.074
YDR298C	255.916	253.391	254.765	251.545	248.14	249.885
YDR299W	1122.532	1144.545	1158.623	1157.844	1164.645	1169.941
YDR300C	457.352	459.052	458.926	469.696	468.281	467.132
YDR301W	2610.557	2657.61	2655.822	2702	2704.73	2703.059
YDR302W	357.127	361.854	360.828	372.322	370.778	368.197
YDR303C	7755.411	7789.207	7684.354	7689.469	7558.776	7535.168
YDR304C	195.267	193.517	194.022	196.136	194.163	194.069
YDR305C	554.31	557.431	556.687	560.901	557.219	556.964
YDR306C	1122.91	1122.555	1115.85	1160.94	1142.52	1138.407
YDR307W	3716.768	3507.606	3602.471	3711.384	3470.761	3511.16
YDR308C	135.495	138.822	139.369	140.117	142.592	142.577
YDR309C	318.117	315.895	317.708	321.546	318.966	320.807
YDR310C	1754.234	1735.327	1737.201	1690.128	1663.268	1670.316
YDR311W	1516.149	1530.731	1543.135	1542.201	1531.184	1539.558
YDR312W	820.964	849.207	854.907	849.529	866.289	869.362
YDR313C	330.421	332.781	332.313	337.06	336.324	335.982
YDR314C	1506.449	1510.847	1520.455	1573.984	1557.06	1562.817
YDR315C	2676.151	2611.676	2636.862	2698.216	2598.367	2624.101
YDR316W	1150.613	1170.496	1164.242	1204.073	1199.589	1199.576
YDR316W-A	484.21656331652	484.21656331652	484.21656331652	487.372	481.1	484.198
YDR316W-B	2599.84116666667	2599.84116666667	2599.84116666667	2599.84116666667	2599.84116666667	2599.84116666667
YDR317W	7276.481	7241.876	7343.235	7234.467	7140.181	7132.837
YDR318W	813.774	818.773	822.487	844.66	836.661	837.699
YDR319C	615.707	612.254	619.286	635.971	626.399	632.716
YDR320C	1067.926	1061.667	1060.378	1092.462	1078.68	1073.88
YDR320C-A	49	49	49	49	49	49
YDR321W	366.587	366.742	367.113	375.698	373.202	372.933
YDR322C-A	150.279	148.634	148.817	155.179	151.818	151.109
YDR322W	670.251	673.128	668.969	683.115	677.221	672.755
YDR323C	734.929	731.782	735.153	765.708	755.217	754.612
YDR324C	1288.992	1294.945	1305.178	1342.045	1334.403	1337.268
YDR325W	2625.652	2626.709	2660.279	2689.082	2646.733	2678.958
YDR326C	3502.172	3458.103	3474.393	3591.38	3496.428	3506.14
YDR328C	241.938	246.35	244.619	235.992	240.311	241.233
YDR329C	630.942	639.512	639.768	620.015	622.59	624.755
YDR330W	497.317	504.983	505.492	503.013	508.248	508.87
YDR331W	444.589	445.55	449.124	459.338	456.7	457.413
YDR332W	1582.824	1604.183	1619.299	1630.581	1631.154	1644.545
YDR333C	976.109	977.191	985.138	1010.651	1003.984	1008.431
YDR334W	2243.961	2239.677	2262.69	2318.118	2295.329	2298.047
YDR335W	2528.443	2570.708	2594.791	2658.902	2658.147	2677.88
YDR336W	472.977	484.416	490.154	496.031	501.563	503.699
YDR337W	548.312	547.408	544.97	565.747	555.872	553.216
YDR338C	722.979	715.253	715.891	741.126	728.253	727.085
YDR339C	295.281	293.89	291.166	303.978	299.952	299.537
YDR341C	698.31	709.158	713.723	721.594	727.685	724.883
YDR342C	454.407	449.925	448.521	457.506	451.193	449.295
YDR343C	444.742	440.266	438.862	448.737	442.453	440.531
YDR344C	194.047	197.123	198.325	193.448	194.659	195.737
YDR345C	388.079	383.129	382.503	392.074	385.752	383.84
YDR346C	418.458	422.147	421.903	429.009	430.551	429.294
YDR347W	638.97	660.257	668.965	582.376	593.225	604.797
YDR348C	476.308	478.586	477.194	479.138	479.857	479.351
YDR349C	534.578	533.832	534.7	540.052	538.409	538.915
YDR350C	1563.606	1603.667	1614.498	1609.247	1626.212	1642.662
YDR351W	1784.123	1755.711	1776.092	1840.221	1791.784	1803.147
YDR352W	726.505	703.037	704.448	738.182	705.287	701.696
YDR353W	395.532	400.305	397.605	386.193	389.714	389.177
YDR354W	293.405	294.59	295.721	295.55	296.712	297.394
YDR356W	5898.689	5993.112	5998.402	5974.86	5932.498	5972.564
YDR357C	206.902	204.909	204.607	218.435	213.893	213.488
YDR358W	684.951	680.945	684.689	707.819	698.771	700.253
YDR359C	1264.894	1278.413	1276.242	1299.674	1302.913	1303.111
YDR361C	453.132	445.797	449.441	474.17	460.059	461.856
YDR362C	933.152	941.961	937.354	939.451	938.369	934.885
YDR363W	713.438	707.505	708.135	742.773	728.749	726.281
YDR363W-A	3714.626	3770.425	3743.409	3645.269	3610.844	3679.965
YDR364C	733.684	725.854	734.386	755.486	742.663	748.004
YDR365C	791.57	804.388	806.431	822.157	828.295	827.141
YDR365W-A	483.293824242942	483.293824242942	483.293824242942	486.368	480.224	483.309
YDR365W-B	2491.436	2491.332	2491.06	2568.518	2537.271	2543.309
YDR366C	6805.56	6420.68	6402.121	6498.572	6004.478	6077.445
YDR367W	201.354	203.32	203.965	208.093	208.581	208.331
YDR368W	708.882	651.227	649.347	720.009	653.757	652.637
YDR369C	3497.012	3575.718	3632.601	3511.637	3518.872	3524.079
YDR370C	530.016	529.977	534.094	548.905	543.808	545.058
YDR371W	8956.512	9061.059	9103.173	8725.733	8696.182	8768.148
YDR372C	472.586	477.253	479.645	489.702	490.403	488.296
YDR373W	250.916	251.639	254.714	258.858	257.305	258.647
YDR374C	1533.123	1514.806	1518.126	1567.372	1518.055	1523.203
YDR374W-A	118.734	121.547	123.495	123.182	124.895	124.92
YDR375C	524.723	526.504	529.197	537.418	536.218	536.679
YDR376W	521.755	521.481	522.417	536.694	533.542	532.076
YDR377W	69.172	68.884	69.444	70.855	70.595	71.039
YDR378C	75.901	73.933	72.782	77.793	74.898	74.488
YDR379C-A	179.941	167.863	167.241	185.352	170.035	170.785
YDR379W	1403.401	1422.474	1431.454	1450.824	1455.891	1462.238
YDR380W	1013.773	1002.892	1007.197	1036.982	1015.23	1013.741
YDR381C-A	101.237	101.343	101.302	104.447	103.66	103.383
YDR381W	200.193	204.176	202.905	199.468	203.142	202.788
YDR382W	1577.476	1472.378	1588.031	1093.349	1002.656	1080.347
YDR383C	370.126	369.244	371.737	385.356	378.135	379.756
YDR384C	415.302	422.751	418.429	367.211	369.699	368.959
YDR385W	690.759	687.347	687.647	676.237	672.657	673.802
YDR386W	902.572	912.806	914.8	938.791	939.717	941.392
YDR387C	783.306	785.804	789.127	778.608	774	777.477
YDR388W	5501.716	5534.427	5794.833	4248.76	4152.657	4342.226
YDR389W	711.687	722.765	728.118	734.293	740.3	742.886
YDR390C	1345.464	1342.448	1348.843	1382.524	1358.401	1359.478
YDR391C	236.3	236.15	236.602	243.245	241.071	241.897
YDR392W	415.988	422.372	421.542	410.955	413.502	414.704
YDR393W	669.428	679.773	683.557	696.707	701.096	702.928
YDR394W	654.983	634.418	634.77	657.993	630.052	635.232
YDR395W	1740.771	1742.526	1751.637	1792.223	1770.994	1776.323
YDR397C	184.074	186.663	184.187	186.767	186.957	185.987
YDR398W	806.623	811.118	810.672	796.175	794.37	793.601
YDR399W	172.608	173.417	173.637	174.051	174.307	174.276
YDR400W	382.879	384.019	385.416	395.345	394.082	393.931
YDR402C	929.212	948.311	955.736	963.951	973.564	978.279
YDR403W	1273.317	1268.569	1276.117	1312.824	1286.382	1288.423
YDR404C	172.729	173.647	172.577	176.106	175.772	174.688
YDR405W	1290.677	1335.434	1385.243	1010.217	1022.746	1061.16
YDR406W	2444.655	2458.683	2475.06	2429.791	2421.504	2433.297
YDR407C	4917.269	4650.736	4580.115	4933.121	4594.99	4573.148
YDR408C	302.109	308.474	307	289.456	293.626	293.855
YDR409W	64389.929	67571.753	65657.464	66381.376	69068.8	67347.624
YDR410C	369.508	364.772	367.401	383.531	375.137	376.761
YDR411C	313.734	310.833	309.792	312.14	309.454	308.951
YDR412W	272.435	283.756	283.742	285.439	294.146	294.354
YDR414C	422.23	424.297	429.415	438.041	437.554	439.782
YDR415C	519.215	513.937	513.608	518.048	507.765	508.6
YDR416W	1274.438	1279.438	1285.388	1314.147	1308.681	1309.97
YDR418W	286.723	287.297	286.929	255.701	255.769	256.992
YDR419W	1532.979	1597.307	1608.471	1560.098	1603.877	1634.435
YDR420W	2175.716	2168.664	2185.69	2172.832	2157.06	2174.377
YDR421W	2146.521	2186.936	2188.437	2197.075	2207.429	2200.367
YDR422C	818.323	822.173	823.264	836.046	837.008	836.418
YDR423C	563.069	575.417	580.311	573.098	580.755	583.705
YDR424C	56.035	57.516	57.261	56.038	57.365	57.065
YDR425W	4519.14	4441.694	4527.514	4548.162	4357.455	4454.359
YDR427W	1895.272	1925.171	1928.889	1936.508	1928.731	1944.169
YDR428C	318.94	321.915	322.384	330.36	329.994	329.62
YDR429C	703.237	731.039	734.709	607.338	618.188	623.107
YDR430C	1922.396	1963.275	1958.939	1964.238	1968.67	1961.733
YDR432W	1828.177	1816.62	1856.217	1442.096	1415.498	1456.634
YDR434W	664.12	662.037	663.086	689.119	679.767	678.96
YDR435C	302.312	300.078	301.238	309.621	305.765	305.978
YDR436W	1858.389	1903.024	1926.081	1775.134	1775.526	1788.479
YDR437W	109.712	111.23	110.03	111.016	112.108	111.927
YDR438W	481.213	466.739	468.814	490.793	472.169	472.334
YDR439W	660.675	650.239	651.81	684.225	667.617	667.756
YDR440W	2488.68	2450.017	2432.558	2500.179	2405.535	2413.367
YDR441C	261.863	259.395	261.88	244.909	241.239	243.688
YDR443C	4999.291	5033.145	5020.764	5061.177	5003.375	5033.788
YDR444W	1091.268	1109.775	1118.855	1128.534	1136.91	1138.854
YDR446W	657.913	690.426	698.784	673.866	697.569	704.041
YDR447C	98.766	99.032	99.618	99.959	100.309	100.31
YDR448W	693.204	694.646	698.325	669.774	667.109	670.322
YDR449C	1473.155	1496.36	1491.618	1528.04	1521.758	1525.162
YDR450W	103.358	104.435	104.943	104.099	105.155	105.338
YDR451C	364.539	362.905	365.908	357.827	355.953	360.035
YDR452W	1275.081	1273.586	1282.601	1320.759	1303.787	1303.838
YDR453C	200.254	198.045	198.412	199.843	197.158	196.509
YDR454C	167.047	166.872	167.256	170.818	169.34	169.609
YDR456W	882.32	867.945	867.698	903.397	880.615	875.267
YDR457W	7681.748	7812.557	7905.885	7907.854	7927.914	7953.3
YDR458C	1522.286	1529.626	1532.464	1586.859	1570.547	1572.1
YDR459C	453.674	455.876	457.449	467.267	465.387	465.042
YDR460W	344.611	352.617	352.251	352.817	358.494	357.105
YDR461C-A	212.866	218.961	212.945	192.5	195.76	195.22
YDR461W	49	49	49	49	49	49
YDR462W	206.551	209.505	209.156	201.322	203.905	204.415
YDR463W	582.124	583.086	584.545	593.697	591.091	591.752
YDR464W	2398.96	2439.241	2444.321	2421.62	2430.724	2443.33
YDR465C	405.223	411.815	410.127	412.376	415.785	413.735
YDR466W	1290.605	1298.13	1302.684	1326.421	1324.369	1324.805
YDR468C	271.141	273.985	274.411	281.407	281.937	280.307
YDR469W	209.927	211.283	212.547	218.671	217.752	218.394
YDR470C	773.412	773.825	776.277	803.783	795.116	797.578
YDR471W	86.584	87.615	87.079	86.331	87.26	86.936
YDR472W	278.443	276.657	278.016	281.388	277.929	278.951
YDR473C	879.206	904.424	901.215	914.618	927.251	925.647
YDR475C	1544.831	1572.176	1580.061	1535.582	1545.341	1553.996
YDR476C	538.315	532.932	535.274	496.797	489.08	495.89
YDR477W	2650.393	2683.975	2667.294	2617.098	2600.591	2593.262
YDR478W	337.213	347.554	349.037	345.326	352.069	354.775
YDR479C	3073.293	3072.614	3117.403	3023.96	2955.266	2945.673
YDR480W	286.694	288.814	289.245	292.516	294.05	294.248
YDR481C	788.296	786.514	789.154	746.272	743.225	746.321
YDR482C	321.786	327.599	325.149	303.709	307.486	307.3
YDR483W	408.119	409.466	410.054	415.935	415.383	415.473
YDR484W	2723.209	2777.091	2783.304	2835.787	2828.149	2844.777
YDR485C	1242.726	1263.174	1265.37	1293.147	1298.336	1301.052
YDR486C	442.322	458.641	463.837	454.155	466.653	470.932
YDR487C	234.138	232.297	230.769	224.822	221.044	221.081
YDR488C	2887.523	2912.219	2981.277	2294.936	2277.227	2335.483
YDR489W	313.788	315.846	316.382	323.982	323.068	323.556
YDR490C	1233.74	1251.073	1255.827	1217.45	1216.597	1222.916
YDR492W	272.646	271.195	273.835	275.733	274.083	275.074
YDR493W	83.269	85.651	84.848	83.044	84.999	84.781
YDR494W	412.95	417.768	420.213	427.673	429.295	431.51
YDR495C	6196.851	6410.113	6556.682	6295.241	6410.461	6545.273
YDR496C	923.395	937.208	943.813	960.797	963.526	966.924
YDR497C	474.708	476.478	476.117	473.415	474.424	472.924
YDR498C	480.541	483.733	484.391	470.074	468.48	469.63
YDR499W	10638.199	11045.053	11292.659	10569.553	10814.177	10915.203
YDR500C	53.353	53.033	52.907	52.365	52.329	52.476
YDR501W	497.354	495.764	500.83	513.016	509.729	512.106
YDR502C	782.206	838.784	875.455	662.538	694.348	709.206
YDR503C	212.37	214.03	213.419	217.358	217.776	217.263
YDR504C	8404.809	8126.541	8338.271	7956.099	7566.56	7516.713
YDR505C	4627.155	4589.813	4606.154	4663.124	4573.834	4554.696
YDR506C	650.905	656.734	654.238	659.842	660.04	657.939
YDR507C	1804.841	1808.925	1816.374	1869.35	1853.592	1858.097
YDR508C	1230.239	1238.095	1239.532	1240.614	1231.799	1238.272
YDR510W	58.829	59.111	58.986	58.507	59.054	59.084
YDR511W	98.454	100.176	99.935	97.965	99.346	99.78
YDR512C	227.606	233.208	227.988	220.625	224.034	221.287
YDR513W	168.41	164.925	167.402	173.177	168.909	170.22
YDR514C	552.257	566.832	564.284	565.876	574.343	572.825
YDR515W	1362.056	1395.427	1399.381	1416.58	1426.773	1440.286
YDR516C	507.964	511.201	510.162	497.615	498.69	499.288
YDR517W	669.225	684.918	678.851	619.358	630.081	633.747
YDR518W	659.997	652.443	656.357	679.241	666.52	668.845
YDR519W	121.683	122.025	122.17	122.717	123.281	123.529
YDR520C	1679.461	1732.082	1748.047	1757.005	1785.701	1790.909
YDR522C	1543.753	1516.725	1516.849	1577.521	1527.145	1521.337
YDR523C	706.35	701.866	703.859	736.654	723.041	722.086
YDR524C	1455.439	1420.5	1428.694	1477.615	1419.669	1423.256
YDR524C-B	467.914	443.362	460.711	367.925	347.488	361.557
YDR524W-C	41	41	41	41	41	41
YDR525W	1765.578	1738.723	1871.815	1228.119	1174.412	1241.621
YDR525W-A	94.647	95.231	93.827	94.642	94.438	93.582
YDR527W	655.2	660.396	661.577	669.706	668.182	671.164
YDR528W	569.107	558.204	561.203	588.61	572.942	575.266
YDR529C	66.057	65.611	65.52	65.636	65.32	65.311
YDR530C	274.931	277.77	277.316	270.349	273.35	273.731
YDR531W	1084.542	1082.618	1102.571	1157.244	1136.769	1146.85
YDR532C	1234.018	1220.236	1223.701	1298.351	1261.838	1265.696
YDR533C	264.675	271.393	272.252	271.072	276.767	276.532
YDR534C	1934.984	1966.431	2020.496	1533.107	1524.526	1613.216
YDR536W	873.092	849.999	845.029	887.601	855.251	855.938
YDR538W	210.661	212.064	211.07	210.683	211.5	210.734
YDR539W	475.409	479.936	480.001	486.283	488.833	488.113
YDR540C	720.917	752.066	742.624	746.551	762.47	760.816
YDR541C	352.226	353.865	355.831	362.776	361.438	361.858
YDR542W	332.608	347.194	356.957	286.661	295.484	307.245
YDR545W	3787.193	3759.37	3860.555	3250.271	3217.957	3276.471
YEL001C	230.191	236.55	236.519	234.806	238.774	238.302
YEL002C	731.379	736.57	741.883	753.397	751.888	753.501
YEL003W	484.066	499.416	508.799	505.634	510.082	519.4
YEL004W	1015.963	1018.516	1026.692	1051.207	1034.73	1036.992
YEL005C	368.681	368.533	372.971	383.586	380.575	383.047
YEL006W	481.958	482.493	483.937	490.708	484.07	486.16
YEL007W	54471.93	56397.796	53901.435	56201.944	57473.868	55541.802
YEL008W	148.871	150.463	148.058	142.169	143.006	142.136
YEL009C	255.576	252.833	255.422	259.052	256.381	257.677
YEL009C-A	216.219	210.489	214.183	224.05	216.563	218.097
YEL011W	668.228	671.159	670.029	678.91	677.041	675.155
YEL012W	206.591	210.948	209.329	213.091	215.157	213.721
YEL013W	719.33	713.584	716.704	743.954	728.427	730.392
YEL014C	2688.546	2626.248	2609.159	2607.393	2492.632	2498.041
YEL015W	608.184	611.151	615.544	625.563	625.459	626.05
YEL016C	603.946	611.87	613.992	614.274	617.767	616.877
YEL017C-A	49	49	49	49	49	49
YEL017W	788.369	752.618	773.487	725.803	689.429	703.039
YEL018W	297.405	306.142	305.656	304.683	311.092	311.668
YEL019C	631.223	605.448	613.455	639.898	608.623	614.306
YEL020C	937.516	935.435	937.764	911.685	898.873	904.862
YEL020W-A	69.512	71.086	71.758	70.019	71.349	71.339
YEL021W	276.395	285.254	283.191	270.195	275.963	275.864
YEL022W	3640.705	3638.121	3657.332	3767.703	3709.308	3726.489
YEL023C	3490.773	3786.497	3736.339	3480.704	3682.742	3648.085
YEL024W	152.366	154.518	154.827	153.2	155.42	155.826
YEL025C	1594.689	1604.012	1612.433	1662.456	1653.451	1654.609
YEL026W	77.698	77.318	77.216	77.807	77.393	77.614
YEL027W	116.359	114.77	114.249	116.058	114.378	114.182
YEL028W	104.74	104.075	104.686	106.207	105.567	105.477
YEL029C	460.972	457.628	458.259	472.641	465.663	465.063
YEL030W	792.583	802.667	802.932	803.104	805.209	806.62
YEL031W	1375.462	1387.306	1392.58	1408.051	1409.05	1412.832
YEL032W	1465.37	1456.452	1451.827	1431.315	1410.92	1412.319
YEL033W	15156.437	14864.738	15200.638	14046.036	13562.856	13630.083
YEL034W	120.076	121.814	121.501	118.203	119.815	120.446
YEL035C	986.038	949.906	992.847	782.401	746.965	778.853
YEL036C	1063.525	1043.672	1054.517	942.504	923.37	930.969
YEL037C	2202.217	2196.249	2274.101	1702.617	1660.282	1733.534
YEL038W	379.932	383.602	384.67	355.963	355.972	355.856
YEL039C	72.41	73.822	73.704	73.368	74.63	74.177
YEL040W	428.342	427.165	424.902	430.773	428.348	427.223
YEL041W	999.414	992.986	996.824	1029.14	1006.584	1008.145
YEL042W	485.682	482.483	483.309	495.433	490.407	490.238
YEL043W	1668.379	1655.032	1668.85	1664.482	1635.393	1647.03
YEL044W	294.919	298.504	297.039	286.61	286.707	287.797
YEL046C	490.96	495.991	493.531	471.293	474.422	474.937
YEL047C	983.719	973.509	980.233	981.308	964.041	968.715
YEL048C	256.577	262.456	264.594	267.324	269.303	271.111
YEL049W	182.534	181.064	182.687	165.092	162.657	164.262
YEL050C	324.383	326.282	323.736	327.434	328.851	326.934
YEL051W	228.825	232.877	233.142	234.246	237.211	237.23
YEL052W	697.904	711.218	716.934	705.409	714.824	718.802
YEL053C	1721.369	1748.385	1758.622	1778.263	1782.886	1792.249
YEL054C	174.767	177.004	176.447	170.502	172.355	173.436
YEL055C	1745.203	1763.21	1781.654	1822.29	1817.705	1822.617
YEL056W	680.961	682.147	682.568	692.138	686.64	686.209
YEL057C	634.353	630.738	630.931	661.847	645.214	645.974
YEL058W	835.036	843.716	842.269	798.141	802.64	805.668
YEL059C-A	231.29	225.389	232.165	188.065	181.254	186.248
YEL059W	77.198	72.515	72.915	76.666	72.274	72.441
YEL060C	1362.972	1366.715	1367.973	1237.062	1229.257	1238.634
YEL061C	5171.552	5264.061	5299.832	5240.029	5217.58	5273.335
YEL062W	3694.421	3598.247	3645.052	3719.772	3567.826	3612.253
YEL063C	559.035	552.296	553.022	559.48	549.884	548.48
YEL064C	523.141	518.411	521.02	542.93	534.747	533.039
YEL065W	839.267	832.326	835.466	847.199	831.775	832.769
YEL066W	200.606	201.912	199.168	190.032	189.742	189.872
YEL067C	125.897	123.817	124.084	125.179	123.589	123.081
YEL068C	97.231	96.234	95.747	98.324	97.078	96.044
YEL069C	448.24	446.583	445.812	450.945	449.62	448.294
YEL070W	389.594	390.809	388.86	385.451	386.744	386.195
YEL071W	529.776	532.266	530.817	539.217	537.518	536.55
YEL072W	316.196	318.94	319.662	330.274	329.815	330.807
YEL073C	75.755	75.987	75.805	76.945	76.942	76.899
YEL075C	320	320	320	320	320	320
YEL076C	1168.473	1119.175	1175.643	881.347	848.832	878.051
YEL076C-A	602	602	602	602	602	602
YEL077C	1754.764	1771.964	1766.97	1654.298	1662.922	1664.268
YER001W	1564.58	1554.504	1575.874	1605.277	1584.361	1593.841
YER002W	648.531	701.41	713.671	665.914	701.784	705.213
YER003C	341.561	343.394	346.214	346.656	348.434	350.285
YER004W	598.166	621.466	622.55	527.048	537.015	542.232
YER005W	567.439	568.761	570.519	576.597	575.623	574.051
YER006W	553.439	554.848	557.784	554.811	553.687	555.824
YER007C-A	272.242	272.103	270.86	269.341	265.934	268.02
YER007W	961.088	968.328	972.869	1010.804	1004.325	1005.203
YER008C	2109.104	2124.856	2137.423	2189.99	2182.052	2187.512
YER009W	91.332	90.98	91.908	93.42	93.075	93.469
YER010C	208.236	205.466	205.529	209.343	206.498	206.423
YER011W	283.765	269.968	271.533	275.685	262.899	267.5
YER012W	182.196	183.23	183.42	186.275	185.807	184.88
YER013W	1594.698	1625.691	1631.195	1650.278	1664.789	1665.754
YER014C-A	124.489	126.107	126.691	124.273	126.14	126.488
YER014W	1540.123	1508.799	1491.074	1524.386	1470.665	1462.242
YER015W	1163.963	1166.141	1169.846	1198.081	1183.512	1185.929
YER016W	510.39	518.944	516.616	520.171	522.27	522.216
YER017C	1345.297	1349.636	1358.452	1257.566	1250.907	1262.228
YER018C	2859.719	2949.277	3055.868	2186.201	2204.272	2274.567
YER019C-A	86.658	86.013	85.588	84.868	83.92	84.086
YER019W	1589.789	1606.391	1649.19	1353.306	1351.571	1386.469
YER020W	797.234	806.949	812.174	726.398	732.437	738.774
YER021W	964.865	983.033	990.594	997.613	1003.342	1012.209
YER022W	7072.502	7292.366	7407.483	6822.35	6950.1	7090.138
YER023W	213.783	214.48	211.93	211.916	212.063	210.678
YER024W	948.531	953.598	953.545	955.608	956.159	955.908
YER025W	552.041	557.748	555.695	563.872	564.846	562.302
YER026C	314.867	318.459	318.131	320.279	320.797	320.334
YER027C	429.878	436.747	435.187	431.501	434.713	434.053
YER028C	319.219	319.594	319.134	315.395	315.147	315.49
YER029C	184.893	188.386	187.207	188.905	191.321	190.413
YER030W	120.416	125.131	125.323	123.392	127.72	127.169
YER031C	312.224	311.641	309.836	310.458	307.519	306.636
YER032W	1294.5	1298.735	1313.211	1329.247	1324.145	1332.212
YER033C	1480.861	1488.016	1497.245	1495.467	1488.431	1497.566
YER034W	550.214	550.344	547.042	541.966	535.594	537.103
YER035W	513.652	523.56	524.868	455.581	459.716	464.226
YER036C	685.867	691.475	692.981	680.759	683.561	684.697
YER037W	587.722	598.94	599.583	606.793	609.896	611.372
YER038C	8980.458	9149.07	9154.573	8969.358	9011.26	8939.313
YER038W-A	179.205	185.258	185.554	167.523	171.115	173.685
YER039C	304.114	301.223	305.568	292.238	289.075	291.677
YER039C-A	59.496	58.465	57.945	59.196	57.873	57.618
YER040W	1131.378	1140.784	1150.23	1153.648	1151.084	1158.835
YER041W	1597.795	1573.659	1573.14	1633.517	1586.069	1591.469
YER042W	196.121	197.995	197.464	203.539	203.038	202.676
YER043C	397.673	398.89	399.17	391.065	391.142	391.839
YER044C	102.785	102.555	103.963	104.434	104.407	105.059
YER044C-A	1004.634	1043.865	1049.59	1044.663	1067.745	1069.204
YER045C	1824.031	1892.843	1901.449	1860.632	1883.903	1908.53
YER046W	96.576	96.838	97.25	97.792	98.246	97.984
YER047C	1103.593	1104.191	1108.06	1117.552	1109.752	1114.477
YER048C	461.354	466.997	467.669	477.99	480.762	478.885
YER048W-A	142.528	143.279	144.15	149.204	149.094	149.709
YER049W	679.607	685.36	689.963	697.889	700.563	700.738
YER050C	114.585	114.689	115.194	117.33	117.6	117.403
YER051W	677.383	682.47	680.157	701.058	698.37	696.212
YER052C	517.816	522.871	524.666	529.687	531.24	531.968
YER053C	591.779	598.257	610.623	612.814	613.583	619.818
YER053C-A	49	49	49	49	49	49
YER054C	1363.915	1403.324	1406.83	1382.636	1397.109	1407.865
YER055C	277.209	279.338	278.613	278.335	278.728	278.013
YER056C	593.552	594.781	593.381	598.4	594.336	591.636
YER056C-A	94.209	95.745	95.537	95.174	96.732	96.786
YER057C	107.1	107.72	108.06	106.341	106.374	106.886
YER058W	93.447	94.377	93.415	93.624	94.127	93.603
YER059W	406.579	410.139	412.445	419.682	421.417	423.008
YER060W	498.611	495.064	494.668	505.633	500.779	498.818
YER060W-A	573.492	576.741	576.071	581.9	581.347	579.963
YER061C	369.286	372.987	373.179	375.202	377.557	378.35
YER062C	246.056	245.901	244.768	240.034	239.986	239.321
YER063W	280.848	285.906	286.561	283.114	286.311	286.887
YER064C	734.483	723.864	726.262	746.535	731.071	734.497
YER065C	486.756	495.538	494.957	477.55	485.391	486.198
YER066W	140.81	140.666	139.887	143.323	142.543	141.374
YER067W	137.299	138.835	138.765	141.245	141.466	141.316
YER068W	901.877	906.236	905.382	914.513	910.503	914.4
YER069W	1071.274	1077.673	1081.462	1091.473	1087.729	1088.795
YER070W	997.183	991.173	996.068	1005.358	993.102	998.529
YER071C	846.26	871.515	873.609	869.12	873.439	882.601
YER072W	123.348	119.601	120.436	125.527	121.678	122.234
YER073W	547.339	553.315	553.685	536.666	540.033	540.585
YER074W	89.931	90.497	90.748	89.498	90.369	90.597
YER074W-A	100.318	103.04	102.607	102.796	103.845	103.661
YER075C	3021.669	3080.754	3044.295	3020.228	3011.43	3015.022
YER076C	477.669	488.089	485.464	447.573	451.459	453.677
YER077C	1180.773	1187.158	1195.592	1223.587	1216.127	1223.111
YER078C	615.551	623.781	622.766	632.34	635.239	634.384
YER078W-A	59.058	57.386	57.301	58.271	56.156	56.781
YER079W	261.046	264.292	267.066	268.3	269.983	271.594
YER080W	1098.066	1112.894	1117.626	1139.296	1140.408	1143.268
YER081W	483.911	484.025	484.327	496.372	492.333	493.167
YER082C	1019.595	1029.404	1033.5	1057.157	1052.883	1057.217
YER083C	518.976	520.278	520.015	487.272	483.396	486.535
YER084W	194.346	189.936	189.592	189.873	185.277	186.729
YER085C	362.955	348.16	349.522	374.232	357.127	355.936
YER086W	441.738	438.979	439.277	447.418	443.427	443.606
YER087C-B	73.02	71.969	73.011	74.302	73.209	73.89
YER087W	903.967	913.539	915.798	932.551	932.498	933.513
YER088C	1889.727	1794.59	1894.314	1486.063	1413.817	1469.143
YER089C	1850.727	1755.108	1810.691	1500.875	1417.917	1455.784
YER090W	658.03	670.831	679.321	675.583	683.68	690.704
YER091C	583.118	579.609	582.251	584.3	581.274	582.177
YER092W	85.286	87.067	86.267	86.713	88.161	87.751
YER093C	3984.646	3967.43	4002.55	4019.644	3940.573	3951.242
YER093C-A	120.72	121.792	120.951	119.955	120.242	120.035
YER094C	225.132	228.489	226.341	217.585	219.344	219.777
YER095W	870.968	885.246	898.576	721.44	725.706	738.33
YER096W	619.156	619.097	621.985	629.581	625.251	626.593
YER098W	2667.908	2732.827	2705.266	2687.647	2699.799	2695.418
YER099C	291.232	294.664	292.464	293.499	294.884	293.351
YER100W	446.973	449.316	449.115	451.801	445.9	447.783
YER101C	594.224	597.909	598.908	603.888	599.68	599.544
YER102W	128.01	129.174	129.159	126.533	127.875	128.115
YER103W	5568.96	5562.965	6003.886	3818.501	3602.162	3874.302
YER104W	823.602	833.492	845.924	828.275	828.413	840.667
YER105C	3164.097	3172.852	3187.398	3231.083	3191.107	3207.138
YER106W	784.955	797.695	801.489	825.927	827.123	830.327
YER107C	254.909	256.93	256.095	258.072	259.625	258.558
YER109C	2038.087	2025.963	2064.885	1825.242	1791.451	1835.653
YER110C	1016.126	1013.468	1019.675	1037.601	1031.472	1033.52
YER111C	3145.683	3147.121	3170.945	3269.378	3222.677	3240.64
YER112W	461.718	466.897	469.423	480.742	480.391	480.993
YER113C	1133.368	1142.78	1143.094	1162.03	1156.564	1156.828
YER114C	1309.043	1312.574	1320.435	1309.27	1301.749	1307.462
YER115C	740.209	758.283	758.803	741.33	745.383	749.145
YER116C	450.728	447.525	451.652	420.325	415.989	422.373
YER117W	86.094	86.721	85.841	85.24	85.839	85.402
YER118C	520.242	519.848	518.183	530.242	524.148	523.459
YER119C	706.451	718.124	726.604	635.445	637.864	644.136
YER120W	306.783	309.41	309.123	298.185	299.951	300.921
YER121W	160.396	161.348	162.549	166.588	165.425	165.818
YER122C	688.532	689.578	692.778	711.234	707.282	709.884
YER123W	874.557	876.346	880.738	905.412	897.156	900.086
YER124C	1386.909	1347.491	1364.211	1426.524	1373.813	1395.349
YER125W	1236.992	1230.506	1232.483	1254.637	1234.396	1235.327
YER126C	227.924	232.877	231.775	232.351	235.964	234.508
YER127W	391.411	397.318	396.537	397.337	400.303	400.576
YER128W	201.661	204.07	205.12	207.82	209.522	209.534
YER129W	2176.859	2204.053	2224.801	2248.869	2245.875	2256.273
YER130C	565.421	567.109	567.524	584.059	581.694	582.105
YER131W	72.367	73.208	72.846	71.046	72.179	72.069
YER132C	3972.214	3910.545	3927.248	4028.6	3910.568	3915.269
YER133W	447.862	448.232	446.038	468.139	461.913	459.274
YER134C	433.896	440.022	440.356	448.167	450.268	446.358
YER135C	198.093	199.163	200.098	206.37	205.354	205.305
YER136W	475.327	472.595	473.239	492.028	484.755	484.03
YER137C	1831.387	1946.99	1993.731	1832.025	1921.32	1964.557
YER138C	2547.281	2556.007	2558.126	2625.655	2604.732	2613.53
YER138W-A	49	49	49	49	49	49
YER139C	515.53	530.824	532.118	519.559	523.857	520.833
YER140W	808.267	802.779	803.504	829.975	817.599	819.258
YER141W	528.596	533.016	532.357	536.751	537.018	535.376
YER142C	522.525	539.154	541.251	548.982	558.604	558.655
YER143W	700.794	699.528	707.765	628.962	624.071	634.175
YER144C	1413.468	1408.481	1415.655	1446.244	1426.302	1437.001
YER145C	477.208	477.004	476.343	455.255	453.214	453.718
YER145C-A	172.363	167.858	169.954	172.353	167.611	168.697
YER146W	123.291	127.825	126.945	120.557	124.387	124.271
YER147C	2332.937	2395.321	2439.368	1934.107	1944.479	1991.401
YER148W	217.906	224.559	226.382	223.272	228.959	229.246
YER149C	470.842	473.242	473.62	480.43	480.507	480.912
YER150W	361.708	388.494	389.701	310.962	321.935	328.763
YER151C	1505.148	1508.651	1522.85	1536.237	1521.99	1532.431
YER152C	1600.939	1567.461	1583.892	1368.694	1332.973	1354.21
YER153C	6731.22	6699.657	7144.033	4836.431	4655.774	4869.265
YER154W	850.05	842.794	856.56	786.705	774.924	788.624
YER155C	5317.949	5312.976	5345.356	5481.425	5396.056	5420.512
YER156C	405.942	413.002	408.723	393.981	397.244	396.828
YER157W	1620.592	1633.653	1642.754	1684.138	1674.183	1682.175
YER158C	699.497	700.434	702.241	708.201	704.765	709.325
YER159C	264.318	262.502	264.629	274.041	267.991	269.305
YER159C-A	493.299324429171	493.299324429171	493.299324429171	496.159	490.537	493.218
YER160C	2761.579	2755.534	2746.538	2842.018	2800.622	2804.241
YER161C	324.685	331.515	329.722	331.221	336.296	336.285
YER162C	816.745	834.046	831.987	837.723	848.726	847.303
YER163C	183.927	186.825	183.604	182.213	184.722	183.241
YER164W	2191.002	2238.908	2255.598	2251.552	2275.521	2278.219
YER165W	5323.899	5973.041	6213.176	3668.114	3948.296	4179.593
YER166W	2375.837	2390.995	2396.235	2447.936	2437.434	2439.027
YER167W	1371.977	1367.897	1378.731	1359.321	1345.056	1355.206
YER168C	7303.808	7320.439	7398.346	7127.129	6989.166	7069.091
YER169W	975.007	975.535	982.908	996.154	992.032	996.591
YER170W	265.772	271.416	272.164	270.922	274.952	276.262
YER171W	1478.754	1461.57	1473.625	1522.063	1486.608	1496.136
YER172C	3403.877	3465.833	3474.533	3535.766	3552.497	3555.535
YER173W	1993.514	1998.301	2007.555	2054.494	2027.958	2043.077
YER174C	216.563	216.851	217.61	221.406	220.564	220.577
YER175C	376.635	379.812	380.621	378.497	378.735	379.429
YER175W-A	155.056	164.891	164.03	163.706	170.039	169.421
YER176W	1607.87	1648.639	1656.14	1648.508	1676.061	1681.919
YER177W	262.161	259.053	258.521	253.577	251.172	251.427
YER178W	377.964	375.189	371.649	372.768	369.428	368.538
YER179W	394.39	406.948	408.619	407.151	417.004	417.535
YER180C	341.229	344.668	346.898	354.19	353.919	355.99
YER180C-A	134.011	136.587	136.472	128.24	129.002	130.012
YER181C	339.791	345.888	347.416	345.885	346.154	348.676
YER182W	214.876	217.049	218.281	219.467	220.684	220.667
YER183C	166.463	165.568	165.806	168.999	167.626	167.449
YER184C	1081.105	1090.937	1101.185	1122.037	1121.237	1125.199
YER185W	519.046	506.152	507.906	534.107	514.724	511.904
YER186C	451.267	456.084	457.194	464.292	463.437	463.035
YER187W	211.077	213.769	211.701	208.606	209.252	208.285
YER188C-A	416.968	405.464	411.43	423.568	406.818	414.929
YER188W	332.814	334.318	331.259	303.491	302.243	303.969
YER189W	105.156	105.174	105.957	108.009	108.016	107.743
YER190C-B	434	434	434	434	434	434
YER190W	3671.483	3638.705	3745.552	3110.586	3070.147	3129.131
YFL001W	800.358	805.63	814.313	833.452	826.569	833.921
YFL002C	1025.739	1045.2	1049.188	1061.271	1067.821	1069.211
YFL002W-A	3494.379	3486.082	3494.527	3607.706	3540.685	3556.105
YFL002W-B	1268	1268	1268	1268	1268	1268
YFL003C	12143.892	12818	12907.847	12211.009	12565.231	12676.503
YFL004W	1704.325	1711.338	1707.654	1771.029	1753.403	1749.215
YFL005W	206.527	208.701	206.657	210.788	211.107	209.835
YFL007W	4561.448	4577.912	4551.282	4655.534	4597	4582.295
YFL008W	5263.114	5444.55	5479.963	5445.287	5519.779	5566.675
YFL009W	2038.511	2021.254	2073.304	2124.209	2080.314	2121.958
YFL010C	462.116	470.717	468.154	426.108	430.68	434.757
YFL010W-A	210.569	207.039	210.721	191.115	185.506	188.436
YFL011W	491.991	490.177	491.165	497.748	494.936	493.392
YFL012W	218.361	221.037	222.446	229.106	229.345	228.981
YFL013C	1570.096	1602.323	1611.027	1599.995	1606.219	1612.192
YFL014W	105.797	108.76	107.996	104.539	107.556	107.239
YFL015C	635.715	603.47	621.524	529.477	498.048	508.745
YFL016C	16344.931	16012.756	17140.866	12956.547	12290.317	12983.329
YFL017C	285.142	287.512	283.262	283.946	282.951	281.132
YFL017W-A	73.842	74.748	73.598	74.699	74.987	74.527
YFL018C	433.298	436.783	437.462	437.772	439.695	440.356
YFL019C	200.213	198.112	200.064	209.09	204.816	205.537
YFL020C	4892.595	5525.59	6112.25	3398.086	3751.662	4184.196
YFL021W	10674.417	10498.946	10836.186	9317.676	9050.477	9318.381
YFL022C	520.75	518.71	522.484	519.076	517.893	520.296
YFL023W	1276.448	1297.343	1292.683	1303.098	1310.387	1307.118
YFL024C	1595.539	1632.372	1635.358	1645.367	1660.036	1668.962
YFL025C	1554.659	1563.33	1573.385	1616.485	1605.223	1613.208
YFL026W	643.167	634.765	638.839	657.226	642.032	643.565
YFL027C	773.311	771.1	773.85	796.779	785.343	786.069
YFL028C	269.944	273.274	275.521	277.541	280.154	282.003
YFL029C	420.608	423.539	423.445	418.285	419.661	420.89
YFL030W	688.396	699.308	704.207	622.511	625.534	634.023
YFL031W	896.047	904.223	918.008	746.599	745.457	754.382
YFL033C	19131.993	19566.466	19448.788	18820.702	19101.511	19032.952
YFL034C-A	153.075	152.208	153.102	158.46	155.82	156.435
YFL034C-B	296.658	294.359	295.902	301.765	298.047	299.102
YFL034W	1201.274	1208.459	1207.356	1224.21	1223.822	1221.224
YFL036W	8806.306	8859.789	9063.77	8698.878	8578.531	8734.422
YFL037W	429.824	433.299	433.436	420.145	422.873	424.229
YFL038C	151.312	152.87	151.703	148.233	149.93	149.328
YFL039C	341.13	339.455	339.478	329.384	325.779	326.84
YFL040W	934.839	941.626	939.316	964.531	959.076	953.246
YFL041W	1301.823	1320.177	1349.128	1295.387	1292.529	1326.147
YFL041W-A	49	49	49	49	49	49
YFL042C	593.143	597.18	594.284	598.675	600.94	598.8
YFL044C	265.095	263.419	263.271	264.089	263.15	262.536
YFL045C	215.279	218.265	220.398	220.384	222.721	222.824
YFL046W	187.872	189.59	190.301	192.927	194.142	194.092
YFL047W	984.197	984.696	984.191	1016.391	1005.459	1003.678
YFL048C	762.18	772.436	774.353	796.65	795.722	794.192
YFL049W	1209.035	1247.719	1255.185	1216.549	1241.348	1246.686
YFL050C	1050.832	1052.898	1052.778	1075.188	1069.463	1068.194
YFL051C	144.163	143.924	145.128	148.548	147.325	148.523
YFL052W	563.1	566.521	566.878	557.786	556.755	558.027
YFL053W	4131.525	4385.956	4839.342	3004.172	3079.454	3229.742
YFL054C	882.64	917.311	914.759	812.358	835.853	836.822
YFL055W	659.524	650.34	649.941	651.35	640.04	640.962
YFL056C	487.724	502.016	501.09	492.113	502.72	500.898
YFL058W	332.525	332.843	333.129	316.89	316.337	317.94
YFL059W	305.038	313.267	308.975	296.629	302.396	301.229
YFL060C	230.638	232.305	233.533	237.405	238.031	237.612
YFL061W	234.115	234.086	231.832	225.747	224.288	224.276
YFL062W	565.817	566.483	569.718	585.676	578.687	577.499
YFL064C	190.432	189.641	191.234	194.52	193.428	193.538
YFL065C	87.02	88.244	88.151	88.283	88.941	88.915
YFL066C	640.264	645.883	647.824	586.25	587.575	590.16
YFL067W	172.961	173.085	170.067	168.931	168.208	166.798
YFL068W	255.126	255.126	255.126	255.126	255.126	255.126
YFR001W	264.793	267.851	268.646	276.412	277.535	276.688
YFR002W	3214.72	3268.363	3313.48	3322.647	3328.678	3380.364
YFR003C	267.593	273.039	271.151	263.407	266.405	266.122
YFR004W	386.386	393.072	390.605	389.437	393.04	391.047
YFR005C	677.889	674.838	680.095	703.781	692.472	696.212
YFR006W	656.678	658.774	660.809	674.739	671.434	671.25
YFR007W	482.3	478.85	481.721	498.742	491.434	490.593
YFR008W	285.639	290.711	293.878	294.929	298.122	299.34
YFR009W	704.591	708.595	709.331	721.552	721.298	720.228
YFR010W	810.321	821.829	825.86	847.334	847.709	846.89
YFR011C	227.801	227.772	229.678	236.34	234.388	234.222
YFR012W	426.332	431.629	430.262	437.152	436.326	437.538
YFR012W-A	38	38	38	38	38	38
YFR013W	1438.999	1442.811	1441.861	1474.618	1458.336	1460.979
YFR014C	499.042	505.761	507.168	500.569	503.114	503.166
YFR015C	642.687	643.939	640.417	649.264	647.525	645.135
YFR016C	1496.825	1523.361	1521.794	1531.606	1546.201	1542.982
YFR017C	3540.737	3660.501	3904.732	2415.199	2392.433	2549.443
YFR018C	5137.161	5287.243	5532.982	3757.512	3716.241	3896.857
YFR019W	30516.727	31701.938	31382.019	31385.037	32333.139	31658.069
YFR020W	235.2	234.691	234.88	239.154	238.009	237.382
YFR021W	458.264	458.062	456.707	459.932	458.61	458.779
YFR022W	947.023	945.658	950.076	916.824	910.119	917.346
YFR023W	2169.338	2181.978	2196.294	2260.857	2232.772	2247.098
YFR024C-A	781.489	786.991	785.684	711.719	712.745	713.676
YFR025C	378.08	382.096	380.795	378.682	380.645	380.83
YFR026C	156.423	155.283	154.896	159.756	157.549	156.907
YFR027W	261.679	264.22	262.472	266.866	267.579	266.309
YFR028C	843.608	846.876	847.064	825.349	821.504	826.919
YFR029W	888.205	914.343	911.841	841.63	857.912	863.512
YFR030W	1116.426	1108.966	1118.648	1148.113	1131.841	1136.696
YFR031C	4199.611	4214.382	4260.175	4356.451	4298.809	4332.462
YFR031C-A	278.111	280.292	279.857	264.319	265.511	267.603
YFR032C	4273.449	4416.825	4844.696	2904.001	2862.863	3112.488
YFR032C-A	53.725	53.504	53.251	52.001	51.674	52.025
YFR032C-B	321.378	318.988	318.042	325.363	316.324	316.689
YFR033C	219.41	224.71	221.219	205.249	208.23	208.619
YFR034C	7533.704	7685.961	8196.135	5805.749	5683.983	5917.612
YFR035C	117.607	117.296	116.947	115.209	114.138	114.22
YFR035W-A	105.686	109.284	108.19	102.17	105.067	105.259
YFR036W	191.653	191.196	191.567	183.689	182.947	184.205
YFR037C	1218.13	1260.5	1279.401	1069.234	1095.193	1114.627
YFR038W	4637.184	4742.368	4830.117	4662.904	4688.25	4737.915
YFR039C	866.866	873.624	870.751	893.218	888.477	887.572
YFR040W	3021.772	3063.102	3054.374	3103.238	3094.08	3102.392
YFR041C	487.762	490.561	494.888	510.862	508.475	511.125
YFR042W	244.779	244.566	246.145	254.728	251.972	251.392
YFR043C	293.667	299.519	301.434	303.349	307.109	308.868
YFR044C	383.153	379.785	381.382	388.837	385.714	386.186
YFR045W	797.89	811.04	819.958	819.484	819.483	829.894
YFR046C	401.46	406.523	407.978	412.854	416.355	417.047
YFR047C	288.537	291.204	287.3	284.975	285.593	284.362
YFR048W	1830.059	1880.463	1895.369	1861.451	1877.589	1888.015
YFR049W	82.108	82.936	82.79	82.925	83.113	83.006
YFR050C	241.919	241.4	240.227	244.272	242.736	241.578
YFR051C	2452.383	2445.113	2550.47	1843.907	1808.388	1879.938
YFR052W	393.116	393.268	398.219	406.517	404.698	408.727
YFR053C	331.54	330.973	330.075	332.585	331.734	330.826
YFR054C	309.247	309.908	315.497	325.332	320.507	324.193
YFR055W	315.459	314.971	313.616	313.784	311.554	311.33
YFR057W	293.141	293.595	298.414	308.222	304.251	307.361
YGL001C	486.174	488.385	494.411	501.638	499.203	501.46
YGL002W	199.456	198.771	199.128	204.067	202.859	202.371
YGL003C	525.554	525.415	525.582	531.983	531.254	530.674
YGL004C	508.847	515.884	514.803	524.814	525.808	524.473
YGL005C	307.098	308.346	310.054	319.64	318.604	318.078
YGL006W	5245.14	5368.945	5384.485	5324.686	5346.189	5356.007
YGL006W-A	49	49	49	49	49	49
YGL007C-A	178.835	172.401	173.737	182.602	172.474	172.883
YGL007W	179.495	185.773	188.294	172.878	177.54	179.454
YGL008C	790.164	789.526	790.932	780.292	777.926	779.723
YGL009C	870.524	870.114	870.297	881.375	876.197	875.825
YGL010W	135.49	136.392	137.385	140.017	140.053	139.83
YGL011C	299.063	303.305	303.374	300.926	301.131	302.189
YGL012W	379.782	376.317	376.957	381.047	377.277	377.247
YGL013C	2893.315	2870.549	2885.629	2933.049	2877.697	2892.668
YGL014W	16877.719	17291.438	16945.479	16977.031	17291.072	17122.809
YGL015C	854.339	864.237	858.315	858.439	847.144	842.688
YGL016W	2648.118	2637.456	2641.386	2735.1	2676.749	2690.96
YGL017W	477.593	482.466	480.659	481.946	484.959	483.342
YGL018C	137.982	139.174	138.652	137.775	138.75	138.909
YGL019W	215.335	217.446	214.303	213.005	214.861	213.317
YGL020C	287.937	289.487	289.817	300.233	299.123	299.333
YGL021W	1738.714	1771.894	1782.764	1800.929	1818.101	1816.581
YGL022W	782.059	772.73	771.626	754.256	745.339	745.589
YGL023C	1234.321	1250.447	1246.07	1144.17	1146.449	1153.023
YGL025C	1031.715	1035.099	1051.048	894.707	890.363	906.098
YGL026C	534.176	538.218	537.742	533.046	537.182	537.349
YGL027C	2029.261	2068.787	2069.782	2044.073	2056.251	2045.462
YGL028C	439.199	433.708	436.454	442.714	436.206	438.283
YGL029W	137.938	142.539	142.308	143.03	146.524	145.485
YGL030W	50.43	50.132	50.151	50.371	50.224	50.208
YGL031C	104.728	105.736	106.255	104.521	105.786	106.228
YGL032C	70.402	68.771	69.567	72.158	70.243	70.045
YGL033W	389.266	393.186	395.473	408.126	408.024	409.378
YGL034C	3183.883	3260.915	3454.36	2245.628	2234.95	2397.369
YGL035C	434.191	432.185	432.905	437.56	434.493	435.619
YGL036W	6653.93	6793.666	6691.314	6563.365	6511.257	6481.626
YGL037C	211.287	214.704	215.588	211.959	215.375	217.238
YGL038C	1910.545	1876.249	1884.413	1819.083	1775.326	1790.599
YGL039W	374.497	370.264	374.97	386.004	379.186	381.142
YGL040C	551.84	536.377	533.341	503.48	487.462	490.067
YGL041C-B	90.94	91.575	93.356	94.308	94.19	94.9
YGL041W-A	171.613	175.421	176.362	178.512	181.257	180.749
YGL043W	353.063	356.38	354.677	357.435	358.217	357.514
YGL044C	475.731	472.527	473.33	473.755	464.359	466.049
YGL045W	617.404	621.771	622.012	619.932	620.427	621.054
YGL047W	151.556	151.98	151.373	151.264	151.584	150.741
YGL048C	363.648	369.395	369.532	369.1	373.603	372.275
YGL049C	1219.327	1250.463	1258.903	1226.725	1249.013	1254.029
YGL050W	253.261	255.803	255.6	259.903	261.673	260.914
YGL051W	507.067	522.693	526.049	519.626	524.54	523.422
YGL053W	336.87	343.229	343.88	345.375	346.471	345.136
YGL054C	201.365	194.339	194.969	209.296	199.722	200.085
YGL055W	410.009	407.2	409.42	413.392	410.757	411.844
YGL056C	3458.528	3555.415	3634.438	3370.479	3407.022	3520.303
YGL057C	397.133	390.014	393.55	412.991	401.683	402.355
YGL058W	135.302	136.553	136.323	137.154	137.708	137.201
YGL059W	848.759	848.536	858.391	878.923	865.008	866.759
YGL060W	1222.79	1237.511	1245.187	1257.917	1257.11	1264.373
YGL061C	379.027	381.111	380.575	397.372	395.276	394.485
YGL062W	1416.119	1429.047	1427.326	1372.478	1378.105	1378.683
YGL063W	1414.823	1469.342	1488.097	1217.325	1246.044	1268.701
YGL064C	902.554	907.785	909.052	917.896	912.071	914.373
YGL065C	2053.725	1997.305	2008.543	2066.943	1975.598	1976.403
YGL066W	1074.471	1067.448	1075.888	1015.163	1002.842	1013.15
YGL067W	433.364	434.767	438.18	446.035	444.105	445.556
YGL068W	462.024	446.383	453.578	405.578	389.456	396.018
YGL070C	106.507	106.844	107.206	108.271	108.32	108.032
YGL071W	766.685	770.868	773.985	783.979	782.925	785.65
YGL073W	2655.255	2704.393	2702.476	2684.12	2682.206	2693.141
YGL075C	471.726	468.718	473.173	489.635	481.587	483.025
YGL076C	163.671	163.054	163.615	162.901	162.534	163.035
YGL077C	523.187	519.702	521.918	529.691	523.775	523.693
YGL078C	576.052	589.959	591.651	593.955	603.135	603.371
YGL079W	339.261	335.024	337.303	351.36	344.245	345.379
YGL080W	373.328	363.796	381.378	383.163	368.499	379.03
YGL081W	358.279	360.608	361.477	370.827	369.976	369.189
YGL082W	478.063	489.697	493.855	496.044	503.714	506.853
YGL083W	1219.896	1226.45	1234.919	1257.096	1250.882	1257.376
YGL084C	709.822	700.1	706.258	735.21	718.499	722.142
YGL085W	437.941	448.404	447.5	449.444	452.678	453.372
YGL086W	39385.192	40163.369	39149.295	39658.999	40040.215	39131.804
YGL087C	110.856	111.824	111.783	113.046	113.807	114.238
YGL088W	1806.665	1805.678	1922.194	1805.748	1843.75886339607	1881.691
YGL089C	132.85	133.554	132.022	130.623	130.77	130.364
YGL090W	493.139	496.802	497.062	510.531	510.107	508.141
YGL091C	2401.835	2480.829	2542.781	2390.367	2439.388	2459.256
YGL092W	2047.305	2055.403	2066.448	2108.004	2096.435	2101.239
YGL093W	1687.469	1730.852	1742.31	1699	1724.062	1731.125
YGL094C	1226.528	1229.203	1236.704	1269.91	1264.53	1266.885
YGL095C	1358.618	1374.462	1368.593	1401.024	1394.392	1389.164
YGL096W	353.771	358.261	359.977	362.093	362.646	365.628
YGL097W	525.774	530.805	529.283	526.946	530.688	529.86
YGL098W	583.681	588.409	576.53	596.209	583.817	579.541
YGL099W	886.544	902.584	907.339	912.924	918.846	921.387
YGL100W	319.24	322.382	323.163	324.1	326.199	326.061
YGL101W	294.388	297.404	298.963	305.356	304.988	305.064
YGL103W	166.469	170.476	169.033	159.291	161.508	162.167
YGL104C	631.719	627.57	626.898	650.611	640.232	637.022
YGL105W	1417.88	1306.787	1325.862	1134.539	1049.897	1047.602
YGL106W	153.907	157.992	155.877	150.036	153.753	153.66
YGL107C	1209.944	1215.348	1228.22	1250.933	1242.473	1248.09
YGL108C	127.262	127.643	128.227	129.434	129.6	129.939
YGL110C	1080.178	1083.485	1090.817	1129.395	1119.404	1121.152
YGL111W	2264.798	2138.869	2087.413	2298.26	2146.517	2075.155
YGL112C	663.435	666.333	671.815	685.809	682.365	685.005
YGL113W	4358.062	4578.445	4604.274	4335.851	4428.584	4435.892
YGL114W	1886.673	1850.117	1864.522	1618.312	1571.296	1590.645
YGL115W	337.974	338.407	337.455	347.201	345.606	343.94
YGL116W	940.318	956.291	962.03	958.579	963.365	967.158
YGL117W	276.953	276.468	278.413	286.342	283.074	282.44
YGL118C	2127.193	2129.167	2083.652	2168.667	2140.625	2111.393
YGL119W	804.265	813.162	818.327	818.883	820.47	822.83
YGL120C	1065.532	1074.341	1080.973	1074.273	1076.96	1083.556
YGL121C	90.606	90.193	90.698	90.258	89.99	90.291
YGL122C	764.061	767.986	775.542	713.426	711.967	718.971
YGL123W	205.829	205.464	204.22	201.641	201.905	201.59
YGL124C	1036.699	1032.674	1040.559	1080.132	1065.321	1068.311
YGL125W	1084.239	1089.44	1089.432	983.173	978.744	989.502
YGL126W	13764.649	14017.39	15258.393	9807.42	9649.253	10284.71
YGL127C	137.467	138.12	137.781	134.036	134.211	134.43
YGL128C	314.766	315.441	316.998	319.21	318.637	320.029
YGL129C	754.297	755.617	762.191	779.898	773.157	776.2
YGL130W	501.832	506.65	507.656	516.687	517.514	517.435
YGL131C	3214.688	3212.734	3210.857	3322.251	3272.647	3276.828
YGL133W	2003.531	2020.152	2030.292	2070.489	2061.732	2067.589
YGL134W	466.614	470.778	472.911	482.155	481.65	482.021
YGL135W	160.193	158.948	160.624	160.353	159.287	159.491
YGL136C	352.906	355.137	355.019	357.982	358.531	357.884
YGL137W	940.338	952.141	955.954	929.364	936.58	939.124
YGL138C	853.009	858.677	864.247	891.257	884.04	890.19
YGL139W	1067.05	1062.344	1068.284	1095.331	1079.529	1080.375
YGL140C	1823.968	1824.247	1829.854	1881.201	1859.921	1863.769
YGL141W	2109.287	2132.328	2144.078	2184.356	2176.223	2178.499
YGL142C	3581.829	3842.133	3959.341	3521.896	3787.674	3858.665
YGL143C	651.307	651.58	647.386	665.409	658.125	655.974
YGL144C	702.964	706.933	710.019	721.089	719.115	718.651
YGL145W	2679.453	2683.191	2689.236	2743.43	2689.37	2707.852
YGL146C	742.657	751.42	745.633	707.948	707.191	706.082
YGL147C	123.061	123.352	123.99	121.736	122.376	122.223
YGL148W	433.479	436.643	432.93	424.372	425.993	426.434
YGL149W	53.111	49.779	50.936	53.323	50.409	50.808
YGL150C	1776.93	1788.19	1792.433	1835.443	1833.176	1831.953
YGL151W	4625.67	4847.774	4982.999	4766.36	4921.649	5028.36
YGL153W	439.943	449.225	451.069	454.953	461.364	462.157
YGL154C	353.963	369.97	372.183	362.3	372.64	375.455
YGL155W	480.893	482.087	481.643	496.329	492.393	489.947
YGL156W	1136.694	1137.919	1140.103	1166.689	1159.526	1157.524
YGL157W	442.419	440.14	446.035	457.648	452.91	455.04
YGL158W	575.785	576.029	577.793	590.034	586.146	585.382
YGL159W	778.367	784.731	788.715	814.582	810.475	808.84
YGL160W	1106.837	1090.334	1100.81	1153.886	1124.584	1132.685
YGL161C	301.286	303.934	301.471	302.487	303.753	301.462
YGL162W	1681.331	1768.302	1825.499	1366.212	1388.265	1434.723
YGL163C	1534.346	1560.973	1567.876	1468.759	1481.04	1485.274
YGL164C	480.7	488.14	487.092	496.38	499.65	497.886
YGL166W	582.365	575.177	574.809	490.544	484.229	489.787
YGL167C	1567.434	1620.561	1639.869	1596.479	1628.987	1645.047
YGL168W	260.104	261.258	260.062	270.086	265.258	264.731
YGL169W	572.29	571.692	571.61	590.68	583.3	583.399
YGL170C	756.442	764.114	770.038	788.685	788.512	792.538
YGL171W	1348.439	1357.228	1369.102	1415.254	1399.454	1409.258
YGL172W	1094.28	1078.53	1092.932	1054.545	1031.887	1043.738
YGL173C	2832.296	2879.132	2886.898	2917.261	2922.993	2922.64
YGL174W	276.597	284.047	286.183	282.087	289.022	290.034
YGL175C	521.709	527.263	529.873	539.75	537.938	543.228
YGL176C	1266.059	1293.898	1292.995	1305.015	1310.408	1309.595
YGL178W	7274.563	7630.803	7710.804	7181.241	7347.104	7381.994
YGL179C	598.051	593.627	592.321	613.416	604.19	602.764
YGL180W	1844.978	1865.414	1882.505	1925.27	1921.147	1922.512
YGL181W	2098.893	2082.323	2165.232	1642.975	1620.056	1683.849
YGL183C	669.19	697.929	698.659	701.019	717.027	717.692
YGL184C	547.123	544.797	541.419	550.5	541.975	541.376
YGL185C	491.521	499.093	503.76	503.763	509.128	511.759
YGL186C	645.137	642.159	641.115	659.289	650.736	648.965
YGL187C	98.628	98.629	98.467	99.095	99.178	98.933
YGL188C-A	87.915	91.15	90.641	91.896	93.007	92.665
YGL189C	78.78	80.493	80.239	77.174	79.114	79.098
YGL190C	3121.557	3102.413	3142.73	3153.068	3066.844	3109.191
YGL191W	77.679	78.296	78.304	78.338	78.921	78.907
YGL192W	602.929	612.415	613.716	615.558	622.602	621.958
YGL193C	81.933	78.39	79.295	82.44	78.912	79.335
YGL194C	606.986	607.022	608.633	625.537	620.678	621.539
YGL194C-A	1271.691	1414.832	1440.976	1276.503	1378.086	1391.931
YGL195W	3458.88	3458.441	3483.275	3565.434	3533.061	3538.68
YGL196W	577.781	572.203	576.635	595.578	585.467	588.454
YGL197W	1751.396	1753.773	1758.403	1791.116	1779.769	1783.658
YGL198W	565.903	575.119	573.41	496.613	497.407	501.872
YGL200C	163.436	160.501	161.076	163.037	160.411	160.657
YGL201C	1981.582	2017.322	2026.561	2002.865	2018.104	2028.499
YGL202W	400.608	396.942	398.12	400.897	396.95	397.911
YGL203C	808.707	812.181	810.802	822.587	819.718	816.554
YGL204C	78.445	76.996	77.483	81.545	79.625	79.45
YGL205W	2088.839	2150.549	2124.698	1986.541	2002.778	1978.011
YGL206C	2877.495	2884.821	2902.56	2971.942	2942.342	2948.202
YGL207W	3104.224	3025.835	3024.833	3161.943	3040.023	3048.948
YGL208W	402.918	405.248	401.309	398.316	399.522	399.111
YGL209W	376.543	375.714	374.388	364.237	362.193	363.774
YGL210W	298.284	300.953	299.391	299.871	300.475	299.664
YGL211W	368.5	371.292	367.25	362.275	363.22	361.307
YGL212W	455.934	468.55	464.606	430.349	437.115	435.963
YGL213C	430.756	432.751	430.931	444.533	442.783	439.709
YGL215W	1285.885	1345.052	1338.809	1280.797	1305.51	1313.993
YGL216W	1887.165	1914.977	1930.728	1653.412	1652.898	1667.633
YGL219C	515.407	524.77	529.292	524.465	532.412	535.891
YGL220W	126.332	130.515	128.281	126.646	129.599	128.465
YGL221C	291.145	296.377	295.167	281.615	285.203	286.025
YGL222C	214.26	211.911	214.364	218.332	215.67	217.855
YGL223C	523.666	524.058	528.119	542.955	539.924	540.806
YGL224C	296.877	298.163	299.587	303.771	302.039	302.026
YGL225W	488.699	476.078	480.213	472.464	456.235	461.376
YGL226C-A	92.231	90.352	91.391	96.005	93.539	94.495
YGL226W	109.833	110.746	109.496	109.49	109.792	109.239
YGL227W	1928.345	1978.186	1974.522	1980.405	1993.958	1991.789
YGL228W	1314.082	1345.665	1351.569	1319.841	1337.752	1336.822
YGL229C	18991.003	19543.249	19693.032	18113.293	18268.873	18430.203
YGL230C	349.821	352.602	358.198	368.831	367.865	370.158
YGL231C	167.875	169.427	171.033	172.732	173.412	174.256
YGL232W	594.633	612.256	614	615.721	623.801	627.035
YGL233W	12928.922	12738.817	12560.125	12525.247	12068.294	12027.968
YGL234W	1545.216	1517.757	1550.996	1283.359	1250.554	1267.433
YGL235W	566.47	567.172	575.94	480.999	475.824	487.369
YGL236C	1184.842	1214.727	1208.842	1093.403	1109.493	1118.044
YGL237C	355.458	362.564	361.807	349.764	355.932	357.431
YGL238W	3534.148	3562.231	3541.541	3635.773	3588.63	3599.122
YGL240W	157.774	159.041	157.634	157.498	158.677	157.673
YGL241W	3882.843	3882.128	3886.149	3948.647	3860.159	3850.867
YGL242C	112.597	113.815	113.271	113.616	114.691	113.867
YGL243W	791.439	790.871	788.737	822.844	809.73	808.598
YGL244W	613.877	623.885	620.994	624.834	631.091	628.64
YGL245W	591.196	593.059	596.424	602.265	602.547	604.238
YGL246C	888.923	910.135	913.893	922.41	926.944	932.872
YGL247W	619.922	594.493	604.789	640.897	606.33	613.046
YGL248W	391.726	391.873	391.529	398.659	396.534	396.562
YGL249W	9825.684	9889.514	9989.467	9748.916	9679.204	9717.781
YGL250W	262.363	264.122	263.539	265.541	265.964	265.858
YGL251C	14925.353	15123.471	15578.701	14630.045	14699.873	14933.534
YGL252C	607.089	614.885	615.367	626.473	629.752	629.866
YGL253W	451.851	451.836	455.511	455.664	454.1	456.532
YGL254W	280.829	282.722	283.751	285.086	285.18	286.175
YGL255W	335.53	333.055	331.986	340.614	335.907	334.853
YGL256W	306.325	305.503	307.269	309.162	308.096	309.161
YGL257C	856.194	852.962	857.347	888.408	878.717	880.531
YGL258W	145.434	144.282	144.853	144.648	143.637	143.289
YGL258W-A	85.56	86.754	87.531	88.63	89.454	89.649
YGL259W	148.46	145.886	147.017	151.011	147.827	148.327
YGL260W	49	49	49	49.025	49.017	49
YGL261C	287.589	295.069	302.718	249.853	254.072	261.496
YGL262W	303.589	305.94	303.667	309.393	308.304	304.982
YGL263W	1085.549	1053.661	1050.252	1101.075	1046.346	1043.613
YGR001C	312.946	309.965	312.032	323.759	318.153	318.274
YGR002C	1296.36	1285.066	1304.631	1193.846	1173.015	1187.954
YGR003W	1594.298	1610.732	1619.567	1663.111	1657.574	1656.573
YGR004W	599.775	598.578	598.071	619.056	612.034	610.552
YGR005C	937.017	962.952	961.447	947.698	952.788	954.463
YGR006W	479.443	468.949	474.965	489.419	473.06	475.892
YGR007W	249.277	251.771	250.869	252.442	254.023	252.687
YGR008C	60.108	61.013	60.441	59.632	60.578	60.356
YGR009C	675.294	686.562	684.639	686.251	693.521	690.456
YGR010W	480.25	488.163	485.48	487.203	489.961	490.51
YGR012W	345.448	349.957	347.136	347.296	350.32	349.113
YGR013W	967.696	999.642	998.022	937.067	955.473	961.214
YGR014W	1449.547	1426.995	1432.332	1427.068	1401.462	1407.214
YGR015C	508.652	513.43	509.609	524.496	520.728	519.438
YGR016C-A	49	49	49	49	49	49
YGR016W	1106.878	1109.672	1121.261	1101.349	1072.618	1075.965
YGR017W	374.651	376.965	379.231	386.061	385.427	386.303
YGR018C	91.131	88.946	90.388	90.904	89.174	89.822
YGR019W	506.014	503.901	502.354	493.615	488.995	488.831
YGR020C	79.611	80.703	80.748	80.227	81.095	81.382
YGR021W	906.876	929.202	926.968	759.629	769.55	777.481
YGR023W	491.617	484.991	489.013	498.566	491.297	495.371
YGR024C	389.663	394.695	394.245	408.941	408.345	407.202
YGR025W	242.384	234.969	242.057	251.135	241.369	245.788
YGR026W	761.687	809.978	814.112	795.623	833.068	845.423
YGR027C	75.997	76.476	76.402	75.785	76.485	76.715
YGR027W-A	456.494888875364	450.537	456.494888875364	459.759	456.805	458.936
YGR027W-B	2494.08	2490.865	2486.201	2578.101	2542.454	2545.174
YGR028W	660.067	672.035	681.011	685.007	690.495	695.377
YGR029W	215.852	220.287	218.448	211.71	214.543	215.291
YGR030C	3574.278	3661.223	3699.779	3506.058	3515.22	3527.813
YGR031C-A	443	443	443	443	443	443
YGR031W	1803.31	1909.682	1955.307	1391.348	1396.223	1449.773
YGR032W	2136.717	2149.109	2152.831	2168.419	2163.682	2164.536
YGR033C	209.594	209.592	209.924	215.249	214.207	213.782
YGR034W	72.813	72.914	72.811	71.766	72.079	71.864
YGR035C	153.563	153.949	153.318	159.321	157.262	157.065
YGR035W-A	126.748	127.116	124.406	129.097	127.477	126.338
YGR036C	353.125	348.576	350.805	367.524	360.025	359.049
YGR037C	56.944	57.499	57.315	56.618	57.219	57.055
YGR038C-A	484.298200943678	484.298200943678	484.298200943678	487.454	481.168	484.293
YGR038C-B	2339.814	2347.49	2353.292	2405.864	2392.109	2401.782
YGR038W	242.762	238.506	238.679	248.254	241.893	241.915
YGR039W	350.365	351.07	352.204	362.217	355.781	354.877
YGR040W	461.418	470.008	469.968	471.04	475.13	475.648
YGR041W	1498.704	1493.89	1524.977	1489.44	1470.659	1486.642
YGR042W	462.935	473.105	472.7	480.043	483.443	482.58
YGR043C	316.127	317.839	318.622	323.251	323.834	324.112
YGR044C	442.602	454.926	452.401	418.815	427.228	428.065
YGR045C	173.084	168.777	170.12	178.186	172.479	172.496
YGR046W	550.69	561.617	567.124	572.393	577.736	581.554
YGR047C	2892.411	2968.815	3044.212	3026.786	3073.455	3101.083
YGR048W	383.675	385.514	385.363	389.049	388.837	387.635
YGR049W	162.931	165.656	164.687	164.799	166.274	166.957
YGR050C	76.416	76.375	76.523	76.85	76.8	76.671
YGR052W	336.807	337.867	339.429	345.346	344.906	346.179
YGR053C	336.324	340.054	340.925	349.93	349.965	349.136
YGR054W	1070.845	1080.824	1081.79	1060.804	1060.814	1066.853
YGR055W	959.463	967.769	984.258	917.936	914.457	922.024
YGR056W	2509.085	2548.651	2576.571	2421.455	2422.323	2448.658
YGR057C	1299.347	1311.971	1322.016	1339.352	1327.172	1335.266
YGR058W	383.754	386.131	387.236	389.897	389.133	389.29
YGR059W	1157.845	1168.492	1180.333	1216.258	1210.241	1213.419
YGR060W	287.039	280.142	282.158	290.251	282.159	284.369
YGR061C	1299.761	1296.053	1299.201	1323.637	1314.06	1315.244
YGR062C	273.444	274.063	274.127	275.487	275.299	275.687
YGR063C	77.39	78.647	77.277	75.834	76.637	76.456
YGR065C	731.613	723.088	726.468	745.242	731.771	731.928
YGR066C	349.942	352.915	351.221	355.634	355.413	354.511
YGR067C	1074.536	1051.184	1055.339	1100.395	1066.25	1068.184
YGR068C	2891.571	2941.732	3074.293	2179.604	2166.951	2262.488
YGR070W	3515.532	3512.163	3534.536	3639.602	3582.351	3594.995
YGR071C	2468.713	2497	2517.565	2526.707	2512.534	2531.596
YGR072W	3016.445	2807.245	2844.859	3032.732	2759.82	2785.745
YGR074W	105.623	104.683	104.144	107.242	106.127	105.787
YGR075C	4024.878	4260.35	4179.059	3990.033	4077.406	4056.807
YGR076C	164.43	164.304	165.687	171.653	170.016	170.333
YGR077C	2692.523	2777.477	2802.82	2630.052	2662.604	2692.946
YGR078C	247.261	254.658	253.456	241.946	247.915	248.118
YGR079W	731.693	698.511	706.449	660.218	631.46	640.673
YGR080W	373.09	370.624	372.579	381.557	377.424	377.794
YGR081C	218.615	222.695	223.718	226.428	229.453	229.629
YGR082W	148.773	149.539	149.003	150.319	150.254	150.264
YGR083C	1193.528	1195.893	1203.638	1220.664	1214.014	1220.589
YGR084C	482.092	492.479	497.027	501.467	507.245	508.835
YGR085C	99.797	100.728	100.418	98.788	99.988	99.702
YGR086C	342.26	347.002	345.664	338.454	342.596	342.599
YGR087C	705.67	721.531	721.416	690.277	701.265	704.403
YGR088W	540.499	541.068	542.059	550.723	548.127	549.107
YGR089W	2214.294	2222.895	2228.331	2292.619	2268.087	2278.096
YGR090W	2193.812	2171.871	2192.953	2268.388	2221.409	2234.216
YGR091W	834.373	855.987	863.948	864.971	874.691	882.712
YGR092W	673.878	682.548	686.334	695.26	699.75	700.29
YGR093W	801.365	806.188	810.967	826.898	822.148	829.405
YGR094W	977.057	983.495	986.952	998.986	1002.273	1002.042
YGR095C	209.798	214.584	215.094	212.812	216.428	215.827
YGR096W	595.014	600.437	607.144	530.405	528.812	533.093
YGR097W	2400.636	2425.505	2474.247	2168.125	2155.596	2190.652
YGR098C	6319.587	6330.051	6388.928	6496.47	6399.596	6460.14
YGR099W	1361.072	1316.354	1311.296	1405.807	1335.8	1325.977
YGR100W	1250.289	1252.19	1255.67	1293.863	1282.06	1282.67
YGR101W	512.262	510.15	511.602	488.106	482.961	484.15
YGR102C	859.077	934.57	928.75	871.375	925.208	920.378
YGR103W	1204.432	1228.124	1225.458	1239.604	1241.862	1242.208
YGR104C	430.556	433.567	433.448	446.465	443.882	441.967
YGR105W	49	49	49	49	49	49
YGR106C	370.635	365.532	368.808	385.064	377.346	377.106
YGR108W	676.393	685.126	689.569	705.109	706.281	705.617
YGR109C	1787.856	1799.195	1801.42	1845.697	1819.08	1824.265
YGR109W-A	314.468	316.954	317.212	322.142	322.469	322.674
YGR109W-B	1848.664	1850.353	1859.845	1863.073	1854.982	1865.52
YGR110W	667.089	664.631	667.864	671.912	664.964	664.997
YGR111W	538.963	538.447	542.921	553.354	548.89	551.629
YGR112W	289.112	290.874	290.94	290.194	292.024	291.716
YGR113W	357.71	359.895	360.181	368.716	368.931	369.487
YGR116W	2310.993	2340.23	2355.022	2390.247	2397.367	2404.517
YGR117C	622.406	621.864	624.333	649.423	641.874	643.053
YGR118W	86.124	85.712	85.888	85.914	85.78	85.551
YGR119C	906.074	921.896	920.558	912.504	923.641	923.933
YGR120C	585.558	587.512	593.507	605.4	600.889	606.626
YGR121C	814.848	822.496	822.974	743.745	740.927	744.924
YGR121W-A	99.753	99.437	98.601	104.237	103.12	102.199
YGR122W	434.723	437.398	439.246	449.998	449.902	450.375
YGR123C	926.834	931.409	931.816	951.813	943.733	945.3
YGR124W	462.175	464.762	463.885	461.963	464.674	464.424
YGR125W	1998.063	2028.714	2048.111	2054.841	2051.969	2063.673
YGR126W	229.293	230.495	232.143	235.242	235.066	236.056
YGR127W	548.125	553.912	554.427	569.847	567.236	566.466
YGR128C	2459.112	2477.85	2500.037	2527.009	2513.338	2527.201
YGR129W	310.324	320.562	322.187	320.369	326.446	325.839
YGR130C	1806.305	1829.882	1822.072	1861.646	1857.897	1859.017
YGR131W	223.769	222.056	221.694	229.553	224.27	224.288
YGR132C	222.176	224.493	223.666	225.492	226.549	225.96
YGR133W	155.96	157.51	156.476	154.27	155.406	155.381
YGR134W	2520.626	2540.203	2540.397	2591.824	2567.139	2567.371
YGR135W	261.02	264.237	265.464	268.334	269.171	270.622
YGR136W	559.411	562.458	564.275	535.266	532.047	536.755
YGR138C	560.599	557.748	557.327	564.993	559.596	558.929
YGR140W	4074.324	4164.739	4229.025	4197.394	4227.054	4276.382
YGR141W	437.689	441.892	440.369	442.573	444.97	443.841
YGR142W	469.91	479.797	480.264	490.221	496.003	494.939
YGR143W	3460.604	3357.44	3369.626	3449.722	3333.791	3371.483
YGR144W	276.173	278.321	278.172	269.49	270.681	270.341
YGR145W	1195.55	1220.86	1232.623	1246.079	1256.888	1261.62
YGR146C	202.612	200.865	202.861	208.234	205.213	206.594
YGR146C-A	49	49	49	49	49	49
YGR147C	317.379	327.536	325.459	321.311	328.918	328.278
YGR148C	131.964	133.854	134.643	132.862	134.629	135.388
YGR149W	566.763	558.818	562.78	589.948	576.022	574.894
YGR150C	1707.252	1742.443	1747.221	1784.122	1791.488	1795.654
YGR152C	265.821	267.819	269.35	274.121	274.029	273.423
YGR153W	157.063	158.954	158.719	160.309	161.732	160.67
YGR154C	474.517	483.447	483.394	485.517	490.585	488.754
YGR155W	613.393	609.632	613.486	627.673	620.488	622.836
YGR156W	2424.985	2212.466	2272.153	2252.754	2029.426	2044.375
YGR157W	2651.465	2571.994	2591.5	2737.474	2619.814	2629.024
YGR158C	267.925	268.42	269.011	271.121	269.373	269.492
YGR159C	3573.68	3776.082	4045.134	2395.132	2401.41	2584.835
YGR161C	339.337	339.204	339.739	336.3	334.61	336.058
YGR161C-D	2646.719	2635.564	2628.641	2715.599	2673.843	2678.894
YGR161W-C	101.987	106.037	104.849	99.626	102.784	102.806
YGR162W	1146.797	1149.027	1145.956	1124.343	1121.2	1123.216
YGR163W	514.48	513.712	517.039	537.568	530.565	531.617
YGR164W	187.244	186.853	186.86	196.346	193.275	192.434
YGR165W	319.542	323.738	325.563	328.057	330.966	330.988
YGR166W	2768.746	2688.7	2684.086	2807.122	2668.512	2654.299
YGR167W	237.438	238.153	237.764	245.616	244.261	243.491
YGR168C	2848.69	2943.32	2940.457	2872.986	2898.515	2904.964
YGR169C	335.318	337.172	335.764	340.59	340.729	338.842
YGR169C-A	194.516	194.63	193.316	179.269	177.798	178.414
YGR170W	1998.71	1996.863	2001.709	2037.785	2007.194	2009.504
YGR171C	841.635	843.761	848.399	871.988	863.147	865.766
YGR172C	253.271	251.401	252.631	262.646	258.906	258.29
YGR173W	560.856	564.404	563.014	586.059	585.724	583.353
YGR174C	131.279	132.542	131.87	131.902	133.342	132.59
YGR174W-A	38	38	38	38	38	38
YGR175C	332.967	331.663	331.244	335.791	334.069	332.342
YGR177C	779.199	755.897	758.364	794.438	762.737	767.187
YGR178C	1703.413	1710.877	1729.585	1509.952	1498.865	1514.358
YGR179C	1669.224	1675.886	1671.555	1710.06	1715.696	1706.026
YGR180C	258.369	257.662	258.382	260.659	259.55	259.819
YGR181W	90.459	91.251	91.272	91.644	92.422	92.977
YGR183C	56.305	55.794	56.607	58.53	58.208	58.248
YGR184C	4137.232	4202.958	4219.786	4278.061	4293.766	4303.394
YGR185C	348.445	348.326	350.079	354.529	353.399	354.47
YGR186W	928.639	952.174	951.916	935.658	950.795	950.983
YGR187C	996.876	1016.872	1011.135	1038.276	1034.598	1031.594
YGR188C	1752.609	1782.294	1788.745	1805.233	1814.01	1821.503
YGR189C	501.765	496.417	497.594	499.249	492.148	495.794
YGR191W	537.984	533.064	532.843	543.354	536.136	534.113
YGR192C	347.234	343.707	342.301	332.442	328.51	329.873
YGR193C	374.375	377.98	379.6	382.021	383.785	384.684
YGR194C	895.307	896.876	911.317	856.818	852.148	858.486
YGR195W	253.425	258.612	260.888	251.132	254.885	256.658
YGR196C	1030.158	1044.238	1044.676	1065.087	1069.947	1068.177
YGR197C	4398.361	4243.034	4513.445	3203.993	2996.75	3150.906
YGR198W	3910.024	4042.165	4052.214	3973.353	4033.751	4040.34
YGR199W	1056.554	1057.397	1062.566	1091.413	1084.143	1087.756
YGR200C	2709.663	2702.129	2698.873	2658.806	2612.578	2610.64
YGR201C	203.459	199.32	199.744	198.277	194.186	194.332
YGR202C	1036.688	1060.949	1073.804	1024.57	1029.512	1043.875
YGR203W	1679.807	1734.958	1828.845	1270.539	1284.402	1344.974
YGR204C-A	49	49	49	49	49	49
YGR204W	1195.198	1189.035	1186.749	1132.401	1125.73	1130.61
YGR205W	301.559	308.168	310.722	308.672	313.257	314.494
YGR206W	64.743	64.651	64.595	65.743	65.471	65.334
YGR207C	384.169	393.905	392.078	397.756	402.914	400.94
YGR208W	666.305	676.874	685.703	548.003	546.284	552.459
YGR209C	119.117	118.423	118.734	113.473	112.791	113.957
YGR210C	687.425	706.739	707.156	633.448	643.235	645.158
YGR211W	534.464	543.787	542.08	512.306	516.526	517.635
YGR212W	876.106	872.788	876.177	915.634	898.828	897.895
YGR213C	483.74	482.272	483.111	498.104	491.289	491.106
YGR214W	275.378	273.257	274.492	259.158	257.602	258.597
YGR215W	103.294	103.657	103.398	105.516	105.068	105.077
YGR216C	3548.937	3429.832	3387.987	3522.637	3353.237	3331.264
YGR217W	4296.708	4334.941	4319.588	4399.034	4369.875	4353.521
YGR218W	3012.085	3021.242	3034.44	3083.613	3046.837	3058.206
YGR220C	304.593	303.39	305	316.29	311.059	312.071
YGR221C	1120.995	1149.746	1149.879	1086.295	1100.632	1107.664
YGR222W	525.095	523.196	523.643	540.975	533.424	533.031
YGR223C	492.313	497.143	497.256	502.192	503.707	503.317
YGR224W	585.219	578.758	580.289	597.569	587.713	586.972
YGR225W	847.076	857.605	858.79	877.784	879.621	880.775
YGR227C-A	51.504	50.981	51.128	54.089	53.09	52.905
YGR227W	1356.174	1317.768	1326.228	1393.021	1333.125	1342.096
YGR229C	549.235	559.223	560.566	567.103	573.798	573.234
YGR230W	163.136	167.42	167.673	168.256	171.699	171.242
YGR231C	342.619	351.029	350.504	324.589	329.006	330.146
YGR232W	318.815	320.677	321.345	328.517	326.541	326.554
YGR233C	20324.31	19772.918	19945.149	19714.102	18953.98	19015.139
YGR234W	385.615	387.41	389.949	397.77	397.959	398.911
YGR235C	186.698	188.137	189.027	190.066	191.305	191.086
YGR236C	142.733	149.463	146.883	129.118	132.959	133.11
YGR237C	1154.6	1161.874	1165.767	1192.427	1188.614	1191.931
YGR238C	4467.021	4403.924	4457.351	4393.365	4268.668	4306.622
YGR239C	322.591	322.466	323.417	319.069	318.578	320.148
YGR240C	926.811	929.105	932.042	920.003	918.08	918.75
YGR240C-A	71.912	74.43	74.46	74.888	75.946	76.843
YGR241C	696.249	701.224	701.084	700.844	700.918	703.45
YGR243W	185.117	179.108	177.644	181.97	177.402	176.533
YGR244C	486.146	492.548	488.951	485.137	488.019	486.162
YGR245C	14669.837	15141.977	15042.955	14391.107	14603.611	14438.807
YGR246C	582.288	589.64	589.769	595.009	599.4	597.949
YGR247W	407.976	419.305	417.126	365.704	370.617	372.044
YGR248W	218.608	220.882	219.938	220.189	221.611	220.89
YGR249W	868.017	839.891	861.543	781.775	755.5	766.347
YGR250C	2961.509	2945.704	2905.221	2983.423	2897.38	2891.091
YGR251W	1027.588	989.735	1041.794	1104.71	1043.152	1067.233
YGR252W	1051.716	1079.335	1079.409	1048.781	1061.919	1067.755
YGR253C	264.411	266.342	266.287	271.712	271.709	271.437
YGR254W	380.097	377.789	377.005	373.336	372.664	373.333
YGR255C	642.362	639.072	642.974	658.322	652.182	653.177
YGR256W	685.674	687.629	688.231	628.748	624.349	627.432
YGR257C	545.041	558.676	556.648	512.192	519.524	520.396
YGR258C	1631.226	1654.358	1654.36	1686.015	1691.683	1690.58
YGR260W	438.838	443.035	442.197	438.641	441.109	439.139
YGR261C	2508.281	2551.913	2546.686	2524.998	2517.946	2495.522
YGR262C	184.663	185.199	184.929	184.991	185.598	185.242
YGR263C	503.839	501.052	506.389	519.709	513.393	515.326
YGR264C	955.739	961.314	965.757	990.708	986.878	987.399
YGR266W	893.916	906.046	908.159	924.933	926.057	928.338
YGR267C	204.451	207.028	208.726	209.301	211.75	213.059
YGR268C	761.334	756.597	774.286	638.233	631.549	650.915
YGR270W	2647.328	2701.924	2705.703	2720.43	2740.198	2742.568
YGR271C-A	3008.555	2954.46	3022.957	3040.153	2929.985	2955.288
YGR271W	5048.136	5038.008	5081.35	5177.979	5098.076	5077.003
YGR273C	265.277	264.327	267.229	275.725	272.789	274.388
YGR274C	4415.686	4394.052	4501.735	4490.604	4386.725	4457.633
YGR275W	154.275	157.923	154.453	156.02	158.25	156.493
YGR276C	2750.548	2901.601	2884.73	2767.582	2836.653	2846.314
YGR277C	334.57	333.187	331.205	330.992	327.956	327.156
YGR278W	834.46	834.999	842.041	864.803	858.012	859.374
YGR279C	397.053	385.553	386.388	386.25	375.625	379.348
YGR280C	314.744	326.724	326.546	322.602	333.612	332.62
YGR281W	1824.321	1848.547	1850.341	1891.464	1898.867	1895.639
YGR282C	213.214	211.969	213.214	212.721	212.152	212.492
YGR283C	753.834	755.388	761.587	780.734	769.706	777.018
YGR284C	400.827	403.022	405.103	414.412	411.594	410.857
YGR285C	470.066	479.647	479.235	452.91	459.07	460.36
YGR286C	248.911	249.824	248.948	249.088	249.973	249.455
YGR287C	460.594	458.999	459.171	462.433	460.57	460.064
YGR288W	456.289	458.701	459.973	465.339	465.695	466.677
YGR289C	617.476	611.297	615.653	627.734	619.795	621.479
YGR292W	559.248	563.661	564.896	570.826	571.716	572.241
YGR294W	193.664	191.979	193.477	175.183	173.647	175.767
YGR295C	383.348	380.064	383.679	393.21	387.169	386.933
YGR296W	4175.414	4128.065	4239.899	3630.667	3567.742	3627.729
YHL001W	117.79	118.738	119.323	117.909	119.228	119.752
YHL002W	508.921	513.194	515.378	518.3	519.407	520.804
YHL003C	574.444	582.825	584.566	593.489	593.24	592.878
YHL004W	409.432	408.35	405.913	409.141	407.198	406.621
YHL005C	210.429	211.312	209.851	218.107	215.806	215.14
YHL006C	545.019	563.995	564.601	461.867	471.585	476.5
YHL007C	1206.141	1229.509	1230.274	1188.953	1201.127	1208.333
YHL008C	722.445	729.531	732.182	739.606	741.094	741.327
YHL009C	7145.821	7286.61	7192.219	6825.688	6756.016	6676.993
YHL009W-A	1193	1193	1193	1193	1193	1193
YHL009W-B	16970.242	17014.029	16984.928	16901.33	16635.953	16632.805
YHL010C	830.315	838.299	842.991	855.507	856.746	854.606
YHL011C	340.558	343.499	344.025	347.922	347.139	347.238
YHL012W	1398.875	1417.015	1418.885	1449.865	1438.746	1438.878
YHL013C	349.475	352.108	353.167	361.73	362.244	361.845
YHL014C	852.748	880.992	881.37	867.907	880.366	882.996
YHL015W	88.212	88.146	88.979	87.937	88.252	88.421
YHL015W-A	35	35	35	35	35	35
YHL016C	901.332	909.038	909.304	907.379	907.172	907.507
YHL017W	561.386	565.339	565.838	575.22	574.669	574.568
YHL018W	157.597	164.101	163.032	147.968	152.992	153.96
YHL019C	1721.76	1751.079	1777.186	1761.294	1763.772	1781.75
YHL020C	803.263	805.284	802.378	747.481	745.335	747.579
YHL021C	529.519	529.265	530.6	521.314	518.878	521.625
YHL022C	531.211	537.349	544.855	548.82	549.657	552.886
YHL023C	2275.013	2288.275	2287.255	2347.116	2329.753	2334.686
YHL024W	1611.128	1630.114	1626.916	1590.653	1578.748	1588.729
YHL025W	2425.318	2425.284	2544.623	1847.287	1822.738	1931.437
YHL026C	360.522	366.17	370.122	339.573	342.835	348.586
YHL027W	808.214	804.57	811.108	780.947	777.819	786.469
YHL028W	850.139	854.175	851.13	829.555	827.646	832.245
YHL029C	925.236	916.74	925.324	931.253	916.667	920.732
YHL030W	3500.202	3513.736	3535.168	3617.84	3589.222	3604.31
YHL031C	437.674	438.933	443.679	396.29	396.007	403.579
YHL032C	1317.65	1328.625	1329.145	1205.225	1207.962	1213.372
YHL033C	192.3	192.011	191.891	189.063	189.225	189.68
YHL034C	387.82	402.212	398.279	378.376	388.143	387.777
YHL035C	5279.872	5250.946	5299.704	5405.661	5303.377	5327.893
YHL036W	576.57	570.511	572.115	590.794	580.841	579.815
YHL037C	369.203	374.21	378.027	378.827	377.56	378.759
YHL038C	790.214	792.983	799.515	814.417	810.467	813.351
YHL039W	4352.734	4307.584	4274.492	4353.724	4211.698	4190.546
YHL040C	581.641	576.973	576.546	589.524	582.654	582.181
YHL041W	298.761	307.251	314.802	312.718	317.38	319.175
YHL042W	122.626	118.088	119.514	124.905	119.943	120.119
YHL043W	181.516	181.092	181.165	184.81	182.905	182.315
YHL044W	999.629	970.451	971.372	1005.632	961.141	961.746
YHL045W	116.44	118.365	117.44	120.92	121.877	121.329
YHL046C	324.98	339.1	349.242	279.361	287.9	299.667
YHL047C	637.822	638.968	635.818	649.3	646.241	644.514
YHL048C-A	49	49	49	49	49	49
YHL048W	421.662	421.881	426.88	434.82	431.406	432.275
YHL049C	286.665	287.258	288.848	289.905	289.897	290.075
YHL050C	1091.495	1090.727	1092.553	1013.704	1008.409	1011.856
YHR001W	528.076	530.358	527.111	536.753	534.546	532.078
YHR001W-A	51.33	50.928	51.693	52.624	52.244	52.515
YHR002W	571.871	583.178	585.607	594.141	599.17	602.103
YHR003C	367.205	373.551	374.205	375.998	380.62	380.651
YHR004C	3160.566	3388.416	3444.533	3071.195	3235.636	3388.212
YHR005C	816.593	826.669	833.895	845.532	844.669	845.619
YHR005C-A	579.29	588.315	589.011	576.301	570.671	572.089
YHR006W	741.095	750.153	757.766	716.734	725.601	728.171
YHR007C	640.643	644.107	649.707	650.077	651.065	657.302
YHR007C-A	148.335	157.437	157.379	153.921	160.781	162.272
YHR008C	1650.24	1702.143	1802.167	1211.4	1220.993	1278.915
YHR009C	380.767	380.01	378.392	377.297	376.524	376.052
YHR010W	91.03	90.93	90.919	90.542	90.507	90.381
YHR011W	568.324	574.297	572.962	584.671	584.923	585.067
YHR012W	402.4	402.429	403.161	414.33	410.703	409.573
YHR013C	257.003	266.691	268.513	262.752	270.56	272.688
YHR014W	954.02	961.592	971.644	984.135	974.731	983.113
YHR015W	7056.108	7313.639	7397.178	7078.656	7144.511	7229.886
YHR016C	736.365	748.423	755.621	723.203	729.581	733.827
YHR017W	552.926	547.532	547.468	569.96	556.677	557.485
YHR018C	383.222	380.623	380.248	386.785	383.638	382.696
YHR019C	425.015	423.827	422.745	420.709	420.08	419.587
YHR020W	693.098	696.812	696.292	681.788	681.474	680.617
YHR021C	49	49	49	49	49	49
YHR021W-A	807.367	786.9	801.023	825.629	796.279	807.312
YHR022C	273.369	269.52	271.798	281.669	276.317	276.469
YHR022C-A	41	41	41	41	41	41
YHR023W	5049.759	5102.636	5150.938	5267.135	5255.609	5284.672
YHR024C	484.383	489.276	490.705	479.272	482.303	484.269
YHR025W	490.188	484.618	485.409	464.219	457.939	463.057
YHR026W	195.824	191.819	190.66	194.484	189.476	188.731
YHR027C	1008.506	1016.889	1015.593	1035.618	1036.527	1031.369
YHR028C	1045.275	1044.987	1046.789	1069.358	1061.462	1065.587
YHR029C	359.834	356.818	358.025	369.62	364.028	364.208
YHR030C	816.72	846.266	853.03	835.803	858.699	868.076
YHR031C	767.121	772.249	771.334	786.325	785.44	782.327
YHR032W	813.876	819.138	816.346	773.916	778.661	782.672
YHR033W	1528.727	1537.145	1570.398	1278.877	1269.913	1296.249
YHR034C	1380.771	1374.74	1432.924	1048.032	1032.635	1070.003
YHR035W	2444.494	2497.488	2499.065	2456.726	2450.591	2459.031
YHR036W	818.533	815.195	812.229	839.782	822.861	820.046
YHR037W	527.87	531.432	531.298	537.155	538.565	537.938
YHR038W	1029.699	1022.675	1038.432	1067.472	1045.644	1059.476
YHR039C	645.488	645.643	648.232	644.492	640.003	640.109
YHR039C-A	97.91	99.466	99.291	99.52	100.674	100.53
YHR040W	747.575	781.918	777.479	659.836	680.318	686.104
YHR041C	1861.884	1879.65	1974.525	1389.626	1375.191	1449.779
YHR042W	1999.226	2077.001	2126.376	1671.767	1723.812	1770.277
YHR043C	266.992	270.63	270.035	271.919	273.758	272.57
YHR044C	244.975	245.221	246.719	239.532	239.862	240.263
YHR045W	749.425	752.776	759.344	772.889	766.089	766.748
YHR046C	327.057	333.89	331.921	335.687	339.656	337.391
YHR047C	1099.629	1101.864	1104.818	1131.874	1126.65	1125.169
YHR048W	529.733	528.82	526.506	516.261	514.262	514.051
YHR049W	243.044	245.172	245.826	245.863	246.501	246.793
YHR050W	529.43	527.82	529.538	525.876	522.564	523.172
YHR050W-A	320.107	329.835	331.12	319.721	321.36	324.824
YHR051W	109.78	111.086	111.021	111.642	112.513	112.446
YHR052C-B	64.636	64.523	63.314	62.337	61.486	61.591
YHR052W	916.753	921.246	919.497	944.644	932.488	928.911
YHR053C	68.15	67.948	66.9	66.217	65.307	65.46
YHR054C	6274.48161724382	6274.48161724382	6274.48161724382	6365.615	6240.926	6217.906
YHR056C	8505.637	8571.002	8517.218	8257.046	8113.018	8114.906
YHR057C	251.142	252.798	252.174	241.774	243.194	243.947
YHR058C	673.5	678.884	683.882	577.907	579.427	586.235
YHR059W	166.449	168.872	170.228	172.005	172.6	172.89
YHR060W	199.758	201.613	202.834	206.867	207.577	207.607
YHR061C	304.872	301.905	302.411	310.859	306.177	307.387
YHR062C	319.611	326.3	323.92	315.053	319.735	318.798
YHR063C	1135.019	1075.783	1091.084	1159.643	1092.893	1114.049
YHR064C	443.954	443.956	443.993	447.869	446.913	446.099
YHR065C	1058.693	1060.436	1057.372	1075.433	1065.599	1067.574
YHR066W	569.459	582.388	584.988	590.015	599.044	600.413
YHR067W	359.19	361.684	361.462	370.098	369.372	370.512
YHR068W	282.528	282.739	282.519	284.706	284.528	283.995
YHR069C	256.432	260.735	259.341	257.121	260.205	259.548
YHR070W	1071.119	1072.728	1097.815	961.065	954.759	976.711
YHR071W	574.101	587.766	595.308	554.658	559.916	566.068
YHR072W	648.173	648.241	644.419	650.19	648.414	646.291
YHR072W-A	49	49	49	49	49	49
YHR073W	1096.655	1103.695	1109.155	1111.961	1114.212	1115.986
YHR074W	685.123	690.976	691.48	696.211	699.37	698.739
YHR075C	540.834	547.048	549.555	560.743	561.336	565.08
YHR076W	511.738	517.623	520.206	505.983	506.058	506.239
YHR077C	2726.507	2756.786	2755.347	2819.942	2811.468	2811.999
YHR078W	883.254	882.926	890.489	917.126	907.138	909.729
YHR079C	1835.821	1834.663	1834.536	1903.932	1881.857	1878.913
YHR079C-A	160.728	163.413	164.295	169.339	169.519	169.889
YHR080C	1919.965	1945.846	1950.084	1948.19	1948.904	1952.294
YHR081W	204.893	206.312	206.468	213.736	212.881	212.608
YHR082C	2130.028	2116.547	2117.609	2197.294	2150.908	2149.505
YHR083W	334.365	341.386	340.301	332.319	337.25	337.285
YHR084W	995.146	996.501	1002.491	1019.975	1013.836	1018.926
YHR085W	530.549	541.576	543.362	533.545	537.964	540.056
YHR086W	704.216	714.494	720.301	708.582	711.729	716.361
YHR086W-A	49	49	49	49	49	49
YHR087W	1547.124	1557.333	1697.945	1045.472	1026.041	1099.498
YHR088W	679.888	679.827	682.18	702.058	693.858	699.601
YHR089C	1476.596	1514.96	1524.542	1113.33	1114.992	1135.252
YHR090C	531.965	543.957	547.91	552.516	559.261	563.685
YHR091C	1578.246	1591.83	1597.77	1584.83	1571.991	1571.794
YHR092C	426.202	420.752	422.804	433.686	427.384	426.039
YHR093W	574.865	575.891	579.941	557.279	551.738	554.663
YHR094C	500.59	499.482	499.913	502.262	499.088	498.926
YHR096C	535.867	529.752	531.023	538.582	532.835	531.427
YHR097C	509.884	507.694	509.397	477.117	472.423	475.588
YHR098C	1413.352	1424.534	1415.418	1459.824	1452.059	1446.688
YHR099W	9684.618	9621.225	9657.659	9890.761	9685.916	9706.819
YHR100C	587.773	578.316	588.807	607.705	590.123	597.224
YHR101C	699.497	701.699	706.497	726.491	719.507	717.225
YHR102W	1302.25	1306.847	1311.351	1320.515	1317.418	1322.74
YHR103W	1583.138	1598.052	1587.258	1625.137	1615.111	1608.622
YHR104W	325.757	322.197	324.24	333.169	328.131	328.272
YHR105W	157.139	157.02	157.671	155.942	156.478	157.386
YHR106W	449.718	453.057	448.043	454.142	452.452	451.359
YHR107C	407.747	412.217	411.579	398.385	401.551	400.244
YHR108W	807.941	824.913	829.51	813.624	824.415	827.091
YHR109W	1533.508	1559.336	1592.068	1558.151	1561.415	1582.803
YHR110W	142.134	142.868	142.504	143.521	144.315	143.845
YHR111W	1215.543	1163.147	1188.026	994.572	951.079	961.325
YHR112C	311.249	310.922	309.313	313.229	312.246	312.199
YHR113W	471.446	472.872	471.858	470.932	471.153	469.708
YHR114W	1121.149	1141.983	1146.106	1149.325	1158.184	1162.426
YHR115C	684.502	696.92	697.769	651.161	654.743	660.602
YHR116W	331.951	322.801	328.238	292.306	285.444	291.628
YHR117W	918.626	916.082	918.074	914.623	905.911	906.766
YHR118C	586.646	591.445	592.565	610.124	608.292	606.556
YHR119W	3905.551	4013.386	4024.621	3970.277	4027.763	4031.544
YHR120W	11843.97	12674.795	13164.441	11738.487	12317.589	12721.991
YHR121W	169.66	171.521	172.726	174.029	175.225	175.6
YHR122W	243.545	246.199	244.774	244.173	245.386	245.442
YHR123W	350.779	346.96	348.531	358.617	352.536	350.832
YHR124W	1472.511	1484.007	1500.559	1483.195	1475.157	1484.18
YHR125W	154.611	153.513	155.886	162.226	159.119	160.391
YHR126C	137.271	136.791	136.23	134.125	133.337	133.061
YHR127W	337.442	338.714	335.775	339.176	337.592	336.931
YHR128W	184.575	185.449	184.547	186.78	186.749	186.629
YHR129C	326.569	331.417	330.032	333.216	336.512	335.618
YHR130C	461.922	468.15	465.42	481.127	474.374	470.909
YHR131C	1148.469	1171.496	1169.043	1171.905	1185.949	1186.788
YHR132C	537.257	544.866	544.693	514.607	515.509	518.446
YHR132W-A	102.328	104.903	104.542	104.274	106.305	106.163
YHR133C	392.191	393.701	396.896	406.095	404.894	404.956
YHR134W	285.389	291.19	289.148	291.756	295.604	294.171
YHR135C	1165.306	1124.387	1170.864	990.628	961.862	988.926
YHR136C	259.62	255.109	252.913	265.325	256.884	256.992
YHR137W	623.145	625.414	625.529	637.415	634.919	634.371
YHR138C	69.735	71.408	71.256	71.48	72.855	72.415
YHR139C	563.095	559.914	568.831	499.028	493.402	502.05
YHR139C-A	141.763	143.386	144.969	148.04	149.006	149.889
YHR140W	580.224	573.131	572.411	599.69	582.834	582.723
YHR141C	56.306	56.73	56.683	55.88	56.317	56.356
YHR142W	399.099	396.691	396.508	410.565	405.286	405.886
YHR143W	1980.498	1865.822	1850.543	1933.197	1798.882	1779.548
YHR143W-A	79.888	79.081	80.791	82.236	81.986	83.685
YHR144C	919.411	955.287	962.774	936.517	953.136	964.606
YHR146W	724.337	754.224	756.438	706.94	725.74	727.987
YHR147C	202.72	204.507	203.64	208.227	208.659	207.482
YHR148W	206.779	207.934	207.498	211.1	210.498	210.281
YHR149C	866.341	875.018	865.605	878.497	879.243	879.944
YHR150W	1395.527	1406.001	1424.387	1424.786	1418.804	1431.2
YHR151C	693.363	695.408	692.381	705.483	701.245	700.86
YHR152W	156.278	154.768	155.994	158.866	156.964	157.311
YHR153C	341.288	339.348	341.824	359.001	351.527	351.33
YHR154W	8836.159	9003.157	8946.239	8718.52	8672.063	8668.124
YHR155W	3929.929	3984.363	4001.332	4066.323	4060.971	4084.492
YHR156C	717.371	732.122	738.127	754.342	762.109	762.368
YHR157W	263.862	274.23	272.513	275.467	282.46	280.271
YHR158C	2879.458	2919.837	2930.396	2905.142	2904.276	2908.825
YHR159W	639.712	646.76	645.28	648.886	651.378	651.012
YHR160C	291.929	293.144	294.774	302.736	302.656	302.212
YHR161C	711.711	705.582	706.501	706.03	698.708	699.724
YHR162W	113.542	112.709	112.021	110.439	109.786	109.153
YHR163W	203.605	203.782	204.192	204.24	204.329	204.5
YHR164C	4644.777	4540.635	4555.008	4815.782	4640.514	4634.896
YHR165C	6406.607	6564.949	6573.393	6535.802	6557.67	6610.721
YHR166C	3681.806	3897.93	4009.349	3666.004	3840.735	3865.529
YHR167W	336.452	336.822	337.192	350.237	347.911	347.961
YHR168W	704.533	720.245	718.755	690.979	698.887	700.873
YHR169W	404.256	409.021	405.825	405.475	408.344	407.001
YHR170W	619.026	621.252	622.748	626.816	623.684	625.196
YHR171W	1109.561	1122.35	1124.467	1157.637	1154.606	1150.724
YHR172W	1774.59	1780.951	1779.652	1837.29	1816.338	1816.12
YHR173C	119.903	120.364	120.857	124.057	123.478	123.518
YHR174W	501.134	502.844	502.456	476.5	478.052	481.02
YHR175W	120.886	120.906	120.022	122.109	121.976	121.238
YHR175W-A	49	49	49	49	49	49
YHR176W	594.518	593.838	596.362	582.121	578.994	581.199
YHR177W	508.517	500.336	501.669	506.185	496.284	499.104
YHR178W	764.353	774.221	774.479	770.296	774.368	775.888
YHR179W	348.356	348.618	347.894	348.489	348.408	348.359
YHR180W	117.645	116.163	116.697	119.01	117.353	117.811
YHR181W	319.903	310.91	312.216	332.51	320.05	321.073
YHR182W	1416.55	1452.287	1454.989	1464.226	1479.374	1480.835
YHR183W	552.462	550.097	552.234	521.868	518.096	521.703
YHR184W	1674.601	1706.991	1726.759	1731.729	1742.73	1756.13
YHR185C	588.523	589.445	590.207	609.003	599.463	601.409
YHR186C	3040.471	3104.806	3114.202	3069.766	3097.27	3118.526
YHR187W	476.215	472.907	472.264	494.581	487.642	480.685
YHR188C	732.818	736.122	735.628	718.309	718.266	720.327
YHR189W	994.259	991.255	995.401	790.345	782.507	791.84
YHR190W	424.446	419.051	420.396	432.174	425.285	424.992
YHR191C	164.286	167.624	166.29	168.795	170.783	169.33
YHR192W	293.706	297.655	297.263	303.065	304.732	305.378
YHR193C	286.704	293.975	295.314	259.317	264.383	268.406
YHR194W	813.968	817.802	820.223	786.664	785.953	793.195
YHR195W	332.925	339.96	337.58	338.167	342.255	341.895
YHR196W	1592.15	1584.681	1587.754	1659.172	1620.965	1621.65
YHR197W	1968.131	1982.933	1998.255	2037.069	2023.046	2033.477
YHR198C	388.062	385.782	389.605	403.016	397.134	398.596
YHR199C	597.566	593.378	591.999	546.797	540.785	543.368
YHR199C-A	101.964	103.936	104.539	101.514	102.787	103.593
YHR200W	615.827	627.454	637.223	547.887	557.986	569.451
YHR201C	533.454	551.162	550.271	551.865	563.366	561.552
YHR202W	644.83	645.155	647.632	657.306	653.933	655.791
YHR203C	176.557	176.765	176.104	174.794	175.037	174.373
YHR204W	886.666	886.342	889.04	907.61	900.997	901.258
YHR205W	1025.297	1018.19	1026.06	1045.905	1032.908	1037.511
YHR206W	569.269	567.109	570.399	579.542	575.272	576.361
YHR207C	573.753	583.774	583.592	592.258	596.727	595.866
YHR208W	291.029	288.751	289.254	291.044	289.196	289.52
YHR209W	624.205	626.887	629.449	645.728	638.729	641.141
YHR210C	302.71	300.916	301.653	307.517	304.202	304.456
YHR211W	960.853	954.084	951.01	938.051	928.898	931.266
YHR212W-A	155	155	155	155	155	155
YHR213W	548	548	548	548	548	548
YHR213W-A	104.633	101.379	103.354	107.186	102.998	103.101
YHR213W-B	360.386	358.374	360.864	321.812	315.872	318.133
YHR214C-B	2685.852	2673.079	2670.457	2765.461	2721.683	2728.457
YHR214C-C	1388	1388	1388	1388	1388	1388
YHR214C-D	99.042	96.886	97.767	101.714	99.414	99.575
YHR214C-E	125.217	126.518	127.031	129.676	130.167	130.399
YHR214W	471.146	472.855	482.672	409.326	403.832	416.715
YHR215W	427.844	429.092	429.016	427.434	426.791	426.969
YHR216W	518.506	523.292	522.697	524.206	525.377	525.41
YHR218W	1127.18833333333	1127.18833333333	1127.18833333333	1127.18833333333	1127.18833333333	1127.18833333333
YHR219W	795.497	793.755	789.166	765.86	761.661	761.098
YIL001W	826.293	821.119	826.888	851.34	840.784	845.159
YIL002C	1513.677	1526.583	1522.695	1562.547	1554.232	1549.953
YIL002W-A	49	49.149	49.662	49.493	50.322	50.247
YIL003W	293.776	297.58	297.347	298.532	300.223	300.914
YIL004C	163.539	167.196	167.579	168.719	170.721	170.994
YIL005W	3536.23	3604.888	3562.958	3532.262	3496.499	3484.981
YIL006W	620.94	644.932	645.18	536.848	546.922	551.57
YIL007C	363.332	364.69	366.851	339.473	338.891	340.825
YIL008W	102.054	101.958	102.182	105.357	104.462	104.18
YIL009C-A	148.725	147.094	148.597	152.088	149.837	150.687
YIL009W	922.451	938.392	936.858	940.935	948.044	949.741
YIL010W	272.755	276.605	276.452	278.867	280.388	280.079
YIL011W	473.371	451.583	464.247	411.766	391.174	404.795
YIL012W	81.171	82.46	82.779	82.599	83.64	83.547
YIL013C	3854.682	3977.303	4015.773	3844.853	3910.94	3950.956
YIL014C-A	90.059	88.595	87.825	91.205	89.439	89.517
YIL014W	933.587	936.236	943.224	968.753	959.817	960.704
YIL015W	765.951	757.213	753.468	787.489	769.971	771.2
YIL016W	125.083	128.184	128.397	127.131	129.825	129.165
YIL017C	2009.796	2043.015	2059.49	2073.412	2076.357	2087.029
YIL018W	231.948	233.285	231.802	225.562	226.424	227.498
YIL019W	328.761	334.398	335.075	336.262	340.46	340.092
YIL020C	306.433	314.699	314.597	303.656	308.31	308.181
YIL021W	303.367	308.55	307.672	304.796	308.337	307.782
YIL022W	679.224	690.699	690.917	635.098	643.188	649.157
YIL023C	607.133	616.97	621.194	548.615	549.068	558.658
YIL024C	125.697	126.851	126.521	124.205	125.717	125.431
YIL026C	5232.443	5284.261	5317.051	5279.798	5214.992	5244.432
YIL027C	134.257	132.76	133.16	140.419	137.798	137.172
YIL029C	243.006	242.124	245.012	252.288	248.371	248.629
YIL030C	2275.582	2259.164	2269.25	2312.738	2271.309	2272.819
YIL031W	7291.188	7500.027	7677.609	7332.16	7380.067	7491.283
YIL033C	451.748	447.828	448.707	438.629	435.616	437.339
YIL034C	227.496	226.732	226.929	228.331	227.528	228.019
YIL035C	787.565	809.027	815.254	822.051	832.733	835.708
YIL036W	1951.563	2008.048	2008.557	1962.146	1988.349	1989.512
YIL037C	1927.843	1939.337	1957.269	1997.236	1981.648	1999.943
YIL038C	3753.751	3821.617	3882.778	3588.492	3567.854	3628.585
YIL039W	526.09	531.924	535.138	541.632	544.539	545.433
YIL040W	256.502	259.421	263.453	264.909	263.034	265.23
YIL041W	327.931	330.471	330.413	325.893	327.929	328.993
YIL042C	1141.947	1210.147	1222.584	937.908	974.995	985.341
YIL043C	216.247	216.865	214.145	213.553	214.17	213.12
YIL044C	539.09	541.717	543.882	552.609	546.733	548.158
YIL045W	1165.884	1159.99	1155.536	1201.15	1171.016	1170.936
YIL046W	1072.768	1105.405	1106.506	991.516	1015.557	1023.268
YIL046W-A	49	49	49	49	49	49
YIL047C	1383.266	1402.095	1401.966	1308.204	1310.68	1317.904
YIL048W	1853.044	1869.666	1871.257	1920.539	1919.969	1927.737
YIL049W	357.354	355.454	358.357	373.409	367.714	369.439
YIL050W	281.281	280.834	282.293	289.813	287.532	287.436
YIL051C	1258.79	1240.786	1270.515	940.321	902.502	936.257
YIL052C	85.698	86.067	86.047	85.85	86.465	86.772
YIL053W	226.489	226.385	226.891	223.619	224.007	224.641
YIL054W	138.665	136.998	137.406	140.537	137.297	137.809
YIL055C	1122.624	1121.004	1140.234	1058.831	1046.466	1064.23
YIL056W	3519.893	3578.935	3614.38	3472.747	3462.885	3479.905
YIL057C	118.884	120.351	120.671	119.822	121.315	121.311
YIL059C	100.427	101.763	100.087	99.819	100.74	100.022
YIL060W	188.02	190.277	188.845	193.113	193.142	193.445
YIL061C	591.538	608.695	614.992	531.71	540.158	545.246
YIL062C	164.746	167.012	166.509	159.311	160.195	161.189
YIL063C	294.85	299.39	300.614	300.879	304.576	304.494
YIL064W	286.512	291.725	289.113	287.915	289.872	289.254
YIL065C	2531.663	2576.978	2734.344	1743.022	1739.706	1844.115
YIL066C	727.533	725.047	723.599	734.622	730.127	728.531
YIL067C	1014.776	1027.093	1024.209	1027.843	1026.074	1026.639
YIL068C	2311.296	2341.974	2348.958	2386.139	2375.965	2380.339
YIL069C	85.094	85.927	86.289	85.057	86.072	86.149
YIL070C	278.839	276.748	278.732	286.934	282.464	283.67
YIL071C	1723.336	1736.162	1732.148	1776.7	1755.299	1754.659
YIL072W	935.288	953.297	960.399	963.735	973.213	979.404
YIL073C	3608.78	3570.803	3570.431	3674.228	3582.949	3565.909
YIL074C	413.472	412.101	414.221	422.091	418.414	419.405
YIL075C	1406.016	1412.951	1420.98	1459.134	1453.062	1456.67
YIL076W	723.139	717.096	729.212	741.957	727.346	737.551
YIL077C	271.728	274.05	274.001	277.869	279.446	278.532
YIL078W	1109.256	1125.834	1131.123	1148.173	1151.918	1158.064
YIL079C	496.837	504.628	507.541	515.953	517.124	519.687
YIL082W-A	1870.773	1871.456	1882.842	1873.868	1865.483	1878.192
YIL083C	339.127	341.349	341.722	348.343	348.2	347.966
YIL084C	3827.227	3924.286	3895.407	3684.057	3678.954	3678.571
YIL085C	1705.912	1700.552	1696	1704.34	1655.488	1642.846
YIL086C	213.319	210.835	213.386	223.306	216.197	219.319
YIL087C	146.322	144.309	144.217	143.725	142.181	143.25
YIL088C	1012.171	1035.49	1038.651	1032.054	1041.357	1044.444
YIL089W	310.051	306.247	309.032	319.895	314.304	314.792
YIL090W	698.464	689.652	696.993	722.571	707.298	708.028
YIL091C	907.601	913.947	916.06	936.216	936.459	935.404
YIL092W	1012.96	1019.693	1019.516	1043.363	1038.065	1042.239
YIL093C	219.104	221.961	220.438	216.753	219.711	218.986
YIL094C	284.169	284.81	284.166	286.648	286.762	286.86
YIL095W	1073.005	1079.157	1081.665	1099.651	1095.386	1098.716
YIL096C	3365.186	3405.145	3484.881	3371.071	3345.294	3404.38
YIL097W	1221.578	1215.776	1219.652	1276.099	1251.933	1252.769
YIL098C	120.215	120.989	121.202	122.393	122.997	122.884
YIL099W	969.425	978.593	977.276	911.072	917.427	920.09
YIL101C	4509.952	4353.388	4473.162	3423.953	3250.989	3355.398
YIL102C	405.055	428.06	429.681	362.963	373.279	376.161
YIL102C-A	56.379	54.682	55.705	58.106	56.286	56.373
YIL103W	708.87	724.48	723.381	722.017	727.256	724.512
YIL104C	769.764	783.855	779.803	791.339	795.94	793.64
YIL105C	1421.434	1410.131	1426.123	1464.447	1437.473	1448.805
YIL105W-A	49	49	49	49	49	49
YIL106W	776.493	763.785	766.932	729.638	711.561	715.335
YIL107C	8539.828	8327.833	8369.061	8304.861	7961.651	7894.777
YIL108W	1120.082	1136.803	1128.592	1098.1	1103.823	1108.186
YIL109C	1532.103	1540.737	1549.367	1462.787	1459.996	1469.635
YIL110W	369.854	375.048	377.747	379.214	382.335	383.142
YIL111W	132.161	134.347	134.738	133.792	135.795	135.899
YIL112W	2635.688	2721.782	2721.045	2724.895	2767.564	2773.619
YIL113W	180.43	183.001	180.99	179.25	181.31	180.774
YIL114C	384.566	391.363	395.957	369.06	373.433	376.115
YIL115C	2197.623	2238.221	2252.291	2259.535	2277.398	2283.677
YIL116W	351.969	358.182	360.424	360.076	365.906	364.965
YIL117C	291.201	287.078	287.917	297.65	291.521	292.175
YIL118W	267.086	268.677	270.58	269.773	269.592	270.237
YIL119C	17082.07	17228.782	16592.255	16894.596	16739.13	16331.894
YIL120W	677.64	682.673	684.827	700.443	701.329	700.5
YIL121W	769.636	774.452	776.464	729.799	727.053	729.256
YIL122W	661.411	667.541	669.26	640.442	638.056	637.728
YIL123W	957.838	963.678	975.711	839.086	841.112	855.98
YIL124W	342.935	347.326	350.968	357.281	358.093	359.624
YIL125W	1092.867	1098.165	1099.525	1116.208	1113.092	1114.389
YIL126W	2710.741	2740.803	2751.693	2783.709	2777.528	2785.162
YIL127C	2269.229	2341.861	2382.051	2309.83	2329.098	2352.4
YIL128W	3937.447	3835.619	3869.234	4012.998	3858.881	3882.064
YIL129C	3835.004	3838.34	3870.489	3984.428	3946.321	3958.66
YIL130W	41110.565	40581.385	40781.704	39838.251	38909.408	38975.273
YIL131C	374.294	380.01	377.305	376.559	380.866	379.447
YIL132C	491.979	506.992	510.785	500.925	508.32	519.37
YIL133C	205.351	207.615	207.003	209.304	209.034	208.709
YIL134C-A	349.569	369.452	357.405	354.38	362.85	356.271
YIL134W	481.574	493.361	500.006	472.381	479.651	485.252
YIL135C	2610.909	2610.105	2606.611	2516.869	2435.64	2461.574
YIL136W	650	665.838	660.634	621.678	633.192	634.265
YIL137C	1196.099	1206.271	1216.303	1228.544	1229.258	1233.491
YIL138C	184.785	186.799	187.472	189.67	190.606	191.029
YIL139C	2492.927	2630.015	2571.487	2526.124	2624.505	2584.712
YIL140W	811.125	800.494	806.358	812.588	800.784	805.271
YIL142W	700.809	705.024	702.109	683.077	682.064	682.71
YIL143C	1136.61	1150.798	1150.713	1093.25	1096.158	1096.18
YIL144W	9278.655	9360.435	9372.159	9134.905	9009.633	9062.824
YIL145C	248.858	250.794	250.043	248.326	250.084	248.771
YIL146C	761.995	771.945	780.967	780.501	784.333	790.417
YIL147C	1894.542	1905.394	1917.225	1917.785	1905.555	1915.336
YIL148W	71.792	71.612	72.277	71.88	71.962	72.363
YIL149C	10932.921	11318.753	11381.155	10768.537	10918.952	10939.283
YIL150C	706.597	714.993	716.609	720.294	723.686	723.785
YIL151C	2164.575	2174.805	2184.479	2236.162	2219.817	2222.395
YIL152W	458.691	446.948	451.322	410.257	399.614	406.932
YIL153W	1915.374	1965.596	2008.674	1559.461	1578.755	1615.911
YIL154C	4037.411	4046.956	4211.94	3048.44	3012.736	3127.293
YIL155C	4955.873	4998.213	5212.455	3560.148	3509.154	3649.821
YIL156W	3385.49	3410.09	3402.369	3332.418	3300.612	3332.939
YIL156W-B	49	49	49	49	49	49
YIL157C	157.512	160.144	158.243	155.057	156.941	155.978
YIL158W	204.182	207.042	205.715	208.012	209.938	208.893
YIL159W	13444.502	13627.763	13709.933	13105.245	13045.705	13177.906
YIL160C	943.194	950.621	954.419	848.969	849.783	857.246
YIL161W	1358.001	1451.771	1452.782	1374.178	1430.779	1432.783
YIL162W	372.346	365.537	367.406	374.083	367.881	368.612
YIL163C	161.043	164.331	166.037	164.348	166.409	167.543
YIL164C	362.397	369.859	370.011	337.97	342.971	345.372
YIL165C	93.836	95.092	93.547	93.336	94.193	93.374
YIL166C	875.112	882.861	885.225	903.523	899.37	896.943
YIL167W	315.219	317.522	317.175	321.966	322.762	321.417
YIL169C	738.641	720.945	723.876	722.252	706.85	712.017
YIL170W	513.964	522.261	521.026	489.13	493.463	495.769
YIL171W	77.114	76.555	76.875	77.174	76.808	77.288
YIL172C	473.444	473.537	473.278	473.949	474.328	473.96
YIL173W	1914.478	1917.751	1920.506	1969.941	1957.989	1956.953
YIL174W	75.116	74.945	74.375	74.962	74.38	74.489
YIL175W	98.054	96.859	97.689	100.839	99.034	99.552
YIL176C	203.256	202.795	204.317	183.935	183.087	185.36
YIL177C	3220.38	3220.38	3220.38	3220.38	3220.38	3220.38
YIR001C	347.291	347.916	351.218	360.465	358.931	362.222
YIR002C	2394.926	2434.509	2439.495	2482.09	2484.386	2485.934
YIR003W	936.537	955.329	948.482	936.933	945.414	945.297
YIR004W	480.134	495.067	495.674	496.034	507.181	506.925
YIR005W	238.335	240.498	244.107	248.249	247.544	249.875
YIR006C	5307.038	5602.509	5703.505	5185.135	5349.383	5419.816
YIR007W	885.447	891.574	887.26	903.432	902.914	898.194
YIR008C	506.154	510.615	512.215	518.586	518.447	520.345
YIR009W	120.077	121.216	120.568	117.809	118.016	118.237
YIR010W	978.285	1006.426	1019.292	991.577	1014.755	1027.138
YIR011C	658.489	670.375	680.859	578.042	582.023	590.532
YIR012W	395.529	398.262	398.28	393.372	395.626	394.786
YIR013C	201.957	208.301	206.809	184.789	187.938	188.805
YIR014W	196.933	198.988	198.662	198.879	200.467	199.767
YIR015W	161.839	164.851	164.343	161.646	163.432	163.512
YIR016W	838.376	861.499	864.39	724.137	732.988	743.256
YIR017C	318.709	324.602	323.748	306.53	309.848	311.137
YIR018C-A	478.401	474.45	465.724	499.692	480.855	480.146
YIR018W	240.777	242.087	240.73	239.954	241.024	241.347
YIR019C	1186.112	1151.525	1151.638	1150.81	1119.511	1131.918
YIR020C	118.074	115.999	117.812	121.492	118.518	119.103
YIR021W	300.357	296.231	297.951	305.246	300.839	300.678
YIR021W-A	118.428	115.99	117.259	125.563	121.806	122.218
YIR022W	180.186	176.999	177.179	182.394	178.002	178.447
YIR023W	1656.245	1627.914	1641.687	1658.455	1621.378	1633.326
YIR024C	375.475	381.036	380.824	392.015	391.599	390.385
YIR025W	338.222	347.002	342.692	348.003	354.157	350.654
YIR026C	267.797	268.484	266.649	268.179	268.14	267.03
YIR027C	539.345	542.951	538.781	536.886	536.49	536.085
YIR028W	593.119	592.983	592.312	599.043	595.773	595.309
YIR029W	322.879	329.471	328.357	327.67	332.684	330.701
YIR030C	548.512	555.975	558.655	575.366	575.513	575.201
YIR031C	666.883	669.102	669.69	677.11	673.424	673.427
YIR032C	190.343	192.496	191.165	186.929	188.344	188.218
YIR033W	3160.749	3303.132	3308.664	3201.292	3275.698	3323.417
YIR034C	403.949	404.263	404.234	406.963	405.936	407.468
YIR035C	347.069	349.143	348.16	327.759	327.359	328.305
YIR036C	585.705	592.908	594.886	534.791	540.324	545.189
YIR037W	145.162	145.486	143.932	148.505	147.71	146.492
YIR038C	176.234	177.306	177.426	179.153	180.089	179.442
YIR039C	824.616	825.803	825.68	843.562	835.643	833.881
YIR041W	2102.713	2050.303	2285.57	1367.889	1280.585	1398.915
YIR042C	281.817	284.102	284.525	290.386	290.849	290.133
YIR043C	531.792	532.11	539.045	552.677	546.753	546.693
YJL001W	263.937	265.971	265.178	267.933	267.665	267.411
YJL002C	572.53	573.425	580.561	590.665	587.644	592.063
YJL003W	249.547	249.99	249.309	259.867	257.418	255.678
YJL004C	2320.676	2106.01	2262.169	2222.775	1998.032	2077.858
YJL005W	3176.328	3191.447	3203.597	3219.43	3203.258	3212.442
YJL006C	1045.201	1056.485	1049.103	1094.947	1085.398	1082.517
YJL007C	384.982	384.629	382.801	391.095	382.327	382.926
YJL008C	771.925	784.989	781.352	754.688	759.663	756.168
YJL010C	1163.66	1178.815	1191.649	1210.022	1210.749	1215.898
YJL011C	164.102	165.069	165.586	170.064	169.951	169.77
YJL012C	749.948	746.359	745.468	767.177	759.953	758.516
YJL013C	1789.065	1856.276	1859.423	1801.173	1838.806	1831.381
YJL014W	507.031	510.757	508.806	512.519	513.396	510.65
YJL016W	636.05	639.836	642.383	658.035	656.535	655.723
YJL019W	1273.529	1267.335	1270.344	1305.934	1282.801	1280.403
YJL020C	2523.392	2545.921	2603.146	2212.596	2215.727	2268.655
YJL023C	580.968	583.902	586.46	606.761	603.108	602.989
YJL024C	403.659	409.267	406.681	415.851	415.217	412.194
YJL025W	581.342	579.707	582.164	588.203	584.359	587.688
YJL026W	307.426	306.09	306.572	307.823	306.446	306.672
YJL027C	3556.748	3507.944	3725.842	2378.18	2245.776	2380.967
YJL028W	401.265	408.768	428.718	329.286	333.029	344.761
YJL029C	1652.637	1686.251	1700.365	1655.5	1670.226	1690.388
YJL030W	162.88	164.86	164.369	166.349	167.021	166.156
YJL031C	935.971	984.787	989.305	970.687	1002.97	1006.76
YJL033W	1437.93	1466.349	1483.572	1476.448	1487.845	1492.809
YJL034W	693.955	704.358	704.821	682	688.183	689.905
YJL035C	284.901	292.403	290.699	287.51	292.99	292.52
YJL036W	565.119	573.479	576.304	584.75	588.353	589.41
YJL037W	296.965	301.658	302.397	306.411	307.708	308.35
YJL038C	313.869	316.436	319.793	328.072	329.109	329.913
YJL039C	3081.748	3098.034	3125.713	3199.057	3182.63	3196.036
YJL041W	980.064	978.774	981.022	994.775	989.984	992.849
YJL042W	3802.406	3861.934	3894.388	3420.187	3431.933	3465.307
YJL043W	2875.572	2953.306	3131.821	2008.676	1994.588	2102.833
YJL044C	781.022	776.062	779.047	798.474	785.304	785.329
YJL045W	701.505	708.789	704.334	700.274	703.846	702.926
YJL046W	1004.095	1005.669	1012.539	1044.477	1029.156	1030.841
YJL047C	1123.646	1129.111	1132.974	1165.034	1159.024	1162.331
YJL047C-A	68.956	70.345	71.104	72.128	72.296	73.347
YJL048C	377.887	378.102	379.112	376.599	375.231	376.158
YJL049W	1261.199	1265.892	1259.879	1308.005	1288.467	1284.261
YJL050W	1326.119	1348.7	1347.134	1362.312	1372.534	1368.04
YJL051W	1169.877	1154.749	1156.679	1211.478	1177.987	1178.693
YJL052C-A	49	49	49	49	49	49
YJL052W	274.376	272.225	271.015	268.524	266.873	266.761
YJL053W	426.947	431.522	433.301	439.033	440.879	442.051
YJL054W	388.637	392.475	391.189	391.629	394.275	393.595
YJL055W	237.239	239.917	236.334	236.313	237.02	234.183
YJL056C	2775.357	2774.087	2859.084	2453.697	2413.983	2478.367
YJL057C	809.045	809.26	812.588	835.063	829.996	830.732
YJL058C	2086.44	2172.991	2213.473	2173.609	2234.17	2268.939
YJL059W	570.667	567.466	573.646	589.694	581.602	585.283
YJL060W	657.014	657.593	661.423	672.246	662.772	663.906
YJL061W	1243.85	1256.856	1273.075	1295.054	1289.74	1296.792
YJL062W	1384.374	1368.626	1371.824	1392.21	1361.657	1362.702
YJL062W-A	361.679	347.437	350.02	318.917	303.983	307.638
YJL063C	863.463	882.483	905.987	689.973	694.627	710.963
YJL065C	213.217	213.432	212.701	204.667	204.601	205.531
YJL066C	234.312	234.212	233.483	231.286	232.008	232.202
YJL068C	364.023	361.45	362.809	347.219	343.807	344.969
YJL069C	811.909	809.699	808.365	812.218	804.466	804.212
YJL070C	2707.468	2687.804	2691.369	2694.812	2631.711	2630.482
YJL071W	764.349	766.264	770.394	792.514	786.848	789.131
YJL072C	387.953	398.81	400.888	396.538	401.739	405.119
YJL073W	1681.059	1694.137	1695.364	1733.617	1719.96	1725.965
YJL074C	2726.753	2763.515	2791.211	2829.426	2824.116	2840.874
YJL075C	152.454	149.282	151.14	156.611	152.857	153.894
YJL076W	1612.552	1616.081	1620.432	1596.562	1593.779	1595.74
YJL077C	179.415	180.412	180.03	179.627	178.218	178.115
YJL077W-A	38	38	38	38	38	38
YJL077W-B	76.202	80.237	82.515	80.161	82.146	84.089
YJL078C	1928.316	1924.378	1968.945	1658.127	1645.407	1685.099
YJL079C	727.877	703.235	712.27	654.331	629.624	643.679
YJL080C	1305.262	1309.114	1317.037	1336.903	1332.482	1336.944
YJL081C	629.476	635.545	636.677	647.158	648.84	648.746
YJL082W	818.402	835.275	844.121	842.361	853.943	859.411
YJL083W	795.836	806.016	805.999	757.185	761.926	766.854
YJL084C	1925.027	1911.045	1925.519	1984.844	1946.45	1955.498
YJL085W	1275.113	1275.38	1278.762	1316.195	1297.028	1300.018
YJL087C	1860.156	1886.394	1885.447	1923.276	1917.355	1917.171
YJL088W	552.657	550.332	556.701	574.393	566.647	570.321
YJL089W	9379.826	9539.109	9668.401	9584.98	9557.479	9717.178
YJL090C	7411.888	7373.202	7376.053	7302.576	7174.862	7175.047
YJL091C	736.411	724.045	731.888	772.472	750.063	751.699
YJL092W	2148.879	2157.718	2174.8	2222.017	2206.118	2216.67
YJL093C	1563.653	1548.629	1528.439	1570.529	1538.929	1527.423
YJL094C	1278.225	1273.047	1276.836	1324.99	1306.259	1309.767
YJL095W	3005.811	3061.823	3079.052	3073.543	3089.588	3108.124
YJL096W	259.83	266.504	267.135	265.544	270.305	275.936
YJL097W	296.629	303.006	306.838	306.382	308.9	313.801
YJL098W	1441.767	1467.469	1471.275	1492.93	1501.807	1503.717
YJL099W	4456.671	4728.065	4826.246	4455.844	4617.973	4713.154
YJL100W	1227.421	1260.775	1267.926	1174.171	1193.705	1206.404
YJL101C	961.702	966.611	971.428	973.828	970.626	974.373
YJL102W	1557.626	1577.59	1585.203	1604.582	1602.455	1610.311
YJL103C	1137.151	1146.242	1157.413	1179.354	1175.626	1182.824
YJL104W	225.536	229.313	227.387	233.986	234.946	232.17
YJL105W	941.876	956.053	959.794	974.193	975.466	975.481
YJL106W	957.737	959.334	962.541	989.898	980.007	981.568
YJL107C	480.401	490.21	489.519	493.654	497.92	497.884
YJL108C	303.086	299.847	301.873	305.244	301.192	300.584
YJL109C	9830.751	9993.918	10171.453	9769.815	9713.286	9860.978
YJL110C	797.226	799.126	801.129	814.158	807.836	811.136
YJL111W	740.306	747.362	752.317	751.281	753.445	755.216
YJL112W	1407.746	1425.44	1425.644	1419.822	1418.332	1417.891
YJL113W	14701.776	14750.285	14697.527	14634.622	14396.721	14365.335
YJL114W	1957.387	1934.304	1953.393	1949.995	1911.829	1936.837
YJL115W	371.318	380.381	374.911	365.315	370.629	368.516
YJL116C	319.753	316.689	316.117	312.246	309.662	309.46
YJL117W	243.608	243.282	243.071	247.709	246.764	246.093
YJL118W	427.992	435.4	434.333	395.511	397.178	399.593
YJL121C	373.133	374.93	377.744	343.54	342.36	346.125
YJL122W	207.932	215.334	214.588	203.441	208.9	211.277
YJL123C	493.095	498.116	495.394	502.154	505.016	502.679
YJL124C	139.744	143.144	143.398	143.513	146.423	146.269
YJL125C	368.622	374.019	374.846	379.908	382.505	381.517
YJL126W	291.12	295.359	296.161	295.971	298.999	299.308
YJL127C	709.635	718.622	717.464	725.125	730.204	728.312
YJL127C-B	49	49	49	49	49	49
YJL128C	648.409	652.829	654.22	655.362	657.094	658.565
YJL129C	2068.749	2054.918	2067.672	2121.249	2085.751	2087.446
YJL130C	2126.332	2126.828	2138.335	2171.258	2160.629	2161.796
YJL131C	722.645	731.393	733.92	756.664	755.575	755.367
YJL132W	888.108	886.216	893.933	915.357	906.939	908.8
YJL133C-A	1681.914	1608.614	1741.543	1202.666	1114.858	1178.644
YJL133W	377.223	377.395	373.276	371.17	367.66	367.368
YJL134W	655.442	674.648	680.569	596.088	601.708	610.007
YJL136C	63.97	64.102	63.862	63.854	63.764	63.576
YJL136W-A	35	35	35	35	35	35
YJL137C	1218.693	1300.948	1304.856	1229.226	1292.724	1281.77
YJL138C	313.082	312.038	313.189	316.394	314.914	315.265
YJL139C	540.269	547.701	550.775	557.716	560.331	560.677
YJL140W	333.873	345.746	344.667	343.206	350.585	348.43
YJL141C	1264.381	1283.153	1286.494	1275.791	1278.52	1285.622
YJL142C	1087.693	1044.425	1022.104	1105.204	1039.087	1038.825
YJL143W	165.108	165.886	162.923	161.728	160.952	159.843
YJL144W	387.787	391.172	394.928	326.379	324.073	327.973
YJL145W	301.443	303.497	307.79	311.546	312.842	313.542
YJL146W	665.451	661.853	662.593	686.393	675.707	674.405
YJL147C	1372.247	1437.218	1448.774	1426.464	1473.343	1476.976
YJL148W	196.698	196.66	196.636	203.607	202.04	201.415
YJL149W	1079.73	1070.015	1080.274	1117.017	1097.512	1104.111
YJL151C	679.535	701.765	731.081	527.543	535.26	553.883
YJL153C	465.444	465.585	464.999	466.579	466.068	466.078
YJL154C	1764.969	1776.036	1789.578	1823.211	1813.269	1817.681
YJL155C	912.349	932.194	930.347	947.527	953.501	955.315
YJL156C	4814.734	4803.474	4894.471	4794.809	4705.448	4761.283
YJL157C	941.252	945.92	945.955	968.778	966.334	964.21
YJL158C	794.832	742.305	754.861	661.139	614.968	622.94
YJL159W	606.087	597.276	598.636	576.904	567.373	574.999
YJL160C	430.5	428.724	435.286	395.636	392.033	396.177
YJL161W	116.129	115.864	117.371	117.846	117.79	118.353
YJL162C	913.954	934.355	938.216	948.831	957.311	959.856
YJL163C	494.062	495.021	492.222	500.004	497.619	495.658
YJL164C	369.899	372.329	371.978	378.657	378.585	377.438
YJL165C	1199.853	1212.885	1218.535	1231.206	1233.661	1236.951
YJL166W	285.92	298.303	297.503	292.32	299.248	302.232
YJL167W	283.695	285.422	287.345	286.911	288.766	289.449
YJL168C	1606.523	1631.174	1631.004	1654.485	1655.291	1661.552
YJL170C	168.358	166.955	166.864	170.068	168.676	168.665
YJL171C	303.183	300.794	301.14	306.926	303.907	303.273
YJL172W	665.147	659.723	664.943	650.14	642.538	646.828
YJL173C	107.339	109.395	109.278	111.08	111.945	111.505
YJL174W	181.744	180.813	180.379	181.295	180.619	180.677
YJL176C	2577.062	2642.663	2643.489	2628.54	2630.826	2643.151
YJL177W	114.679	114.719	114.796	113.636	113.814	113.967
YJL178C	274.492	280.643	279.2	273.884	277.765	277.067
YJL179W	364.704	364.732	367.105	373.669	366.708	367.619
YJL180C	388.791	392.365	391.298	402.06	401.101	399.463
YJL181W	3804.826	3882.175	3973.008	3758.406	3746.545	3850.319
YJL183W	627.132	629.772	629.766	646.926	642.072	642.216
YJL184W	315.762	325.822	326.436	286.35	294.81	299.204
YJL185C	435.552	428.778	433.662	413.008	405.518	410.155
YJL186W	641.95	638.204	640.558	647.527	640.416	642.306
YJL187C	1498.864	1535.655	1544.423	1546.308	1572.97	1592.485
YJL189W	49	49	49	49	49	49
YJL190C	80.467	81.077	80.844	80.551	81.041	80.642
YJL191W	181.497	185.338	183.025	170.404	172.751	173.831
YJL192C	250.188	248.808	250.695	253.712	250.74	251.663
YJL193W	1102.529	1132.235	1161.192	1138.477	1154.639	1171.935
YJL194W	759.443	751.514	757.912	727.017	715.428	721.331
YJL196C	371.089	366.762	367.798	362.264	356.169	356.173
YJL197W	3900.701	4061.543	4056.193	3853.305	3915.994	3923.516
YJL198W	1279.328	1260.766	1270.94	1259.757	1237.201	1242.734
YJL199C	93.649	93.86	93.1	92.109	92.253	92.253
YJL200C	1051.063	1070.622	1073.109	1032.868	1042.132	1048.371
YJL201W	1227.123	1219.547	1223.85	1255.06	1228.47	1229.461
YJL203W	278.071	283.827	283.559	284.565	287.855	287.841
YJL204C	21390.34	21521.127	21612.518	21112.617	20895.658	20903.038
YJL205C	49	49	49	49	49	49
YJL206C	978.856	990.136	999.304	1011.872	1015.56	1019.91
YJL207C	9236.673	9139.919	9148.695	9406.471	9147.796	9153.505
YJL208C	343.796	348.824	350.223	350.12	353.918	356
YJL209W	1179.892	1190.754	1199.828	1224.631	1219.157	1223.371
YJL210W	403.469	410.396	406.72	379.156	381.393	381.659
YJL212C	2153.321	2155.603	2168.581	2130.896	2100.101	2107.929
YJL213W	431.05	441.292	441.311	438.909	445.991	446.241
YJL214W	553.994	550.35	553.122	560.593	554.724	553.191
YJL216C	525.294	528.948	529.844	534.507	535.347	535.319
YJL217W	133.168	133.117	132.944	133.23	133.121	132.607
YJL218W	212.076	214.761	215.306	219.373	219.439	220.006
YJL219W	492.666	490.166	488.957	489.117	486.575	486
YJL222W	1917.833	1921.365	1924.024	1972.975	1961.196	1960.267
YJL225C	3274.342	3235.738	3288.272	2884.197	2853.59	2885.199
YJR001W	581.369	576.85	578.916	591.848	585.459	586.951
YJR002W	601.793	602.764	607.085	617.131	615.762	617.435
YJR003C	2119.087	2073.068	2089.311	2176.611	2086.578	2096.767
YJR004C	569.023	560.129	564.826	579.838	570.367	571.706
YJR005C-A	78.155	80.245	79.524	78.057	80.304	80.189
YJR005W	1327.285	1320.277	1330.394	1384.285	1357.599	1368.594
YJR006W	606.794	622.332	626.733	625.358	633.356	636.354
YJR007W	427.564	435.518	436.756	443.413	446.487	446.438
YJR008W	249.158	250.726	250.453	252.094	252.454	251.85
YJR009C	330.581	326.859	325.434	320.213	316.143	316.887
YJR010C-A	71.363	72.268	72.589	73.668	74.36	74.276
YJR010W	440.34	444.982	444.16	444.422	446.878	447.155
YJR011C	1296.642	1295.454	1286.423	1311.463	1293.101	1280.966
YJR012C	111.597	111.574	110.858	113.224	112.715	112.411
YJR013W	573.54	566.282	569.112	585.876	572.602	574.744
YJR014W	171.62	175.669	175.739	174.487	177.826	177.449
YJR015W	435.891	434.824	437.377	441.418	439.287	441.032
YJR016C	598.669	603.248	603.153	574.492	576.337	578.495
YJR017C	2613.407	2715.284	2762.136	1881.926	1875.793	1994.993
YJR019C	849.959	845.269	851.95	764.998	756.777	764.973
YJR021C	1096.873	1132.884	1138.902	1062.082	1077.788	1087
YJR022W	144.678	145.943	148.385	149.537	151.143	153.559
YJR024C	182.631	183.823	182.592	181.928	182.956	182.382
YJR025C	135.248	136.579	136.153	136.919	137.902	137.202
YJR026W	1010.5745	1010.5745	1010.5745	1010.5745	1010.5745	1010.5745
YJR027W	2444.713	2452.119	2454.996	2518.854	2499.196	2507.852
YJR028W	1002.507	1002.507	1002.507	1002.507	1002.507	1002.507
YJR029W	2535.188	2533.485	2528.904	2616.734	2580.985	2585.193
YJR030C	965.701	969.299	977.609	1000.34	996.163	1000.723
YJR031C	6983.528	6835.256	6992.881	7050.965	6820.634	6884.585
YJR032W	1168.1	1172.809	1179.959	1200.005	1182.056	1193.077
YJR033C	2032.942	2041.064	2048.434	2089.081	2076.251	2079.272
YJR034W	71.074	71.607	71.096	70.651	71.181	70.921
YJR035W	1407.799	1436.742	1440.132	1434.696	1451.165	1453.389
YJR036C	2072.947	2106.515	2114.201	2139.109	2138.402	2135.769
YJR039W	2478.305	2445.843	2457.608	2547.694	2480.533	2486.102
YJR040W	1028.03	1030.332	1034.737	1032.106	1030.104	1033.099
YJR041C	2678.135	2682.032	2701.834	2787.882	2751.456	2761.583
YJR042W	1297.685	1324.861	1342.437	1331.933	1340.729	1346.381
YJR043C	542.882	554.64	556.071	561.732	567.257	569.543
YJR044C	1544.557	1519.528	1510.083	1499.346	1463.287	1473.802
YJR045C	573.487	572.454	572.838	571.289	569.448	569.595
YJR046W	932.843	945.357	945.856	882.735	885.436	890.409
YJR047C	160.692	164.603	164.355	155.925	158.813	159.458
YJR048W	85.441	88.467	88.884	86.101	89.289	89.293
YJR049C	777.178	780.522	784.291	736.789	732.461	732.966
YJR050W	240.575	244.512	244.5	247.911	250.116	249.275
YJR051W	782.918	766.488	763.389	807.842	785.329	782.119
YJR052W	567.108	566.744	570.44	583.338	579.9	580.138
YJR053W	799.681	811.024	816.297	831.037	834.067	838.078
YJR054W	1973.825	1961.13	1982.156	2021.046	1983.034	1992.523
YJR055W	295.96	300.439	297.537	314.172	312.964	310.682
YJR056C	273.818	277.682	279.735	279.081	281.876	281.474
YJR057W	261.07	264.474	266.159	269.153	269.891	269.19
YJR058C	154.334	157.676	156.44	157.47	159.655	158.477
YJR059W	950.232	958.229	959.343	952.883	956.386	958.495
YJR060W	335.908	345.553	341.263	331.018	338.585	336.633
YJR061W	1282.02	1300.212	1310.137	1330.831	1339.48	1345.053
YJR062C	901.598	895.412	917.185	930.219	915.948	925.435
YJR063W	81.665	81.731	81.972	82.1	82.229	82.151
YJR064W	723.067	737.279	740.282	738.566	744.097	747.18
YJR065C	588.372	595.117	595.443	576.422	578.695	581.505
YJR066W	5796.552	5809.995	5738.664	5823.498	5749.007	5700.704
YJR067C	123.931	125.039	125.728	126.501	126.999	127.219
YJR068W	382.118	385.276	385.36	392.464	392.076	392.008
YJR069C	210.734	214.21	212.165	211.934	214.926	213.323
YJR070C	308.205	312.366	310.367	302.447	305.871	305.902
YJR072C	390.838	397	392.845	387.864	392.457	391.375
YJR073C	271.294	272.861	271.272	257.218	257.323	258.51
YJR074W	290.403	296.404	292.893	276.188	280.639	280.279
YJR075W	432.62	432.438	434.004	441.16	438.257	440.858
YJR076C	416.341	415.489	416.803	425.606	423.175	422.483
YJR077C	869.736	830.825	856.051	726.61	693.001	709.103
YJR078W	556.444	565.071	560.634	551.774	558.078	556.31
YJR079W	1054.875	1003.578	1015.617	1031.993	960.563	961.294
YJR080C	450.714	452.701	454.362	462.093	460.591	459.352
YJR082C	98.73	99.977	99.878	100.623	101.293	101.335
YJR083C	824.414	859.805	865.58	858.331	877.46	881.968
YJR084W	510.411	521.369	520.558	522.162	528.283	527.917
YJR085C	74.698	73.265	72.048	73.862	72.541	72.105
YJR086W	412.103	404.46	413.484	428.122	414.859	421.346
YJR088C	371.893	373.385	375.226	387.54	384.828	384.334
YJR089W	6589.535	7017.392	7070.049	6517.309	6782.905	6893.534
YJR090C	5374.067	5357.268	5365.914	5440.326	5338.669	5354.635
YJR091C	1331.287	1319.159	1325.137	1346.816	1327.566	1332.317
YJR092W	1847.518	1862.385	1872.539	1896.36	1896.281	1898.999
YJR093C	329.626	332.176	331.56	331.305	332.514	332.63
YJR094C	1566.962	1601.716	1621.642	1602.84	1601.098	1626.983
YJR094W-A	56.573	57.081	55.978	55.844	56.124	55.616
YJR095W	295.066	291.291	288.851	295.615	290.926	289.525
YJR096W	207.029	206.937	207.525	210.005	210.142	209.696
YJR097W	217.74	213.414	214.55	227.767	221.219	220.266
YJR098C	844.733	854.755	855.487	877.211	877.225	876.613
YJR099W	398.41	398.008	400.45	411.71	404.224	407.33
YJR100C	358.527	357.36	358.05	373.53	369.145	367.667
YJR101W	266.148	268.075	268.386	275.34	275.149	274.405
YJR102C	285.622	286.298	286.422	296.122	292.403	292.411
YJR103W	757.536	764.449	759.758	694.675	696.436	695.824
YJR104C	193.155	192.447	191.49	186.338	186.496	186.693
YJR105W	764.676	760.253	770.144	671.307	665.415	674.775
YJR106W	1368.039	1387.599	1391.98	1387.008	1386.864	1397.711
YJR107C-A	55.538	57.21	56.962	56.348	57.761	57.74
YJR107W	351.913	353.806	354.699	361.636	361.25	360.443
YJR108W	80.993	81.665	81.653	81.868	82.357	82.161
YJR109C	1296.65	1313.138	1316.188	1336.093	1338.259	1339.122
YJR110W	3060.324	3050.177	3054.307	3037.863	2958.158	2965.309
YJR111C	327.064	326.395	326.801	327.86	324.891	326.942
YJR112W	580.809	603	612.716	466.348	476.777	490.541
YJR112W-A	103.646	104.967	104.725	100.987	102.448	102.051
YJR113C	779.162	793.323	796.392	693.913	700.423	710.677
YJR115W	277.836	271.85	273.689	267.562	262.186	263.549
YJR116W	480.213	469.158	474.03	441.254	429.71	435.614
YJR117W	364.614	361.194	363.349	371.685	367.649	368.308
YJR118C	793.481	776.642	801.01	815.121	786.513	795.316
YJR119C	1918.012	1950.763	1961.415	1981.118	1984.221	1988.115
YJR120W	21174.213	21423.055	22541.785	17353.253	17270.064	17928.754
YJR121W	457.713	456.058	455.671	457.242	454.796	454.594
YJR122W	842.967	862.838	867.386	867.958	876.514	882.496
YJR123W	215.129	215.314	215.865	207.796	207.304	208.775
YJR124C	463.572	461.738	464.639	475.713	470.585	470.816
YJR125C	557.512	560.329	558.879	565.349	563.958	563.816
YJR126C	1015.56	1041.429	1037.262	1011.02	1024.431	1021.549
YJR127C	1837.342	1739.021	1757.459	1760.42	1676.966	1684.175
YJR128W	297.896	292.059	291.882	276.097	268.434	271.143
YJR129C	295.32	296.81	294.536	297.665	298.84	296.825
YJR130C	787.705	801.262	799.482	807.156	810.031	808.194
YJR131W	845.599	864.918	868.472	856.998	869.311	872.398
YJR132W	1814.659	1814.763	1810.456	1887.06	1861.065	1854.756
YJR133W	207.089	211.733	213.401	210.812	214.223	215.024
YJR134C	4082.131	4045.665	4100.843	4123.643	4027	4079.878
YJR135C	316.573	316.605	315.209	329.906	324.783	323.922
YJR135W-A	89.268	88.745	90.313	92.39	91.494	92.388
YJR136C	519.989	520.609	523.206	536.901	533.453	532.945
YJR137C	1760.89	1782.5	1782.75	1804.68	1808.098	1811
YJR138W	5859.852	5857.471	5830.207	5909.457	5828.801	5811.161
YJR139C	525.427	519.593	525.835	485.705	475.053	476.978
YJR140C	2892.948	2819.606	2845.453	3015.204	2909.294	2921.92
YJR141W	468.029	471.94	478.132	488.776	488.589	490.924
YJR142W	374.03	379.786	379.851	387.039	390.502	389.139
YJR143C	774.97	780.831	785.491	790.906	791.853	794.005
YJR144W	433.663	438.573	440.082	405.882	409.25	415.518
YJR145C	173.075	172.709	172.069	171.268	171.06	170.523
YJR146W	250.061	253.497	255.474	232.693	234.415	236.789
YJR147W	578.486	574.267	574.391	543.125	536.018	539.899
YJR148W	396.179	400.114	397.738	388.985	391.24	391.947
YJR149W	1337.985	1329.652	1365.982	1396.737	1372.135	1397.434
YJR150C	367.686	368.116	368.031	343.336	340.747	343.284
YJR151C	834.944	811.061	815.053	823.461	801.884	806.828
YJR151W-A	3.07	3.07	3.07	3.07	3.07	3.07
YJR152W	593.98	603.637	603.665	610.387	614.594	614.251
YJR153W	315.942	313.408	313.653	322.986	319.212	317.858
YJR154W	406.023	411.453	411.2	413.082	415.481	414.649
YJR155W	244.371	249.419	248.804	248.64	252.809	252.213
YJR156C	337.04	337.055	337.905	322.349	321.429	323.217
YJR158W	1655	1655	1655	1655	1655	1655
YJR159W	552.227	543.981	543.636	499.737	490.809	490.423
YJR160C	698.524	705.492	706.955	713.93	716.066	714.791
YJR161C	366.916	362.935	365.803	377.292	371.243	370.545
YKL001C	163.53	164.71	164.237	165.554	165.621	165.115
YKL002W	405.248	410.066	409.738	415.687	415.899	416.552
YKL003C	126.355	128.363	129.285	129.135	130.343	130.665
YKL004W	319.706	311.324	313.42	323.898	315.039	314.607
YKL005C	790.475	804.453	810.575	808.551	818.087	822.503
YKL006C-A	75.137	75.872	75.598	77.011	76.972	76.871
YKL006W	129.191	130.279	130.879	128.127	129.523	130.126
YKL007W	606.474	648.827	648.098	621.279	646.878	648.837
YKL008C	546.315	549.65	546.089	561.438	557.473	554.467
YKL009W	230.254	233.309	234.152	236.653	238.224	238.344
YKL010C	2241.676	2271.981	2274.597	2317.84	2320.119	2314.983
YKL011C	754.083	781.742	789.211	792.235	808.234	811.807
YKL012W	867.147	879.781	886.846	895.68	902.072	906.934
YKL013C	210.399	209.829	209.042	217.318	213.664	213.335
YKL014C	4351.829	4371.838	4383.885	4528.335	4476.635	4489.502
YKL015W	2619.957	2605.106	2626.567	2715.34	2659.54	2672.285
YKL016C	134.716	134.238	135.308	136.956	136.432	136.301
YKL017C	1722.474	1779.181	1789.453	1763.496	1793.639	1804.534
YKL018C-A	69.693	70.969	69.724	69.383	70.656	69.697
YKL018W	621.625	611.956	614.64	642.668	624.408	626.014
YKL019W	366.961	366.26	365.545	355.797	354.382	355.521
YKL020C	1766.385	1769.645	1775.645	1803.702	1785.345	1788.779
YKL021C	777.029	779.442	781.85	805.073	799.544	799.894
YKL022C	1107.725	1113.456	1115.719	1149.073	1143.153	1139.792
YKL023C-A	54.681	53.953	54.512	55.854	55.131	55.269
YKL023W	328.704	342.508	340.735	334.445	345.41	344.271
YKL024C	246.496	247.545	250.035	234.514	234.358	235.532
YKL025C	2981.433	3039.951	3049.842	3023.112	3031.567	3048.303
YKL026C	184.432	183.752	184.821	191.392	189.367	188.584
YKL027W	520.915	531.356	532.105	523.372	530.765	528.544
YKL028W	550.857	563.026	561.271	565.936	571.321	570.109
YKL029C	1658.279	1701.692	1709.783	1438.423	1449.64	1471.096
YKL032C	4671.691	4336.878	4574.849	3322.01	2948.775	3133.274
YKL033W	2534.222	2555.407	2556.169	2608.61	2588.974	2597.157
YKL033W-A	257.537	255.683	255.473	264.146	260.674	259.073
YKL034W	1208.435	1184.888	1183.897	1239.72	1201.277	1199.359
YKL035W	497.034	496.683	499.362	495.122	494.455	494.413
YKL037W	523.879	518.278	525.79	423.239	411.957	424.788
YKL038W	5048.559	4854.606	4903.013	4815.762	4555.712	4582.003
YKL039W	712.852	717.93	719.794	735.932	733.8	732.025
YKL040C	650.944	616.771	620.024	655.799	612.382	609.136
YKL041W	268.415	272.095	269.822	275.814	276.433	274.449
YKL042W	657.563	698.549	701.141	683.379	712.145	715.428
YKL043W	285.191	286.339	285.072	281.977	283.355	284.118
YKL044W	138.818	137.798	137.867	142.472	138.75	139.295
YKL045W	651.852	656.975	661.17	666.738	666.813	668.865
YKL046C	393.712	394.008	391.297	393.509	392.443	389.984
YKL047W	804.844	806.288	810.255	837.731	829.426	833.013
YKL048C	888.22	902.96	907.703	925.913	931.612	933.579
YKL049C	182.05	184.73	185.487	185.983	188.335	188.089
YKL050C	979.318	987.52	987.643	1001.626	1004.17	1003.944
YKL051W	370.951	368.718	368.152	367.437	362.962	363.498
YKL052C	753.344	780.625	765.367	649.064	663.696	666.632
YKL053C-A	84.246	85.084	84.708	84.312	84.69	84.514
YKL054C	1645.939	1647.895	1654.007	1556.699	1542.036	1552.536
YKL055C	284.184	290.472	287.926	281.966	285.945	284.433
YKL056C	110.206	111.142	110.817	109.462	110.495	110.377
YKL057C	2503.693	2499.089	2520.81	2604.936	2568.158	2581.868
YKL058W	337.827	333.768	335.975	286.191	280.772	283.174
YKL059C	437.552	438.603	437.303	440.428	440.296	439.438
YKL060C	251.418	249.993	249.098	247.551	247.353	247.77
YKL061W	205.39	209.518	211.409	216.413	218.361	218.939
YKL062W	804.009	805.25	807.945	814.772	809.285	812.43
YKL063C	363.612	372.532	373.671	379.746	384.745	385.861
YKL064W	926.003	929.245	930.819	949.314	946.924	944.549
YKL065C	199.751	200.159	201.656	205.441	205.227	205.395
YKL065W-A	243.046	236.655	239.121	245.254	236.329	238.018
YKL067W	245.651	243.92	247.81	253.508	250.666	251.86
YKL068W	1437.068	1434.221	1435.112	1465.399	1451.414	1448.618
YKL068W-A	72.73	72.864	74.646	75.142	74.94	75.682
YKL069W	299.458	313.707	314.246	299.846	308.854	312.258
YKL070W	132.744	133.238	133.179	134.937	135.097	135.04
YKL071W	209.306	208.49	210.249	213.492	212.576	212.61
YKL072W	3724.212	4336.294	4373.491	3665.054	4126.703	4130.633
YKL073W	1340.998	1344.25	1346.226	1390.798	1377.741	1375.272
YKL074C	621.014	626.8	630.071	637.616	639.1	637.292
YKL075C	1220.964	1264.452	1269.259	1252.118	1272.487	1274.815
YKL077W	349.263	352.533	353.876	357.815	359.478	358.537
YKL078W	754.052	756.178	756.684	772.513	769.322	768.458
YKL079W	2780.114	2875.535	2879.923	2826.833	2875.467	2882.885
YKL080W	440.492	439.861	443.114	451.317	448.482	450.208
YKL081W	322.816	321.49	323.309	323.345	322.475	323.772
YKL082C	594.635	613.368	615.624	617.367	631.79	632.286
YKL084W	79.302	79.952	80.346	80.641	81.076	81.654
YKL085W	457.131	453.693	456.645	435.119	431.366	433.808
YKL086W	23730.381	24439.236	26635.363	16799.862	16390.001	17831.11
YKL087C	296.268	300.32	299.851	289.447	292.496	293.1
YKL088W	614.853	617.555	615.031	626.707	624.54	622.917
YKL089W	580.326	591.542	589.674	597.466	603.964	602.781
YKL090W	742	732.445	733.521	774.813	755.366	754.865
YKL091C	613.211	613.072	626.064	631.73	625.725	632.196
YKL092C	5462.735	5665.627	5769.901	5639.569	5740.077	5790.874
YKL093W	277.59	276.487	277.069	280.093	278.605	279.278
YKL094W	242.757	244.168	243.61	243.889	245.155	244.203
YKL095W	222.49	228.085	227.173	226.634	230.93	230.154
YKL096C-B	1017.513	975.314	957.403	977.085	905.823	903.189
YKL096W	1035.402	1089.509	1117.856	762.045	769.883	793.947
YKL096W-A	323.09	326.479	327.107	275.686	272.537	278.678
YKL097C	4398.935	4050.554	4313.83	3217.699	2915.909	3078.074
YKL098W	402.301	403.408	401.176	397.564	396.693	396.983
YKL099C	280.46	287.308	288.703	288.791	293.889	295.099
YKL100C	1092.862	1126.095	1139.416	1157.52	1179.117	1179.409
YKL101W	2779.563	2852.492	2872.042	2901.558	2939.932	2951.132
YKL102C	108.743	107.492	108.099	108.494	107.083	107.785
YKL103C	481.458	481.207	477.94	478.003	475.978	475.124
YKL104C	912.299	901.704	899.679	937.138	918.258	916.853
YKL104W-A	206	206	206	206	206	206
YKL105C	1242.691	1255.682	1259.618	1266.559	1273.926	1277.434
YKL106C-A	49	49	49	49	49	49
YKL106W	942.289	948.58	955.767	978.711	967.194	973.692
YKL107W	355.069	360.303	360.051	366.613	369.193	368.138
YKL108W	529.726	535.878	533.876	540.823	543.933	543.941
YKL109W	1001.589	978.261	983.003	1034.638	994.489	1000.109
YKL110C	321.154	320.19	320.763	329.522	326.408	327.029
YKL112W	1045.584	1058.547	1056.602	1075.357	1075.141	1075.427
YKL113C	719.719	719.959	726.488	739.718	732.304	735.207
YKL114C	666.386	675.697	677.452	686.748	685.855	685.673
YKL116C	732.04	754.092	754.615	749.041	762.101	766.832
YKL117W	418.141	427.179	424.923	401.429	401.427	402.535
YKL119C	331.21	331.391	335.29	343.724	340.291	341.053
YKL120W	282.916	283.623	284.057	289.864	289.241	288.291
YKL121W	3199.661	3219.675	3258.699	3244.099	3183.818	3224.357
YKL122C	1545.574	1562.32	1577.733	1582.018	1571.699	1580.294
YKL124W	728.827	739.693	740.671	756.584	758.161	756.923
YKL125W	1114.489	1101.553	1107.533	1144.119	1117.596	1121.671
YKL126W	1233.377	1251.172	1247.52	1258.157	1254.24	1253.979
YKL127W	698.65	698.408	704.324	719.994	713.025	715.768
YKL128C	449.035	450.637	458.899	408.842	406.71	410.179
YKL129C	7517.108	7387.884	7446.978	7418.045	7172.943	7212.692
YKL130C	344.45	336.057	337.658	359.509	348.024	348.607
YKL132C	446.141	446.74	448.436	459.188	457.512	456.855
YKL133C	722.476	732.567	738.093	748.644	749.877	753.282
YKL134C	1540.169	1561.075	1569.142	1586.853	1586.181	1588.733
YKL135C	1102.118	1122.36	1140.219	1147.76	1153.955	1165.317
YKL137W	324.69	336.305	334.392	339.681	343.946	340.401
YKL138C	197.138	195.499	196.321	206.896	202.477	203.296
YKL138C-A	49.893	50.335	51.213	51.766	52.162	52.311
YKL139W	4722.445	4818.115	4854.953	4651.917	4648.253	4714.919
YKL140W	697.302	693.439	700.33	721.856	713.843	716.009
YKL141W	174.917	168.762	168.827	169.426	163.763	165.284
YKL142W	171.934	172.243	173.016	176.106	176.087	175.523
YKL143W	578.782	588.259	589.805	599.431	604.718	602.372
YKL144C	287.213	290.42	290.755	298.984	298.392	298.049
YKL145W	326.411	330.649	328.518	328.646	332.701	330.589
YKL146W	1531.778	1543.895	1572.008	1310.507	1313.671	1329.771
YKL148C	2159.345	2184.749	2247.427	1597.776	1564.051	1633.973
YKL149C	932.698	937.822	944.575	958.694	951.222	959.382
YKL150W	219.358	218.602	219.002	220.508	219.268	219.431
YKL151C	435.618	449.016	440.921	439.19	448.919	450.314
YKL152C	379.015	382.526	389.645	333.345	337.691	345.158
YKL154W	350.682	356.707	358.455	360.112	362.598	363.033
YKL155C	852.915	867.125	872.18	885.969	892.613	893.225
YKL156W	49	49	49	49	49	49
YKL157W	1557.078	1562.932	1552.989	1616.135	1597.338	1593.146
YKL159C	257.276	257.86	257.595	267.004	265.281	265.119
YKL160W	630.173	658.264	672.565	630.541	647.877	661.516
YKL161C	578.205	589.783	595.372	601.367	608.692	611.786
YKL162C	743.198	747.678	751.543	774.857	768.673	772.104
YKL163W	339.092	334.039	332.831	331.629	326.198	327.762
YKL164C	294.462	288.992	288.299	289.331	284.33	286.541
YKL165C	5284.647	5113.267	5208.437	5126.297	4883.627	4884.656
YKL166C	343.948	347.861	347.174	351.436	353.474	351.914
YKL167C	150.953	155.552	155.416	159.132	162.065	161.771
YKL168C	1931.026	1949.764	1957.072	1973.639	1961.088	1963.991
YKL170W	98.389	100.963	100.036	99.019	101.19	100.587
YKL171W	1090.872	1092.403	1094.8	1104.127	1098.145	1100.108
YKL172W	846.489	835.778	845.426	883.211	866.408	878.268
YKL173W	3339.493	3426.458	3429.884	3417.162	3409.536	3410.885
YKL174C	802.142	794.798	795.905	824.983	811.492	809.316
YKL175W	422.609	418.607	420.13	423.253	418.543	418.689
YKL176C	991.417	991.978	997.443	1022.679	1016.156	1017.693
YKL178C	922.667	949.449	959.215	957.049	972.64	984.336
YKL179C	1521.087	1562.793	1573.707	1577.551	1597.313	1605.179
YKL180W	121.097	120.757	120.892	120.657	120.392	120.597
YKL181W	348.798	352.488	352.019	351.5	354.411	353.589
YKL182W	2704.262	2699.606	2717.615	2751.971	2719.689	2728.697
YKL183C-A	135.188	134.876	136.507	142.15	139.063	139.253
YKL183W	1395.335	1425.263	1489.169	1118.517	1136.604	1177.269
YKL184W	447.688	447.077	449.068	457.278	454.746	455.917
YKL185W	943.748	942.419	945.551	957.928	947.027	953.484
YKL186C	204.282	205.055	205.166	204.774	204.23	204.646
YKL187C	1102.515	1085.038	1097.372	1102.351	1080.435	1090.815
YKL188C	1503.605	1497.506	1503.825	1563.211	1536.703	1537.117
YKL189W	1050.531	1033.293	1031.148	1083.632	1045.189	1048.266
YKL190W	187.332	190.446	191.16	193.591	195.353	195.275
YKL191W	707.792	705.419	706.702	651.429	647.181	652.456
YKL192C	151.588	147.836	150.616	142.889	138.538	139.108
YKL193C	1141.705	1149.083	1155.085	1160.278	1151.81	1156.225
YKL194C	737.985	735.505	740.333	753.704	739.451	746.247
YKL195W	438.938	445.619	446.073	436.391	441.837	441.614
YKL196C	185.861	188.751	190.069	189.778	191.604	191.419
YKL197C	1444.127	1463.976	1464.595	1485.987	1490.331	1486.888
YKL198C	16938.667	16443.108	18240.872	12096.127	11346.665	12237.163
YKL201C	2252.01	2260.605	2269.361	2323.631	2302.329	2303.26
YKL203C	5287.737	5408.71	5403.784	5215.99	5219.296	5213.925
YKL204W	902.631	905.918	908.863	917.45	913.301	915.575
YKL205W	20904.583	21381.149	21276.894	20363.46	20337.254	20243.198
YKL206C	191.465	190.391	190.718	192.975	191.96	191.36
YKL207W	2584.525	2682.962	2736.301	1836.485	1856.297	1913.4
YKL208W	265.893	266.277	266.942	270.135	268.822	268.825
YKL209C	2387.585	2419.901	2430.77	2475.269	2481.797	2487.117
YKL210W	1742.563	1702.674	1684.516	1781.028	1721.275	1709.113
YKL211C	461.694	463.591	461.377	459.13	458.293	458.256
YKL212W	892.887	913.101	925.426	907.7	921.217	928.781
YKL213C	1347.424	1341.611	1334.307	1391.437	1362.434	1355.568
YKL214C	321.058	327.19	330.675	309.636	312.344	315.757
YKL215C	2614.626	2664.906	2687.125	2518.263	2539.476	2559.594
YKL216W	318.622	320.447	322.069	328.711	328.066	328.416
YKL217W	614.798	618.725	619.35	615.192	615.125	614.916
YKL218C	419.471	423.812	425.125	402.6	401.845	404.673
YKL219W	387.247	383.449	386.198	397.551	391.734	391.583
YKL220C	763.561	768.117	771.476	788.605	785.914	785.46
YKL221W	707.804	709.404	708.303	731.076	721.656	722.024
YKL222C	2121.406	2185.604	2207.882	2185.832	2211.743	2217.326
YKL224C	2105.723	2053.467	2288.548	1370.857	1283.726	323
YKR001C	995.84	1012.818	1018.4	1032.391	1040.989	1043.127
YKR002W	851.984	852.634	860.276	887.357	881.353	882.363
YKR003W	498.3	498.574	503.403	515.855	512.771	513.922
YKR004C	2151.877	2208.176	2198.699	2190.07	2212.916	2222.684
YKR005C	762.504	763.043	772.534	748.371	743.156	748.636
YKR006C	1034.976	1127.781	1160.866	1071.509	1142.971	1168.132
YKR007W	295.406	299.756	299.232	293.192	295.895	296.114
YKR008W	5482.99	5700.626	5595.104	5541.784	5817.026	5784.195
YKR009C	922.775	921.594	922.59	939.013	933.203	931.354
YKR010C	1876.629	1940.295	1953.993	1914.595	1953.015	1961.474
YKR011C	801.927	793.662	810.824	839.075	823.559	831.558
YKR013W	377.907	374.346	374.396	366.749	362.892	366.635
YKR014C	402.72	413.338	409.555	416.965	419.318	413.997
YKR015C	6700.389	6481.06	6412.616	6801.554	6469.366	6494.642
YKR016W	2062.39	2141.719	2164.048	2117.571	2144.478	2158.635
YKR017C	1207.139	1231.404	1237.353	1244.662	1247.351	1257.688
YKR018C	660.826	667.289	666.272	673.559	676.892	675.191
YKR019C	647.276	652.59	653.181	645.527	648.894	650.643
YKR020W	200.527	202.535	201.901	204.675	205.324	205.25
YKR021W	1568.813	1584.186	1585.658	1594.05	1587.12	1592.783
YKR022C	443.925	451.081	452.126	464.083	466.308	465.571
YKR023W	931.551	950.817	953.14	974.29	981.374	980.9
YKR024C	791.851	797.344	796.558	813.245	812.317	810.033
YKR025W	275.916	279.598	277.287	275.51	278.142	276.61
YKR026C	391.815	396.129	394.655	402.319	401.611	399.642
YKR027W	1092.566	1089.002	1094.28	1132.388	1119.37	1119.583
YKR028W	1480.328	1491.172	1489.47	1529.54	1526.655	1521.493
YKR029C	1983.049	2051.327	2070.082	2066.496	2105.463	2122.786
YKR030W	1279.71	1282.563	1285.456	1286.662	1264.689	1262.174
YKR031C	2910.938	2946.032	2955.913	3013.874	3015.566	3023.841
YKR032W	117.294	112.981	113.332	115.774	111.503	111.445
YKR034W	311.894	314.996	314.295	304.773	306.724	307.953
YKR035W-A	319.937	322.47	324.31	321.777	321.375	322.357
YKR036C	697.483	705.588	705.011	716.197	717.695	716.429
YKR037C	265.002	263.911	263.159	268.41	266.209	265.167
YKR038C	634.455	642.419	652.585	552.205	552.769	561.354
YKR039W	605.202	601.037	598.197	602.046	596.025	593.636
YKR041W	751.071	771.867	775.166	636.89	642.581	653.102
YKR042W	2327.622	2310.312	2449.276	1757.394	1724.658	1812.555
YKR043C	352.172	360.184	356.395	342.976	348.321	348.055
YKR044W	427.981	428.834	427.922	434.313	432.461	431.532
YKR045C	383.388	391.527	392.824	345.817	349.136	353.288
YKR046C	355.107	350.019	350.494	342.524	337.466	339.495
YKR048C	1455.81	1467.6	1499.53	1213.647	1219.034	1244.713
YKR049C	306.056	309.269	310.416	279.752	281.202	284.178
YKR050W	1434.586	1431.778	1453.411	1318.518	1310.375	1326.268
YKR051W	712.771	706.864	707.507	739.831	724.835	726.06
YKR052C	280.443	283.531	282.179	283.412	285.486	285.176
YKR053C	348.957	348.263	346.78	349.839	347.966	346.96
YKR054C	8715.491	8831.973	8909.12	9060.82	9068.507	9099.775
YKR055W	260.785	258.774	258.988	264.292	261.644	261.473
YKR056W	864.605	861.457	868.317	894.625	881.591	880.963
YKR057W	50.903	51.699	51.272	50.401	51.094	50.976
YKR058W	921.714	938.443	943.827	946.993	955.005	959.376
YKR059W	311.647	311.021	312.172	314.806	313.806	314.143
YKR060W	293.709	297.818	298.558	303.854	305.543	305.782
YKR061W	630.911	628.659	630.231	652.909	644.124	642.651
YKR062W	444.754	452.426	452.328	455.902	459.608	459.796
YKR063C	9012.308	9360.117	9246.784	8993.133	9220.566	9079.621
YKR064W	2673.751	2675.367	2696.023	2776.44	2734.723	2755.341
YKR065C	252.064	246.048	249.729	254.83	247.761	249.806
YKR066C	813.892	812.473	815.565	748.487	743.4	751.784
YKR067W	956.306	955.292	955.663	972.203	963.804	964.554
YKR068C	1334.342	1324.003	1328.325	1369.641	1337.168	1333.839
YKR069W	724.765	739.214	734.911	724.721	729.794	728.075
YKR070W	300.442	298.883	299.793	304.186	302.105	301.34
YKR071C	541.996	545.325	546.068	563.822	561.057	560.49
YKR072C	1260.619	1263.46	1277.861	1199.602	1198.298	1207.734
YKR073C	457.923	464.831	483.838	474.723	480.361	498.426
YKR074W	146.418	146.85	148.496	151.129	150.548	150.952
YKR075C	440.382	444.958	447.15	443.728	443.202	449.069
YKR076W	382.089	384.655	384.467	378.582	379.497	379.654
YKR077W	628.659	625.726	628.87	647.901	641.648	647.194
YKR078W	1623.206	1628.307	1635.981	1678.731	1657.53	1659.653
YKR079C	1614.232	1618.668	1619.928	1678.781	1657.689	1659.056
YKR080W	325.783	325.958	326.067	328.806	326.664	326.276
YKR081C	532.218	548.899	550.508	552.733	561.381	562.757
YKR082W	4107.994	4126.125	4132.334	4232.099	4170.207	4197.029
YKR083C	150.543	151.434	151.085	156.441	156.347	155.203
YKR084C	560.871	560.956	562.466	572.662	570.58	568.488
YKR085C	182.701	186.408	185.767	180.988	183.659	183.418
YKR086W	1435.638	1457.824	1463.146	1471.103	1478.758	1481.423
YKR087C	367.489	371.11	372.549	379.174	379.507	379.553
YKR088C	737.782	734.827	734.014	766.727	751.169	746.674
YKR089C	1286.779	1290.831	1294.262	1321.19	1312.047	1308.346
YKR090W	900.559	905.154	907.937	890.272	888.821	892.535
YKR091W	263.594	259.608	259.49	258.303	253.973	254.807
YKR092C	713.424	713.182	725.07	670.143	671.536	683.837
YKR093W	971.842	959.866	968.692	976.261	957.101	962.304
YKR094C	69.579	69.669	70.052	69.46	69.895	70.301
YKR095W	4692.193	4758.839	4797.856	4912.389	4898.991	4927.27
YKR095W-A	58.936	58.875	58.758	58.655	58.368	58.236
YKR096W	2075.581	2074.164	2080.483	2133.561	2110.836	2113.565
YKR097W	463.339	460.966	462.871	468.304	464.52	465.196
YKR098C	1294.625	1289.574	1302.534	1346.724	1328.772	1336.011
YKR099W	894.77	900.737	903.537	914.687	913.731	915
YKR100C	508.194	514.802	515.976	513.447	515.78	516.977
YKR101W	2362.593	2362.832	2397.354	2473.142	2413.054	2450.143
YKR102W	1052.734	1045.024	1046.124	1048.998	1037.783	1042.358
YKR103W	2505.618	2507.416	2541.182	2609.604	2572.534	2593.445
YKR104W	707.996	726.93	729.48	731.262	736.374	746.077
YKR105C	752.917	747.543	753.145	774.037	761.69	763.038
YKR106W	725.393	718.537	725.641	740.58	729.198	733.069
YLL001W	1135.543	1119.136	1116.809	1175.735	1146.129	1141.852
YLL002W	1860.789	1992.707	1990.684	1895.313	1999.905	1989.647
YLL003W	2627.781	2690.838	2724.52	2714.336	2732.403	2743.707
YLL004W	6413.25	6764.898	6751.176	6263.188	6382.506	6457.737
YLL005C	14138.442	14337.004	14349.292	13732.938	13626.019	13752.229
YLL006W	537.106	543.774	548.838	559.15	561.035	562.377
YLL006W-A	183.23	180.093336140971	179.804	180.093336140971	177.91	179.471
YLL007C	1259.262	1262.771	1268.595	1304.574	1295.326	1295.605
YLL008W	910.823	928.213	928.057	918.92	929.212	928.808
YLL009C	57.155	58.142	57.76	57.303	58.186	58.12
YLL010C	660.998	666.698	674.973	627.212	627.138	631.586
YLL011W	2583.688	2642.998	2656.575	2524.896	2563.437	2586.556
YLL012W	825.029	820.889	823.389	839.781	826.611	826.854
YLL013C	11038.98	11358.625	12294.629	8025.058	7880.126	8453.75
YLL014W	82.338	80.286	80.9	84.257	81.966	81.942
YLL015W	8202.406	8083.852	8154.151	8054.066	7832.266	7843.323
YLL016W	2589.023	2587.389	2584.172	2679.737	2641.475	2641.884
YLL017W	101.591	104.237	103.227	103.299	104.596	104.56
YLL018C	643.921	639.593	637.584	617.588	611.865	612.517
YLL018C-A	278.33	287.107	287.702	238.018	241.623	247.983
YLL019C	904.765	902.626	905.609	897.227	890.997	895.242
YLL021W	1848.903	1868.18	1869.61	1890.586	1896.737	1897.679
YLL022C	1545.893	1517.249	1606.376	1206.61	1176.074	1222.549
YLL023C	272.453	269.832	269.185	268.348	264.406	264.958
YLL024C	791.061	797.175	809.593	696.218	699.354	709.873
YLL025W	685.988	687.356	710.473	518.451	504.099	519.992
YLL026W	891.117	895.397	895.249	909.411	908.69	906.815
YLL027W	249.277	250.545	248.856	245.716	246.244	246.05
YLL028W	3152.236	3187.696	3305.243	2600.689	2624.814	2696.628
YLL029W	981.354	986.684	985.55	957.341	958.054	961.69
YLL030C	448.165	449.045	457.954	460.057	453.959	459.63
YLL031C	9827.514	9603.501	9559.896	9711.073	9424.004	9353.146
YLL032C	14592.178	14778.113	15029.819	14453.655	14459.241	14502.053
YLL033W	374.635	374.149	378.68	392.298	387.923	389.724
YLL034C	1167.857	1181.469	1181.172	1193.094	1195.671	1194.657
YLL035W	806.919	802.451	806.592	800.727	790.63	792.424
YLL036C	505.893	510.31	511.873	518.437	520.994	522.532
YLL038C	434.964	424.539	426.491	395.55	387.846	391.33
YLL039C	249.376	252.192	253.253	249.726	253.167	253.012
YLL040C	5906.041	5958.767	6006.101	6109.652	6092.613	6117.833
YLL041C	210.711	213.434	212.333	209.609	212.197	212.061
YLL042C	6327.843	6476.324	6355.702	6132.111	6144.787	6056.679
YLL043W	4761.747	4881.008	4935.707	4598.908	4639.329	4737.173
YLL045C	193.971	194.398	194.04	191.445	192.22	192.66
YLL046C	3370.465	3677.754	3669.86	3390.441	3546.22	3549.577
YLL048C	3049.223	3005.832	3017.54	3147.987	3060.085	3062.873
YLL049W	244.771	242.393	241.011	248.343	243.821	242.135
YLL050C	352.57	336.385	346.251	364.397	345.345	352.713
YLL051C	993.141	979.005	986.999	991.129	967.969	971.545
YLL052C	128.667	128.265	127.499	127.105	126.348	126.122
YLL053C	256.944	257.234	257.168	232.139	230.112	231.667
YLL054C	1579.511	1586.28	1604.462	1643.66	1632.311	1641.258
YLL055W	1756.173	1775.932	1758.821	1774.738	1774.39	1768.122
YLL056C	312.361	318.527	318.884	310.789	314.72	315.63
YLL057C	521.21	516.798	516.743	527.482	518.508	519.914
YLL058W	594.906	597.417	595.943	605.661	604.764	603.555
YLL060C	773.003	838.238	848.108	623.722	655.511	667.605
YLL061W	1022.112	1054.415	1060.435	1034.293	1055.98	1056.243
YLL062C	351.971	354.307	354.84	361.043	361.049	361.689
YLL063C	442.856	438.694	440.029	440.915	436.467	437.282
YLL064C	215.444	214.338	215.726	195.64	194.172	196.721
YLL066C	1690.165	1708.141	1698.522	1613.092	1622.307	1622.1
YLL066W-B	150.949	158.407	159.667	127.699	131.519	135.213
YLL067C	1648.341	1612.46106900355	1654.402	1570.759	1612.46106900355	1578.19
YLR001C	2399.051	2391.603	2393.836	2437.223	2391.368	2401.843
YLR002C	2837.59	2816.195	2822.65	2874.033	2809.63	2844.834
YLR003C	858.83	881.902	897.989	897.586	911.368	922.425
YLR004C	485.882	486.14	487.736	494.122	492.193	492.434
YLR005W	411.208	415.762	413.974	419.078	421.051	419.537
YLR006C	1099.006	1101.88	1104.109	1051.604	1044.262	1049.03
YLR007W	272.688	274.498	274.759	275.727	276.705	276.455
YLR008C	279.516	290.512	292.123	291.475	299.224	301.845
YLR009W	177.482	181.241	181.808	181.959	184.842	185.409
YLR010C	245.416	248.908	250.161	257.429	258.648	258.085
YLR011W	268.322	274.003	271.789	263.389	265.457	264.778
YLR012C	120.474	122.787	123.429	124.321	125.696	126.788
YLR013W	157.649	160.334	159.387	161.811	163.093	162.576
YLR014C	6034.046	6181.615	6308.711	6080.147	6091.594	6185.126
YLR015W	484.444	490.132	491.534	495.616	499.372	498.528
YLR016C	163.057	164.933	164.507	163.612	165.617	164.934
YLR017W	321.821	324.009	323.085	322.707	323.899	323.678
YLR018C	426.973	430.27	432.998	385.462	384.978	388.978
YLR019W	395.61	397.317	397.371	391.293	392.805	393.49
YLR020C	716.403	725.537	729.042	740.644	742.068	744.16
YLR021W	192.859	195.375	196.108	197.4	198.591	199.059
YLR022C	572.686	566.312	567.588	589	573.917	572.721
YLR023C	505.229	504.134	506.219	517.609	514.711	514.673
YLR024C	9042.204	9018.514	9048.766	9100.56	8958.465	8937.928
YLR025W	223.458	225.948	225.829	229.553	230.707	230.479
YLR026C	466.702	468.492	474.406	471.868	468.923	472.669
YLR027C	427.752	422.74	421.346	421.445	416.799	416.779
YLR028C	746.251	752.949	751.077	741.613	744.79	742.079
YLR029C	143.713	146.687	145.802	141.908	145.005	144.992
YLR030W	302.939	306.85	307.041	303.403	305.716	306.592
YLR031W	633.684	627.565	627.895	647.815	635.089	630.367
YLR032W	1706.037	1722.218	1734.245	1762.566	1764.851	1769.236
YLR033W	2121.087	2131.884	2135.342	2161.169	2139.68	2142.27
YLR034C	1008.714	1039.269	1051.027	1027.247	1052.39	1057.767
YLR035C	2164.253	2183.156	2186.158	2211.284	2192.134	2208.906
YLR035C-A	2104.056	2099.886	2129.07189166722	2174.492	2129.07189166722	2138.703
YLR036C	889.061	894.901	906.051	924.534	913.727	924.243
YLR037C	228.967	228.359	230.846	196.03	193.369	194.993
YLR038C	50.96	50.948	51.324	51.666	51.737	51.778
YLR039C	3363.35	3414.946	3436.739	3471.314	3469.769	3489.238
YLR040C	159.638	155.66	156.696	159.74	156.227	157.097
YLR042C	124.844	120.885	122.489	127.737	123.573	124.564
YLR043C	75.55	75.762	75.856	76.979	76.922	76.878
YLR044C	484.066	483.91	483.432	476.8	476.874	478.238
YLR045C	1623.275	1666.073	1672.882	1667.076	1687.996	1690.972
YLR046C	381.447	377.95	380.925	398.039	389.875	389.41
YLR047C	2685.075	2723.476	2840.022	2654.938	2670.758	2752.84
YLR048W	156.098	155.859	155.291	153.858	154.085	153.956
YLR049C	1389.587	1384.939	1402.676	1425.187	1403.332	1415.255
YLR050C	128.607	125.618	126.405	132.05	128.614	128.815
YLR051C	219.151	222.866	222.183	227.52	228.152	227.229
YLR052W	296.831	301.659	303.103	304.991	307.991	309.486
YLR053C	206.169	204.287	204.343	210.898	205.664	207.122
YLR054C	1001.324	1012	1014.71	1035.449	1036.239	1037.083
YLR055C	1633.535	1677.525	1681.258	1436.819	1453.678	1464.309
YLR056W	327.767	325.116	324.747	325.49	321.609	320.784
YLR057W	1486.203	1489.876	1501.615	1537.9	1525.622	1529.969
YLR058C	396.214	395.417	395.057	396.219	395.075	395.074
YLR059C	535.629	541.963	545.764	464.151	464.346	469.336
YLR060W	565.8	574.617	575.051	564.492	570.235	570.511
YLR061W	83.435	82.465	82.67	82.247	81.665	82.026
YLR063W	3530.143	3592.158	3768.889	3424.127	3443.389	3580.801
YLR064W	493.326	493.382	498.027	512.405	507.89	512.502
YLR065C	1989.48	1785.855	1799.717	1916.021	1701.746	1697.093
YLR066W	349.826	354.016	354.621	368.737	367.168	367.894
YLR067C	1855.992	1858.042	1867.102	1933.517	1909.942	1912.624
YLR068W	203.387	210.428	210.099	209.828	215.282	215.401
YLR069C	847.933	864.792	869.562	842.545	849.419	849.897
YLR070C	388.117	387.379	386.036	373.96	372.544	372.601
YLR071C	4065.737	4188.883	4225.792	4092.639	4133.407	4175.287
YLR072W	914.509	926.152	926.27	901.345	904.719	907.825
YLR073C	506.675	490.346	494.823	511.5	489.169	488.594
YLR074C	516.262	519.043	528.036	417.354	416.936	425.477
YLR075W	186.564	189.852	187.194	178.568	180.752	180.314
YLR077W	616.456	619.661	623.714	614.436	615.053	617.257
YLR078C	383.082	390.674	393.41	394.391	399.071	399.828
YLR079W	295.506	290.451	289.811	286.041	281.854	282.569
YLR080W	411.94	418.544	420.555	421.767	426.478	425.492
YLR081W	519.119	519.601	519.869	520.159	518.914	518.163
YLR082C	858.889	865.423	875.863	893.905	891.655	900.887
YLR083C	1114.236	1115.538	1117.203	1147.407	1128.704	1127.781
YLR084C	2013.199	2031.579	2036.584	2075.802	2068.098	2077.917
YLR085C	478.916	482.317	482.023	485.239	484.696	484.351
YLR086W	2617.677	2665.678	2683.62	2722.324	2741.627	2750.263
YLR087C	5029.966	5047.916	5077.722	5213.013	5170.384	5183.347
YLR088W	4808.27	4934.048	4980.315	4678.221	4688.102	4780.925
YLR089C	481.962	481.491	484.069	488.4	487.087	488.136
YLR090W	518.041	523.327	520.204	521.364	524.177	523.104
YLR091W	364.293	359.91	356.429	357.891	352.462	353.368
YLR092W	1345.937	1360.462	1362.78	1357.371	1353.188	1358.128
YLR093C	507.794	525.489	531.585	519.733	527.169	531.093
YLR094C	1402.33	1402.564	1429.121	1263.509	1251.963	1270.883
YLR095C	2263.69	2321.326	2313.142	2225.421	2229.64	2237.728
YLR096W	1885.893	1915.424	1931.094	1926.972	1935.159	1945.464
YLR097C	512.77	515.603	516.018	533.429	530.379	528.302
YLR098C	1183.21	1160.325	1160.625	1221.021	1181.782	1182.332
YLR099C	811.776	824.113	825.203	701.392	707.487	714.098
YLR099W-A	290.475	294.42	295.519	260.916	262.801	265.87
YLR100W	238.453	236.239	236.215	240.857	238.781	237.928
YLR102C	204.35	205.921	205.193	207.219	208.248	207.47
YLR103C	854.414	858.267	857.2	883.805	880.24	876.714
YLR104W	116.884	116.645	117.796	117.429	116.993	117.519
YLR105C	475.206	476.543	477.673	488.06	486.394	487.526
YLR106C	9685.398	9779.387	9803.727	9929.386	9876.665	9902.236
YLR107W	1958.77	1950.311	2003.539	1978.567	1923.967	1963.305
YLR108C	593.947	597.011	603.422	616.794	613.426	614.955
YLR109W	165.573	165.609	164.228	164.375	163.457	163.125
YLR110C	474.557	464.582	476.394	405.431	391.725	405.565
YLR111W	257.93	244.904	250.839	238.854	228.119	230.658
YLR112W	291.108	297.756	299.495	289.608	293.327	292.931
YLR113W	4920.151	4881.478	5278.66	3469.059	3296.456	3522.187
YLR114C	1119.849	1125.938	1129.425	1158.63	1154.184	1155.516
YLR115W	1295.379	1314.589	1325.409	1340.864	1349.142	1355.21
YLR116W	620.694	628.891	630.961	608.718	613.991	617.02
YLR117C	1019.378	1047.645	1049.236	1060.464	1075.217	1078.452
YLR118C	250.619	254.099	254.959	257.42	258.336	258.703
YLR119W	607.153	609.612	620.15	635.267	627.397	630.437
YLR120C	1221.788	1208.62	1217.224	1029.418	1008.85	1017.681
YLR121C	813.23	807.834	807.041	772.443	765.335	769.59
YLR122C	284.719	293.298	293.312	289.862	291.612	293.972
YLR125W	112.051	112.731	111.993	114.443	114.476	113.797
YLR126C	658.649	665.532	670.754	670.91	667.371	667.682
YLR127C	7202.129	7253.96	7254.175	7167.563	7101.716	7080.143
YLR128W	284.507	290.716	288.831	290.827	293.811	293.185
YLR129W	4940.804	5092.887	5070.235	4881.033	4957.833	4945.614
YLR130C	404.209	403.729	404.635	406.655	404.994	404.754
YLR131C	1223.993	1226.512	1221.915	1229.047	1221.205	1221.536
YLR132C	626.497	609.894	619.605	645.703	620.169	625.559
YLR133W	547.704	550.472	549.358	555.455	557.309	555.533
YLR134W	411.054	410.571	411.418	411.364	411.656	411.943
YLR135W	2027.539	2194.409	2185.733	2075.766	2203.577	2240.697
YLR136C	223.789	223.496	224.423	226.141	225.976	226.318
YLR137W	1291.394	1262.705	1296.239	1053.338	1025.042	1042.577
YLR138W	1444.9	1472.097	1462.207	1460.092	1469.448	1463.75
YLR139C	1212.005	1203.131	1216.103	1170.047	1151.263	1165.232
YLR141W	14041.317	14269.11	15017.047	10241.788	9884.912	10413.485
YLR142W	535.096	532.611	533.906	541.345	537.268	539.98
YLR143W	1549.596	1573.383	1587.312	1590.69	1582.801	1595.942
YLR144C	2032.442	1972.84	1994.934	2030.064	1964.938	1974.722
YLR145W	200.967	203.358	202.83	207.143	208.037	206.788
YLR146C	2905.071	3040.181	3063.886	2954.627	3049.586	3054.292
YLR146W-A	49	49	49	49	49	49
YLR147C	80.359	80.658	80.039	81.84	81.611	81.116
YLR148W	4020.433	3984.999	3997.919	4136.203	4027.275	4023.409
YLR149C	1376.404	1340.305	1352.42	1396.154	1347.969	1346.289
YLR150W	382.36	385.584	389.955	356.59	359.902	365.781
YLR151C	481.149	483.85	485.604	500.793	497.551	496.449
YLR152C	786.518	784.145	784.235	814.553	800.768	797.993
YLR153C	594.952	593.595	592.57	588.342	585.772	585.808
YLR154C	82.863	84.258	84.398	83.608	85.108	85.024
YLR154C-G	101	101	101	101	101	101
YLR154C-H	49	49	49	49	49	49
YLR154W-C	164.087321638858	164.087321638858	164.087321638858	163.665	163.141	165.465
YLR155C	631.394	647.084	645.197	580.486	585.093	591.256
YLR156W	469.354	430.222	448.509	383.252	350.519	359.939
YLR157C-B	2545.183	2552.847	2580.44064052678	2623.202	2601.357	2580.44064052678
YLR157W-D	72.265	73.035	164	70.445	70.943	70.757
YLR157W-E	116	116	116	116	116	116
YLR162W	7975.175	8551.879	9612.724	5004.034	4974.846	5583.276
YLR162W-A	54.928	54.582	54.935	55.668	55.095	55.599
YLR163C	736.198	756.45	752.151	751.313	763.32	764.124
YLR164W	252.515	254.181	255.684	238.295	236.842	238.921
YLR165C	818.147	805.954	814.273	836.535	811.169	818.96
YLR166C	5249.409	5383.614	5365.309	5323.911	5331.034	5318.254
YLR167W	83.679	83.971	83.614	82.625	83.276	83.116
YLR168C	186.094	187.399	186.983	191.259	191.119	190.087
YLR170C	155.806	159.683	158.872	159.298	161.79	161.147
YLR172C	299.923	301.122	302.417	299.299	299.964	300.861
YLR173W	2002.294	2053.682	2092.806	1879.028	1894.49	1913.598
YLR174W	369.415	371.767	368.634	376.863	376.885	375.59
YLR175W	427.082	431.116	430.428	435.829	438.251	436.844
YLR176C	7811.307	8014.828	7905.975	7567.34	7567.471	7487.058
YLR177W	3371.179	3356.73	3332.921	3205.146	3141.179	3125.955
YLR178C	392.47	402.097	401.101	355.989	361.671	362.169
YLR179C	250.15	253.047	250.513	242.234	244.177	244.483
YLR180W	696.384	699.573	708.457	622.184	619.539	627.204
YLR181C	1101.302	1069.718	1066.977	1144.209	1085.738	1086.825
YLR182W	1442.195	1447.098	1456.939	1513.757	1498.893	1502.122
YLR183C	586.685	591.754	591.085	599.977	599.282	599.163
YLR185W	51.166	50.944	50.73	50.313	50.344	50.363
YLR186W	245.674	247.373	247.148	248.755	249.439	249.315
YLR187W	3669.266	3712.801	3806.997	3677.919	3689.114	3751.913
YLR188W	582.349	583.921	584.036	587.636	587.787	586.867
YLR189C	1451.311	1454.494	1456.772	1495.482	1485.942	1481.845
YLR190W	731.812	745.465	745.34	732.547	738.135	737.682
YLR191W	936.02	951.051	956.736	936.64	932.573	936.593
YLR192C	307.655	315.056	313.427	297.681	302.471	303.16
YLR193C	122.193	122.987	123.227	122.924	123.571	123.158
YLR194C	465.671	457.185	460.346	425.988	415.951	422.356
YLR195C	847.524	854.922	862.093	888.491	886.467	887.407
YLR196W	545.494	553.351	551.439	558.257	562.434	559.604
YLR197W	746.857	755.619	762.832	779.511	782.48	785.055
YLR199C	264.663	263.973	264.733	270.886	269.205	269.448
YLR200W	161.786	169.257	170.723	167.36	173.03	174.353
YLR201C	268.416	266.432	268.577	275.703	271.562	273.604
YLR203C	885.35	896.913	896.131	897.782	891.921	893.924
YLR204W	131.843	135.218	133.829	127.018	129.622	129.36
YLR205C	278.822	278.508	276.642	277.002	277.184	276.939
YLR206W	699.627	694.777	694.884	676.396	675.251	677.444
YLR207W	936.363	941.112	939.801	949.709	948.578	948.571
YLR208W	358.817	370.545	368.898	363.08	372.322	373.615
YLR209C	280.46	278.804	277.258	284.256	281.211	280.65
YLR210W	513.47	524.428	525.718	522.205	528.353	529.47
YLR211C	1318.007	1304.001	1313.622	1357.38	1320.904	1330.016
YLR212C	678.4	675.951	682.735	643.775	635.685	639.974
YLR213C	683.14	695.675	695.517	638.261	644.386	649.404
YLR214W	2171.058	2159.367	2161.393	2228.564	2174.948	2185.835
YLR215C	423.021	429.203	430.35	435.737	438.829	438.783
YLR216C	751.32	757.719	759.436	777.962	773.322	775.064
YLR218C	197.065	206.469	204.937	196.378	205.34	205.574
YLR219W	1459.543	1436.613	1452.404	1320.324	1295.354	1311.878
YLR220W	308.612	313.256	309.658	312.415	315.168	313.134
YLR221C	310.264	315.852	316.584	321.42	323.29	323.127
YLR222C	1031.477	1040.565	1045.296	1064.362	1063.779	1065.358
YLR223C	2233.862	2285.345	2296.975	2335.516	2356.73	2361.409
YLR224W	310.159	313.903	314.116	315.921	318.673	317.571
YLR225C	965.321	1010.007	1024.874	996.898	1027.397	1029.732
YLR226W	4964.338	4997.464	5048.934	5005.385	4925.215	4967.537
YLR227C	4524.732	4483.561	4502.21	4557.206	4419.943	4439.964
YLR227W-B	2324.452	2334.704	2340.702	2388.013	2376.334	2386.871
YLR228C	1093.691	1092.069	1093.981	1114.61	1104.194	1107.38
YLR229C	133.439	132.004	131.502	133.863	132.681	131.986
YLR231C	478.888	478.563	478.553	489.605	486.886	486.771
YLR233C	5248.537	5452.686	5521.95	5294.324	5392.579	5412.561
YLR234W	4308.099	4385.931	4697.015	3124.784	3093.318	3269.764
YLR236C	702.196	715.13	725.945	557.981	555.506	573.398
YLR237W	560.072	561.492	563.503	558.31	558.238	559.949
YLR238W	886.723	886.632	888.826	926.742	917.179	916.834
YLR239C	1239.188	1197.341	1206.95	1275.256	1207.979	1224.116
YLR240W	1235.948	1248.047	1246.87	1279.387	1277.881	1277.278
YLR241W	1409.077	1399.467	1413.321	1447.47	1423.806	1425.795
YLR242C	772.454	767.337	764.554	796.647	779.035	776.794
YLR243W	325.496	324.919	326.163	337.433	333.446	334.158
YLR244C	324.145	322.436	322.112	329.672	327.329	327.569
YLR245C	124.62	124.467	122.96	123.231	122.664	121.367
YLR246W	452.824	455.585	456.369	458.141	456.424	455.801
YLR247C	4978.048	5141.603	5160.339	5051.288	5128.638	5113.249
YLR248W	1053.825	1089.502	1090.379	1076.091	1098.686	1106.217
YLR249W	793.853	795.235	797.495	791.401	792.64	793.663
YLR250W	249.516	251.714	250.633	256.518	256.658	255.756
YLR251W	179.794	177.895	179.279	186.509	183.512	183.143
YLR253W	669.668	674.079	670.26	685.49	683.738	680.992
YLR254C	371.183	376.568	380.351	386.935	387.582	391.899
YLR255C	204.174	204.323	202.058	186.723	186.785	186.869
YLR256W	4425.163	4425.567	4544.545	3816.706	3746.048	3827.259
YLR256W-A	483.683	479.924	483.286	488.315	482.487	485.67
YLR257W	364.591	376.837	376.261	371.741	380.713	380.746
YLR258W	760.208	768.924	770.395	780.771	784.837	785.705
YLR259C	671.278	673.468	674.688	625.383	623.215	625.968
YLR260W	1001.295	1020.614	1035.58	1037.124	1051.889	1063.572
YLR261C	99.283	102.327	103.227	103.233	105.679	105.523
YLR262C	450.443	465.558	464.942	473.073	477.772	476.112
YLR262C-A	49	49	49	49	49	49
YLR263W	5182.345	5173.98	5170.279	5229.886	5087.964	5122.727
YLR264C-A	130.345	137.78	136.57	132.773	137.659	137.254
YLR264W	49	49	49	49	49	49
YLR265C	947.814	937.416	941.526	988.073	964.044	958.959
YLR266C	2386.556	2432.942	2469.523	2470.861	2482.883	2491.566
YLR267W	1135.494	1140.628	1147.862	1186.528	1178.076	1181.82
YLR268W	179.042	177.605	178.82	181.984	180.284	180.793
YLR270W	330.557	326.647	327.357	336.698	331.314	331.137
YLR271W	1347.572	1350.9	1339.018	1379.192	1361.692	1353.708
YLR272C	2086.701	2105.017	2114.075	2171.837	2159.715	2159.019
YLR273C	3421.272	3389.281	3420.228	3507.468	3415.134	3434.914
YLR274W	1216.412	1211.332	1206.713	1245.131	1226.133	1226.27
YLR275W	211.069	226.257	229.979	221.416	232.561	234.162
YLR276C	2983.406	3026.046	3049.431	3015.571	3016.789	3024.814
YLR277C	1406.524	1429.212	1451.56	1466.526	1471.312	1479.043
YLR278C	52974.006	54228.981	52523.324	54226.546	55364.041	53799.765
YLR281C	4050.098	3838.189	4172.351	2781.417	2536.933	2728.34
YLR283W	571.986	574.736	578.286	596.879	591.956	595.688
YLR284C	271.139	274.119	272.962	278.312	278.192	277.109
YLR285C-A	1283.237	1325.245	1355.881	1284.718	1314.637	1320.029
YLR285W	473.312	472.999	474.91	487.98	482.024	481.709
YLR286C	458.222	451.861	455.494	463.77	457.012	459.665
YLR287C	488.159	490.741	493.473	509.909	506.842	507.955
YLR287C-A	49	49	49	49	49	49
YLR288C	588.456	591.821	589.456	589.99	589.352	588.717
YLR289W	1253.439	1298.261	1297.635	1291.515	1314.448	1309.79
YLR290C	541.264	543.932	552.405	569.729	565.744	571.395
YLR291C	368.634	371.329	369.881	378.344	377.6	376.08
YLR292C	286.81	293.251	292.814	297.973	299.452	299.707
YLR293C	142.225	141.335	142.21	142.628	142.106	142.545
YLR295C	77.118	77.943	77.86	77.094	78.101	78.466
YLR296W	471.698	481.253	485.579	491.572	487.895	495.065
YLR297W	195.818	196.71	196.801	201.011	199.481	199.436
YLR298C	325.337	331.611	329.333	330.109	334.482	335.275
YLR299W	954.32	976.93	977.272	896.646	906.843	909.228
YLR300W	333.314	329.236	328.798	334.591	330.293	329.329
YLR301W	218.327	217.681	218.118	222.672	221.43	221.159
YLR302C	146.856	146.051	148.55	151.684	149.303	151.07
YLR303W	377.113	372.9	373.975	374.39	369.128	370.189
YLR304C	716.961	724.848	724.469	731.331	734.568	734.148
YLR305C	3932.291	3881.716	3923.62	3831.263	3733.6	3754.271
YLR306W	799.833	757.454	733.146	790.203	739.805	722.97
YLR307C-A	57.136	57.377	57.792	58.176	58.261	58.54
YLR307W	450.998	442.971	449.704	438.777	432.447	435.232
YLR308W	399.739	394.643	397.911	414.045	407.253	408.803
YLR309C	6161.169	6328.336	6391.518	6269.815	6301.828	6384.395
YLR310C	4299.888	4236.322	4259.824	4423.554	4280.014	4282.167
YLR312C	496.815	497.415	498.701	513.529	510.551	509.629
YLR312W-A	242.984	245.367	246.223	248.595	249.684	249.48
YLR313C	955.923	974.693	971.836	984.487	986.207	985.188
YLR314C	1336.92	1347.449	1341.134	1368.618	1353.729	1355.507
YLR315W	215.321	205.022	202.306	216.272	204.879	203.944
YLR316C	589.141	590.443	587.565	575.432	572.695	572.657
YLR318W	6617.651	6579.112	6659.254	6529.045	6368.758	6469.775
YLR319C	1835.274	1895.487	1898.978	1882.717	1912.538	1913.982
YLR320W	2688.348	2672.786	2689.654	2773.308	2719.456	2732.599
YLR321C	753.61	776.153	773.225	770.13	782.75	781.7
YLR323C	218.69	223.618	222.108	221.163	225.724	225.298
YLR324W	475.004	480.998	481.257	483.114	487.755	486.272
YLR325C	49	49	49	49	49	49
YLR326W	385.009	391.878	393.169	364.827	368.668	368.647
YLR327C	100.044	102.881	102.285	97.28	100.089	100.861
YLR328W	381.241	383.068	383.558	387.198	386.948	387.055
YLR329W	433.811	444.853	446	450.228	455.439	457.627
YLR330W	778.299	795.098	792.943	795.99	804.182	804.75
YLR331C	87.72	89.916	88.987	88.342	90.052	89.336
YLR332W	330.149	326.806	329.114	335.226	331.255	332.512
YLR333C	89.665	89.461	89.786	88.875	88.694	88.861
YLR335W	796.731	799.49	806.48	805.087	804.534	808.518
YLR336C	1405.088	1417.569	1422.183	1464.167	1461.422	1460.656
YLR337C	6897.122	6544.673	6969.021	5108.078	4697.792	4942.815
YLR340W	722.154	723.803	738.129	603.776	598.474	616.768
YLR341W	1752.993	1708.23	1720.419	1811.426	1740.163	1739.773
YLR342W	1977.996	1973.753	1980.884	2026.57	2010.492	2012.242
YLR342W-A	91.805	91.193	91.007	95.631	93.135	92.254
YLR343W	587.437	591.806	593.674	604.697	605.263	605.223
YLR344W	87.061	86.457	86.12	86.693	85.978	85.677
YLR345W	759.461	765.804	763.296	786.249	779.434	779.003
YLR346C	101.401	101.949	101.469	105.545	104.886	104.228
YLR347C	798.572	797.608	799.258	811.98	808.414	807.73
YLR348C	873.226	867.694	885.436	748.393	741.801	754.216
YLR350W	300.319	294.687	294.366	281.618	275.053	277.576
YLR351C	240.796	241.629	241.618	240.925	240.925	240.91
YLR352W	1684.676	1689.381	1707.063	1748.046	1728.633	1741.331
YLR353W	639.603	643.227	641.887	643.961	645.47	644.349
YLR354C	279.874	274.796	275.805	280.572	276.283	276.628
YLR355C	443.789	434.286	436.363	422.062	413.237	415.895
YLR356W	227.99	224.839	225.713	218.144	214.462	217.013
YLR357W	2087.884	2103.916	2136.619	1925.195	1914.347	1943.09
YLR358C	245.306	246.33	244.808	230.166	228.512	228.361
YLR359W	394.266	393.695	394.539	401.533	399.565	398.67
YLR360W	692.409	689.78	691.096	725.792	714.064	711.889
YLR361C	701.203	711.158	707.35	719.832	723.843	720.011
YLR361C-A	433.636	424.098	409.296	440.644	420.426	410.555
YLR362W	2368.554	2380.701	2361.011	2411.329	2371.708	2364.449
YLR363C	863.074	881.226	884.035	903.473	904.33	904.212
YLR363W-A	101.574	100.65	100.984	105.744	103.709	104.003
YLR364W	95.545	94.948	95.292	97.317	96.351	96.438
YLR365W	125.095	125.881	128.424	128.001	128.076	129.64
YLR367W	82.805	83.114	83.028	83.545	83.556	83.287
YLR368W	1037.048	1026.929	1026.617	1077.407	1054.122	1051.654
YLR369W	974.984	990.773	988.749	1003.168	1005.734	1005.458
YLR370C	138.205	134.581	134.972	139.082	135.686	135.943
YLR371W	9319.64	9516.714	9422.833	9326.635	9351.773	9301.961
YLR372W	457.63	451.524	453.571	473.28	461.977	463.044
YLR373C	3632.638	3572.836	3604.718	3683.014	3591.307	3592.834
YLR375W	1237.429	1219.588	1246.193	1026.068	999.158	1018.448
YLR376C	1112.406	1127.09	1150.55	1131.247	1128.364	1141.465
YLR377C	266.742	266.267	265.075	265.7	265.423	264.82
YLR378C	1566.827	1568.117	1623.066	1218.807	1194.985	1232.382
YLR379W-A	128.252	134.403	132.171	125.237	130.123	129.711
YLR380W	400.042	397.016	396.222	386.272	384.417	385.371
YLR381W	940.221	932.18	936.296	956.637	941.813	943.593
YLR382C	2441.098	2483.287	2448.379	2442.96	2434.856	2428.379
YLR383W	3044.263	3126.21	3107.014	3151.14	3191.853	3164.872
YLR384C	1681.607	1701.011	1706.341	1719.69	1724.149	1726.802
YLR385C	76.576	76.614	76.767	76.242	76.483	76.534
YLR386W	1244.431	1237.271	1246.893	1273.36	1253.204	1261.551
YLR387C	702.822	715.902	715.055	710.595	717.073	715.202
YLR388W	49	49	49	49	49	49
YLR389C	1381.53	1386.248	1400.568	1432.552	1425.734	1432.01
YLR390W	134.701	138.528	138.198	134.781	137.118	137.198
YLR390W-A	330.578	316.446	321.519	315.371	302.075	307.389
YLR392C	921.32	932.516	936.398	950.794	951.079	950.233
YLR393W	313.873	315.724	314.335	305.34	304.888	302.988
YLR394W	1234.75	1206.186	1227.091	1272.58	1233.824	1247.529
YLR395C	49	49	49	49	49	49
YLR396C	2690.129	2782.388	2875.82	2686.505	2752.362	2842.658
YLR397C	752.76	753.679	752.032	762.444	761.341	760.748
YLR398C	2683.811	2648.337	2645.993	2713.139	2632.468	2633.376
YLR399C	1165.967	1176.867	1175.771	1116.241	1118.383	1124.122
YLR401C	967.978	963.34	962.582	944.316	933.19	933.346
YLR403W	3117.789	3060.269	3087.771	3101.105	2990.676	3028.253
YLR404W	889.703	889.318	903.637	918.573	908.661	915.433
YLR405W	508.375	510.678	504.98	515.711	511.672	508.67
YLR406C	67.09	67.963	67.689	66.772	67.677	67.272
YLR406C-A	49	49	49	49	49	49
YLR407W	530.746	560.625	561.374	541.31	563.251	575.844
YLR408C	1117.764	1070.637	1086.015	1134.758	1079.585	1088.148
YLR409C	945.084	958.813	963.142	971.105	979.248	977.427
YLR410W	1493.475	1511.149	1515.197	1542.323	1544.867	1545.625
YLR410W-A	1268	1268	1268	1268	1268	1268
YLR410W-B	4291.209	4202.079	4204.101	4419.684	4248.654	4253.041
YLR411W	1030.429	1022.095	1036.642	1011.304	992.119	1003.465
YLR412C-A	3811.281	4045.735	4110.954	3849.728	4010.966	4082.307
YLR412W	303.834	304.05	306.702	314.937	313.301	313.505
YLR413W	541.707	534.921	538.741	545.393	538.115	540.974
YLR414C	323.02	323.911	325.295	328.501	327.198	328.882
YLR415C	2360.928	2402.768	2568.053	1648.08	1622.521	1720.571
YLR417W	681.498	694.482	694.672	696.556	705.793	705.802
YLR418C	890.892	873.984	867.127	907.509	887.954	879.816
YLR419W	5376.168	5472.748	5506.076	5411.602	5416.503	5457.906
YLR420W	333.751	332.755	335.289	343.243	340.54	341.952
YLR421C	244.078	245.334	246.26	248.061	249.638	250.151
YLR422W	3798.298	3775.195	3798.111	3947.945	3868.12	3875.23
YLR423C	2079.505	2021.994	2032.869	2086.899	2002.26	1993.865
YLR424W	1857.157	1867.634	1882.701	1916.417	1899.896	1908.885
YLR425W	2473.131	2499.698	2513.008	2554.802	2547.952	2560.846
YLR426W	351.269	350.96	349.828	356.207	354.22	353.646
YLR427W	800.453	812.542	814.902	816.693	822.47	823.517
YLR429W	653.573	656.641	657.12	652.32	654.134	653.919
YLR430W	4613.995	4680.37	4729.537	4665.214	4673.357	4711.099
YLR431C	659.503	666.071	666.705	683.053	681.041	682.153
YLR432W	529.949	530.276	529.149	541.064	537.338	537.131
YLR433C	1039.908	1037.525	1045.804	1083.389	1070.027	1068.331
YLR435W	726.131	715.667	711.635	735.126	715.039	712.763
YLR436C	7914.67	7624.722	7758.289	7678.761	7252.84	7329.06
YLR437C	1484.966	1507.035	1589.376	1068.944	1060.26	1098.912
YLR438C-A	1216.45	1242.237	1319.473	835.622	832.671	881.502
YLR438W	2309.657	2256.473	2381.252	1796.645	1734.347	1815.693
YLR439W	719.798	711.839	726.115	621.657	612.961	628.65
YLR440C	1270.633	1286.053	1280.408	1300.354	1298.355	1291.441
YLR441C	191.248	190.013	191.529	194.044	192.925	193.41
YLR442C	2365.426	2385.678	2406.823	2460.631	2439.096	2458.023
YLR443W	394.266	397.801	397.58	400.325	402.395	401.275
YLR445W	241.772	245.584	247.439	250.296	251.287	251.948
YLR446W	675.362	683.77	684.77	701.963	701.075	703.947
YLR447C	390.057	395.296	394.893	400.773	400.985	400.554
YLR448W	141.985	141.629	141.684	141.112	140.811	141.134
YLR449W	374.92	382.303	380.656	375.712	382.081	381.038
YLR450W	1683.614	1675.832	1690.496	1646.014	1626.614	1634.839
YLR451W	1110.765	1110.108	1115.223	1148.733	1137.877	1139.154
YLR452C	1325.206	1319.505	1324.93	1379.252	1358.124	1357.856
YLR453C	1008.754	996.52	1010.936	1059.397	1030.654	1038.023
YLR454W	11014.064	11192.345	11304.063	11294.656	11273.634	11323.238
YLR455W	872.073	885.944	898.257	903.021	902.279	905.766
YLR456W	751.236	758.785	753.99	779.425	770.121	771.758
YLR457C	401.042	416.723	415.563	415.305	428.334	425.796
YLR459W	395.533	387.885	390.84	407.552	396.366	396.935
YLR460C	638.651	644.867	648.297	652.17	652.287	654.505
YLR461W	236.733	242.938	248.136	210.781	215.016	220.295
YLR462W	187.24	185.588	186.82	191.389	189.656	189.381
YLR466W	1929.454	1952.02	1943.404	1842.353	1853.737	1853.853
YML001W	208.013	210.137	211.766	213.932	215.684	215.368
YML002W	2263.601	2251.281	2269.934	2344.583	2289.883	2298.386
YML003W	479.367	471.255	473.971	503.064	489.605	490.37
YML004C	266.84	271.467	271.208	271.162	274.284	274.039
YML005W	1268.298	1260.778	1246.742	1257.823	1232.005	1219.552
YML006C	1407.393	1406.23	1412.496	1456.589	1437.55	1440.497
YML007C-A	49	49	49	49	49	49
YML007W	1077.939	1081.124	1081.255	1099.172	1086.728	1089.77
YML008C	360.483	364.887	365.84	367.101	369.712	369.496
YML009C	49	49	49	49	49	49
YML010W	10537.101	10714.662	11276.292	8127.087	7889.858	8323.065
YML011C	156.069	156.575	155.738	161.189	160.096	159.496
YML012W	171.687	171.831	170.994	170.637	170.766	169.818
YML013W	769.154	778.397	777.25	751.172	756.156	759.207
YML014W	673.903	694.777	697.552	572.906	579.66	586.521
YML015C	1068.766	1142.037	1144.868	1079.151	1129.5	1142.517
YML016C	2925.801	2953.016	2943.471	2954.001	2931.793	2919.658
YML017W	11284.507	10780.016	10723.997	11069.101	10553.067	10598.434
YML018C	336.305	336.617	337.056	337.738	337.329	337.477
YML019W	476.472	478.615	481.109	492.401	489.41	489.87
YML020W	830.281	837.358	836.708	842.137	841.635	839.471
YML021C	395.321	403.051	401.998	400.965	404.889	403.321
YML022W	156.241	155.202	156.978	158.376	157.212	157.503
YML023C	656.511	656.291	664.167	679.567	673.572	674.902
YML024W	82.463	82.173	82.667	82.627	82.698	82.855
YML025C	292.198	294.567	293.924	295.705	297.07	296.855
YML026C	94.904	95.527	95.805	95.343	96.053	96.001
YML027W	445.058	447.156	449.498	436.52	438.925	445.683
YML028W	153.16	150.865	151.012	151.248	149.687	150.176
YML029W	1202.328	1205.781	1203.213	1195.705	1187.258	1186.542
YML030W	158.852	158.246	157.325	153.437	152.529	152.399
YML031W	796.777	803.057	805.783	811.246	812.674	815.995
YML032C	645.073	640.433	641.291	617.415	610.689	610.424
YML034W	1414.17	1455.806	1452.83	1445.198	1463.604	1461.63
YML035C	933.684	940.884	941.691	950.935	950.433	951.323
YML036W	238.851	239.661	239.616	248.124	246.522	246.163
YML037C	305.181	306.686	306.003	310.723	311.294	310.499
YML038C	1054.229	1084.779	1080.036	1082.829	1093.216	1089.559
YML039W	2545.918	2554.831	2556.975	2624.529	2570.37276942942	2570.37276942942
YML041C	491.938	507.922	509.895	522.326	533.627	531.011
YML042W	729.182	730.422	730.389	743.494	740.531	739.279
YML043C	3161.749	3227.672	3194.029	3143.749	3153.645	3160.759
YML045W	2581.407	2572.177	2569.657	2650.538	2613.432	2621.256
YML045W-A	474.56603208898	474.56603208898	474.56603208898	478.176	471.325	474.222
YML046W	2201.119	2236	2256.744	2279.005	2280.759	2285.305
YML047C	4037.575	4081.913	3931	3956.77	3877.281	3758.454
YML048W	444.678	446.098	444.927	447.8	446.308	445.521
YML049C	2700.031	2709.033	2722.286	2754.968	2729.943	2742.304
YML050W	299.825	301.032	303.098	311.127	310.251	311.592
YML051W	476.928	478.743	479.054	483.35	482.573	482.728
YML052W	337.485	338.676	338.665	332.166	334.185	334.691
YML053C	2508.274	2419.779	2458.933	2497.722	2373.546	2421.307
YML054C	599.213	605.849	605.105	611.418	615.508	614.524
YML054C-A	49	49	49	49	49	49
YML055W	225.614	232.618	233.695	236.657	240.84	239.8
YML056C	472.867	471.692	472.939	478.213	475.047	474.987
YML057W	1021.952	1032.301	1041.299	969.51	972.699	979.156
YML058W	101.35	100.389	100.16	100.047	99.16	99.672
YML058W-A	72.541	71.972	71.427	68.408	67.366	68.154
YML059C	2108.543	2113.653	2135.015	2058.109	2044.852	2059.871
YML060W	390.817	388.288	388.111	401.334	396.412	396.201
YML061C	995.694	1005.006	1006.162	1026.538	1027.243	1024.839
YML062C	472.861	488.927	486.022	471.89	483.276	481.705
YML063W	177.917	177.731	179.07	179.994	179.682	180.318
YML064C	454.867	463.955	463.155	429.301	431.046	434.377
YML065W	1738.256	1777.297	1811.193	1814.712	1839.029	1858.621
YML066C	444.251	442.856	442.286	452.197	446.766	444.974
YML067C	535.4	530.71	528.442	546.946	535.62	532.664
YML068W	510.968	513.688	516.196	533.109	531.466	532.083
YML069W	1623.738	1664.67	1653.014	1650.514	1660.015	1655.088
YML070W	531.497	531.962	532.443	540.896	539.654	539.256
YML071C	931.362	938.092	940.373	959.888	958.168	958.099
YML072C	2345.933	2352.65	2370.835	2408.204	2389.595	2404.164
YML073C	165.304	167.959	168.589	166.065	168.116	168.532
YML074C	468.137	479.519	477.543	471.56	481.392	481.321
YML075C	1216.295	1212.08	1212.717	1237.433	1224.383	1222.436
YML076C	1690.074	1678.099	1676.545	1744.364	1704.848	1707.799
YML077W	142.089	142.473	143.111	146.075	145.682	145.076
YML078W	172.019	170.702	171.382	175.46	173.493	173.545
YML079W	186.019	186.32	185.174	190.366	188.777	188.023
YML080W	425.769	434.004	434.713	435.816	442.275	441.567
YML081C-A	49	49	49	49	49	49
YML081W	3239.715	3201.694	3200.034	3309.017	3218.697	3222.517
YML082W	643.294	652.777	648.974	651.628	657.294	655.34
YML083C	1390.597	1363.429	1396.846	1143.72	1118.031	1137.269
YML085C	321.771	322.702	320.996	321.757	322.031	320.813
YML086C	479.765	479.501	481.361	484.517	482.461	482.51
YML087C	375.724	368.822	369.29	387.097	375.82	373.541
YML088W	1026.261	1056.696	1058.313	992.031	1004.279	1007.644
YML091C	10668.717	10741.557	10941.585	10704.292	10564.474	10744.576
YML092C	335.886	339.442	338.455	340.462	340.915	344.11
YML093W	1401.366	1441.476	1436.663	1426.214	1446.027	1447.537
YML094W	124.245	124.843	125.026	126.751	126.969	126.745
YML095C	449.81	461.599	466.77	457.104	463.965	468.366
YML096W	687.727	699.625	697.605	713.083	717.756	716.016
YML097C	494.044	501.842	504.794	511.599	516.538	517.26
YML098W	182.359	188.873	185.37	179.111	183.807	181.897
YML099C	4061.517	4182.857	4275.318	4095.943	4155.734	4231.287
YML100W	1402.582	1413.139	1414.994	1342.974	1345.307	1354.631
YML100W-A	51.338	51.074	50.831	50.302	49.881	49.868
YML101C	2588.998	2643.368	2875.934	1693.786	1647.241	1799.213
YML102W	1588.43	1643.901	1662.933	1295.61	1323.857	1347.961
YML103C	8026.227	8063.402	8118.72	8200.256	8103.848	8122.755
YML104C	7409.183	7411.193	7347.019	7396.578	7228.515	7218.591
YML105C	258.486	262.512	262.838	262.993	265.736	265.076
YML106W	170.619	170.604	170.163	173.694	173.152	173.032
YML107C	556.646	562.956	563.707	567.928	567.69	567.498
YML108W	155.445	158.794	160.509	163.905	165.516	166.508
YML109W	1051.812	1063.938	1067.592	1078.533	1083.218	1086.685
YML110C	233.287	234.58	233.902	236.336	236.644	235.753
YML111W	5804.874	6022.674	5976.425	5711.123	5757.216	5784.075
YML112W	304.537	305.435	305.413	301.98	301.487	302.06
YML113W	712.022	726.763	728.22	635.585	641.845	648.508
YML114C	700.288	712.438	711.164	693.342	699.695	701.798
YML115C	507.258	512.806	513.499	516.673	519.102	518.404
YML116W	796.783	792.138	796.35	824.292	811.32	811.538
YML117W	2007.494	2015.451	2032.318	2044.368	2033.123	2037.296
YML118W	602.053	614.837	613.07	601.519	610.097	610.798
YML119W	399.932	409.314	410.286	408.473	415.269	415.984
YML120C	746.277	749.011	751.922	725.653	723.007	726.514
YML121W	422.194	426.275	429.606	437.442	438.469	438.871
YML122C	339.616	332	332	287.263	275.212	279.625
YML123C	419.818	416.556	416.934	422.548	418.672	417.795
YML124C	375.773	376.252	373.16	371.029	370.856	368.996
YML125C	231.291	233.618	231.983	228.319	230.861	230.252
YML126C	553.082	555.531	558.87	550.006	548.707	551.86
YML127W	644.854	649.729	649.5	631.776	631.751	635.09
YML128C	589.731	599.108	600.816	573.055	578.592	581.445
YML129C	49	49	49	49	49	49
YML130C	863.611	870.644	873.948	897.059	895.612	897.145
YML131W	465.002	467.918	471.65	458.111	458.328	463.367
YML133C	1864.993	1881.229	1873.635	1791.584	1798.7	1798.991
YMR001C	964.012	974.863	975.879	1002.315	1003.334	1001.468
YMR001C-A	122.615	119.63	123.086	128.272	124	125.088
YMR002W	341.982	352.217	353.712	316.727	323.522	326.656
YMR003W	1214.499	1276.016	1291.942	1236.548	1273.132	1285.358
YMR004W	1130.778	1143.823	1151.509	1176.79	1170.578	1179.717
YMR005W	365.294	369.654	370.974	371.022	373.878	374.906
YMR006C	571.281	564.75	568.828	577.434	570.801	573.687
YMR007W	135.746	136.035	135.937	138.255	138.188	137.986
YMR008C	1938.355	1823.372	1976.444	1510.417	1418.621	1500.627
YMR008C-A	178.834	173.505	175.971	169.411	165.456	167.588
YMR009W	151.483	154.555	154.081	153.637	156.302	156.169
YMR010W	8440.716	8262.912	8350.574	8097.234	7740.362	7744.312
YMR011W	428.162	422.669	424.65	435.14	428.471	427.304
YMR012W	1779.382	1798.221	1816.273	1848.11	1853.858	1862.852
YMR013C	1145.288	1151.898	1147.613	1181.472	1169.828	1164.637
YMR014W	2994.504	2930.734	2921.533	3006.664	2876.953	2878.966
YMR015C	553.552	546.521	548.924	568.029	557.705	558.259
YMR016C	800.535	804.975	807.62	802.782	804.605	809.431
YMR017W	325.493	327.035	326.274	331.522	332.046	331.143
YMR018W	3873.126	4156.515	4195.491	3877.891	4071.369	4094.496
YMR019W	1300.592	1304.269	1308.86	1346.28	1334.905	1337.6
YMR020W	866.002	880.237	900.405	800.276	798.958	809.721
YMR021C	629.955	636.155	639.364	645.226	642.465	646.878
YMR022W	114.13	115.809	115.47	115.166	116.529	116.612
YMR023C	511.496	511.72	513.268	525.579	522.664	521.758
YMR024W	357.493	361.547	363.364	365.726	367.691	367.897
YMR025W	9187.997	9451.135	9279.338	9180.536	9222.249	9071.594
YMR026C	1415.883	1405.061	1391.04	1437.137	1403.907	1390.335
YMR027W	614.844	623.588	622.644	632.371	634.044	633.481
YMR028W	601.203	599.764	600.832	627.708	618.861	618.511
YMR029C	831.112	832.827	835.923	865.935	857.521	859.785
YMR030W	487.622	487.368	488.923	499.04	495.095	496.573
YMR030W-A	2413.034	2378.411	2396.847	2407.017	2324.876	2350.039
YMR031C	887.671	900.634	901.199	902.874	911.997	910.784
YMR032W	731.199	733.974	734.768	741.361	738.69	738.065
YMR033W	818.046	819.699	822.941	854.113	844.503	845.901
YMR034C	811.919	799.875	810.434	819.129	798.163	801.995
YMR035W	199.743	203.333	203.432	197.271	199.428	200.401
YMR036C	914.052	922.215	924.943	951.729	948.9	951.459
YMR037C	981.257	982.964	991.732	1005.235	1000.385	1007.322
YMR038C	385.501	389.909	384.719	371.176	372.416	372.395
YMR039C	302.493	310.86	309.648	309.916	316.078	314.664
YMR040W	169.1	170.504	169.731	174.564	173.995	173.872
YMR041C	812.519	814.785	822.13	822.567	807.87	813.167
YMR042W	478.537	481.896	485.994	429.576	431.507	440.539
YMR043W	348.753	352.569	351.346	337.009	339.58	341.582
YMR044W	715.732	724.607	728.09	735.718	737.272	740.187
YMR045C	3041.339	3036.834	3038.082	3133.123	3082.322	3094.993
YMR046C	1076.534	1076.534	1076.534	1076.534	1076.534	1076.534
YMR047C	1317.644	1326.739	1331.972	1332.065	1334.442	1335.864
YMR048W	620.517	618.841	624.586	634.94	625.993	629.161
YMR049C	1581.793	1666.018	1664.884	1620.235	1674.816	1687.623
YMR050C	2752.453	2745.806	2737.03	2832.242	2790.276	2793.827
YMR052W	1406.916	1404.974	1403.904	1458.827	1425.935	1428.479
YMR053C	1099.862	1109.61	1111.858	1135.886	1135.173	1135.916
YMR054W	904.245	908.632	908.878	915.871	915.46	911.951
YMR055C	328.243	327.385	326.145	325.241	323.411	323.885
YMR056C	674.939	683.371	686.217	609.24	613.9	620.542
YMR058W	586.435	586.107	585.023	576.274	575.161	574.749
YMR059W	230.049	226.325	225.479	238.488	232.341	232.489
YMR060C	691.785	729.237	737.278	704.296	731.274	740.361
YMR061W	7034.379	7096.319	7009.91	7138.362	7082.744	7016.496
YMR062C	516.232	521.555	523.158	528.767	530.425	532.151
YMR063W	229.909	228.109	229.652	225.172	223.483	225.509
YMR064W	1418.79	1412.334	1416.013	1478.35	1450.765	1455.483
YMR065W	823.604	818.692	825.826	862.308	847.532	848.698
YMR066W	3286.449	3326.354	3343.845	3417.442	3405.766	3409.24
YMR067C	532.767	539.187	542.19	539.532	540.09	544.06
YMR068W	535.114	549.48	546.99	518.797	528.764	529.149
YMR069W	3025.407	3135.654	3291.475	2221.985	2230.448	2332.628
YMR070W	27013.787	27282.228	28866.089	21968.869	21596.559	22527.488
YMR071C	145.851	146.69	146.735	150.944	151.045	150.838
YMR072W	305.366	310.169	312.364	318.625	318.736	318.316
YMR073C	588.072	625.841	628.518	594.137	623.88	623.341
YMR074C	173.521	177.418	178.92	172.754	175.685	177.079
YMR075C-A	236.322	228.571	233.759	249.218	238.232	238.977
YMR075W	10855.912	11525.603	11487.22	10706.483	11074.222	11059.955
YMR076C	4297.36	4306.358	4362.11	4435.717	4392.533	4449.751
YMR077C	598.592	616.271	617.179	625.165	632.047	633.196
YMR078C	1316.239	1373.607	1363.721	1366.433	1397.972	1397.392
YMR079W	308.562	308.426	309.338	318.068	315.512	315.171
YMR080C	2078.832	2074.387	2095.782	2129.952	2103.102	2109.545
YMR081C	492.205	494.903	500.521	501.085	494.289	498.522
YMR082C	692.717	692.912	722.474	552.029	543.332	564.792
YMR083W	418.655	422.002	421.192	405.273	406.094	406.772
YMR084W	248.081	245.912	246.453	253.816	250.249	249.314
YMR085W	508.738	510.642	511.875	518.974	518.558	519.979
YMR086W	1299.422	1322.347	1330.985	1314.437	1330.248	1337.664
YMR087W	392.507	406.391	407.928	406.373	415.984	416.691
YMR088C	544.748	544.141	545.833	560.628	556.822	555.224
YMR089C	1731.64	1778.196	1776.004	1722.873	1746.497	1738.977
YMR090W	183.486	185.338	183.812	185.946	186.439	185.139
YMR091C	430.502	435.77	434.059	441.447	443.056	440.863
YMR092C	503.773	503.772	504.31	510.93	509.753	508.069
YMR093W	473.832	468.693	470.082	480.754	473.619	474.02
YMR094W	1045.755	1046.186	1053.362	1090	1072.232	1077.998
YMR095C	203.667	204.561	205.105	207.382	207.315	207.33
YMR096W	245.524	249.886	248.26	245.401	248.084	246.87
YMR097C	535.307	540.806	542.036	559.556	557.76	558.386
YMR098C	715.318	722.945	726.48	741.309	743.95	744.565
YMR099C	279.241	282.447	283.07	284.872	285.406	285.454
YMR100W	1305.644	1314.68	1319.084	1359.648	1347.813	1350.099
YMR101C	2589.322	2556.422	2558.111	2616.451	2540.09	2537.97
YMR102C	1758.5	1785.523	1793.689	1784.527	1791.901	1801.044
YMR103C	1199.811	1224.791	1282.004	905.049	903.962	947.844
YMR104C	1695.907	1660.11	1639.717	1717.362	1674.552	1658.36
YMR105C	569.097	566.943	567.28	574.906	569.92	569.683
YMR105W-A	61.654	63.331	62.836	62.683	63.309	63.048
YMR106C	1153.57	1152.619	1158.468	1175.435	1161.413	1167.789
YMR106W-A	72.296	72.807	72.816	72.941	73.28	72.802
YMR107W	67.274	68.914	68.606	66.698	68.265	67.856
YMR108W	731.022	732.31	728.714	719.767	719.046	718.167
YMR109W	2905.899	2843.836	2888.436	2631.306	2554.078	2592.644
YMR110C	923.519	939.488	942.2	957.136	957.104	963.922
YMR111C	692.672	706.137	708.398	701.402	711.227	715.835
YMR112C	119.553	121.538	121.846	121.928	123.617	123.782
YMR113W	402.757	406.31	404.81	413.104	414.212	412.742
YMR114C	368.107	374.467	372.246	371.293	376.085	375.147
YMR115W	1268.504	1336.001	1349.954	1302.351	1354.532	1382.919
YMR116C	240.974	240.146	240.903	236.874	237.022	238.103
YMR117C	367.154	371.351	373.092	383.022	383.148	383.111
YMR118C	152.221	154.001	153.525	153.117	154.623	154.312
YMR119W	5007.731	5024.398	5046.904	4919.067	4869.503	4899.474
YMR120C	657.201	647.638	646.504	668.064	653.764	653.748
YMR121C	196.495	201.452	199.845	195.61	199.92	200.705
YMR122C	200.881	203.782	205.351	193.807	196.267	198.124
YMR122W-A	79.71	77.122	77.345	77.987	75.749	76.1
YMR123W	146.726	149.18	148.171	146.928	148.989	147.964
YMR124W	1374.268	1386.077	1387.968	1401.014	1401.439	1404.512
YMR125W	3921.143	3950.285	3955.202	4003.098	3974.685	3967.996
YMR126C	872.177	865.662	874.38	902.948	883.785	888.863
YMR127C	645.343	636.385	640.806	659.034	643.432	645.378
YMR128W	1945.627	1974.743	1978.6	2016.373	2021.028	2021.241
YMR129W	5600.471	5894.1	6009.452	5625.832	5852.569	5944.181
YMR130W	943.337	931.935	932.029	958.569	929.188	930.167
YMR131C	475.034	478.848	477.66	485.379	486.094	484.221
YMR132C	330.242	340.709	341.95	342.575	348.763	349.021
YMR133W	648.346	655.638	662.689	673.189	673.525	675.914
YMR134W	501.433	502.554	503.698	523.057	519.958	515.812
YMR135C	887.68	874.084	877.129	885.942	864.614	868.508
YMR136W	1459.357	1375.167	1418.52	1351.363	1278.799	1304.627
YMR137C	1647.913	1648.143	1655.023	1692.815	1671.223	1678.18
YMR138W	174.122	177.642	177.541	177.535	180.215	179.666
YMR139W	664.865	677.865	671.924	690.21	692.435	691.095
YMR140W	676.18	682.141	683.777	694.653	692.358	691.768
YMR141C	231.411	240.23	239.478	238.206	242.726	242.297
YMR142C	146.51	147.972	147.321	144.695	146.138	146.538
YMR143W	106.472	107.656	108.044	108.143	108.856	108.851
YMR144W	2317.478	2305.427	2275.684	2328.051	2261.667	2254.617
YMR145C	616.745	613.807	616.233	623.041	617.732	618.5
YMR146C	327.983	327.853	328.018	328.876	328.114	327.761
YMR147W	816.939	835.88	848.781	835.777	842.747	858.209
YMR148W	122.465	119.39	120.36	123.208	119.987	120.487
YMR149W	590.974	575.508	572.945	581.531	558.272	556.92
YMR150C	181.105	180.653	180.764	185.167	183.467	183.206
YMR152W	349.002	345.434	346.828	359.775	354.396	354.071
YMR153W	1037.675	1066.377	1067.163	1063.098	1076.15	1070.232
YMR154C	2212.379	2298.39	2287.519	2265.754	2295.69	2299.879
YMR155W	651.548	662.154	665.621	672.302	678.634	682.311
YMR156C	265.373	265.807	267.123	275.384	273.202	275.108
YMR157C	268.647	269.414	269.526	276.529	276.239	276.102
YMR158C-A	49	49	49	49	49	49
YMR158W	95.647	95.528	96.355	96.838	96.795	97.094
YMR159C	195.374	200.328	200.551	204.642	207.264	206.803
YMR160W	2576.973	2607.947	2574.053	2608.771	2594.908	2577.234
YMR161W	552.376	552.657	558.75	507.608	501.116	505.529
YMR162C	2469.822	2464.738	2480.294	2550.438	2517.423	2522.929
YMR163C	3360.458	3344.737	3329.94	3355.295	3271.704	3276.974
YMR164C	51415.046	51741.397	50481.56	52139.721	52275.526	51141.015
YMR165C	911.791	915.032	916.547	914.275	912.893	913.455
YMR166C	495.63	500.32	497.423	492.814	493.502	494.024
YMR167W	968.441	980.368	981.517	1001.916	1002.716	1002.74
YMR168C	1463.275	1481.305	1497.566	1498.786	1496.365	1507.611
YMR169C	505.173	506.778	508.03	514.064	513.356	513.598
YMR170C	449.104	449.197	449.294	452.99	451.471	451.3
YMR171C	929.237	932.281	931.769	953.117	945.367	943.514
YMR172W	2170.55	2257.954	2267.955	2136.066	2188.512	2211.017
YMR173W	343.779	337.136	340.267	350.452	344.975	345.368
YMR174C	49	49	49	49	49	49
YMR175W	52.426	53.878	53.06	52.133	53.601	53.041
YMR175W-A	229.321	220.063	220.567	237.524	224.087	223.522
YMR176W	3654.061	3616.396	3646.399	3752.554	3663.017	3676.316
YMR177W	501.993	506.976	506.516	515.938	516.825	514.633
YMR178W	332.074	335.267	337.066	344.033	344.126	344.622
YMR179W	976.166	994.147	1002.066	1016.765	1026.96	1030.952
YMR180C	317.425	320.775	322.401	325.931	328.311	329.804
YMR181C	104.127	104.589	104.961	104.807	105.263	105.601
YMR182C	222.85	221.113	220.861	219.784	217.677	218.761
YMR182W-A	38	38	38	38	38	38
YMR183C	505.728	513.865	517.544	515.542	518.352	521.417
YMR184W	384.807	387.682	388.216	402.419	399.163	397.619
YMR185W	2827.812	2855.739	2838.542	2902.007	2879.509	2872.818
YMR186W	1000.939	992.73	998.083	1022.18	1006.406	1012.421
YMR187C	728.045	732.849	735.694	756.281	751.097	753.444
YMR188C	477.205	491.174	497.528	499.327	507.615	511.574
YMR189W	2870.516	2773.419	2760.49	2866.894	2715.541	2718.277
YMR190C	2814.066	2835.371	2864.82	2870.406	2857.568	2873.4
YMR191W	964.232	961.121	960.539	980.901	961.535	961.175
YMR192W	9652.451	9991.453	9931.356	9486.744	9622.002	9532.152
YMR193W	413.53	421.697	422.674	430.798	433.136	432.928
YMR194C-B	53.462	54.015	53.396	53.6	53.998	54.049
YMR194W	63.405	63.605	63.441	63.801	63.996	63.881
YMR195W	159.72	161.611	160.831	153.758	153.973	154.704
YMR196W	1156.295	1160.329	1158.499	1173.771	1171.243	1170.581
YMR197C	216.516	217.791	217.087	222.153	221.909	221.559
YMR198W	708.227	721.58	721.586	731.827	740.385	739.8
YMR199W	2983.814	2965.876	2944.624	2930.002	2836.075	2855.443
YMR200W	218.354	219.771	219.57	222.153	222.74	222.706
YMR201C	329.785	334.261	334.122	335.177	338.132	337.763
YMR202W	168.842	168.821	168.359	167.942	168.338	168.007
YMR203W	294.2	290.845	292.112	295.738	292.709	292.922
YMR204C	710.775	719.616	720.986	736.913	739.034	741.391
YMR205C	821.041	821.772	822.324	823.195	822.742	823.357
YMR206W	626.574	634.44	641.629	555.673	556.268	567.371
YMR207C	5297.695	5384.016	5373.481	5380.482	5362.694	5389.447
YMR208W	991.302	985.906	998.194	1016.775	996.91	1007.066
YMR209C	755.026	774.979	779.743	731.59	737.084	742.975
YMR210W	847.904	842.071	857.87	864.306	853.654	863.035
YMR211W	674.834	678.034	684.246	699.84	695.433	699.418
YMR212C	2577.474	2549.494	2568.881	2664.393	2596.978	2601.578
YMR213W	685.673	698.706	694.969	698.804	707.013	704.756
YMR214W	4819.668	4947.232	5132.436	3642.107	3581.355	3678.03
YMR215W	733.787	728.924	737.022	748.949	739.036	746.035
YMR216C	5219.4	5234.114	5177.603	5095.811	4974.091	4969.881
YMR217W	422.144	423.14	423.682	426.553	426.958	426.745
YMR218C	3290.657	3374.591	3371.267	3382.878	3419.841	3398.331
YMR219W	2479.089	2537.994	2563.702	2557.157	2585.534	2595.064
YMR220W	515.035	527.951	529.459	527.495	537.861	537.218
YMR221C	602.531	599.927	600.493	617.059	609.395	608.268
YMR222C	221.451	224.058	220.591	215.371	216.417	215.524
YMR223W	1721.867	1643.006	1650.842	1738.077	1628.255	1633.11
YMR224C	722.117	726.833	728.231	742.048	741.81	741.125
YMR225C	70.775	70.232	70.752	71.937	71.237	71.218
YMR226C	371.378	387.435	387.21	342.077	351.245	353.374
YMR227C	796.964	817.552	811.38	807.58	820.567	817.818
YMR228W	664.877	667.718	673.103	689.467	685.546	686.591
YMR229C	3142.828	3171.702	3189.633	3251.962	3235.012	3252.95
YMR230W	70.144	70.673	71.294	71.686	72.233	72.383
YMR230W-A	86.331	84.937	83.962	89.077	86.577	84.936
YMR231W	3823.941	3892.148	3930.68	3874.675	3847.503	3870.357
YMR232W	2444.37	2454.547	2451.87	2537.286	2498.256	2512.577
YMR233W	400.863	398.093	399.78	414.856	405.075	406.249
YMR234W	865.409	863.559	866.59	899.552	879.128	881.062
YMR235C	393.738	395.091	397.496	404.682	403.889	404.404
YMR236W	156.437	158.622	156.321	153.472	155.565	154.724
YMR237W	1297.401	1294.679	1297.197	1330.663	1317.035	1319.244
YMR238W	766.997	785.837	789.504	791.449	801.511	803.696
YMR239C	908.627	913.95	916.149	952.227	943.009	941.94
YMR240C	373.72	378.265	377.654	378.267	381.706	380.175
YMR241W	339.591	346.665	346.932	347.117	352	352.363
YMR242C	116.704	116.928	117.406	116.562	117.013	117.312
YMR242W-A	45.113	46.39	46.539	41.329	42.488	42.986
YMR243C	397.328	392.606	393.576	404.324	398.809	397.556
YMR244C-A	82.421	83.665	82.316	81.131	82.393	81.961
YMR244W	1422.024	1476.64	1509.141	1185.256	1211.774	1227.15
YMR246W	655.594	663.819	659.549	658.505	663.162	662.137
YMR247C	5567.871	5612.05	5661.328	5711.506	5670.679	5695.159
YMR247W-A	49	49	49	49	49	49
YMR250W	512.733	515.235	514.441	517.395	517.461	515.744
YMR251W	1666.427	1717.583	1864.339	1251.533	1278.834	1367.278
YMR251W-A	148.395	146.935	143.322	133.894	130.666	131.65
YMR252C	111.845	112.87	113.438	113.916	114.606	114.674
YMR253C	640.59	638.91	635.695	656.152	643.967	642.222
YMR254C	138.127	138.423	138.486	143.453	141.716	141.818
YMR255W	347.091	350.116	349.957	364.581	361.808	361.881
YMR256C	49	49	49	49	49	49
YMR257C	1818.423	1826.396	1832.517	1895.486	1873.797	1877.274
YMR258C	765.43	753.871	759.151	797.46	778.444	779.79
YMR259C	3379.914	3395.949	3431.404	3520.417	3491.432	3514.775
YMR260C	126.184	128.307	128.642	129.358	130.759	130.428
YMR261C	1217.919	1225.784	1230.673	1249.153	1247.847	1249.159
YMR262W	385.022	392.453	390.917	370.869	375.094	375.588
YMR263W	8150.643	8214.502	8347.532	8058.776	7943.149	8002.278
YMR264W	894.389	865.723	891.541	733.61	705.553	726.252
YMR265C	649.202	655.507	657.062	633.468	635.385	639.455
YMR266W	1509.944	1512.766	1524.381	1553.471	1539.621	1540.735
YMR267W	377.675	382.639	383.184	392.295	392.855	391.814
YMR268C	796.408	812.032	818.22	830.582	836.344	842.424
YMR269W	404.603	422.701	417.952	422.884	434.465	430.785
YMR270C	667.241	682.032	688.058	691.25	699.474	704.372
YMR271C	249.433	246.122	247.293	256.777	251.661	251.873
YMR272C	284.3	283.248	283.261	285.641	284.586	284.251
YMR272W-B	49	49	49	49	49	49
YMR273C	1136.434	1154.322	1153.554	1119.811	1131.48	1131.176
YMR274C	626.284	638.886	642.929	640.385	643.316	642.955
YMR275C	1887.852	1890.499	1898.992	1892.433	1872.661	1885.139
YMR276W	8855.223	9002.836	9670.672	6445.273	6276.061	6679.329
YMR277W	1290.599	1276.363	1280.603	1205.107	1181.271	1185.15
YMR278W	814.478	816.164	828.11	836.717	831.077	832.896
YMR279C	510.247	506.705	507.189	516.104	511.242	508.852
YMR280C	5413.96	5275.062	5332.299	5116.969	4930.219	4947.134
YMR281W	471.086	471.172	472.263	489.013	483.036	483.031
YMR282C	1511.574	1537.675	1563.595	1556.728	1550.256	1566.714
YMR283C	993.391	1000.961	1002.947	1029.356	1020.71	1024.994
YMR284W	5249.418	5087.904	5180.486	5305.663	5150.336	5243.373
YMR285C	712.194	715.932	716.927	734.306	730.862	729.406
YMR286W	59.974	61.09	60.861	60.887	61.376	61.461
YMR287C	2528.933	2491.427	2539.693	2617.668	2555.177	2586.515
YMR288W	1436.517	1457.728	1459.522	1489.412	1495.207	1496.347
YMR289W	802.05	785.824	788.924	823.486	796.781	794.797
YMR290C	6303.204	6263.59	6390.663	6096.891	5961.391	5985.839
YMR291W	714.386	711.034	712.995	724.545	718.612	721.515
YMR292W	272.878	269.943	275.272	285.844	281.553	281.275
YMR293C	1469.31	1460.001	1470.223	1467.105	1441.29	1450.43
YMR294W	501.706	509.161	510.51	520.482	522.306	522.068
YMR295C	291.901	289.958	290.679	266.004	263.48	266.961
YMR296C	1675.9	1654.808	1663.174	1399.856	1366.737	1383.954
YMR297W	515.374	512.653	511.941	505.21	503.394	503.946
YMR298W	224.055	231.457	232.646	229.756	234.432	237.503
YMR299C	450.257	447.336	449.474	472.972	465.144	465.368
YMR300C	490.33	496.012	495.03	501.527	503.455	500.438
YMR301C	984.916	987.813	995.503	1004.03	999.332	1005.743
YMR302C	1045.813	1056.497	1056.606	1068.812	1072.804	1071.59
YMR303C	580.409	585.74	584.197	538.738	540.801	544.211
YMR304W	3891.627	3882.411	3878.21	3950.921	3878.961	3870.139
YMR305C	344.255	343.388	343.661	342.501	342.08	343.618
YMR306W	1967.689	1955.405	1965.732	2018.457	1993.756	1996.362
YMR307W	481.753	475.552	477.268	484.42	477.523	477.813
YMR308C	2195.808	2203.779	2193.209	2241.135	2214.495	2218.214
YMR309C	1336.744	1329.656	1342.104	1386.218	1365.078	1370.33
YMR310C	311.641	317.245	320.844	314.961	320.634	323.41
YMR311C	515.296	528.083	525.328	479.535	486.269	488.529
YMR312W	620.377	605.872	615.737	610.478	589.421	594.446
YMR313C	2867.555	2976.514	2981.98	2946.097	2984.191	2984.546
YMR314W	283.863	293.114	290.346	278.183	284.576	283.632
YMR315W	271.799	273.916	274.491	275.199	276.606	275.819
YMR315W-A	49	49	49	49	49	49
YMR316C-A	131.461	128.289	128.718	136.137	131.67	130.677
YMR316W	416.657	410.919	412.213	430.772	422.16	421.854
YMR317W	956.749	944.878	951.699	954.136	942.144	949.916
YMR318C	276.941	279.242	277.991	278.277	279.838	278.994
YMR319C	508.781	514.095	513.194	516.085	518.463	516.18
YMR320W	123.573	124.777	125.78	128.462	128.724	129.554
YMR321C	63.109	62.483	62.611	63.123	62.697	62.655
YMR322C	233.715	236.059	235.294	231.982	233.577	233.551
YMR323W	890.631	910.22	918.676	770.047	775.825	782.495
YMR325W	2062.891	2001.17	2230.745	1344.862	1241.547	1355.096
YNCA0001W	202.226	203.155	203.927	201.715	202.01	202.099
YNCA0002W	30.07	27.3886937255108	31.626	24.473	24.178	27.3886937255108
YNCA0003W	49	49	49	49	49	49
YNCA0004W	38.053	39.349	39.573	33.661	34.182	34.604
YNCA0005W	33	33	33	33	33	33
YNCA0006C	33	33	33	33	33	33
YNCB0001W	35.095	36.217	35.728	35	35	35
YNCB0002W	24	24	24	24	24	24
YNCB0003W	39	39	39	39	39	39
YNCB0004W	38.606	36.52	36.399	34.91	32.916	33.003
YNCB0005C	36.482	38.426	37.669	30.406	31.241	31.262
YNCB0006W	33	33	33	33	33	33
YNCB0007W	24	24	24	24	24	24
YNCB0009C	49	49	49	49	49	49
YNCB0011C	25	25	25	25	25	25
YNCB0012W	35.095	36.217	35.728	35	35	35
YNCB0013W	23	23	23	23	23	23
YNCB0015W	23	23	23	23	23	23
YNCB0016W	80.295	91.15	92.47	61.369	68.074	69.125
YNCB0017C	23	23	23	23	23	23
YNCB0018W	42.757	46.728	41.3883003862798	37.013	39.68	41.3883003862798
YNCB0019C	512.849	497.205	500.621	527.152	508.333	508.223
YNCC0001C	42.757	46.728	41.3883003862798	37.013	39.68	41.3883003862798
YNCC0003C	49	49	49	49	49	49
YNCC0004C	423.89	434.028	510.699	267.219	255.097	293.625
YNCC0005W	25	25	25	25	25	25
YNCC0006C	76.823	78.391	79.045	79.096	79.58	80.084
YNCC0007C	36.482	38.426	37.669	30.406	31.241	31.262
YNCC0008W	186.28	188.561	197.954	131.771	130.745	136.084
YNCC0009C	24	24	24	24	24	24
YNCC0010C	23	23	23	23	23	23
YNCC0011W	75.19	74.201	74.333	77.031	74.322	73.92
YNCC0012C	72.559	70.447	71.786	74.956	72.578	73.132
YNCC0013W	33	33	33	33	33	33
YNCC0014W	24	24	24	24	24	24
YNCC0015W	693.755	658.241	667.76	708.39	654.444	657.187
YNCD0002C	342.863	352.07	362.623	352.726	358.442	365.198
YNCD0003W	24	24	24	24	24	24
YNCD0004W	133.804	139.645	143.157	99.435	101.572	103.886
YNCD0005C	24	24	24	24	24	24
YNCD0006W	33	33	33	33	33	33
YNCD0008W	35.095	36.217	35.728	35	35	35
YNCD0010C	49	49	49	49	49	49
YNCD0013C	34.112	35.103	35.219	29.987	30.494	30.977
YNCD0014C	23	23	23	23	23	23
YNCD0015C	38.606	36.52	36.399	34.91	32.916	33.003
YNCD0016C	23	23	23	23	23	23
YNCD0017W	24	24	24	24	24	24
YNCD0018W	26	26	26	26	26	26
YNCD0021C	50.369	54.532	48.7479789952303	42.175	48.7479789952303	48.7479789952303
YNCD0022C	27.013	28.004	27.639	24.934	25.491	25.483
YNCD0023C	24	24	24	24	24	24
YNCD0024C	49	49	49	49	49	49
YNCD0025W	24	24	24	24	24	24
YNCD0026W	24	24	24	24	24	24
YNCD0027C	23	23	23	23	23	23
YNCD0028W	34	34	34	34	34	34
YNCD0029C	24	24	24	24	24	24
YNCD0030W	49	49	49	49	49	49
YNCD0031C	33	33	33	33	33	33
YNCD0032C	969.638	1029.19	1006.455	971.627	981.644	994.836
YNCD0033W	1459.136	1494.835	1476.767	1491.707	1504.338	1490.631
YNCD0034C	501.335	494.64	501.586	523.784	511.168	515.501
YNCE0001C	108.948	106.33	107.813	114.946	111.132	111.039
YNCE0002W	33	33	33	33	33	33
YNCE0003W	42	42	42	42	42	42
YNCE0004C	36.482	38.426	37.669	30.406	31.241	31.262
YNCE0005W	33	33	33	33	33	33
YNCE0006W	186.28	188.561	197.954	131.771	130.745	136.084
YNCE0008C	23	23	23	23	23	23
YNCE0009C	24	24	24	24	24	24
YNCE0010W	23	23	23	23	23	23
YNCE0011C	49	49	49	49	49	49
YNCE0012W	42.757	46.728	41.3883003862798	37.013	39.68	41.3883003862798
YNCE0013W	23	23	23	23	23	23
YNCE0015C	37.326	40.371	39.639	34.658	36.255	36.292
YNCE0016C	38.053	39.349	39.573	33.661	34.182	34.604
YNCE0017W	455.555	451.828	450.941	478.223	466.278	465.902
YNCE0019W	53.048	53.722	53.321	54.043	54.211	53.569
YNCE0020C	43.992	43.68	44.7527728059686	46.095	45.118	44.92
YNCE0021C	23	23	23	23	23	23
YNCE0023W	25	25	25	25	25	25
YNCE0026W	25	25	25	25	25	25
YNCE0028C	34.112	35.103	35.219	29.987	30.494	30.977
YNCF0001C	9700.4	8995.317	8964.474	9328.399	8583.045	8630.167
YNCF0002W	30.07	27.3886937255108	31.626	24.473	24.178	27.3886937255108
YNCF0003C	3557.833	3705.896	3647.384	3530.173	3573.612	3543.081
YNCF0007W	26	26	26	26	26	26
YNCF0009C	33	33	33	33	33	33
YNCF0010C	488.484	486.745	490.136	511.953	498.558	503.658
YNCF0011C	133.804	139.645	143.157	99.435	101.572	103.886
YNCF0013W	85.247	87.598	86.788	86.317	88.164	87.396
YNCF0014C	24	24	24	24	24	24
YNCG0002C	25	25	25	25	25	25
YNCG0003C	23	23	23	23	23	23
YNCG0004W	24	24	24	24	24	24
YNCG0009C	23	23	23	23	23	23
YNCG0010W	82.44	81.237	81.594	83.571	81.769	81.69
YNCG0011W	23	23	23	23	23	23
YNCG0013W	111.494	114.281	114.32	108.049	109.838	110.703
YNCG0014C	40	40	40	40	40	40
YNCG0015C	47	47	47	47	47	47
YNCG0017W	23	23	23	23	23	23
YNCG0018C	25	25	25	25	25	25
YNCG0021W	80.295	91.15	92.47	61.369	68.074	69.125
YNCG0022W	42.757	46.728	41.3883003862798	37.013	39.68	41.3883003862798
YNCG0024W	88.331	89.436	89.189	91.461	90.983	90.523
YNCG0026W	49	49	49	49	49	49
YNCG0027W	23	23	23	23	23	23
YNCG0028W	255.072	262.284	272.304	185.236	186.687	192.661
YNCG0030C	23	23	23	23	23	23
YNCG0031W	25	25	25	25	25	25
YNCG0033W	38.606	36.52	36.399	34.91	32.916	33.003
YNCG0034W	133.804	139.645	143.157	99.435	101.572	103.886
YNCG0035W	23	23	23	23	23	23
YNCG0040C	33	33	33	33	33	33
YNCG0042C	23	23	23	23	23	23
YNCG0043C	36.482	38.426	37.669	30.406	31.241	31.262
YNCG0044C	49	49	49	49	49	49
YNCG0045C	89.5	89.5	89.5	89.5	89.5	89.5
YNCG0046W	23	23	23	23	23	23
YNCG0047C	1908.656	1868.91	1842.396	1900.52	1821.226	1808.356
YNCG0048W	9847.883	9747.453	10124.585	8072.253	7729.968	7971.951
YNCG0049W	1228.077	1228.198	1233.03	1257.499	1236.994	1243.062
YNCH0006C	133.804	139.645	143.157	99.435	101.572	103.886
YNCH0007W	3167.87	3398.643	3611.574	3121.525	3342.833	3447.007
YNCH0010C	24	24	24	24	24	24
YNCH0012W	49	49	49	49	49	49
YNCH0014W	65.843	62.997	64.187	66.945	63.549	65.01
YNCH0015W	23	23	23	23	23	23
YNCI0001W	3415.242	3356.61	3350.644	3289.941	3137.034	3133.979
YNCI0002W	24	24	24	24	24	24
YNCI0003C	38.606	36.52	36.399	34.91	32.916	33.003
YNCI0008C	80.295	91.15	92.47	61.369	68.074	69.125
YNCI0012	2126.303	2094.542	2101.412	2191.461	2136.168	2138.907
YNCI0013W	892	892	892	892	892	892
YNCJ0001C	24	24	24	24	24	24
YNCJ0003C	49	49	49	49	49	49
YNCJ0004C	88.836	88.251	89.522	93.359	92.117	92.56
YNCJ0005C	133.804	139.645	143.157	99.435	101.572	103.886
YNCJ0007C	730.034	762.723	759.665	738.505	750.082	748.159
YNCJ0008W	90.986	93.3049486254615	95.683	93.3049486254615	93.3049486254615	93.3049486254615
YNCJ0009C	50.183	49.548	49.624	52.896	51.341	51.341
YNCJ0020W	24	24	24	24	24	24
YNCJ0022C	186.28	188.561	197.954	131.771	130.745	136.084
YNCJ0025W	38.3040271512018	38.578	38.032	38.3040271512018	38.3040271512018	38.3040271512018
YNCJ0028C	8368.851	8411.605	8770.702	7036.412	6927.618	7126.789
YNCJ0029W	33	33	33	33	33	33
YNCJ0030W	49	49	49	49	49	49
YNCK0001W	49	49	49	49	49	49
YNCK0002C	23	23	23	23	23	23
YNCK0005C	42.757	46.728	41.3883003862798	37.013	39.68	41.3883003862798
YNCK0009W	46	46	46	46	46.069	46
YNCK0010W	23	23	23	23	23	23
YNCK0013W	49	49	49	49	49	49
YNCK0014W	25	25	25	25	25	25
YNCK0015C	49	49	49	49	49	49
YNCK0017W	34.112	35.103	35.219	29.987	30.494	30.977
YNCK0020C	1176.697	1001.238	1048.343	1167.404	990.839	983.894
YNCK0021W	24	24	24	24	24	24
YNCL0003W	202.777	196.426	196.653	196.536	191.455	191.375
YNCL0004C	38.053	39.349	39.573	33.661	34.182	34.604
YNCL0005C	35	35	35	35	35	35
YNCL0006W	49	49	49	49	49	49
YNCL0007W	34.112	35.103	35.219	29.987	30.494	30.977
YNCL0010C	12168.8	12078.872	12202.538	11098.753	10809.903	10876.403
YNCL0011C	162	162	162	162	162	162
YNCL0012C	3420.476	3535.317	3586.602	2826.333	2866.19	2912.835
YNCL0013C	49	49	49	49	49	49
YNCL0014C	70.342	74.188	75.894	68.438	72.217	72.878
YNCL0015C	312	312	312	2448.811	2357.234	2369.019
YNCL0016C	1880.71	1871.52	1936.27	1546.46	1529.903	1561.607
YNCL0017C	239.693	243.466	243.159	243.347	245.394	243.961
YNCL0018W	49	49	49	49	49	49
YNCL0027W	49	49	49	49	49	49
YNCL0031W	49	49	49	49	49	49
YNCL0033C	24	24	24	24	24	24
YNCL0034W	33	33	33	33	33	33
YNCL0035C	133.804	139.645	143.157	99.435	101.572	103.886
YNCL0039W	31	31	31	31	31	31
YNCL0041C	41	41	41	41	41	41
YNCL0042C	49	49	49	49	49	49
YNCL0043C	168.916	179.345	176.815	180.883	188.362	183.326
YNCL0045W	23	23	23	23	23	23
YNCL0046W	49	49	49	49	49	49
YNCL0048W	65.558	64.532	64.852	68.356	66.579	66.64
YNCL0050C	25	25	25	25	25	25
YNCM0002C	324.139	329.085	337.026	257.356	255.727	261.289
YNCM0003W	9.008	9.008	9.008	9.008	9.008	9.008
YNCM0005C	37	37	37	37	37	37
YNCM0010W	23	23	23	23	23	23
YNCM0011W	141.096	153.918	156.282	145.215	154.398	158.683
YNCM0012W	39	39	39	39	39	39
YNCM0013W	49	49	49	49	49	49
YNCM0014W	40	40	40	40	40	40
YNCM0015W	39	39	39	39	39	39
YNCM0016W	49	49	49	49	49	49
YNCM0017W	49	49	49	49	49	49
YNCM0019W	24	24	24	24	24	24
YNCM0025C	24	24	24	24	24	24
YNCM0026C	40	40	40	40	40	40
YNCM0028C	24	24	24	24	24	24
YNCM0030W	736.199	693.157	694.979	760.947	700.445	707.447
YNCM0031W	108.808	105.673	106.571	113.771	108.943	108.845
YNCM0032C	137.545	134.54	134.979	124.523	120.487	121.489
YNCM0034C	4059.501	4041.329	4019.72	3935.435	3795.739	3778.389
YNCM0036C	23	23	23	23	23	23
YNCN0001W	48	48	48	48	48	48
YNCN0002C	23	23	23	23	23	23
YNCN0004W	24	24	24	24	24	24
YNCN0005C	183.718	184.38	185.739	186.13	185.747	185.769
YNCN0008C	81.954	91.442	92.704	62.952	68.478	69.504
YNCN0009W	30.07	27.3886937255108	31.626	24.473	24.178	27.3886937255108
YNCN0011W	30.07	27.3886937255108	31.626	24.473	24.178	27.3886937255108
YNCN0014W	37	37	37	37	37	37
YNCN0016C	423.89	434.028	510.699	267.219	255.097	293.625
YNCN0018W	183.24	196.715	191.647	192.417	198.284	197.92
YNCN0019C	59.634	58.247	58.637	61.077	59.511	59.321
YNCO0001C	23	23	23	23	23	23
YNCO0003C	47	47	47	47	47	47
YNCO0005W	25	25	25	25	25	25
YNCO0006W	56.781	57.144	56.262	55.485	55.846	55.61
YNCO0007W	41	41	41	41	41	41
YNCO0014C	49	49	49	49	49	49
YNCO0015C	265.617	268.895	269.043	265.434	260.243	261.218
YNCO0020C	23	23	23	23	23	23
YNCO0021C	25	25	25	25	25	25
YNCO0022C	1313.382	1493.273	1521.872	1329.988	1462.015	1503.262
YNCO0023W	186.28	188.561	197.954	131.771	130.745	136.084
YNCO0024C	49	49	49	49	49	49
YNCO0025W	191.235	190.203	191.754	198.709	196.248	196.89
YNCO0026W	61.206	61.096	60.554	59.823	59.653	60.188
YNCO0027C	49	49	49	49	49	49
YNCO0028W	397.905	391.478	393.672	406.394	389.59	390.252
YNCO0030W	24	24	24	24	24	24
YNCO0031W	24.798	24.798	24.798	24.798	24.798	24.798
YNCP0001C	23	23	23	23	23	23
YNCP0003W	29	29	29	29	29	29
YNCP0005C	186.287	183.604	184.786	197.403	192.831	193.286
YNCP0012W	37.326	40.371	39.639	34.658	36.255	36.292
YNCP0013C	49.014	49.089	49.518	51.878	51.178	51.458
YNCP0014C	49	49	49	49	49	49
YNCP0015C	46	46	46	46	46	46
YNCP0016W	23	23	23	23	23	23
YNCP0021W	78.872	77.628	79.568	82.683	80.992	82.095
YNCP0022W	133.804	139.645	143.157	99.435	101.572	103.886
YNCP0023W	36.482	38.426	37.669	30.406	31.241	31.262
YNCP0025W	3631.353	3429.121	3534.151	3493.266	3251.663	3291.289
YNCP0026W	463.053	469.001	471.019	481.575	480.99	482.567
YNL001W	1684.958	1689.383	1697.756	1732.841	1709.418	1721.761
YNL002C	521.559	535.79	540.092	542.947	551.525	553.812
YNL003C	593.941	587.599	594.439	599.705	593.215	596.028
YNL004W	459.922	471.174	468.265	467.872	476.397	473.784
YNL005C	489.487	498.895	500.803	506.128	511.82	512.962
YNL006W	231.968	231.139	230.304	233.556	232.262	231.462
YNL007C	4313.594	4319.523	4618.241	2999.743	2881.568	3105.507
YNL008C	5552.776	5858.494	5794.405	5478.408	5720.316	5586.376
YNL009W	1228.995	1231.159	1242.329	1269.101	1252.076	1258.112
YNL010W	212.137	213.344	214.264	218.578	218.77	218.216
YNL011C	1372.391	1375.611	1367.617	1395.561	1373.629	1368.535
YNL012W	2441.576	2602.668	2638.47	2454.717	2565.551	2577.976
YNL014W	1122.375	1129.845	1131.311	1151.755	1152.688	1149.611
YNL015W	49	49	49	49	49	49
YNL016W	468.193	465.1	466.134	470.445	466.106	466.135
YNL018C	496.744	493.715	495.207	495.855	493.679	496.012
YNL019C	282.403	283.636	283.129	277.452	278.898	279.33
YNL020C	561.761	564.268	567.038	576.226	575.945	576.916
YNL021W	970.613	980.83	979.711	972.851	972.33	973.462
YNL022C	487.758	497.075	498.365	501.721	507.509	506.914
YNL023C	1048.733	1059.348	1058.9	1070.454	1072.808	1072.292
YNL024C	857.479	862.693	858.308	866.895	856.376	853.655
YNL024C-A	58.377	56.827	56.705	58.583	56.958	56.361
YNL025C	352.314	355.837	356.136	363.743	364.723	365.034
YNL026W	1451.242	1418.995	1435.775	1464.644	1420.216	1438.712
YNL027W	2095.971	2127.416	2131.717	2122.518	2120.817	2118.25
YNL029C	595.258	595.587	594.971	585.081	584.083	583.374
YNL030W	62.549	63.63	63.525	62.38	63.394	63.405
YNL031C	114.347	113.475	113.353	114.34	113.435	113.818
YNL032W	439.515	436.009	437.587	448.006	436.612	436.42
YNL033W	282.633	283.906	283.472	277.747	279.191	279.616
YNL034W	562.429	558.629	559.995	555.077	552.004	554.917
YNL035C	338.837	343.137	343.344	346.587	349.548	349.136
YNL036W	268.589	270.582	272.964	271.46	272.46	275.676
YNL037C	562.817	567.496	574.806	521.223	522.056	525.608
YNL038W	490.779	486.403	486.504	508.595	496.884	497.973
YNL039W	1004.539	1031.828	1032.978	1017.607	1031.591	1035.348
YNL040C-A	32	32	32	32	32	32
YNL040W	979.548	995.405	1010.491	998.332	999.217	1010.634
YNL041C	6083.806	6178.154	6288.646	5949.47	5929.142	5969.8
YNL042W	961.679	963.641	990.666	824.141	822.533	836.476
YNL042W-B	146.012	149.509	149.602	133.232	135.295	135.826
YNL044W	184.892	183.554	185.846	188.962	186.528	187.43
YNL045W	697.301	694.789	696.95	713.391	707.308	705.613
YNL046W	358.937	359.142	358.534	311.001	308.322	311.635
YNL047C	6647.915	6744.105	6818.594	6454.865	6456.043	6538.94
YNL048W	1999.514	2022.641	2031.744	2064.958	2046.275	2053.629
YNL049C	1577.946	1591.521	1591.033	1619.021	1612.438	1617.305
YNL050C	285.481	289.291	288.229	294.413	295.664	294.676
YNL051W	2893.783	3039.405	3067.844	2894.461	2928.693	2947.525
YNL052W	138.347	138.928	137.936	134.66	135.379	134.508
YNL053W	787.746	797.064	804.758	746.555	748.808	757.684
YNL054W	2128.25	2115.198	2104.918	2195.789	2140.328	2138.392
YNL054W-A	479.738	479.738	479.738	479.738	479.738	479.738
YNL054W-B	2444	2455.372	2461.131	2522.418	2505.899	2515.39
YNL055C	211.312	208.566	209.277	209.999	208.108	208.551
YNL056W	169.913	171.539	171.82	172.14	172.457	171.375
YNL058C	333.496	325.541	327.084	340.772	330.809	331.572
YNL059C	3225.835	3260.352	3310.838	3195.071	3151.505	3200.754
YNL061W	640.685	648.88	649.077	652.806	657.59	656.726
YNL062C	1035.552	1059.04	1067.856	1058.62	1064.658	1067.463
YNL063W	245.82	247.218	247.306	247.762	248.864	249.003
YNL064C	534.734	550.752	545.525	520.491	531.065	531.41
YNL065W	480.317	480.056	480.329	486.379	484.53	483.71
YNL066W	334.312	332.495	330.793	329.757	328.368	328.733
YNL067W	119.292	119.863	120.316	118.818	119.623	119.326
YNL067W-B	320.712	327.12	323.335	334	329.467	327.327
YNL068C	947.528	946.099	949.912	964.366	957.594	961.356
YNL069C	155.342	155.066	155.234	153.602	153.346	153.554
YNL070W	87.534	86.256	86.589	92.822	90.133	90.702
YNL071W	1777.454	1695.419	1797.842	1299.156	1219.619	1283.14
YNL072W	510.607	518.252	515.92	470.524	475.739	477.829
YNL073W	706.235	713.846	714.988	709.142	711.135	709.711
YNL074C	432.384	433.071	435.648	434.54	434.29	437.963
YNL075W	266.24	269.145	270.744	273.559	274.509	275.002
YNL076W	761.27	762.474	767.518	787.088	782.547	783.507
YNL077W	4273.071	4123.642	4179.334	4125.646	3881.664	3881.006
YNL078W	530.594	536.49	538.537	510.104	512.874	518.422
YNL079C	150.528	151.654	151.108	149.177	150.777	150.234
YNL080C	361.199	369.537	372.139	365.376	373.95	378.285
YNL081C	115.508	118.5	118.413	118.483	120.619	120.601
YNL082W	2334.388	2386.679	2395.481	2413.576	2413.463	2421.44
YNL083W	454.005	452.169	453.012	463.104	459.073	458.222
YNL084C	1186.686	1161.472	1160.288	1225.701	1175.876	1176.368
YNL085W	1614.283	1602.516	1614.13	1668.131	1638.58	1643.264
YNL086W	86.045	86.707	85.645	84.405	84.863	84.702
YNL087W	1593.438	1597.296	1603.389	1648.417	1637.219	1639.264
YNL088W	6998.408	6919.338	6965.575	7057.457	6867.829	6910.083
YNL090W	192.397	195.069	195.228	196.756	198.677	198.171
YNL091W	1746.784	1805.317	1810.307	1787.991	1826.262	1834.955
YNL092W	603.719	618.262	620.574	583.966	592.533	596.476
YNL093W	179.295	182.043	182.459	183.698	186.156	185.766
YNL094W	793.641	787.754	793.144	803.985	791.615	793.063
YNL095C	610.766	611.183	609.479	621.489	617.082	615.454
YNL096C	121.851	121.43	122.08	122.174	121.91	122.162
YNL097C	616.452	626.5	623.265	582.927	590.193	591.234
YNL097C-B	49	49	49	49	49	49
YNL098C	577.078	585.486	589.51	511.515	513.943	522.22
YNL099C	309.837	312.153	313.349	310.58	310.87	311.785
YNL100W	364.655	366.197	365.645	376.027	373.172	372.745
YNL101W	2929.469	3006.368	2949.912	2907.765	2923.385	2902.236
YNL102W	2847.586	2871.222	2867.448	2941.88	2929.661	2930.058
YNL103W	1511.111	1560.849	1570.887	1537.703	1561.905	1574.177
YNL104C	593.439	593.439	591.181	579.895	577.156	577.715
YNL106C	1470.1	1461.039	1473.204	1493.821	1475.132	1480.527
YNL107W	364.208	374.465	373.021	376.905	380.285	380.069
YNL108C	261.866	264.35	262.742	262.824	262.857	262.542
YNL110C	336.42	352.023	353.252	351.6	362.497	365.266
YNL111C	84.77	85.277	85.226	86.006	85.916	85.759
YNL112W	1023.967	1048.441	1049.834	882.489	889.068	897.141
YNL113W	110.335	111.075	111.292	111.275	111.77	111.706
YNL115C	2500.179	2478.276	2512.424	2168.161	2116.197	2133.891
YNL116W	742.532	749.394	752.325	701.557	701.12	706.263
YNL117W	618.696	621.636	620.842	622.315	623.097	624.593
YNL118C	4955.093	4909.656	4912.368	4913.013	4815.302	4808.152
YNL119W	1678.25	1676.319	1680.151	1740.474	1707.837	1708.675
YNL121C	767.213	767.66	772.323	796.508	789.743	790.551
YNL122C	229.821	225.474	229.587	241.673	233.74	236.888
YNL123W	1249.148	1263.108	1266.318	1290.011	1293.091	1293.155
YNL124W	672.679	676.367	675.487	662.782	663.365	666.383
YNL125C	1460.498	1440.351	1460.952	1271.941	1237.002	1256.532
YNL126W	6572.004	6082.199	6136.635	6575.047	5983.747	5965.972
YNL127W	1363.86	1376.536	1385.773	1415.161	1411.791	1416.335
YNL128W	1340.839	1387.146	1382.758	1346.748	1367.532	1373.483
YNL129W	928.594	934.116	926.142	942.033	930.096	922.088
YNL130C	525.949	518.182	522.47	533.135	521.749	523.851
YNL130C-A	67.766	66.107	67.246	70.961	68.16	68.321
YNL131W	224.407	226.655	227.588	231.466	230.928	232.195
YNL132W	1628.807	1639.164	1651.877	1687.471	1675.274	1686.53
YNL133C	270.335	274.21	274.82	283.588	284.566	284.635
YNL134C	388.073	386.797	386.022	389.5	386.954	386.773
YNL135C	91.878	91.112	89.893	90.523	89.587	89.186
YNL136W	579.134	595.092	594.987	600.489	610.547	609.887
YNL137C	796.373	815.363	825.347	823.497	832.084	840.164
YNL138W	1690.209	1703.358	1778.659	1322.972	1299.674	1345.325
YNL138W-A	54.364	55.584	55.032	54.202	55.428	55.259
YNL139C	4167.067	4142.091	4176.476	4326.138	4229.353	4254.229
YNL140C	308.331	314.822	312.394	314.264	317.317	317.122
YNL141W	349.942	348.438	348.876	355.796	351.919	352.613
YNL142W	1062.622	1079.459	1100.801	882.193	879.187	894.268
YNL143C	31261.603	30019.319	30447.369	30309.696	28850.667	28378.14
YNL144C	974.812	961.09	968.884	1002.974	983.388	984.783
YNL145W	49	49	49	49	49	49
YNL146C-A	58.208	58.275	57.979	60.512	59.929	59.34
YNL146W	255.959	261.268	265.185	263.585	264.269	266.963
YNL147W	121.112	123.112	123.421	126.836	127.769	127.792
YNL148C	4229.822	3987.925	4189.443	3056.269	2822.616	2925.867
YNL149C	128.75	131.445	131.897	130.59	133.332	133.296
YNL151C	598.456	608.513	608.62	609.499	611.082	607.879
YNL152W	627.907	626.666	625.451	642.942	634.489	634.585
YNL153C	89.969	91.282	91.025	89.585	91.039	90.83
YNL154C	616.7	623.54	627.267	628.485	632.005	634.875
YNL155C-A	62.499	64.252	64.732	64.394	66.026	66.045
YNL155W	355.775	357.146	360.551	370.006	367.846	370.453
YNL156C	412.827	408.594	407.403	413.838	406.828	405.583
YNL157W	200.63	203.349	203.07	207.054	208.302	208.503
YNL158W	148.869	147.887	147.831	150.425	149.29	148.973
YNL159C	1254.82	1243.326	1282.27	1278.921	1246.682	1277.229
YNL160W	261.297	255.903	257.346	260.938	256.12	257.171
YNL161W	1091.888	1095.376	1095.832	1120.541	1113.612	1112.865
YNL162W	56.024	56.486	56.375	55.321	55.822	55.86
YNL162W-A	93.284	94.76	96.005	97.772	98.224	99.299
YNL163C	1542.743	1559.164	1558.132	1593.592	1590.847	1588.173
YNL164C	357.814	359.319	359.775	364.775	363.671	363.647
YNL165W	648.241	651.014	651.906	646.353	643.507	645.755
YNL166C	687.239	704.654	706.188	706.712	718.937	723.308
YNL167C	1095.575	1108.798	1114.004	1130.778	1129.333	1133.892
YNL168C	192.516	194.469	193.701	191.813	193.381	193.373
YNL169C	1072.41	1089.915	1102.661	1008.419	1009.289	1016.669
YNL172W	2379.857	2387.249	2403.281	2453.2	2436.932	2442.192
YNL173C	496.863	505.888	506.963	495.303	503.392	504.949
YNL175C	498.43	504.624	504.893	509.284	511.718	511.399
YNL176C	715.299	703.631	712.724	720.535	703.799	708.678
YNL177C	398.558	398.821	399.798	414.18	409.964	410.178
YNL178W	163.767	165.912	164.746	161.733	163.541	163.069
YNL180C	376.897	384.789	385.35	383.685	389.871	391.987
YNL181W	441.151	445.854	445.404	453.705	454.503	453.024
YNL182C	731.487	734.487	740.05	756.55	751.574	752.265
YNL183C	1214.655	1227.843	1228.173	1249.072	1249.079	1252.233
YNL184C	2588.528	2631.326	2762.086	1768.072	1708.57	1789.346
YNL185C	2702.881	2751.014	2878.571	1876.591	1819.785	1899.489
YNL186W	3508.745	3560.946	3548.788	3513.245	3487.415	3485.372
YNL187W	353.825	361.128	356.847	351.59	358.01	355.761
YNL188W	4618.3	4613.712	4595.628	4522.669	4377.24	4374.47
YNL189W	627.182	628.87	633.195	645.366	641.671	643.639
YNL190W	143.054	141.784	141.774	139.641	138.992	140.117
YNL191W	417.341	414.179	410.768	422.133	416.021	414.799
YNL192W	1821.212	1831.607	1840.265	1888.093	1875.118	1877.782
YNL193W	1565.795	1502.149	1497.351	1577.361	1505.011	1495.146
YNL194C	363.153	361.087	360.626	357.825	355.054	356.192
YNL195C	352.408	355.335	353.962	339.236	340.914	342.755
YNL196C	1198.175	1247.354	1258.275	1224.61	1252.761	1266.512
YNL197C	759.407	756.181	760.096	765.168	759.224	761.764
YNL199C	875.122	921.636	923.736	899.171	935.999	946.813
YNL200C	283.914	287.504	287.167	273.756	275.888	275.76
YNL201C	2149.59	2159.605	2171.087	2226.033	2208.407	2213.229
YNL202W	248.432	248.595	248.043	248.107	248.145	246.633
YNL204C	322.713	325.039	325.588	333.801	333.334	331.905
YNL206C	671.489	674.39	676.755	692.7	691.077	692.742
YNL207W	481.454	483.514	483.722	497.37	495.113	493.882
YNL208W	992.632	989.923	1004.419	807.579	797.174	809.9
YNL209W	417.018	414.923	416.048	413.894	413.328	414.35
YNL210W	363.928	363.429	366.98	377.507	373.328	374.038
YNL211C	86.915	85.711	85.951	89.62	88.021	87.906
YNL212W	1095.657	1104.726	1110.307	1134.376	1132.046	1134.848
YNL213C	355.397	370.373	374.411	361.758	373.429	378.572
YNL214W	378.625	371.768	371.949	391.823	380.009	379.103
YNL215W	256.658	262.776	259.869	257.332	262.996	260.982
YNL216W	1312.896	1314.89	1326.006	1226.282	1212.737	1222.502
YNL217W	314.086	319.224	317.976	316.998	320.059	319.461
YNL218W	772.893	789.457	790.118	793.891	804.041	804.663
YNL219C	857.81	851.727	855.303	890.504	873.953	874.145
YNL220W	409.499	412.514	413.605	416.548	417.476	415.882
YNL221C	1078.113	1090.141	1089.696	1100.858	1102.322	1099.702
YNL222W	410.637	411.293	407.455	428.172	421.138	417.689
YNL223W	553.982	559.932	561.749	567.261	569.149	569.243
YNL224C	1272.852	1290.902	1287.628	1305.132	1303.328	1303.032
YNL225C	2412.904	2308.895	2317.581	2498.791	2353.147	2347.243
YNL227C	1224.251	1234.877	1239.254	1279.624	1274.849	1272.717
YNL229C	5335.764	5517.164	5396.36	5154.369	5145.967	5093.291
YNL230C	926.124	953.438	962.917	849.881	863.191	870.625
YNL231C	327.482	336.839	337.312	339.234	346.78	347.299
YNL232W	316.754	323.292	320.039	311.139	314.605	313.25
YNL233W	1148.261	1158.842	1165.547	1187.546	1189.191	1196.53
YNL234W	910.099	918.652	919.929	938.413	932.693	937.57
YNL236W	2604.867	2575.671	2598.104	2684.598	2613.096	2625.125
YNL237W	421.581	422.944	424.276	429.12	429.43	428.344
YNL238W	760.675	769.452	765.358	760.615	764.115	762.162
YNL239W	407.452	407.049	407.975	412.209	410.097	410.711
YNL240C	20080.698	21063.84	22857.229	14340.869	14406.059	15497.331
YNL241C	1547.363	1539.077	1561.997	1308.496	1293.172	1316.831
YNL242W	4835.612	4999.462	4996.733	4826.58	4903.221	4884.129
YNL243W	2205.071	2193.184	2213.896	1906.197	1879.781	1910.122
YNL244C	89.333	88.928	88.952	91.263	90.779	90.778
YNL245C	403.505	411.349	412.674	396.791	399.525	400.125
YNL246W	732.759	751.361	753.876	649.27	654.301	657.998
YNL247W	1325.55	1319.399	1326.51	1361.04	1342.243	1347.433
YNL248C	400.281	400.631	402.825	407.911	406.357	407.495
YNL249C	4613.519	4627.147	4660.455	4451.819	4377.354	4413.916
YNL250W	4402.458	4423.653	4430.994	4535.183	4483.9	4493.532
YNL251C	1108.557	1085.852	1104.38	1012.949	987.009	1005.444
YNL252C	457.897	463.136	457.576	465.058	465.859	465.595
YNL253W	1104.053	1081.851	1080.945	1124.858	1083.258	1085.653
YNL254C	489.643	495.502	497.191	506.439	509.165	508.617
YNL255C	97.053	97.692	97.552	96.567	97.231	97.061
YNL256W	1133.309	1144.519	1143.722	1173.023	1171.359	1168.143
YNL257C	2715.906	2727.372	2743.372	2830.095	2793.935	2800.394
YNL258C	2140.163	2175.429	2182.555	2211.148	2207.115	2202.262
YNL259C	152.398	151.239	152.542	159.678	156.374	156.45
YNL260C	411.991	426.141	418.382	428.75	432.757	426.651
YNL261W	3973.854	4024.517	4048.756	3919.825	3849.696	3935.242
YNL262W	5292.921	5392.297	5384.011	5367.033	5363.914	5370.061
YNL263C	567.263	593.846	591.673	577.084	593.097	595.089
YNL264C	316.916	318.517	319.409	323.042	323.766	323.829
YNL265C	340.315	342.988	345.18	353.923	354.641	354.292
YNL267W	1830.7	1849.013	1866.506	1892.642	1890.062	1904.207
YNL268W	632.592	627.776	627.726	623.697	616.683	617.486
YNL269W	387.01	385.359	389.391	395.081	386.845	389.919
YNL270C	760.466	759.869	756.339	730.504	724.753	724.537
YNL271C	8236.861	8296.625	8659.526	7430.227	7398.871	7633.495
YNL272C	873.657	879.826	885.744	907.7	908.023	908.674
YNL273W	2722.295	2736.533	2770.369	2796.43	2770.547	2787.885
YNL274C	457.808	470.759	469.565	423.341	431.059	431.739
YNL275W	1202.498	1212.095	1218.705	1224.581	1216.282	1221.073
YNL277W	659.787	664.238	664.589	624.181	625.205	629.668
YNL277W-A	261.487	277.345	280.083	270.864	279.402	278.318
YNL278W	2268.187	2305.152	2327.382	2051.654	2057.752	2084.637
YNL279W	579.021	576.819	576.492	581.925	578.821	578.817
YNL280C	522.194	524.328	526.478	537.439	534.318	533.006
YNL281W	108.735	111.075	110.875	109.784	112.116	111.876
YNL282W	183.617	186.329	183.323	181.442	182.926	182.122
YNL283C	581.034	571.093	570.595	557.015	547.826	550.466
YNL284C	425.634	431.856	432.647	440.054	442.516	442.743
YNL284C-A	559.23043623405	559.23043623405	559.23043623405	563.947	554.907	558.874
YNL284C-B	2770.472	2759.134	2754.183	2859.109	2813.176	2819.151
YNL286W	884.383	917.923	916.742	908.134	927.53	933.166
YNL287W	1665.982	1666.757	1679.217	1723.678	1707.318	1714.92
YNL288W	274.016	274.779	274.016	275.179	276.208	275.651
YNL289W	368.336	361.073	358.415	344.296	335.903	337.336
YNL290W	599.392	606.223	608.028	533.666	533.143	539.712
YNL291C	818.574	824.537	821.515	841.921	834.06	835.13
YNL292W	547.859	565.206	564.023	557.352	568.269	567.408
YNL293W	2697.8	2987.161	3034.511	2709.493	2945.145	3012.861
YNL294C	666.63	674.787	671.139	676.638	677.994	674.415
YNL295W	969.566	995.386	999.252	974.514	988.435	994.064
YNL297C	4413.997	4397.86	4442.335	4551.179	4463.649	4489.366
YNL298W	1123.423	1142.725	1147.691	1076.509	1083.991	1092.118
YNL299W	744.322	756.879	762.447	763.458	771.513	773.68
YNL300W	320.769	324.888	331.149	269.106	264.991	273.509
YNL301C	159.836	158.776	159.217	158.165	157.888	158.896
YNL302C	97.132	98.208	97.75	96.014	96.707	96.53
YNL304W	845.157	857.944	868.725	771.318	775.762	780.937
YNL305C	1029.56	1030.232	1065.948	827.928	818.928	845.527
YNL306W	204.022	206.195	205.596	207.118	207.996	207.302
YNL307C	378.909	379.641	380.455	385.59	383.403	384.645
YNL308C	859.206	872.618	876.187	884.65	890.464	892.995
YNL309W	1083.879	1064.442	1078.615	941.687	920.416	933.739
YNL310C	330.556	345.251	354.444	279.984	288.732	292.553
YNL311C	1169.872	1154.89	1166.361	1216.373	1189.764	1194.958
YNL312W	340.789	348.136	346.373	315.842	318.814	320.279
YNL313C	989.905	990.578	992.457	1011.244	1004.643	1003.145
YNL314W	318.722	319.393	318.957	313.078	312.397	314.223
YNL315C	290.025	293.917	295.791	296.552	299.831	300.548
YNL316C	361.155	366.331	366.169	370.03	372.959	374.489
YNL317W	578.914	583.842	577.709	564.806	563.963	562.908
YNL318C	2442.634	2443.75	2457.462	2455.717	2405.048	2428.81
YNL320W	308.079	309.119	309.578	316.49	315.778	315.223
YNL321W	1399.503	1384.45	1380.049	1372.835	1346.264	1345.578
YNL322C	819.92	835.493	846.128	699.72	704.446	716.81
YNL323W	603.471	610.919	612.373	624.298	626.556	627.923
YNL325C	1595.236	1610.706	1605.285	1651.568	1644.111	1642.581
YNL326C	852.475	883.727	894.201	859.729	877.057	883.598
YNL327W	1346.339	1325.426	1333.658	1345.811	1315.25	1321.278
YNL328C	256.171	257.589	254.941	247.469	245.652	246.869
YNL329C	1209.211	1209.665	1219.791	1245.868	1235.628	1242.216
YNL330C	494.052	499.209	496.569	503.309	505.443	504.23
YNL331C	348.144	355.808	354.172	351	357.636	356.717
YNL332W	306.759	306.666	306.689	296.549	296.075	296.81
YNL333W	303.551	311.749	307.56	295.388	301.055	299.865
YNL334C	243.191	243.192	243.196	250.597	249.088	248.093
YNL335W	237.676	237.746	235.465	229.215	227.927	227.877
YNL336W	516.839	520.39	525.65	535.381	532.578	531.949
YNL339C	4175.129	4127.695	4239.473	3630.265	3950.38661530012	3627.19
YNR001C	525.051	533.627	535.535	536.567	541.132	542.153
YNR002C	355.526	352.582	354.49	342.597	339.413	340.938
YNR003C	420.995	428.808	430.766	433.302	437.224	440.374
YNR004W	184.663	187.45	187.101	193.124	193.838	193.06
YNR006W	681.193	687.064	690.023	698.025	700.424	702.169
YNR007C	347.714	355.316	352.808	352.449	357.387	355.568
YNR008W	1049.44	1048.935	1051.966	995.708	986.074	988.606
YNR009W	273.343	274.832	275.389	273.92	275.375	276.197
YNR010W	139.468	139.73	141.157	143.265	143.533	143.935
YNR011C	1588.051	1608.565	1615.797	1615.604	1617.717	1628.107
YNR012W	501.656	499.463	500.633	517.791	512.16	512.627
YNR013C	997.778	991.67	998.714	1006.933	996.668	1001.622
YNR014W	1180.9	1170.291	1186.268	979.02	958.477	979.964
YNR015W	2029.157	2068.361	2150.826	1551.595	1530.747	1586.847
YNR016C	2675.492	2705.977	2718.648	2562.913	2562.814	2570.617
YNR017W	3145.837	3257.638	3387.089	2262.129	2256.006	2351.374
YNR018W	544.605	548.554	546.961	499.226	496.754	501.583
YNR019W	866.543	865.842	871.068	856.507	849.239	852.938
YNR020C	376.569	382.856	382.704	386.798	390.173	390.174
YNR021W	491.837	494.123	497.958	508.3	506.234	508.853
YNR022C	182.62	184.024	185.588	188.91	188.688	190.021
YNR023W	776.05	778.149	776.416	797.643	789.145	789.84
YNR024W	425.735	443.625	444.014	434.581	443.93	446.905
YNR026C	546.746	550.217	550.774	559.268	556.108	557.071
YNR027W	441.751	448.236	449.18	414.251	415.605	419.462
YNR028W	272.04	276.212	276.617	277.915	280.855	280.556
YNR029C	1748.6	1760.535	1754.311	1640.86	1630.188	1630.615
YNR030W	830.722	837.606	847.84	854.626	856.386	862.302
YNR031C	7532.222	8003.027	8144.266	7482.82	7704.383	7861.076
YNR032C-A	49	49	49	49	49	49
YNR032W	362.888	368.736	369.248	362.591	367.573	366.637
YNR033W	1163.1	1186.027	1192.691	1101.575	1112.295	1120.356
YNR034W	384.251	389.64	389.262	386.712	389.713	390.913
YNR034W-A	63.304	63.702	63.944	64.035	64.377	64.397
YNR035C	363.76	361.085	362.987	361.351	357.714	359.012
YNR036C	215.678	222.724	220.219	207.707	213.44	213.19
YNR037C	190.723	197.857	195.506	180.912	185.217	185.48
YNR038W	1168.629	1178.785	1182.035	1184.859	1181.146	1190.107
YNR039C	721.772	722.249	721.685	732.978	726.915	728.961
YNR040W	259.051	259.42	259.828	258.633	258.981	258.988
YNR041C	975.995	964.537	973.085	812.866	796.109	808.9
YNR043W	341.135	341.933	342.732	340.464	341.137	341.327
YNR044W	507.147	493.911	498.461	504.303	492.636	496.768
YNR045W	604.745	614.563	612.29	600.814	606.667	607.255
YNR046W	267.307	267.49	272.022	241.408	238.678	241.597
YNR047W	1363.097	1383.118	1392.099	1392.515	1402.915	1412.581
YNR048W	542.689	536.135	538.817	520.513	510.473	514.257
YNR049C	454.08	462.085	466.603	420.208	423.834	426.985
YNR050C	303.01	304.462	304.775	304.869	306.189	306.046
YNR051C	631.805	640.631	643.458	651.554	655.428	655.234
YNR052C	538.492	534.104	534.776	515.944	510.589	512.832
YNR053C	500.169	507.743	506.063	503.122	507.565	505.06
YNR054C	344.259	349.725	350.005	350.298	354.821	354.304
YNR055C	623.666	631.872	632.457	634.26	638.622	640.468
YNR056C	616.718	606.436	611.936	615.4	600.32	602.957
YNR057C	416.252	423.28	423.392	380.22	382.902	386.67
YNR058W	625.585	621.024	622.024	592.717	586.479	590.277
YNR059W	702.415	704.485	710.085	728.404	723.73	723.749
YNR060W	824.49	817.325	818.963	843.374	829.234	828.601
YNR061C	275.853	281.416	278.593	281.461	284.027	282.637
YNR062C	529.483	496.467	498.388	538.141	498.999	496.657
YNR063W	1087.083	1121.477	1129.05	1128.679	1153.185	1165.374
YNR064C	738.863	707.265	711.482	756.582	717.517	721.134
YNR065C	1291.805	1296.236	1305.482	1333.435	1328.523	1326.923
YNR066C	13931.44	15482.439	15729.336	13446.718	14605.188	14594.786
YNR067C	1572.142	1566.691	1568.021	1609.281	1587.577	1583.613
YNR068C	2102.173	2068.489	2074.272	2120.014	2041.436	2048.547
YNR069C	715.075	728.226	725.23	729.166	733.423	732.83
YNR070W	2138.102	2148.899	2165.575	2172.337	2159.125	2163.244
YNR071C	247.256	246.639	245.77	247.911	246.791	245.69
YNR072W	442.197	440.785	441.629	446.509	445.993	445.639
YNR073C	370.985	371.677	369.856	367.434	368.376	367.79
YNR074C	373.72	377.241	377.536	374.603	376.437	374.953
YNR075C-A	58.834	60.423	57.817	51.728	52.569	52.032
YNR075W	458.344	455.729	456.582	473.608	467.005	467.605
YNR077C	168.787	174.583	176.081	174.504	177.61	181.803
YOL001W	349.652	349.192	352.271	362.227	359.127	360.395
YOL002C	886.008	896.738	913.709	897.633	894.304	901.782
YOL003C	491.028	478.919	485.607	505.54	491.024	493.69
YOL004W	3703.853	3639.664	3644.358	3692.467	3580.025	3578.173
YOL005C	138.543	137.496	136.227	134.781	134.002	133.934
YOL006C	1298.971	1322.118	1321.705	1279.972	1286.42	1289.325
YOL007C	305.457	303.677	305.462	311.268	308.074	308.577
YOL008W	303.783	302.883	303.459	313.734	310.278	309.889
YOL009C	1148.719	1214.984	1217.017	1128.098	1178.608	1188.576
YOL010W	468.168	468.453	467.699	484.705	480.832	480.669
YOL011W	767.638	768.419	772.93	763.792	761.113	763.711
YOL012C	147.664	148.172	147.428	148.675	148.473	148.119
YOL013C	643.627	644.792	645.961	668.362	662.872	662.198
YOL014W	229.411	228.877	230.007	231.58	227.992	229.482
YOL015W	3022.375	3121.292	3208.28	3087.102	3116.634	3174.378
YOL016C	548.013	547.822	543.912	560.502	554.741	552.373
YOL017W	1326.485	1354.965	1353.385	1352.728	1361.406	1361.308
YOL018C	710.587	713.782	712.637	725.991	717.664	719.504
YOL019W	745.649	747.259	751.393	714.555	708.45	713.895
YOL019W-A	117.602	114.908	110.550263248733	108.469	105.958	106.315
YOL020W	1536.963	1604.434	1606.39	1505.461	1550.163	1561.61
YOL021C	1218.536	1213.491	1214.548	1228.754	1215.19	1216.118
YOL022C	421.528	428.974	433.819	435.471	441.601	443.905
YOL023W	2478.523	2586.991	2617.318	2548.16	2613.093	2643.642
YOL024W	702.957	723.784	732.547	707.949	713.375	729.673
YOL025W	1902.469	1916.299	1904.295	1936.293	1904.737	1927.192
YOL026C	208.917	212.379	210.168	196	197.366	198.471
YOL027C	661.625	671.297	675.636	656.423	661.954	665.288
YOL028C	338.64	343.446	343.537	325.763	327.477	329.326
YOL029C	225.174	226.795	228.748	231.882	231.002	231.953
YOL030W	417.426	416.64	416.711	419.013	417.963	418.759
YOL031C	556.493	554.716	559.709	572.244	565.426	568.481
YOL032W	213.759	214.393	214.163	216.906	216.046	215.638
YOL033W	1936.037	1946.794	1942.489	1960.318	1925.549	1928.266
YOL034W	2974.528	3090.415	3105.871	3059.481	3118.136	3140.821
YOL036W	981.347	979.659	983.912	998.315	990.389	993.995
YOL038C-A	51.283	50.019	51.217	53.961	52.168	53.1
YOL038W	324.955	330.126	328.302	312.399	314.945	316.02
YOL039W	521.86	518.948	540.372	401.131	394.023	411.9
YOL040C	109.3	110.042	109.557	107.264	107.973	108
YOL041C	726.025	732.32	734.977	755.967	754.94	755.277
YOL042W	416.423	421.706	421.56	431.386	433.078	431.661
YOL043C	579.179	569.982	566.095	596.183	577.676	576.433
YOL044W	481.531	480.599	482.459	500.173	495.25	496.209
YOL045W	2632.242	2654.082	2657.341	2715.154	2696.235	2708.372
YOL047C	1058.915	1094.1	1107.64	832.712	835.361	852.978
YOL048C	403.104	403.932	406.433	416.888	414.192	415.214
YOL049W	934.45	939.918	946.506	976.077	971.029	967.569
YOL051W	4327.329	4420.161	4634	3542.616	3529.219	3626.006
YOL052C	553.503	557.313	560.106	534.43	534.769	537.495
YOL052C-A	102.831	104.591	104.51	98.854	100.153	102.652
YOL053W	417.258	426.324	424.839	426.744	432.267	430.932
YOL054W	454.519	460.519	455.76	459.922	461.509	458.873
YOL055C	527.715	535.667	538.43	539.468	543.562	544.529
YOL056W	303.814	308.532	309.688	309.713	313.495	314.087
YOL057W	715.467	712.452	715.374	733.473	725.758	724.854
YOL058W	346.717	348.129	347.067	344.227	345.235	344.797
YOL059W	491.41	495.674	493.689	481.191	484.094	484.082
YOL060C	881.212	875.28	877.976	876.778	866.26	869.3
YOL061W	388.292	383.228	382.358	387.431	382.365	381.542
YOL062C	354.812	353.998	354.862	358.766	357.936	356.933
YOL063C	2215.828	2154.693	2167.786	2272.385	2183.628	2174.439
YOL064C	472.494	475.146	475.537	485.828	483.593	482.643
YOL065C	1001.24	1002.304	986.605	1008.066	991.418	982.368
YOL066C	583.705	591.616	588.28	580.554	586.345	587.579
YOL067C	1038.16	1033.624	1068.517	783.406	766.595	794.125
YOL068C	799.59	815.576	819.877	833.078	839.729	841.11
YOL069W	5009.599	5368.673	5291.052	4973.671	5161.776	5124.131
YOL070C	473.92	475.591	474.695	479.046	479.291	480.459
YOL071W	177.628	179.599	180.194	173.673	176.051	176.756
YOL072W	388.053	386.803	386.083	390.996	388.553	388.531
YOL073C	605.002	597.248	598.675	555.429	544.37	550.65
YOL075C	3975.02	4049.763	4063.592	4039.783	4044.678	4060.726
YOL076W	1823.966	1829.854	1841.356	1906.71	1884.502	1885.357
YOL077C	295.722	298.853	300.831	305.695	306.426	307.601
YOL077W-A	81.205	83.455	84.595	84.54	86.346	87.09
YOL078W	2314.988	2371.731	2375.66	2363.075	2384.993	2391.259
YOL080C	410.742	417.547	416.001	425.154	427.568	426.551
YOL081W	8020.097	8141.669	8204.535	8031.706	8026.484	8082.073
YOL082W	398.792	395.683	397.44	407.846	403.058	403.484
YOL083W	761.702	762.929	763.234	790.157	781.312	779.723
YOL084W	933.122	942.51	941.786	927.987	936.186	937.385
YOL085C	13285.628	13694.317	14794.338	9072.642	8822.316	9667.778
YOL086C	601.465	608.639	611.221	561.211	563.188	569.195
YOL086W-A	94.366	97.367	94.979	91.98	94.133	93.083
YOL087C	2359.674	2387.838	2389.379	2413.685	2417.715	2416.113
YOL088C	353.051	358.139	360.087	366.837	368.518	370.745
YOL089C	4582.001	4553.471	4607.104	4610.08	4526.468	4581.834
YOL090W	1478.207	1478.154	1478.559	1537.249	1518.156	1517.211
YOL091W	6344.493	6482.569	6518.599	6374.403	6395.405	6431.061
YOL092W	760.49	736.76	734.312	750.627	712.964	714.176
YOL093W	350.76	361.532	359.588	355.183	364.169	364.292
YOL094C	332.853	334.957	335.203	339.05	339.102	340.172
YOL095C	1720.585	1725.939	1730.746	1767.979	1747.383	1756.361
YOL096C	285.063	289.656	288.108	288.79	291.683	290.729
YOL097C	398.436	404.992	407.183	403.883	408.583	409.322
YOL097W-A	1885.274	2072.272	2063.132	1817.642	1917.279	1913.234
YOL098C	1487.457	1495.102	1498.281	1539.296	1528.396	1527.288
YOL100W	2491.661	2468.221	2497.478	2590.359	2528.534	2555.532
YOL101C	1593.356	1547.823	1558.637	1609.701	1537.6	1551.492
YOL102C	260.944	260.93	262.051	267.776	265.427	266.196
YOL103W	919.861	927.602	925.271	947.956	944.692	943.131
YOL103W-A	490.810304167874	490.810304167874	490.810304167874	493.62	487.837	490.991
YOL103W-B	2534.681	2543.002	2544.974	2613.156	2592.291	2600.959
YOL104C	516.07	514.245	518.154	536.501	529.254	530.3
YOL105C	601.193	597.822	598.679	607.102	600.394	601.085
YOL107W	2444.291	2240.683	2246.655	2430.391	2179.16	2172.609
YOL108C	208.89	214.874	213.357	212.354	215.873	214.97
YOL109W	91.532	92.239	92.722	90.852	91.449	91.977
YOL110W	5571.62	5590.562	6012.298	3811.405	3696.081	3953.903
YOL111C	251.61	246.988	247.04	240.364	236.027	238.651
YOL112W	612.542	624.687	620.5	609.77	616.682	615.608
YOL113W	843.044	851.567	856.63	871.321	873.841	878.03
YOL114C	310.455	313.56	318.08	316.439	316.971	319.831
YOL115W	874.898	876.765	873.319	895.192	887.177	884.455
YOL116W	536.043	540.011	538.904	549.197	546.387	544.455
YOL117W	1561.78	1570.325	1578.765	1617.529	1600.76	1600.37
YOL118C	76.339	76.686	77.727	78.828	79.105	79.436
YOL119C	571.731	573.148	572.437	585.774	582.093	580.788
YOL120C	140.943	140.1	141.414	140.427	140.209	141.524
YOL121C	105.008	107.289	106.903	104.902	106.612	106.557
YOL122C	1019.108	1031.644	1032.912	1051.442	1048.511	1049.728
YOL123W	528.446	528.321	529.519	536.557	533.09	533.872
YOL124C	411.77	414.253	416.235	424.326	425.031	425.261
YOL125W	475.129	478.498	477.16	487.301	488.117	485.847
YOL126C	373.864	369.937	368.439	372.619	366.729	367.424
YOL127W	84.283	85.371	85.296	84.77	85.615	85.684
YOL128C	449.122	453.284	455.711	460.692	461.512	463.903
YOL129W	143.201	142.332	142.274	145.578	144.132	143.166
YOL130W	1042.088	1061.474	1060.341	1026.096	1036.693	1039.133
YOL131W	161.319	162.421	162.239	148.107	147.391	147.366
YOL132W	1154.404	1118.254	1112.342	1183.197	1127.921	1119.212
YOL133W	76.907	78.173	77.419	77.221	78.297	77.646
YOL135C	247.839	250.382	248.357	247.755	248.676	249.25
YOL136C	615.856	618.083	625.717	642.992	639.043	643.323
YOL137W	996.31	1015.654	1031.113	894.496	890.873	901.544
YOL138C	1890.362	1904.895	1910.933	1936.757	1934.551	1941.119
YOL139C	169.684	170.184	170.034	173.154	172.945	172.185
YOL140W	445.159	451.245	451.997	454.348	457.635	457.628
YOL141W	1874.014	1828.729	1825.841	1899.557	1823.373	1819.718
YOL142W	170.882	169.87	169.5	173.574	172.444	171.337
YOL143C	201.298	200.371	199.394	195.564	193.716	193.267
YOL144W	1529.867	1609.7	1632.296	1559.79	1619.342	1644.715
YOL145C	1943.673	1962.979	1979.497	2033.879	2028.66	2035.805
YOL146W	191.087	189.932	190.75	197.242	194.905	194.597
YOL147C	193.8	192.098	192.495	193.107	191.459	191.605
YOL148C	4256.485	4170.076	4175.165	4244.6	4088.735	4093.054
YOL149W	431.945	438.824	440.917	450.152	450.207	451.552
YOL151W	272.816	276.223	276.659	274.389	277.915	277.897
YOL152W	665.37	661.373	662.189	676.995	668.623	666.547
YOL153C	534.091	536.001	534.492	543.811	542.625	540.784
YOL154W	159.665	159.456	160.392	160.052	160.029	160.32
YOL155C	1189.241	1166.21	1170	1105.938	1081.343	1096.984
YOL155W-A	49	49	49	49	49	49
YOL156W	584.269	592.819	591.046	561.951	566.269	568.29
YOL157C	486.855	486.666	486.325	487.665	487.333	487.127
YOL158C	531.211	526.689	525.27	535.474	528.851	526.079
YOL159C	222.178	219.259	219.477	231.085	225.527	226.277
YOL159C-A	340.473	354.142	357.452	355.162	365.175	372.118
YOL160W	185.038	184.779	185.976	194.345	192.527	192.778
YOL161C	556.55	550.019	571.279	437.228	429.608	442.145
YOL162W	390.446	392.763	399.163	401.919	400.493	401.283
YOL163W	124.421	123.154	123.477	124.448	123.44	122.871
YOL164W	903.079	919.264	919.657	876.094	883.201	889.124
YOL164W-A	57.947	58.045	58.482	60.578	59.889	60.27
YOL165C	159.259	160.54	161.067	156.983	156.91	157.115
YOL166W-A	258.322	258.322	258.322	258.322	258.322	258.322
YOR001W	831.949	832.075	837.504	859.861	853.746	854.764
YOR002W	515.356	507.916	511.454	529.269	518.715	517.769
YOR003W	546.314	548.986	546.266	550.587	547.982	546.703
YOR004W	445.9	445.79	445.435	457.797	451.612	448.849
YOR005C	1825.417	1818.293	1823.063	1898.855	1868.327	1865.67
YOR006C	379.284	390.249	387.952	385.539	394.069	390.886
YOR007C	320.813	322.288	322.134	325.626	326.663	325.855
YOR008C	353.928	358.63	357.925	345.077	347.439	347.764
YOR008C-A	69.839	68.131	67.865	72.665	70.038	69.622
YOR009W	443.268	430.35	433.444	429.342	416.777	421.671
YOR010C	415.611	404.644	411.381	370.823	358.037	364.452
YOR011W	2034.558	2011.462	2027.509	2077.687	2032.906	2044.5
YOR011W-A	231.168	232.863	236.638	240.565	239.919	239.042
YOR012W	221.658	220.984	220.744	211.186	209.135	208.569
YOR014W	4416.895	4663.043	4669.215	4460.844	4542.92	4570.564
YOR015W	285.942	274.65	279.463	290.134	275.208	276.798
YOR016C	191.046	190.956	192.536	198.561	198.001	197.717
YOR017W	3483.124	3533.562	3615.02	3453.4	3464.771	3521.513
YOR018W	2547.532	2525.797	2510.706	2567.423	2477.84	2465.616
YOR019W	3524.554	3712.885	3759.928	3531.919	3624.591	3687.193
YOR020C	66.565	66.188	65.616	66.592	66.226	65.742
YOR020W-A	82.416	84.156	84.446	86.429	87.295	87.495
YOR021C	160.611	163.759	163.282	164.219	166.762	166.208
YOR022C	2763.25	2787.216	2748.261	2780.708	2734.759	2726.403
YOR023C	903.059	896.696	903.412	879.269	870.714	878.871
YOR025W	835.661	826.233	830.099	793.634	780.021	785.316
YOR026W	455.52	459.81	461.996	470.018	469.882	469.437
YOR027W	575.877	582.326	580.877	579.943	583.174	583.427
YOR028C	458.693	456.145	456.329	468.626	460.627	461.153
YOR029W	158.37	144.766	148.906	150.424	136.787	138.245
YOR030W	2904.631	2877.429	2821.248	2963.897	2903.936	2862.376
YOR031W	61.08	63.264	62.538	60.19	61.917	61.64
YOR032C	895.659	896.109	896.743	903.304	891.426	895.063
YOR032W-A	57.788	57.166	58.449	59.837	58.894	59.058
YOR033C	1049.713	1053.646	1060.644	1076.657	1067.484	1069.327
YOR034C	3338.65	3428.601	3621.72	2514.036	2499.172	2637.937
YOR034C-A	82.404	81.923	81.954	84.939	84.432	84.711
YOR035C	1209.938	1223.579	1230.604	1262.35	1262.278	1267.51
YOR036W	244.01	247.17	246.224	250.071	251.46	249.746
YOR037W	435.31	440.122	441.665	447.301	448.991	448.652
YOR038C	2146.348	2164.61	2149.923	2175.649	2156.837	2152.024
YOR039W	314.402	323.331	325.49	322.977	328.438	333.786
YOR040W	273.481	276.916	275.093	278.551	280.68	279.612
YOR042W	452.411	461.576	454.958	442.146	449.125	447.46
YOR043W	515.828	512.747	512.699	530.833	523.28	521.855
YOR044W	170.11	169.428	170.934	178.745	176.879	176.94
YOR045W	267.007	278.613	281.584	218.946	224.906	228.423
YOR046C	785.41	797.974	808.575	814.085	818.005	823.378
YOR047C	4391.18	4608.246	4813.552	4364.616	4549.577	4627.798
YOR048C	1779.857	1810.336	1820.905	1812.669	1819.272	1824.325
YOR049C	532.009	529.285	532.05	503.152	495.851	499.289
YOR051C	585.723	596.803	596.344	604.737	609.358	605.975
YOR052C	122.856	123.336	122.474	123.547	123.873	123.78
YOR054C	870.092	876.882	874.796	864.302	866.281	865.561
YOR056C	514.425	522.433	519.929	522.446	527.314	525.986
YOR057W	777.014	785.146	790.041	803.67	801.905	803.495
YOR058C	3586.088	3579.281	3584.031	3680.866	3612.427	3623.869
YOR059C	872.146	908.624	912.715	909.393	933.061	941.568
YOR060C	226.018	224.092	224.332	230.979	228.281	228.245
YOR061W	2236.643	2248.843	2202.752	2191.175	2165.496	2163.798
YOR062C	344.131	344.083	345.18	347.638	344.782	345.669
YOR063W	285.135	287.112	285.67	281.934	284.278	283.759
YOR064C	194.938	196.681	195.977	199.537	200.544	199.631
YOR065W	439.971	448.154	449.409	419.556	425.398	429.377
YOR066W	1910.112	1876.201	1884.318	1875.571	1825.227	1837.968
YOR067C	2523.56	2500.392	2513.243	2504.093	2428.155	2430.63
YOR068C	296	296	296	296	296	296
YOR069W	1170.162	1181.944	1188.896	1207.965	1206.009	1210.257
YOR070C	747.377	714.129	715.919	771.218	727.579	728.072
YOR071C	615.333	606.735	605.922	608.275	598.673	599.996
YOR072W	177.428	177.906	176.857	165.339	163.416	162.911
YOR072W-B	273.231148425651	276.046	273.231148425651	273.231148425651	273.231148425651	270.445
YOR073W	3211.635	3089.33	3091.853	3218.305	3046.237	3057.313
YOR074C	330.884	337.822	338.001	338.247	342.614	342.928
YOR075W	984.036	995.662	994.479	1022.316	1013.767	1016.115
YOR076C	1947.059	1959.84	1986.588	2024.872	2012.105	2028.35
YOR077W	367.995	370.238	379.098	335.252	336.735	339.532
YOR078W	393.774	407.999	404.996	410.95	417.616	418.937
YOR079C	299.131	298.074	298.765	308.205	304.484	303.283
YOR080W	7316.394	7424.027	7414.028	7199.322	7212.381	7250.963
YOR081C	1190.588	1205.209	1210.116	1144.323	1145.139	1151.905
YOR083W	13104.145	12854.775	14126.859	9712.692	9263.906	9961.473
YOR084W	11805.35	12491.256	13497.858	8134.987	8228.769	8812.267
YOR085W	311.952	300.974	305.2	308.317	298.698	300.95
YOR086C	1409.534	1432.578	1434.703	1448.53	1457.801	1456.317
YOR087W	1083.609	1083.87	1085.168	1114.75	1101.112	1104.96
YOR089C	157.211	158.023	158.607	158.828	159.053	158.895
YOR090C	526.718	525.557	526.456	536.687	533.049	532.821
YOR091W	743.133	774.464	776.552	654.553	673.757	680.378
YOR092W	759.681	759.916	765.571	780.21	775.934	781.893
YOR093C	3898.768	4017.965	4036.95	4009.548	4050.108	4075.279
YOR094W	438.699	453.606	450.592	449.991	455.084	454.099
YOR095C	336.901	341.134	340.795	350.016	347.953	346.82
YOR096W	130.44	129.499	130.971	131.476	130.57	131.066
YOR097C	311.92	313.607	312.895	322.458	320.6	319.173
YOR098C	1324.021	1303.49	1316.81	1289.871	1272.674	1274.165
YOR099W	383.713	382.279	381.794	381.593	378.065	378.784
YOR100C	403.192	396.68	396.274	404.168	394.545	395.662
YOR101W	366.251	370.931	371.691	378.244	379.777	380.102
YOR103C	280.818	268.917	270.868	291.195	274.481	274.326
YOR104W	334.965	332.749	333.185	350.253	345.429	344.138
YOR105W	159.302	155.114	155.718	168.379	162.264	162.412
YOR106W	265.025	265.087	266.351	267.269	266.327	267.708
YOR107W	432.249	432.563	436.69	434.673	430.919	432.721
YOR108W	581.97	580.26	578.424	584.766	579.355	579.395
YOR109W	2471.181	2518.271	2540.694	2502.092	2512.822	2526.059
YOR110W	477.267	486.45	483.822	489.314	494.519	492.929
YOR111W	459.464	458.128	456.122	474.809	468.22	464.913
YOR112W	2332.802	2396.539	2382.429	2357.95	2378.698	2379.191
YOR113W	1559.876	1560.834	1567.065	1581.548	1566.811	1572.463
YOR114W	566.754	582.009	587.537	594.355	602.731	607.385
YOR115C	413.064	416.429	418.707	429.716	427.917	430.091
YOR116C	1670.156	1684.333	1688.352	1714.551	1712.777	1712.961
YOR117W	488.579	500.386	497.399	488.07	496.914	495.4
YOR118W	845.924	842.339	847.417	880.109	869.025	871.24
YOR119C	757.829	771.17	771.548	785.131	788.715	788.547
YOR120W	270.301	267.767	269.817	276.101	272.412	272.973
YOR122C	99.151	98.871	98.12	97.762	97.429	97.505
YOR123C	485.744	490.418	490.4	498.182	500.442	499.589
YOR124C	2187.164	2202.685	2229.191	2273.413	2260.761	2271.896
YOR125C	235.44	234.958	233.176	235.633	234.2	233.623
YOR126C	341.183	325.429	328.9	320.662	307.581	307.804
YOR127W	1422.072	1405.161	1413.262	1462.814	1433.673	1434.486
YOR128C	810.992	816.156	818.021	810.01	806.867	809.544
YOR129C	6337.016	6500.871	6390.975	6323.575	6387.257	6362.045
YOR130C	386.47	375.085	373.029	395.344	379.482	378.251
YOR131C	245.64	242.64	241.733	249.958	244.046	242.79
YOR132W	542.633	546.156	548.21	551.223	553.087	553.678
YOR133W	683.616	680.878	680.977	668.564	665.706	666.641
YOR134W	550.208	557.634	559.178	568.423	569.739	571.29
YOR136W	277.257	278.207	279.026	279.263	279.919	280.31
YOR137C	2551.254	2627.272	2581.898	2496.177	2525.672	2498.609
YOR138C	844.956	857.444	854.005	821.365	828.48	829.4
YOR140W	5691.783	5680.561	5993.212	4324.338	4129.955	4315.979
YOR141C	1175.682	1199.766	1211.512	1216.245	1231.525	1239.287
YOR142W	388.654	389.603	391.511	384.241	382.494	385.445
YOR142W-A	1014.667	1014.667	1014.667	1014.667	1014.667	1014.667
YOR142W-B	2738.586	2723.608	2716.609	2816.136	2766.013	2770.594
YOR143C	1061.035	1098.204	1099.506	1087.791	1103.151	1110.228
YOR144C	1608.198	1589.701	1593.469	1677.723	1633.14	1635.263
YOR145C	244.859	249.459	248.737	248.047	252.009	250.788
YOR147W	1559.485	1559.538	1567.991	1636.345	1606.829	1613.184
YOR148C	378.338	391.488	398.411	397.89	407.259	411.03
YOR149C	1248.367	1273.415	1283.045	1286.808	1291.095	1296.274
YOR150W	247.528	248.911	250.801	238.743	236.935	237.267
YOR151C	1543.652	1551.257	1549.368	1586.631	1577.359	1573.78
YOR152C	570.889	560.913	563.038	590.59	571.865	573.665
YOR153W	1871.257	1867.924	1875.854	1917.124	1896.999	1900.57
YOR154W	837.417	838.089	839.166	863.68	856.748	854.711
YOR155C	491.683	500.004	498.519	496.756	502.901	502.54
YOR156C	7187.637	7210.949	7260.143	7200.928	7079.682	7099.392
YOR157C	339.218	342.536	338.651	314.243	315.323	314.835
YOR158W	586.523	596.474	599.684	611.052	612.089	615.288
YOR159C	84.896	86.518	85.223	85.869	86.941	85.77
YOR160W	4160.788	4255.519	4314.752	4070.787	4078.739	4124.966
YOR161C	774.497	769.796	771.405	725.642	715.41	721.534
YOR161C-C	49	49	49	49	49	49
YOR162C	1407.931	1431.169	1434.144	1447.424	1449.211	1451.784
YOR163W	270.471	270.987	272.381	274.149	271.653	273.251
YOR164C	1772.485	1779.495	1758.85	1796.349	1765.737	1755.434
YOR165W	983.729	996.15	996.648	1020.345	1023.256	1020.195
YOR166C	847.995	864.338	869.989	883.03	890.063	890.495
YOR167C	49.127	49.337	49.243	49	49	49
YOR168W	984.387	992.232	994.537	1019.668	1018.543	1015.853
YOR171C	2358.074	2333.631	2343.773	2411.666	2328.402	2352.263
YOR172W	1533.055	1513.816	1522.673	1575.672	1539.291	1540.501
YOR173W	312.615	314.26	312.332	317.961	318.158	316.398
YOR174W	266.662	271.006	270.973	268.832	272.221	272.375
YOR175C	1079.581	1090.79	1096.326	1107.528	1103.945	1106.201
YOR176W	408.556	412.507	412.072	413.184	414.688	415.18
YOR177C	1920.805	1995.12	2020.873	1975.335	2007.078	2033.059
YOR178C	4523.704	4776.218	4745.656	4504.837	4637.314	4621.327
YOR179C	163.115	165.694	166.197	166.865	168.375	168.143
YOR180C	1614.234	1635.418	1627.658	1611.67	1598.795	1607.248
YOR181W	6388.255	6247.658	6780.475	4793.758	4620.221	4947.221
YOR182C	49	49	49	49	49	49
YOR183W	1446.706	1260.662	1245.23	1450.75	1257.68	1232.125
YOR184W	349.958	350.846	351.395	355.433	354.791	354.643
YOR185C	499.827	492.704	494.225	503.602	487.906	490.4
YOR186W	93.358	92.725	92.8	93.625	93.202	93.371
YOR187W	341.313	342.578	341.854	341.929	342.819	342.511
YOR188W	3548.657	3480.34	3507.814	3586.161	3462.522	3474.057
YOR189W	68.486	69.886	69.233	68.87	70.092	69.665
YOR190W	636.909	648.537	651.376	659	664.549	666.866
YOR191W	2946.156	2979.096	3010.95	3050.916	3047.93	3069.682
YOR192C	648.731	642.532	643.599	651.417	641.576	641.419
YOR192C-A	1268	1268	1268	1268	1268	1268
YOR192C-B	4395.351	4309.764	4311.231	4522.44	4351.507	4356.662
YOR192C-C	129.847	130.683	130.916	137.196	136.059	136.979
YOR193W	22890.873	24070.768	24026.393	22693.487	23405.135	23157.039
YOR194C	336.412	343.81	343.399	348.936	352.368	352.827
YOR195W	6158.454	6386.282	6389.262	6293.271	6367.149	6407.715
YOR196C	310.541	316.343	315.694	312.782	318.055	316.633
YOR197W	402.713	402.339	400.967	399.156	397.884	398.433
YOR198C	595.517	597.901	606.37	616.998	616.102	620.129
YOR201C	523.299	511.095	511.668	513.451	501.07	502.66
YOR202W	278.704	282.994	279.676	268.87	270.811	270.889
YOR204W	2212.122	2282.185	2316.358	1801.616	1825.142	1860.079
YOR205C	795.856	792.459	796.437	825.536	814.464	817.074
YOR206W	1585.717	1599.069	1603.413	1639.909	1632.372	1637.428
YOR207C	3083.685	3053.971	3087.678	3155.176	3092.548	3107.57
YOR208W	5697.663	5651.73	5591.667	5704.994	5512.979	5511.732
YOR209C	475.399	477.113	477.955	491.608	489.321	488.862
YOR210W	58.643	57.975	58.338	60.577	58.975	59.358
YOR211C	1837.753	1859.378	1868.676	1899.275	1888.258	1890.733
YOR212W	421.557	424	425.694	431.327	432.211	431.759
YOR213C	323.958	328.063	328.13	335.43	334.986	333.178
YOR214C	342.001	347.895	351.589	354.617	355.56	358.272
YOR215C	198.831	199.184	199.858	203.775	202.669	203.11
YOR216C	860.465	864.78	865.141	883.548	874.647	877.342
YOR217W	1187.402	1208.422	1204.08	1176.774	1185.101	1183.62
YOR219C	1743.882	1757.463	1765.794	1801.689	1789.695	1798.991
YOR220W	351.332	343.565	345.022	362.165	351.101	350.724
YOR221C	736.322	751.622	760.939	754.24	755.488	761.076
YOR222W	349.887	352.756	350.08	350.446	351.278	350.774
YOR223W	2953.536	3036.997	3172.111	2055.239	2033.892	2127.29
YOR224C	173.709	170.717	171.824	170.97	168.282	170.442
YOR226C	355.52	359.437	361.979	324.39	326.045	330.765
YOR227W	3796.462	3880.86	3915.864	3871.812	3909.746	3947.928
YOR228C	224.135	225.356	223.568	223.375	224.056	222.694
YOR229W	719.262	720.926	720.557	696.997	698.394	699.56
YOR230W	327.693	327.667	327.678	327.418	327.734	327.864
YOR231W	803.685	818.605	818.11	829.203	834.105	835.619
YOR232W	250.273	253.083	254.872	257.229	259.002	259.522
YOR233W	1146.615	1148.872	1152.07	1161.712	1151.941	1152.574
YOR234C	66.471	68.265	68.003	66.417	68.216	68.395
YOR235W	157.822	156.939	158.655	164.285	161.454	163.235
YOR236W	196.332	200.18	199.321	197.228	199.961	199.296
YOR237W	619.922	627.442	632.073	643.424	645.159	643.947
YOR238W	2146.887	2070.76	2095.572	2157.305	2022.282	2033.738
YOR239W	1400.157	1404.898	1413.591	1442.433	1429.593	1444.84
YOR241W	666.232	665.944	669.803	687.329	682.071	681.865
YOR242C	1778.829	1811.597	1858.65	1836.317	1834.869	1865.388
YOR243C	1003.267	1021.406	1027.935	1041.136	1050.981	1052.916
YOR244W	645.201	656.168	659.536	672.447	676.765	677.928
YOR245C	687.743	687.435	691.643	716.294	709.772	711.33
YOR246C	946.13	965.445	983.897	746.246	749.069	761.413
YOR247W	297.923	285.251	288.443	279.041	267.069	272.314
YOR249C	2645.677	2766.838	2791.833	2734.781	2809.168	2840.864
YOR250C	565.197	570.48	568.471	580.956	580.812	579.426
YOR251C	303.163	309.994	308.727	300.879	305.673	305.844
YOR252W	172.822	172.895	174.02	177.774	177.191	177.474
YOR253W	125.843	126.409	127.577	130.297	130.382	130.368
YOR254C	1130.668	1143.603	1146.283	1170.567	1169.169	1168.109
YOR255W	710.874	731.495	722.754	748.393	755.241	758.025
YOR256C	1141.764	1147.34	1152.462	1184.312	1177.316	1179.605
YOR257W	189.84	192.735	192.046	198.117	197.921	196.281
YOR258W	879.622	868.982	867.14	902.054	871.658	875.264
YOR259C	395.276	398.678	396.395	400.938	402.046	399.858
YOR260W	668.841	672.769	677.906	689.49	689.721	692.824
YOR261C	2622.796	2670.015	2710.686	2672.372	2665.062	2685.702
YOR262W	542.883	553.489	554.061	553.421	557.405	559.216
YOR264W	669.169	672.923	680.644	692.958	692.988	696.553
YOR265W	274.457	282.713	284.72	283.036	287.469	291.71
YOR266W	1008.327	1001.415	1010.116	1037.598	1015.62	1023.145
YOR267C	1009.011	1007.535	1011.103	1037.967	1027.05	1029.763
YOR268C	5876.798	5913.747	6162.193	4373.208	4282.106	4447.478
YOR269W	385.25	385.762	387.46	391.467	390.653	390.131
YOR270C	1940.359	1818.355	1836.674	1944.619	1801.239	1824.175
YOR271C	423.845	424.215	424.472	404.603	403.846	405.897
YOR272W	456.85	453.283	452.957	459.345	452.914	452.54
YOR273C	1137.85	1154.284	1165.208	1045.023	1051.44	1062.834
YOR274W	672.245	679.22	684.328	694.292	693.786	694.964
YOR275C	1187.101	1204.78	1212.147	1240.858	1244.077	1247.072
YOR276W	151.037	153.176	153.79	153.29	155.462	155.954
YOR278W	455.4	452.354	448.999	463.738	453.766	453.53
YOR279C	831.945	842.639	834.59	861.786	855.187	851.171
YOR280C	1047.339	1024.037	1061.132	1047.699	1025.998	1050.616
YOR281C	274.413	277.45	276.408	281.802	282.957	281.052
YOR283W	248.109	250.683	249.841	257.057	257.162	255.746
YOR284W	578.224	567.526	572.244	602.686	585.683	586.441
YOR285W	143.405	145.128	146.045	145.059	145.337	145.324
YOR286W	116.064	116.987	117.006	116.882	117.157	117.613
YOR287C	491.957	497.379	496.497	513.738	512.952	513.053
YOR288C	423.754	416.596	421.635	440.265	430.235	431.734
YOR289W	547.619	543.843	551.758	577.433	565.908	568.721
YOR290C	7443.744	7351.081	7942.426	5607.665	5373.393	5680.37
YOR291W	2951.711	3029.776	3024.994	3000.609	3021.749	3021.394
YOR292C	222.686	221.327	222.674	226.369	224.643	224.395
YOR293C-A	61.307	60.673	59.416	64.669	62.92	62.389
YOR293W	57.895	58.324	58.808	57.983	58.68	58.884
YOR294W	249.611	250.444	249.225	250.226	249.364	248.266
YOR295W	260.32	260.412	262.012	270.796	269.512	268.923
YOR296W	2281.022	2296.442	2310.115	2373.255	2355.793	2360.459
YOR297C	599.845	636.201	647.775	626.737	657.389	670.565
YOR298C-A	238.222	250.075	246.836	220.059	229.221	228.86
YOR298W	1678.963	1644	1663.373	1720.356	1660.719	1678.583
YOR299W	1111.33	1109.142	1120.188	1048.827	1039.161	1041.208
YOR301W	710.646	714.486	712.924	663.953	663.404	667.908
YOR302W	29	29	29	29	29	29
YOR303W	550.427	541.491	545.072	557.946	546.472	550.945
YOR304C-A	84.726	87.068	86.961	86.423	88.269	88.232
YOR304W	2795.971	2777.34	2775.162	2913.17	2851.426	2859.959
YOR305W	337.232	338.644	340.686	343.813	342.41	344.917
YOR306C	416.168	414.666	413.472	419.887	416.917	415.12
YOR307C	622.405	618.176	622.824	641.995	631.768	634.244
YOR308C	4505.697	4525.961	4547.327	4484.643	4435.255	4440.133
YOR310C	599.378	602.014	604.141	619.116	616.698	616.438
YOR311C	462.405	465.483	470.762	470.384	467.896	470.016
YOR312C	109.574	110.182	110.623	110.092	110.626	110.829
YOR313C	538.633	542.174	543.28	560.313	557.347	557.605
YOR314W	165.353	163.625	165.015	161.042	157.534	158.621
YOR315W	409.291	405.778	409.607	423.116	416.955	418.568
YOR316C	472.239	474.735	473.422	481.581	481.012	480.46
YOR316C-A	266.32	267.883	272.285	212.287	209.361	215.989
YOR317W	866.907	870.718	870.52	886.611	882.674	880.123
YOR319W	488.218	475.582	477.211	507.941	486.958	485.804
YOR320C	3311.358	3370.289	3332.687	3267.809	3231.959	3232.378
YOR321W	632.426	625.539	623.291	633.95	625.8	623.937
YOR322C	1192.566	1190.629	1192.332	1164.45	1152.569	1161.477
YOR323C	380.7	382.66	381.675	384.066	385.144	383.908
YOR324C	1872.05	1849.726	1873.465	1869.399	1800.422	1827.783
YOR326W	3066.27	3065.1	3077.108	3152.595	3112.773	3110.384
YOR327C	438.667	459.585	455.934	439.811	450.413	451.186
YOR328W	3462.827	3454.864	3500.649	3369.574	3311.575	3334.188
YOR329C	1574.329	1571.001	1586.508	1489.446	1475.784	1487.754
YOR330C	4626.711	4833.93	4962.056	3914.509	4011.272	4088.624
YOR332W	198.12	199.17	198.358	196.648	197.474	196.858
YOR334W	979.584	993.706	1007.685	1013.311	1017.509	1027.307
YOR335C	979.921	981.176	986.004	1006.147	1001.327	1002.249
YOR336W	2746.501	2741.786	2751.119	2856.357	2814.221	2822.095
YOR337W	747.685	747.512	750.519	751.476	749.591	751.606
YOR338W	405.385	408.304	410.185	411.032	412.315	414.428
YOR339C	119.906	121.059	121.382	121.993	122.921	122.774
YOR340C	390.727	400.09	403.709	405.962	410.874	412.754
YOR341W	1948.028	1957.151	1961.874	2011.413	2003.972	2006.819
YOR342C	481.035	482.982	483.338	497.412	494.417	491.681
YOR343C	1938.903	1997.147	2060.631	1379.441	1369.256	1437.339
YOR343W-A	1268	1268	1268	1268	1268	1268
YOR343W-B	4379.022	4294.69	4293.253	4505.991	4336.826	4340.395
YOR344C	409.292	406.349	409.98	416.794	411.081	414.754
YOR346W	2711.407	2773.762	2794.118	2800.499	2813.436	2831.697
YOR347C	815.077	807.791	817.534	718.964	711.281	720.511
YOR348C	7343.299	7570.986	8006.137	5345.47	5326.516	5619.354
YOR349W	3115.606	3115.667	3183.067	3101.701	3075.186	3117.366
YOR350C	1426.82	1432.196	1457.084	1501.779	1484.256	1496.81
YOR351C	885.704	908.782	911.866	912.412	922.757	924.519
YOR352W	513.105	516.787	521.997	534.881	533.747	536.404
YOR353C	4059.457	4031.325	4028.51	3922.883	3810.319	3830.293
YOR354C	977.637	985.445	991.523	1015.438	1013.669	1016.967
YOR355W	882.724	900.949	908.123	912.699	918.478	923.69
YOR356W	578.428	584.445	583.459	585.704	589.082	587.448
YOR357C	128.754	131.42	130.707	129.772	131.453	131.305
YOR358W	392.412	395.984	391.568	366.439	368.919	369.496
YOR359W	939.24	953.264	961.103	926.782	931.238	940.896
YOR360C	1064.226	1072.028	1079.884	1103.819	1094.087	1097.203
YOR361C	1270.107	1292.893	1295.558	1300.27	1305.245	1304.609
YOR362C	283.479	286.237	283.727	274.964	277.169	276.113
YOR363C	1565.663	1575.225	1582.201	1617.597	1612.033	1620.01
YOR365C	2765.222	2840.073	2881.924	2833.731	2864.164	2902.871
YOR367W	267.688	269.612	272.382	279.697	277.899	279.648
YOR368W	705.303	707.384	710.331	741.739	734.544	735.707
YOR369C	102.971	104.438	103.694	101.695	102.745	102.275
YOR370C	918.586	922.232	922.309	937.625	931.561	932.308
YOR371C	1158.751	1167.492	1167.644	1193.176	1190.164	1188.228
YOR372C	1014.057	998.847	1003.309	1031.698	1008.93	1010.113
YOR373W	43542.955	43396.57	43246.683	43518.109	43587.645	43150.902
YOR374W	1111.597	1146.945	1140.069	934.063	943.862	946.712
YOR375C	451.9	451.098	452.095	441.505	440.62	443.341
YOR376W	199.887	192.135	193.047	195.248	186.266	186.993
YOR376W-A	49	49	49	49	49	49
YOR377W	2109.262	2047.277	2026.381	2129.708	2051.027	2021.903
YOR378W	476.86	469.088	469.788	473.51	466.118	465.909
YOR380W	1074.71	1082.972	1098.378	1037.312	1031.328	1043.507
YOR381W	730.946	726.185	727.772	749.978	740.427	739.073
YOR381W-A	54.464	55.788	56.535	56.955	57.86	58.165
YOR382W	169.952	161.816	164.024	162.678	155.992	159.152
YOR383C	591.507	580.271	593.306	505.08	488.95	506.484
YOR384W	1095.589	1116.497	1121.178	1090.508	1097.74	1100.561
YOR385W	1082.184	1071.232	1084.432	1094.559	1065.347	1072.465
YOR386W	808.562	819.107	821.838	839.475	841.577	843.431
YOR387C	135.817	135.542	135.903	135.423	135.386	135.155
YOR388C	347.081	353.135	350.564	347.892	352.243	350.773
YOR389W	689.917	689.013	688.045	685.575	681.35	681.26
YOR390W	738.654	742.196	739.823	752.319	742.648	740.747
YOR391C	219.196	219.986	219.886	219.741	220.358	220.412
YOR393W	584.32	589.106	586.037	550.84	552.459	553.482
YOR394C-A	49	49	49	49	49	49
YOR394W	577.548	561.72	585.194	462.448	447.168	459.525
YPL001W	817.922	834.517	847.11	851.887	858.939	864.061
YPL002C	439.415	431.127	431.039	452.134	438.408	438.084
YPL003W	587.323	592.109	591.783	589.853	588.875	588.057
YPL004C	436.274	442.206	440.84	438.614	440.491	442.492
YPL005W	881.725	867.341	876.739	912.435	888.742	893.303
YPL006W	2013.018	2015.883	2019.263	2069.118	2046.315	2046.628
YPL007C	1327.704	1329.56	1339.98	1386.136	1366.85	1370.213
YPL008W	2089.745	2090.741	2093.026	2159.759	2128.328	2132.855
YPL009C	2170.949	2180.708	2189.238	2248.247	2231.316	2238.496
YPL010W	301.038	304.217	306.676	313.407	313.218	314.707
YPL011C	759.104	768.196	766.887	779.619	778.277	780.584
YPL012W	2021.731	2025.218	2036.527	2095.205	2072.532	2079.191
YPL013C	171.44	175.126	173.533	165.582	166.573	167.085
YPL014W	325.305	322.499	323.709	325.136	322.049	323.395
YPL015C	402.69	403.655	403.846	401.832	401.479	401.246
YPL016W	26025.42	25834.811	26021.754	24607.217	24041.125	24178.935
YPL017C	3525.825	3538.168	3793.46	2481.244	2387.971	2528.854
YPL018W	950.248	999.036	1017.851	990.797	1025.931	1044.346
YPL019C	3288.266	3156.663	3164.124	3261.572	3085.761	3093.574
YPL020C	2839.963	2909.23	2920.267	2926.507	2946.94	2963.221
YPL021W	218.93	215.467	214.595	222.777	217.492	217.278
YPL022W	3072.748	2961.049	2969.151	3099.116	2957.28	2964.089
YPL023C	824.932	835.591	830.749	842.094	845.23	843.576
YPL024W	331.369	336.281	335.123	340.594	342.002	340.954
YPL026C	696.105	697.45	702.475	714.672	710.539	712.835
YPL027W	408.193	411.925	413.964	420.635	420.254	424.169
YPL028W	435.867	439.142	439.628	432.576	434.357	435.35
YPL029W	1827.878	1958.456	1963.507	1856.88	1954.535	1976.471
YPL030W	667.548	673.624	671.284	684.629	683.317	679.809
YPL031C	332.39	339.056	335.815	327.671	332.526	332.461
YPL032C	1214.935	1222.102	1228.952	1253.72	1245.669	1251.317
YPL033C	583.096	592.244	592.707	611.552	613.198	612.605
YPL034W	268.238	267.578	268.494	279.544	275.754	276.307
YPL036W	3258.129	3120.57	3341.596	2431.233	2303.003	2423.643
YPL037C	150.382	150.8	150.273	149.165	149.851	150.022
YPL038W	136.241	138.309	137.981	137.032	139.14	138.979
YPL038W-A	4647.181	5353.8	5622.013	4652.864	5221.001	5413.385
YPL039W	376.865	384.287	384.465	382.849	386.385	385.709
YPL040C	1699.082	1726.428	1733.639	1758.073	1763.599	1772.23
YPL041C	272.774	268.566	271.881	273.398	268.654	270.177
YPL042C	1421.775	1437.238	1458.567	1227.235	1226.173	1247.966
YPL043W	694.92	704.797	705.101	714.228	720.399	718.315
YPL045W	1322.227	1318.333	1326.964	1375.55	1355.312	1357.653
YPL046C	123.626	125.073	127.205	128.102	127.921	129.191
YPL047W	81.793	81.338	81.455	82.029	81.212	81.312
YPL048W	1305.664	1261.96	1290.835	1042.086	995.906	1015.63
YPL049C	1491.257	1519.667	1514.937	1279.833	1287.522	1297.862
YPL050C	637.212	650.498	648.395	650.8	653.733	652.087
YPL051W	614.935	629.26	640.944	640.116	647.772	655.346
YPL052W	5674.875	5817.248	5766.717	5887.165	5953.652	5915.425
YPL053C	803.971	804.464	806.349	836.591	821.872	821.223
YPL054W	374.831	364.02	366.849	382.771	370.122	372.563
YPL055C	726.424	751.778	746.439	680.306	696.304	698.854
YPL056C	621.032	612.367	622.694	530.563	513.599	526.527
YPL057C	535.048	536.106	539.427	555.342	551.073	554.373
YPL058C	2219.87	2285.336	2284.897	2246.378	2278.794	2276.708
YPL059W	111.73	111.1	110.53	112.933	111.902	111.342
YPL060C-A	16983.079	17025.806	16996.706	16915.016	16648.414	16645.16
YPL060W	652.301	663.146	665.807	678.631	681.751	682.442
YPL061W	430.7	433.384	433.06	428.457	430.181	430.648
YPL062W	2069.551	2061.164	2152.916	1476.082	1432.179	1480.84
YPL063W	975.759	993.146	1000.441	965.325	974.794	981.561
YPL064C	285.631	285.598	286.746	293.521	292.019	291.405
YPL065W	426.052	433.949	436.728	442.925	446.931	448.655
YPL066W	3416.245	3221.308	3211.641	3388.329	3157.631	3149.698
YPL067C	1024.633	997.284	1023.055	806.509	774.547	795.339
YPL068C	576.279	565.438	567.587	590.068	572.932	575.194
YPL069C	10188.781	10699.471	10884.191	9658.027	10041.258	10231.522
YPL070W	1853.537	1879.996	1889.826	1922.587	1917.729	1925.521
YPL071C	3502.159	3611.299	3554.6	3406.41	3426.981	3412.746
YPL072W	778.275	784.533	791.269	809.677	806.431	810.697
YPL074W	879.346	891.211	897.274	910.319	916.394	916.946
YPL075W	3479.903	3457.268	3499.768	3528.135	3450.691	3472.096
YPL076W	798.992	789.135	790.276	824.201	798.965	799.806
YPL077C	265.611	269.67	266.501	256.296	258.535	257.363
YPL078C	212.28	211.563	213.008	217.144	215.406	215.607
YPL079W	119.16	121.283	120.498	118.314	119.936	119.752
YPL080C	115.028	112.671	112.64	116.466	113.35	113.321
YPL081W	160.575	163.459	163.273	159.88	162.693	162.617
YPL082C	3814.404	3865.835	3871.648	3911.755	3912.159	3912.678
YPL083C	542.557	539.154	542.245	562.736	554.334	554.134
YPL084W	2148.848	2178.387	2204.736	2216.734	2217.03	2232.784
YPL085W	3384.875	3376.032	3370.699	3443.521	3409.047	3408.735
YPL086C	1250.884	1203.078	1189.037	1267.412	1199.456	1190.055
YPL087W	345.674	343.308	341.61	354.134	349.15	348.239
YPL088W	339.511	343.444	344.533	346.391	348.8	348.095
YPL089C	890.19	881.837	890.567	888.667	873.626	881.614
YPL090C	152.777	154.207	154.179	150.823	152.649	152.524
YPL091W	586.594	592.266	591.71	573.533	574.444	574.92
YPL092W	597.949	597.044	597.086	615.014	609.014	608.568
YPL093W	537.252	541.07	541.14	543.6	546.027	544.945
YPL094C	553.363	565.731	567.28	500.594	502.476	506.562
YPL095C	736.503	742.204	745.123	749.819	747.138	748.393
YPL096C-A	136.608	135.767	134.338	121.603	119.74	121.422
YPL096W	808.026	830.945	835.809	836.316	847.123	850.709
YPL097W	681.237	687.659	692.307	701.813	702.957	703.478
YPL098C	82.244	82.768	81.885	81.382	82.123	81.611
YPL099C	312.63	312.228	313.296	327.215	324.149	323.938
YPL100W	564.979	570.189	571.458	583.166	584.07	584.607
YPL101W	586.405	594.12	591.312	576.395	581.003	583.037
YPL103C	560.203	572.948	573.914	548.495	555.981	557.293
YPL104W	773.861	778.213	781.956	797.927	796.548	798.014
YPL105C	1340.278	1346.76	1356.615	1283.61	1281.146	1289.4
YPL106C	619.126	626.903	630.478	627.909	632.15	635.654
YPL107W	208.306	211.99	211.221	211.093	214.717	213.952
YPL108W	130.91	132.734	131.659	131.236	132.79	132.041
YPL109C	1374.942	1376.375	1380.505	1420.628	1401.279	1400.408
YPL110C	2117.786	2136.69	2134.333	2160.282	2152.023	2154.487
YPL111W	408.017	402.44	400.16	393.048	388.218	388.188
YPL112C	2031.517	2151.782	2150.267	2051.456	2121.55	2139.46
YPL113C	442.182	450.563	452.808	456.254	461.957	461.555
YPL115C	3598.335	3610.866	3565.716	3605.758	3559.697	3581.865
YPL116W	765.273	765.925	767.063	784.286	780.207	779.284
YPL117C	349.784	355.647	355.197	362.573	363.033	362.202
YPL118W	551.638	549.081	549.497	566.973	556.439	556.688
YPL119C	854.57	871.315	867.602	825.506	829.645	831.225
YPL119C-A	139.956	137.635	140.391	146.931	142.895	144.235
YPL120W	2350.351	2398.598	2392.37	2392.21	2406.146	2406.128
YPL121C	392.185	394.158	395.459	413.38	410.287	409.348
YPL122C	856.155	855.857	863.402	889.384	879.65	883.35
YPL123C	2034.319	2009.787	2010.707	2021.898	1948.284	1956.216
YPL124W	369.071	377.615	378.798	375.843	378.788	380.25
YPL125W	3710.197	3755.458	3774.476	3764.702	3783.921	3776.725
YPL126W	1331.775	1327.549	1336.472	1378.058	1359.749	1364.211
YPL127C	350.829	353.062	349.06	334.385	334.423	334.308
YPL128C	686.328	692.425	696.131	663.943	664.505	667.074
YPL129W	259.371	264.657	262.346	262.004	265.278	263.734
YPL130W	305.077	305.708	309.071	317.338	314.784	316.307
YPL131W	240.643	240.49	240.052	237.981	238.46	239.031
YPL132W	406.933	407.185	414.016	418.407	415.766	419.976
YPL133C	375.04	377.536	379.306	378.984	381.208	381.164
YPL134C	970.093	911.718	901.254	787.461	729.161	738.279
YPL135W	477.887	458.07	457.956	408.461	388.432	390.962
YPL137C	1443.151	1445.402	1450.594	1473.531	1466.662	1469.92
YPL138C	422.111	432.421	432.717	437.117	443.301	442.917
YPL139C	1630.199	1675.182	1705.787	1627.837	1637.807	1668.296
YPL140C	682.493	689.439	692.987	700.513	705.851	712.137
YPL141C	1124.688	1133.81	1137.063	1155.593	1155.734	1159.463
YPL143W	61.364	62.562	62.227	60.43	61.751	61.721
YPL144W	100.913	101.897	101.568	102.287	102.594	102.224
YPL145C	455.461	454.913	457.882	467.816	465.384	467.731
YPL146C	3061.381	3191.078	3162.607	3069.785	3123.534	3096.872
YPL147W	5008.672	5111.733	5058.108	4911.827	4870.627	4853.12
YPL148C	157.774	158.385	159.798	162.98	162.716	163.093
YPL149W	283.891	281.14	281.47	289.914	284.933	283.157
YPL150W	1328.399	1341.476	1349.959	1375.305	1377.702	1378.841
YPL151C	484.497	492.35	490.81	490.057	495.72	493.704
YPL152W	620.762	622.534	623.38	643.224	635.593	634.318
YPL152W-A	49	49	49	49	49	49
YPL153C	814.363	820.188	821.037	838.408	838.854	835.579
YPL154C	373.407	371.992	373.034	368.262	366.052	367.101
YPL155C	917.345	915.833	908.765	901.188	894.927	892.281
YPL156C	876.545	877.204	871.689	907.211	889.223	889.895
YPL157W	485.832	481.31	482.488	501.197	491.542	492.616
YPL158C	1237.292	1241.239	1242.19	1282.271	1266.379	1269.587
YPL159C	305.945	305.086	307.314	318.807	315.616	317.174
YPL160W	1133.263	1144.472	1145.704	1162.537	1163.812	1162.761
YPL161C	1682.346	1696.022	1717.819	1753.624	1737.331	1752.883
YPL162C	239.172	239.061	240.118	243.975	243.291	243.586
YPL163C	205.423	207.084	206.158	203.617	204.967	206.005
YPL164C	1523.096	1590.463	1604.837	1562.03	1602.013	1613.355
YPL165C	792.423	778.561	789.696	815.001	792.687	803.448
YPL166W	1011.387	1029.105	1035.103	1040.537	1036.899	1041.588
YPL167C	6721.637	7176.991	7433.491	6916.781	7308.872	7473.691
YPL168W	740.604	752.236	757.075	772.929	776.479	776.22
YPL169C	1189.284	1197.148	1208.521	1103.321	1097.78	1109.284
YPL170W	169.771	165.112	163.485	168.673	163.952	163.005
YPL171C	652.219	650.481	648.497	615.929	610.475	614.233
YPL172C	656.111	663.545	667.918	660.639	661.122	664.63
YPL173W	445.652	455.355	453.056	454.621	455.855	456.641
YPL174C	4095.507	4121.642	4127.831	4191.667	4137.548	4160.911
YPL175W	498.364	498.572	501.199	513.12	509.203	509.069
YPL176C	906.647	913.972	913.905	919.659	919.926	921.332
YPL177C	256.126	256.275	256.692	260.398	259.739	259.754
YPL178W	369.578	366.227	365.419	377.614	369.145	369.216
YPL179W	1277.198	1254.78	1244.129	1309.055	1269.634	1264.528
YPL180W	1124.115	1131.197	1137.023	1129.473	1127.473	1129.878
YPL181W	470.463	480.169	475.768	470.161	477.591	475.428
YPL183C	2631.025	2575.769	2591.592	2662.536	2577.628	2576.486
YPL183W-A	189.794	189.27	189.047	170.331	168.554	169.527
YPL184C	16853.834	16555.211	16427.158	16123.294	15535.824	15315.53
YPL186C	423.149	436.812	435.612	429.982	439.325	440.3
YPL187W	162.866	163.508	162.62	162.588	162.559	162.512
YPL188W	488.985	482.692	487.018	506.24	497.686	498.995
YPL189C-A	80.197	80.099	80.457	81.243	80.649	81.163
YPL189W	7954.692	7978.693	7973.19	7801.443	7737.773	7772.474
YPL190C	1083.062	1091.216	1094.458	1079.735	1078.414	1081.242
YPL191C	636.676	638.85	642.743	667.977	662.745	662.34
YPL192C	174.605	175.17	176.837	182.353	181.783	182.807
YPL193W	721.321	734.246	734.452	743.905	748.448	750.666
YPL194W	1222.288	1236.329	1223.365	1244.465	1235.881	1225.931
YPL195W	3654.436	3655.907	3678.112	3703.778	3637.641	3635.815
YPL196W	225.921	227.678	227.312	232.092	233.025	233.071
YPL198W	175.946	175.615	176.315	176.622	176.464	176.913
YPL199C	405.206	413.87	416.701	408.945	414.317	418.623
YPL200W	2331.231	2232.468	2241.627	2408.088	2272.723	2286.593
YPL201C	704.68	711.25	718.562	728.523	728.651	729.415
YPL202C	966.241	1000.285	1016.456	1011.443	1035.101	1048.057
YPL203W	333.324	335.006	334.058	338.863	339.539	338.632
YPL204W	619.159	624.589	627.52	605.217	607.166	610.286
YPL206C	294.17	293.742	291.948	298.522	296.981	294.968
YPL207W	846.689	848.963	850.811	872.804	869.644	869.041
YPL208W	644.42	646.875	651.089	666.459	664.636	666.751
YPL209C	1844.263	1968.661	1972.175	1848.798	1931.411	1952.776
YPL210C	2033.429	2069.214	2077.66	2101.733	2100.704	2112.308
YPL211W	208.916	207.729	207.5	216.154	212.38	210.955
YPL212C	805.029	823.645	823.071	832.549	842.251	840.887
YPL213W	362.893	371.592	367.774	354.508	359.707	357.998
YPL214C	616.019	622.664	623.165	623.486	625.515	625.393
YPL215W	323.178	322.249	322.637	333.606	330.363	329.194
YPL216W	2288.767	2306.208	2323.252	2398.077	2381.658	2393.017
YPL217C	2620.547	2685.941	2678.85	2654.537	2671.052	2658.844
YPL218W	123.008	122.909	123.661	124.215	123.942	123.795
YPL219W	737.412	742.345	742.329	758.175	755.844	755.814
YPL220W	161.766	160.39	162.067	162.141	160.903	161.079
YPL221W	826.156	825.647	828.749	814.464	810.916	813.408
YPL222W	921.044	928.721	928.113	882.387	885.344	889.227
YPL223C	200.271	201.92	200.734	197.611	199.62	200.326
YPL224C	380.971	377.711	376.742	386.968	381.789	379.874
YPL225W	186.104	187.553	189.623	193.671	193.404	194.252
YPL226W	1339.714	1325.636	1334.376	1371.683	1350.224	1356.134
YPL227C	397.534	402.053	403.52	413.427	413.547	413.857
YPL228W	1045.887	1058.921	1058.056	1074.161	1067.954	1070.096
YPL229W	194.9	190.685	192.724	196.051	192.044	193.325
YPL230W	501.659	502.136	502.502	511.473	507.873	508.969
YPL231W	11422.103	10766.262	11831.27	7887.663	7067.225	7764.303
YPL232W	372.059	385.223	382.492	356.431	365.829	365.445
YPL233W	186.099	191.087	189.93	182.656	186.673	186.178
YPL234C	178.082	173.783	175.177	175.505	170.58	171.107
YPL235W	767.332	764.098	763.989	769.297	756.109	755.793
YPL236C	350.859	352.43	353.835	361.347	361.965	361.861
YPL237W	302.2	301.225	301.903	309.585	306.353	306.123
YPL239W	151.914	153.969	153.756	152.109	154.219	153.758
YPL240C	767.045	773.318	777.382	778.247	781.533	783.585
YPL241C	1166.537	1111.534	1132.599	1166.224	1103.539	1131.033
YPL242C	2665.822	2683.585	2703.978	2770.045	2755.28	2763.473
YPL243W	1633.892	1621.817	1639.14	1672.762	1637.907	1643.542
YPL244C	353.044	358.076	358.377	360.255	362.52	363.801
YPL245W	511.038	519.824	517.925	508.801	513.657	513.118
YPL246C	261.201	259.508	259.895	259.566	257.154	256.596
YPL247C	1141.289	1125.43	1124.718	1012.394	992.684	1000.025
YPL248C	1198.337	1188.879	1193.42	1228.744	1210.661	1211.947
YPL249C	1254.528	1266.39	1266.516	1286.858	1281.607	1278.929
YPL249C-A	72.071	72.176	71.387	70.844	71.159	71.119
YPL250C	159.046	156.647	158.218	156.094	154.241	155.071
YPL252C	595.53	621.797	634.225	476.027	491.47	504.289
YPL253C	1510.753	1523.562	1544.125	1580.197	1575.001	1586.288
YPL254W	1125.815	1155.631	1160.271	1157.976	1170.769	1182.296
YPL255W	440.032	442.103	443.759	453.123	452.982	453.227
YPL256C	1166.171	1176.942	1184.369	1178.76	1180.118	1187.493
YPL257W	443.405	428.222	434.282	457.038	437.372	436.139
YPL257W-B	2545.059	2553.142	2555.273	2563.73454176486	2601.849	2563.73454176486
YPL258C	452.517	454.36	454.475	453.731	453.917	454.58
YPL259C	1243.136	1269.665	1273.286	1267.734	1270.809	1280.918
YPL260W	1087.8	1090.774	1096.423	1122.538	1113.287	1116.976
YPL261C	6650.188	6562.797	6658.88	6499.079	6245.563	6323.868
YPL262W	456.034	455.852	455.622	451.531	450.92	451.557
YPL263C	1480.181	1523.792	1533.083	1517.603	1536.257	1543.359
YPL264C	437.842	434.108	432.83	447.148	439.01	438.134
YPL265W	616.5	617.88	621.079	632.923	630.022	629.804
YPL266W	287.731	290.55	289.79	292.599	294.013	292.787
YPL267W	238.745	243.168	242.668	246.292	247.766	248.687
YPL268W	4512.508	4431.332	4407.492	4565.014	4398.792	4398.198
YPL269W	2672.763	2653.95	2670.017	2728.318	2675.894	2684.544
YPL270W	987.656	981.661	984.827	1014.25	1001.056	1001.315
YPL271W	49	49	49	49	49	49
YPL272C	1174.457	1162.748	1165.426	1229.745	1197.055	1195.371
YPL273W	307.609	307.314	308.532	315.066	313.218	313.19
YPL274W	1182.994	1229.737	1226.873	1047.465	1062.521	1076.542
YPL275W	190.653	194.222	192.88	192.224	195.135	194.108
YPL276W	140.098	142.856	141.619	139.028	140.914	140.63
YPL277C	549.242	547.529	545.516	533.118	529.869	529.201
YPL278C	114.127	109.807	110.268	115.249	110.409	110.558
YPL279C	707.494	710.671	707.741	719.418	709.951	707.741
YPL280W	219.384	219.967	219.998	220.158	220.601	220.668
YPR001W	475.809	475.116	474.321	482.809	478.557	476.058
YPR002W	985.36	1026.908	1042.154	1008.644	1038.055	1052.728
YPR003C	2289.634	2286.147	2267.236	2341.322	2295.821	2293.87
YPR004C	329.34	330.918	331.439	337.337	337.153	337.386
YPR005C	358.476	361.498	365.345	369.787	369.729	370.967
YPR006C	500.233	506.544	504.463	501.78	506.855	505.215
YPR007C	2031.042	2038.647	2042.001	2102.656	2068.704	2066.83
YPR008W	761.561	759.913	762.493	778.443	770.95	771.9
YPR009W	350.994	350.783	352.381	362.995	359.689	359.77
YPR010C	1341.269	1358.456	1357.831	1378.357	1381.651	1377.233
YPR010C-A	49	49	49	49	49	49
YPR011C	329.765	332.264	331.703	327.041	328.106	328.555
YPR013C	363.515	361.927	362.919	369.351	365.757	367.705
YPR014C	437.885	456.144	459.066	443.504	450.676	450.7
YPR015C	249.571	250.875	250.147	246.376	246.903	247.414
YPR016C	191.617	191.886	192.041	192.069	191.414	191.615
YPR017C	150.76	152.525	151.871	154.576	156.136	155.782
YPR018W	804.983	822.295	826.015	834.469	844.686	847.417
YPR019W	1116.866	1114.583	1118.382	1135.317	1124.128	1125.642
YPR020W	247.716	250.151	250.659	259.822	257.865	258.212
YPR021C	14819.509	15485.263	15670.736	14376.009	14766.701	14718.687
YPR022C	2005.841	2002.377	2014.089	2066.777	2038.607	2050.943
YPR023C	420.021	421.068	419.417	413.732	413.415	411.764
YPR024W	873.515	890.326	887.461	856.447	866.814	867.557
YPR025C	671.508	677.237	684.956	699.719	696.381	696.966
YPR026W	2580.001	2603.68	2607.997	2624.769	2614.477	2624.584
YPR027C	651.8	664.587	676.047	658.234	665.341	671.864
YPR028W	383.917	385.996	383.045	391.572	386.667	385.282
YPR029C	5006.313	4882.261	4913.303	5054.49	4813.253	4822.729
YPR030W	1811.923	1808.73	1826.588	1820.667	1801.952	1818.01
YPR031W	2600.105	2762.117	2763.979	2623.981	2725.623	2783.618
YPR032W	1775.599	1753.575	1790.625	1823.817	1789.423	1817.11
YPR033C	645.102	659.115	656.08	653.414	660.443	655.241
YPR034W	479.479	488.103	485.174	475.07	480.495	479.884
YPR035W	348.981	357.526	356.525	344.909	351.917	352.608
YPR036W	491.605	493.096	493.327	486.409	487.411	488.451
YPR036W-A	61.608	61.968	62.606	60.652	61.078	61.551
YPR037C	378.567	391.756	385.081	346.063	353.014	352.332
YPR038W	162.339	156.849	159.713	159.844	154.343	156.207
YPR040W	497.505	495.527	496.184	480.214	476.437	480.502
YPR041W	442.326	447.455	445.576	452.219	454.279	454.299
YPR042C	68009.888	69930.955	66925.744	70379.57	72072.521	69601.814
YPR043W	184.077	184.325	184.236	152.55	149.58	150.741
YPR045C	3127.165	3094.376	3119.733	3117.563	3019.623	3049.197
YPR046W	152.334	151.941	152.759	155.307	154.446	154.292
YPR047W	1653.017	1708.35	1758.698	1662.798	1698.457	1722.258
YPR048W	1419.786	1456.154	1448.733	1457.673	1468.329	1466.482
YPR049C	8378.518	8667.984	8622.727	8333.55	8505.078	8479.762
YPR051W	143.986	148.827	146.83	143.121	146.831	145.848
YPR052C	150.006	154.606	153.216	142.156	145.43	145.811
YPR053C	254.331	254.489	255.74	236.296	235.181	236.765
YPR054W	430.323	440.308	438.703	426.119	433.517	434.659
YPR055W	3746.533	3795.86	3787.441	3839.635	3820.721	3828.125
YPR056W	638.82	650.062	645.587	654.868	655.246	652.349
YPR057W	360.527	365.298	364.357	367.292	370.373	369.648
YPR058W	350.354	350.031	349.055	345.899	344.072	343.505
YPR060C	9233.142	9181.46	8947.612	8827.909	8572.762	8594.404
YPR061C	352.242	355.712	358.536	362.801	363.199	363.969
YPR062W	124.603	128.6	126.468	124.77	128.277	126.807
YPR063C	79.125	78.786	78.547	78.314	78.085	78.163
YPR064W	755.279	753.948	786.846	595.646	584.224	606.189
YPR065W	341.41	340.64	342.508	344.208	342.994	344.898
YPR066W	439.208	446.454	444.839	438.898	442.086	443.698
YPR067W	185.037	185.84	186.369	190.377	189.505	189.588
YPR068C	788.39	790.301	785.473	805.781	793.764	796.954
YPR069C	267.143	269.832	270.971	272.42	273.125	273.481
YPR070W	5314.186	5202.88	5238.51	5253.503	5035.229	5031.313
YPR071W	411.592	413.028	409.256	422.951	417.819	419.226
YPR072W	2100.774	2033.538	2020.098	2066.08	1971.865	1980.256
YPR073C	222.823	223.98	224.949	232.849	231.653	231.963
YPR074C	647.232	645.377	644.891	622.622	619.877	622.504
YPR075C	450.926	462.449	463.334	419.254	428.107	429.982
YPR078C	704.473	705.248	702.688	719.729	711.895	710.226
YPR079W	449.409	451.882	452.425	442.619	443.752	445.19
YPR080W	309.252	309.304	307.955	304.121	304.475	303.261
YPR081C	638.824	650.133	650.428	656.72	662.418	661.021
YPR082C	202.912	201.25	202.58	210.702	207.449	208.036
YPR083W	602.941	603.434	607.425	621.826	617.523	618.566
YPR084W	677.765	680.865	681.817	636.417	633.57	637.655
YPR085C	649.41	656.396	656.145	675.364	673.201	674.597
YPR086W	397.112	398.197	400.332	411.528	408.437	409.904
YPR088C	1174.03	1225.718	1236.956	1018.27	1043.504	1055.635
YPR089W	1673.017	1674.578	1679.152	1722.47	1702.144	1707.443
YPR091C	4158.963	4203.179	4427.893	3116.031	3029.547	3144.373
YPR093C	673.243	691.763	699.085	568.818	574.97	587.113
YPR094W	166.711	172.258	174.44	172.342	174.21	175.295
YPR095C	4039.176	3935.628	3947.9	4134.849	3952.371	3969.265
YPR096C	98.076	97.489	98.503	101.686	100.836	100.812
YPR097W	2109.307	2109.802	2123.305	2200.173	2172.923	2175.454
YPR098C	168.076	164.256	165.962	170.244	165.786	166.186
YPR099C	84.173	81.357	82.802	85.163	82.349	83.166
YPR100W	119.175	122.985	122.515	121.948	125.034	124.131
YPR101W	397.352	408.206	410.488	420.04	421.648	423.663
YPR102C	104.096	105.332	105.249	103.228	104.63	104.424
YPR103W	259.037	261.325	260.346	258.333	259.859	258.894
YPR104C	1347.439	1378.23	1381.282	1373.04	1388.625	1393.626
YPR105C	1324.589	1324.523	1332.579	1375.995	1359.214	1357.795
YPR106W	832.815	830.612	832.597	858.331	845.621	844.666
YPR107C	228.215	236.4	239.48	237.443	244.285	246.332
YPR108W	992.006	1045.068	1063.513	1025.044	1063.258	1074.116
YPR109W	477.178	477.875	478.709	491.333	486.261	486.365
YPR110C	281.545	281.987	282.04	287.885	286.685	285.695
YPR111W	1021.458	1033.136	1036.861	1062.432	1059.052	1060.487
YPR112C	1086.388	1110.924	1110.23	1121.401	1135.663	1132.567
YPR113W	160.665	159.548	158.835	158.704	157.64	157.219
YPR114W	311.807	303.366	307.758	314.663	306.291	307.935
YPR115W	1271.934	1285.902	1290.809	1298.507	1303.29	1306.666
YPR116W	508.895	506.015	509.764	533.368	520.196	521.274
YPR117W	4395.788	4427.884	4448.496	4548.896	4527.25	4532.102
YPR118W	420.64	423.327	423.208	432.036	431.168	430.323
YPR119W	861.946	867.731	865.601	890.205	881.436	878.56
YPR120C	682.826	678.591	677.81	708.815	694.337	694.891
YPR121W	1473.979	1460.001	1495.361	1501.779	1454.3	1484.405
YPR122W	6712.957	6711.409	6631.473	6767.104	6715.606	6610.278
YPR124W	521.718	528.234	529.616	533.738	535.808	537.482
YPR125W	644.971	650.186	648.052	663.069	660.123	659.709
YPR127W	422.13	422.531	423.797	409.309	407.637	409.577
YPR128C	332.298	328.371	329.313	342.014	335.869	335.369
YPR129W	464.697	465.919	467.145	467.043	465.864	466.97
YPR131C	305.921	313.497	316.812	316.417	321.863	324.208
YPR132W	94.265	93.922	94.024	94.463	94.233	93.972
YPR133C	464.283	472.396	472.392	471.363	476.879	477.624
YPR133W-A	49	49	49	49	49	49
YPR134W	265.992	267.832	269.805	273.166	273.359	273.799
YPR135W	1240.853	1239.429	1237.982	1281.691	1266.178	1264.272
YPR137C-B	2380.529	2389.006	2394.343	2459.408	2441.956	2450.94
YPR137W	553.004	561.426	561.46	567.167	571.89	569.907
YPR138C	880.109	867.696	862.825	858.756	837.179	831.026
YPR139C	285.924	292.849	296.44	295.431	300.132	302.769
YPR140W	408.327	406.02	409.038	419.072	414.682	416.075
YPR141C	3985.63	4052.632	4103.093	4089.632	4053.624	4109.901
YPR143W	494.466	499.878	503.808	512.216	510.304	512.84
YPR144C	2541.792	2489.688	2527.476	2551.766	2483.469	2513.784
YPR145C-A	323.614	316.384	323.881	334.416	325.92	327.383
YPR145W	472.678	475.877	474.116	472.377	475.001	474.603
YPR147C	414.984	410.78	411.174	427.026	418.459	417.016
YPR148C	515.008	519.522	520.675	531.426	532.043	531.055
YPR149W	165.717	164.318	165.271	167.821	165.269	166.696
YPR151C	167.623	171.317	170.07	168.29	171.296	170.315
YPR152C	7038.361	7322.292	7889.037	4650.741	4635.887	4984.508
YPR153W	131.093	130.512	131.135	133.834	132.618	133.053
YPR154W	313.392	309.796	309.914	298.808	293.638	294.274
YPR155C	918.375	931.663	941.093	957.919	960.89	963.892
YPR156C	618.529	618.728	618.87	620.077	615.755	616.391
YPR157W	462.687	467.067	463.54	458.554	460.815	459.87
YPR158C-C	482.434295824046	482.434295824046	482.434295824046	485.494	479.421	482.407
YPR158C-D	2789.444	2771.91	2769.867	2858.927	2809.896	2817.959
YPR158W	317.055	318.743	321.645	329.279	328.812	329.739
YPR158W-B	2605.481	2595.59	2593.757	2679.012	2641.142	2648.806
YPR159C-A	49	49	49	49	49	49
YPR159W	580.46	577.295	576.956	583.834	579.984	579.341
YPR160W	1070.424	1068.25	1072.848	1090.232	1080.877	1082.606
YPR161C	1629.865	1646.779	1657.904	1658.924	1656.628	1667.695
YPR162C	879.56	894.983	904.538	913.042	920.336	924.641
YPR163C	399.461	404.812	400.913	397.892	403.491	402.349
YPR164W	6173.567	6044.482	6077.219	6202.33	5957.162	5970.771
YPR165W	178.326	180.662	179.185	179.535	180.945	179.957
YPR166C	183.238	184.864	187.502	188.854	188.878	189.675
YPR167C	335.16	338.858	338.787	341.286	341.504	341.421
YPR168W	102.179	101.845	101.709	102.336	101.898	101.282
YPR169W	937.023	981.945	992.411	975.904	1009.421	1017.222
YPR170W-B	49	49	49	49	49	49
YPR171W	9550.142	9535.373	9888.422	9231.206	9203.831	9417.066
YPR172W	263.357	268.365	269.204	270.228	271.973	271.718
YPR173C	457.111	463.765	460.607	462.806	467.323	464.166
YPR174C	343.831	339.996	348.088	311.894	307.479	314.438
YPR175W	762.748	759.214	759.95	784.567	776.239	774.345
YPR176C	294.255	297.774	296.552	300.811	301.552	300.312
YPR178W	561.642	571.224	571.444	574.487	578.147	578.624
YPR179C	1435.038	1431.735	1440.007	1477.067	1450.057	1455.795
YPR180W	543.465	545.457	542.404	562.167	555.859	553.821
YPR181C	1531.694	1549.807	1579.375	1348.188	1340.014	1359.544
YPR182W	509.89	531.699	534.595	429.281	439.276	447.643
YPR183W	683.686	680.641	684.627	619.536	613.269	622.755
YPR184W	1695.101	1704.261	1702.606	1706.512	1705.741	1705.956
YPR185W	1019.397	1018.797	1026.591	1030.732	1024.76	1030.622
YPR186C	612.67	627.016	628.79	638.432	644.614	645.654
YPR187W	125.577	128.247	127.969	128.27	130.289	130.136
YPR188C	137.286	136.56	136.851	140.068	138.145	137.62
YPR189W	2505.867	2523.868	2531.76	2607.153	2592.489	2590.184
YPR190C	1318.099	1306.889	1316.801	1370.529	1342.372	1345.281
YPR191W	307.407	305.361	304.367	307.474	305.214	304.724
YPR192W	1558.591	1613.803	1648.037	1271.451	1295.949	1323.238
YPR193C	170.257	174.605	176.553	176.457	180.397	180.163
YPR194C	1475.194	1502.564	1516.867	1530.213	1541.635	1550.907
YPR195C	168.27	174.475	171.627	159.362	163.627	162.988
YPR196W	474.799	464.214	466.859	488.317	473.947	474.599
YPR198W	699.75	698.654	704.689	729.237	723.107	725.505
YPR199C	380.209	382.423	382.706	393.594	391.001	391.346
YPR200C	122.526	123.102	123.562	125.176	124.642	124.933
YPR201W	1014.168	951.167	952.848	1021.607	949.147	937.873
YPR202W	566.97	552.933	558.583	582.614	560.786	562.076
YPR203W	260	260	260	260	260	260
YPR204W	1340.411	1347.381	1341.258	1276.281	1277.31	1277.674
